ts,ret
2011-01-25 00:00:00-05:00,0.0
2011-01-26 00:00:00-05:00,0.0
2011-01-27 00:00:00-05:00,-0.0
2011-01-28 00:00:00-05:00,-0.0
2011-01-30 00:00:00-05:00,0.0
2011-01-31 00:00:00-05:00,0.0
2011-02-01 00:00:00-05:00,0.0
2011-02-02 00:00:00-05:00,-0.0
2011-02-03 00:00:00-05:00,0.0
2011-02-04 00:00:00-05:00,0.0
2011-02-06 00:00:00-05:00,0.0
2011-02-07 00:00:00-05:00,0.0
2011-02-08 00:00:00-05:00,0.0
2011-02-09 00:00:00-05:00,0.0
2011-02-10 00:00:00-05:00,-0.0
2011-02-11 00:00:00-05:00,0.0
2011-02-13 00:00:00-05:00,0.0
2011-02-14 00:00:00-05:00,-0.0
2011-02-15 00:00:00-05:00,0.0
2011-02-16 00:00:00-05:00,0.0
2011-02-17 00:00:00-05:00,0.0
2011-02-18 00:00:00-05:00,0.0
2011-02-20 00:00:00-05:00,-0.0
2011-02-21 00:00:00-05:00,-0.0
2011-02-22 00:00:00-05:00,-0.0
2011-02-23 00:00:00-05:00,-0.0
2011-02-24 00:00:00-05:00,-0.0
2011-02-25 00:00:00-05:00,0.0
2011-02-27 00:00:00-05:00,-0.0
2011-02-28 00:00:00-05:00,0.0
2011-03-01 00:00:00-05:00,-0.0
2011-03-02 00:00:00-05:00,0.0
2011-03-03 00:00:00-05:00,0.0
2011-03-04 00:00:00-05:00,-0.0
2011-03-06 00:00:00-05:00,-0.0
2011-03-07 00:00:00-05:00,-0.0
2011-03-08 00:00:00-05:00,0.0
2011-03-09 00:00:00-05:00,-0.0
2011-03-10 00:00:00-05:00,-0.0
2011-03-11 00:00:00-05:00,0.0
2011-03-13 00:00:00-05:00,-0.0
2011-03-14 00:00:00-04:00,-0.0
2011-03-15 00:00:00-04:00,0.0
2011-03-16 00:00:00-04:00,-0.0
2011-03-17 00:00:00-04:00,0.0
2011-03-18 00:00:00-04:00,-0.0
2011-03-20 00:00:00-04:00,0.0
2011-03-21 00:00:00-04:00,0.0
2011-03-22 00:00:00-04:00,-0.0
2011-03-23 00:00:00-04:00,0.0
2011-03-24 00:00:00-04:00,0.0
2011-03-25 00:00:00-04:00,0.0
2011-03-27 00:00:00-04:00,-0.0
2011-03-28 00:00:00-04:00,-0.0
2011-03-29 00:00:00-04:00,0.0
2011-03-30 00:00:00-04:00,0.0
2011-03-31 00:00:00-04:00,0.0
2011-04-01 00:00:00-04:00,0.0
2011-04-03 00:00:00-04:00,-0.0
2011-04-04 00:00:00-04:00,0.0
2011-04-05 00:00:00-04:00,0.0
2011-04-06 00:00:00-04:00,0.0
2011-04-07 00:00:00-04:00,0.0
2011-04-08 00:00:00-04:00,-0.0
2011-04-10 00:00:00-04:00,0.0
2011-04-11 00:00:00-04:00,-0.0
2011-04-12 00:00:00-04:00,-0.0
2011-04-13 00:00:00-04:00,-0.0
2011-04-14 00:00:00-04:00,0.0
2011-04-15 00:00:00-04:00,0.0
2011-04-17 00:00:00-04:00,-0.0
2011-04-18 00:00:00-04:00,-0.0
2011-04-19 00:00:00-04:00,0.0
2011-04-20 00:00:00-04:00,0.0
2011-04-21 00:00:00-04:00,-0.0
2011-04-24 00:00:00-04:00,0.0
2011-04-25 00:00:00-04:00,-0.0
2011-04-26 00:00:00-04:00,0.0
2011-04-27 00:00:00-04:00,0.0
2011-04-28 00:00:00-04:00,-0.0
2011-04-29 00:00:00-04:00,0.0
2011-05-01 00:00:00-04:00,0.0
2011-05-02 00:00:00-04:00,-0.0
2011-05-03 00:00:00-04:00,-0.0
2011-05-04 00:00:00-04:00,-0.0
2011-05-05 00:00:00-04:00,-0.0
2011-05-06 00:00:00-04:00,-0.0
2011-05-08 00:00:00-04:00,0.0
2011-05-09 00:00:00-04:00,-0.0
2011-05-10 00:00:00-04:00,0.0
2011-05-11 00:00:00-04:00,-0.0
2011-05-12 00:00:00-04:00,0.0
2011-05-13 00:00:00-04:00,-0.0
2011-05-15 00:00:00-04:00,-0.0
2011-05-16 00:00:00-04:00,-0.0
2011-05-17 00:00:00-04:00,0.0
2011-05-18 00:00:00-04:00,0.0
2011-05-19 00:00:00-04:00,0.0
2011-05-20 00:00:00-04:00,-0.0
2011-05-22 00:00:00-04:00,-0.0
2011-05-23 00:00:00-04:00,-0.0
2011-05-24 00:00:00-04:00,-0.0
2011-05-25 00:00:00-04:00,0.0
2011-05-26 00:00:00-04:00,0.0
2011-05-27 00:00:00-04:00,0.0
2011-05-29 00:00:00-04:00,0.0
2011-05-30 00:00:00-04:00,0.0
2011-05-31 00:00:00-04:00,0.0
2011-06-01 00:00:00-04:00,-0.0
2011-06-02 00:00:00-04:00,-0.0
2011-06-03 00:00:00-04:00,-0.0
2011-06-05 00:00:00-04:00,0.0
2011-06-06 00:00:00-04:00,-0.0
2011-06-07 00:00:00-04:00,-0.0
2011-06-08 00:00:00-04:00,-0.0
2011-06-09 00:00:00-04:00,0.0
2011-06-10 00:00:00-04:00,-0.0
2011-06-12 00:00:00-04:00,0.0
2011-06-13 00:00:00-04:00,0.0
2011-06-14 00:00:00-04:00,0.0
2011-06-15 00:00:00-04:00,-0.0
2011-06-16 00:00:00-04:00,0.0
2011-06-17 00:00:00-04:00,0.0
2011-06-19 00:00:00-04:00,-0.0
2011-06-20 00:00:00-04:00,0.0
2011-06-21 00:00:00-04:00,0.0
2011-06-22 00:00:00-04:00,-0.0
2011-06-23 00:00:00-04:00,0.0
2011-06-24 00:00:00-04:00,-0.0
2011-06-26 00:00:00-04:00,-0.0
2011-06-27 00:00:00-04:00,0.0
2011-06-28 00:00:00-04:00,0.0
2011-06-29 00:00:00-04:00,0.0
2011-06-30 00:00:00-04:00,0.0
2011-07-01 00:00:00-04:00,0.0
2011-07-03 00:00:00-04:00,-0.0
2011-07-04 00:00:00-04:00,-0.0
2011-07-05 00:00:00-04:00,0.0
2011-07-06 00:00:00-04:00,0.0
2011-07-07 00:00:00-04:00,0.00455775192119545
2011-07-08 00:00:00-04:00,-0.005046206208994178
2011-07-10 00:00:00-04:00,-0.003916361725268812
2011-07-11 00:00:00-04:00,-0.015950105429267458
2011-07-12 00:00:00-04:00,0.003908375551327266
2011-07-13 00:00:00-04:00,-0.003315767953231462
2011-07-14 00:00:00-04:00,-4.859923568782063e-07
2011-07-15 00:00:00-04:00,0.0029080893133245638
2011-07-17 00:00:00-04:00,-0.0027489666285174636
2011-07-18 00:00:00-04:00,-0.003492516487601265
2011-07-19 00:00:00-04:00,0.01210530464307475
2011-07-20 00:00:00-04:00,-0.0016957979571638885
2011-07-21 00:00:00-04:00,0.013210158206409438
2011-07-22 00:00:00-04:00,-0.001784714707696771
2011-07-24 00:00:00-04:00,-0.007468393658983738
2011-07-25 00:00:00-04:00,0.002624171031973162
2011-07-26 00:00:00-04:00,-0.002204335926554575
2011-07-27 00:00:00-04:00,-0.01509707020571124
2011-07-28 00:00:00-04:00,-0.00024895908233532913
2011-07-29 00:00:00-04:00,0.0
2011-07-31 00:00:00-04:00,0.0
2011-08-01 00:00:00-04:00,-0.015381774649503981
2011-08-02 00:00:00-04:00,-0.00023993036154811075
2011-08-03 00:00:00-04:00,0.0
2011-08-04 00:00:00-04:00,-0.0
2011-08-05 00:00:00-04:00,-0.0
2011-08-07 00:00:00-04:00,-0.0
2011-08-08 00:00:00-04:00,-0.0
2011-08-09 00:00:00-04:00,0.0
2011-08-10 00:00:00-04:00,-0.0
2011-08-11 00:00:00-04:00,0.0
2011-08-12 00:00:00-04:00,0.0
2011-08-14 00:00:00-04:00,0.0
2011-08-15 00:00:00-04:00,0.0
2011-08-16 00:00:00-04:00,-0.0
2011-08-17 00:00:00-04:00,-0.0
2011-08-18 00:00:00-04:00,-0.0
2011-08-19 00:00:00-04:00,-0.0
2011-08-21 00:00:00-04:00,0.0
2011-08-22 00:00:00-04:00,0.0
2011-08-23 00:00:00-04:00,0.0
2011-08-24 00:00:00-04:00,0.0
2011-08-25 00:00:00-04:00,-0.0
2011-08-26 00:00:00-04:00,0.0
2011-08-28 00:00:00-04:00,0.0
2011-08-29 00:00:00-04:00,0.0
2011-08-30 00:00:00-04:00,-0.0
2011-08-31 00:00:00-04:00,0.0
2011-09-01 00:00:00-04:00,-0.0
2011-09-02 00:00:00-04:00,-0.0
2011-09-04 00:00:00-04:00,-0.0
2011-09-05 00:00:00-04:00,-0.0
2011-09-06 00:00:00-04:00,0.0
2011-09-07 00:00:00-04:00,0.0
2011-09-08 00:00:00-04:00,-0.0
2011-09-09 00:00:00-04:00,-0.0
2011-09-11 00:00:00-04:00,-0.0
2011-09-12 00:00:00-04:00,0.0
2011-09-13 00:00:00-04:00,0.0
2011-09-14 00:00:00-04:00,0.0
2011-09-15 00:00:00-04:00,0.0
2011-09-16 00:00:00-04:00,0.0
2011-09-18 00:00:00-04:00,-0.0
2011-09-19 00:00:00-04:00,-0.0
2011-09-20 00:00:00-04:00,0.0
2011-09-21 00:00:00-04:00,-0.0
2011-09-22 00:00:00-04:00,-0.0
2011-09-23 00:00:00-04:00,-0.0
2011-09-25 00:00:00-04:00,0.0
2011-09-26 00:00:00-04:00,0.0
2011-09-27 00:00:00-04:00,0.0
2011-09-28 00:00:00-04:00,-0.0
2011-09-29 00:00:00-04:00,0.0
2011-09-30 00:00:00-04:00,-0.0
2011-10-02 00:00:00-04:00,-0.0
2011-10-03 00:00:00-04:00,-0.0
2011-10-04 00:00:00-04:00,0.0
2011-10-05 00:00:00-04:00,0.0
2011-10-06 00:00:00-04:00,0.0
2011-10-07 00:00:00-04:00,-0.0
2011-10-09 00:00:00-04:00,0.0
2011-10-10 00:00:00-04:00,0.0
2011-10-11 00:00:00-04:00,-0.0
2011-10-12 00:00:00-04:00,0.0
2011-10-13 00:00:00-04:00,-0.0
2011-10-14 00:00:00-04:00,0.0
2011-10-16 00:00:00-04:00,0.0
2011-10-17 00:00:00-04:00,-0.0
2011-10-18 00:00:00-04:00,0.0
2011-10-19 00:00:00-04:00,-0.0
2011-10-20 00:00:00-04:00,0.0
2011-10-21 00:00:00-04:00,0.0
2011-10-23 00:00:00-04:00,-0.0
2011-10-24 00:00:00-04:00,0.0
2011-10-25 00:00:00-04:00,-0.0
2011-10-26 00:00:00-04:00,0.0
2011-10-27 00:00:00-04:00,0.0
2011-10-28 00:00:00-04:00,0.0011045947160878938
2011-10-30 00:00:00-04:00,-0.002328462112602788
2011-10-31 00:00:00-04:00,-0.009656863521994566
2011-11-01 00:00:00-04:00,-0.00014115154575936918
2011-11-02 00:00:00-04:00,-0.0
2011-11-03 00:00:00-04:00,0.0
2011-11-04 00:00:00-04:00,-0.0
2011-11-06 00:00:00-04:00,-0.0
2011-11-07 00:00:00-05:00,0.0
2011-11-08 00:00:00-05:00,0.0
2011-11-09 00:00:00-05:00,-0.013576079201724676
2011-11-10 00:00:00-05:00,-0.0001353355166413075
2011-11-11 00:00:00-05:00,0.0
2011-11-13 00:00:00-05:00,0.001925039093591321
2011-11-14 00:00:00-05:00,-0.005990807089370211
2011-11-15 00:00:00-05:00,-0.00013454691720123544
2011-11-16 00:00:00-05:00,-0.0
2011-11-17 00:00:00-05:00,-0.0
2011-11-18 00:00:00-05:00,-0.0
2011-11-20 00:00:00-05:00,-0.0
2011-11-21 00:00:00-05:00,-0.0
2011-11-22 00:00:00-05:00,-0.0
2011-11-23 00:00:00-05:00,-0.0
2011-11-24 00:00:00-05:00,-0.0
2011-11-25 00:00:00-05:00,-0.0
2011-11-27 00:00:00-05:00,0.0
2011-11-28 00:00:00-05:00,0.0
2011-11-29 00:00:00-05:00,-0.0
2011-11-30 00:00:00-05:00,0.0
2011-12-01 00:00:00-05:00,0.0
2011-12-02 00:00:00-05:00,-0.0
2011-12-04 00:00:00-05:00,0.0
2011-12-05 00:00:00-05:00,-0.0018968045177853192
2011-12-06 00:00:00-05:00,-0.00013809753377292148
2011-12-07 00:00:00-05:00,0.0012260398463649399
2011-12-08 00:00:00-05:00,-0.008804183390293676
2011-12-09 00:00:00-05:00,-0.00014119322119780138
2011-12-11 00:00:00-05:00,-0.0015989759132399683
2011-12-12 00:00:00-05:00,-0.005441696748122329
2011-12-13 00:00:00-05:00,-0.00014422257268148752
2011-12-14 00:00:00-05:00,-0.0
2011-12-15 00:00:00-05:00,0.0
2011-12-16 00:00:00-05:00,-0.0
2011-12-18 00:00:00-05:00,-0.0
2011-12-19 00:00:00-05:00,0.0
2011-12-20 00:00:00-05:00,0.0
2011-12-21 00:00:00-05:00,-0.0
2011-12-22 00:00:00-05:00,0.0
2011-12-23 00:00:00-05:00,0.0012117243490274324
2011-12-27 00:00:00-05:00,-0.0009563535216073262
2011-12-28 00:00:00-05:00,-0.0025003820771360833
2011-12-29 00:00:00-05:00,0.001806860617565734
2011-12-30 00:00:00-05:00,-0.00044000339788157264
2012-01-03 00:00:00-05:00,0.0065108470777395806
2012-01-04 00:00:00-05:00,-0.0006040338834078292
2012-01-05 00:00:00-05:00,-0.0006121692717638373
2012-01-06 00:00:00-05:00,0.0020086372818664813
2012-01-08 00:00:00-05:00,-0.0019162297635360185
2012-01-09 00:00:00-05:00,0.004573583895403128
2012-01-10 00:00:00-05:00,0.00043837658415265076
2012-01-11 00:00:00-05:00,0.001251239915083791
2012-01-12 00:00:00-05:00,0.002054963965958483
2012-01-13 00:00:00-05:00,-0.0012037605170415187
2012-01-15 00:00:00-05:00,-0.0027110558775814233
2012-01-16 00:00:00-05:00,0.005603688275798891
2012-01-17 00:00:00-05:00,-0.00110383656366313
2012-01-18 00:00:00-05:00,0.0034260550994826143
2012-01-19 00:00:00-05:00,0.002267375868170085
2012-01-20 00:00:00-05:00,0.0011278007815793678
2012-01-22 00:00:00-05:00,-0.001688518562304991
2012-01-23 00:00:00-05:00,-1.0185616864147188e-06
2012-01-24 00:00:00-05:00,0.0029357927451459
2012-01-25 00:00:00-05:00,0.002253200072282422
2012-01-26 00:00:00-05:00,-0.003393686655383048
2012-01-27 00:00:00-05:00,0.0006193292317609612
2012-01-29 00:00:00-05:00,-0.003255715298804447
2012-01-30 00:00:00-05:00,0.0024235000025144763
2012-01-31 00:00:00-05:00,-0.00210302895504771
2012-02-01 00:00:00-05:00,0.006699708100509283
2012-02-02 00:00:00-05:00,-0.00021352696985765059
2012-02-03 00:00:00-05:00,0.007879663055498845
2012-02-05 00:00:00-05:00,-0.0017307097185516166
2012-02-06 00:00:00-05:00,0.0015205114625208797
2012-02-07 00:00:00-05:00,0.0027281173893015692
2012-02-08 00:00:00-05:00,0.00032721232499181987
2012-02-09 00:00:00-05:00,-0.001535470504144048
2012-02-10 00:00:00-05:00,-0.0007865340318508947
2012-02-12 00:00:00-05:00,0.0031666297640856956
2012-02-13 00:00:00-05:00,-0.0009012677491181183
2012-02-14 00:00:00-05:00,0.005873333422368961
2012-02-15 00:00:00-05:00,-0.011555399236394166
2012-02-16 00:00:00-05:00,0.010561593983143977
2012-02-17 00:00:00-05:00,0.002927766069991062
2012-02-19 00:00:00-05:00,0.003726065622326585
2012-02-20 00:00:00-05:00,-0.0010702127621739863
2012-02-21 00:00:00-05:00,-0.001737831172885804
2012-02-22 00:00:00-05:00,-0.0038650740999177434
2012-02-23 00:00:00-05:00,0.006325984471808012
2012-02-24 00:00:00-05:00,-0.001527990829756177
2012-02-26 00:00:00-05:00,-0.000987833196310088
2012-02-27 00:00:00-05:00,0.004708018330397717
2012-02-28 00:00:00-05:00,0.0025737144591553617
2012-02-29 00:00:00-05:00,-0.006722309951174647
2012-03-01 00:00:00-05:00,0.007589733706226674
2012-03-02 00:00:00-05:00,-0.00394723105045247
2012-03-04 00:00:00-05:00,-0.001969087218046505
2012-03-05 00:00:00-05:00,-0.004262410493437425
2012-03-06 00:00:00-05:00,-0.011043830372179226
2012-03-07 00:00:00-05:00,0.007852296534572652
2012-03-08 00:00:00-05:00,0.00924504102965192
2012-03-09 00:00:00-05:00,0.003699207460734465
2012-03-11 00:00:00-05:00,-0.0022422986080965373
2012-03-12 00:00:00-04:00,0.006533425461216587
2012-03-13 00:00:00-04:00,0.012010303623906095
2012-03-14 00:00:00-04:00,-0.0027877550499118367
2012-03-15 00:00:00-04:00,0.003897293580117449
2012-03-16 00:00:00-04:00,0.002131861060624292
2012-03-18 00:00:00-04:00,0.0013836028825167837
2012-03-19 00:00:00-04:00,0.0011152730485876705
2012-03-20 00:00:00-04:00,0.002267461056612995
2012-03-21 00:00:00-04:00,-0.007939153461644711
2012-03-22 00:00:00-04:00,-0.0031845623184090254
2012-03-23 00:00:00-04:00,0.0029039950191656703
2012-03-25 00:00:00-04:00,0.0015864488317711381
2012-03-26 00:00:00-04:00,0.014560576873652618
2012-03-27 00:00:00-04:00,-0.005723796124997432
2012-03-28 00:00:00-04:00,-0.0064457658169999425
2012-03-29 00:00:00-04:00,0.002208434688180899
2012-03-30 00:00:00-04:00,0.0012004946626033904
2012-04-01 00:00:00-04:00,0.0026654536417113094
2012-04-02 00:00:00-04:00,0.0035028625139922535
2012-04-03 00:00:00-04:00,-0.0056948937327002186
2012-04-04 00:00:00-04:00,-0.007529990578400734
2012-04-05 00:00:00-04:00,-0.000369288576917046
2012-04-06 00:00:00-04:00,-0.013483595210066543
2012-04-08 00:00:00-04:00,-1.3555642737124518e-05
2012-04-09 00:00:00-04:00,0.0028932222409435776
2012-04-10 00:00:00-04:00,-0.012476009006883322
2012-04-11 00:00:00-04:00,0.004777689104391076
2012-04-12 00:00:00-04:00,0.009911968348029775
2012-04-13 00:00:00-04:00,-0.012460433984743077
2012-04-15 00:00:00-04:00,-0.0017776248613022576
2012-04-16 00:00:00-04:00,0.001961211470413765
2012-04-17 00:00:00-04:00,0.014422521600460179
2012-04-18 00:00:00-04:00,-0.002885838616945414
2012-04-19 00:00:00-04:00,-0.006092766604797059
2012-04-20 00:00:00-04:00,0.0018580575944575073
2012-04-22 00:00:00-04:00,-0.001012721535060532
2012-04-23 00:00:00-04:00,-0.00542927257395103
2012-04-24 00:00:00-04:00,0.006271348647769046
2012-04-25 00:00:00-04:00,0.009792689656405281
2012-04-26 00:00:00-04:00,0.0018816029971070493
2012-04-27 00:00:00-04:00,0.004976801364047033
2012-04-29 00:00:00-04:00,0.0010613274571763627
2012-04-30 00:00:00-04:00,-0.0031980199835200808
2012-05-01 00:00:00-04:00,0.004088812836901889
2012-05-02 00:00:00-04:00,-0.0033608304744308917
2012-05-03 00:00:00-04:00,-0.007299721763688822
2012-05-04 00:00:00-04:00,-0.017384376864724993
2012-05-06 00:00:00-04:00,-0.009802578917874992
2012-05-07 00:00:00-04:00,0.010880488434828136
2012-05-08 00:00:00-04:00,-0.007095772161423321
2012-05-09 00:00:00-04:00,0.00016225301839922662
2012-05-10 00:00:00-04:00,-0.0026624534295009027
2012-05-11 00:00:00-04:00,0.0005903824542137109
2012-05-13 00:00:00-04:00,-0.002624752434710648
2012-05-14 00:00:00-04:00,-0.005931181889618191
2012-05-15 00:00:00-04:00,-0.0056065871824459695
2012-05-16 00:00:00-04:00,-0.001391820961057288
2012-05-17 00:00:00-04:00,-0.017741502272870625
2012-05-18 00:00:00-04:00,-0.008063941374074847
2012-05-20 00:00:00-04:00,-0.00029924046233253986
2012-05-21 00:00:00-04:00,0.0
2012-05-22 00:00:00-04:00,-0.003707947588478508
2012-05-23 00:00:00-04:00,0.0035144490369462505
2012-05-24 00:00:00-04:00,0.0024953167383272275
2012-05-25 00:00:00-04:00,-0.002658967644804266
2012-05-27 00:00:00-04:00,0.007005419542547836
2012-05-28 00:00:00-04:00,-0.001801828665285021
2012-05-29 00:00:00-04:00,0.0019666315019918027
2012-05-30 00:00:00-04:00,-0.01144529539653182
2012-05-31 00:00:00-04:00,-0.00277440594336641
2012-06-01 00:00:00-04:00,-0.0002910392213221215
2012-06-03 00:00:00-04:00,-0.0
2012-06-04 00:00:00-04:00,0.0
2012-06-05 00:00:00-04:00,0.0
2012-06-06 00:00:00-04:00,0.0
2012-06-07 00:00:00-04:00,-0.004525991442808766
2012-06-08 00:00:00-04:00,0.01059369643437812
2012-06-10 00:00:00-04:00,0.007420156580522845
2012-06-11 00:00:00-04:00,-0.017351532105600292
2012-06-12 00:00:00-04:00,-0.00023749728990928804
2012-06-13 00:00:00-04:00,-0.005990384775826842
2012-06-14 00:00:00-04:00,-0.0002222621669696933
2012-06-15 00:00:00-04:00,0.0053761276086305865
2012-06-17 00:00:00-04:00,0.0024429704960080866
2012-06-18 00:00:00-04:00,-0.0017481314871056032
2012-06-19 00:00:00-04:00,0.004132837003799356
2012-06-20 00:00:00-04:00,-0.0010085789229846386
2012-06-21 00:00:00-04:00,-0.012502322668554633
2012-06-22 00:00:00-04:00,0.0020779664535525645
2012-06-24 00:00:00-04:00,-0.0027429013323973434
2012-06-25 00:00:00-04:00,-0.005491565216344695
2012-06-26 00:00:00-04:00,-0.00022300972542621926
2012-06-27 00:00:00-04:00,0.0
2012-06-28 00:00:00-04:00,0.00439531309743865
2012-06-29 00:00:00-04:00,0.0118258728370184
2012-07-01 00:00:00-04:00,-0.0019480805171311472
2012-07-02 00:00:00-04:00,0.0024326783297328653
2012-07-03 00:00:00-04:00,0.004369998748211165
2012-07-04 00:00:00-04:00,-0.0027743768394220174
2012-07-05 00:00:00-04:00,-0.0009799928712442992
2012-07-06 00:00:00-04:00,-0.004100689056058553
2012-07-08 00:00:00-04:00,-0.001296154071036999
2012-07-09 00:00:00-04:00,-0.0027159280445830988
2012-07-10 00:00:00-04:00,-0.003716924320249117
2012-07-11 00:00:00-04:00,-0.0007474729038142075
2012-07-12 00:00:00-04:00,-0.0011233107281715723
2012-07-13 00:00:00-04:00,0.009790170475259112
2012-07-15 00:00:00-04:00,-0.0016205538662423132
2012-07-16 00:00:00-04:00,0.0016373217798432303
2012-07-17 00:00:00-04:00,0.0022926560539531173
2012-07-18 00:00:00-04:00,0.007665313378595849
2012-07-19 00:00:00-04:00,-0.0013761746010873615
2012-07-20 00:00:00-04:00,-0.005257849616276269
2012-07-22 00:00:00-04:00,-0.0032611135329223733
2012-07-23 00:00:00-04:00,-0.0045287594953322425
2012-07-24 00:00:00-04:00,-0.008609276559769851
2012-07-25 00:00:00-04:00,-0.00022173996216118686
2012-07-26 00:00:00-04:00,0.011832434402265574
2012-07-27 00:00:00-04:00,0.012037482015921305
2012-07-29 00:00:00-04:00,-0.001800713023062481
2012-07-30 00:00:00-04:00,0.002883130930961711
2012-07-31 00:00:00-04:00,-0.006193803212416167
2012-08-01 00:00:00-04:00,0.0007280418841788534
2012-08-02 00:00:00-04:00,-0.0054717443461895065
2012-08-03 00:00:00-04:00,0.013268142716423133
2012-08-05 00:00:00-04:00,-6.602009429529254e-06
2012-08-06 00:00:00-04:00,0.0005794361650225393
2012-08-07 00:00:00-04:00,0.002320799533967363
2012-08-08 00:00:00-04:00,0.0025425837197240483
2012-08-09 00:00:00-04:00,-0.0022298084801722477
2012-08-10 00:00:00-04:00,0.0027037427362011377
2012-08-12 00:00:00-04:00,-0.0014983815068010855
2012-08-13 00:00:00-04:00,0.002742253135876683
2012-08-14 00:00:00-04:00,-0.0028767875733880393
2012-08-15 00:00:00-04:00,0.0032780715682385335
2012-08-16 00:00:00-04:00,0.003779653774301221
2012-08-17 00:00:00-04:00,0.0013036009735251262
2012-08-19 00:00:00-04:00,-0.00013732978083633613
2012-08-20 00:00:00-04:00,0.00026601664864248385
2012-08-21 00:00:00-04:00,-0.00425299440682243
2012-08-22 00:00:00-04:00,0.004419003683904293
2012-08-23 00:00:00-04:00,-0.008600662047222615
2012-08-24 00:00:00-04:00,0.005525400427009667
2012-08-26 00:00:00-04:00,0.0008924826906343739
2012-08-27 00:00:00-04:00,-0.004318707818526259
2012-08-28 00:00:00-04:00,0.0025345146585241903
2012-08-29 00:00:00-04:00,-0.003582395843159494
2012-08-30 00:00:00-04:00,-0.00328789793204708
2012-08-31 00:00:00-04:00,0.004581469939782798
2012-09-02 00:00:00-04:00,-0.0012591998838926595
2012-09-03 00:00:00-04:00,0.0031605435145048715
2012-09-04 00:00:00-04:00,-0.0023989481919988844
2012-09-05 00:00:00-04:00,0.0022401148533293448
2012-09-06 00:00:00-04:00,0.01577300038712835
2012-09-07 00:00:00-04:00,0.0036401245321462765
2012-09-09 00:00:00-04:00,-0.002226762286520242
2012-09-10 00:00:00-04:00,-0.006983268377867006
2012-09-11 00:00:00-04:00,0.006005158574767663
2012-09-12 00:00:00-04:00,0.0031409355727572176
2012-09-13 00:00:00-04:00,0.01413012049368033
2012-09-14 00:00:00-04:00,0.003425268341231397
2012-09-16 00:00:00-04:00,-0.00285056225813258
2012-09-17 00:00:00-04:00,0.00014971267406379654
2012-09-18 00:00:00-04:00,-0.0006045693885130725
2012-09-19 00:00:00-04:00,-0.002131112982660699
2012-09-20 00:00:00-04:00,0.0042621458501554505
2012-09-21 00:00:00-04:00,-0.0075749363197326145
2012-09-23 00:00:00-04:00,-0.0017063023908457002
2012-09-24 00:00:00-04:00,0.004345083092458774
2012-09-25 00:00:00-04:00,-0.010789912834170603
2012-09-26 00:00:00-04:00,-0.003647984372465507
2012-09-27 00:00:00-04:00,0.006014121344332186
2012-09-28 00:00:00-04:00,-0.0047301380513280165
2012-09-30 00:00:00-04:00,-0.003394873054860382
2012-10-01 00:00:00-04:00,0.0060482959940938805
2012-10-02 00:00:00-04:00,-0.00031065562120681083
2012-10-03 00:00:00-04:00,0.008954422671249655
2012-10-04 00:00:00-04:00,0.0034563738330833788
2012-10-05 00:00:00-04:00,-0.001332637593593731
2012-10-07 00:00:00-04:00,-0.0019404546978273368
2012-10-08 00:00:00-04:00,0.00035041132706607243
2012-10-09 00:00:00-04:00,-0.014415480917960573
2012-10-10 00:00:00-04:00,-0.004522955197249473
2012-10-11 00:00:00-04:00,0.00312021748521589
2012-10-12 00:00:00-04:00,-0.006679047470572511
2012-10-14 00:00:00-04:00,-0.0013582736018731313
2012-10-15 00:00:00-04:00,0.013159691987936891
2012-10-16 00:00:00-04:00,0.007646554645192288
2012-10-17 00:00:00-04:00,0.0073560109967861775
2012-10-18 00:00:00-04:00,-0.004249566520257491
2012-10-19 00:00:00-04:00,-0.01942739732027287
2012-10-21 00:00:00-04:00,0.0007282828101428606
2012-10-22 00:00:00-04:00,0.0030188937716205794
2012-10-23 00:00:00-04:00,-0.012050892292161143
2012-10-24 00:00:00-04:00,-0.001491840613083525
2012-10-25 00:00:00-04:00,-0.005136452452239481
2012-10-26 00:00:00-04:00,0.003995252055911621
2012-10-28 00:00:00-04:00,-0.001488420308193345
2012-10-29 00:00:00-04:00,-0.0054609996298256025
2012-10-30 00:00:00-04:00,0.00810601964234128
2012-10-31 00:00:00-04:00,-0.0037395211022799428
2012-11-01 00:00:00-04:00,0.012261864665838926
2012-11-02 00:00:00-04:00,-0.011158636587348265
2012-11-04 00:00:00-04:00,0.0018936805555448
2012-11-05 00:00:00-05:00,0.003314135491401006
2012-11-06 00:00:00-05:00,0.0017329231731704202
2012-11-07 00:00:00-05:00,-0.014011096798469043
2012-11-08 00:00:00-05:00,-0.008637581035406239
2012-11-09 00:00:00-05:00,-0.0002716174332593095
2012-11-11 00:00:00-05:00,0.0
2012-11-12 00:00:00-05:00,-0.0
2012-11-13 00:00:00-05:00,0.0
2012-11-14 00:00:00-05:00,-0.0
2012-11-15 00:00:00-05:00,-0.0
2012-11-16 00:00:00-05:00,0.0
2012-11-18 00:00:00-05:00,0.0
2012-11-19 00:00:00-05:00,0.0
2012-11-20 00:00:00-05:00,-0.001918755604190055
2012-11-21 00:00:00-05:00,-0.00026019759269259155
2012-11-22 00:00:00-05:00,3.884211869744275e-05
2012-11-23 00:00:00-05:00,0.008912544682621973
2012-11-25 00:00:00-05:00,-0.002652163532375705
2012-11-26 00:00:00-05:00,0.003487389033312848
2012-11-27 00:00:00-05:00,-0.006020880643665498
2012-11-28 00:00:00-05:00,0.007529492318989681
2012-11-29 00:00:00-05:00,0.002501165727140864
2012-11-30 00:00:00-05:00,0.0008827792999264242
2012-12-02 00:00:00-05:00,0.001333691707202074
2012-12-03 00:00:00-05:00,-0.008298403291097281
2012-12-04 00:00:00-05:00,0.004595436639612182
2012-12-05 00:00:00-05:00,-0.003596619021596224
2012-12-06 00:00:00-05:00,0.005110985470588176
2012-12-07 00:00:00-05:00,0.0020947266201209918
2012-12-09 00:00:00-05:00,-0.0003001882905929195
2012-12-10 00:00:00-05:00,0.0007498669799045704
2012-12-11 00:00:00-05:00,0.00709829669935243
2012-12-12 00:00:00-05:00,-2.8574559483557467e-06
2012-12-13 00:00:00-05:00,-0.004216779994951633
2012-12-14 00:00:00-05:00,-0.0037775772908933973
2012-12-16 00:00:00-05:00,0.0025732763468838014
2012-12-17 00:00:00-05:00,0.009948028880162184
2012-12-18 00:00:00-05:00,0.004806744160152436
2012-12-19 00:00:00-05:00,-0.007890174269221225
2012-12-20 00:00:00-05:00,-0.005352719156375148
2012-12-21 00:00:00-05:00,0.002827318008451872
2012-12-23 00:00:00-05:00,-0.005370234291413707
2012-12-24 00:00:00-05:00,0.00037439869333217093
2012-12-26 00:00:00-05:00,-0.00344390477955226
2012-12-27 00:00:00-05:00,-0.0009279940278463917
2012-12-28 00:00:00-05:00,-0.017000390890642633
2012-12-30 00:00:00-05:00,-0.00027613314461861056
2012-12-31 00:00:00-05:00,0.022073965167965507
2013-01-02 00:00:00-05:00,0.016789770641016017
2013-01-03 00:00:00-05:00,-0.000662143202441506
2013-01-04 00:00:00-05:00,0.0041090240676320035
2013-01-06 00:00:00-05:00,-0.001712520997689828
2013-01-07 00:00:00-05:00,-0.0006632521758008702
2013-01-08 00:00:00-05:00,-0.0009297986721450577
2013-01-09 00:00:00-05:00,0.0031911832924372014
2013-01-10 00:00:00-05:00,0.004386259690008916
2013-01-11 00:00:00-05:00,-0.00026697969661406275
2013-01-13 00:00:00-05:00,0.001599118708353196
2013-01-14 00:00:00-05:00,-0.004353712616931067
2013-01-15 00:00:00-05:00,0.0019435824729019473
2013-01-16 00:00:00-05:00,-0.0019430653787217975
2013-01-17 00:00:00-05:00,0.007234604196304956
2013-01-18 00:00:00-05:00,0.002320449634326145
2013-01-20 00:00:00-05:00,0.000698859442385329
2013-01-21 00:00:00-05:00,-0.0001489791592897113
2013-01-22 00:00:00-05:00,0.0041942595394016
2013-01-23 00:00:00-05:00,-0.0018681148911901101
2013-01-24 00:00:00-05:00,0.002033756467207969
2013-01-25 00:00:00-05:00,0.004800200868068859
2013-01-27 00:00:00-05:00,0.0005931650342371498
2013-01-28 00:00:00-05:00,0.00045398767664562504
2013-01-29 00:00:00-05:00,0.003969672791802621
2013-01-30 00:00:00-05:00,-0.006076347611522443
2013-01-31 00:00:00-05:00,0.002472941671606679
2013-02-01 00:00:00-05:00,0.005875016881011839
2013-02-03 00:00:00-05:00,-0.0009288362274842612
2013-02-04 00:00:00-05:00,-0.006646657201676033
2013-02-05 00:00:00-05:00,0.007647236971187141
2013-02-06 00:00:00-05:00,-0.0012328972764463135
2013-02-07 00:00:00-05:00,0.001079155937581626
2013-02-08 00:00:00-05:00,0.004052751176474794
2013-02-10 00:00:00-05:00,-0.0004730552888822628
2013-02-11 00:00:00-05:00,-0.0009415267310428705
2013-02-12 00:00:00-05:00,0.003609269431885884
2013-02-13 00:00:00-05:00,0.00015577481710955964
2013-02-14 00:00:00-05:00,-0.0014458478838928234
2013-02-15 00:00:00-05:00,0.0011228414151358552
2013-02-17 00:00:00-05:00,0.000320868848172744
2013-02-18 00:00:00-05:00,0.0001607002243997902
2013-02-19 00:00:00-05:00,0.0072887875354286785
2013-02-20 00:00:00-05:00,-0.015005487711408423
2013-02-21 00:00:00-05:00,-1.4485867868142382e-05
2013-02-22 00:00:00-05:00,0.004811278552796099
2013-02-24 00:00:00-05:00,0.0001531614456307001
2013-02-25 00:00:00-05:00,-0.015653614569098185
2013-02-26 00:00:00-05:00,0.0020843125609111396
2013-02-27 00:00:00-05:00,0.01570265520871182
2013-02-28 00:00:00-05:00,-0.004011694744363634
2013-03-01 00:00:00-05:00,0.002727252243037287
2013-03-03 00:00:00-05:00,-0.004655342386770878
2013-03-04 00:00:00-05:00,0.010398037660500762
2013-03-05 00:00:00-05:00,0.006962567776492756
2013-03-06 00:00:00-05:00,0.00042347380367032604
2013-03-07 00:00:00-05:00,0.0025422837458162224
2013-03-08 00:00:00-05:00,0.0038178517792461773
2013-03-10 00:00:00-05:00,-5.365899076342154e-08
2013-03-11 00:00:00-04:00,0.0033263887240617515
2013-03-12 00:00:00-04:00,-0.0015148841048931644
2013-03-13 00:00:00-04:00,0.0018436703005564384
2013-03-14 00:00:00-04:00,0.0054456509405084565
2013-03-15 00:00:00-04:00,-0.007129113208185124
2013-03-17 00:00:00-04:00,-0.013455844933894916
2013-03-18 00:00:00-04:00,0.00978676948923485
2013-03-19 00:00:00-04:00,-0.006738522916954227
2013-03-20 00:00:00-04:00,0.007397426593486364
2013-03-21 00:00:00-04:00,-0.007308602275071761
2013-03-22 00:00:00-04:00,0.009023354728455354
2013-03-24 00:00:00-04:00,0.004751479924725436
2013-03-25 00:00:00-04:00,-0.007251560184106827
2013-03-26 00:00:00-04:00,0.005912368378156413
2013-03-27 00:00:00-04:00,-0.004015329545448281
2013-03-28 00:00:00-04:00,0.008370509440052736
2013-03-31 00:00:00-04:00,-0.001999655265842206
2013-04-01 00:00:00-04:00,-0.002334285272621104
2013-04-02 00:00:00-04:00,0.004667217511156005
2013-04-03 00:00:00-04:00,-0.011255880911448135
2013-04-04 00:00:00-04:00,0.003088005490316848
2013-04-05 00:00:00-04:00,-0.0032508634968412783
2013-04-07 00:00:00-04:00,-0.000488607099302282
2013-04-08 00:00:00-04:00,0.010299108777299065
2013-04-09 00:00:00-04:00,0.00015330288880721407
2013-04-10 00:00:00-04:00,0.011743552905466855
2013-04-11 00:00:00-04:00,0.0018341451482833315
2013-04-12 00:00:00-04:00,-0.0007771791166822523
2013-04-14 00:00:00-04:00,-0.00325374671682729
2013-04-15 00:00:00-04:00,-0.017457354555581783
2013-04-16 00:00:00-04:00,0.009649174954474824
2013-04-17 00:00:00-04:00,-0.010674748139623148
2013-04-18 00:00:00-04:00,-0.00364208315216767
2013-04-19 00:00:00-04:00,0.004223934305606464
2013-04-21 00:00:00-04:00,0.0034686196680304665
2013-04-22 00:00:00-04:00,-0.0014409127638979485
2013-04-23 00:00:00-04:00,0.012114915547857664
2013-04-24 00:00:00-04:00,0.001516001687970277
2013-04-25 00:00:00-04:00,0.0017986311737476675
2013-04-26 00:00:00-04:00,-0.001104541837452127
2013-04-28 00:00:00-04:00,-0.00069130777812944
2013-04-29 00:00:00-04:00,0.006639346951628327
2013-04-30 00:00:00-04:00,0.0024503396612106576
2013-05-01 00:00:00-04:00,-0.005973785361571729
2013-05-02 00:00:00-04:00,0.0057294771588309494
2013-05-03 00:00:00-04:00,0.009978938604328117
2013-05-05 00:00:00-04:00,-4.0861238830633725e-06
2013-05-06 00:00:00-04:00,0.0008221150879869079
2013-05-07 00:00:00-04:00,0.005206334762224906
2013-05-08 00:00:00-04:00,0.005155572266144888
2013-05-09 00:00:00-04:00,-0.0009971954937708896
2013-05-10 00:00:00-04:00,0.0010359296626976688
2013-05-12 00:00:00-04:00,-0.00256351786151271
2013-05-13 00:00:00-04:00,0.0045215718185813445
2013-05-14 00:00:00-04:00,0.008455793927352498
2013-05-15 00:00:00-04:00,0.004239870106955832
2013-05-16 00:00:00-04:00,-0.0013709068861382228
2013-05-17 00:00:00-04:00,0.0076045485351866286
2013-05-19 00:00:00-04:00,-0.00015184173910784423
2013-05-20 00:00:00-04:00,-0.00015047010851933356
2013-05-21 00:00:00-04:00,0.001350358204564727
2013-05-22 00:00:00-04:00,-0.007651219303471606
2013-05-23 00:00:00-04:00,-0.0004507658073181655
2013-05-24 00:00:00-04:00,-0.0013410794559713499
2013-05-26 00:00:00-04:00,0.0008962853564235534
2013-05-27 00:00:00-04:00,0.0019588263514246115
2013-05-28 00:00:00-04:00,-0.0007896780956431162
2013-05-29 00:00:00-04:00,-0.0025332902172018282
2013-05-30 00:00:00-04:00,0.0030375771621527917
2013-05-31 00:00:00-04:00,-0.017194154782629197
2013-06-02 00:00:00-04:00,0.00369984005182749
2013-06-03 00:00:00-04:00,-0.0006264089826671685
2013-06-04 00:00:00-04:00,-0.0014080356268153622
2013-06-05 00:00:00-04:00,-0.011100613574571884
2013-06-06 00:00:00-04:00,0.006564788505241529
2013-06-07 00:00:00-04:00,0.01038422476168735
2013-06-09 00:00:00-04:00,-2.1665871139313185e-06
2013-06-10 00:00:00-04:00,-3.8688692163505135e-07
2013-06-11 00:00:00-04:00,-0.0067185953832273665
2013-06-12 00:00:00-04:00,-0.015236126590279632
2013-06-13 00:00:00-04:00,0.017340732073041078
2013-06-14 00:00:00-04:00,-0.004783383480877847
2013-06-16 00:00:00-04:00,0.003792888179661653
2013-06-17 00:00:00-04:00,0.0046099126808129155
2013-06-18 00:00:00-04:00,0.005063713298103199
2013-06-19 00:00:00-04:00,-0.014363866054912546
2013-06-20 00:00:00-04:00,-0.014514424712860057
2013-06-21 00:00:00-04:00,-0.006997983835308833
2013-06-23 00:00:00-04:00,-0.0030860372394291443
2013-06-24 00:00:00-04:00,-0.004304458455087586
2013-06-25 00:00:00-04:00,0.0028232785111057357
2013-06-26 00:00:00-04:00,0.014649451666384265
2013-06-27 00:00:00-04:00,0.005547522054488004
2013-06-28 00:00:00-04:00,-0.007024473293825396
2013-06-30 00:00:00-04:00,-0.00041483311892250176
2013-07-01 00:00:00-04:00,0.007441827206037192
2013-07-02 00:00:00-04:00,-0.0029805123325223216
2013-07-03 00:00:00-04:00,0.0033390400497447232
2013-07-04 00:00:00-04:00,0.007208870085150238
2013-07-05 00:00:00-04:00,0.003131384245545444
2013-07-07 00:00:00-04:00,0.0002710297264400241
2013-07-08 00:00:00-04:00,0.005560741360626491
2013-07-09 00:00:00-04:00,0.002432287728279614
2013-07-10 00:00:00-04:00,0.01024502141723091
2013-07-11 00:00:00-04:00,0.002636852603996893
2013-07-12 00:00:00-04:00,0.0010564392501239874
2013-07-14 00:00:00-04:00,0.001878473992923695
2013-07-15 00:00:00-04:00,0.0014757116896969462
2013-07-16 00:00:00-04:00,-0.002812389947948577
2013-07-17 00:00:00-04:00,0.000807425402706876
2013-07-18 00:00:00-04:00,0.002161177609822107
2013-07-19 00:00:00-04:00,0.007008959282535707
2013-07-21 00:00:00-04:00,0.0007933729858140134
2013-07-22 00:00:00-04:00,0.0014592314600960572
2013-07-23 00:00:00-04:00,-0.0035866241488991717
2013-07-24 00:00:00-04:00,-0.0029581366739163876
2013-07-25 00:00:00-04:00,0.0024274670755372717
2013-07-26 00:00:00-04:00,0.0002687808391286006
2013-07-28 00:00:00-04:00,-0.0010875073860089322
2013-07-29 00:00:00-04:00,-0.00013585890216522077
2013-07-30 00:00:00-04:00,0.000950595002607376
2013-07-31 00:00:00-04:00,0.0008140127039158864
2013-08-01 00:00:00-04:00,0.007538091656605724
2013-08-02 00:00:00-04:00,0.0009394530693038662
2013-08-04 00:00:00-04:00,-0.0005381655511327915
2013-08-05 00:00:00-04:00,-0.002287527661527039
2013-08-06 00:00:00-04:00,-0.003907488702057301
2013-08-07 00:00:00-04:00,0.00040357059173314286
2013-08-08 00:00:00-04:00,0.0014840634935864233
2013-08-09 00:00:00-04:00,-0.004719448785876095
2013-08-11 00:00:00-04:00,-0.00029491656874631057
2013-08-12 00:00:00-04:00,0.0012793790793084695
2013-08-13 00:00:00-04:00,0.0008521601013627812
2013-08-14 00:00:00-04:00,-0.004402574191418504
2013-08-15 00:00:00-04:00,-0.014422265107310359
2013-08-16 00:00:00-04:00,-0.0032798257766397955
2013-08-18 00:00:00-04:00,0.0007212745993949603
2013-08-19 00:00:00-04:00,-0.003334561202827862
2013-08-20 00:00:00-04:00,0.001015202124571109
2013-08-21 00:00:00-04:00,-0.008048236158799169
2013-08-22 00:00:00-04:00,0.014197648076391872
2013-08-23 00:00:00-04:00,0.002465307660645565
2013-08-25 00:00:00-04:00,0.00046355196056465346
2013-08-26 00:00:00-04:00,-0.006531334387116705
2013-08-27 00:00:00-04:00,-0.0121516038170265
2013-08-28 00:00:00-04:00,-0.0013914471222850416
2013-08-29 00:00:00-04:00,0.005845613212051782
2013-08-30 00:00:00-04:00,-0.005014819707120939
2013-09-01 00:00:00-04:00,0.006488934044414876
2013-09-02 00:00:00-04:00,0.004004029537520891
2013-09-03 00:00:00-04:00,-0.005770366544978002
2013-09-04 00:00:00-04:00,0.010632095933320505
2013-09-05 00:00:00-04:00,-0.0016475401436073123
2013-09-06 00:00:00-04:00,0.002013458392944212
2013-09-08 00:00:00-04:00,0.0018642202609455254
2013-09-09 00:00:00-04:00,0.010091555444662352
2013-09-10 00:00:00-04:00,0.008168453913113003
2013-09-11 00:00:00-04:00,0.004949700236455352
2013-09-12 00:00:00-04:00,-0.001825732691527286
2013-09-13 00:00:00-04:00,0.0033395852429795375
2013-09-15 00:00:00-04:00,0.012248816129229567
2013-09-16 00:00:00-04:00,-0.006808096954096689
2013-09-17 00:00:00-04:00,0.007179427242500059
2013-09-18 00:00:00-04:00,0.014346533635320482
2013-09-19 00:00:00-04:00,-0.0033198576153203514
2013-09-20 00:00:00-04:00,-0.012592314873307767
2013-09-22 00:00:00-04:00,-0.00018127927537758305
2013-09-23 00:00:00-04:00,-0.009562775824046486
2013-09-24 00:00:00-04:00,0.0015135527622275801
2013-09-25 00:00:00-04:00,-0.002367523615830259
2013-09-26 00:00:00-04:00,0.002368174433028421
2013-09-27 00:00:00-04:00,-0.004729155979302535
2013-09-29 00:00:00-04:00,-0.007210196289771789
2013-09-30 00:00:00-04:00,0.003243594581918828
2013-10-01 00:00:00-04:00,0.005953813396118571
2013-10-02 00:00:00-04:00,-0.005735679194966608
2013-10-03 00:00:00-04:00,-0.00574147455587867
2013-10-04 00:00:00-04:00,0.007767345607309366
2013-10-06 00:00:00-04:00,-0.005964257685389862
2013-10-07 00:00:00-04:00,-0.004630216431110917
2013-10-08 00:00:00-04:00,-0.00809981157943945
2013-10-09 00:00:00-04:00,-0.0009901502185208676
2013-10-10 00:00:00-04:00,0.02238778422690614
2013-10-11 00:00:00-04:00,0.007391399504689894
2013-10-13 00:00:00-04:00,-0.008005155005626832
2013-10-14 00:00:00-04:00,0.011577542526774636
2013-10-15 00:00:00-04:00,-0.0032101252357308488
2013-10-16 00:00:00-04:00,0.0065771071848545115
2013-10-17 00:00:00-04:00,0.01046918419581157
2013-10-18 00:00:00-04:00,0.003596417987735283
2013-10-20 00:00:00-04:00,-8.333173849351178e-07
2013-10-21 00:00:00-04:00,-0.0001333734160820692
2013-10-22 00:00:00-04:00,0.005735364325366523
2013-10-23 00:00:00-04:00,-0.0011875092413040382
2013-10-24 00:00:00-04:00,0.0010592913297626935
2013-10-25 00:00:00-04:00,0.00345464670489705
2013-10-27 00:00:00-04:00,0.0036000223185251863
2013-10-28 00:00:00-04:00,-0.00220486824182328
2013-10-29 00:00:00-04:00,0.005810845515594265
2013-10-30 00:00:00-04:00,-0.00753055487601229
2013-10-31 00:00:00-04:00,-0.00013876267765215074
2013-11-01 00:00:00-04:00,0.000707784311093007
2013-11-03 00:00:00-04:00,0.002435424484238762
2013-11-04 00:00:00-05:00,0.0019999464254735325
2013-11-05 00:00:00-05:00,0.0017279597791404534
2013-11-06 00:00:00-05:00,-0.0010577705788376594
2013-11-07 00:00:00-05:00,-0.0089947193501149
2013-11-08 00:00:00-05:00,0.010095299650840505
2013-11-10 00:00:00-05:00,-0.0008768043942595752
2013-11-11 00:00:00-05:00,0.0027798634636243703
2013-11-12 00:00:00-05:00,-0.005988710978408632
2013-11-13 00:00:00-05:00,0.014509534049959737
2013-11-14 00:00:00-05:00,0.003952863053919816
2013-11-15 00:00:00-05:00,0.001971583760287485
2013-11-17 00:00:00-05:00,-0.0008432912791938305
2013-11-18 00:00:00-05:00,-0.0015459610815469979
2013-11-19 00:00:00-05:00,-0.0021316401392123185
2013-11-20 00:00:00-05:00,-0.005288188846417613
2013-11-21 00:00:00-05:00,0.009277053397615816
2013-11-22 00:00:00-05:00,0.004882505652313178
2013-11-24 00:00:00-05:00,0.002354894722738511
2013-11-25 00:00:00-05:00,-0.0005658468421633769
2013-11-26 00:00:00-05:00,-0.0014205942796571575
2013-11-27 00:00:00-05:00,0.0021383490358059887
2013-11-28 00:00:00-05:00,0.00043205141633955016
2013-11-29 00:00:00-05:00,-0.001321231359737214
2013-12-01 00:00:00-05:00,0.0002949981414934528
2013-12-02 00:00:00-05:00,-0.0028780021071122134
2013-12-03 00:00:00-05:00,-0.00449251215661736
2013-12-04 00:00:00-05:00,-0.0009277901656524396
2013-12-05 00:00:00-05:00,-0.0023209793775015378
2013-12-06 00:00:00-05:00,0.010983068332119374
2013-12-08 00:00:00-05:00,0.001507810492254841
2013-12-09 00:00:00-05:00,0.0016803914072609357
2013-12-10 00:00:00-05:00,-0.004436278373024074
2013-12-11 00:00:00-05:00,-0.016081460655817493
2013-12-12 00:00:00-05:00,0.0010202832338296036
2013-12-13 00:00:00-05:00,-0.002383458172410484
2013-12-15 00:00:00-05:00,-0.0049528251165940574
2013-12-16 00:00:00-05:00,0.01178081389017597
2013-12-17 00:00:00-05:00,-0.0025004739854115987
2013-12-18 00:00:00-05:00,0.014927057252806842
2013-12-19 00:00:00-05:00,0.00254724918732022
2013-12-20 00:00:00-05:00,0.003233500143374058
2013-12-22 00:00:00-05:00,0.0020274363011397786
2013-12-23 00:00:00-05:00,0.0019098570995357157
2013-12-24 00:00:00-05:00,0.004034725536338735
2013-12-26 00:00:00-05:00,0.0038774050248655085
2013-12-27 00:00:00-05:00,0.001160503457852959
2013-12-29 00:00:00-05:00,-0.0005243115240350837
2013-12-30 00:00:00-05:00,-0.000688732030064497
2013-12-31 00:00:00-05:00,0.005504807032598748
2014-01-01 00:00:00-05:00,0.002217815554749289
2014-01-02 00:00:00-05:00,-0.01427374443331895
2014-01-03 00:00:00-05:00,-0.0011757630008803542
2014-01-05 00:00:00-05:00,0.0009958779944073157
2014-01-06 00:00:00-05:00,-0.0009986433043505348
2014-01-07 00:00:00-05:00,0.005671740889504642
2014-01-08 00:00:00-05:00,0.0003306640256292417
2014-01-09 00:00:00-05:00,0.001501395277879222
2014-01-10 00:00:00-05:00,0.002385254245306657
2014-01-12 00:00:00-05:00,-0.003410425355432115
2014-01-13 00:00:00-05:00,-0.012602498932412158
2014-01-14 00:00:00-05:00,0.011937420564883167
2014-01-15 00:00:00-05:00,0.006719397381506966
2014-01-16 00:00:00-05:00,-0.003164353057335534
2014-01-17 00:00:00-05:00,-0.0028472865879165237
2014-01-19 00:00:00-05:00,-6.224807190712784e-06
2014-01-20 00:00:00-05:00,0.005311088186877764
2014-01-21 00:00:00-05:00,-0.0009903540576569583
2014-01-22 00:00:00-05:00,-0.005448793985387218
2014-01-23 00:00:00-05:00,-0.006667819875721242
2014-01-24 00:00:00-05:00,-0.029238807069004856
2014-01-26 00:00:00-05:00,0.0035090584186007866
2014-01-27 00:00:00-05:00,-0.003536393506534924
2014-01-28 00:00:00-05:00,0.010462055628971931
2014-01-29 00:00:00-05:00,-0.01371873136503615
2014-01-30 00:00:00-05:00,0.0015897660401634395
2014-01-31 00:00:00-05:00,-0.00043933813697022103
2014-02-02 00:00:00-05:00,0.0022294325552723463
2014-02-03 00:00:00-05:00,-0.023901858299970366
2014-02-04 00:00:00-05:00,-0.00043936976731678303
2014-02-05 00:00:00-05:00,0.0045450788290411675
2014-02-06 00:00:00-05:00,0.010770771213405576
2014-02-07 00:00:00-05:00,0.013278887848667459
2014-02-09 00:00:00-05:00,-0.0003830468550962427
2014-02-10 00:00:00-05:00,0.0040000310397648245
2014-02-11 00:00:00-05:00,0.006944138821692079
2014-02-12 00:00:00-05:00,-0.000855738700809771
2014-02-13 00:00:00-05:00,0.0029378337893697644
2014-02-14 00:00:00-05:00,0.008042504600969974
2014-02-16 00:00:00-05:00,-0.0005992970627479955
2014-02-17 00:00:00-05:00,0.001694563550096492
2014-02-18 00:00:00-05:00,-0.0009680850966590573
2014-02-19 00:00:00-05:00,-0.007510093890792602
2014-02-20 00:00:00-05:00,0.010403959283982498
2014-02-21 00:00:00-05:00,-0.0035260425891404544
2014-02-23 00:00:00-05:00,-0.0017022302820568812
2014-02-24 00:00:00-05:00,0.007186428173858686
2014-02-25 00:00:00-05:00,0.0028858009962943808
2014-02-26 00:00:00-05:00,-0.002809048498760301
2014-02-27 00:00:00-05:00,0.002689335188933017
2014-02-28 00:00:00-05:00,0.004648239077084419
2014-03-02 00:00:00-05:00,-0.008612149948490952
2014-03-03 00:00:00-05:00,0.0017327834397149935
2014-03-04 00:00:00-05:00,0.012253264211333666
2014-03-05 00:00:00-05:00,0.0021290552007840412
2014-03-06 00:00:00-05:00,0.0010656901517206755
2014-03-07 00:00:00-05:00,-0.00023710582055458317
2014-03-09 00:00:00-05:00,-0.0022506972987375437
2014-03-10 00:00:00-04:00,0.002727560960064348
2014-03-11 00:00:00-04:00,-0.006850722108683717
2014-03-12 00:00:00-04:00,0.004839545220228271
2014-03-13 00:00:00-04:00,-0.011578261635513116
2014-03-14 00:00:00-04:00,-0.004586688345050564
2014-03-16 00:00:00-04:00,0.00023434399345126025
2014-03-17 00:00:00-04:00,0.009056774457528699
2014-03-18 00:00:00-04:00,0.004463444557562735
2014-03-19 00:00:00-04:00,-0.005919766201473831
2014-03-20 00:00:00-04:00,0.0076172205948798035
2014-03-21 00:00:00-04:00,-0.00691079982098804
2014-03-23 00:00:00-04:00,0.0008875418512024394
2014-03-24 00:00:00-04:00,-0.003781214609813949
2014-03-25 00:00:00-04:00,0.004635440467976934
2014-03-26 00:00:00-04:00,-0.008181549821667697
2014-03-27 00:00:00-04:00,-0.00022913688290492995
2014-03-28 00:00:00-04:00,0.0034120886777526983
2014-03-30 00:00:00-04:00,0.0027148502601347935
2014-03-31 00:00:00-04:00,0.0042788730830570125
2014-04-01 00:00:00-04:00,0.006827034129098198
2014-04-02 00:00:00-04:00,0.000768478176498206
2014-04-03 00:00:00-04:00,0.0014333928102220857
2014-04-04 00:00:00-04:00,-0.010737768699289423
2014-04-06 00:00:00-04:00,-0.0011997296097320637
2014-04-07 00:00:00-04:00,-0.007973609526264837
2014-04-08 00:00:00-04:00,0.0013013550357651538
2014-04-09 00:00:00-04:00,0.008993894268748548
2014-04-10 00:00:00-04:00,-0.016644048716081206
2014-04-11 00:00:00-04:00,-0.008345847115683805
2014-04-13 00:00:00-04:00,-0.0013839085096929808
2014-04-14 00:00:00-04:00,0.00772097366842297
2014-04-15 00:00:00-04:00,0.009928081056074968
2014-04-16 00:00:00-04:00,0.0015477898550301245
2014-04-17 00:00:00-04:00,0.004297752737118948
2014-04-20 00:00:00-04:00,0.0009622359053963619
2014-04-21 00:00:00-04:00,0.002234799181333713
2014-04-22 00:00:00-04:00,0.004346729474819601
2014-04-23 00:00:00-04:00,0.0027185500044166495
2014-04-24 00:00:00-04:00,-0.0027354071303453344
2014-04-25 00:00:00-04:00,-0.006344236054320945
2014-04-27 00:00:00-04:00,0.0004950144496160287
2014-04-28 00:00:00-04:00,0.0041517991377420325
2014-04-29 00:00:00-04:00,-6.558751313308117e-07
2014-04-30 00:00:00-04:00,0.0045009104780223365
2014-05-01 00:00:00-04:00,0.0001233066057243253
2014-05-02 00:00:00-04:00,-0.002520757114971088
2014-05-04 00:00:00-04:00,-0.0007804630931947807
2014-05-05 00:00:00-04:00,0.0033728149590598264
2014-05-06 00:00:00-04:00,-0.007752177629822503
2014-05-07 00:00:00-04:00,0.005199658696005197
2014-05-08 00:00:00-04:00,-0.0015471022944464465
2014-05-09 00:00:00-04:00,0.0020679332864376814
2014-05-11 00:00:00-04:00,0.0009034726547163208
2014-05-12 00:00:00-04:00,0.00893838077598697
2014-05-13 00:00:00-04:00,0.001029173833184703
2014-05-14 00:00:00-04:00,-0.0057884537631980836
2014-05-15 00:00:00-04:00,-0.009585371867036788
2014-05-16 00:00:00-04:00,0.004612322017618064
2014-05-18 00:00:00-04:00,-9.762852959051926e-07
2014-05-19 00:00:00-04:00,0.003398868217868657
2014-05-20 00:00:00-04:00,-0.0070278152906824536
2014-05-21 00:00:00-04:00,0.010394706541729823
2014-05-22 00:00:00-04:00,0.0019065451275391866
2014-05-23 00:00:00-04:00,0.0028067966021666636
2014-05-25 00:00:00-04:00,0.00025574949644319996
2014-05-26 00:00:00-04:00,0.002656081822503348
2014-05-27 00:00:00-04:00,0.0034425936952029615
2014-05-28 00:00:00-04:00,0.0002646244518757214
2014-05-29 00:00:00-04:00,0.0025696521449343193
2014-05-30 00:00:00-04:00,0.0024554395419428545
2014-06-02 00:00:00-04:00,0.0008271440949982818
2014-06-03 00:00:00-04:00,-0.0002867055231647476
2014-06-04 00:00:00-04:00,0.002962511123491417
2014-06-05 00:00:00-04:00,0.00891217019823805
2014-06-06 00:00:00-04:00,0.00459135436943588
2014-06-08 00:00:00-04:00,-6.166987314747033e-06
2014-06-09 00:00:00-04:00,-0.0004265459738975023
2014-06-10 00:00:00-04:00,0.00014199563203971734
2014-06-11 00:00:00-04:00,-0.0025691033860788643
2014-06-12 00:00:00-04:00,-0.008747959986758652
2014-06-13 00:00:00-04:00,0.003888102803455141
2014-06-15 00:00:00-04:00,-0.0034372314832940777
2014-06-16 00:00:00-04:00,0.0052987989098409825
2014-06-17 00:00:00-04:00,0.0019255037438294111
2014-06-18 00:00:00-04:00,0.009229520482735013
2014-06-19 00:00:00-04:00,0.00044565155037616064
2014-06-20 00:00:00-04:00,-0.0028438292877899316
2014-06-22 00:00:00-04:00,0.002295661780485513
2014-06-23 00:00:00-04:00,-0.005107342629491571
2014-06-24 00:00:00-04:00,-0.006043560922049514
2014-06-25 00:00:00-04:00,0.005634249472393891
2014-06-26 00:00:00-04:00,-0.002422745758219207
2014-06-27 00:00:00-04:00,0.0036806706274551677
2014-06-29 00:00:00-04:00,0.0005813194354366207
2014-06-30 00:00:00-04:00,0.002340926975110818
2014-07-01 00:00:00-04:00,0.009747637602064938
2014-07-02 00:00:00-04:00,-0.0009599653882643312
2014-07-03 00:00:00-04:00,0.007884364506092176
2014-07-04 00:00:00-04:00,-0.000952323556081567
2014-07-06 00:00:00-04:00,0.000189275942559481
2014-07-07 00:00:00-04:00,-0.00572381440992844
2014-07-08 00:00:00-04:00,-0.005284785552927511
2014-07-09 00:00:00-04:00,0.0031299104762909417
2014-07-10 00:00:00-04:00,-0.004880331700771291
2014-07-11 00:00:00-04:00,0.0025464836865974954
2014-07-13 00:00:00-04:00,0.0017595523957234678
2014-07-14 00:00:00-04:00,0.005891338183212496
2014-07-15 00:00:00-04:00,-0.003707686053340228
2014-07-16 00:00:00-04:00,0.0025371481961276466
2014-07-17 00:00:00-04:00,-0.015847675538972702
2014-07-18 00:00:00-04:00,0.015602131214543753
2014-07-20 00:00:00-04:00,-0.0005702360465685998
2014-07-21 00:00:00-04:00,-0.0016718877257242547
2014-07-22 00:00:00-04:00,0.004640655962013642
2014-07-23 00:00:00-04:00,0.0038067109249507835
2014-07-24 00:00:00-04:00,-0.0009508206394783041
2014-07-25 00:00:00-04:00,-0.005640998893669524
2014-07-27 00:00:00-04:00,-0.0012418277718451878
2014-07-28 00:00:00-04:00,0.0014381716824030167
2014-07-29 00:00:00-04:00,-0.0049366587491515655
2014-07-30 00:00:00-04:00,-0.00226147732717351
2014-07-31 00:00:00-04:00,-0.027463409986340493
2014-08-01 00:00:00-04:00,-0.009422078032218274
2014-08-03 00:00:00-04:00,0.005013006040763167
2014-08-04 00:00:00-04:00,0.004034745420507826
2014-08-05 00:00:00-04:00,-0.013759415692694064
2014-08-06 00:00:00-04:00,0.002401985575796408
2014-08-07 00:00:00-04:00,-0.014702667248211981
2014-08-08 00:00:00-04:00,0.020321297290178137
2014-08-10 00:00:00-04:00,0.0025972119163461403
2014-08-11 00:00:00-04:00,0.004578370909553095
2014-08-12 00:00:00-04:00,-0.0024351832357906735
2014-08-13 00:00:00-04:00,0.008929441380813587
2014-08-14 00:00:00-04:00,0.004924754309936862
2014-08-15 00:00:00-04:00,-0.00016559548427848777
2014-08-17 00:00:00-04:00,0.0032378061041610784
2014-08-18 00:00:00-04:00,0.007737729781358095
2014-08-19 00:00:00-04:00,0.0041130632370370976
2014-08-20 00:00:00-04:00,0.005190211327880647
2014-08-21 00:00:00-04:00,0.004373576709225516
2014-08-22 00:00:00-04:00,-0.002069730156808792
2014-08-24 00:00:00-04:00,0.0023890142087527847
2014-08-25 00:00:00-04:00,0.0011161391724802691
2014-08-26 00:00:00-04:00,0.0038495730773835594
2014-08-27 00:00:00-04:00,-0.001757333550801219
2014-08-28 00:00:00-04:00,0.0009727991104365214
2014-08-29 00:00:00-04:00,0.00032577973144339674
2014-08-31 00:00:00-04:00,0.0013057457147160213
2014-09-01 00:00:00-04:00,0.0008161594345621706
2014-09-02 00:00:00-04:00,-1.7627302175681868e-06
2014-09-03 00:00:00-04:00,-0.0019887245580351015
2014-09-04 00:00:00-04:00,-0.002661917739220825
2014-09-05 00:00:00-04:00,0.007994261428257621
2014-09-07 00:00:00-04:00,-0.002133500905871862
2014-09-08 00:00:00-04:00,-0.003278388494602532
2014-09-09 00:00:00-04:00,-0.0081944209176285
2014-09-10 00:00:00-04:00,0.0044435228633704525
2014-09-11 00:00:00-04:00,0.0027779995616344423
2014-09-12 00:00:00-04:00,-0.008386574447181421
2014-09-14 00:00:00-04:00,-0.003915358611754021
2014-09-15 00:00:00-04:00,0.00390863954130179
2014-09-16 00:00:00-04:00,0.00927474777156442
2014-09-17 00:00:00-04:00,0.002071334976781983
2014-09-18 00:00:00-04:00,0.010680119449662923
2014-09-19 00:00:00-04:00,-0.010726241381133551
2014-09-21 00:00:00-04:00,-0.00443597031869683
2014-09-22 00:00:00-04:00,-0.004883371454418005
2014-09-23 00:00:00-04:00,-0.006577678465061044
2014-09-24 00:00:00-04:00,0.008545621193403219
2014-09-25 00:00:00-04:00,-0.01524608737472936
2014-09-26 00:00:00-04:00,0.007117616833171426
2014-09-28 00:00:00-04:00,-0.002412249644457745
2014-09-29 00:00:00-04:00,-0.00165652262661724
2014-09-30 00:00:00-04:00,-0.003617914197806835
2014-10-01 00:00:00-04:00,-0.012857134671123
2014-10-02 00:00:00-04:00,0.0005850133496822468
2014-10-03 00:00:00-04:00,0.01022387231267467
2014-10-05 00:00:00-04:00,0.0027318900344215163
2014-10-06 00:00:00-04:00,-0.005021980338707308
2014-10-07 00:00:00-04:00,-0.014628575119417684
2014-10-08 00:00:00-04:00,0.018827752022378297
2014-10-09 00:00:00-04:00,-0.02147421150393448
2014-10-10 00:00:00-04:00,-0.014196978780009242
2014-10-12 00:00:00-04:00,-0.00022282049916584582
2014-10-13 00:00:00-04:00,-0.0
2014-10-14 00:00:00-04:00,-0.0
2014-10-15 00:00:00-04:00,-0.0
2014-10-16 00:00:00-04:00,0.0
2014-10-17 00:00:00-04:00,0.0
2014-10-19 00:00:00-04:00,0.0
2014-10-20 00:00:00-04:00,0.0
2014-10-21 00:00:00-04:00,0.0
2014-10-22 00:00:00-04:00,-0.0057429890413466704
2014-10-23 00:00:00-04:00,0.006161138180996112
2014-10-24 00:00:00-04:00,0.01036503954276597
2014-10-26 00:00:00-04:00,-0.000984234289663553
2014-10-27 00:00:00-04:00,-0.0003274016659751228
2014-10-28 00:00:00-04:00,0.008341866699872953
2014-10-29 00:00:00-04:00,-0.0013975372947137266
2014-10-30 00:00:00-04:00,0.008403185299496357
2014-10-31 00:00:00-04:00,0.007053043615308691
2014-11-02 00:00:00-04:00,-0.0003120036183645055
2014-11-03 00:00:00-05:00,0.0006208751034681885
2014-11-04 00:00:00-05:00,-4.513352140468047e-09
2014-11-05 00:00:00-05:00,0.001449361245217626
2014-11-06 00:00:00-05:00,0.007235027773327669
2014-11-07 00:00:00-05:00,-0.002029928368909453
2014-11-09 00:00:00-05:00,0.00030443808912657307
2014-11-10 00:00:00-05:00,0.004669625106086267
2014-11-11 00:00:00-05:00,-0.0019106472276417847
2014-11-12 00:00:00-05:00,0.0012077165464246104
2014-11-13 00:00:00-05:00,-0.0009048838402646121
2014-11-14 00:00:00-05:00,0.0017117737792208287
2014-11-16 00:00:00-05:00,-0.003835409427877531
2014-11-17 00:00:00-05:00,0.0039416966261026885
2014-11-18 00:00:00-05:00,0.00311268601566869
2014-11-19 00:00:00-05:00,-0.0013076615588610001
2014-11-20 00:00:00-05:00,0.0037274567946036993
2014-11-21 00:00:00-05:00,0.0036029799630987124
2014-11-23 00:00:00-05:00,9.929189897905012e-05
2014-11-24 00:00:00-05:00,0.0011033056191896435
2014-11-25 00:00:00-05:00,0.00240639435028444
2014-11-26 00:00:00-05:00,0.0008033192884007208
2014-11-27 00:00:00-05:00,0.00010042836938715743
2014-11-28 00:00:00-05:00,-0.0025356412124251846
2014-11-30 00:00:00-05:00,-0.0032899905654541596
2014-12-01 00:00:00-05:00,-0.0023717801997223237
2014-12-02 00:00:00-05:00,0.005384934917264296
2014-12-03 00:00:00-05:00,0.0029865863798354945
2014-12-04 00:00:00-05:00,-0.0005166660293415649
2014-12-05 00:00:00-05:00,0.001908264939415589
2014-12-07 00:00:00-05:00,-0.0004269394231208616
2014-12-08 00:00:00-05:00,-0.009176859430643324
2014-12-09 00:00:00-05:00,0.0007363961127380893
2014-12-10 00:00:00-05:00,-0.010270674954097739
2014-12-11 00:00:00-05:00,-0.0021354510375886106
2014-12-12 00:00:00-05:00,-0.011857823257826793
2014-12-14 00:00:00-05:00,0.002860052041130316
2014-12-15 00:00:00-05:00,-0.0038030265460945855
2014-12-16 00:00:00-05:00,-0.008806857194896161
2014-12-17 00:00:00-05:00,0.016024843964249986
2014-12-18 00:00:00-05:00,0.023013428352879648
2014-12-19 00:00:00-05:00,-0.0007039440439900665
2014-12-21 00:00:00-05:00,0.0010312548856177717
2014-12-22 00:00:00-05:00,0.0026075543095321627
2014-12-23 00:00:00-05:00,0.003135663984025075
2014-12-24 00:00:00-05:00,-0.0013566120930674675
2014-12-25 00:00:00-05:00,0.0013951121220528964
2014-12-26 00:00:00-05:00,0.0015093217894695718
2014-12-28 00:00:00-05:00,0.0003249410966977105
2014-12-29 00:00:00-05:00,0.0008742526852501778
2014-12-30 00:00:00-05:00,-0.0030586146287032412
2014-12-31 00:00:00-05:00,-0.01375733401046009
2015-01-01 00:00:00-05:00,0.005287084222560804
2015-01-02 00:00:00-05:00,-0.007345893524925304
2015-01-04 00:00:00-05:00,0.00011491704263155466
2015-01-05 00:00:00-05:00,-0.015526768590584359
2015-01-06 00:00:00-05:00,-0.006203533504612202
2015-01-07 00:00:00-05:00,0.015172604242209502
2015-01-08 00:00:00-05:00,0.007829527752257906
2015-01-09 00:00:00-05:00,-0.007255768099501608
2015-01-11 00:00:00-05:00,-0.00010772310002708739
2015-01-12 00:00:00-05:00,-0.004189376221114916
2015-01-13 00:00:00-05:00,-0.006558682778646859
2015-01-14 00:00:00-05:00,0.00021289440599554592
2015-01-15 00:00:00-05:00,-0.014062052440931097
2015-01-16 00:00:00-05:00,-0.00018652203536077
2015-01-18 00:00:00-05:00,-7.360080678151524e-05
2015-01-19 00:00:00-05:00,0.0008953112081072729
2015-01-20 00:00:00-05:00,0.0015961597104968558
2015-01-21 00:00:00-05:00,0.004084239578323717
2015-01-22 00:00:00-05:00,0.009581627899292124
2015-01-23 00:00:00-05:00,-0.004026855263938621
2015-01-25 00:00:00-05:00,-0.0039362902456665716
2015-01-26 00:00:00-05:00,0.007714641868801128
2015-01-27 00:00:00-05:00,-0.003690837751735645
2015-01-28 00:00:00-05:00,-0.01813237139729126
2015-01-29 00:00:00-05:00,0.006459600069202352
2015-01-30 00:00:00-05:00,-0.008702377414687353
2015-02-01 00:00:00-05:00,-0.00015782919294965122
2015-02-02 00:00:00-05:00,0.0
2015-02-03 00:00:00-05:00,0.01102217143017699
2015-02-04 00:00:00-05:00,-0.005067279170021669
2015-02-05 00:00:00-05:00,0.009474417239872154
2015-02-06 00:00:00-05:00,0.00040641798217368945
2015-02-08 00:00:00-05:00,-0.0037654875274222067
2015-02-09 00:00:00-05:00,0.00016415519169493396
2015-02-10 00:00:00-05:00,0.005426907869305459
2015-02-11 00:00:00-05:00,0.0009761192113298208
2015-02-12 00:00:00-05:00,0.0067505636260044985
2015-02-13 00:00:00-05:00,0.003268958201559703
2015-02-15 00:00:00-05:00,-0.0011887470812422145
2015-02-16 00:00:00-05:00,-0.0015870477173829107
2015-02-17 00:00:00-05:00,0.0034532335908465995
2015-02-18 00:00:00-05:00,-0.0007180779449358894
2015-02-19 00:00:00-05:00,-2.004788068015916e-06
2015-02-20 00:00:00-05:00,0.004377172255148776
2015-02-22 00:00:00-05:00,-0.00041239901716925764
2015-02-23 00:00:00-05:00,0.0002461255486692434
2015-02-24 00:00:00-05:00,0.0018918735647807715
2015-02-25 00:00:00-05:00,-0.00041767405729560005
2015-02-26 00:00:00-05:00,-0.0014683716537100188
2015-02-27 00:00:00-05:00,-0.0007648401612653107
2015-03-01 00:00:00-05:00,9.401345739995051e-05
2015-03-02 00:00:00-05:00,0.0027264710426244906
2015-03-03 00:00:00-05:00,-0.003559269659250881
2015-03-04 00:00:00-05:00,-0.0020669658925805013
2015-03-05 00:00:00-05:00,0.00047053182001433876
2015-03-06 00:00:00-05:00,-0.010350288898829529
2015-03-08 00:00:00-05:00,-0.001495648062570249
2015-03-09 00:00:00-04:00,0.003268680988383541
2015-03-10 00:00:00-04:00,-0.01020746806046032
2015-03-11 00:00:00-04:00,-0.002399672496975636
2015-03-12 00:00:00-04:00,0.008890214101578777
2015-03-13 00:00:00-04:00,-0.005174136094022106
2015-03-15 00:00:00-04:00,-0.0005592190230512724
2015-03-16 00:00:00-04:00,0.00876226409847064
2015-03-17 00:00:00-04:00,0.00037260704343920113
2015-03-18 00:00:00-04:00,0.01087146781641151
2015-03-19 00:00:00-04:00,-0.004054947357382901
2015-03-20 00:00:00-04:00,0.002285568276510958
2015-03-22 00:00:00-04:00,0.0016290569923063864
2015-03-23 00:00:00-04:00,-0.003062609758694285
2015-03-24 00:00:00-04:00,-0.00394440714257548
2015-03-25 00:00:00-04:00,-0.01224303520360835
2015-03-26 00:00:00-04:00,0.0006624926179129517
2015-03-27 00:00:00-04:00,-0.0012949407838455747
2015-03-29 00:00:00-04:00,0.002690322845033934
2015-03-30 00:00:00-04:00,0.0057858754815203394
2015-03-31 00:00:00-04:00,-0.01142478187208436
2015-04-01 00:00:00-04:00,0.0027090967308236436
2015-04-02 00:00:00-04:00,0.0038146512958052857
2015-04-03 00:00:00-04:00,-0.008647959207562788
2015-04-05 00:00:00-04:00,0.002536447800796931
2015-04-06 00:00:00-04:00,0.010452256136156989
2015-04-07 00:00:00-04:00,-0.001988240053059219
2015-04-08 00:00:00-04:00,0.0036932747603843894
2015-04-09 00:00:00-04:00,0.0035632174000350667
2015-04-10 00:00:00-04:00,0.005126103156955614
2015-04-12 00:00:00-04:00,-0.0006724758420899888
2015-04-13 00:00:00-04:00,-0.002114799131927227
2015-04-14 00:00:00-04:00,0.0002234198391895211
2015-04-15 00:00:00-04:00,0.005421456944799279
2015-04-16 00:00:00-04:00,-0.0009482617068313489
2015-04-17 00:00:00-04:00,-0.011578360439001503
2015-04-19 00:00:00-04:00,0.0037417068929122
2015-04-20 00:00:00-04:00,0.005324508461180865
2015-04-21 00:00:00-04:00,-0.0007197483050100701
2015-04-22 00:00:00-04:00,0.0024253095683861273
2015-04-23 00:00:00-04:00,0.004840982485257817
2015-04-24 00:00:00-04:00,0.0020791860474911553
2015-04-26 00:00:00-04:00,-9.298617633529566e-07
2015-04-27 00:00:00-04:00,-0.004670845065193271
2015-04-28 00:00:00-04:00,0.0030751595178324367
2015-04-29 00:00:00-04:00,-0.0055428340630966685
2015-04-30 00:00:00-04:00,-0.007751889271395673
2015-05-01 00:00:00-04:00,0.009544532832189074
2015-05-03 00:00:00-04:00,-0.0008423757670767017
2015-05-04 00:00:00-04:00,0.003964095775441551
2015-05-05 00:00:00-04:00,-0.009302796891565338
2015-05-06 00:00:00-04:00,-0.00556976306390363
2015-05-07 00:00:00-04:00,0.004497363649570647
2015-05-08 00:00:00-04:00,0.01032800395134596
2015-05-10 00:00:00-04:00,-0.0004587975772697585
2015-05-11 00:00:00-04:00,-0.004772521184050239
2015-05-12 00:00:00-04:00,0.0013666116606090406
2015-05-13 00:00:00-04:00,-0.0019412618508418016
2015-05-14 00:00:00-04:00,0.009842157333959003
2015-05-15 00:00:00-04:00,0.0013287320224340392
2015-05-17 00:00:00-04:00,-0.0013846668766734239
2015-05-18 00:00:00-04:00,0.005061309278029597
2015-05-19 00:00:00-04:00,-0.002171003257589884
2015-05-20 00:00:00-04:00,-0.0023868962823605615
2015-05-21 00:00:00-04:00,0.005371907781065736
2015-05-22 00:00:00-04:00,-0.002431578797568665
2015-05-24 00:00:00-04:00,0.0006123621730079289
2015-05-25 00:00:00-04:00,-0.0025809222190200207
2015-05-26 00:00:00-04:00,-0.0089892102318523
2015-05-27 00:00:00-04:00,0.008641151960730632
2015-05-28 00:00:00-04:00,0.00037757771656710815
2015-05-29 00:00:00-04:00,-0.0069632274707341546
2015-05-31 00:00:00-04:00,0.0008981354039908247
2015-06-01 00:00:00-04:00,0.0002569968094943838
2015-06-02 00:00:00-04:00,-0.0010332827994001417
2015-06-03 00:00:00-04:00,0.0036380114315260484
2015-06-04 00:00:00-04:00,-0.009119175070467214
2015-06-05 00:00:00-04:00,-0.0034140094155878696
2015-06-07 00:00:00-04:00,-0.0020480213041255153
2015-06-08 00:00:00-04:00,-0.004380924876394984
2015-06-09 00:00:00-04:00,0.0016602495946057257
2015-06-10 00:00:00-04:00,0.012418930535565793
2015-06-11 00:00:00-04:00,0.00013417411182007995
2015-06-12 00:00:00-04:00,-0.006375916322035989
2015-06-14 00:00:00-04:00,-0.005411960611804608
2015-06-15 00:00:00-04:00,-0.0021913398583395804
2015-06-16 00:00:00-04:00,0.010593102756339002
2015-06-17 00:00:00-04:00,-0.0017979614945976986
2015-06-18 00:00:00-04:00,0.016089588219029574
2015-06-19 00:00:00-04:00,-0.011920205261358296
2015-06-21 00:00:00-04:00,0.0033572410815718317
2015-06-22 00:00:00-04:00,0.005994434753463993
2015-06-23 00:00:00-04:00,-0.0006911209205415226
2015-06-24 00:00:00-04:00,-0.007039050525471462
2015-06-25 00:00:00-04:00,-0.006787021298745363
2015-06-26 00:00:00-04:00,0.002895711510389456
2015-06-28 00:00:00-04:00,-0.016412086822430862
2015-06-29 00:00:00-04:00,-0.00025341814619086735
2015-06-30 00:00:00-04:00,0.0
2015-07-01 00:00:00-04:00,0.0
2015-07-02 00:00:00-04:00,-0.0
2015-07-03 00:00:00-04:00,-0.0
2015-07-05 00:00:00-04:00,-0.0
2015-07-06 00:00:00-04:00,0.0
2015-07-07 00:00:00-04:00,-0.0
2015-07-08 00:00:00-04:00,-0.0
2015-07-09 00:00:00-04:00,0.0
2015-07-10 00:00:00-04:00,0.0
2015-07-12 00:00:00-04:00,-0.0
2015-07-13 00:00:00-04:00,0.0
2015-07-14 00:00:00-04:00,0.0049489645434032834
2015-07-15 00:00:00-04:00,0.0035933548157920524
2015-07-16 00:00:00-04:00,0.002235752204094024
2015-07-17 00:00:00-04:00,0.001492656173904149
2015-07-19 00:00:00-04:00,0.00012187676964624276
2015-07-20 00:00:00-04:00,0.0008925802537187754
2015-07-21 00:00:00-04:00,-0.007824329335605848
2015-07-22 00:00:00-04:00,0.0030572822910805426
2015-07-23 00:00:00-04:00,-0.006860922785929186
2015-07-24 00:00:00-04:00,-0.010138631283113276
2015-07-26 00:00:00-04:00,-0.0005188028201235927
2015-07-27 00:00:00-04:00,-0.004117826394197907
2015-07-28 00:00:00-04:00,-0.00022307115753021604
2015-07-29 00:00:00-04:00,0.006380898500847784
2015-07-30 00:00:00-04:00,0.0021238328205274593
2015-07-31 00:00:00-04:00,-0.0012566740730150018
2015-08-02 00:00:00-04:00,-0.0018871455513574794
2015-08-03 00:00:00-04:00,-0.003527097734630762
2015-08-04 00:00:00-04:00,-0.0011364574034361877
2015-08-05 00:00:00-04:00,0.002565009434873543
2015-08-06 00:00:00-04:00,-0.006121183532858603
2015-08-07 00:00:00-04:00,-0.0039005845384000723
2015-08-09 00:00:00-04:00,-0.00022662970877067984
2015-08-10 00:00:00-04:00,0.0
2015-08-11 00:00:00-04:00,-0.011891151040271193
2015-08-12 00:00:00-04:00,-0.0002236990447948991
2015-08-13 00:00:00-04:00,-0.0029325288594897404
2015-08-14 00:00:00-04:00,0.0048849396874950605
2015-08-16 00:00:00-04:00,-0.0016170164286383852
2015-08-17 00:00:00-04:00,0.006974658809000835
2015-08-18 00:00:00-04:00,-0.003074305290818789
2015-08-19 00:00:00-04:00,-0.010337228768028593
2015-08-20 00:00:00-04:00,-0.0002230118200000324
2015-08-21 00:00:00-04:00,-0.0
2015-08-23 00:00:00-04:00,-0.0
2015-08-24 00:00:00-04:00,-0.0
2015-08-25 00:00:00-04:00,-0.0
2015-08-26 00:00:00-04:00,0.0
2015-08-27 00:00:00-04:00,0.0
2015-08-28 00:00:00-04:00,0.0
2015-08-30 00:00:00-04:00,-0.0
2015-08-31 00:00:00-04:00,-0.0
2015-09-01 00:00:00-04:00,-0.0
2015-09-02 00:00:00-04:00,0.0
2015-09-03 00:00:00-04:00,-0.0
2015-09-04 00:00:00-04:00,-0.0
2015-09-06 00:00:00-04:00,0.0
2015-09-07 00:00:00-04:00,0.0
2015-09-08 00:00:00-04:00,0.0
2015-09-09 00:00:00-04:00,-0.0
2015-09-10 00:00:00-04:00,0.0
2015-09-11 00:00:00-04:00,0.0
2015-09-13 00:00:00-04:00,0.0
2015-09-14 00:00:00-04:00,-0.0
2015-09-15 00:00:00-04:00,0.0
2015-09-16 00:00:00-04:00,0.0
2015-09-17 00:00:00-04:00,-0.0
2015-09-18 00:00:00-04:00,-0.0
2015-09-20 00:00:00-04:00,-0.0
2015-09-21 00:00:00-04:00,0.0
2015-09-22 00:00:00-04:00,-0.0
2015-09-23 00:00:00-04:00,0.0
2015-09-24 00:00:00-04:00,0.0
2015-09-25 00:00:00-04:00,-0.0
2015-09-27 00:00:00-04:00,-0.0
2015-09-28 00:00:00-04:00,-0.0
2015-09-29 00:00:00-04:00,0.0
2015-09-30 00:00:00-04:00,0.0
2015-10-01 00:00:00-04:00,-0.0
2015-10-02 00:00:00-04:00,0.0
2015-10-04 00:00:00-04:00,-0.0
2015-10-05 00:00:00-04:00,0.0
2015-10-06 00:00:00-04:00,-0.0
2015-10-07 00:00:00-04:00,0.0
2015-10-08 00:00:00-04:00,0.0
2015-10-09 00:00:00-04:00,0.0
2015-10-11 00:00:00-04:00,-0.0
2015-10-12 00:00:00-04:00,0.0
2015-10-13 00:00:00-04:00,-0.0
2015-10-14 00:00:00-04:00,0.0
2015-10-15 00:00:00-04:00,0.0
2015-10-16 00:00:00-04:00,0.0
2015-10-18 00:00:00-04:00,-0.0
2015-10-19 00:00:00-04:00,0.0
2015-10-20 00:00:00-04:00,-0.0
2015-10-21 00:00:00-04:00,-0.0
2015-10-22 00:00:00-04:00,0.0
2015-10-23 00:00:00-04:00,0.0018365693569676804
2015-10-25 00:00:00-04:00,-0.0006047094890734184
2015-10-26 00:00:00-04:00,-0.0010897809321144404
2015-10-27 00:00:00-04:00,0.0010944602096808745
2015-10-28 00:00:00-04:00,0.004005540339919521
2015-10-29 00:00:00-04:00,0.002835007597655846
2015-10-30 00:00:00-04:00,-0.004236011803831923
2015-11-01 00:00:00-04:00,-0.0023489657246113433
2015-11-02 00:00:00-05:00,0.008035050211053024
2015-11-03 00:00:00-05:00,0.0025670564537143806
2015-11-04 00:00:00-05:00,-0.002393332347475111
2015-11-05 00:00:00-05:00,-0.0010975191475517529
2015-11-06 00:00:00-05:00,0.00031346214343744175
2015-11-08 00:00:00-05:00,0.0005536291887881224
2015-11-09 00:00:00-05:00,-0.005835857018884965
2015-11-10 00:00:00-05:00,0.0010634683783263196
2015-11-11 00:00:00-05:00,-0.002217663997561331
2015-11-12 00:00:00-05:00,-0.010703120167600616
2015-11-13 00:00:00-05:00,-0.00014871091551028917
2015-11-15 00:00:00-05:00,-0.0
2015-11-16 00:00:00-05:00,0.0
2015-11-17 00:00:00-05:00,-0.0
2015-11-18 00:00:00-05:00,0.0
2015-11-19 00:00:00-05:00,-0.001525653136034968
2015-11-20 00:00:00-05:00,0.0035239066012266408
2015-11-22 00:00:00-05:00,0.00040683973592959476
2015-11-23 00:00:00-05:00,-0.0020340904992916177
2015-11-24 00:00:00-05:00,0.0005715166514400811
2015-11-25 00:00:00-05:00,0.001641419538295024
2015-11-26 00:00:00-05:00,0.0005772889213493389
2015-11-27 00:00:00-05:00,-0.0006612683847788617
2015-11-29 00:00:00-05:00,-0.0013218468107137164
2015-11-30 00:00:00-05:00,0.0017584561616933306
2015-12-01 00:00:00-05:00,0.0031878806157860286
2015-12-02 00:00:00-05:00,-0.00583481388518049
2015-12-03 00:00:00-05:00,-0.010869401657122944
2015-12-04 00:00:00-05:00,0.01189993194299112
2015-12-06 00:00:00-05:00,-0.0003591161449450864
2015-12-07 00:00:00-05:00,-0.005431463713377304
2015-12-08 00:00:00-05:00,-0.003341891980013376
2015-12-09 00:00:00-05:00,-0.005068327935145858
2015-12-10 00:00:00-05:00,-0.00016730542179068828
2015-12-11 00:00:00-05:00,-0.0
2015-12-13 00:00:00-05:00,0.0
2015-12-14 00:00:00-05:00,0.0
2015-12-15 00:00:00-05:00,0.0
2015-12-16 00:00:00-05:00,0.0
2015-12-17 00:00:00-05:00,-0.014295933697949252
2015-12-18 00:00:00-05:00,-0.00016861815459111778
2015-12-20 00:00:00-05:00,0.0
2015-12-21 00:00:00-05:00,0.0
2015-12-22 00:00:00-05:00,0.0
2015-12-23 00:00:00-05:00,0.0
2015-12-24 00:00:00-05:00,-0.0005877846504488311
2015-12-27 00:00:00-05:00,0.0005297070564197262
2015-12-28 00:00:00-05:00,-2.344348428919503e-07
2015-12-29 00:00:00-05:00,0.007375154325909949
2015-12-30 00:00:00-05:00,-0.006182523805790157
2015-12-31 00:00:00-05:00,-0.006617391105960025
2016-01-03 00:00:00-05:00,-0.00015423161431507766
2016-01-04 00:00:00-05:00,-0.0
2016-01-05 00:00:00-05:00,-0.0
2016-01-06 00:00:00-05:00,-0.0
2016-01-07 00:00:00-05:00,-0.0
2016-01-08 00:00:00-05:00,-0.0
2016-01-10 00:00:00-05:00,-0.0
2016-01-11 00:00:00-05:00,-0.0
2016-01-12 00:00:00-05:00,0.0
2016-01-13 00:00:00-05:00,-0.0
2016-01-14 00:00:00-05:00,0.0
2016-01-15 00:00:00-05:00,-0.0
2016-01-17 00:00:00-05:00,0.0
2016-01-18 00:00:00-05:00,0.0
2016-01-19 00:00:00-05:00,-0.0
2016-01-20 00:00:00-05:00,0.0
2016-01-21 00:00:00-05:00,0.0
2016-01-22 00:00:00-05:00,0.0
2016-01-24 00:00:00-05:00,0.0
2016-01-25 00:00:00-05:00,-0.0
2016-01-26 00:00:00-05:00,0.0
2016-01-27 00:00:00-05:00,-0.0
2016-01-28 00:00:00-05:00,0.0
2016-01-29 00:00:00-05:00,0.0
2016-01-31 00:00:00-05:00,-0.0
2016-02-01 00:00:00-05:00,-0.0
2016-02-02 00:00:00-05:00,-0.0
2016-02-03 00:00:00-05:00,0.0
2016-02-04 00:00:00-05:00,-0.0
2016-02-05 00:00:00-05:00,-0.0
2016-02-07 00:00:00-05:00,0.0
2016-02-08 00:00:00-05:00,-0.0
2016-02-09 00:00:00-05:00,0.0
2016-02-10 00:00:00-05:00,-0.0
2016-02-11 00:00:00-05:00,-0.0
2016-02-12 00:00:00-05:00,0.0
2016-02-14 00:00:00-05:00,0.0
2016-02-15 00:00:00-05:00,0.0
2016-02-16 00:00:00-05:00,-0.0
2016-02-17 00:00:00-05:00,0.0
2016-02-18 00:00:00-05:00,-0.0
2016-02-19 00:00:00-05:00,-0.0
2016-02-21 00:00:00-05:00,0.0
2016-02-22 00:00:00-05:00,0.0
2016-02-23 00:00:00-05:00,-0.0
2016-02-24 00:00:00-05:00,0.0
2016-02-25 00:00:00-05:00,0.0
2016-02-26 00:00:00-05:00,-0.0
2016-02-28 00:00:00-05:00,-0.0
2016-02-29 00:00:00-05:00,-0.0
2016-03-01 00:00:00-05:00,0.0
2016-03-02 00:00:00-05:00,0.0
2016-03-03 00:00:00-05:00,0.0
2016-03-04 00:00:00-05:00,0.0
2016-03-06 00:00:00-05:00,-0.0
2016-03-07 00:00:00-05:00,0.0
2016-03-08 00:00:00-05:00,-0.0
2016-03-09 00:00:00-05:00,0.0
2016-03-10 00:00:00-05:00,0.0
2016-03-11 00:00:00-05:00,0.004808583001212647
2016-03-13 00:00:00-05:00,-0.0003342034084952956
2016-03-14 00:00:00-04:00,-0.0008068626436906029
2016-03-15 00:00:00-04:00,6.727306944507316e-05
2016-03-16 00:00:00-04:00,0.004194044957757309
2016-03-17 00:00:00-04:00,0.0023836139318030008
2016-03-18 00:00:00-04:00,-0.0006117633663897038
2016-03-20 00:00:00-04:00,-0.0011950598856137597
2016-03-21 00:00:00-04:00,0.001965268592969927
2016-03-22 00:00:00-04:00,-7.005493577932548e-05
2016-03-23 00:00:00-04:00,-0.004443431766741529
2016-03-24 00:00:00-04:00,0.0013940040799371425
2016-03-27 00:00:00-04:00,0.0012497705952059367
2016-03-28 00:00:00-04:00,-0.0010298844770659623
2016-03-29 00:00:00-04:00,0.005935535931656772
2016-03-30 00:00:00-04:00,0.0007020707790340344
2016-03-31 00:00:00-04:00,-0.001085244260029776
2016-04-01 00:00:00-04:00,0.005411793977560958
2016-04-03 00:00:00-04:00,-8.278151218528151e-05
2016-04-04 00:00:00-04:00,-0.004979427341438814
2016-04-05 00:00:00-04:00,-0.00042267783534101456
2016-04-06 00:00:00-04:00,0.003078580622691107
2016-04-07 00:00:00-04:00,-0.007679639950122294
2016-04-08 00:00:00-04:00,0.0021933026114333365
2016-04-10 00:00:00-04:00,-0.0007881805955902383
2016-04-11 00:00:00-04:00,-0.0015803490858523465
2016-04-12 00:00:00-04:00,0.008808431850755668
2016-04-13 00:00:00-04:00,0.005435174210505361
2016-04-14 00:00:00-04:00,0.0011971430102914668
2016-04-15 00:00:00-04:00,-0.0009452568915956034
2016-04-17 00:00:00-04:00,-0.004661840510302003
2016-04-18 00:00:00-04:00,0.010211204815717101
2016-04-19 00:00:00-04:00,9.390869408002435e-05
2016-04-20 00:00:00-04:00,0.00506367994043035
2016-04-21 00:00:00-04:00,-0.0069790939399451855
2016-04-22 00:00:00-04:00,0.0007442843367722947
2016-04-24 00:00:00-04:00,-0.001069716193483053
2016-04-25 00:00:00-04:00,-0.0004437343440946143
2016-04-26 00:00:00-04:00,0.0007721190256520854
2016-04-27 00:00:00-04:00,0.004348003117810431
2016-04-28 00:00:00-04:00,-0.009481099956635382
2016-04-29 00:00:00-04:00,-0.005872170256428771
2016-05-01 00:00:00-04:00,-0.0010834754360371948
2016-05-02 00:00:00-04:00,0.0077076847853819845
2016-05-03 00:00:00-04:00,-0.010235537634300884
2016-05-04 00:00:00-04:00,0.00022856738636917428
2016-05-05 00:00:00-04:00,-0.00608861191631819
2016-05-06 00:00:00-04:00,0.006659703726731818
2016-05-08 00:00:00-04:00,0.00048386413187537084
2016-05-09 00:00:00-04:00,0.0006101641346857162
2016-05-10 00:00:00-04:00,0.008824961172269236
2016-05-11 00:00:00-04:00,-0.006527785879189262
2016-05-12 00:00:00-04:00,-0.004896752781442029
2016-05-13 00:00:00-04:00,-0.005569260927606785
2016-05-15 00:00:00-04:00,0.0024207085569132843
2016-05-16 00:00:00-04:00,0.00895499879101339
2016-05-17 00:00:00-04:00,-0.009879087026654998
2016-05-18 00:00:00-04:00,-0.0038453541201738106
2016-05-19 00:00:00-04:00,0.003600673295474879
2016-05-20 00:00:00-04:00,0.003180789469679675
2016-05-22 00:00:00-04:00,0.0001372396012355875
2016-05-23 00:00:00-04:00,-0.0021336667161860733
2016-05-24 00:00:00-04:00,0.017750069461208644
2016-05-25 00:00:00-04:00,0.002885818878260981
2016-05-26 00:00:00-04:00,0.003020049885399787
2016-05-27 00:00:00-04:00,0.005033652802862328
2016-05-29 00:00:00-04:00,0.002505429853772596
2016-05-30 00:00:00-04:00,-0.0006578107642561933
2016-05-31 00:00:00-04:00,-0.002241431911303946
2016-06-01 00:00:00-04:00,-0.002643512777045791
2016-06-02 00:00:00-04:00,0.005420454995146016
2016-06-03 00:00:00-04:00,-0.003067064781859494
2016-06-05 00:00:00-04:00,-0.0006669649033263546
2016-06-06 00:00:00-04:00,0.006269483793712959
2016-06-07 00:00:00-04:00,0.00013066986954098555
2016-06-08 00:00:00-04:00,0.004033541521811736
2016-06-09 00:00:00-04:00,-0.0017399767554097288
2016-06-10 00:00:00-04:00,-0.008844893005322384
2016-06-12 00:00:00-04:00,-0.004175780313566629
2016-06-13 00:00:00-04:00,-0.005655015930031111
2016-06-14 00:00:00-04:00,-0.0015008640208203459
2016-06-15 00:00:00-04:00,-0.0038193867839893905
2016-06-16 00:00:00-04:00,0.007673284002853119
2016-06-17 00:00:00-04:00,-0.012373632614389795
2016-06-19 00:00:00-04:00,0.011566766693657545
2016-06-20 00:00:00-04:00,-0.0011878532781428876
2016-06-21 00:00:00-04:00,0.0006577044996101228
2016-06-22 00:00:00-04:00,0.003802774122037377
2016-06-23 00:00:00-04:00,-0.03182692147205846
2016-06-24 00:00:00-04:00,-0.0050009517705896026
2016-06-26 00:00:00-04:00,-0.00020751158965428085
2016-06-27 00:00:00-04:00,-0.0
2016-06-28 00:00:00-04:00,0.0
2016-06-29 00:00:00-04:00,0.015574149937606745
2016-06-30 00:00:00-04:00,0.008615014815454023
2016-07-01 00:00:00-04:00,0.0034557375491408387
2016-07-03 00:00:00-04:00,0.0012487491457486316
2016-07-04 00:00:00-04:00,-0.0031185091368014614
2016-07-05 00:00:00-04:00,-0.008640513487649966
2016-07-06 00:00:00-04:00,0.009313252346287323
2016-07-07 00:00:00-04:00,-0.001112343927558739
2016-07-08 00:00:00-04:00,0.012313797883943017
2016-07-10 00:00:00-04:00,0.004045485926973283
2016-07-11 00:00:00-04:00,0.00019573988050798375
2016-07-12 00:00:00-04:00,0.004741928749053155
2016-07-13 00:00:00-04:00,0.0005957792033892509
2016-07-14 00:00:00-04:00,0.005181886191237771
2016-07-15 00:00:00-04:00,-0.004772166014318804
2016-07-17 00:00:00-04:00,0.004094054456937437
2016-07-18 00:00:00-04:00,0.00029699098668637753
2016-07-19 00:00:00-04:00,-0.0004955148078139264
2016-07-20 00:00:00-04:00,0.004905144074390758
2016-07-21 00:00:00-04:00,-0.003902104307714765
2016-07-22 00:00:00-04:00,0.0036151199401543016
2016-07-24 00:00:00-04:00,9.9744334370413e-05
2016-07-25 00:00:00-04:00,-0.0018063911806386228
2016-07-26 00:00:00-04:00,0.0018201019064651093
2016-07-27 00:00:00-04:00,-0.0014372104120975668
2016-07-28 00:00:00-04:00,0.0007196196095909277
2016-07-29 00:00:00-04:00,0.0022627137940374343
2016-07-31 00:00:00-04:00,0.002360062619557633
2016-08-01 00:00:00-04:00,-0.003376221883334667
2016-08-02 00:00:00-04:00,-0.007171094983890124
2016-08-03 00:00:00-04:00,0.0024253685994509184
2016-08-04 00:00:00-04:00,0.00242293341966332
2016-08-05 00:00:00-04:00,0.006199255208157946
2016-08-07 00:00:00-04:00,0.000415023642482773
2016-08-08 00:00:00-04:00,-0.0009355434034735116
2016-08-09 00:00:00-04:00,-0.00010406413451920481
2016-08-10 00:00:00-04:00,-0.0013542050531467253
2016-08-11 00:00:00-04:00,0.0035492434927762834
2016-08-12 00:00:00-04:00,-2.364765670593747e-07
2016-08-14 00:00:00-04:00,0.0010429085514454418
2016-08-15 00:00:00-04:00,-0.00010427997050501748
2016-08-16 00:00:00-04:00,-0.0018851747160048978
2016-08-17 00:00:00-04:00,0.0014666679618346643
2016-08-18 00:00:00-04:00,-0.00010501395289733864
2016-08-19 00:00:00-04:00,0.00010471495416866193
2016-08-21 00:00:00-04:00,-0.002019933747190077
2016-08-22 00:00:00-04:00,0.0012792630774194928
2016-08-23 00:00:00-04:00,0.0009632028860025381
2016-08-24 00:00:00-04:00,-0.0032141610613175805
2016-08-25 00:00:00-04:00,-0.0003224944653363735
2016-08-26 00:00:00-04:00,-0.00313968346807485
2016-08-28 00:00:00-04:00,-4.2522599209439295e-06
2016-08-29 00:00:00-04:00,0.005310592282553039
2016-08-30 00:00:00-04:00,-0.0017932802254769556
2016-08-31 00:00:00-04:00,-0.0014573620764554056
2016-09-01 00:00:00-04:00,-0.002582933154312914
2016-09-02 00:00:00-04:00,0.007244640313370683
2016-09-04 00:00:00-04:00,0.0006855799538785208
2016-09-05 00:00:00-04:00,-0.000834558270216675
2016-09-06 00:00:00-04:00,0.0036623958909695964
2016-09-07 00:00:00-04:00,-0.00048794259495184565
2016-09-08 00:00:00-04:00,-0.005039746737516645
2016-09-09 00:00:00-04:00,-0.04043638030142699
2016-09-11 00:00:00-04:00,-0.005411452516093142
2016-09-12 00:00:00-04:00,0.023132532253149235
2016-09-13 00:00:00-04:00,-0.009388888818077977
2016-09-14 00:00:00-04:00,-0.008999430821558276
2016-09-15 00:00:00-04:00,0.013536112504408615
2016-09-16 00:00:00-04:00,-0.0048025137720242314
2016-09-18 00:00:00-04:00,0.0032148566866276257
2016-09-19 00:00:00-04:00,-0.0018079413443114094
2016-09-20 00:00:00-04:00,-0.0020672698150968026
2016-09-21 00:00:00-04:00,0.011995400609879161
2016-09-22 00:00:00-04:00,0.006380703445175115
2016-09-23 00:00:00-04:00,-0.0048577522713294154
2016-09-25 00:00:00-04:00,-0.0015061047781165825
2016-09-26 00:00:00-04:00,-0.0025265922446893203
2016-09-27 00:00:00-04:00,-0.0007587015203793247
2016-09-28 00:00:00-04:00,0.008854016141113996
2016-09-29 00:00:00-04:00,-0.0109487259801489
2016-09-30 00:00:00-04:00,0.006524227168406229
2016-10-02 00:00:00-04:00,0.0030442281069535696
2016-10-03 00:00:00-04:00,-0.004121708130173281
2016-10-04 00:00:00-04:00,-0.004612933959314435
2016-10-05 00:00:00-04:00,0.0029159063289527195
2016-10-06 00:00:00-04:00,0.0007257545512601344
2016-10-07 00:00:00-04:00,-0.003023279767194195
2016-10-09 00:00:00-04:00,0.0024252995007749485
2016-10-10 00:00:00-04:00,0.0025415932344586833
2016-10-11 00:00:00-04:00,-0.008586302561837636
2016-10-12 00:00:00-04:00,-0.01072373844403789
2016-10-13 00:00:00-04:00,0.00469608886129574
2016-10-14 00:00:00-04:00,-0.00023984592822194454
2016-10-16 00:00:00-04:00,-0.0021798570877436594
2016-10-17 00:00:00-04:00,0.003392558848362407
2016-10-18 00:00:00-04:00,0.0027688303162269577
2016-10-19 00:00:00-04:00,0.0032352937273188256
2016-10-20 00:00:00-04:00,-0.0030994538746362136
2016-10-21 00:00:00-04:00,0.000598644236180456
2016-10-23 00:00:00-04:00,0.0005986258444676073
2016-10-24 00:00:00-04:00,0.004668160772595847
2016-10-25 00:00:00-04:00,-0.006046129222348839
2016-10-26 00:00:00-04:00,-0.001304668146478574
2016-10-27 00:00:00-04:00,-0.002255750608238858
2016-10-28 00:00:00-04:00,-0.0014269039253952923
2016-10-30 00:00:00-04:00,0.0005952006066080023
2016-10-31 00:00:00-04:00,0.0015473095649666893
2016-11-01 00:00:00-04:00,-0.01556738730932609
2016-11-02 00:00:00-04:00,-0.0002107337503480577
2016-11-03 00:00:00-04:00,-0.0
2016-11-04 00:00:00-04:00,-0.0
2016-11-06 00:00:00-04:00,0.0
2016-11-07 00:00:00-05:00,0.0
2016-11-08 00:00:00-05:00,-0.042964636043094605
2016-11-09 00:00:00-05:00,-0.00018694756418428715
2016-11-10 00:00:00-05:00,0.0009603784411339426
2016-11-11 00:00:00-05:00,-0.0007661984129562851
2016-11-13 00:00:00-05:00,0.002779466225028277
2016-11-14 00:00:00-05:00,-0.0016444734486295218
2016-11-15 00:00:00-05:00,0.003945091603924649
2016-11-16 00:00:00-05:00,-0.0016900093313184357
2016-11-17 00:00:00-05:00,0.0016358356129601765
2016-11-18 00:00:00-05:00,-0.00029121563172764914
2016-11-20 00:00:00-05:00,0.001026537999166803
2016-11-21 00:00:00-05:00,0.00399896299679024
2016-11-22 00:00:00-05:00,-0.00012459638598657057
2016-11-23 00:00:00-05:00,-0.0002470905430155748
2016-11-24 00:00:00-05:00,0.000928987720412579
2016-11-25 00:00:00-05:00,0.0019337836789040364
2016-11-27 00:00:00-05:00,-0.000996355487018105
2016-11-28 00:00:00-05:00,-0.001871246267451791
2016-11-29 00:00:00-05:00,0.0008129872517466764
2016-11-30 00:00:00-05:00,-0.0005622871216673429
2016-12-01 00:00:00-05:00,-0.0030856915289777104
2016-12-02 00:00:00-05:00,0.000696242845228664
2016-12-04 00:00:00-05:00,-0.0011397016159739868
2016-12-05 00:00:00-05:00,0.004059310047652099
2016-12-06 00:00:00-05:00,0.0018836684430652989
2016-12-07 00:00:00-05:00,0.00706889026226904
2016-12-08 00:00:00-05:00,0.0022711965957664323
2016-12-09 00:00:00-05:00,0.0032627496043664663
2016-12-11 00:00:00-05:00,0.00012243183132945565
2016-12-12 00:00:00-05:00,-0.0014695107567917363
2016-12-13 00:00:00-05:00,0.004300275806140033
2016-12-14 00:00:00-05:00,-0.0029836274251189136
2016-12-15 00:00:00-05:00,-0.0003056081540443232
2016-12-16 00:00:00-05:00,-0.0009164547328496498
2016-12-18 00:00:00-05:00,0.0007959223782365836
2016-12-19 00:00:00-05:00,0.0006726155213832112
2016-12-20 00:00:00-05:00,0.0009773118584785457
2016-12-21 00:00:00-05:00,-0.0022690347378074576
2016-12-22 00:00:00-05:00,0.0007430409264859471
2016-12-23 00:00:00-05:00,-0.000185936309468468
2016-12-26 00:00:00-05:00,-1.892559658137503e-09
2016-12-27 00:00:00-05:00,0.0010540454698232803
2016-12-28 00:00:00-05:00,-0.003962122577371765
2016-12-29 00:00:00-05:00,0.0006825401989596717
2016-12-30 00:00:00-05:00,-0.003970257817245883
2017-01-02 00:00:00-05:00,0.0028022172330529425
2017-01-03 00:00:00-05:00,0.002661397783365594
2017-01-04 00:00:00-05:00,0.0019076609156005316
2017-01-05 00:00:00-05:00,6.130956035588308e-05
2017-01-06 00:00:00-05:00,0.0017844166198961527
2017-01-08 00:00:00-05:00,0.0007975571363936292
2017-01-09 00:00:00-05:00,-0.003188178804173827
2017-01-10 00:00:00-05:00,-0.00012328124073778505
2017-01-11 00:00:00-05:00,0.0010455619760243286
2017-01-12 00:00:00-05:00,0.00018415835819747398
2017-01-13 00:00:00-05:00,0.0013108160094920484
2017-01-15 00:00:00-05:00,-0.0008122592142948798
2017-01-16 00:00:00-05:00,-0.00012512762211177908
2017-01-17 00:00:00-05:00,-0.0005008639176449195
2017-01-18 00:00:00-05:00,0.00018853731503254816
2017-01-19 00:00:00-05:00,-0.00044431476816677424
2017-01-20 00:00:00-05:00,0.0007452604558114516
2017-01-22 00:00:00-05:00,-0.004581863474345951
2017-01-23 00:00:00-05:00,0.00018071762897979183
2017-01-24 00:00:00-05:00,0.01134921072372255
2017-01-25 00:00:00-05:00,0.015316016604237238
2017-01-26 00:00:00-05:00,-0.0033005647687447113
2017-01-27 00:00:00-05:00,-0.0023103275102807535
2017-01-29 00:00:00-05:00,-0.004827676086502402
2017-01-30 00:00:00-05:00,-0.009278156516451334
2017-01-31 00:00:00-05:00,0.005259283663371185
2017-02-01 00:00:00-05:00,-0.007328182181103671
2017-02-02 00:00:00-05:00,0.0035426073064514984
2017-02-03 00:00:00-05:00,0.013958431277169234
2017-02-05 00:00:00-05:00,-0.00034881678721092996
2017-02-06 00:00:00-05:00,-0.0032178050759733563
2017-02-07 00:00:00-05:00,0.00033944370781610817
2017-02-08 00:00:00-05:00,0.00238290792859926
2017-02-09 00:00:00-05:00,0.01148088994218097
2017-02-10 00:00:00-05:00,0.003988139650870464
2017-02-12 00:00:00-05:00,0.0021582494413923976
2017-02-13 00:00:00-05:00,0.005752377197890062
2017-02-14 00:00:00-05:00,0.007396076405510863
2017-02-15 00:00:00-05:00,0.008849751790423504
2017-02-16 00:00:00-05:00,-0.003019519394064867
2017-02-17 00:00:00-05:00,0.0025142089817215343
2017-02-26 00:00:00-05:00,0.014668687329419361
2017-02-27 00:00:00-05:00,-0.0003583095042313639
2017-02-28 00:00:00-05:00,-0.00018159592828911883
2017-03-01 00:00:00-05:00,0.016116910060758483
2017-03-02 00:00:00-05:00,-0.010493111995562701
2017-03-03 00:00:00-05:00,0.0035599271178841712
2017-03-05 00:00:00-05:00,-0.004842169778501088
2017-03-06 00:00:00-05:00,0.001029855936413594
2017-03-07 00:00:00-05:00,-0.009143750999220124
2017-03-08 00:00:00-05:00,0.001180358259288428
2017-03-09 00:00:00-05:00,0.006609779570106717
2017-03-10 00:00:00-05:00,-0.0011765306178382622
2017-03-12 00:00:00-05:00,-0.0005133545159866625
2017-03-13 00:00:00-04:00,0.0015290731648806657
2017-03-14 00:00:00-04:00,-0.0020387531988275047
2017-03-15 00:00:00-04:00,0.012051482836691498
2017-03-16 00:00:00-04:00,-0.005768472936070272
2017-03-17 00:00:00-04:00,-0.0025432620621004694
2017-03-19 00:00:00-04:00,-0.0033767571055476073
2017-03-20 00:00:00-04:00,0.003307379303547357
2017-03-21 00:00:00-04:00,-0.02883677242307316
2017-03-22 00:00:00-04:00,0.008980449520027791
2017-03-23 00:00:00-04:00,-0.001206025146421222
2017-03-24 00:00:00-04:00,-0.002406765759354158
2017-03-26 00:00:00-04:00,-0.009499323332173194
2017-03-27 00:00:00-04:00,0.009209218836220473
2017-03-28 00:00:00-04:00,0.005906959127575542
2017-03-29 00:00:00-04:00,0.003363701829260885
2017-03-30 00:00:00-04:00,0.002187554868875918
2017-03-31 00:00:00-04:00,-0.0024748826349542566
2017-04-02 00:00:00-04:00,0.0011647813134285476
2017-04-03 00:00:00-04:00,-0.004082026393891893
2017-04-04 00:00:00-04:00,0.0018900039848532223
2017-04-05 00:00:00-04:00,-0.009014080821070832
2017-04-06 00:00:00-04:00,0.0021461016561652876
2017-04-07 00:00:00-04:00,0.005012787213731805
2017-04-09 00:00:00-04:00,0.0017051696749538475
2017-04-10 00:00:00-04:00,-0.003993000094397163
2017-04-11 00:00:00-04:00,-0.0009972410164215322
2017-04-12 00:00:00-04:00,-0.004771456246271829
2017-04-13 00:00:00-04:00,-0.006850892920617848
2017-04-16 00:00:00-04:00,-0.002077223972230769
2017-04-17 00:00:00-04:00,0.01202157885092474
2017-04-18 00:00:00-04:00,-0.0027367773327408554
2017-04-19 00:00:00-04:00,-0.0027740080822796216
2017-04-20 00:00:00-04:00,0.010528741792133126
2017-04-21 00:00:00-04:00,-0.004312941664382421
2017-04-23 00:00:00-04:00,0.011908720158779603
2017-04-24 00:00:00-04:00,0.003694185193351928
2017-04-25 00:00:00-04:00,0.007497954766656992
2017-04-26 00:00:00-04:00,-0.0005607273495661406
2017-04-27 00:00:00-04:00,0.0004192797447464994
2017-04-28 00:00:00-04:00,-0.002655810378612122
2017-04-30 00:00:00-04:00,0.0005649133546302721
2017-05-01 00:00:00-04:00,0.002561206371250736
2017-05-02 00:00:00-04:00,-0.001703895382160453
2017-05-03 00:00:00-04:00,0.0017101336840661622
2017-05-04 00:00:00-04:00,-0.0007188691556708357
2017-05-05 00:00:00-04:00,0.008269471207145109
2017-05-07 00:00:00-04:00,-0.0014297732643217302
2017-05-08 00:00:00-04:00,-0.0012854859399778062
2017-05-09 00:00:00-04:00,-0.0029478872703239097
2017-05-10 00:00:00-04:00,0.0029402085847942943
2017-05-11 00:00:00-04:00,-0.004542153547752107
2017-05-12 00:00:00-04:00,0.0013604650603771774
2017-05-14 00:00:00-04:00,0.0018544735593616498
2017-05-15 00:00:00-04:00,0.002944580305059373
2017-05-16 00:00:00-04:00,-0.008843076483056152
2017-05-17 00:00:00-04:00,-0.011819056525226636
2017-05-18 00:00:00-04:00,-0.0003087532323687595
2017-05-19 00:00:00-04:00,0.011885412264355667
2017-05-21 00:00:00-04:00,0.0004378058538568307
2017-05-22 00:00:00-04:00,0.004878457168653451
2017-05-23 00:00:00-04:00,0.0029316935254421993
2017-05-24 00:00:00-04:00,0.007745490063588494
2017-05-25 00:00:00-04:00,0.0010038596296639056
2017-05-26 00:00:00-04:00,0.002050834389542238
2017-05-28 00:00:00-04:00,0.0007361568557017744
2017-05-29 00:00:00-04:00,-0.0026584275346049776
2017-05-30 00:00:00-04:00,0.0004439249514314576
2017-05-31 00:00:00-04:00,0.00044415154637412937
2017-06-01 00:00:00-04:00,0.015066987024616615
2017-06-02 00:00:00-04:00,0.0018449680611758183
2017-06-04 00:00:00-04:00,-0.0013469010149674907
2017-06-05 00:00:00-04:00,-0.0018572460470611101
2017-06-06 00:00:00-04:00,-0.0003577432594468588
2017-06-07 00:00:00-04:00,0.0001714533628977387
2017-06-08 00:00:00-04:00,0.002333070414864063
2017-06-09 00:00:00-04:00,-0.0037759758378507068
2017-06-11 00:00:00-04:00,-0.0017958936873217807
2017-06-12 00:00:00-04:00,0.0023393485401789196
2017-06-13 00:00:00-04:00,0.0048514294329164214
2017-06-14 00:00:00-04:00,-0.005403446278722221
2017-06-15 00:00:00-04:00,0.003042862947159206
2017-06-16 00:00:00-04:00,-0.00019556315096119133
2017-06-18 00:00:00-04:00,0.0012949189442810983
2017-06-19 00:00:00-04:00,0.009862518320230025
2017-06-20 00:00:00-04:00,-0.011485237835587392
2017-06-21 00:00:00-04:00,-0.0023343337497506497
2017-06-22 00:00:00-04:00,0.002863381404748555
2017-06-23 00:00:00-04:00,-0.0016285912539240265
2017-06-25 00:00:00-04:00,0.002942851086066328
2017-06-26 00:00:00-04:00,0.0001836005731511815
2017-06-27 00:00:00-04:00,-0.01585931596995041
2017-06-28 00:00:00-04:00,0.020489046702684248
2017-06-29 00:00:00-04:00,-0.017054217232801594
2017-06-30 00:00:00-04:00,0.0018103930235064927
2017-07-02 00:00:00-04:00,0.0036637678516021556
2017-07-03 00:00:00-04:00,-0.001739299355942355
2017-07-04 00:00:00-04:00,0.0003460327330351622
2017-07-05 00:00:00-04:00,0.00193373293892763
2017-07-06 00:00:00-04:00,-0.012146846792771102
2017-07-07 00:00:00-04:00,0.008742377975464994
2017-07-09 00:00:00-04:00,0.0032018004446115276
2017-07-10 00:00:00-04:00,-0.001513448245097047
2017-07-11 00:00:00-04:00,-0.0013470651405554988
2017-07-12 00:00:00-04:00,0.01230845325667655
2017-07-13 00:00:00-04:00,0.0022696774417722194
2017-07-14 00:00:00-04:00,0.0077975180517020435
2017-07-16 00:00:00-04:00,-0.0003268408566108237
2017-07-17 00:00:00-04:00,-0.0011397774397980552
2017-07-18 00:00:00-04:00,0.0034219327506169283
2017-07-19 00:00:00-04:00,0.0061909209043994095
2017-07-20 00:00:00-04:00,0.0009678687627875072
2017-07-21 00:00:00-04:00,-0.0009785217796244824
2017-07-23 00:00:00-04:00,-0.0024407125469570095
2017-07-24 00:00:00-04:00,0.0013003343716362506
2017-07-25 00:00:00-04:00,0.0030904022724955707
2017-07-26 00:00:00-04:00,0.002817297136974487
2017-07-27 00:00:00-04:00,-0.008521561809071588
2017-07-28 00:00:00-04:00,0.003929803160153435
2017-07-30 00:00:00-04:00,-0.0017775070336837617
2017-07-31 00:00:00-04:00,0.003884610873692949
2017-08-01 00:00:00-04:00,0.0007062657734409352
2017-08-02 00:00:00-04:00,-0.0021249960977308873
2017-08-03 00:00:00-04:00,-0.0007244163665941758
2017-08-04 00:00:00-04:00,0.0007196316511852082
2017-08-06 00:00:00-04:00,0.00359976477241292
2017-08-07 00:00:00-04:00,-0.0014351217364590308
2017-08-08 00:00:00-04:00,-0.007017615549650233
2017-08-09 00:00:00-04:00,0.0021364787406768742
2017-08-10 00:00:00-04:00,-0.023861224098322503
2017-08-11 00:00:00-04:00,0.0041921090028044375
2017-08-13 00:00:00-04:00,0.005361658596527251
2017-08-14 00:00:00-04:00,0.014783785538911251
2017-08-15 00:00:00-04:00,-0.005378895467178667
2017-08-16 00:00:00-04:00,0.0009419779511849018
2017-08-17 00:00:00-04:00,-0.01996501251008734
2017-08-18 00:00:00-04:00,-0.0041411079033291266
2017-08-20 00:00:00-04:00,-0.0008844084440641066
2017-08-21 00:00:00-04:00,0.006193557486089254
2017-08-22 00:00:00-04:00,0.008743570113977006
2017-08-23 00:00:00-04:00,-0.005152569296234545
2017-08-24 00:00:00-04:00,0.0015760608733408445
2017-08-25 00:00:00-04:00,-0.0002866928901081296
2017-08-27 00:00:00-04:00,-0.00157613482622768
2017-08-28 00:00:00-04:00,-0.005592312351017605
2017-08-29 00:00:00-04:00,0.010861752211011575
2017-08-30 00:00:00-04:00,0.004847536117203395
2017-08-31 00:00:00-04:00,0.007929762965237891
2017-09-01 00:00:00-04:00,0.0013893949095626404
2017-09-03 00:00:00-04:00,-0.00431303792570671
2017-09-04 00:00:00-04:00,0.0002771292269961894
2017-09-05 00:00:00-04:00,-0.004309073504302939
2017-09-06 00:00:00-04:00,0.0022839211000696053
2017-09-07 00:00:00-04:00,-0.0006188259149695388
2017-09-08 00:00:00-04:00,0.0006238630771168459
2017-09-10 00:00:00-04:00,0.007502600037815167
2017-09-11 00:00:00-04:00,0.008505068017707515
2017-09-12 00:00:00-04:00,0.003866584938380175
2017-09-13 00:00:00-04:00,-5.638138442470465e-07
2017-09-14 00:00:00-04:00,-0.0027738371036966645
2017-09-15 00:00:00-04:00,0.006338441067943842
2017-09-17 00:00:00-04:00,0.002223072951029447
2017-09-18 00:00:00-04:00,-0.0006353550398057018
2017-09-19 00:00:00-04:00,0.0007946187449381257
2017-09-20 00:00:00-04:00,0.0009539682424680736
2017-09-21 00:00:00-04:00,-0.008013963934776078
2017-09-22 00:00:00-04:00,0.004686362252649613
2017-09-24 00:00:00-04:00,0.00016031143990538832
2017-09-25 00:00:00-04:00,-0.0029265307520548933
2017-09-26 00:00:00-04:00,0.0008123045780341518
2017-09-27 00:00:00-04:00,0.004395128317079635
2017-09-28 00:00:00-04:00,0.001955027013181556
2017-09-29 00:00:00-04:00,0.00716065837605909
2017-10-01 00:00:00-04:00,0.0008003434888589644
2017-10-02 00:00:00-04:00,0.00611007795917791
2017-10-03 00:00:00-04:00,0.00238621335912338
2017-10-04 00:00:00-04:00,0.0025448222757373487
2017-10-05 00:00:00-04:00,0.008418573356429189
2017-10-06 00:00:00-04:00,-0.0028565073450349484
2017-10-08 00:00:00-04:00,0.002063208433398287
2017-10-09 00:00:00-04:00,-0.002221896992339445
2017-10-10 00:00:00-04:00,0.0027004160975770816
2017-10-11 00:00:00-04:00,0.0015844457668005372
2017-10-12 00:00:00-04:00,-0.0014274391704645387
2017-10-13 00:00:00-04:00,0.0022201871053505306
2017-10-15 00:00:00-04:00,0.002058048001729489
2017-10-16 00:00:00-04:00,-0.00015852085976216583
2017-10-17 00:00:00-04:00,0.0014254303408678243
2017-10-18 00:00:00-04:00,0.0014377403229691298
2017-10-19 00:00:00-04:00,0.006079561012570704
2017-10-20 00:00:00-04:00,0.0028605895232104877
2017-10-22 00:00:00-04:00,0.00036181611855844
2017-10-23 00:00:00-04:00,-0.006003148692899946
2017-10-24 00:00:00-04:00,-0.0011558270909525637
2017-10-25 00:00:00-04:00,-0.004054530629643115
2017-10-26 00:00:00-04:00,0.0036477834645542643
2017-10-27 00:00:00-04:00,0.012128455002265351
2017-10-29 00:00:00-04:00,-0.002966259195104868
2017-10-30 00:00:00-04:00,-0.004099324038953125
2017-10-31 00:00:00-04:00,0.006415011716483628
2017-11-01 00:00:00-04:00,-0.006370576429976437
2017-11-02 00:00:00-04:00,0.008110246195812743
2017-11-03 00:00:00-04:00,0.002830393969258404
2017-11-05 00:00:00-04:00,-0.002598837763656673
2017-11-06 00:00:00-05:00,0.012772339337378908
2017-11-07 00:00:00-05:00,-0.007601760996085006
2017-11-08 00:00:00-05:00,0.006914430220197628
2017-11-09 00:00:00-05:00,-0.006202491590804801
2017-11-10 00:00:00-05:00,-0.0060909888728180595
2017-11-12 00:00:00-05:00,0.0055090274437888005
2017-11-13 00:00:00-05:00,-0.0051071667719980425
2017-11-14 00:00:00-05:00,-0.008347983801896115
2017-11-15 00:00:00-05:00,-0.0010142034169428329
2017-11-16 00:00:00-05:00,0.013430624883536524
2017-11-17 00:00:00-05:00,-0.007384895299030789
2017-11-19 00:00:00-05:00,-0.004849274876265667
2017-11-20 00:00:00-05:00,0.011543476765527624
2017-11-21 00:00:00-05:00,0.014582197058373441
2017-11-22 00:00:00-05:00,-0.002398422908602032
2017-11-23 00:00:00-05:00,0.003094337254234837
2017-11-24 00:00:00-05:00,0.003112475287000219
2017-11-26 00:00:00-05:00,-0.003163160106416708
2017-11-27 00:00:00-05:00,0.0009669230442007787
2017-11-28 00:00:00-05:00,0.024481557254793136
2017-11-29 00:00:00-05:00,0.0008300044365888015
2017-11-30 00:00:00-05:00,0.014338813269374563
2017-12-01 00:00:00-05:00,0.001082683151771501
2017-12-03 00:00:00-05:00,0.015452003478476965
2017-12-04 00:00:00-05:00,-0.013583141487756235
2017-12-05 00:00:00-05:00,-0.01651289965951715
2017-12-06 00:00:00-05:00,0.008316195515226292
2017-12-07 00:00:00-05:00,0.004498115466521016
2017-12-08 00:00:00-05:00,0.0082183037149623
2017-12-10 00:00:00-05:00,0.0018621074627890456
2017-12-11 00:00:00-05:00,0.006327285665193493
2017-12-12 00:00:00-05:00,-0.0014885284747809962
2017-12-13 00:00:00-05:00,0.00464363103608281
2017-12-14 00:00:00-05:00,-0.005922574134485325
2017-12-15 00:00:00-05:00,0.017714436321333814
2017-12-17 00:00:00-05:00,0.0035093802752321577
2017-12-18 00:00:00-05:00,0.005624849398539301
2017-12-19 00:00:00-05:00,-0.004034759224618284
2017-12-20 00:00:00-05:00,-0.005065650455237519
2017-12-21 00:00:00-05:00,0.005546637757438858
2017-12-22 00:00:00-05:00,-0.0025913198264062836
2017-12-25 00:00:00-05:00,-0.001035175274162386
2017-12-26 00:00:00-05:00,0.002755079050986989
2017-12-27 00:00:00-05:00,-0.002236366578489815
2017-12-28 00:00:00-05:00,0.0008575960448058998
2017-12-29 00:00:00-05:00,-0.01304217053686599
2018-01-01 00:00:00-05:00,0.007155703723295257
2018-01-02 00:00:00-05:00,0.011040902731081572
2018-01-03 00:00:00-05:00,0.010433033228952015
2018-01-04 00:00:00-05:00,0.008879378984781056
2018-01-05 00:00:00-05:00,0.010000601101415466
2018-01-07 00:00:00-05:00,0.0013852621798435731
2018-01-08 00:00:00-05:00,-0.0001541292867511843
2018-01-09 00:00:00-05:00,0.004196673980608288
2018-01-10 00:00:00-05:00,0.001243348118873475
2018-01-11 00:00:00-05:00,0.00968183667782423
2018-01-12 00:00:00-05:00,0.012594501349968189
2018-01-14 00:00:00-05:00,0.0036074267108065754
2018-01-15 00:00:00-05:00,0.0007516034269763978
2018-01-16 00:00:00-05:00,-0.007814804168958345
2018-01-17 00:00:00-05:00,0.01364203851370922
2018-01-18 00:00:00-05:00,-0.0072234276253464015
2018-01-19 00:00:00-05:00,0.01079046619911995
2018-01-21 00:00:00-05:00,-0.002961661731873704
2018-01-22 00:00:00-05:00,0.017393424408772448
2018-01-23 00:00:00-05:00,0.0005290033774323138
2018-01-24 00:00:00-05:00,-0.0002690104952120994
2018-01-25 00:00:00-05:00,0.004051431800484188
2018-01-26 00:00:00-05:00,0.015533717457077479
2018-01-28 00:00:00-05:00,-0.0003995601627524799
2018-01-29 00:00:00-05:00,-0.018241774711678066
2018-01-30 00:00:00-05:00,-0.0030944279565998096
2018-01-31 00:00:00-05:00,0.0016023417161892379
2018-02-01 00:00:00-05:00,-0.008033029160089206
2018-02-02 00:00:00-05:00,-0.030639996480677112
2018-02-04 00:00:00-05:00,-0.003063286050903826
2018-02-05 00:00:00-05:00,-0.0833042458831886
2018-02-06 00:00:00-05:00,-0.0001862719312110678
2018-02-07 00:00:00-05:00,-0.002476774002525251
2018-02-08 00:00:00-05:00,-0.011281587986234418
2018-02-09 00:00:00-05:00,0.0031903555729972796
2018-02-11 00:00:00-05:00,0.0023845494437919777
2018-02-12 00:00:00-05:00,0.002968301417764506
2018-02-13 00:00:00-05:00,0.0026275306108494816
2018-02-14 00:00:00-05:00,0.007800737964246281
2018-02-15 00:00:00-05:00,0.004785734888589568
2018-02-16 00:00:00-05:00,8.680659987659841e-05
2018-02-18 00:00:00-05:00,0.0017380852101963548
2018-02-19 00:00:00-05:00,-0.0025969468323566677
2018-02-20 00:00:00-05:00,-0.003955581757645075
2018-02-21 00:00:00-05:00,-0.0034937777882480107
2018-02-22 00:00:00-05:00,0.005090561732112983
2018-02-23 00:00:00-05:00,0.0048808207179527885
2018-02-25 00:00:00-05:00,0.0007232492718754474
2018-02-26 00:00:00-05:00,0.005102570426439279
2018-02-27 00:00:00-05:00,-0.006130838894625376
2018-02-28 00:00:00-05:00,-0.005822394142407804
2018-03-01 00:00:00-05:00,-0.005726801015767664
2018-03-02 00:00:00-05:00,0.0025163937018884423
2018-03-04 00:00:00-05:00,-0.00305172210094117
2018-03-05 00:00:00-05:00,0.007795591229345473
2018-03-06 00:00:00-05:00,-0.003599362407352691
2018-03-07 00:00:00-05:00,0.004739330651853949
2018-03-08 00:00:00-05:00,0.002170321078528389
2018-03-09 00:00:00-05:00,0.007412174997634376
2018-03-11 00:00:00-05:00,0.0016240172586162798
2018-03-12 00:00:00-04:00,-0.0016621124134065985
2018-03-13 00:00:00-04:00,-0.0036923719829473713
2018-03-14 00:00:00-04:00,-0.0007992634607323399
2018-03-15 00:00:00-04:00,-0.0004809472020209431
2018-03-16 00:00:00-04:00,0.0006022227858553388
2018-03-18 00:00:00-04:00,-0.001003815114850578
2018-03-19 00:00:00-04:00,-0.004787523701132592
2018-03-20 00:00:00-04:00,0.0010114590593110647
2018-03-21 00:00:00-04:00,-0.0010902811093950983
2018-03-22 00:00:00-04:00,-0.015015273454892302
2018-03-23 00:00:00-04:00,-0.004777386474707356
2018-03-25 00:00:00-04:00,-7.025645530972489e-05
2018-03-26 00:00:00-04:00,0.0
2018-03-27 00:00:00-04:00,-0.007749024923191117
2018-03-28 00:00:00-04:00,-6.871483324470264e-05
2018-03-29 00:00:00-04:00,0.0
2018-04-01 00:00:00-04:00,-0.00010568204945415596
2018-04-02 00:00:00-04:00,-0.008000640903384027
2018-04-03 00:00:00-04:00,-6.80247029139749e-05
2018-04-04 00:00:00-04:00,0.0
2018-04-05 00:00:00-04:00,-0.003542308341518371
2018-04-06 00:00:00-04:00,-0.004516844856397038
2018-04-08 00:00:00-04:00,-6.589249764462497e-05
2018-04-09 00:00:00-04:00,0.0
2018-04-10 00:00:00-04:00,-0.001032641662742604
2018-04-11 00:00:00-04:00,0.000336872971391652
2018-04-12 00:00:00-04:00,0.0016092316079883687
2018-04-13 00:00:00-04:00,0.0004841584318484512
2018-04-15 00:00:00-04:00,0.0007816675907580761
2018-04-16 00:00:00-04:00,0.00350800484949212
2018-04-17 00:00:00-04:00,0.003394619213829852
2018-04-18 00:00:00-04:00,0.0003080076620713591
2018-04-19 00:00:00-04:00,-0.0038441964094203165
2018-04-20 00:00:00-04:00,-0.00504354339402786
2018-04-22 00:00:00-04:00,0.0012425827121059297
2018-04-23 00:00:00-04:00,0.0003964517092920117
2018-04-24 00:00:00-04:00,-0.01083600144522261
2018-04-25 00:00:00-04:00,-9.981329934339136e-05
2018-04-26 00:00:00-04:00,0.004161816505471798
2018-04-27 00:00:00-04:00,0.0008467182493889536
2018-04-29 00:00:00-04:00,0.0012518137522637015
2018-04-30 00:00:00-04:00,-0.006133981701657451
2018-05-01 00:00:00-04:00,-0.0003998104071029114
2018-05-02 00:00:00-04:00,-0.00010013937052412791
2018-05-03 00:00:00-04:00,-0.0
2018-05-04 00:00:00-04:00,0.0
2018-05-06 00:00:00-04:00,0.0016007265539231372
2018-05-07 00:00:00-04:00,-0.0002855270536960947
2018-05-08 00:00:00-04:00,-0.00017098991379321032
2018-05-09 00:00:00-04:00,0.007083993551116817
2018-05-10 00:00:00-04:00,0.0049047051077862214
2018-05-11 00:00:00-04:00,0.0014816053637928344
2018-05-13 00:00:00-04:00,0.0024190254116730173
2018-05-14 00:00:00-04:00,-0.002816428765271703
2018-05-15 00:00:00-04:00,-0.004282111149086646
2018-05-16 00:00:00-04:00,0.0036854117773668163
2018-05-17 00:00:00-04:00,0.0003555888269022034
2018-05-18 00:00:00-04:00,-0.002994409537730955
2018-05-20 00:00:00-04:00,0.0042112523933573775
2018-05-21 00:00:00-04:00,0.0005477171418091945
2018-05-22 00:00:00-04:00,-0.003485769620042334
2018-05-23 00:00:00-04:00,0.0020875154795178194
2018-05-24 00:00:00-04:00,0.0020913827042162393
2018-05-25 00:00:00-04:00,-0.0034323968890769526
2018-05-27 00:00:00-04:00,0.0020280854052313444
2018-05-28 00:00:00-04:00,-0.0023881787781945933
2018-05-29 00:00:00-04:00,-0.007614939443294163
2018-05-30 00:00:00-04:00,0.008189588932370692
2018-05-31 00:00:00-04:00,-0.0024196085098612484
2018-06-01 00:00:00-04:00,0.005699637979855812
2018-06-03 00:00:00-04:00,0.0007295710622948438
2018-06-04 00:00:00-04:00,0.0016445714253911154
2018-06-05 00:00:00-04:00,0.0026746248633012326
2018-06-06 00:00:00-04:00,0.005874036445070137
2018-06-07 00:00:00-04:00,-0.0006865793170640973
2018-06-08 00:00:00-04:00,0.0023532907095425693
2018-06-10 00:00:00-04:00,-0.0007703244155079979
2018-06-11 00:00:00-04:00,0.0024600941674967035
2018-06-12 00:00:00-04:00,0.001636310696542837
2018-06-13 00:00:00-04:00,-0.005225905949669091
2018-06-14 00:00:00-04:00,0.004955320738726174
2018-06-15 00:00:00-04:00,-0.0022422282977404852
2018-06-17 00:00:00-04:00,-0.003526673452855751
2018-06-18 00:00:00-04:00,-0.00539230313738951
2018-06-19 00:00:00-04:00,0.0021868400581679533
2018-06-20 00:00:00-04:00,0.007520411005018436
2018-06-21 00:00:00-04:00,-0.009084579653844132
2018-06-22 00:00:00-04:00,-0.000837956387410277
2018-06-24 00:00:00-04:00,-0.0038056841115127844
2018-06-25 00:00:00-04:00,-0.009932957202314928
2018-06-26 00:00:00-04:00,0.00195334636770607
2018-06-27 00:00:00-04:00,-0.004903926939097178
2018-06-28 00:00:00-04:00,0.006783321909255174
2018-06-29 00:00:00-04:00,-0.003371391462977423
2018-07-01 00:00:00-04:00,0.0007606076891550535
2018-07-02 00:00:00-04:00,0.0005721672794445652
2018-07-03 00:00:00-04:00,-0.0019065682253630303
2018-07-04 00:00:00-04:00,0.0007114982930004747
2018-07-05 00:00:00-04:00,0.006704174582457786
2018-07-06 00:00:00-04:00,0.01067142625254771
2018-07-08 00:00:00-04:00,0.004563874464765251
2018-07-09 00:00:00-04:00,0.007460314898028628
2018-07-10 00:00:00-04:00,-0.005842539066771896
2018-07-11 00:00:00-04:00,0.0020386660918112302
2018-07-12 00:00:00-04:00,0.008862373239590191
2018-07-13 00:00:00-04:00,-0.00010443562852103292
2018-07-15 00:00:00-04:00,9.813669958532458e-05
2018-07-16 00:00:00-04:00,-0.003457099217164405
2018-07-17 00:00:00-04:00,0.007986892885121806
2018-07-18 00:00:00-04:00,0.000847568777131839
2018-07-19 00:00:00-04:00,-0.008148515514871078
2018-07-20 00:00:00-04:00,0.002216927629225682
2018-07-22 00:00:00-04:00,-0.0036541699422751907
2018-07-23 00:00:00-04:00,0.01021904981486466
2018-07-24 00:00:00-04:00,-0.0003288926832376435
2018-07-25 00:00:00-04:00,0.007313331280522298
2018-07-26 00:00:00-04:00,0.004075973193780181
2018-07-27 00:00:00-04:00,-0.01117616916828277
2018-07-29 00:00:00-04:00,-0.00422524901166338
2018-07-30 00:00:00-04:00,-0.0008751508425668544
2018-07-31 00:00:00-04:00,0.004043549875090125
2018-08-01 00:00:00-04:00,-0.0020882461232385975
2018-08-02 00:00:00-04:00,0.007154250109019283
2018-08-03 00:00:00-04:00,0.006303107196356681
2018-08-05 00:00:00-04:00,0.0011938424933199225
2018-08-06 00:00:00-04:00,0.0029342164742328963
2018-08-07 00:00:00-04:00,0.004032063678512392
2018-08-08 00:00:00-04:00,-0.0010386422409652597
2018-08-09 00:00:00-04:00,-0.00409122646068081
2018-08-10 00:00:00-04:00,-0.0047070694722585755
2018-08-12 00:00:00-04:00,-0.007654260912312641
2018-08-13 00:00:00-04:00,0.002807882783286643
2018-08-14 00:00:00-04:00,0.004025873537130941
2018-08-15 00:00:00-04:00,-0.0042638176641481675
2018-08-16 00:00:00-04:00,0.008305591345076345
2018-08-17 00:00:00-04:00,0.003651473560583034
2018-08-19 00:00:00-04:00,-0.0008506867275374918
2018-08-20 00:00:00-04:00,0.0031622360645978563
2018-08-21 00:00:00-04:00,-0.0017009191795054333
2018-08-22 00:00:00-04:00,0.0018237313385880236
2018-08-23 00:00:00-04:00,0.0014762510395903022
2018-08-24 00:00:00-04:00,0.007577391638559365
2018-08-26 00:00:00-04:00,0.0033131236615350913
2018-08-27 00:00:00-04:00,0.008867249483370034
2018-08-28 00:00:00-04:00,0.0013493701775149963
2018-08-29 00:00:00-04:00,0.003925739040687945
2018-08-30 00:00:00-04:00,-0.006344206353880564
2018-08-31 00:00:00-04:00,0.003918345946164344
2018-09-02 00:00:00-04:00,-0.0008361723173338986
2018-09-03 00:00:00-04:00,0.000774974984460161
2018-09-04 00:00:00-04:00,-0.005233679494769631
2018-09-05 00:00:00-04:00,-0.003960075051191978
2018-09-06 00:00:00-04:00,-0.007753017272057844
2018-09-07 00:00:00-04:00,-0.0018064168214575744
2018-09-09 00:00:00-04:00,0.004202058922311752
2018-09-10 00:00:00-04:00,0.0012555601093152341
2018-09-11 00:00:00-04:00,0.0030678674672967917
2018-09-12 00:00:00-04:00,-0.0002804105595978746
2018-09-13 00:00:00-04:00,0.010334415050936544
2018-09-14 00:00:00-04:00,-7.234096452733479e-07
2018-09-16 00:00:00-04:00,-0.0024576306524718766
2018-09-17 00:00:00-04:00,-0.008536911904698666
2018-09-18 00:00:00-04:00,0.011946199755576753
2018-09-19 00:00:00-04:00,0.002014164045565546
2018-09-20 00:00:00-04:00,0.017119158618097007
2018-09-21 00:00:00-04:00,-0.004730022214052856
2018-09-23 00:00:00-04:00,-0.002630293326427287
2018-09-24 00:00:00-04:00,-0.0016587406977823186
2018-09-25 00:00:00-04:00,0.0013894303178455078
2018-09-26 00:00:00-04:00,-0.00666867128727207
2018-09-27 00:00:00-04:00,0.004355173420506296
2018-09-28 00:00:00-04:00,-0.0008726244223127279
2018-09-30 00:00:00-04:00,0.007503837353615527
2018-10-01 00:00:00-04:00,-0.0053158516081588
2018-10-02 00:00:00-04:00,0.00561302969895772
2018-10-03 00:00:00-04:00,-0.007931177999045557
2018-10-04 00:00:00-04:00,-0.0072319484962534136
2018-10-05 00:00:00-04:00,-0.008230902090239564
2018-10-07 00:00:00-04:00,-0.0016999359611773466
2018-10-08 00:00:00-04:00,0.0003078577750802871
2018-10-09 00:00:00-04:00,-0.005590484801950307
2018-10-10 00:00:00-04:00,-0.07809841989573517
2018-10-11 00:00:00-04:00,-0.00028211810501019573
2018-10-12 00:00:00-04:00,0.0
2018-10-14 00:00:00-04:00,-0.003667444768261095
2018-10-15 00:00:00-04:00,-0.0001500823336954925
2018-10-16 00:00:00-04:00,0.0
2018-10-17 00:00:00-04:00,-0.00378019505263144
2018-10-18 00:00:00-04:00,-0.008001447113193802
2018-10-19 00:00:00-04:00,-0.003954494265016303
2018-10-21 00:00:00-04:00,-0.0001354984872910967
2018-10-22 00:00:00-04:00,-0.0
2018-10-23 00:00:00-04:00,0.0
2018-10-24 00:00:00-04:00,-0.0
2018-10-25 00:00:00-04:00,-0.0
2018-10-26 00:00:00-04:00,-0.0
2018-10-28 00:00:00-04:00,0.0
2018-10-29 00:00:00-04:00,-0.0
2018-10-30 00:00:00-04:00,0.0
2018-10-31 00:00:00-04:00,0.0
2018-11-01 00:00:00-04:00,0.0
2018-11-02 00:00:00-04:00,-0.0
2018-11-04 00:00:00-04:00,-0.0
2018-11-05 00:00:00-05:00,0.0
2018-11-06 00:00:00-05:00,0.0
2018-11-07 00:00:00-05:00,0.0
2018-11-08 00:00:00-05:00,-0.0018349139694321997
2018-11-09 00:00:00-05:00,-0.007688560225469679
2018-11-11 00:00:00-05:00,0.003204821508295305
2018-11-12 00:00:00-05:00,-0.013048038255282793
2018-11-13 00:00:00-05:00,-0.00011339752045113584
2018-11-14 00:00:00-05:00,-0.0
2018-11-15 00:00:00-05:00,0.0
2018-11-16 00:00:00-05:00,0.0
2018-11-18 00:00:00-05:00,-0.0
2018-11-19 00:00:00-05:00,-0.0
2018-11-20 00:00:00-05:00,-0.0
2018-11-21 00:00:00-05:00,0.0
2018-11-22 00:00:00-05:00,-0.0
2018-11-23 00:00:00-05:00,-0.0
2018-11-25 00:00:00-05:00,0.0
2018-11-26 00:00:00-05:00,0.0
2018-11-27 00:00:00-05:00,0.0
2018-11-28 00:00:00-05:00,0.0
2018-11-29 00:00:00-05:00,0.0
2018-11-30 00:00:00-05:00,0.0
2018-12-02 00:00:00-05:00,0.0
2018-12-03 00:00:00-05:00,-0.006452702833618017
2018-12-04 00:00:00-05:00,-9.699348421468293e-05
2018-12-05 00:00:00-05:00,-0.0
2018-12-06 00:00:00-05:00,0.0
2018-12-07 00:00:00-05:00,-0.0
2018-12-09 00:00:00-05:00,-0.0
2018-12-10 00:00:00-05:00,0.0
2018-12-11 00:00:00-05:00,0.0
2018-12-12 00:00:00-05:00,0.0
2018-12-13 00:00:00-05:00,-0.0
2018-12-14 00:00:00-05:00,-0.0
2018-12-16 00:00:00-05:00,0.0
2018-12-17 00:00:00-05:00,-0.0
2018-12-18 00:00:00-05:00,-0.0
2018-12-19 00:00:00-05:00,-0.0
2018-12-20 00:00:00-05:00,-0.0
2018-12-21 00:00:00-05:00,-0.0
2018-12-23 00:00:00-05:00,0.0
2018-12-24 00:00:00-05:00,-0.0
2018-12-25 00:00:00-05:00,-0.0
2018-12-26 00:00:00-05:00,0.0
2018-12-27 00:00:00-05:00,0.0
2018-12-28 00:00:00-05:00,-0.0
2018-12-30 00:00:00-05:00,0.0
2018-12-31 00:00:00-05:00,0.0
2019-01-01 00:00:00-05:00,-0.0
2019-01-02 00:00:00-05:00,-0.0
2019-01-03 00:00:00-05:00,-0.0
2019-01-04 00:00:00-05:00,0.0
2019-01-06 00:00:00-05:00,0.0
2019-01-07 00:00:00-05:00,0.0
2019-01-08 00:00:00-05:00,0.0
2019-01-09 00:00:00-05:00,-0.0
2019-01-10 00:00:00-05:00,0.0
2019-01-11 00:00:00-05:00,0.0
2019-01-13 00:00:00-05:00,-0.0
2019-01-14 00:00:00-05:00,0.0
2019-01-15 00:00:00-05:00,0.0
2019-01-16 00:00:00-05:00,-0.0
2019-01-17 00:00:00-05:00,0.0
2019-01-18 00:00:00-05:00,0.0
2019-01-20 00:00:00-05:00,-0.0
2019-01-21 00:00:00-05:00,-0.0
2019-01-22 00:00:00-05:00,-0.0
2019-01-23 00:00:00-05:00,-0.0
2019-01-24 00:00:00-05:00,0.0
2019-01-25 00:00:00-05:00,0.0
2019-01-27 00:00:00-05:00,-0.0
2019-01-28 00:00:00-05:00,-0.0
2019-01-29 00:00:00-05:00,0.0
2019-01-30 00:00:00-05:00,0.0
2019-01-31 00:00:00-05:00,0.0
2019-02-01 00:00:00-05:00,0.0
2019-02-03 00:00:00-05:00,0.0
2019-02-04 00:00:00-05:00,0.0
2019-02-05 00:00:00-05:00,0.0
2019-02-06 00:00:00-05:00,-0.0
2019-02-07 00:00:00-05:00,-0.0
2019-02-08 00:00:00-05:00,0.0
2019-02-10 00:00:00-05:00,-0.0
2019-02-11 00:00:00-05:00,0.0
2019-02-12 00:00:00-05:00,0.0
2019-02-13 00:00:00-05:00,-0.00028932575594556683
2019-02-14 00:00:00-05:00,-0.0030910398193111006
2019-02-15 00:00:00-05:00,-7.279059222976195e-05
2019-02-17 00:00:00-05:00,4.4684252996106305e-05
2019-02-18 00:00:00-05:00,-0.000202927720028726
2019-02-19 00:00:00-05:00,-0.00016961208117478936
2019-02-20 00:00:00-05:00,0.0033947037570875842
2019-02-21 00:00:00-05:00,-0.003937337238101337
2019-02-22 00:00:00-05:00,0.0032789076216988345
2019-02-24 00:00:00-05:00,0.0011086332042312343
2019-02-25 00:00:00-05:00,-0.0019594268585062754
2019-02-26 00:00:00-05:00,0.0006833339889182252
2019-02-27 00:00:00-05:00,-3.510896665390175e-05
2019-02-28 00:00:00-05:00,0.0009178004135727405
2019-03-01 00:00:00-05:00,0.0017119622791406876
2019-03-03 00:00:00-05:00,0.0023289758905112715
2019-03-04 00:00:00-05:00,-0.005075230687651752
2019-03-05 00:00:00-05:00,-0.0015455135051055276
2019-03-06 00:00:00-05:00,-0.0036519872081653745
2019-03-07 00:00:00-05:00,-0.006864966859754931
2019-03-08 00:00:00-05:00,-0.000132871251028987
2019-03-10 00:00:00-05:00,-7.339042422354866e-05
2019-03-11 00:00:00-04:00,0.013933220567419509
2019-03-12 00:00:00-04:00,-0.0017057003825240093
2019-03-13 00:00:00-04:00,0.007040429737193554
2019-03-14 00:00:00-04:00,0.001388818563591929
2019-03-15 00:00:00-04:00,0.003322188701739994
2019-03-17 00:00:00-04:00,0.0001547712953002716
2019-03-18 00:00:00-04:00,0.0036661494230974014
2019-03-19 00:00:00-04:00,-0.0027302995778183976
2019-03-20 00:00:00-04:00,-0.0017749490216612332
2019-03-21 00:00:00-04:00,0.010144749766593535
2019-03-22 00:00:00-04:00,-0.01583741793424099
2019-03-24 00:00:00-04:00,-0.004110747228459831
2019-03-25 00:00:00-04:00,0.005648040107457203
2019-03-26 00:00:00-04:00,0.002884640708848573
2019-03-27 00:00:00-04:00,-0.006268927826916039
2019-03-28 00:00:00-04:00,0.0075716348836553
2019-03-29 00:00:00-04:00,0.004180791353591972
2019-03-31 00:00:00-04:00,0.006174244039609984
2019-04-01 00:00:00-04:00,0.002989378906941238
2019-04-02 00:00:00-04:00,0.004449282449395077
2019-04-03 00:00:00-04:00,-1.2257035854267049e-06
2019-04-04 00:00:00-04:00,0.0019962499262532957
2019-04-05 00:00:00-04:00,0.0036219861523512213
2019-04-07 00:00:00-04:00,-0.0012503431712092914
2019-04-08 00:00:00-04:00,0.00091324352081611
2019-04-09 00:00:00-04:00,-0.004433574597262557
2019-04-10 00:00:00-04:00,0.004247209726096844
2019-04-11 00:00:00-04:00,-0.0002617718678934516
2019-04-12 00:00:00-04:00,0.006441888693174377
2019-04-14 00:00:00-04:00,7.143309436520229e-05
2019-04-15 00:00:00-04:00,-0.00017986952262453087
2019-04-16 00:00:00-04:00,0.0008294204479251411
2019-04-17 00:00:00-04:00,-0.006046195252165253
2019-04-18 00:00:00-04:00,0.005029659391916413
2019-04-21 00:00:00-04:00,-0.0017232056541750965
2019-04-22 00:00:00-04:00,0.0018353851168856662
2019-04-23 00:00:00-04:00,0.009504278342241154
2019-04-24 00:00:00-04:00,-0.000700727182575635
2019-04-25 00:00:00-04:00,-0.003934104342233361
2019-04-26 00:00:00-04:00,0.007168761995963863
2019-04-28 00:00:00-04:00,0.00018765377895991534
2019-04-29 00:00:00-04:00,-0.0008135938788998365
2019-04-30 00:00:00-04:00,0.00791520644158044
2019-05-01 00:00:00-04:00,-0.013886380992859665
2019-05-02 00:00:00-04:00,-0.0005811343178769201
2019-05-03 00:00:00-04:00,0.009744656265370352
2019-05-05 00:00:00-04:00,-0.02197553267881436
2019-05-06 00:00:00-04:00,0.010000479425400968
2019-05-07 00:00:00-04:00,-0.00845630505205987
2019-05-08 00:00:00-04:00,-0.007863138348799018
2019-05-09 00:00:00-04:00,-0.0021093156803219377
2019-05-10 00:00:00-04:00,0.007190094398678438
2019-05-12 00:00:00-04:00,-0.009727901646870285
2019-05-13 00:00:00-04:00,-0.012730163849429313
2019-05-14 00:00:00-04:00,0.007701773848713029
2019-05-15 00:00:00-04:00,0.0013837438293326
2019-05-16 00:00:00-04:00,0.009063514678874406
2019-05-17 00:00:00-04:00,-0.004278355183452893
2019-05-19 00:00:00-04:00,0.0032845013562435433
2019-05-20 00:00:00-04:00,-0.00519970264755499
2019-05-21 00:00:00-04:00,0.0037206451685416688
2019-05-22 00:00:00-04:00,-0.00694660089717076
2019-05-23 00:00:00-04:00,-0.006412327330480969
2019-05-24 00:00:00-04:00,0.001370311037639065
2019-05-27 00:00:00-04:00,0.0023952281079366766
2019-05-28 00:00:00-04:00,-0.015250005032003763
2019-05-29 00:00:00-04:00,-0.0040499057496631635
2019-05-30 00:00:00-04:00,-0.0033944416566974267
2019-05-31 00:00:00-04:00,-0.006374091550301909
2019-06-02 00:00:00-04:00,-0.004837559481266441
2019-06-03 00:00:00-04:00,-0.00014521051327527382
2019-06-04 00:00:00-04:00,0.021657146399554406
2019-06-05 00:00:00-04:00,0.004900353842403652
2019-06-06 00:00:00-04:00,0.006912126431533216
2019-06-07 00:00:00-04:00,0.007888468780168783
2019-06-09 00:00:00-04:00,0.0022378152932989517
2019-06-10 00:00:00-04:00,0.004351662376730882
2019-06-11 00:00:00-04:00,-0.003469254554238621
2019-06-12 00:00:00-04:00,-0.0037733949561277553
2019-06-13 00:00:00-04:00,0.007564589463004339
2019-06-14 00:00:00-04:00,-0.0021350603448980422
2019-06-16 00:00:00-04:00,0.00268614862650407
2019-06-17 00:00:00-04:00,-0.0015509573731570133
2019-06-18 00:00:00-04:00,0.008787399175852598
2019-06-19 00:00:00-04:00,0.004697619985125087
2019-06-20 00:00:00-04:00,0.003211176135619384
2019-06-21 00:00:00-04:00,-0.0007354485186965547
2019-06-23 00:00:00-04:00,0.002506752149891025
2019-06-24 00:00:00-04:00,-0.0037610828877687194
2019-06-25 00:00:00-04:00,-0.00680171704765474
2019-06-26 00:00:00-04:00,0.0011788231728761221
2019-06-27 00:00:00-04:00,0.0010898302697457272
2019-06-28 00:00:00-04:00,0.007059446438043753
2019-06-30 00:00:00-04:00,0.004211384108348768
2019-07-01 00:00:00-04:00,0.00020228920765694538
2019-07-02 00:00:00-04:00,0.0016767994078725245
2019-07-03 00:00:00-04:00,0.006693292195196263
2019-07-04 00:00:00-04:00,0.0013486290706412267
2019-07-05 00:00:00-04:00,-0.0034950452561628956
2019-07-07 00:00:00-04:00,-0.0016388419987682615
2019-07-08 00:00:00-04:00,-0.004024606088963561
2019-07-09 00:00:00-04:00,0.0034188391898180596
2019-07-10 00:00:00-04:00,0.0058750589121021966
2019-07-11 00:00:00-04:00,0.001916014622108531
2019-07-12 00:00:00-04:00,0.0012827750419510137
2019-07-14 00:00:00-04:00,0.0009335169665138052
2019-07-15 00:00:00-04:00,0.0006173567624571352
2019-07-16 00:00:00-04:00,-0.0038996574695065165
2019-07-17 00:00:00-04:00,-0.009125604635602651
2019-07-18 00:00:00-04:00,0.009590718249736764
2019-07-19 00:00:00-04:00,-0.00965841352682561
2019-07-21 00:00:00-04:00,-0.0003501040085668185
2019-07-22 00:00:00-04:00,0.005120569333556058
2019-07-23 00:00:00-04:00,0.005180241697462846
2019-07-24 00:00:00-04:00,0.004646454688579505
2019-07-25 00:00:00-04:00,-0.0027358161741524766
2019-07-26 00:00:00-04:00,0.0036676457840847275
2019-07-28 00:00:00-04:00,-0.0010144445069849254
2019-07-29 00:00:00-04:00,0.0017995729050224183
2019-07-30 00:00:00-04:00,-0.0029199313845533863
2019-07-31 00:00:00-04:00,-0.012403112338096529
2019-08-01 00:00:00-04:00,-0.012575383177415439
2019-08-02 00:00:00-04:00,-0.0034181348404731466
2019-08-04 00:00:00-04:00,-0.010422303743111008
2019-08-05 00:00:00-04:00,-0.02947411609230438
2019-08-06 00:00:00-04:00,0.013886253516691604
2019-08-07 00:00:00-04:00,0.0067203021415801695
2019-08-08 00:00:00-04:00,0.012645871709518986
2019-08-09 00:00:00-04:00,-0.0025347557219339836
2019-08-11 00:00:00-04:00,0.00192878185576894
2019-08-12 00:00:00-04:00,-0.010928030492526126
2019-08-13 00:00:00-04:00,0.010243898646398578
2019-08-14 00:00:00-04:00,-0.019685476427407294
2019-08-15 00:00:00-04:00,0.0028045705969388757
2019-08-16 00:00:00-04:00,0.007188921974867851
2019-08-18 00:00:00-04:00,0.003803456721863384
2019-08-19 00:00:00-04:00,0.005094962566022253
2019-08-20 00:00:00-04:00,-0.005278593100143261
2019-08-21 00:00:00-04:00,0.005318471984656968
2019-08-22 00:00:00-04:00,0.0016021469574332397
2019-08-23 00:00:00-04:00,-0.019256573406723987
2019-08-25 00:00:00-04:00,-0.0037405827966723805
2019-08-26 00:00:00-04:00,0.011019159275579839
2019-08-27 00:00:00-04:00,-0.0028225011127963116
2019-08-28 00:00:00-04:00,0.0013793312587568492
2019-08-29 00:00:00-04:00,0.012406161789566992
2019-08-30 00:00:00-04:00,-0.002497678548673061
2019-09-01 00:00:00-04:00,-0.002955467548345597
2019-09-02 00:00:00-04:00,0.0004108195132847475
2019-09-03 00:00:00-04:00,0.001187139255950545
2019-09-04 00:00:00-04:00,0.011619866321370756
2019-09-05 00:00:00-04:00,0.0027810021785124304
2019-09-06 00:00:00-04:00,0.00039219793749213557
2019-09-08 00:00:00-04:00,0.0011605108562243638
2019-09-09 00:00:00-04:00,-0.002147301076253341
2019-09-10 00:00:00-04:00,-8.792578074034632e-05
2019-09-11 00:00:00-04:00,0.008237400052712413
2019-09-12 00:00:00-04:00,0.0002354987175476213
2019-09-13 00:00:00-04:00,-0.0017627453585814482
2019-09-15 00:00:00-04:00,-0.0039054071523628615
2019-09-16 00:00:00-04:00,0.001925850098150116
2019-09-17 00:00:00-04:00,0.0012530670363078548
2019-09-18 00:00:00-04:00,-0.0008203953985380663
2019-09-19 00:00:00-04:00,0.002147843848295954
2019-09-20 00:00:00-04:00,-0.004474635156773698
2019-09-22 00:00:00-04:00,0.002492393552767772
2019-09-23 00:00:00-04:00,0.0010784993909375503
2019-09-24 00:00:00-04:00,-0.0060062214954102935
2019-09-25 00:00:00-04:00,0.0013816177097728925
2019-09-26 00:00:00-04:00,-0.0016509020605223936
2019-09-27 00:00:00-04:00,-0.0027449663369267284
2019-09-29 00:00:00-04:00,0.0028649854275177473
2019-09-30 00:00:00-04:00,0.002693650784525036
2019-10-01 00:00:00-04:00,-0.009973108373220298
2019-10-02 00:00:00-04:00,-0.011817136737232531
2019-10-03 00:00:00-04:00,-9.668019262249618e-05
2019-10-04 00:00:00-04:00,0.009189645309798445
2019-10-06 00:00:00-04:00,-0.0027598731790858012
2019-10-07 00:00:00-04:00,0.0021171766802849557
2019-10-08 00:00:00-04:00,-0.009351845645291929
2019-10-09 00:00:00-04:00,0.0026248329640384794
2019-10-10 00:00:00-04:00,0.006740485577717286
2019-10-11 00:00:00-04:00,0.004670283115399593
2019-10-13 00:00:00-04:00,0.0012726470662407497
2019-10-14 00:00:00-04:00,-0.0007661002600854095
2019-10-15 00:00:00-04:00,0.004306478077400797
2019-10-16 00:00:00-04:00,-0.00013997167278259072
2019-10-17 00:00:00-04:00,0.0009000313342775221
2019-10-18 00:00:00-04:00,-0.0014664617852902695
2019-10-20 00:00:00-04:00,0.001704918065719723
2019-10-21 00:00:00-04:00,0.0036853118300413596
2019-10-22 00:00:00-04:00,-0.00604385853204941
2019-10-23 00:00:00-04:00,0.00480493534032758
2019-10-24 00:00:00-04:00,-0.00024208972442675087
2019-10-25 00:00:00-04:00,0.004195925556295315
2019-10-27 00:00:00-04:00,0.0013570947936513964
2019-10-28 00:00:00-04:00,0.003448936763646114
2019-10-29 00:00:00-04:00,-0.0011748253367031268
2019-10-30 00:00:00-04:00,0.003764996418317083
2019-10-31 00:00:00-04:00,-0.0012628365935846303
2019-11-01 00:00:00-04:00,0.0053976670566577185
2019-11-03 00:00:00-04:00,0.0020160725012155468
2019-11-04 00:00:00-05:00,0.003202635066368922
2019-11-05 00:00:00-05:00,-0.003256581764471376
2019-11-06 00:00:00-05:00,0.0003325783634807834
2019-11-07 00:00:00-05:00,0.0016936873451401907
2019-11-08 00:00:00-05:00,0.0037631934945406838
2019-11-10 00:00:00-05:00,-0.002394418922905231
2019-11-11 00:00:00-05:00,0.000930897187407717
2019-11-12 00:00:00-05:00,-0.0006741852566972754
2019-11-13 00:00:00-05:00,0.00276053914441995
2019-11-14 00:00:00-05:00,0.0052933567120641315
2019-11-15 00:00:00-05:00,0.0035116960700016645
2019-11-17 00:00:00-05:00,-0.0004034629539339112
2019-11-18 00:00:00-05:00,0.002319329009224398
2019-11-19 00:00:00-05:00,-0.0034332067868341975
2019-11-20 00:00:00-05:00,-0.004441353344798831
2019-11-21 00:00:00-05:00,0.002603834785592062
2019-11-22 00:00:00-05:00,0.0013860799233206625
2019-11-24 00:00:00-05:00,0.0022550686977079655
2019-11-25 00:00:00-05:00,0.005563230209431967
2019-11-26 00:00:00-05:00,0.00399042312752259
2019-11-27 00:00:00-05:00,-0.0002763701951716771
2019-11-28 00:00:00-05:00,-0.00013831778900108438
2019-11-29 00:00:00-05:00,-0.0004846345662685366
2019-12-01 00:00:00-05:00,0.0033002407056959564
2019-12-02 00:00:00-05:00,-0.011502547301461268
2019-12-03 00:00:00-05:00,-0.009072557018318423
2019-12-04 00:00:00-05:00,0.005737121771684802
2019-12-05 00:00:00-05:00,0.003683056252730153
2019-12-06 00:00:00-05:00,0.008481527533534186
2019-12-08 00:00:00-05:00,-0.0018645858227426778
2019-12-09 00:00:00-05:00,-0.0016984883292574685
2019-12-10 00:00:00-05:00,-0.0007836336572562108
2019-12-11 00:00:00-05:00,0.004508652129198177
2019-12-12 00:00:00-05:00,0.013565533113282303
2019-12-13 00:00:00-05:00,-0.0031300298240419058
2019-12-15 00:00:00-05:00,0.0038629956398687935
2019-12-16 00:00:00-05:00,0.005477223268411061
2019-12-17 00:00:00-05:00,-0.0011833558835277272
2019-12-18 00:00:00-05:00,0.0011675863069739963
2019-12-19 00:00:00-05:00,0.006208076766496923
2019-12-20 00:00:00-05:00,0.008194049311639846
2019-12-22 00:00:00-05:00,0.0013503375324457494
2019-12-23 00:00:00-05:00,0.00010068115785062785
2019-12-24 00:00:00-05:00,-0.0005538260835590277
2019-12-25 00:00:00-05:00,0.0014238023996855443
2019-12-26 00:00:00-05:00,0.010037017751510589
2019-12-27 00:00:00-05:00,-0.0055584954071726065
2019-12-29 00:00:00-05:00,0.003036246520742927
2019-12-30 00:00:00-05:00,-0.0077228048978088696
2019-12-31 00:00:00-05:00,0.0033604006307407716
2020-01-01 00:00:00-05:00,0.0030126599417006697
2020-01-02 00:00:00-05:00,-0.001327344983448268
2020-01-03 00:00:00-05:00,-0.0003713981015819688
2020-01-05 00:00:00-05:00,-0.0037026033328388993
2020-01-06 00:00:00-05:00,0.012230133316490525
2020-01-07 00:00:00-05:00,-0.014324266888333263
2020-01-08 00:00:00-05:00,0.01890144688431279
2020-01-09 00:00:00-05:00,0.00948647625063842
2020-01-10 00:00:00-05:00,-0.008208374572552125
2020-01-12 00:00:00-05:00,0.003882499262376073
2020-01-13 00:00:00-05:00,0.007084911815684532
2020-01-14 00:00:00-05:00,-0.003842554952601038
2020-01-15 00:00:00-05:00,0.007959256692901885
2020-01-16 00:00:00-05:00,0.009031681296588776
2020-01-17 00:00:00-05:00,0.0030132958020124717
2020-01-19 00:00:00-05:00,0.0007588919053560768
2020-01-20 00:00:00-05:00,-0.006522540787997102
2020-01-21 00:00:00-05:00,0.010296382202994347
2020-01-22 00:00:00-05:00,-0.007844949385157443
2020-01-23 00:00:00-05:00,0.006117421453751101
2020-01-24 00:00:00-05:00,-0.01558231655648271
2020-01-26 00:00:00-05:00,-0.012774003839340582
2020-01-27 00:00:00-05:00,-0.0026215176521522886
2020-01-28 00:00:00-05:00,0.012948118290141728
2020-01-29 00:00:00-05:00,-0.013173386121147032
2020-01-30 00:00:00-05:00,0.015486402121697768
2020-01-31 00:00:00-05:00,-0.023539559518864557
2020-02-02 00:00:00-05:00,0.005227829256370587
2020-02-03 00:00:00-05:00,0.006076570496238039
2020-02-04 00:00:00-05:00,0.010253667020441077
2020-02-05 00:00:00-05:00,0.01758361937536336
2020-02-06 00:00:00-05:00,-0.0035030528152534984
2020-02-07 00:00:00-05:00,-0.004276056086805798
2020-02-09 00:00:00-05:00,-0.0004320751602131882
2020-02-10 00:00:00-05:00,0.010800887082180253
2020-02-11 00:00:00-05:00,0.000629392343814899
2020-02-12 00:00:00-05:00,0.000650808125086658
2020-02-13 00:00:00-05:00,0.0049157639393107265
2020-02-14 00:00:00-05:00,-0.0008999968901621442
2020-02-16 00:00:00-05:00,0.001839560272459742
2020-02-17 00:00:00-05:00,-0.004440225629253291
2020-02-18 00:00:00-05:00,0.0018952241378677082
2020-02-19 00:00:00-05:00,0.0009783702495863523
2020-02-20 00:00:00-05:00,-0.007170505009189025
2020-02-21 00:00:00-05:00,-0.005135981174366726
2020-02-23 00:00:00-05:00,-0.01379063793306597
2020-02-24 00:00:00-05:00,-0.011569118491564192
2020-02-25 00:00:00-05:00,-0.028953738440439452
2020-02-26 00:00:00-05:00,-0.02274828824988216
2020-02-27 00:00:00-05:00,-0.00011692347131969373
2020-02-28 00:00:00-05:00,0.0
2020-03-01 00:00:00-05:00,-0.0
2020-03-02 00:00:00-05:00,0.0
2020-03-03 00:00:00-05:00,-0.0
2020-03-04 00:00:00-05:00,0.0
2020-03-05 00:00:00-05:00,-0.0
2020-03-06 00:00:00-05:00,-0.0
2020-03-08 00:00:00-05:00,-0.0
2020-03-09 00:00:00-04:00,0.0
2020-03-10 00:00:00-04:00,-0.0
2020-03-11 00:00:00-04:00,-0.0
2020-03-12 00:00:00-04:00,-0.0
2020-03-13 00:00:00-04:00,0.0
2020-03-15 00:00:00-04:00,-0.0
2020-03-16 00:00:00-04:00,-0.0
2020-03-17 00:00:00-04:00,-0.0
2020-03-18 00:00:00-04:00,-0.0
2020-03-19 00:00:00-04:00,0.0
2020-03-20 00:00:00-04:00,-0.0
2020-03-22 00:00:00-04:00,-0.0
2020-03-23 00:00:00-04:00,0.0
2020-03-24 00:00:00-04:00,0.0
2020-03-25 00:00:00-04:00,0.0
2020-03-26 00:00:00-04:00,0.0
2020-03-27 00:00:00-04:00,-0.0
2020-03-29 00:00:00-04:00,-0.0
2020-03-30 00:00:00-04:00,0.0
2020-03-31 00:00:00-04:00,-0.0
2020-04-01 00:00:00-04:00,-0.0
2020-04-02 00:00:00-04:00,0.0
2020-04-03 00:00:00-04:00,-0.0
2020-04-05 00:00:00-04:00,0.0
2020-04-06 00:00:00-04:00,0.0
2020-04-07 00:00:00-04:00,-0.0
2020-04-08 00:00:00-04:00,0.0
2020-04-09 00:00:00-04:00,0.0
2020-04-12 00:00:00-04:00,-0.0
2020-04-13 00:00:00-04:00,0.0
2020-04-14 00:00:00-04:00,0.0
2020-04-15 00:00:00-04:00,-0.0
2020-04-16 00:00:00-04:00,0.0
2020-04-17 00:00:00-04:00,-0.0
2020-04-19 00:00:00-04:00,-0.0
2020-04-20 00:00:00-04:00,-0.0
2020-04-21 00:00:00-04:00,-0.0
2020-04-22 00:00:00-04:00,0.0
2020-04-23 00:00:00-04:00,-0.0
2020-04-24 00:00:00-04:00,0.0
2020-04-26 00:00:00-04:00,0.0
2020-04-27 00:00:00-04:00,0.0
2020-04-28 00:00:00-04:00,0.0
2020-04-29 00:00:00-04:00,0.0
2020-04-30 00:00:00-04:00,-0.0
2020-05-01 00:00:00-04:00,-0.0
2020-05-03 00:00:00-04:00,-0.0
2020-05-04 00:00:00-04:00,0.0
2020-05-05 00:00:00-04:00,0.0
2020-05-06 00:00:00-04:00,-0.0
2020-05-07 00:00:00-04:00,0.0
2020-05-08 00:00:00-04:00,0.0
2020-05-10 00:00:00-04:00,0.0
2020-05-11 00:00:00-04:00,-0.0
2020-05-12 00:00:00-04:00,-0.0
2020-05-13 00:00:00-04:00,-0.0
2020-05-14 00:00:00-04:00,0.0
2020-05-15 00:00:00-04:00,0.0
2020-05-17 00:00:00-04:00,0.0
2020-05-18 00:00:00-04:00,0.0
2020-05-19 00:00:00-04:00,-0.0
2020-05-20 00:00:00-04:00,0.0
2020-05-21 00:00:00-04:00,-0.0
2020-05-22 00:00:00-04:00,0.0
2020-05-24 00:00:00-04:00,0.0
2020-05-25 00:00:00-04:00,0.0
2020-05-26 00:00:00-04:00,0.0
2020-05-27 00:00:00-04:00,0.0
2020-05-28 00:00:00-04:00,-0.001217827712687118
2020-05-29 00:00:00-04:00,0.0021581938978742178
2020-05-31 00:00:00-04:00,-0.0007807662594449404
2020-06-01 00:00:00-04:00,-0.0009776282390112614
2020-06-02 00:00:00-04:00,0.004852082562706743
2020-06-03 00:00:00-04:00,0.0023973077960129977
2020-06-04 00:00:00-04:00,0.0014892874765440112
2020-06-05 00:00:00-04:00,0.007441590373761173
2020-06-07 00:00:00-04:00,0.0006876380658209959
2020-06-08 00:00:00-04:00,0.003524113372660703
2020-06-09 00:00:00-04:00,7.980524514621297e-05
2020-06-10 00:00:00-04:00,-0.006750814067124393
2020-06-11 00:00:00-04:00,-0.016927993331030428
2020-06-12 00:00:00-04:00,-0.0005440174950542765
2020-06-14 00:00:00-04:00,-0.0056721630232698635
2020-06-15 00:00:00-04:00,-5.462982057270874e-05
2020-06-16 00:00:00-04:00,-0.0008870822669494337
2020-06-17 00:00:00-04:00,-0.003999022418682092
2020-06-18 00:00:00-04:00,0.0042510950558326535
2020-06-19 00:00:00-04:00,-0.005954079725780122
2020-06-21 00:00:00-04:00,0.0016972527048381477
2020-06-22 00:00:00-04:00,0.0051226007632953026
2020-06-23 00:00:00-04:00,0.00041767915087806466
2020-06-24 00:00:00-04:00,-0.01058589742854155
2020-06-25 00:00:00-04:00,0.004449133328695323
2020-06-26 00:00:00-04:00,-0.008347726378153206
2020-06-28 00:00:00-04:00,-6.235978296552414e-05
2020-06-29 00:00:00-04:00,0.0
2020-06-30 00:00:00-04:00,0.004332046024727803
2020-07-01 00:00:00-04:00,0.0038347385708329064
2020-07-02 00:00:00-04:00,0.0019498340123560267
2020-07-03 00:00:00-04:00,-0.0010953286871259833
2020-07-05 00:00:00-04:00,0.005941674210204335
2020-07-06 00:00:00-04:00,0.0008209228613198857
2020-07-07 00:00:00-04:00,-0.0024762924429156258
2020-07-08 00:00:00-04:00,0.0021439865305493476
2020-07-09 00:00:00-04:00,-0.0037852561834020235
2020-07-10 00:00:00-04:00,0.006700642381154769
2020-07-12 00:00:00-04:00,0.0020705719143641345
2020-07-13 00:00:00-04:00,-0.006201287202475597
2020-07-14 00:00:00-04:00,0.008478839723903075
2020-07-15 00:00:00-04:00,-0.0006181155694423127
2020-07-16 00:00:00-04:00,-9.8269764912783e-07
2020-07-17 00:00:00-04:00,0.0013846219521670058
2020-07-19 00:00:00-04:00,-0.0018033823690731074
2020-07-20 00:00:00-04:00,0.0069845258544674075
2020-07-21 00:00:00-04:00,0.0023563087603334317
2020-07-22 00:00:00-04:00,-0.000380539020452296
2020-07-23 00:00:00-04:00,-0.004657036648852701
2020-07-24 00:00:00-04:00,-0.004268325808844334
2020-07-26 00:00:00-04:00,0.0028060491949325234
2020-07-27 00:00:00-04:00,0.0031819068239823745
2020-07-28 00:00:00-04:00,-0.004813509043142984
2020-07-29 00:00:00-04:00,0.005889962089147589
2020-07-30 00:00:00-04:00,0.0012702656536078753
2020-07-31 00:00:00-04:00,0.0009769779633248996
2020-08-02 00:00:00-04:00,7.240186158827363e-07
2020-08-03 00:00:00-04:00,0.003906674927409806
2020-08-04 00:00:00-04:00,0.0016555322100105714
2020-08-05 00:00:00-04:00,0.0024637774030428984
2020-08-06 00:00:00-04:00,0.002617777209528235
2020-08-07 00:00:00-04:00,0.0017538180643235251
2020-08-09 00:00:00-04:00,0.0006164071442634943
2020-08-10 00:00:00-04:00,0.0017062725168316326
2020-08-11 00:00:00-04:00,-0.004403178207773964
2020-08-12 00:00:00-04:00,0.005919153445197444
2020-08-13 00:00:00-04:00,0.0003387771105579511
2020-08-14 00:00:00-04:00,-0.001715753107890778
2020-08-16 00:00:00-04:00,0.0018991500264040832
2020-08-17 00:00:00-04:00,0.0006422480891073919
2020-08-18 00:00:00-04:00,0.0017243855919240026
2020-08-19 00:00:00-04:00,-0.006426484577537901
2020-08-20 00:00:00-04:00,0.006116152735566544
2020-08-21 00:00:00-04:00,0.00097967118781228
2020-08-23 00:00:00-04:00,0.001444804366625041
2020-08-24 00:00:00-04:00,0.007654394565383704
2020-08-25 00:00:00-04:00,-0.0004311035781278839
2020-08-26 00:00:00-04:00,0.00621663475830871
2020-08-27 00:00:00-04:00,0.00725341884074937
2020-08-28 00:00:00-04:00,-0.0006437319736439264
2020-08-30 00:00:00-04:00,0.004137404048843321
2020-08-31 00:00:00-04:00,-0.004261020849003548
2020-09-01 00:00:00-04:00,0.006553837886711988
2020-09-02 00:00:00-04:00,0.009185326773266993
2020-09-03 00:00:00-04:00,-0.031160385948716562
2020-09-04 00:00:00-04:00,-0.004987467787400157
2020-09-06 00:00:00-04:00,-0.0012549793108202628
2020-09-07 00:00:00-04:00,0.0035285674472790127
2020-09-08 00:00:00-04:00,-0.019366869703493907
2020-09-09 00:00:00-04:00,0.01163817379156546
2020-09-10 00:00:00-04:00,-0.0072492332109872736
2020-09-11 00:00:00-04:00,-0.004545898523701083
2020-09-13 00:00:00-04:00,0.00702782146575402
2020-09-14 00:00:00-04:00,0.0027849710021924
2020-09-15 00:00:00-04:00,0.00418744378719319
2020-09-16 00:00:00-04:00,-0.010065738629372309
2020-09-17 00:00:00-04:00,-0.0003206553593294547
2020-09-18 00:00:00-04:00,-0.005063954422353396
2020-09-20 00:00:00-04:00,-0.0001947452956992645
2020-09-21 00:00:00-04:00,-0.008735341774433664
2020-09-22 00:00:00-04:00,0.005057093317274541
2020-09-23 00:00:00-04:00,-0.01294787573416399
2020-09-24 00:00:00-04:00,0.0042464031529966546
2020-09-25 00:00:00-04:00,0.006822011325625786
2020-09-27 00:00:00-04:00,0.0018981966353606762
2020-09-28 00:00:00-04:00,0.010545594985823031
2020-09-29 00:00:00-04:00,-0.004095560933269645
2020-09-30 00:00:00-04:00,0.007109790568001552
2020-10-01 00:00:00-04:00,-0.0025905475807192608
2020-10-02 00:00:00-04:00,-0.003003364029743147
2020-10-04 00:00:00-04:00,0.004501163413515429
2020-10-05 00:00:00-04:00,0.005546009484866495
2020-10-06 00:00:00-04:00,-0.007757953117370461
2020-10-07 00:00:00-04:00,0.011993249522679281
2020-10-08 00:00:00-04:00,0.006834041172280225
2020-10-09 00:00:00-04:00,0.0029002239903779693
2020-10-11 00:00:00-04:00,0.0003615956414802446
2020-10-12 00:00:00-04:00,0.007513474794355212
2020-10-13 00:00:00-04:00,-0.0012358537279684204
2020-10-14 00:00:00-04:00,-0.00794730251345511
2020-10-15 00:00:00-04:00,0.0032926533530765034
2020-10-16 00:00:00-04:00,-0.0039295711418238085
2020-10-18 00:00:00-04:00,0.003688571459835611
2020-10-19 00:00:00-04:00,-0.008539455251788824
2020-10-20 00:00:00-04:00,0.002836582362372546
2020-10-21 00:00:00-04:00,-0.006791432043788036
2020-10-22 00:00:00-04:00,0.007102860527301418
2020-10-23 00:00:00-04:00,6.360984013322004e-06
2020-10-25 00:00:00-04:00,-0.003016712618834392
2020-10-26 00:00:00-04:00,-0.0059515863504901335
2020-10-27 00:00:00-04:00,-0.005544385765235609
2020-10-28 00:00:00-04:00,-0.011039873735283224
2020-10-29 00:00:00-04:00,-0.003899160708477018
2020-10-30 00:00:00-04:00,-0.00035647760729401847
2020-11-01 00:00:00-04:00,-0.0005970167222262444
2020-11-02 00:00:00-05:00,0.007277897901576506
2020-11-03 00:00:00-05:00,0.013171070231509069
2020-11-04 00:00:00-05:00,0.011462156183817322
2020-11-05 00:00:00-05:00,0.001983688125925848
2020-11-06 00:00:00-05:00,0.004255163997750214
2020-11-08 00:00:00-05:00,0.008280951109930068
2020-11-09 00:00:00-05:00,-0.0070014573792689105
2020-11-10 00:00:00-05:00,0.004657504096212319
2020-11-11 00:00:00-05:00,-0.0008381748567635235
2020-11-12 00:00:00-05:00,-0.0008696550714818459
2020-11-13 00:00:00-05:00,0.00735934904099761
2020-11-15 00:00:00-05:00,0.004584947142835785
2020-11-16 00:00:00-05:00,-0.00044855403516509603
2020-11-17 00:00:00-05:00,-0.0012605653073938484
2020-11-18 00:00:00-05:00,-0.006324060773850571
2020-11-19 00:00:00-05:00,0.000485509615575207
2020-11-20 00:00:00-05:00,-0.0036191065400452923
2020-11-22 00:00:00-05:00,0.0033537480079392956
2020-11-23 00:00:00-05:00,0.0071688802540417484
2020-11-24 00:00:00-05:00,0.005934451172774256
2020-11-25 00:00:00-05:00,-0.0017859642699612419
2020-11-26 00:00:00-05:00,-0.00105181788896225
2020-11-27 00:00:00-05:00,0.0020948037296862816
2020-11-29 00:00:00-05:00,-0.0030587302338752472
2020-11-30 00:00:00-05:00,0.005596668941974799
2020-12-01 00:00:00-05:00,3.065427160173844e-05
2020-12-02 00:00:00-05:00,0.0016892672096888897
2020-12-03 00:00:00-05:00,0.0016915934974707186
2020-12-04 00:00:00-05:00,0.003386926709105897
2020-12-06 00:00:00-05:00,-0.0002594036505453738
2020-12-07 00:00:00-05:00,-0.001523181427240363
2020-12-08 00:00:00-05:00,0.005423377693768752
2020-12-09 00:00:00-05:00,-0.006704966412047955
2020-12-10 00:00:00-05:00,-0.0019190055939599076
2020-12-11 00:00:00-05:00,-0.0004050403807825854
2020-12-13 00:00:00-05:00,0.003441451442718311
2020-12-14 00:00:00-05:00,-0.006245513978632605
2020-12-15 00:00:00-05:00,0.008437878266009132
2020-12-16 00:00:00-05:00,0.0031886865577851666
2020-12-17 00:00:00-05:00,0.0005533715328880344
2020-12-18 00:00:00-05:00,0.0013723388776169033
2020-12-20 00:00:00-05:00,-0.00190811745190735
2020-12-21 00:00:00-05:00,-0.005164155404591352
2020-12-22 00:00:00-05:00,-0.000371695194186961
2020-12-23 00:00:00-05:00,0.0031005033617988076
2020-12-24 00:00:00-05:00,0.0010042108644798705
2020-12-27 00:00:00-05:00,0.004614123168467132
2020-12-28 00:00:00-05:00,0.004663594556795433
2020-12-29 00:00:00-05:00,-0.0017102886824259065
2020-12-30 00:00:00-05:00,-0.0018271481543929219
2020-12-31 00:00:00-05:00,0.004584710196658064
2021-01-03 00:00:00-05:00,0.00032888431248491413
2021-01-04 00:00:00-05:00,-0.011694401216173359
2021-01-05 00:00:00-05:00,0.0005248714385752341
2021-01-06 00:00:00-05:00,0.013110928485419735
2021-01-07 00:00:00-05:00,0.0103963380933735
2021-01-08 00:00:00-05:00,0.0023717348566056973
2021-01-10 00:00:00-05:00,-0.006192551030250582
2021-01-11 00:00:00-05:00,-0.00036457118394572584
2021-01-12 00:00:00-05:00,0.0022988348605472116
2021-01-13 00:00:00-05:00,0.0023026705813499943
2021-01-14 00:00:00-05:00,-0.007563172809503072
2021-01-15 00:00:00-05:00,-0.00625818276579887
2021-01-17 00:00:00-05:00,0.0007780052008318678
2021-01-18 00:00:00-05:00,0.008402428358379713
2021-01-19 00:00:00-05:00,0.0011967804283153892
2021-01-20 00:00:00-05:00,0.015224712554416724
2021-01-21 00:00:00-05:00,-0.004793336142019339
2021-01-22 00:00:00-05:00,-0.0005545495646396249
2021-01-24 00:00:00-05:00,0.0036846489035034778
2021-01-25 00:00:00-05:00,-0.00587858314448748
2021-01-26 00:00:00-05:00,0.0028626936032770485
2021-01-27 00:00:00-05:00,-0.026316901720369067
2021-01-28 00:00:00-05:00,0.0011729969486012233
2021-01-29 00:00:00-05:00,-0.007761954700888544
2021-01-31 00:00:00-05:00,0.005009256741488241
2021-02-01 00:00:00-05:00,0.013954836844448284
2021-02-02 00:00:00-05:00,0.009806932817083605
2021-02-03 00:00:00-05:00,-0.0032836287902911223
2021-02-04 00:00:00-05:00,0.011471341439378623
2021-02-05 00:00:00-05:00,0.0026021619835449664
2021-02-07 00:00:00-05:00,0.0026355074370877007
2021-02-08 00:00:00-05:00,0.0021245717000513754
2021-02-09 00:00:00-05:00,0.0023820760413132717
2021-02-10 00:00:00-05:00,-0.002805883168765828
2021-02-11 00:00:00-05:00,-0.0006551860129532574
2021-02-12 00:00:00-05:00,0.0063111054013422485
2021-02-14 00:00:00-05:00,0.0023642212099008156
2021-02-15 00:00:00-05:00,0.0023182511249542443
2021-02-16 00:00:00-05:00,-0.00652041492239573
2021-02-17 00:00:00-05:00,-0.0015262500333581
2021-02-18 00:00:00-05:00,-0.004365543005479608
2021-02-19 00:00:00-05:00,0.0002047313145352872
2021-02-21 00:00:00-05:00,-0.0005789226483565223
2021-02-22 00:00:00-05:00,-0.0003686247990478904
2021-02-23 00:00:00-05:00,-0.004628767396034589
2021-02-24 00:00:00-05:00,0.012194626060868031
2021-02-25 00:00:00-05:00,-0.023023041208275766
2021-02-26 00:00:00-05:00,-0.0025994136291989708
2021-02-28 00:00:00-05:00,0.006630556368444988
2021-03-01 00:00:00-05:00,0.00860294420487764
2021-03-02 00:00:00-05:00,-0.00035964854812876905
2021-03-03 00:00:00-05:00,-0.016135479576512526
2021-03-04 00:00:00-05:00,-0.007178770316951986
2021-03-05 00:00:00-05:00,0.015128132919375375
2021-03-07 00:00:00-05:00,-0.0017533977910871095
2021-03-08 00:00:00-05:00,0.0036265682070380097
2021-03-09 00:00:00-05:00,0.0030402693396713266
2021-03-10 00:00:00-05:00,0.007461537596258115
2021-03-11 00:00:00-05:00,0.004852280888419513
2021-03-12 00:00:00-05:00,-0.0003346276721679901
2021-03-14 00:00:00-05:00,0.0004964923621003048
2021-03-15 00:00:00-04:00,0.003374983064159382
2021-03-16 00:00:00-04:00,-0.0014219618998608113
2021-03-17 00:00:00-04:00,0.002339312681541972
2021-03-18 00:00:00-04:00,-0.009017698712876051
2021-03-19 00:00:00-04:00,-0.0021464317201554915
2021-03-21 00:00:00-04:00,0.0001667996064277909
2021-03-22 00:00:00-04:00,0.0049008300763001755
2021-03-23 00:00:00-04:00,-0.004143374773400925
2021-03-24 00:00:00-04:00,-0.002118718245815621
2021-03-25 00:00:00-04:00,0.004028817232729612
2021-03-26 00:00:00-04:00,0.008453018515999215
2021-03-28 00:00:00-04:00,-0.0031253877320849338
2021-03-29 00:00:00-04:00,0.002021415478116638
2021-03-30 00:00:00-04:00,-0.00145745539427317
2021-03-31 00:00:00-04:00,0.003042084238470621
2021-04-01 00:00:00-04:00,0.008357511134393845
2021-04-02 00:00:00-04:00,0.0017541776993876255
2021-04-04 00:00:00-04:00,-0.00024400698631996177
2021-04-05 00:00:00-04:00,0.005945768549914722
2021-04-06 00:00:00-04:00,-4.7764439131496904e-05
2021-04-07 00:00:00-04:00,0.0037155367762247856
2021-04-08 00:00:00-04:00,0.0012212956435895034
2021-04-09 00:00:00-04:00,0.0033444388745775796
2021-04-11 00:00:00-04:00,-0.0008474350493666229
2021-04-12 00:00:00-04:00,0.002475954462474319
2021-04-13 00:00:00-04:00,0.0016994651611060344
2021-04-14 00:00:00-04:00,-0.0020889782268509204
2021-04-15 00:00:00-04:00,0.006405263601624427
2021-04-16 00:00:00-04:00,0.0031487590835373685
2021-04-18 00:00:00-04:00,-0.0006439395877996761
2021-04-19 00:00:00-04:00,-0.001073509425261312
2021-04-20 00:00:00-04:00,-0.008589854460387996
2021-04-21 00:00:00-04:00,0.007965205451232454
2021-04-22 00:00:00-04:00,-0.004485532080939452
2021-04-23 00:00:00-04:00,0.005802588762611487
2021-04-25 00:00:00-04:00,0.0013595948166521988
2021-04-26 00:00:00-04:00,0.0011054887203980565
2021-04-27 00:00:00-04:00,0.0005345701298720467
2021-04-28 00:00:00-04:00,0.002899576985707571
2021-04-29 00:00:00-04:00,-0.0016688308074323055
2021-04-30 00:00:00-04:00,-0.0017727888792243914
2021-05-02 00:00:00-04:00,0.0010503935349524094
2021-05-03 00:00:00-04:00,-0.0023114792195283364
2021-05-04 00:00:00-04:00,-0.0006685357890768687
2021-05-05 00:00:00-04:00,-0.002784181043407316
2021-05-06 00:00:00-04:00,0.00799002282326888
2021-05-07 00:00:00-04:00,0.005861307619871967
2021-05-09 00:00:00-04:00,0.0014535158070973395
2021-05-10 00:00:00-04:00,-0.016433874823605053
2021-05-11 00:00:00-04:00,-0.004751089788042812
2021-05-12 00:00:00-04:00,-0.012177020257430478
2021-05-13 00:00:00-04:00,0.009891952939808279
2021-05-14 00:00:00-04:00,0.011692039985473034
2021-05-16 00:00:00-04:00,-0.0021168436609560735
2021-05-17 00:00:00-04:00,0.000819448297886148
2021-05-18 00:00:00-04:00,-0.014234722622115299
2021-05-19 00:00:00-04:00,-0.0002950020092712813
2021-05-20 00:00:00-04:00,0.01253408127770734
2021-05-21 00:00:00-04:00,-0.0007651395847930087
2021-05-23 00:00:00-04:00,0.0007849498269588316
2021-05-24 00:00:00-04:00,0.008901587436270881
2021-05-25 00:00:00-04:00,-0.0006890155807299397
2021-05-26 00:00:00-04:00,-0.0027566194075456492
2021-05-27 00:00:00-04:00,0.005472952498769756
2021-05-28 00:00:00-04:00,-0.0016630366014183996
2021-05-30 00:00:00-04:00,0.0006661400229596399
2021-05-31 00:00:00-04:00,-0.0018264507313226462
2021-06-01 00:00:00-04:00,-0.00041398460608298073
2021-06-02 00:00:00-04:00,0.002524881421629124
2021-06-03 00:00:00-04:00,-0.004834975058376203
2021-06-04 00:00:00-04:00,0.008623587817093015
2021-06-06 00:00:00-04:00,-0.0010102657143386275
2021-06-07 00:00:00-04:00,0.0010817244397851626
2021-06-08 00:00:00-04:00,0.0004173351694741043
2021-06-09 00:00:00-04:00,-0.0013044878546461113
2021-06-10 00:00:00-04:00,0.003806890762014273
2021-06-11 00:00:00-04:00,0.0012966764159457736
2021-06-13 00:00:00-04:00,0.0014675121553596334
2021-06-14 00:00:00-04:00,0.001862357809335325
2021-06-15 00:00:00-04:00,-0.0033817477374379233
2021-06-16 00:00:00-04:00,-0.009388813220035756
2021-06-17 00:00:00-04:00,0.0049440985955390634
2021-06-18 00:00:00-04:00,-0.015346513577441186
2021-06-20 00:00:00-04:00,-0.004150728135982399
2021-06-21 00:00:00-04:00,0.019380086687926533
2021-06-22 00:00:00-04:00,0.0050434245662287994
2021-06-23 00:00:00-04:00,-0.00020634670674323435
2021-06-24 00:00:00-04:00,0.004096429496052132
2021-06-25 00:00:00-04:00,0.0021395532367971593
2021-06-27 00:00:00-04:00,0.0004153516995277901
2021-06-28 00:00:00-04:00,-0.00018792498202116592
2021-06-29 00:00:00-04:00,0.002428837804322543
2021-06-30 00:00:00-04:00,0.0022602240214970883
2021-07-01 00:00:00-04:00,0.003160326416613569
2021-07-02 00:00:00-04:00,0.006036062608436741
2021-07-04 00:00:00-04:00,-0.00078490386775208
2021-07-05 00:00:00-04:00,0.0012782886595576438
2021-07-06 00:00:00-04:00,-0.0022642180350917977
2021-07-07 00:00:00-04:00,0.0020918138131054784
2021-07-08 00:00:00-04:00,-0.00846647638278248
2021-07-09 00:00:00-04:00,0.012221580356133266
2021-07-11 00:00:00-04:00,-0.0009345042005162657
2021-07-12 00:00:00-04:00,0.004160943904865372
2021-07-13 00:00:00-04:00,-0.003222149167201306
2021-07-14 00:00:00-04:00,0.0005277395791277948
2021-07-15 00:00:00-04:00,-0.0036858942304611527
2021-07-16 00:00:00-04:00,-0.00614161269007862
2021-07-18 00:00:00-04:00,-0.0026939108957904643
2021-07-19 00:00:00-04:00,-0.006679166646091983
2021-07-20 00:00:00-04:00,0.009180950586387236
2021-07-21 00:00:00-04:00,0.009107373645844857
2021-07-22 00:00:00-04:00,0.0039316898158224
2021-07-23 00:00:00-04:00,0.006939797057516297
2021-07-25 00:00:00-04:00,-0.0028719139533250225
2021-07-26 00:00:00-04:00,0.004728940684079709
2021-07-27 00:00:00-04:00,-0.003155810817235479
2021-07-28 00:00:00-04:00,-0.0022821184224764085
2021-07-29 00:00:00-04:00,-0.0014101496585119113
2021-07-30 00:00:00-04:00,0.0033591964799988723
2021-08-01 00:00:00-04:00,0.0044769124050010045
2021-08-02 00:00:00-04:00,-0.006953645665795079
2021-08-03 00:00:00-04:00,0.006678622122770238
2021-08-04 00:00:00-04:00,-0.0021335199158396454
2021-08-05 00:00:00-04:00,0.0039007169253004806
2021-08-06 00:00:00-04:00,0.0031286502146206886
2021-08-08 00:00:00-04:00,-0.0023933618829880088
2021-08-09 00:00:00-04:00,-0.00032434547578784405
2021-08-10 00:00:00-04:00,0.002265192374698523
2021-08-11 00:00:00-04:00,0.0027483089697931773
2021-08-12 00:00:00-04:00,0.002960447926221769
2021-08-13 00:00:00-04:00,0.0022740379007843785
2021-08-15 00:00:00-04:00,-0.002825316509582418
2021-08-16 00:00:00-04:00,0.0035958881613940693
2021-08-17 00:00:00-04:00,-0.005228519857411538
2021-08-18 00:00:00-04:00,-0.013515355153584228
2021-08-19 00:00:00-04:00,0.00025912339481216895
2021-08-20 00:00:00-04:00,0.00993005859786613
2021-08-22 00:00:00-04:00,0.004112742879885264
2021-08-23 00:00:00-04:00,0.007423755340982774
2021-08-24 00:00:00-04:00,-0.000733158103049283
2021-08-25 00:00:00-04:00,0.0016624592190234476
2021-08-26 00:00:00-04:00,-0.002631286969389334
2021-08-27 00:00:00-04:00,0.0069667498407811205
2021-08-29 00:00:00-04:00,0.0004194041741909027
2021-08-30 00:00:00-04:00,0.005205223868357858
2021-08-31 00:00:00-04:00,0.0018083607265413472
2021-09-01 00:00:00-04:00,-0.004581763335546257
2021-09-02 00:00:00-04:00,0.00795005542192936
2021-09-03 00:00:00-04:00,-0.003397850276529588
2021-09-05 00:00:00-04:00,-0.0011804810687553037
2021-09-06 00:00:00-04:00,0.003199744952767764
2021-09-07 00:00:00-04:00,-0.005252548580842788
2021-09-08 00:00:00-04:00,-0.00564136282258596
2021-09-09 00:00:00-04:00,-0.001205078329930628
2021-09-10 00:00:00-04:00,-0.010825768057667925
2021-09-12 00:00:00-04:00,0.0013447069044433156
2021-09-13 00:00:00-04:00,0.0022014725333558555
2021-09-14 00:00:00-04:00,-0.008314874695736125
2021-09-15 00:00:00-04:00,0.010097933640427437
2021-09-16 00:00:00-04:00,-0.002735022141446164
2021-09-17 00:00:00-04:00,-0.013120182379784354
2021-09-19 00:00:00-04:00,-0.00909786231372928
2021-09-20 00:00:00-04:00,-0.004529343019895118
2021-09-21 00:00:00-04:00,-0.005403142799146206
2021-09-22 00:00:00-04:00,0.013113908846800611
2021-09-23 00:00:00-04:00,0.012787960079756886
2021-09-24 00:00:00-04:00,0.0014530811522880944
2021-09-26 00:00:00-04:00,0.005475072719238518
2021-09-27 00:00:00-04:00,-0.008391440296925358
2021-09-28 00:00:00-04:00,-0.019802938474679954
2021-09-29 00:00:00-04:00,0.0015764171673339695
2021-09-30 00:00:00-04:00,-0.026124699482240447
2021-10-01 00:00:00-04:00,0.018285167290412026
2021-10-03 00:00:00-04:00,-0.0019553338818527896
2021-10-04 00:00:00-04:00,-0.01021546743330371
2021-10-05 00:00:00-04:00,0.0037741110827443167
2021-10-06 00:00:00-04:00,0.015055741779980631
2021-10-07 00:00:00-04:00,0.004203812913750263
2021-10-08 00:00:00-04:00,-0.003966864799630782
2021-10-10 00:00:00-04:00,-0.0018925062739744416
2021-10-11 00:00:00-04:00,-0.007676068045359165
2021-10-12 00:00:00-04:00,-0.0006345443278580962
2021-10-13 00:00:00-04:00,0.00790209027266726
2021-10-14 00:00:00-04:00,0.015680706235509264
2021-10-15 00:00:00-04:00,0.0037740530385241525
2021-10-17 00:00:00-04:00,-0.00031951591522779457
2021-10-18 00:00:00-04:00,0.00307110484129059
2021-10-19 00:00:00-04:00,0.006148075155341648
2021-10-20 00:00:00-04:00,0.003287510528129282
2021-10-21 00:00:00-04:00,0.001866704794735398
2021-10-22 00:00:00-04:00,-0.0003822367632282039
2021-10-24 00:00:00-04:00,-0.0003779852707179346
2021-10-25 00:00:00-04:00,0.007549657828151388
2021-10-26 00:00:00-04:00,-0.0013952895838235378
2021-10-27 00:00:00-04:00,-0.0025898034066147418
2021-10-28 00:00:00-04:00,0.003950833369517601
2021-10-29 00:00:00-04:00,0.005243340615361283
2021-10-31 00:00:00-04:00,0.0011897744129726457
2021-11-01 00:00:00-04:00,-0.0017278050773347298
2021-11-02 00:00:00-04:00,0.004311937810301326
2021-11-03 00:00:00-04:00,0.006326851933448944
2021-11-04 00:00:00-04:00,0.003935583890598201
2021-11-05 00:00:00-04:00,0.0021240060830492328
2021-11-07 00:00:00-04:00,-0.0009415900694510958
2021-11-08 00:00:00-05:00,0.000507147944993473
2021-11-09 00:00:00-05:00,-0.004082646577881921
2021-11-10 00:00:00-05:00,-0.0035756922798659448
2021-11-11 00:00:00-05:00,0.0011581185739571976
2021-11-12 00:00:00-05:00,0.006140479389184156
2021-11-14 00:00:00-05:00,-0.0003297248431515935
2021-11-15 00:00:00-05:00,-0.00028113710877347546
2021-11-16 00:00:00-05:00,0.002880550760606046
2021-11-17 00:00:00-05:00,-0.0008672923325128453
2021-11-18 00:00:00-05:00,0.005426821603813917
2021-11-19 00:00:00-05:00,-0.0045856980829924445
2021-11-21 00:00:00-05:00,0.0021046172116615637
2021-11-22 00:00:00-05:00,-0.00487744062731227
2021-11-23 00:00:00-05:00,-0.0006231432482717801
2021-11-24 00:00:00-05:00,0.0066316152455463
2021-11-25 00:00:00-05:00,-0.011177312692159958
2021-11-26 00:00:00-05:00,-0.013623419617448344
2021-11-28 00:00:00-05:00,0.009333190651413937
2021-11-29 00:00:00-05:00,0.004674097940422413
2021-11-30 00:00:00-05:00,-0.009154349214972182
2021-12-01 00:00:00-05:00,-0.013082767982016682
2021-12-02 00:00:00-05:00,0.0070347530762178995
2021-12-03 00:00:00-05:00,-0.007675752818580142
2021-12-05 00:00:00-05:00,0.004926031952405187
2021-12-06 00:00:00-05:00,0.008317408812452716
2021-12-07 00:00:00-05:00,0.01645031533622714
2021-12-08 00:00:00-05:00,-0.0018844796357890081
2021-12-09 00:00:00-05:00,-0.0036172681798083365
2021-12-10 00:00:00-05:00,0.007498761378647397
2021-12-12 00:00:00-05:00,0.0031259943131220986
2021-12-13 00:00:00-05:00,-0.010060215040904702
2021-12-14 00:00:00-05:00,-0.005853784806746269
2021-12-15 00:00:00-05:00,0.014080102329846576
2021-12-16 00:00:00-05:00,-0.010200469900907916
2021-12-17 00:00:00-05:00,-0.006478080901986041
2021-12-19 00:00:00-05:00,-0.008604400198924552
2021-12-20 00:00:00-05:00,0.0033690032018261836
2021-12-21 00:00:00-05:00,0.008385016109489503
2021-12-22 00:00:00-05:00,0.009551027625195382
2021-12-23 00:00:00-05:00,0.00451305198032197
2021-12-26 00:00:00-05:00,0.0007808752947481825
2021-12-27 00:00:00-05:00,0.009831024773059104
2021-12-28 00:00:00-05:00,0.000976759675257657
2021-12-29 00:00:00-05:00,-3.482280504660579e-05
2021-12-30 00:00:00-05:00,-0.0032882428685951483
2021-12-31 00:00:00-05:00,-1.8449518929901148e-05
2022-01-02 00:00:00-05:00,0.002589476199436847
2022-01-03 00:00:00-05:00,0.002834127225943268
2022-01-04 00:00:00-05:00,-0.0036875775506472882
2022-01-05 00:00:00-05:00,-0.01793870333474716
2022-01-06 00:00:00-05:00,0.0047838700291324004
2022-01-07 00:00:00-05:00,-0.00490004167438128
2022-01-09 00:00:00-05:00,0.0010249977148917148
2022-01-10 00:00:00-05:00,-0.002140109167632669
2022-01-11 00:00:00-05:00,0.007778380298547761
2022-01-12 00:00:00-05:00,7.791758078452321e-05
2022-01-13 00:00:00-05:00,-0.00898593468645583
2022-01-14 00:00:00-05:00,0.0008957653386390766
2022-01-16 00:00:00-05:00,-0.0024535407022635534
2022-01-17 00:00:00-05:00,-0.0016698951980296491
2022-01-18 00:00:00-05:00,-0.014952092706885581
2022-01-19 00:00:00-05:00,6.671065132911398e-05
2022-01-20 00:00:00-05:00,-0.016017807198300885
2022-01-21 00:00:00-05:00,-7.164445842833617e-05
2022-01-23 00:00:00-05:00,0.0
2022-01-24 00:00:00-05:00,-0.0
2022-01-25 00:00:00-05:00,0.0
2022-01-26 00:00:00-05:00,-0.0
2022-01-27 00:00:00-05:00,0.0
2022-01-28 00:00:00-05:00,0.0
2022-01-30 00:00:00-05:00,0.0
2022-01-31 00:00:00-05:00,0.0
2022-02-01 00:00:00-05:00,0.00879795580786552
2022-02-02 00:00:00-05:00,-0.002983211905027884
2022-02-03 00:00:00-05:00,-0.002040268479271437
2022-02-04 00:00:00-05:00,-0.004379919550357561
2022-02-06 00:00:00-05:00,-5.770687667190879e-05
2022-02-07 00:00:00-05:00,-0.0
2022-02-08 00:00:00-05:00,0.0
2022-02-09 00:00:00-05:00,0.004473320349565233
2022-02-10 00:00:00-05:00,-0.01387993620602327
2022-02-11 00:00:00-05:00,-6.0569779596696114e-05
2022-02-13 00:00:00-05:00,0.0
2022-02-14 00:00:00-05:00,-0.0
2022-02-15 00:00:00-05:00,0.0
2022-02-16 00:00:00-05:00,-0.0
2022-02-17 00:00:00-05:00,-0.0
2022-02-18 00:00:00-05:00,-0.0
2022-02-20 00:00:00-05:00,0.0
2022-02-21 00:00:00-05:00,-0.0
2022-02-22 00:00:00-05:00,0.0
2022-02-23 00:00:00-05:00,-0.0
2022-02-24 00:00:00-05:00,0.0
2022-02-25 00:00:00-05:00,0.0
2022-02-27 00:00:00-05:00,-0.0
2022-02-28 00:00:00-05:00,0.0
2022-03-01 00:00:00-05:00,-0.0
2022-03-02 00:00:00-05:00,0.0
2022-03-03 00:00:00-05:00,-0.0
2022-03-04 00:00:00-05:00,-0.0
2022-03-06 00:00:00-05:00,-0.0
2022-03-07 00:00:00-05:00,-0.0
2022-03-08 00:00:00-05:00,0.0
2022-03-09 00:00:00-05:00,0.0
2022-03-10 00:00:00-05:00,-0.0
2022-03-11 00:00:00-05:00,-0.0
2022-03-13 00:00:00-05:00,0.0
2022-03-14 00:00:00-04:00,-0.0
2022-03-15 00:00:00-04:00,0.0
2022-03-16 00:00:00-04:00,0.0
2022-03-17 00:00:00-04:00,0.0
2022-03-18 00:00:00-04:00,0.0
2022-03-20 00:00:00-04:00,-0.0
2022-03-21 00:00:00-04:00,-0.0
2022-03-22 00:00:00-04:00,0.0
2022-03-23 00:00:00-04:00,-0.004805821672736795
2022-03-24 00:00:00-04:00,-4.21588379275459e-05
2022-03-25 00:00:00-04:00,0.0020063527822589203
2022-03-27 00:00:00-04:00,-0.0009870838499378436
2022-03-28 00:00:00-04:00,0.004255127722570622
2022-03-29 00:00:00-04:00,0.004435812235226769
2022-03-30 00:00:00-04:00,-0.0007714903540576131
2022-03-31 00:00:00-04:00,-0.0060649540179823274
2022-04-01 00:00:00-04:00,-0.0013683271581499449
2022-04-03 00:00:00-04:00,0.00014766713455316023
2022-04-04 00:00:00-04:00,0.003855765431076242
2022-04-05 00:00:00-04:00,-0.005603898176306685
2022-04-06 00:00:00-04:00,-0.005264939718477155
2022-04-07 00:00:00-04:00,-4.35335629146185e-05
2022-04-08 00:00:00-04:00,-0.0
2022-04-10 00:00:00-04:00,-0.0
2022-04-11 00:00:00-04:00,-0.0
2022-04-12 00:00:00-04:00,0.0
2022-04-13 00:00:00-04:00,0.0
2022-04-14 00:00:00-04:00,-0.0
2022-04-17 00:00:00-04:00,-0.0
2022-04-18 00:00:00-04:00,0.0
2022-04-19 00:00:00-04:00,0.0
2022-04-20 00:00:00-04:00,0.0
2022-04-21 00:00:00-04:00,-0.0
2022-04-22 00:00:00-04:00,-0.0
2022-04-24 00:00:00-04:00,-0.0
2022-04-25 00:00:00-04:00,0.0
2022-04-26 00:00:00-04:00,-0.0
2022-04-27 00:00:00-04:00,0.0
2022-04-28 00:00:00-04:00,0.0
2022-04-29 00:00:00-04:00,-0.0
2022-05-01 00:00:00-04:00,-0.0
2022-05-02 00:00:00-04:00,0.0
2022-05-03 00:00:00-04:00,0.0
2022-05-04 00:00:00-04:00,0.0
2022-05-05 00:00:00-04:00,-0.0
2022-05-06 00:00:00-04:00,-0.0
2022-05-08 00:00:00-04:00,-0.0
2022-05-09 00:00:00-04:00,-0.0
2022-05-10 00:00:00-04:00,0.0
2022-05-11 00:00:00-04:00,-0.0
2022-05-12 00:00:00-04:00,0.0
2022-05-13 00:00:00-04:00,0.0
2022-05-15 00:00:00-04:00,-0.0
2022-05-16 00:00:00-04:00,0.0
2022-05-17 00:00:00-04:00,0.0
2022-05-18 00:00:00-04:00,-0.0
2022-05-19 00:00:00-04:00,0.0
2022-05-20 00:00:00-04:00,-0.0
2022-05-22 00:00:00-04:00,0.0
2022-05-23 00:00:00-04:00,0.0
2022-05-24 00:00:00-04:00,0.0
2022-05-25 00:00:00-04:00,0.0
2022-05-26 00:00:00-04:00,0.0
2022-05-27 00:00:00-04:00,0.0
2022-05-29 00:00:00-04:00,0.0
2022-05-30 00:00:00-04:00,-0.0
2022-05-31 00:00:00-04:00,-0.0
2022-06-01 00:00:00-04:00,-0.0
2022-06-02 00:00:00-04:00,0.0
2022-06-03 00:00:00-04:00,-0.0
2022-06-05 00:00:00-04:00,0.0
2022-06-06 00:00:00-04:00,-0.0
2022-06-07 00:00:00-04:00,0.0
2022-06-08 00:00:00-04:00,-0.0
2022-06-09 00:00:00-04:00,-0.0
2022-06-10 00:00:00-04:00,-0.0
2022-06-12 00:00:00-04:00,-0.0
2022-06-13 00:00:00-04:00,-0.0
2022-06-14 00:00:00-04:00,-0.0
2022-06-15 00:00:00-04:00,0.0
2022-06-16 00:00:00-04:00,-0.0
2022-06-17 00:00:00-04:00,-0.0
2022-06-19 00:00:00-04:00,0.0
2022-06-20 00:00:00-04:00,0.0
2022-06-21 00:00:00-04:00,0.0
2022-06-22 00:00:00-04:00,0.0
2022-06-23 00:00:00-04:00,0.0
2022-06-24 00:00:00-04:00,0.0
2022-06-26 00:00:00-04:00,0.0
2022-06-27 00:00:00-04:00,-0.0
2022-06-28 00:00:00-04:00,-0.0
2022-06-29 00:00:00-04:00,-0.0
2022-06-30 00:00:00-04:00,-0.0
2022-07-01 00:00:00-04:00,0.0
2022-07-03 00:00:00-04:00,-0.0
2022-07-04 00:00:00-04:00,0.0
2022-07-05 00:00:00-04:00,-0.0
2022-07-06 00:00:00-04:00,0.0
2022-07-07 00:00:00-04:00,0.0
2022-07-08 00:00:00-04:00,0.0
2022-07-10 00:00:00-04:00,-0.0
2022-07-11 00:00:00-04:00,-0.0
2022-07-12 00:00:00-04:00,-0.0
2022-07-13 00:00:00-04:00,-0.0
2022-07-14 00:00:00-04:00,0.0
2022-07-15 00:00:00-04:00,0.0
2022-07-17 00:00:00-04:00,0.0
2022-07-18 00:00:00-04:00,-0.0
2022-07-19 00:00:00-04:00,0.0
2022-07-20 00:00:00-04:00,-0.0
2022-07-21 00:00:00-04:00,0.0
2022-07-22 00:00:00-04:00,-0.0
2022-07-24 00:00:00-04:00,-0.0
2022-07-25 00:00:00-04:00,0.0
2022-07-26 00:00:00-04:00,-0.0
2022-07-27 00:00:00-04:00,0.0
2022-07-28 00:00:00-04:00,0.0
2022-07-29 00:00:00-04:00,0.0
2022-07-31 00:00:00-04:00,-0.0
2022-08-01 00:00:00-04:00,-0.0
2022-08-02 00:00:00-04:00,-0.0
2022-08-03 00:00:00-04:00,0.0
2022-08-04 00:00:00-04:00,0.0
2022-08-05 00:00:00-04:00,-0.0
2022-08-07 00:00:00-04:00,-0.0
2022-08-08 00:00:00-04:00,0.0
2022-08-09 00:00:00-04:00,-0.0
2022-08-10 00:00:00-04:00,0.0
2022-08-11 00:00:00-04:00,-0.0
2022-08-12 00:00:00-04:00,0.0
2022-08-14 00:00:00-04:00,-0.0011967149274108315
2022-08-15 00:00:00-04:00,0.003475175575456923
2022-08-16 00:00:00-04:00,0.001082461091262709
2022-08-17 00:00:00-04:00,-0.004115670585791652
2022-08-18 00:00:00-04:00,0.0014300048834393416
2022-08-19 00:00:00-04:00,-0.006647273320386961
2022-08-21 00:00:00-04:00,-5.48471539190439e-05
2022-08-22 00:00:00-04:00,-0.0
2022-08-23 00:00:00-04:00,-0.0
2022-08-24 00:00:00-04:00,0.0
2022-08-25 00:00:00-04:00,0.0
2022-08-26 00:00:00-04:00,-0.0
2022-08-28 00:00:00-04:00,-0.0
2022-08-29 00:00:00-04:00,0.0
2022-08-30 00:00:00-04:00,-0.0
2022-08-31 00:00:00-04:00,-0.0
2022-09-01 00:00:00-04:00,0.0
2022-09-02 00:00:00-04:00,-0.0
2022-09-04 00:00:00-04:00,-0.0
2022-09-05 00:00:00-04:00,0.0
2022-09-06 00:00:00-04:00,-0.0
2022-09-07 00:00:00-04:00,0.0
2022-09-08 00:00:00-04:00,0.0
2022-09-09 00:00:00-04:00,0.0
2022-09-11 00:00:00-04:00,0.0
2022-09-12 00:00:00-04:00,0.0
2022-09-13 00:00:00-04:00,-0.0
2022-09-14 00:00:00-04:00,0.0
2022-09-15 00:00:00-04:00,-0.0
2022-09-16 00:00:00-04:00,0.0
2022-09-18 00:00:00-04:00,-0.0
2022-09-19 00:00:00-04:00,0.0
2022-09-20 00:00:00-04:00,-0.0
2022-09-21 00:00:00-04:00,-0.0
2022-09-22 00:00:00-04:00,-0.0
2022-09-23 00:00:00-04:00,-0.0
2022-09-25 00:00:00-04:00,-0.0
2022-09-26 00:00:00-04:00,0.0
2022-09-27 00:00:00-04:00,-0.0
2022-09-28 00:00:00-04:00,0.0
2022-09-29 00:00:00-04:00,-0.0
2022-09-30 00:00:00-04:00,-0.0
2022-10-02 00:00:00-04:00,-0.0
2022-10-03 00:00:00-04:00,0.0
2022-10-04 00:00:00-04:00,0.0
2022-10-05 00:00:00-04:00,0.0
2022-10-06 00:00:00-04:00,-0.0
2022-10-07 00:00:00-04:00,-0.0
2022-10-09 00:00:00-04:00,-0.0
2022-10-10 00:00:00-04:00,-0.0
2022-10-11 00:00:00-04:00,0.0
2022-10-12 00:00:00-04:00,-0.0
2022-10-13 00:00:00-04:00,0.0
2022-10-14 00:00:00-04:00,-0.0
2022-10-16 00:00:00-04:00,0.0
2022-10-17 00:00:00-04:00,0.0
2022-10-18 00:00:00-04:00,0.0
2022-10-19 00:00:00-04:00,-0.0
2022-10-20 00:00:00-04:00,-0.0
2022-10-21 00:00:00-04:00,0.0
2022-10-23 00:00:00-04:00,0.0
2022-10-24 00:00:00-04:00,0.0
2022-10-25 00:00:00-04:00,0.0
2022-10-26 00:00:00-04:00,0.0
2022-10-27 00:00:00-04:00,-0.0
2022-10-28 00:00:00-04:00,0.0
2022-10-30 00:00:00-04:00,-0.0
2022-10-31 00:00:00-04:00,-0.0
2022-11-01 00:00:00-04:00,-0.0
2022-11-02 00:00:00-04:00,-0.0
2022-11-03 00:00:00-04:00,-0.0
2022-11-04 00:00:00-04:00,0.0
2022-11-06 00:00:00-04:00,-0.0
2022-11-07 00:00:00-05:00,0.0
2022-11-08 00:00:00-05:00,0.0
2022-11-09 00:00:00-05:00,-0.0
2022-11-10 00:00:00-05:00,0.0
2022-11-11 00:00:00-05:00,0.0
2022-11-13 00:00:00-05:00,-0.0
2022-11-14 00:00:00-05:00,-0.0
2022-11-15 00:00:00-05:00,0.0
2022-11-16 00:00:00-05:00,-0.0
2022-11-17 00:00:00-05:00,-0.0
2022-11-18 00:00:00-05:00,0.0
2022-11-20 00:00:00-05:00,-0.0
2022-11-21 00:00:00-05:00,-0.0
2022-11-22 00:00:00-05:00,0.0
2022-11-23 00:00:00-05:00,0.003435714681637876
2022-11-24 00:00:00-05:00,9.716146859669759e-05
2022-11-25 00:00:00-05:00,-0.000957745218095534
2022-11-27 00:00:00-05:00,-0.0026084619816247718
2022-11-28 00:00:00-05:00,-0.002334769472594057
2022-11-29 00:00:00-05:00,-0.0015439747615528115
2022-11-30 00:00:00-05:00,-4.227488384639589e-05
2022-12-01 00:00:00-05:00,-0.0014138955352988474
2022-12-02 00:00:00-05:00,-0.000274868534274414
2022-12-04 00:00:00-05:00,0.00010736616041550113
2022-12-05 00:00:00-05:00,-0.006351857004265512
2022-12-06 00:00:00-05:00,-0.005382511798078715
2022-12-07 00:00:00-05:00,-4.3842494940807005e-05
2022-12-08 00:00:00-05:00,0.0
2022-12-09 00:00:00-05:00,-0.003833827286601667
2022-12-11 00:00:00-05:00,-4.530150513033612e-05
2022-12-12 00:00:00-05:00,0.0
2022-12-13 00:00:00-05:00,0.0047349340376922925
2022-12-14 00:00:00-05:00,-0.003786935863265491
2022-12-15 00:00:00-05:00,-0.011122380483668162
2022-12-16 00:00:00-05:00,-4.831820094450901e-05
2022-12-18 00:00:00-05:00,0.0
2022-12-19 00:00:00-05:00,-0.0
2022-12-20 00:00:00-05:00,0.0
2022-12-21 00:00:00-05:00,0.0
2022-12-22 00:00:00-05:00,-0.0
2022-12-23 00:00:00-05:00,0.0
2022-12-26 00:00:00-05:00,0.0
2022-12-27 00:00:00-05:00,-0.0
2022-12-28 00:00:00-05:00,-0.0
2022-12-29 00:00:00-05:00,0.0
2022-12-30 00:00:00-05:00,0.0
2023-01-02 00:00:00-05:00,-0.0
2023-01-03 00:00:00-05:00,-0.0
2023-01-04 00:00:00-05:00,0.0
2023-01-05 00:00:00-05:00,-0.0
2023-01-06 00:00:00-05:00,0.0
2023-01-08 00:00:00-05:00,0.0
2023-01-09 00:00:00-05:00,-0.0
2023-01-10 00:00:00-05:00,0.0
2023-01-11 00:00:00-05:00,0.006328819748077886
2023-01-12 00:00:00-05:00,0.0002608453668624644
2023-01-13 00:00:00-05:00,0.0026095321315199598
2023-01-15 00:00:00-05:00,0.0010940264067771435
2023-01-16 00:00:00-05:00,-0.002347738581070972
2023-01-17 00:00:00-05:00,0.0012803398756506522
2023-01-18 00:00:00-05:00,-0.009270284051332478
2023-01-19 00:00:00-05:00,-0.002122695421679453
2023-01-20 00:00:00-05:00,-5.516487571499686e-05
2023-01-22 00:00:00-05:00,1.4747746096097562e-05
2023-01-23 00:00:00-05:00,0.007869043106792014
2023-01-24 00:00:00-05:00,-0.003271024955238263
2023-01-25 00:00:00-05:00,0.0033628944277111217
2023-01-26 00:00:00-05:00,0.004275644763188387
2023-01-27 00:00:00-05:00,0.003104935021079212
2023-01-29 00:00:00-05:00,-0.0016077356489070012
2023-01-30 00:00:00-05:00,-0.006426676518134049
2023-01-31 00:00:00-05:00,0.007521006573057242
2023-02-01 00:00:00-05:00,0.00986247657781559
2023-02-02 00:00:00-05:00,0.0034314447597778154
2023-02-03 00:00:00-05:00,-0.003435465154515658
2023-02-05 00:00:00-05:00,-0.0017793899986638946
2023-02-06 00:00:00-05:00,-0.000795841443028233
2023-02-07 00:00:00-05:00,0.0069918295950083
2023-02-08 00:00:00-05:00,-0.0051116378815550985
2023-02-09 00:00:00-05:00,-0.007575470376645896
2023-02-10 00:00:00-05:00,0.002015036965559286
2023-02-12 00:00:00-05:00,-0.0024194220405883305
2023-02-13 00:00:00-05:00,0.00916030901674665
2023-02-14 00:00:00-05:00,-0.002182258395950621
2023-02-15 00:00:00-05:00,0.005387367163008996
2023-02-16 00:00:00-05:00,-0.011978303057514
2023-02-17 00:00:00-05:00,0.0004899912528794263
2023-02-19 00:00:00-05:00,1.3008263948664708e-05
2023-02-20 00:00:00-05:00,-0.0024958419360465345
2023-02-21 00:00:00-05:00,-0.008350701882574496
2023-02-22 00:00:00-05:00,0.0007370572166935747
2023-02-23 00:00:00-05:00,-0.00037239269370549
2023-02-24 00:00:00-05:00,-0.006148906447938718
2023-02-26 00:00:00-05:00,0.0010994907500726273
2023-02-27 00:00:00-05:00,0.001615097214280638
2023-02-28 00:00:00-05:00,-0.0024693827758186146
2023-03-01 00:00:00-05:00,-0.005750278668066988
2023-03-02 00:00:00-05:00,-7.358057890612396e-05
2023-03-03 00:00:00-05:00,0.012793734344888183
2023-03-05 00:00:00-05:00,0.0006052356255945336
2023-03-06 00:00:00-05:00,0.0013071966164890894
2023-03-07 00:00:00-05:00,-0.012379668843290345
2023-03-08 00:00:00-05:00,-6.142146309219934e-07
2023-03-09 00:00:00-05:00,-0.017374454370074652
2023-03-10 00:00:00-05:00,-7.824166880960614e-05
2023-03-12 00:00:00-05:00,0.0
2023-03-13 00:00:00-04:00,-0.0
2023-03-14 00:00:00-04:00,0.0
2023-03-15 00:00:00-04:00,-0.0
2023-03-16 00:00:00-04:00,0.0
2023-03-17 00:00:00-04:00,-0.007604372442210281
2023-03-19 00:00:00-04:00,-6.941298977535512e-05
2023-03-20 00:00:00-04:00,0.0
2023-03-21 00:00:00-04:00,0.0076800475976123
2023-03-22 00:00:00-04:00,-0.007544530590164682
2023-03-23 00:00:00-04:00,-0.0008734107674329159
2023-03-24 00:00:00-04:00,0.0036889429451550776
2023-03-26 00:00:00-04:00,0.0018768687004336062
2023-03-27 00:00:00-04:00,-0.00046986335058503463
2023-03-28 00:00:00-04:00,0.0005228658292679793
2023-03-29 00:00:00-04:00,0.005855613688286827
2023-03-30 00:00:00-04:00,0.0060316980638682365
2023-03-31 00:00:00-04:00,0.007648644452288556
2023-04-02 00:00:00-04:00,-0.002288728738629209
2023-04-03 00:00:00-04:00,0.003781631742863514
2023-04-04 00:00:00-04:00,-0.002309973313219037
2023-04-05 00:00:00-04:00,-0.003765607632542229
2023-04-06 00:00:00-04:00,0.0031843430812035453
2023-04-09 00:00:00-04:00,0.0005526583742397249
2023-04-10 00:00:00-04:00,0.0016683560922560092
2023-04-11 00:00:00-04:00,-0.0004536015215685702
2023-04-12 00:00:00-04:00,-0.0029268206938253536
2023-04-13 00:00:00-04:00,0.008263332430854163
2023-04-14 00:00:00-04:00,-0.00172617103682552
2023-04-16 00:00:00-04:00,0.001988019951701123
2023-04-17 00:00:00-04:00,0.000983513517281382
2023-04-18 00:00:00-04:00,-0.0001696083333753641
2023-04-19 00:00:00-04:00,-0.0009511556430090355
2023-04-20 00:00:00-04:00,-0.0021770389899772756
2023-04-21 00:00:00-04:00,0.00018415235788071463
2023-04-23 00:00:00-04:00,-0.0016663191751993373
2023-04-24 00:00:00-04:00,0.0011130822291648488
2023-04-25 00:00:00-04:00,-0.006143709162392397
2023-04-26 00:00:00-04:00,-0.004946282250303998
2023-04-27 00:00:00-04:00,0.012014359596495152
2023-04-28 00:00:00-04:00,0.006694881852352126
2023-04-30 00:00:00-04:00,-3.7013691641515164e-05
2023-05-01 00:00:00-04:00,-0.0014766399495984696
2023-05-02 00:00:00-04:00,-0.006896715340940117
2023-05-03 00:00:00-04:00,-0.005122578230213109
2023-05-04 00:00:00-04:00,-0.003809611233944099
2023-05-05 00:00:00-04:00,0.010910939254970933
2023-05-07 00:00:00-04:00,-3.6455331440645304e-05
2023-05-08 00:00:00-04:00,0.00022723749785120338
2023-05-09 00:00:00-04:00,-0.002153030044164535
2023-05-10 00:00:00-04:00,0.0037614632781520214
2023-05-11 00:00:00-04:00,-0.001613285481624829
2023-05-12 00:00:00-04:00,-0.005090105041758148
2023-05-14 00:00:00-04:00,0.002815199280422662
2023-05-15 00:00:00-04:00,0.0013294422778158718
2023-05-16 00:00:00-04:00,-0.0017174606788397469
2023-05-17 00:00:00-04:00,0.006507254149317212
2023-05-18 00:00:00-04:00,0.009820898426922759
2023-05-19 00:00:00-04:00,-0.002852237160783282
2023-05-21 00:00:00-04:00,-0.0009372331296928846
2023-05-22 00:00:00-04:00,0.0031739145690534696
2023-05-23 00:00:00-04:00,-0.011273249755895063
2023-05-24 00:00:00-04:00,-0.0041080510671654006
2023-05-25 00:00:00-04:00,0.0025577886542992303
2023-05-26 00:00:00-04:00,0.013822529393565711
2023-05-28 00:00:00-04:00,0.0024437628786878702
2023-05-29 00:00:00-04:00,-0.0003943629704390236
2023-05-30 00:00:00-04:00,-0.003565314112006943
2023-05-31 00:00:00-04:00,-0.003915337295821155
2023-06-01 00:00:00-04:00,0.009854945547294457
2023-06-02 00:00:00-04:00,0.013433224823503025
2023-06-04 00:00:00-04:00,-0.00043496491889527636
2023-06-05 00:00:00-04:00,-0.0010489780067970032
2023-06-06 00:00:00-04:00,0.0022693897684693716
2023-06-07 00:00:00-04:00,-0.004003591385507936
2023-06-08 00:00:00-04:00,0.00507286739121975
2023-06-09 00:00:00-04:00,0.003000051965653913
2023-06-11 00:00:00-04:00,0.0006322191735301975
2023-06-12 00:00:00-04:00,0.00862230989872412
2023-06-13 00:00:00-04:00,0.005372056676273054
2023-06-14 00:00:00-04:00,0.00018550651433137623
2023-06-15 00:00:00-04:00,0.010932528506598144
2023-06-16 00:00:00-04:00,-0.0009287591391928666
2023-06-18 00:00:00-04:00,-0.0005020276435626643
2023-06-19 00:00:00-04:00,-0.0024336042683120477
2023-06-20 00:00:00-04:00,-0.002063881096217685
2023-06-21 00:00:00-04:00,-0.00604621435460229
2023-06-22 00:00:00-04:00,0.0009896179706062498
2023-06-23 00:00:00-04:00,-0.0047962789496878684
2023-06-25 00:00:00-04:00,0.003030350582934844
2023-06-26 00:00:00-04:00,-0.004672658180711666
2023-06-27 00:00:00-04:00,0.007475800569428778
2023-06-28 00:00:00-04:00,0.0023056720164908815
2023-06-29 00:00:00-04:00,0.004224996730704145
2023-06-30 00:00:00-04:00,0.00983978421007158
2023-07-02 00:00:00-04:00,0.00122943723417314
2023-07-03 00:00:00-04:00,0.001195818656678609
2023-07-04 00:00:00-04:00,-0.0006699648804990385
2023-07-05 00:00:00-04:00,-0.0027271921089617587
2023-07-06 00:00:00-04:00,-0.00680200289792308
2023-07-07 00:00:00-04:00,-0.0015371207547252956
2023-07-09 00:00:00-04:00,-0.0026319219574237104
2023-07-10 00:00:00-04:00,0.0047959087691773475
2023-07-11 00:00:00-04:00,0.006722554020589145
2023-07-12 00:00:00-04:00,0.009600095627346926
2023-07-13 00:00:00-04:00,0.0065170440279650925
2023-07-14 00:00:00-04:00,-2.4331450105867323e-05
2023-07-16 00:00:00-04:00,-0.001454258311216103
2023-07-17 00:00:00-04:00,0.003938509002283754
2023-07-18 00:00:00-04:00,0.009193894462673767
2023-07-19 00:00:00-04:00,0.0010063953833151125
2023-07-20 00:00:00-04:00,-0.00418042941253682
2023-07-21 00:00:00-04:00,-0.0014394980220664272
2023-07-23 00:00:00-04:00,0.0003498153716922906
2023-07-24 00:00:00-04:00,0.004324195880342634
2023-07-25 00:00:00-04:00,0.0035964539906302596
2023-07-26 00:00:00-04:00,0.0027937209512980776
2023-07-27 00:00:00-04:00,-0.00851990759805845
2023-07-28 00:00:00-04:00,0.009341716539777636
2023-07-30 00:00:00-04:00,-0.001517327382090867
2023-07-31 00:00:00-04:00,0.004508455181958587
2023-08-01 00:00:00-04:00,-0.009275247827575406
2023-08-02 00:00:00-04:00,-0.010801391599027715
2023-08-03 00:00:00-04:00,-0.00043589647875791945
2023-08-04 00:00:00-04:00,-0.008605564550927954
2023-08-06 00:00:00-04:00,0.003962327473613126
2023-08-07 00:00:00-04:00,0.004034166263126495
2023-08-08 00:00:00-04:00,-0.0018902477702441376
2023-08-09 00:00:00-04:00,-0.005987225562985844
2023-08-10 00:00:00-04:00,-0.0030993521719907685
2023-08-11 00:00:00-04:00,-0.0006146214218902812
2023-08-13 00:00:00-04:00,-0.004389406590130981
2023-08-14 00:00:00-04:00,0.012074404918756096
2023-08-15 00:00:00-04:00,-0.016399232375068056
2023-08-16 00:00:00-04:00,-0.009994715914632054
2023-08-17 00:00:00-04:00,-0.008372406858529097
2023-08-18 00:00:00-04:00,-0.00047262544974039256
2023-08-20 00:00:00-04:00,0.0009124773738661204
2023-08-21 00:00:00-04:00,0.006115531191724865
2023-08-22 00:00:00-04:00,0.0008591095149649945
2023-08-23 00:00:00-04:00,0.01896450432730123
2023-08-24 00:00:00-04:00,-0.023111530214732147
2023-08-25 00:00:00-04:00,0.007130703762319714
2023-08-27 00:00:00-04:00,0.0013240673163687426
2023-08-28 00:00:00-04:00,0.005488029017890573
2023-08-29 00:00:00-04:00,0.016374767864018244
2023-08-30 00:00:00-04:00,0.0029389049668627925
2023-08-31 00:00:00-04:00,-0.0011368513074359854
2023-09-01 00:00:00-04:00,0.0006244770818865332
2023-09-03 00:00:00-04:00,0.0005572729941406715
2023-09-04 00:00:00-04:00,-0.0016909042192444893
2023-09-05 00:00:00-04:00,-0.0036842104205359917
2023-09-06 00:00:00-04:00,-0.007312330855330877
2023-09-07 00:00:00-04:00,-0.0020267197417010822
2023-09-08 00:00:00-04:00,0.0019909114193060276
2023-09-10 00:00:00-04:00,0.00040355986061039827
2023-09-11 00:00:00-04:00,0.004594792303339715
2023-09-12 00:00:00-04:00,-0.006116703172495486
2023-09-13 00:00:00-04:00,0.004747108783901238
2023-09-14 00:00:00-04:00,0.00819448515549457
2023-09-15 00:00:00-04:00,-0.013335963668669416
2023-09-17 00:00:00-04:00,0.0010471170499611036
2023-09-18 00:00:00-04:00,-0.0010813125881115565
2023-09-19 00:00:00-04:00,-0.003011911628690528
2023-09-20 00:00:00-04:00,-0.011666998906062197
2023-09-21 00:00:00-04:00,-0.012629483468863027
2023-09-22 00:00:00-04:00,-0.0018071657888012545
2023-09-24 00:00:00-04:00,0.0013968504542834807
2023-09-25 00:00:00-04:00,-0.0024102080469954497
2023-09-26 00:00:00-04:00,-0.008018355187862489
2023-09-27 00:00:00-04:00,-0.0015737616865867065
2023-09-28 00:00:00-04:00,0.005504733920402321
2023-09-29 00:00:00-04:00,-0.001930196344219785
2023-10-01 00:00:00-04:00,0.004941583214237078
2023-10-02 00:00:00-04:00,-0.006017393176055308
2023-10-03 00:00:00-04:00,-0.014994694188913417
2023-10-04 00:00:00-04:00,-9.738868206048948e-05
2023-10-05 00:00:00-04:00,-0.0
2023-10-06 00:00:00-04:00,0.0
2023-10-08 00:00:00-04:00,-0.0072069348137314615
2023-10-09 00:00:00-04:00,0.012577739386483907
2023-10-10 00:00:00-04:00,0.004261726324629418
2023-10-11 00:00:00-04:00,0.005106824387416276
2023-10-12 00:00:00-04:00,-0.006247952880023097
2023-10-13 00:00:00-04:00,-0.006353024081267697
2023-10-15 00:00:00-04:00,0.0030504699683892803
2023-10-16 00:00:00-04:00,0.0058969142360418
2023-10-17 00:00:00-04:00,-0.00022732331946400183
2023-10-18 00:00:00-04:00,-0.011438498657023281
2023-10-19 00:00:00-04:00,-0.006570203630433497
2023-10-20 00:00:00-04:00,-8.556057044373438e-05
2023-10-22 00:00:00-04:00,0.0
2023-10-23 00:00:00-04:00,-0.0
2023-10-24 00:00:00-04:00,0.0
2023-10-25 00:00:00-04:00,-0.0
2023-10-26 00:00:00-04:00,0.0
2023-10-27 00:00:00-04:00,-0.0
2023-10-29 00:00:00-04:00,0.0
2023-10-30 00:00:00-04:00,0.0
2023-10-31 00:00:00-04:00,0.0
2023-11-01 00:00:00-04:00,0.0
2023-11-02 00:00:00-04:00,0.0
2023-11-03 00:00:00-04:00,0.008702930731830922
2023-11-05 00:00:00-04:00,-0.0003176697020921082
2023-11-06 00:00:00-05:00,-0.0005862861035197428
2023-11-07 00:00:00-05:00,0.0035195854293859686
2023-11-08 00:00:00-05:00,0.0007703631596214344
2023-11-09 00:00:00-05:00,-0.0054515586653932965
2023-11-10 00:00:00-05:00,0.012180108027800136
2023-11-12 00:00:00-05:00,-0.003916233895326244
2023-11-13 00:00:00-05:00,0.0032481338798176877
2023-11-14 00:00:00-05:00,0.016515614721047744
2023-11-15 00:00:00-05:00,-0.0014485927403007782
2023-11-16 00:00:00-05:00,0.0029586076174626967
2023-11-17 00:00:00-05:00,-0.00048690802659205287
2023-11-19 00:00:00-05:00,-0.0004060784951113908
2023-11-20 00:00:00-05:00,0.006875812176222387
2023-11-21 00:00:00-05:00,-0.0019338133758823365
2023-11-22 00:00:00-05:00,0.0027743758366021816
2023-11-23 00:00:00-05:00,0.0006930644653997096
2023-11-24 00:00:00-05:00,-0.0006513345745191508
2023-11-26 00:00:00-05:00,-0.0017699570602460546
2023-11-27 00:00:00-05:00,0.0010918606526787184
2023-11-28 00:00:00-05:00,0.001520208928655407
2023-11-29 00:00:00-05:00,-0.0008436994414529312
2023-11-30 00:00:00-05:00,0.0017319929981153618
2023-12-01 00:00:00-05:00,0.005039301657747471
2023-12-03 00:00:00-05:00,-0.0012495275688653737
2023-12-04 00:00:00-05:00,-0.00481334423802348
2023-12-05 00:00:00-05:00,0.003923034048408726
2023-12-06 00:00:00-05:00,-0.006080476391418443
2023-12-07 00:00:00-05:00,0.006387526548508549
2023-12-08 00:00:00-05:00,0.003097254482797207
2023-12-10 00:00:00-05:00,-0.00025034714501133215
2023-12-11 00:00:00-05:00,0.004206426027400005
2023-12-12 00:00:00-05:00,0.004271844041314009
2023-12-13 00:00:00-05:00,0.013658315667644508
2023-12-14 00:00:00-05:00,9.366492364792376e-06
2023-12-15 00:00:00-05:00,-0.0013694721344665165
2023-12-17 00:00:00-05:00,0.0017105894896099815
2023-12-18 00:00:00-05:00,0.002357635048017398
2023-12-19 00:00:00-05:00,0.005262842862261339
2023-12-20 00:00:00-05:00,-0.010155028393857941
2023-12-21 00:00:00-05:00,0.004928688846306343
2023-12-22 00:00:00-05:00,0.001781988005926788
2023-12-25 00:00:00-05:00,0.001983447799585653
2023-12-26 00:00:00-05:00,0.002434445398784903
2023-12-27 00:00:00-05:00,0.002441623377579745
2023-12-28 00:00:00-05:00,-0.00010693603339910681
2023-12-29 00:00:00-05:00,-0.004061668423243247
2024-01-01 00:00:00-05:00,0.0013736505701755538
2024-01-02 00:00:00-05:00,-0.006634656709279453
2024-01-03 00:00:00-05:00,-0.0063241742533233156
2024-01-04 00:00:00-05:00,-0.0029233636176093964
2024-01-05 00:00:00-05:00,0.0010586212088134993
2024-01-07 00:00:00-05:00,-0.0009416520897845706
2024-01-08 00:00:00-05:00,0.01333227144807674
2024-01-09 00:00:00-05:00,-0.001252158287101853
2024-01-10 00:00:00-05:00,0.008765920294278577
2024-01-11 00:00:00-05:00,-0.004080416427704966
2024-01-12 00:00:00-05:00,0.0018958318274416256
2024-01-14 00:00:00-05:00,0.0004203800903595528
2024-01-15 00:00:00-05:00,-0.003983010119851718
2024-01-16 00:00:00-05:00,-0.002120403015567159
2024-01-17 00:00:00-05:00,-0.004930409849189384
2024-01-18 00:00:00-05:00,0.010863186756331336
2024-01-19 00:00:00-05:00,0.012451977703880915
2024-01-21 00:00:00-05:00,0.0022949676037429994
2024-01-22 00:00:00-05:00,-7.261355907851386e-05
2024-01-23 00:00:00-05:00,0.0053679484339172094
2024-01-24 00:00:00-05:00,-0.0012029160893932199
2024-01-25 00:00:00-05:00,0.0010143682376202567
2024-01-26 00:00:00-05:00,0.003259860530120182
2024-01-28 00:00:00-05:00,-0.0006602613367416688
2024-01-29 00:00:00-05:00,0.010279979252422475
2024-01-30 00:00:00-05:00,-0.004739063567639254
2024-01-31 00:00:00-05:00,-0.010954987853087555
2024-02-01 00:00:00-05:00,0.01710414715427339
2024-02-02 00:00:00-05:00,0.005415347780534098
2024-02-04 00:00:00-05:00,-0.0024684172172438216
2024-02-05 00:00:00-05:00,0.0001383561576572648
2024-02-06 00:00:00-05:00,0.0020031599279291285
2024-02-07 00:00:00-05:00,0.009130491157579152
2024-02-08 00:00:00-05:00,0.00015471383296926445
2024-02-09 00:00:00-05:00,0.00628712184814887
2024-02-11 00:00:00-05:00,-0.00026592211211254297
2024-02-12 00:00:00-05:00,-0.0019079992453044478
2024-02-13 00:00:00-05:00,-0.013398717888222665
2024-02-14 00:00:00-05:00,0.010347274576994681
2024-02-15 00:00:00-05:00,0.0054666810208306585
2024-02-16 00:00:00-05:00,-0.005867732037529153
2024-02-18 00:00:00-05:00,0.0018200009688592433
2024-02-19 00:00:00-05:00,-0.004078895251617846
2024-02-20 00:00:00-05:00,-0.0042684249530242115
2024-02-21 00:00:00-05:00,0.01098587734717474
2024-02-22 00:00:00-05:00,0.01441188167448635
2024-02-23 00:00:00-05:00,-0.0009706048255409064
2024-02-25 00:00:00-05:00,-0.0009286820432684885
2024-02-26 00:00:00-05:00,-0.0028518286870283117
2024-02-27 00:00:00-05:00,0.001963634020428731
2024-02-28 00:00:00-05:00,-0.0002161668507619873
2024-02-29 00:00:00-05:00,0.00525616689113602
2024-03-01 00:00:00-05:00,0.006582051268615205
2024-03-03 00:00:00-05:00,6.68061094204349e-06
2024-03-04 00:00:00-05:00,-0.002132717705508685
2024-03-05 00:00:00-05:00,-0.008484659051523095
2024-03-06 00:00:00-05:00,0.002728053800799311
2024-03-07 00:00:00-05:00,0.013267219601010677
2024-03-08 00:00:00-05:00,-0.006034451036808565
2024-03-10 00:00:00-05:00,-0.0028010441062251736
2024-03-11 00:00:00-04:00,0.003889941338089391
2024-03-12 00:00:00-04:00,0.007715554817739622
2024-03-13 00:00:00-04:00,-0.00013476154709677363
2024-03-14 00:00:00-04:00,-0.004117015374749288
2024-03-15 00:00:00-04:00,-0.00671657383990934
2024-03-17 00:00:00-04:00,0.0020722357867993552
2024-03-18 00:00:00-04:00,0.00304210350299951
2024-03-19 00:00:00-04:00,0.006195098539551805
2024-03-20 00:00:00-04:00,0.015394177604738029
2024-03-21 00:00:00-04:00,-0.00068208063358044
2024-03-22 00:00:00-04:00,-0.0023824325492899402
2024-03-24 00:00:00-04:00,9.334862080906175e-06
2024-03-25 00:00:00-04:00,-0.0014076958905799364
2024-03-26 00:00:00-04:00,-0.00027680004981435377
2024-03-27 00:00:00-04:00,0.004932518804286725
2024-03-28 00:00:00-04:00,0.0006876078287310277
2024-03-31 00:00:00-04:00,0.004393583191895456
2024-04-01 00:00:00-04:00,-0.0072013292042070265
2024-04-02 00:00:00-04:00,-0.00800005615578726
2024-04-03 00:00:00-04:00,0.005671498043593139
2024-04-04 00:00:00-04:00,-0.01573516140062488
2024-04-05 00:00:00-04:00,0.009776271782634087
2024-04-07 00:00:00-04:00,0.0010435262840122507
2024-04-08 00:00:00-04:00,-0.000393394857412547
2024-04-09 00:00:00-04:00,0.002382911473494196
2024-04-10 00:00:00-04:00,-0.011489391645878201
2024-04-11 00:00:00-04:00,0.008310450051055473
2024-04-12 00:00:00-04:00,-0.014426817861861707
2024-04-14 00:00:00-04:00,0.0015932493259466203
2024-04-15 00:00:00-04:00,-0.016844116732932027
2024-04-16 00:00:00-04:00,0.002452420609167942
2024-04-17 00:00:00-04:00,-0.005341345441480283
2024-04-18 00:00:00-04:00,-0.016109065132618894
2024-04-19 00:00:00-04:00,0.0029691176373211514
2024-04-21 00:00:00-04:00,0.002442250712963146
2024-04-22 00:00:00-04:00,0.005390762775310699
2024-04-23 00:00:00-04:00,0.014266499722511577
2024-04-24 00:00:00-04:00,-0.007907538986447443
2024-04-25 00:00:00-04:00,0.008523401937101096
2024-04-26 00:00:00-04:00,0.0015256405250685847
2024-04-28 00:00:00-04:00,0.0025412322604366475
2024-04-29 00:00:00-04:00,-0.0003796701324813139
2024-04-30 00:00:00-04:00,-0.01374579013072972
2024-05-01 00:00:00-04:00,0.0025634663900192204
2024-05-02 00:00:00-04:00,0.005533155132053779
2024-05-03 00:00:00-04:00,0.009445376293694479
2024-05-05 00:00:00-04:00,-0.0004037575426024054
2024-05-06 00:00:00-04:00,0.00810082282624644
2024-05-07 00:00:00-04:00,0.0011062339680884463
2024-05-08 00:00:00-04:00,-0.00017123745815584651
2024-05-09 00:00:00-04:00,0.005307285268169243
2024-05-10 00:00:00-04:00,0.0005251509742490723
2024-05-12 00:00:00-04:00,0.0002852457130504693
2024-05-13 00:00:00-04:00,-0.000596837189578023
2024-05-14 00:00:00-04:00,0.005459317527704318
2024-05-15 00:00:00-04:00,0.011051532897580933
2024-05-16 00:00:00-04:00,-0.003417179671839349
2024-05-17 00:00:00-04:00,0.001067936010791238
2024-05-19 00:00:00-04:00,0.0016229299374954619
2024-05-20 00:00:00-04:00,-0.0006256586107053815
2024-05-21 00:00:00-04:00,0.0024665337049361575
2024-05-22 00:00:00-04:00,0.0023133664192257894
2024-05-23 00:00:00-04:00,-0.009992111576364399
2024-05-24 00:00:00-04:00,0.004218809019730589
2024-05-26 00:00:00-04:00,-0.0007166308178680352
2024-05-27 00:00:00-04:00,0.0019266709768816104
2024-05-28 00:00:00-04:00,-0.0029823706743669813
2024-05-29 00:00:00-04:00,-0.007814592424839284
2024-05-30 00:00:00-04:00,-0.0034826495941531147
2024-05-31 00:00:00-04:00,0.009959305682913065
2024-06-02 00:00:00-04:00,0.0019243614813760177
2024-06-03 00:00:00-04:00,-0.0014053384551734698
2024-06-04 00:00:00-04:00,0.002333990588468806
2024-06-05 00:00:00-04:00,0.00950033351472066
2024-06-06 00:00:00-04:00,7.532910746285673e-05
2024-06-07 00:00:00-04:00,-0.002582605820126098
2024-06-09 00:00:00-04:00,0.0004483841752567776
2024-06-10 00:00:00-04:00,0.001729836757246125
2024-06-11 00:00:00-04:00,0.003467064094381613
2024-06-12 00:00:00-04:00,0.008669208585752744
2024-06-13 00:00:00-04:00,0.0006944983226142924
2024-06-14 00:00:00-04:00,-0.0009549696078871176
2024-06-16 00:00:00-04:00,-3.363525329150768e-05
2024-06-17 00:00:00-04:00,0.007434484094141923
2024-06-18 00:00:00-04:00,0.0025521600396852615
2024-06-19 00:00:00-04:00,0.0007868569348580359
2024-06-20 00:00:00-04:00,-0.0029123690351178654
2024-06-21 00:00:00-04:00,-0.001180628790225192
2024-06-23 00:00:00-04:00,-0.002328863922127717
2024-06-24 00:00:00-04:00,-0.0008131517865645341
2024-06-25 00:00:00-04:00,0.004234755882048955
2024-06-26 00:00:00-04:00,-0.0026999009343292406
2024-06-27 00:00:00-04:00,0.00763713282670643
2024-06-28 00:00:00-04:00,-0.0061171941464022135
2024-06-30 00:00:00-04:00,0.0009347938957704139
2024-07-01 00:00:00-04:00,-0.0026507190365252634
2024-07-02 00:00:00-04:00,0.00866139020796171
2024-07-03 00:00:00-04:00,0.005706401379981671
2024-07-04 00:00:00-04:00,0.0008540701259671907
2024-07-05 00:00:00-04:00,0.0059581678166250795
2024-07-07 00:00:00-04:00,-0.0010003777931402696
2024-07-08 00:00:00-04:00,0.004588319854106216
2024-07-09 00:00:00-04:00,0.00018724975131657483
2024-07-10 00:00:00-04:00,0.01124350762133939
2024-07-11 00:00:00-04:00,-0.009468095578977362
2024-07-12 00:00:00-04:00,0.006654446190124882
2024-07-14 00:00:00-04:00,0.0012261798855280365
2024-07-15 00:00:00-04:00,0.0046486839247791055
2024-07-16 00:00:00-04:00,0.004234903788744988
2024-07-17 00:00:00-04:00,-0.01343690801003451
2024-07-18 00:00:00-04:00,-0.010508243276590194
2024-07-19 00:00:00-04:00,-0.012376828444640194
2024-07-21 00:00:00-04:00,0.002350721414963397
2024-07-22 00:00:00-04:00,0.009826582812432186
2024-07-23 00:00:00-04:00,-0.004785064828106066
2024-07-24 00:00:00-04:00,-0.02176480757244322
2024-07-25 00:00:00-04:00,-0.002592540702800338
2024-07-26 00:00:00-04:00,0.008451307415336482
2024-07-28 00:00:00-04:00,0.00434870779924395
2024-07-29 00:00:00-04:00,-0.007131084506177816
2024-07-30 00:00:00-04:00,0.0014260843130086166
2024-07-31 00:00:00-04:00,0.01969214995230212
2024-08-01 00:00:00-04:00,-0.027378270138447167
2024-08-02 00:00:00-04:00,-0.010385223190280292
2024-08-04 00:00:00-04:00,-0.011376798636497296
2024-08-05 00:00:00-04:00,-0.002353051440742037
2024-08-06 00:00:00-04:00,0.0020416607092366024
2024-08-07 00:00:00-04:00,-0.010802191424344685
2024-08-08 00:00:00-04:00,0.020948723316667802
2024-08-09 00:00:00-04:00,0.0014994810657713135
2024-08-11 00:00:00-04:00,0.000816193295414366
2024-08-12 00:00:00-04:00,0.0005167653094956231
2024-08-13 00:00:00-04:00,0.0118250861105509
2024-08-14 00:00:00-04:00,0.004803702946565399
2024-08-15 00:00:00-04:00,0.012203146574731675
2024-08-16 00:00:00-04:00,0.0008279050470054569
2024-08-18 00:00:00-04:00,0.0011113103316768395
2024-08-19 00:00:00-04:00,0.00648409036110961
2024-08-20 00:00:00-04:00,-0.0015068260239317075
2024-08-21 00:00:00-04:00,0.001469939295835719
2024-08-22 00:00:00-04:00,-0.0033182099655363535
2024-08-23 00:00:00-04:00,0.005759758007372943
2024-08-25 00:00:00-04:00,6.52106179636153e-05
2024-08-26 00:00:00-04:00,-0.0021036663484970256
2024-08-27 00:00:00-04:00,0.0012041454128966643
2024-08-28 00:00:00-04:00,-0.0072206505097981355
2024-08-29 00:00:00-04:00,0.005001233545211221
2024-08-30 00:00:00-04:00,0.004378195229575847
2024-09-01 00:00:00-04:00,-2.6963294136368967e-05
2024-09-02 00:00:00-04:00,-0.00040136576517932587
2024-09-03 00:00:00-04:00,-0.01747295396432195
2024-09-04 00:00:00-04:00,0.0018977435845136963
2024-09-05 00:00:00-04:00,-0.0027671135955261842
2024-09-06 00:00:00-04:00,-0.011766467693383525
2024-09-08 00:00:00-04:00,0.0020028060627192545
2024-09-09 00:00:00-04:00,0.006126920339157257
2024-09-10 00:00:00-04:00,0.0008263339878360885
2024-09-11 00:00:00-04:00,0.009816373206030779
2024-09-12 00:00:00-04:00,0.004846674217043586
2024-09-13 00:00:00-04:00,0.003310903232121414
2024-09-15 00:00:00-04:00,0.00019435890532402248
2024-09-16 00:00:00-04:00,0.00032442219636712183
2024-09-17 00:00:00-04:00,0.0016397259915818798
2024-09-18 00:00:00-04:00,0.0029432808766533093
2024-09-19 00:00:00-04:00,0.004578473948863691
2024-09-20 00:00:00-04:00,-0.0010930801001936097
2024-09-22 00:00:00-04:00,0.0028150509155701027
2024-09-23 00:00:00-04:00,-0.0011573773562005324
2024-09-24 00:00:00-04:00,0.0016433340257641098
2024-09-25 00:00:00-04:00,0.002108841907053576
2024-09-26 00:00:00-04:00,5.516214848086007e-05
2024-09-27 00:00:00-04:00,-0.0011601887838032618
2024-09-29 00:00:00-04:00,0.0002719373313653455
2024-09-30 00:00:00-04:00,0.003258136329422951
2024-10-01 00:00:00-04:00,-0.006890253920084501
2024-10-02 00:00:00-04:00,-0.0003650763164413482
2024-10-03 00:00:00-04:00,0.0007969589219793037
2024-10-04 00:00:00-04:00,0.00533295446666101
2024-10-06 00:00:00-04:00,-0.0004653299689359903
2024-10-07 00:00:00-04:00,-0.006045063151080579
2024-10-08 00:00:00-04:00,0.005419192648440296
2024-10-09 00:00:00-04:00,0.006214933981096016
2024-10-10 00:00:00-04:00,-0.0006303207706627291
2024-10-11 00:00:00-04:00,0.003313432947570284
2024-10-13 00:00:00-04:00,-0.00021723583357785274
2024-10-14 00:00:00-04:00,0.008391798983772967
2024-10-15 00:00:00-04:00,-0.006610640106064021
2024-10-16 00:00:00-04:00,0.0014535666906303794
2024-10-17 00:00:00-04:00,0.0019683260659207943
2024-10-18 00:00:00-04:00,0.003460487019788987
2024-10-20 00:00:00-04:00,0.0002897205311442728
2024-10-21 00:00:00-04:00,-0.0038083848946799297
2024-10-22 00:00:00-04:00,0.000611166750551723
2024-10-23 00:00:00-04:00,-0.005852771114486888
2024-10-24 00:00:00-04:00,0.0005279700916549639
2024-10-25 00:00:00-04:00,-0.0017118501732422367
2024-10-27 00:00:00-04:00,0.005335355020694953
2024-10-28 00:00:00-04:00,-0.0035277311179908993
2024-10-29 00:00:00-04:00,0.005296999236394942
2024-10-30 00:00:00-04:00,-0.009119189929355358
2024-10-31 00:00:00-04:00,-0.013208021697454652
2024-11-01 00:00:00-04:00,0.0029617400519443425
2024-11-03 00:00:00-04:00,0.0016605742062357446
2024-11-04 00:00:00-05:00,-0.005093002326959787
2024-11-05 00:00:00-05:00,0.024389084578127582
2024-11-06 00:00:00-05:00,0.011638063757215244
2024-11-07 00:00:00-05:00,0.005475882848686004
2024-11-08 00:00:00-05:00,0.003552444052150795
2024-11-10 00:00:00-05:00,0.0014102088420346753
2024-11-11 00:00:00-05:00,-0.0014365617002309226
2024-11-12 00:00:00-05:00,-0.0031836372739909758
2024-11-13 00:00:00-05:00,0.0011251481744496113
2024-11-14 00:00:00-05:00,-0.007894877781600028
2024-11-15 00:00:00-05:00,-0.009530984574722056
2024-11-17 00:00:00-05:00,0.002190201196550426
2024-11-18 00:00:00-05:00,0.003056570660126447
2024-11-19 00:00:00-05:00,0.0032073934755745114
2024-11-20 00:00:00-05:00,-0.00384945309465859
2024-11-21 00:00:00-05:00,0.008116846667713581
2024-11-22 00:00:00-05:00,0.003278233329282802
2024-11-24 00:00:00-05:00,0.004511810513966838
2024-11-25 00:00:00-05:00,-0.0008852374882568233
2024-11-26 00:00:00-05:00,0.004989013162223793
2024-11-27 00:00:00-05:00,-0.002081302384850954
2024-11-28 00:00:00-05:00,0.002478336243330431
2024-11-29 00:00:00-05:00,0.002434352461101027
2024-12-01 00:00:00-05:00,-0.0018416578437564304
2024-12-02 00:00:00-05:00,0.00451089422596828
2024-12-03 00:00:00-05:00,0.0012584134040067622
2024-12-04 00:00:00-05:00,0.003975686672219029
2024-12-05 00:00:00-05:00,-0.0012060779008608881
2024-12-06 00:00:00-05:00,0.002323984133726899
2024-12-08 00:00:00-05:00,-0.0007685281747465988
2024-12-09 00:00:00-05:00,-0.005551618278208984
2024-12-10 00:00:00-05:00,-0.001736736777618402
2024-12-11 00:00:00-05:00,0.00631601091430642
2024-12-12 00:00:00-05:00,-0.003120067557806891
2024-12-13 00:00:00-05:00,-0.0023348572383339655
2024-12-15 00:00:00-05:00,0.0012105125446751274
2024-12-16 00:00:00-05:00,0.0032158700302865897
2024-12-17 00:00:00-05:00,-0.0023453735385414423
2024-12-18 00:00:00-05:00,-0.03207395402360588
2024-12-19 00:00:00-05:00,-0.004231201933030635
2024-12-20 00:00:00-05:00,0.013188869233465352
2024-12-22 00:00:00-05:00,0.004066696572443585
2024-12-23 00:00:00-05:00,0.0012975876387726762
2024-12-24 00:00:00-05:00,0.009629369690641104
2024-12-25 00:00:00-05:00,0.000362737875968873
2024-12-26 00:00:00-05:00,-0.0015922866901427481
2024-12-27 00:00:00-05:00,-0.007544306935423804
2024-12-29 00:00:00-05:00,-0.0017995832506927224
2024-12-30 00:00:00-05:00,-0.008748045855562494
2024-12-31 00:00:00-05:00,-0.002279943573444072
2025-01-01 00:00:00-05:00,0.0024321157055774032
2025-01-02 00:00:00-05:00,-0.0033701837449685787
2025-01-03 00:00:00-05:00,0.008425339294291076
2025-01-05 00:00:00-05:00,0.00018348130302440102
2025-01-06 00:00:00-05:00,0.004378340226690596
2025-01-07 00:00:00-05:00,-0.00725624398175254
2025-01-08 00:00:00-05:00,-0.0024815508225135767
2025-01-09 00:00:00-05:00,0.00013350669972802274
2025-01-10 00:00:00-05:00,-0.011553050507695825
2025-01-12 00:00:00-05:00,-0.003403439590353232
2025-01-13 00:00:00-05:00,0.007453506370214924
2025-01-14 00:00:00-05:00,-0.0011739124090334352
2025-01-15 00:00:00-05:00,0.016851235686217332
2025-01-16 00:00:00-05:00,-4.177761844537298e-05
2025-01-17 00:00:00-05:00,0.006615835453231133
2025-01-19 00:00:00-05:00,0.00023238781464980185
2025-01-20 00:00:00-05:00,0.0016616550804911172
2025-01-21 00:00:00-05:00,0.009345774046214762
2025-01-22 00:00:00-05:00,0.0018209811668031687
2025-01-23 00:00:00-05:00,0.004685872949735279
2025-01-24 00:00:00-05:00,-0.0024071601774062466
2025-01-26 00:00:00-05:00,-0.008147395339930445
2025-01-27 00:00:00-05:00,-0.004057500240498467
2025-01-28 00:00:00-05:00,0.007790216104705592
2025-01-29 00:00:00-05:00,-0.0009752448741666775
2025-01-30 00:00:00-05:00,0.0035680009324744006
2025-01-31 00:00:00-05:00,-0.0070663830345708695
2025-02-02 00:00:00-05:00,-0.017864728206540236
2025-02-03 00:00:00-05:00,0.012287956328198688
2025-02-04 00:00:00-05:00,0.0012976949314019235
2025-02-05 00:00:00-05:00,0.008270888957857086
2025-02-06 00:00:00-05:00,0.0006832394444539301
2025-02-07 00:00:00-05:00,-0.006493172916010531
2025-02-09 00:00:00-05:00,0.0017900422160757753
2025-02-10 00:00:00-05:00,0.0013660280380667243
2025-02-11 00:00:00-05:00,0.0016420882211849294
2025-02-12 00:00:00-05:00,0.00011188166367662458
2025-02-13 00:00:00-05:00,0.007645286789329424
2025-02-14 00:00:00-05:00,-0.0012750242071198807
2025-02-16 00:00:00-05:00,0.0014637930685411507
2025-02-17 00:00:00-05:00,0.00012787889225506958
2025-02-18 00:00:00-05:00,0.001102740085430661
2025-02-19 00:00:00-05:00,-0.0010820458172627382
2025-02-20 00:00:00-05:00,-0.0015496264635071631
2025-02-21 00:00:00-05:00,-0.012828582887248682
2025-02-23 00:00:00-05:00,0.0033396132838157504
2025-02-24 00:00:00-05:00,-0.0062460285678783405
2025-02-25 00:00:00-05:00,-0.002202659986850056
2025-02-26 00:00:00-05:00,-0.0018397504471875782
2025-02-27 00:00:00-05:00,-0.013771111055181038
2025-02-28 00:00:00-05:00,0.011222821030163222
2025-03-02 00:00:00-05:00,0.0021938315221309915
2025-03-03 00:00:00-05:00,-0.014442140643648826
2025-03-04 00:00:00-05:00,-0.005751661212631011
2025-03-05 00:00:00-05:00,0.003326786240099854
2025-03-06 00:00:00-05:00,-0.011805258082553534
2025-03-07 00:00:00-05:00,-6.144329529303971e-05
2025-03-09 00:00:00-05:00,-0.0
2025-03-10 00:00:00-04:00,-0.0
2025-03-11 00:00:00-04:00,-0.0
2025-03-12 00:00:00-04:00,0.0
2025-03-13 00:00:00-04:00,-0.0
2025-03-14 00:00:00-04:00,0.0
2025-03-16 00:00:00-04:00,-0.0
2025-03-17 00:00:00-04:00,0.0
2025-03-18 00:00:00-04:00,-0.0
2025-03-19 00:00:00-04:00,0.0
2025-03-20 00:00:00-04:00,-0.0
2025-03-21 00:00:00-04:00,0.0
2025-03-23 00:00:00-04:00,0.0
2025-03-24 00:00:00-04:00,0.0
2025-03-25 00:00:00-04:00,0.0
2025-03-26 00:00:00-04:00,-0.0
2025-03-27 00:00:00-04:00,-0.0
2025-03-28 00:00:00-04:00,-0.0
2025-03-30 00:00:00-04:00,-0.0
2025-03-31 00:00:00-04:00,0.0
2025-04-01 00:00:00-04:00,0.0
2025-04-02 00:00:00-04:00,-0.0
2025-04-03 00:00:00-04:00,-0.0
2025-04-04 00:00:00-04:00,-0.0
2025-04-06 00:00:00-04:00,-0.0
2025-04-07 00:00:00-04:00,0.0
2025-04-08 00:00:00-04:00,-0.0
2025-04-09 00:00:00-04:00,0.0
2025-04-10 00:00:00-04:00,-0.0
2025-04-11 00:00:00-04:00,0.0
2025-04-13 00:00:00-04:00,0.0
2025-04-14 00:00:00-04:00,-0.0
2025-04-15 00:00:00-04:00,-0.0
2025-04-16 00:00:00-04:00,-0.0
2025-04-17 00:00:00-04:00,-0.0
2025-04-20 00:00:00-04:00,-0.0
2025-04-21 00:00:00-04:00,-0.0
2025-04-22 00:00:00-04:00,0.0
2025-04-23 00:00:00-04:00,-0.0
2025-04-24 00:00:00-04:00,0.0
2025-04-25 00:00:00-04:00,0.0
2025-04-27 00:00:00-04:00,-0.0
2025-04-28 00:00:00-04:00,0.0
2025-04-29 00:00:00-04:00,-0.0
2025-04-30 00:00:00-04:00,0.0
2025-05-01 00:00:00-04:00,0.0
2025-05-02 00:00:00-04:00,0.0
2025-05-04 00:00:00-04:00,-0.0
2025-05-05 00:00:00-04:00,-0.0
2025-05-06 00:00:00-04:00,0.0
2025-05-07 00:00:00-04:00,0.0
2025-05-08 00:00:00-04:00,0.0
2025-05-09 00:00:00-04:00,-0.0
2025-05-11 00:00:00-04:00,0.0
2025-05-12 00:00:00-04:00,0.0
2025-05-13 00:00:00-04:00,0.0027497457344629918
2025-05-14 00:00:00-04:00,-7.579683576353427e-05
2025-05-15 00:00:00-04:00,0.0016200546685951065
2025-05-16 00:00:00-04:00,0.002038556986195656
2025-05-18 00:00:00-04:00,-0.002403922117594516
2025-05-19 00:00:00-04:00,0.002242185998046639
2025-05-20 00:00:00-04:00,-0.0012828801959384453
2025-05-21 00:00:00-04:00,-0.004004210805650149
2025-05-22 00:00:00-04:00,0.0001262243777025118
2025-05-23 00:00:00-04:00,-0.0026296913017354448
2025-05-25 00:00:00-04:00,-2.2398086841387225e-05
2025-05-26 00:00:00-04:00,3.147215205011797e-05
2025-05-27 00:00:00-04:00,0.0032741662642090065
2025-05-28 00:00:00-04:00,0.0033199381660966735
2025-05-29 00:00:00-04:00,-0.0042451153842777405
2025-05-30 00:00:00-04:00,0.0002800042868734289
2025-06-01 00:00:00-04:00,-0.0011831643659658618
2025-06-02 00:00:00-04:00,0.0017552769750546174
2025-06-03 00:00:00-04:00,0.0024685552847479543
2025-06-04 00:00:00-04:00,-1.1695501752128497e-05
2025-06-05 00:00:00-04:00,-0.0008986888131972089
2025-06-06 00:00:00-04:00,0.0026527416920382432
2025-06-08 00:00:00-04:00,-0.0005998518402254535
2025-06-09 00:00:00-04:00,0.0022037548263230864
2025-06-10 00:00:00-04:00,-0.0005039218931088532
2025-06-11 00:00:00-04:00,-0.0011382340796873387
2025-06-12 00:00:00-04:00,-0.0028522271926422283
2025-06-13 00:00:00-04:00,0.0021158940892592863
2025-06-15 00:00:00-04:00,0.00013511968139704228
2025-06-16 00:00:00-04:00,0.00175569601226685
2025-06-17 00:00:00-04:00,-0.0018319119638880769
2025-06-18 00:00:00-04:00,-0.001437837342804487
2025-06-19 00:00:00-04:00,2.6606585530480725e-05
2025-06-20 00:00:00-04:00,0.0007792114443863589
2025-06-22 00:00:00-04:00,-0.0024335227576223646
2025-06-23 00:00:00-04:00,0.01277129382854548
2025-06-24 00:00:00-04:00,0.003929313836895411
2025-06-25 00:00:00-04:00,0.0008977413639917045
2025-06-26 00:00:00-04:00,0.00617658819237872
2025-06-27 00:00:00-04:00,0.0019436699613956687
2025-06-29 00:00:00-04:00,0.0031314989224606148
2025-06-30 00:00:00-04:00,0.0005290375470473944
2025-07-01 00:00:00-04:00,0.001201390974083595
2025-07-02 00:00:00-04:00,0.0022823000166855723
2025-07-03 00:00:00-04:00,0.005432790135822639
2025-07-04 00:00:00-04:00,-0.004456202208203821
2025-07-06 00:00:00-04:00,0.002241047051866222
2025-07-07 00:00:00-04:00,-0.0024075709144739162
2025-07-08 00:00:00-04:00,-0.0018604315993049551
2025-07-09 00:00:00-04:00,0.00460312018907094
2025-07-10 00:00:00-04:00,0.0011121509488972007
2025-07-11 00:00:00-04:00,-0.0007655429216923722
2025-07-13 00:00:00-04:00,-0.003999351829391585
2025-07-14 00:00:00-04:00,0.006350414768991033
2025-07-15 00:00:00-04:00,-0.005560079302902233
2025-07-16 00:00:00-04:00,0.0025704804120272643
2025-07-17 00:00:00-04:00,0.009340272960764166
2025-07-18 00:00:00-04:00,-0.002368398025494911
2025-07-20 00:00:00-04:00,0.0011272623252674885
2025-07-21 00:00:00-04:00,0.0011961960840408015
2025-07-22 00:00:00-04:00,0.002142636854364098
2025-07-23 00:00:00-04:00,0.007367995856121316
2025-07-24 00:00:00-04:00,0.0019993474987415783
2025-07-25 00:00:00-04:00,0.0013309084808057823
2025-07-27 00:00:00-04:00,0.004494990851085915
2025-07-28 00:00:00-04:00,-0.0033407164329809463
2025-07-29 00:00:00-04:00,-0.0027708308039948834
2025-07-30 00:00:00-04:00,0.006933562423713316
2025-07-31 00:00:00-04:00,-0.014534116279654414
2025-08-01 00:00:00-04:00,-0.016417720658066366
2025-08-03 00:00:00-04:00,0.003287246541197971
2025-08-04 00:00:00-04:00,0.012906788048982163
2025-08-05 00:00:00-04:00,-0.004083056896103671
2025-08-06 00:00:00-04:00,0.007835136653761123
2025-08-07 00:00:00-04:00,0.00021885864727490902
2025-08-08 00:00:00-04:00,0.006592558943338022
2025-08-10 00:00:00-04:00,0.00016903207063760864
2025-08-11 00:00:00-04:00,-0.0036022188178511626
2025-08-12 00:00:00-04:00,0.01068895722226732
2025-08-13 00:00:00-04:00,0.0034271003854231866
2025-08-14 00:00:00-04:00,0.002381711134842369
2025-08-15 00:00:00-04:00,-0.00511451344582325
2025-08-17 00:00:00-04:00,0.0024789430953764714
2025-08-18 00:00:00-04:00,-0.0036945736339988877
2025-08-19 00:00:00-04:00,-0.006889544897906426
2025-08-20 00:00:00-04:00,-0.0003002607519116719
2025-08-21 00:00:00-04:00,-0.00453274173216404
2025-08-22 00:00:00-04:00,0.01660990910330907
2025-08-24 00:00:00-04:00,-0.0018824836422344183
2025-08-25 00:00:00-04:00,-0.004073507256469359
2025-08-26 00:00:00-04:00,0.006695994548731055
2025-08-27 00:00:00-04:00,0.00037479475989497796
2025-08-28 00:00:00-04:00,0.004232798031419795
2025-08-29 00:00:00-04:00,-0.005880503792601325
2025-08-31 00:00:00-04:00,0.0001751060842234744
2025-09-01 00:00:00-04:00,-0.0015575845209944055
2025-09-02 00:00:00-04:00,-0.006304943391381866
2025-09-03 00:00:00-04:00,0.005816892875431014
2025-09-04 00:00:00-04:00,0.010273154669242814
2025-09-05 00:00:00-04:00,-0.005386652968071716
2025-09-07 00:00:00-04:00,0.0016090534238392185
2025-09-08 00:00:00-04:00,0.0028117933211599584
2025-09-09 00:00:00-04:00,0.004216167045702439
2025-09-10 00:00:00-04:00,0.0018772704951489964
2025-09-11 00:00:00-04:00,0.007759781595807187
2025-09-12 00:00:00-04:00,-0.00030267541084304174
2025-09-14 00:00:00-04:00,0.000867096670391317
2025-09-15 00:00:00-04:00,0.00529594376213578
2025-09-16 00:00:00-04:00,-0.0020755211408909307
2025-09-17 00:00:00-04:00,0.003609167081372398
2025-09-18 00:00:00-04:00,0.0017994441378129356
2025-09-19 00:00:00-04:00,0.004087322479526417
2025-09-21 00:00:00-04:00,-0.0008024322170009743
2025-09-22 00:00:00-04:00,0.006379353719119893
2025-09-23 00:00:00-04:00,-0.005597911188602161
2025-09-24 00:00:00-04:00,-0.0021245377973155336
2025-09-25 00:00:00-04:00,-0.007459528950667976
2025-09-26 00:00:00-04:00,0.007328161964655965
2025-09-28 00:00:00-04:00,0.0023902609894768676
2025-09-29 00:00:00-04:00,0.0001920698801903222
2025-09-30 00:00:00-04:00,-0.0005381681035011506
2025-10-01 00:00:00-04:00,0.010030378288572872
2025-10-02 00:00:00-04:00,0.0020247650910943014
2025-10-03 00:00:00-04:00,-0.0026382153416047954
2025-10-05 00:00:00-04:00,0.0034343135825123227
2025-10-06 00:00:00-04:00,-0.0001649521449531437
2025-10-07 00:00:00-04:00,-0.001338944678888529
2025-10-08 00:00:00-04:00,0.004139846480046953
2025-10-09 00:00:00-04:00,-0.0005717399704012529
2025-10-10 00:00:00-04:00,-0.03324003539100664
2025-10-12 00:00:00-04:00,0.011789862714659219
2025-10-13 00:00:00-04:00,0.003673649365893772
2025-10-14 00:00:00-04:00,-0.0006213660684223368
2025-10-15 00:00:00-04:00,0.002851229889729751
2025-10-16 00:00:00-04:00,-0.010495260912671058
2025-10-17 00:00:00-04:00,0.010119434470158738
2025-10-19 00:00:00-04:00,0.0008115318984487038
2025-10-20 00:00:00-04:00,0.010363437908991167
2025-10-21 00:00:00-04:00,-0.0006210287026585557
2025-10-22 00:00:00-04:00,-0.004394977904624272
2025-10-23 00:00:00-04:00,0.005975802940552768
2025-10-24 00:00:00-04:00,0.006629103915992358
2025-10-26 00:00:00-04:00,0.00831438325713246
2025-10-27 00:00:00-04:00,0.004668093463116356
2025-10-28 00:00:00-04:00,0.004684786831681258
2025-10-29 00:00:00-04:00,0.001589924658550673
2025-10-30 00:00:00-04:00,-0.007078457780167311
2025-10-31 00:00:00-04:00,-0.004291673657254266
2025-11-02 00:00:00-04:00,0.0024396154444393677
2025-11-03 00:00:00-05:00,-0.005913121270936732
2025-11-04 00:00:00-05:00,-0.009712490714754897
2025-11-05 00:00:00-05:00,0.006440635922846684
2025-11-06 00:00:00-05:00,-0.01194221611442494
2025-11-07 00:00:00-05:00,0.001960232308958681
2025-11-09 00:00:00-05:00,0.0062126595839060335
2025-11-10 00:00:00-05:00,0.00817989089275577
2025-11-11 00:00:00-05:00,0.0040670595041180395
2025-11-12 00:00:00-05:00,0.0009182133565964248
2025-11-13 00:00:00-05:00,-0.019815323516956994
2025-11-14 00:00:00-05:00,0.0015328878043130672
2025-11-16 00:00:00-05:00,0.0031233578590860985
2025-11-17 00:00:00-05:00,-0.0176159540884664
2025-11-18 00:00:00-05:00,-0.004731055406878839
2025-11-19 00:00:00-05:00,0.016768974703606377
2025-11-20 00:00:00-05:00,-0.021259461097507308
2025-11-21 00:00:00-05:00,0.0057493977684926765
2025-11-23 00:00:00-05:00,0.0026098726528484737
2025-11-24 00:00:00-05:00,0.008372844024448633
2025-11-25 00:00:00-05:00,0.009069409129891032
2025-11-26 00:00:00-05:00,0.0038202011664834963
2025-11-27 00:00:00-05:00,0.0007887873901474787
2025-11-28 00:00:00-05:00,0.002349503114553311
2025-11-30 00:00:00-05:00,-0.005404304514783105
2025-12-01 00:00:00-05:00,0.0015123931237319558
2025-12-02 00:00:00-05:00,0.003767888404443466
2025-12-03 00:00:00-05:00,0.0010278504723015276
2025-12-04 00:00:00-05:00,0.0020183998816991123
2025-12-05 00:00:00-05:00,5.5723502904709204e-05
2025-12-07 00:00:00-05:00,0.0011890380976628183
2025-12-08 00:00:00-05:00,-0.003216819763026807
2025-12-09 00:00:00-05:00,-0.00097733925270846
2025-12-10 00:00:00-05:00,-0.0015034897094581003
2025-12-11 00:00:00-05:00,0.00783745574565002
2025-12-12 00:00:00-05:00,-0.007601728644755993
2025-12-14 00:00:00-05:00,0.0016116051498990015
2025-12-15 00:00:00-05:00,-0.006194813654644775
2025-12-16 00:00:00-05:00,-8.070146460160515e-05
2025-12-17 00:00:00-05:00,-0.005925639513970057
2025-12-18 00:00:00-05:00,0.0050314684738978245
2025-12-19 00:00:00-05:00,0.005922770564635183
2025-12-21 00:00:00-05:00,0.0017633295732649775
2025-12-22 00:00:00-05:00,0.0027008135824351364
2025-12-23 00:00:00-05:00,0.00337861149090798
2025-12-24 00:00:00-05:00,0.0032110978790504505
2025-12-25 00:00:00-05:00,0.00030840438859092715
2025-12-26 00:00:00-05:00,-0.0002364435482217239
2025-12-28 00:00:00-05:00,-0.00012187822343606774
2025-12-29 00:00:00-05:00,-0.0024082320791056658
2025-12-30 00:00:00-05:00,-0.002445581500039266
2025-12-31 00:00:00-05:00,-0.004735442270582384
2026-01-01 00:00:00-05:00,0.003225295820296888
2026-01-02 00:00:00-05:00,-0.0019514496515294615
2026-01-04 00:00:00-05:00,0.0011649062885765605
2026-01-05 00:00:00-05:00,0.005258592931460485
2026-01-06 00:00:00-05:00,0.003859988048421825
2026-01-07 00:00:00-05:00,-0.0036606742334301264
2026-01-08 00:00:00-05:00,0.0010765810416949483
2026-01-09 00:00:00-05:00,0.005223424262553645
2026-01-11 00:00:00-05:00,-0.004539309641518222
2026-01-12 00:00:00-05:00,0.005215135046408529
2026-01-13 00:00:00-05:00,-0.0022314596767617255
2026-01-14 00:00:00-05:00,-0.004096635135784387
2026-01-15 00:00:00-05:00,0.005974368752608547
2026-01-16 00:00:00-05:00,-0.0033804094423113026
2026-01-18 00:00:00-05:00,-0.007524783575159246
2026-01-19 00:00:00-05:00,-0.0013999238249704181
2026-01-20 00:00:00-05:00,-0.0065637527369981335
2026-01-21 00:00:00-05:00,0.010074628190662528
2026-01-22 00:00:00-05:00,0.00367147215092958
2026-01-23 00:00:00-05:00,-0.002453741189736063
2026-01-25 00:00:00-05:00,-0.0013948295291574167
2026-01-26 00:00:00-05:00,0.009606947143207078
2026-01-27 00:00:00-05:00,0.003603242535598097
2026-01-28 00:00:00-05:00,-0.0014489850750011189
2026-01-29 00:00:00-05:00,-0.006783191868451765
2026-01-30 00:00:00-05:00,-0.00022638790726148343
2026-02-01 00:00:00-05:00,-0.011211381679153209
2026-02-02 00:00:00-05:00,0.02079957988855655
2026-02-03 00:00:00-05:00,-0.0115644360005619
2026-02-04 00:00:00-05:00,-0.006369004477458937
2026-02-05 00:00:00-05:00,-0.01778568576116008
2026-02-06 00:00:00-05:00,0.02371964983931403
2026-02-08 00:00:00-05:00,0.0016503657007403074
2026-02-09 00:00:00-05:00,0.00327620377454967
2026-02-10 00:00:00-05:00,-0.0004982196019860826
2026-02-11 00:00:00-05:00,0.00014443527476079603
2026-02-12 00:00:00-05:00,-0.01714105464321522
2026-02-13 00:00:00-05:00,0.0006801516486610975
2026-02-15 00:00:00-05:00,0.001265964638091165
2026-02-16 00:00:00-05:00,-0.004980501878441894
2026-02-17 00:00:00-05:00,0.006595334837079077
2026-02-18 00:00:00-05:00,0.0022572285596317706
2026-02-19 00:00:00-05:00,-0.00026160344585679973
2026-02-20 00:00:00-05:00,0.0049449453613958794
2026-02-22 00:00:00-05:00,-0.007125616991952123
2026-02-23 00:00:00-05:00,0.000139821368630342
2026-02-24 00:00:00-05:00,0.004441150523516497
2026-02-25 00:00:00-05:00,0.0053979538953562636
2026-02-26 00:00:00-05:00,-0.006086132251170117
2026-02-27 00:00:00-05:00,-0.0019185481575595268
2026-03-01 00:00:00-05:00,-0.006894402301488288
2026-03-02 00:00:00-05:00,0.0010184547500229292
2026-03-03 00:00:00-05:00,-0.005765293955205714
2026-03-04 00:00:00-05:00,0.009957815378533214
2026-03-05 00:00:00-05:00,-0.0024926865257771168
2026-03-06 00:00:00-05:00,-0.013390071347752538
2026-03-08 00:00:00-05:00,-0.016182170576783513
2026-03-09 00:00:00-04:00,-5.349798024152233e-05
2026-03-10 00:00:00-04:00,0.005401178740946028
2026-03-11 00:00:00-04:00,-0.011554232576894908
2026-03-12 00:00:00-04:00,-4.730094055860095e-05
2026-03-13 00:00:00-04:00,-0.0
2026-03-15 00:00:00-04:00,0.0
2026-03-16 00:00:00-04:00,0.0
2026-03-17 00:00:00-04:00,0.0
2026-03-18 00:00:00-04:00,-0.011801685579052874
2026-03-19 00:00:00-04:00,-4.593673058580045e-05
2026-03-20 00:00:00-04:00,-0.0
2026-03-22 00:00:00-04:00,-0.0
2026-03-23 00:00:00-04:00,0.0
2026-03-24 00:00:00-04:00,0.0
2026-03-25 00:00:00-04:00,-0.0
2026-03-26 00:00:00-04:00,-0.0
2026-03-27 00:00:00-04:00,-0.0
2026-03-29 00:00:00-04:00,-0.0
2026-03-30 00:00:00-04:00,0.0
2026-03-31 00:00:00-04:00,0.0
2026-04-01 00:00:00-04:00,-0.0
2026-04-02 00:00:00-04:00,0.0
2026-04-05 00:00:00-04:00,-0.0
2026-04-06 00:00:00-04:00,0.0
2026-04-07 00:00:00-04:00,0.0
2026-04-08 00:00:00-04:00,-0.0007139040586669718
2026-04-09 00:00:00-04:00,0.004606171470582402
2026-04-10 00:00:00-04:00,-0.0006275695340195174
2026-04-12 00:00:00-04:00,-0.004187494580665262
2026-04-13 00:00:00-04:00,0.010192870531718135
2026-04-14 00:00:00-04:00,0.006425592430939969
2026-04-15 00:00:00-04:00,0.005563846782217783
2026-04-16 00:00:00-04:00,0.0006579596374266341
2026-04-17 00:00:00-04:00,0.00694776569972398
2026-04-19 00:00:00-04:00,-0.003491835967621306
2026-04-20 00:00:00-04:00,0.003099716925515047
2026-04-21 00:00:00-04:00,-0.0014973469149289656
2026-04-22 00:00:00-04:00,-0.0003863743402840807
2026-04-23 00:00:00-04:00,0.0009167622757020531
2026-04-24 00:00:00-04:00,0.0042534450232159324
2026-04-26 00:00:00-04:00,0.0009944475940783203
2026-04-27 00:00:00-04:00,0.00021226456481280242
2026-04-28 00:00:00-04:00,-0.0019810064596174565
2026-04-29 00:00:00-04:00,-0.00034540455860500134
2026-04-30 00:00:00-04:00,0.007410353324943861
2026-05-01 00:00:00-04:00,-0.0006012610073027764
2026-05-03 00:00:00-04:00,0.0010295753135534536
2026-05-04 00:00:00-04:00,-0.0024626882845219123
2026-05-05 00:00:00-04:00,0.0058733130362589
2026-05-06 00:00:00-04:00,0.0070993070645992765
2026-05-07 00:00:00-04:00,-0.0010005472339157247
2026-05-08 00:00:00-04:00,0.003813273290413024
2026-05-10 00:00:00-04:00,-0.0007769460021947428
2026-05-11 00:00:00-04:00,0.0015635878159690828
2026-05-12 00:00:00-04:00,1.688074609905206e-05
2026-05-13 00:00:00-04:00,0.0041049246081897
2026-05-14 00:00:00-04:00,0.002540362506601768
2026-05-15 00:00:00-04:00,-0.007299785129792238
2026-05-17 00:00:00-04:00,-0.0031025597591947045
2026-05-18 00:00:00-04:00,0.0025095144508027654
2026-05-19 00:00:00-04:00,-0.00400915907065218
2026-05-20 00:00:00-04:00,0.006795139148082122
2026-05-21 00:00:00-04:00,0.00431030672093531
2026-05-22 00:00:00-04:00,0.0011163675651199123
2026-05-24 00:00:00-04:00,0.005429189739949921
2026-05-25 00:00:00-04:00,-0.0012686685172780313
2026-05-26 00:00:00-04:00,0.0006073473505239575
2026-05-27 00:00:00-04:00,-0.0009070488009478905
2026-05-28 00:00:00-04:00,0.003969165131114882
2026-05-29 00:00:00-04:00,0.002193887649203212
2026-05-31 00:00:00-04:00,0.001875456656402271
2026-06-01 00:00:00-04:00,-0.0033050401452182176
2026-06-02 00:00:00-04:00,0.004136721248029349
2026-06-03 00:00:00-04:00,-0.008867110399437918
2026-06-04 00:00:00-04:00,0.0026658898136383636
2026-06-05 00:00:00-04:00,-0.019462473345103388
2026-06-07 00:00:00-04:00,0.004566376469752613
2026-06-08 00:00:00-04:00,0.0009662961425031619
2026-06-09 00:00:00-04:00,-0.0053250799213926244
2026-06-10 00:00:00-04:00,-0.00854609455912443
2026-06-11 00:00:00-04:00,0.013455604357555637
2026-06-12 00:00:00-04:00,0.0031686235186129874
2026-06-14 00:00:00-04:00,0.007878775647565617
2026-06-15 00:00:00-04:00,0.0035727446814331396
2026-06-16 00:00:00-04:00,-0.001839257203709228
2026-06-17 00:00:00-04:00,-0.0047662412191506335
2026-06-18 00:00:00-04:00,-0.0008126799081350115
2026-06-19 00:00:00-04:00,0.00131794649756186
2026-06-21 00:00:00-04:00,-0.0021718532560013916
2026-06-22 00:00:00-04:00,-0.0030141443544321788
2026-06-23 00:00:00-04:00,-0.010186243952754356
2026-06-24 00:00:00-04:00,0.004282321159138577
2026-06-25 00:00:00-04:00,-0.01117442004257792
2026-06-26 00:00:00-04:00,0.004704607352741575
