ts,open,high,low,close
2010-11-14,2135.0,2142.0,2134.0,2139.75
2010-11-15,2139.5,2150.5,2113.0,2119.5
2010-11-16,2119.5,2124.25,2083.5,2099.0
2010-11-17,2099.0,2112.25,2088.25,2111.75
2010-11-18,2111.5,2146.5,2108.5,2129.5
2010-11-19,2129.5,2138.25,2119.75,2133.0
2010-11-21,2143.0,2148.75,2141.75,2145.5
2010-11-22,2145.25,2155.25,2120.75,2147.75
2010-11-23,2148.0,2149.5,2104.75,2126.5
2010-11-24,2126.5,2165.25,2113.25,2157.0
2010-11-25,2157.25,2163.25,2153.0,2156.75
2010-11-26,2156.5,2160.0,2134.75,2144.0
2010-11-29,2155.5,2160.0,2117.75,2137.0
2010-11-30,2137.0,2146.5,2109.5,2117.75
2010-12-01,2117.75,2173.75,2117.75,2158.75
2010-12-02,2158.5,2189.5,2156.75,2186.0
2010-12-03,2186.25,2194.75,2168.0,2187.5
2010-12-05,2187.5,2193.5,2185.0,2187.75
2010-12-06,2188.5,2195.75,2177.0,2195.25
2010-12-07,2195.25,2216.75,2184.75,2185.25
2010-12-08,2185.25,2207.5,2180.0,2206.5
2010-12-09,2206.75,2213.0,2192.25,2202.0
2010-12-10,2201.75,2216.5,2198.0,2214.25
2010-12-12,2216.0,2216.75,2210.0,2214.0
2010-12-13,2213.75,2225.25,2205.5,2207.5
2010-12-14,2207.75,2219.5,2204.25,2212.75
2010-12-15,2212.5,2223.25,2196.0,2200.75
2010-12-16,2201.0,2224.5,2197.75,2218.75
2010-12-17,2218.75,2226.25,2215.25,2219.5
2010-12-19,2215.5,2217.25,2207.0,2207.5
2010-12-20,2207.5,2229.75,2205.5,2226.5
2010-12-21,2226.75,2236.75,2224.25,2232.25
2010-12-22,2232.25,2238.5,2230.5,2238.0
2010-12-23,2237.75,2238.5,2223.75,2230.75
2010-12-26,2225.5,2228.25,2219.5,2227.5
2010-12-27,2227.5,2234.0,2207.0,2233.0
2010-12-28,2233.0,2236.5,2221.25,2228.75
2010-12-29,2228.75,2235.25,2228.0,2230.5
2010-12-30,2230.5,2232.0,2221.5,2226.75
2010-12-31,2226.75,2228.0,2207.75,2215.0
2011-01-02,2220.75,2228.5,2219.25,2227.75
2011-01-03,2227.75,2267.5,2225.75,2252.75
2011-01-04,2253.0,2262.5,2236.5,2240.0
2011-01-05,2239.75,2272.0,2229.25,2269.75
2011-01-06,2269.75,2279.0,2267.25,2277.25
2011-01-07,2277.0,2282.0,2252.5,2272.0
2011-01-09,2269.25,2275.5,2267.25,2274.0
2011-01-10,2274.25,2286.75,2260.75,2286.25
2011-01-11,2286.5,2295.0,2278.0,2288.25
2011-01-12,2288.25,2306.5,2286.0,2303.75
2011-01-13,2303.5,2310.5,2296.5,2307.75
2011-01-14,2308.0,2322.75,2297.5,2320.25
2011-01-16,2320.25,2324.5,2316.75,2317.0
2011-01-17,2316.75,2319.0,2286.0,2298.5
2011-01-18,2298.75,2346.25,2296.25,2334.0
2011-01-19,2334.25,2338.0,2292.0,2297.25
2011-01-20,2297.5,2298.5,2267.0,2281.5
2011-01-21,2281.25,2300.0,2265.75,2267.75
2011-01-23,2267.75,2274.0,2264.75,2273.25
2011-01-24,2273.5,2300.5,2266.25,2296.5
2011-01-25,2296.75,2306.25,2282.0,2304.75
2011-01-26,2304.75,2319.75,2298.25,2318.0
2011-01-27,2318.0,2334.5,2313.0,2319.5
2011-01-28,2319.75,2330.75,2258.0,2266.63
2011-01-30,2261.75,2270.75,2250.25,2270.0
2011-01-31,2270.25,2290.75,2254.75,2290.0
2011-02-01,2289.75,2328.0,2285.75,2321.25
2011-02-02,2321.25,2327.5,2312.0,2314.0
2011-02-03,2314.25,2326.0,2295.75,2323.75
2011-02-04,2323.75,2337.5,2316.25,2335.5
2011-02-06,2336.25,2339.0,2334.25,2337.25
2011-02-07,2337.25,2359.25,2335.0,2345.5
2011-02-08,2345.25,2363.5,2341.5,2358.25
2011-02-09,2358.0,2365.25,2349.75,2352.5
2011-02-10,2352.25,2364.75,2338.0,2355.75
2011-02-11,2355.5,2380.25,2347.75,2376.75
2011-02-13,2376.0,2380.0,2375.25,2379.0
2011-02-14,2378.75,2387.5,2376.0,2380.0
2011-02-15,2380.25,2390.0,2370.75,2388.75
2011-02-16,2388.75,2403.0,2385.5,2390.25
2011-02-17,2390.25,2400.5,2383.5,2395.25
2011-02-18,2395.25,2400.25,2382.0,2392.5
2011-02-20,2392.5,2393.5,2386.0,2387.75
2011-02-21,2387.5,2392.5,2359.75,2362.0
2011-02-22,2362.0,2366.0,2315.5,2326.75
2011-02-23,2326.75,2334.5,2285.0,2307.75
2011-02-24,2308.0,2320.75,2280.25,2316.25
2011-02-25,2316.0,2350.0,2316.0,2345.0
2011-02-27,2343.0,2343.5,2334.75,2340.75
2011-02-28,2341.0,2362.75,2337.75,2353.5
2011-03-01,2353.5,2371.75,2301.75,2304.0
2011-03-02,2304.25,2340.75,2304.0,2329.25
2011-03-03,2329.5,2378.5,2327.5,2373.25
2011-03-04,2373.5,2378.25,2344.25,2359.5
2011-03-06,2360.0,2365.5,2347.0,2348.75
2011-03-07,2348.75,2373.75,2306.25,2332.75
2011-03-08,2332.25,2347.75,2310.25,2327.5
2011-03-09,2327.75,2340.0,2292.5,2295.75
2011-03-10,2295.75,2303.75,2273.0,2285.25
2011-03-11,2285.5,2303.75,2262.5,2300.75
2011-03-13,2300.75,2301.99,2275.0,2289.75
2011-03-14,2290.0,2300.5,2253.75,2256.0
2011-03-15,2256.25,2269.25,2214.5,2240.5
2011-03-16,2240.5,2259.5,2185.5,2207.25
2011-03-17,2207.25,2245.5,2205.25,2237.75
2011-03-18,2237.75,2253.75,2215.25,2219.5
2011-03-20,2224.75,2237.5,2219.0,2233.5
2011-03-21,2233.5,2271.25,2231.0,2253.75
2011-03-22,2253.75,2264.0,2247.5,2248.5
2011-03-23,2248.75,2274.5,2232.0,2265.75
2011-03-24,2265.5,2320.0,2262.5,2318.5
2011-03-25,2318.75,2329.25,2311.25,2316.5
2011-03-27,2317.75,2324.5,2314.5,2319.25
2011-03-28,2319.25,2328.0,2292.5,2293.75
2011-03-29,2293.75,2327.0,2289.5,2325.0
2011-03-30,2325.25,2342.75,2324.0,2328.75
2011-03-31,2328.5,2344.75,2327.25,2341.0
2011-04-01,2341.0,2357.5,2333.25,2337.0
2011-04-03,2338.0,2345.0,2337.25,2337.5
2011-04-04,2337.5,2349.5,2322.0,2336.25
2011-04-05,2336.0,2339.75,2318.0,2327.75
2011-04-06,2327.5,2349.75,2317.25,2325.0
2011-04-07,2325.25,2344.0,2311.75,2332.75
2011-04-08,2332.5,2342.5,2304.75,2318.0
2011-04-10,2324.25,2332.75,2323.0,2326.5
2011-04-11,2326.75,2331.25,2295.0,2296.5
2011-04-12,2296.5,2304.5,2284.75,2297.0
2011-04-13,2297.0,2319.25,2294.5,2306.5
2011-04-14,2306.25,2311.75,2287.5,2302.0
2011-04-15,2302.0,2313.5,2289.5,2309.75
2011-04-17,2309.0,2309.75,2304.25,2309.5
2011-04-18,2309.75,2309.75,2250.5,2278.25
2011-04-19,2278.5,2325.5,2278.0,2325.25
2011-04-20,2325.25,2379.25,2317.25,2376.25
2011-04-21,2376.25,2382.5,2366.75,2372.0
2011-04-24,2372.0,2379.5,2371.75,2378.0
2011-04-25,2378.0,2382.0,2371.75,2375.5
2011-04-26,2375.25,2401.5,2372.75,2392.75
2011-04-27,2392.5,2415.5,2387.25,2413.75
2011-04-28,2414.0,2414.25,2396.25,2400.0
2011-04-29,2400.0,2412.25,2397.75,2407.25
2011-05-01,2410.0,2426.5,2403.25,2426.25
2011-05-02,2426.5,2426.5,2393.75,2395.5
2011-05-03,2395.25,2402.5,2373.75,2380.25
2011-05-04,2380.25,2395.75,2364.5,2389.0
2011-05-05,2389.0,2399.5,2363.5,2377.0
2011-05-06,2377.0,2409.5,2372.75,2373.25
2011-05-08,2382.25,2386.0,2379.75,2384.75
2011-05-09,2384.75,2397.5,2374.0,2385.25
2011-05-10,2385.0,2415.0,2382.75,2411.0
2011-05-11,2411.0,2414.75,2374.0,2386.5
2011-05-12,2386.5,2409.0,2369.0,2402.25
2011-05-13,2402.5,2414.0,2369.0,2371.0
2011-05-15,2367.5,2367.5,2359.25,2362.25
2011-05-16,2362.0,2372.75,2326.0,2330.75
2011-05-17,2331.0,2348.25,2318.25,2347.25
2011-05-18,2347.5,2366.25,2333.25,2365.0
2011-05-19,2365.5,2373.25,2353.5,2367.0
2011-05-20,2367.0,2372.5,2342.75,2344.25
2011-05-22,2340.5,2342.5,2330.5,2330.75
2011-05-23,2331.0,2332.25,2304.5,2316.0
2011-05-24,2316.0,2324.0,2281.0,2285.0
2011-05-25,2284.75,2320.5,2282.0,2313.5
2011-05-26,2313.5,2330.75,2302.75,2330.5
2011-05-27,2330.25,2338.25,2322.25,2332.5
2011-05-29,2332.5,2334.5,2331.0,2334.0
2011-05-30,2334.25,2349.75,2330.5,2346.75
2011-05-31,2346.75,2380.0,2346.0,2378.5
2011-06-01,2378.25,2380.5,2313.75,2318.75
2011-06-02,2318.75,2335.25,2314.25,2320.75
2011-06-03,2321.0,2325.0,2286.0,2287.0
2011-06-05,2289.75,2292.75,2284.0,2289.5
2011-06-06,2289.5,2298.75,2270.5,2274.0
2011-06-07,2273.75,2288.0,2264.75,2265.5
2011-06-08,2265.5,2270.5,2245.75,2250.5
2011-06-09,2250.25,2263.5,2242.5,2245.25
2011-06-10,2245.25,2249.75,2215.0,2216.5
2011-06-12,2219.5,2223.0,2215.75,2221.25
2011-06-13,2221.25,2231.0,2210.75,2228.75
2011-06-14,2228.75,2252.5,2228.0,2240.5
2011-06-15,2240.25,2241.5,2199.75,2211.25
2011-06-16,2211.5,2213.75,2176.5,2199.25
2011-06-17,2199.0,2218.5,2182.25,2188.75
2011-06-19,2185.0,2190.75,2183.0,2184.5
2011-06-20,2184.5,2206.75,2174.0,2199.75
2011-06-21,2200.0,2249.75,2197.75,2240.75
2011-06-22,2241.0,2250.5,2221.0,2224.25
2011-06-23,2224.5,2252.75,2199.75,2250.0
2011-06-24,2250.0,2256.5,2206.0,2206.0
2011-06-26,2212.5,2214.75,2195.0,2200.25
2011-06-27,2200.5,2259.5,2199.25,2256.25
2011-06-28,2256.25,2285.5,2241.5,2281.75
2011-06-29,2281.5,2300.25,2275.0,2296.25
2011-06-30,2296.5,2323.25,2294.0,2318.0
2011-07-01,2318.25,2360.75,2316.75,2354.0
2011-07-03,2353.75,2359.25,2353.75,2359.25
2011-07-04,2359.0,2366.0,2351.5,2361.0
2011-07-05,2361.0,2373.75,2354.0,2373.0
2011-07-06,2373.0,2388.75,2358.5,2387.5
2011-07-07,2387.5,2417.25,2378.5,2415.5
2011-07-08,2415.5,2421.5,2375.75,2407.75
2011-07-10,2398.5,2399.25,2390.25,2395.75
2011-07-11,2395.5,2396.0,2345.25,2347.75
2011-07-12,2347.75,2366.25,2330.5,2348.5
2011-07-13,2348.5,2374.75,2328.25,2339.0
2011-07-14,2339.0,2368.0,2314.5,2346.0
2011-07-15,2345.75,2358.25,2331.5,2354.5
2011-07-17,2351.75,2354.0,2337.0,2345.0
2011-07-18,2345.0,2351.5,2318.75,2344.75
2011-07-19,2344.5,2411.0,2343.25,2406.25
2011-07-20,2406.5,2413.25,2365.0,2371.75
2011-07-21,2372.0,2414.25,2367.25,2409.5
2011-07-22,2409.75,2429.5,2396.25,2427.0
2011-07-24,2392.25,2406.0,2389.75,2401.75
2011-07-25,2401.5,2434.0,2398.25,2421.5
2011-07-26,2421.5,2435.25,2414.5,2423.75
2011-07-27,2424.0,2425.5,2356.0,2361.0
2011-07-28,2361.0,2398.25,2345.0,2351.75
2011-07-29,2351.5,2385.25,2338.5,2359.25
2011-07-31,2385.75,2393.5,2382.5,2387.75
2011-08-01,2387.5,2394.75,2321.0,2343.25
2011-08-02,2343.0,2349.0,2281.25,2287.25
2011-08-03,2287.25,2319.5,2253.0,2309.75
2011-08-04,2309.75,2314.25,2195.0,2209.25
2011-08-05,2209.0,2238.75,2128.75,2190.25
2011-08-07,2140.75,2155.75,2126.0,2141.75
2011-08-08,2142.25,2170.25,1972.25,1991.5
2011-08-09,1991.75,2167.5,1982.25,2156.0
2011-08-10,2155.75,2160.5,2066.5,2116.75
2011-08-11,2116.75,2184.25,2057.5,2146.5
2011-08-12,2146.75,2192.0,2115.0,2176.75
2011-08-14,2178.0,2193.75,2177.5,2188.5
2011-08-15,2188.25,2211.0,2176.5,2200.25
2011-08-16,2200.5,2210.75,2163.5,2187.5
2011-08-17,2187.5,2213.75,2157.25,2161.0
2011-08-18,2161.0,2162.5,2053.5,2071.0
2011-08-19,2070.75,2101.5,2033.75,2040.0
2011-08-21,2033.25,2057.25,2022.0,2046.25
2011-08-22,2046.25,2085.25,2028.75,2057.5
2011-08-23,2057.0,2129.0,2048.25,2106.25
2011-08-24,2106.25,2147.5,2096.25,2120.5
2011-08-25,2120.5,2151.75,2100.75,2119.25
2011-08-26,2118.75,2168.5,2080.75,2164.25
2011-08-28,2161.25,2177.0,2157.75,2175.25
2011-08-29,2175.25,2224.75,2173.75,2221.25
2011-08-30,2221.25,2249.25,2201.5,2226.25
2011-08-31,2226.25,2267.25,2221.25,2253.5
2011-09-01,2253.75,2263.5,2203.75,2206.5
2011-09-02,2206.5,2217.0,2155.75,2164.0
2011-09-04,2155.0,2159.25,2148.75,2153.5
2011-09-05,2153.25,2156.5,2108.0,2122.25
2011-09-06,2122.25,2177.5,2111.0,2174.25
2011-09-07,2174.5,2228.5,2174.5,2218.5
2011-09-08,2218.75,2243.5,2203.0,2226.25
2011-09-09,2226.25,2226.25,2149.75,2169.0
2011-09-11,2145.0,2160.75,2144.0,2156.5
2011-09-12,2156.25,2208.5,2121.25,2200.0
2011-09-13,2200.0,2225.25,2166.25,2211.5
2011-09-14,2211.5,2278.0,2192.0,2245.25
2011-09-15,2244.5,2289.75,2239.0,2285.0
2011-09-16,2284.75,2308.0,2269.0,2306.0
2011-09-18,2282.5,2284.75,2272.75,2273.75
2011-09-19,2273.75,2314.25,2254.5,2286.75
2011-09-20,2286.5,2332.25,2283.5,2302.0
2011-09-21,2301.75,2315.25,2232.0,2232.25
2011-09-22,2232.5,2238.5,2144.25,2190.5
2011-09-23,2190.75,2210.0,2134.0,2202.75
2011-09-25,2190.0,2226.5,2189.25,2205.75
2011-09-26,2206.0,2234.5,2162.25,2232.5
2011-09-27,2232.25,2284.75,2226.5,2242.5
2011-09-28,2242.25,2275.5,2205.75,2216.75
2011-09-29,2217.0,2259.25,2152.5,2182.25
2011-09-30,2182.25,2190.5,2122.25,2123.0
2011-10-02,2122.5,2134.5,2118.0,2120.0
2011-10-03,2120.0,2147.75,2060.0,2072.25
2011-10-04,2072.25,2126.5,2035.75,2110.0
2011-10-05,2109.75,2181.5,2099.25,2156.25
2011-10-06,2156.25,2213.5,2153.25,2205.0
2011-10-07,2204.5,2226.5,2183.5,2204.5
2011-10-09,2207.25,2234.5,2205.0,2222.5
2011-10-10,2222.75,2278.0,2220.5,2269.0
2011-10-11,2269.0,2296.0,2262.25,2282.25
2011-10-12,2282.0,2327.25,2281.5,2298.25
2011-10-13,2298.0,2331.75,2289.0,2324.0
2011-10-14,2324.0,2369.0,2323.75,2365.0
2011-10-16,2366.25,2379.0,2366.0,2376.0
2011-10-17,2376.0,2388.25,2311.5,2321.5
2011-10-18,2321.5,2371.25,2305.0,2342.75
2011-10-19,2343.25,2356.0,2305.75,2315.5
2011-10-20,2315.25,2332.25,2268.5,2308.75
2011-10-21,2308.5,2345.25,2299.25,2333.0
2011-10-23,2322.5,2334.25,2320.5,2332.5
2011-10-24,2332.75,2385.75,2331.25,2367.25
2011-10-25,2367.25,2386.25,2316.0,2329.75
2011-10-26,2330.0,2354.5,2287.0,2352.25
2011-10-27,2352.0,2408.5,2349.5,2389.0
2011-10-28,2389.25,2401.75,2378.5,2398.5
2011-10-30,2396.0,2397.0,2381.5,2384.25
2011-10-31,2384.5,2386.0,2343.5,2349.0
2011-11-01,2348.5,2349.25,2282.75,2305.75
2011-11-02,2305.75,2329.75,2291.0,2295.25
2011-11-03,2295.0,2366.25,2278.75,2357.25
2011-11-04,2357.25,2364.5,2327.0,2352.5
2011-11-06,2363.75,2365.5,2345.75,2351.25
2011-11-07,2350.75,2379.75,2319.5,2365.5
2011-11-08,2365.5,2399.0,2355.0,2391.0
2011-11-09,2390.75,2396.75,2302.5,2313.75
2011-11-10,2313.5,2343.5,2286.5,2322.5
2011-11-11,2322.5,2360.0,2302.75,2352.0
2011-11-13,2355.75,2364.75,2355.75,2358.75
2011-11-14,2358.75,2360.75,2329.75,2334.75
2011-11-15,2335.0,2374.0,2309.75,2346.75
2011-11-16,2346.75,2370.75,2304.75,2325.75
2011-11-17,2325.5,2332.5,2256.0,2265.75
2011-11-18,2265.5,2289.75,2249.0,2250.0
2011-11-20,2241.75,2242.0,2231.0,2237.5
2011-11-21,2237.75,2242.75,2187.0,2222.25
2011-11-22,2222.5,2223.5,2187.0,2192.0
2011-11-23,2191.75,2207.0,2161.75,2173.5
2011-11-24,2173.25,2184.25,2151.0,2152.75
2011-11-25,2152.75,2182.25,2135.5,2149.25
2011-11-27,2180.25,2192.5,2178.75,2186.5
2011-11-28,2186.75,2227.75,2180.75,2221.25
2011-11-29,2221.0,2245.0,2199.0,2202.5
2011-11-30,2202.75,2305.5,2196.25,2303.5
2011-12-01,2303.25,2318.5,2284.0,2317.5
2011-12-02,2317.75,2342.75,2300.75,2303.25
2011-12-04,2318.63,2320.63,2311.5,2316.38
2011-12-05,2316.75,2343.38,2314.63,2315.38
2011-12-06,2315.25,2341.25,2312.38,2331.88
2011-12-07,2332.0,2343.5,2291.38,2326.0
2011-12-08,2326.13,2340.63,2272.88,2283.75
2011-12-09,2283.63,2326.13,2269.0,2324.88
2011-12-11,2320.38,2325.25,2315.38,2316.25
2011-12-12,2316.13,2320.0,2273.5,2298.88
2011-12-13,2298.75,2317.5,2258.0,2275.25
2011-12-14,2275.13,2279.38,2219.75,2225.63
2011-12-15,2225.88,2251.63,2214.88,2234.88
2011-12-16,2235.13,2263.88,2228.38,2233.0
2011-12-18,2233.88,2238.13,2217.25,2219.13
2011-12-19,2219.25,2250.63,2204.13,2223.0
2011-12-20,2222.88,2282.88,2217.88,2270.0
2011-12-21,2270.13,2291.13,2217.63,2235.5
2011-12-22,2235.38,2273.63,2234.13,2271.38
2011-12-23,2271.25,2282.63,2261.88,2280.0
2011-12-27,2286.13,2296.13,2274.88,2279.88
2011-12-28,2279.75,2292.0,2256.13,2267.75
2011-12-29,2268.0,2280.38,2258.25,2275.13
2011-12-30,2275.0,2284.13,2269.88,2274.63
2012-01-03,2322.75,2328.13,2307.88,2315.0
2012-01-04,2314.63,2329.13,2302.63,2324.75
2012-01-05,2325.13,2347.38,2309.25,2334.63
2012-01-06,2334.38,2358.38,2332.25,2353.63
2012-01-08,2353.63,2354.88,2341.63,2344.5
2012-01-09,2344.25,2363.13,2338.38,2358.88
2012-01-10,2358.75,2377.63,2352.75,2355.0
2012-01-11,2354.88,2373.13,2352.38,2364.25
2012-01-12,2364.13,2383.63,2355.63,2380.75
2012-01-13,2380.63,2386.25,2348.5,2374.38
2012-01-15,2367.13,2371.5,2361.38,2361.88
2012-01-16,2362.13,2394.13,2361.38,2391.88
2012-01-17,2391.63,2400.63,2381.63,2398.5
2012-01-18,2398.75,2430.88,2387.63,2422.63
2012-01-19,2422.38,2442.13,2418.38,2426.38
2012-01-20,2426.5,2436.63,2422.63,2435.75
2012-01-22,2428.0,2430.38,2425.38,2429.5
2012-01-23,2429.63,2451.75,2420.63,2429.13
2012-01-24,2429.0,2468.63,2419.38,2461.13
2012-01-25,2460.88,2466.88,2436.63,2458.13
2012-01-26,2458.25,2475.63,2440.88,2448.0
2012-01-27,2447.88,2464.0,2444.63,2455.0
2012-01-29,2460.13,2460.25,2438.88,2442.63
2012-01-30,2442.5,2470.63,2429.13,2467.75
2012-01-31,2467.88,2478.0,2448.63,2455.38
2012-02-01,2455.5,2494.88,2453.38,2489.63
2012-02-02,2489.75,2500.63,2479.38,2490.5
2012-02-03,2490.25,2529.63,2489.75,2523.38
2012-02-05,2523.38,2523.38,2516.75,2519.0
2012-02-06,2518.75,2530.0,2510.25,2524.25
2012-02-07,2524.5,2534.75,2511.5,2531.25
2012-02-08,2531.0,2547.0,2521.0,2543.75
2012-02-09,2544.0,2564.75,2537.25,2553.0
2012-02-10,2552.75,2554.0,2535.25,2549.0
2012-02-12,2549.0,2561.75,2549.0,2561.5
2012-02-13,2561.25,2571.0,2551.75,2563.75
2012-02-14,2563.5,2589.75,2553.25,2589.0
2012-02-15,2589.0,2600.25,2542.5,2544.0
2012-02-16,2544.0,2595.75,2543.75,2591.5
2012-02-17,2591.75,2597.0,2572.75,2583.25
2012-02-19,2593.88,2597.25,2593.75,2597.0
2012-02-20,2597.0,2599.5,2583.25,2588.25
2012-02-21,2588.0,2601.5,2574.25,2595.25
2012-02-22,2595.25,2600.5,2575.25,2579.75
2012-02-23,2580.0,2607.5,2569.25,2605.5
2012-02-24,2605.5,2609.0,2598.0,2601.88
2012-02-26,2601.88,2605.5,2597.75,2598.5
2012-02-27,2598.75,2616.5,2578.75,2611.5
2012-02-28,2611.75,2635.5,2607.5,2635.0
2012-02-29,2635.0,2645.0,2614.5,2624.25
2012-03-01,2624.0,2648.75,2616.25,2645.0
2012-03-02,2644.75,2649.75,2632.75,2642.88
2012-03-04,2642.88,2645.0,2636.5,2636.5
2012-03-05,2636.25,2643.0,2605.25,2605.75
2012-03-06,2605.75,2609.5,2575.0,2594.25
2012-03-07,2594.0,2614.5,2593.25,2611.0
2012-03-08,2611.25,2644.0,2608.5,2638.0
2012-03-09,2638.25,2652.0,2632.25,2647.5
2012-03-11,2648.0,2648.0,2640.25,2641.75
2012-03-12,2641.88,2663.5,2635.0,2659.75
2012-03-13,2659.75,2701.5,2657.5,2693.0
2012-03-14,2693.25,2717.0,2690.5,2708.25
2012-03-15,2708.25,2717.0,2698.25,2711.25
2012-03-16,2711.0,2719.75,2702.75,2709.88
2012-03-18,2709.88,2719.0,2707.5,2716.75
2012-03-19,2716.5,2734.75,2700.25,2724.5
2012-03-20,2724.5,2744.0,2707.25,2743.0
2012-03-21,2742.75,2748.5,2728.25,2729.25
2012-03-22,2729.25,2735.75,2715.5,2733.25
2012-03-23,2733.5,2746.5,2710.75,2729.88
2012-03-25,2729.88,2737.5,2729.0,2735.75
2012-03-26,2736.0,2781.25,2731.25,2778.25
2012-03-27,2778.0,2789.25,2772.25,2777.5
2012-03-28,2777.25,2790.0,2750.25,2764.25
2012-03-29,2764.0,2773.25,2737.0,2764.0
2012-03-30,2764.25,2773.0,2740.0,2753.13
2012-04-01,2759.0,2764.5,2758.5,2760.25
2012-04-02,2760.0,2783.5,2743.5,2777.0
2012-04-03,2777.25,2791.25,2763.0,2771.25
2012-04-04,2771.5,2771.75,2724.75,2739.5
2012-04-05,2739.5,2761.25,2722.5,2759.5
2012-04-06,2759.5,2760.0,2719.0,2725.25
2012-04-08,2723.38,2725.75,2719.0,2724.25
2012-04-09,2724.0,2747.75,2718.75,2737.5
2012-04-10,2737.25,2745.5,2684.25,2704.75
2012-04-11,2704.75,2723.75,2698.25,2712.5
2012-04-12,2712.25,2742.75,2706.5,2733.25
2012-04-13,2733.0,2736.75,2691.0,2691.5
2012-04-15,2691.5,2695.0,2683.0,2686.75
2012-04-16,2686.75,2709.75,2656.25,2664.0
2012-04-17,2663.75,2728.0,2654.0,2717.25
2012-04-18,2717.5,2728.0,2694.38,2706.5
2012-04-19,2706.5,2734.75,2671.5,2682.75
2012-04-20,2682.5,2707.75,2670.0,2674.88
2012-04-22,2674.88,2675.0,2666.5,2670.75
2012-04-23,2670.75,2671.75,2625.0,2654.25
2012-04-24,2654.5,2674.75,2624.75,2669.0
2012-04-25,2669.25,2708.25,2665.25,2708.0
2012-04-26,2708.0,2729.5,2695.0,2718.25
2012-04-27,2718.5,2745.75,2708.75,2737.75
2012-04-29,2740.75,2744.0,2736.75,2739.75
2012-04-30,2739.75,2743.75,2715.5,2720.75
2012-05-01,2720.75,2752.75,2710.5,2720.5
2012-05-02,2720.5,2731.75,2702.5,2726.25
2012-05-03,2726.25,2738.0,2692.25,2694.75
2012-05-04,2694.5,2700.25,2625.25,2627.25
2012-05-06,2609.5,2612.0,2593.5,2598.0
2012-05-07,2598.25,2648.0,2595.5,2633.5
2012-05-08,2633.5,2641.25,2583.25,2613.25
2012-05-09,2613.25,2631.75,2584.25,2615.75
2012-05-10,2616.0,2636.25,2600.38,2606.5
2012-05-11,2606.5,2640.0,2597.63,2612.5
2012-05-13,2612.5,2612.5,2595.25,2605.0
2012-05-14,2604.75,2608.25,2581.75,2590.25
2012-05-15,2590.0,2616.25,2574.5,2579.0
2012-05-16,2578.75,2596.0,2555.25,2565.0
2012-05-17,2565.25,2571.0,2505.0,2507.75
2012-05-18,2507.75,2521.0,2469.0,2471.0
2012-05-20,2471.0,2485.75,2465.0,2482.0
2012-05-21,2482.0,2546.25,2475.5,2543.5
2012-05-22,2543.5,2561.25,2522.25,2528.0
2012-05-23,2527.75,2552.0,2497.25,2539.0
2012-05-24,2538.75,2556.0,2510.25,2527.5
2012-05-25,2527.0,2551.25,2518.25,2526.0
2012-05-27,2526.0,2543.5,2526.0,2541.5
2012-05-28,2541.25,2549.5,2531.5,2541.25
2012-05-29,2541.0,2569.75,2534.5,2546.0
2012-05-30,2546.0,2551.75,2520.5,2528.0
2012-05-31,2527.75,2542.25,2506.0,2515.25
2012-06-01,2515.5,2518.0,2454.0,2454.25
2012-06-03,2457.5,2460.75,2433.5,2438.75
2012-06-04,2438.5,2483.0,2435.0,2480.75
2012-06-05,2481.0,2502.5,2459.75,2501.0
2012-06-06,2500.75,2559.75,2497.0,2556.75
2012-06-07,2556.5,2570.25,2522.75,2529.25
2012-06-08,2529.25,2564.0,2517.5,2563.5
2012-06-10,2595.63,2603.0,2589.88,2590.75
2012-06-11,2590.88,2597.0,2511.5,2523.0
2012-06-12,2522.63,2551.38,2510.0,2544.88
2012-06-13,2545.0,2557.75,2518.13,2530.25
2012-06-14,2530.0,2542.25,2509.0,2538.0
2012-06-15,2537.75,2567.75,2533.63,2564.5
2012-06-17,2580.0,2585.75,2571.38,2575.25
2012-06-18,2575.25,2595.75,2549.25,2589.25
2012-06-19,2589.25,2625.75,2585.0,2611.0
2012-06-20,2611.25,2628.0,2597.5,2609.75
2012-06-21,2609.5,2620.25,2548.5,2555.75
2012-06-22,2555.5,2581.5,2548.5,2575.13
2012-06-24,2574.38,2576.0,2563.0,2563.5
2012-06-25,2563.38,2568.5,2521.0,2532.75
2012-06-26,2533.0,2551.5,2525.25,2548.75
2012-06-27,2549.0,2571.25,2544.5,2559.75
2012-06-28,2560.0,2564.75,2503.5,2551.25
2012-06-29,2551.0,2615.75,2547.75,2611.63
2012-07-01,2613.63,2615.5,2600.75,2603.5
2012-07-02,2604.0,2620.0,2599.5,2619.25
2012-07-03,2619.25,2644.25,2614.0,2641.5
2012-07-04,2641.5,2643.5,2632.5,2632.75
2012-07-05,2632.75,2655.5,2624.25,2638.25
2012-07-06,2638.25,2641.5,2590.5,2609.13
2012-07-08,2603.25,2607.25,2601.25,2605.75
2012-07-09,2605.5,2615.25,2591.5,2597.0
2012-07-10,2597.0,2625.0,2568.25,2579.25
2012-07-11,2579.0,2588.75,2542.75,2560.25
2012-07-12,2560.25,2562.5,2516.5,2546.75
2012-07-13,2547.0,2584.5,2541.0,2578.0
2012-07-15,2576.13,2577.25,2569.5,2571.0
2012-07-16,2571.0,2584.0,2561.25,2580.0
2012-07-17,2580.0,2593.5,2548.0,2584.75
2012-07-18,2584.75,2634.0,2576.5,2633.5
2012-07-19,2633.5,2657.5,2629.0,2652.75
2012-07-20,2652.75,2657.5,2612.75,2613.88
2012-07-22,2607.88,2612.75,2599.75,2602.75
2012-07-23,2602.5,2603.75,2543.25,2580.25
2012-07-24,2580.5,2589.5,2516.75,2524.75
2012-07-25,2524.75,2560.5,2523.0,2544.0
2012-07-26,2544.0,2593.25,2529.75,2582.75
2012-07-27,2582.75,2645.75,2572.5,2642.0
2012-07-29,2642.0,2642.0,2633.5,2637.0
2012-07-30,2637.0,2657.5,2628.25,2646.5
2012-07-31,2646.5,2652.0,2630.5,2634.5
2012-08-01,2634.5,2655.75,2619.0,2630.5
2012-08-02,2630.25,2648.0,2600.0,2620.25
2012-08-03,2620.0,2680.75,2618.5,2672.38
2012-08-05,2678.13,2680.0,2671.5,2673.75
2012-08-06,2674.25,2701.5,2673.0,2692.5
2012-08-07,2692.75,2722.75,2691.0,2710.0
2012-08-08,2710.0,2716.5,2700.75,2714.75
2012-08-09,2714.75,2723.0,2703.75,2712.5
2012-08-10,2712.5,2722.75,2702.25,2722.38
2012-08-12,2718.75,2721.75,2712.25,2715.5
2012-08-13,2715.5,2737.75,2705.75,2735.0
2012-08-14,2734.75,2742.75,2720.0,2723.0
2012-08-15,2722.75,2747.5,2718.25,2745.0
2012-08-16,2745.25,2773.75,2738.25,2765.25
2012-08-17,2765.25,2780.25,2763.75,2777.38
2012-08-19,2775.75,2780.0,2774.5,2775.5
2012-08-20,2775.75,2784.0,2767.0,2782.0
2012-08-21,2782.0,2802.25,2761.75,2767.5
2012-08-22,2767.5,2791.5,2759.0,2788.0
2012-08-23,2787.75,2792.25,2754.25,2762.25
2012-08-24,2762.0,2785.0,2750.5,2776.63
2012-08-26,2783.25,2788.75,2781.75,2785.0
2012-08-27,2785.0,2795.5,2776.0,2776.25
2012-08-28,2776.5,2790.25,2771.0,2784.0
2012-08-29,2784.0,2790.0,2771.25,2774.5
2012-08-30,2774.25,2776.75,2750.25,2755.5
2012-08-31,2755.5,2785.0,2745.25,2770.25
2012-09-02,2770.25,2774.38,2759.5,2769.25
2012-09-03,2769.5,2782.5,2767.0,2779.5
2012-09-04,2779.75,2782.25,2743.0,2772.0
2012-09-05,2771.75,2780.25,2757.0,2773.5
2012-09-06,2773.75,2829.75,2771.25,2826.25
2012-09-07,2826.5,2836.0,2817.0,2823.38
2012-09-09,2823.38,2823.38,2817.5,2818.25
2012-09-10,2818.5,2823.5,2781.75,2782.0
2012-09-11,2781.75,2799.5,2777.75,2787.75
2012-09-12,2788.0,2800.0,2775.25,2793.75
2012-09-13,2794.0,2841.75,2785.25,2834.5
2012-09-14,2834.75,2865.0,2832.25,2857.13
2012-09-16,2857.0,2857.0,2847.5,2847.63
2012-09-17,2847.5,2858.25,2845.75,2855.0
2012-09-18,2854.88,2859.75,2843.75,2858.88
2012-09-19,2858.75,2871.5,2849.75,2856.88
2012-09-20,2856.75,2868.0,2842.88,2866.75
2012-09-21,2866.75,2877.13,2852.25,2853.25
2012-09-23,2853.25,2857.0,2845.25,2848.0
2012-09-24,2848.25,2853.75,2826.25,2847.5
2012-09-25,2847.25,2852.75,2798.5,2804.25
2012-09-26,2804.0,2806.25,2762.5,2784.5
2012-09-27,2784.5,2821.0,2778.0,2814.25
2012-09-28,2814.5,2819.0,2788.75,2790.75
2012-09-30,2788.25,2790.75,2779.75,2781.75
2012-10-01,2781.5,2822.25,2777.5,2790.25
2012-10-02,2790.5,2807.5,2772.5,2792.25
2012-10-03,2792.25,2824.0,2788.0,2823.25
2012-10-04,2823.5,2829.5,2807.75,2825.75
2012-10-05,2825.75,2840.5,2799.5,2804.0
2012-10-07,2804.0,2808.0,2797.75,2798.75
2012-10-08,2798.5,2801.75,2774.5,2784.75
2012-10-09,2784.5,2785.5,2726.75,2730.0
2012-10-10,2730.0,2743.5,2714.75,2725.0
2012-10-11,2725.25,2745.25,2712.25,2716.5
2012-10-12,2716.25,2728.25,2707.25,2711.38
2012-10-14,2716.0,2716.0,2705.0,2710.0
2012-10-15,2710.0,2736.5,2706.75,2734.25
2012-10-16,2734.0,2777.0,2733.25,2759.5
2012-10-17,2759.5,2778.75,2753.5,2773.25
2012-10-18,2773.0,2773.75,2727.5,2734.25
2012-10-19,2734.0,2736.0,2664.25,2666.0
2012-10-21,2666.0,2671.75,2657.25,2671.25
2012-10-22,2671.5,2695.25,2664.75,2687.75
2012-10-23,2687.75,2687.75,2651.75,2672.75
2012-10-24,2673.0,2680.25,2646.25,2661.25
2012-10-25,2661.5,2673.25,2604.5,2640.0
2012-10-26,2639.75,2669.0,2623.5,2660.0
2012-10-28,2660.0,2660.0,2647.5,2654.5
2012-10-29,2654.75,2654.75,2630.75,2631.5
2012-10-30,2631.75,2660.63,2626.0,2653.75
2012-10-31,2653.5,2676.75,2627.5,2637.75
2012-11-01,2638.0,2688.75,2631.5,2683.75
2012-11-02,2684.0,2693.75,2641.5,2641.5
2012-11-04,2637.5,2649.75,2637.5,2648.5
2012-11-05,2648.25,2673.5,2636.75,2664.0
2012-11-06,2664.25,2691.5,2653.5,2664.0
2012-11-07,2664.25,2687.75,2598.75,2620.25
2012-11-08,2620.5,2623.0,2568.5,2582.75
2012-11-09,2583.0,2607.0,2556.25,2581.75
2012-11-11,2581.0,2587.5,2576.5,2587.25
2012-11-12,2587.5,2597.0,2563.5,2564.0
2012-11-13,2563.75,2585.5,2552.75,2576.75
2012-11-14,2576.5,2585.75,2526.5,2532.75
2012-11-15,2533.0,2540.75,2512.75,2521.25
2012-11-16,2521.0,2539.0,2491.75,2534.75
2012-11-18,2535.0,2544.5,2534.88,2540.25
2012-11-19,2540.0,2594.0,2537.5,2584.0
2012-11-20,2583.75,2596.75,2568.0,2579.25
2012-11-21,2579.0,2606.0,2577.0,2602.0
2012-11-22,2602.25,2606.25,2597.13,2602.0
2012-11-23,2602.25,2638.5,2596.25,2634.75
2012-11-25,2631.63,2631.75,2624.75,2627.0
2012-11-26,2627.25,2655.0,2623.0,2653.75
2012-11-27,2653.75,2658.5,2636.25,2642.5
2012-11-28,2642.5,2667.5,2611.5,2666.75
2012-11-29,2667.0,2688.25,2666.25,2678.75
2012-11-30,2678.75,2689.5,2667.25,2679.5
2012-12-02,2675.25,2688.5,2675.25,2685.5
2012-12-03,2685.75,2698.25,2662.25,2663.5
2012-12-04,2663.75,2678.25,2650.0,2675.5
2012-12-05,2675.5,2679.25,2623.0,2634.25
2012-12-06,2634.25,2661.75,2622.75,2655.0
2012-12-07,2655.0,2672.75,2629.5,2636.38
2012-12-09,2635.88,2643.0,2635.88,2636.0
2012-12-10,2635.5,2660.25,2625.75,2648.5
2012-12-11,2648.75,2696.0,2645.5,2684.0
2012-12-12,2683.75,2695.75,2668.0,2675.5
2012-12-13,2675.5,2688.75,2642.5,2658.25
2012-12-14,2658.5,2662.5,2620.0,2630.63
2012-12-16,2637.0,2643.0,2633.63,2636.0
2012-12-17,2636.0,2678.75,2613.88,2676.0
2012-12-18,2676.0,2709.0,2670.25,2704.88
2012-12-19,2704.88,2715.75,2687.13,2688.5
2012-12-20,2688.5,2703.38,2647.0,2649.5
2012-12-21,2649.38,2666.0,2642.5,2665.0
2012-12-23,2658.25,2662.5,2647.5,2649.5
2012-12-24,2649.5,2659.0,2646.5,2651.5
2012-12-26,2654.13,2658.5,2622.0,2631.0
2012-12-27,2630.75,2637.5,2593.5,2622.25
2012-12-28,2622.0,2627.0,2582.5,2583.0
2012-12-30,2588.63,2593.75,2580.0,2586.25
2012-12-31,2586.0,2664.75,2581.25,2658.75
2013-01-02,2658.75,2742.5,2658.75,2734.0
2013-01-03,2734.0,2747.0,2719.0,2722.25
2013-01-04,2722.5,2735.75,2711.25,2714.75
2013-01-06,2716.63,2717.0,2710.0,2710.5
2013-01-07,2710.25,2722.5,2702.25,2714.25
2013-01-08,2714.0,2724.5,2698.5,2715.0
2013-01-09,2715.25,2731.0,2711.25,2729.5
2013-01-10,2729.5,2744.25,2713.75,2737.75
2013-01-11,2737.75,2744.0,2732.25,2741.75
2013-01-13,2742.0,2749.25,2740.25,2745.5
2013-01-14,2745.75,2747.75,2719.25,2725.75
2013-01-15,2725.5,2730.0,2705.25,2719.25
2013-01-16,2719.0,2737.25,2710.5,2719.5
2013-01-17,2719.5,2751.5,2716.75,2735.5
2013-01-18,2735.75,2741.5,2722.5,2734.75
2013-01-20,2734.75,2739.75,2733.38,2738.5
2013-01-21,2738.5,2746.5,2732.25,2739.0
2013-01-22,2739.0,2757.75,2720.75,2753.0
2013-01-23,2753.25,2768.13,2708.38,2715.25
2013-01-24,2715.25,2742.75,2712.38,2714.25
2013-01-25,2714.25,2739.5,2714.25,2729.75
2013-01-27,2729.75,2732.0,2726.0,2731.75
2013-01-28,2731.75,2747.25,2727.0,2738.0
2013-01-29,2737.75,2746.75,2716.25,2744.0
2013-01-30,2744.0,2751.5,2726.25,2731.75
2013-01-31,2731.5,2746.0,2723.75,2735.75
2013-02-01,2736.0,2763.75,2730.25,2758.5
2013-02-03,2758.5,2758.5,2752.5,2753.0
2013-02-04,2752.75,2758.25,2709.25,2713.25
2013-02-05,2713.25,2759.0,2710.75,2753.0
2013-02-06,2753.25,2757.0,2733.0,2737.5
2013-02-07,2737.25,2748.75,2713.0,2746.5
2013-02-08,2746.75,2778.25,2742.0,2772.75
2013-02-10,2772.75,2776.5,2771.0,2774.0
2013-02-11,2773.75,2780.75,2763.5,2768.5
2013-02-12,2768.75,2774.25,2758.75,2764.75
2013-02-13,2764.75,2781.5,2762.75,2768.5
2013-02-14,2768.5,2774.5,2755.75,2764.5
2013-02-15,2764.25,2776.5,2754.25,2761.0
2013-02-17,2759.5,2762.75,2758.0,2762.0
2013-02-18,2762.0,2764.75,2758.75,2763.0
2013-02-19,2763.0,2786.25,2760.0,2786.0
2013-02-20,2786.0,2786.25,2733.13,2734.5
2013-02-21,2734.5,2737.75,2699.5,2721.0
2013-02-22,2721.25,2738.75,2714.25,2735.25
2013-02-24,2737.88,2738.5,2730.25,2733.25
2013-02-25,2733.25,2764.5,2695.0,2704.0
2013-02-26,2704.25,2718.0,2689.0,2708.5
2013-02-27,2708.5,2757.75,2703.25,2744.75
2013-02-28,2744.0,2761.25,2729.0,2738.25
2013-03-01,2738.25,2751.0,2711.75,2748.25
2013-03-03,2748.25,2748.25,2734.0,2734.0
2013-03-04,2733.75,2764.25,2732.5,2762.75
2013-03-05,2762.75,2803.5,2761.25,2798.0
2013-03-06,2798.0,2809.0,2788.5,2790.5
2013-03-07,2790.25,2804.25,2788.75,2799.5
2013-03-08,2799.75,2813.5,2792.5,2800.75
2013-03-10,2800.75,2802.13,2795.5,2802.0
2013-03-11,2802.0,2812.0,2791.0,2808.75
2013-03-12,2809.0,2809.5,2787.5,2803.5
2013-03-13,2803.5,2808.25,2787.5,2798.63
2013-03-14,2798.5,2812.75,2798.25,2808.0
2013-03-15,2807.88,2811.5,2785.25,2791.5
2013-03-17,2791.5,2791.5,2751.75,2758.5
2013-03-18,2758.25,2797.0,2748.25,2792.25
2013-03-19,2792.0,2799.75,2755.25,2777.25
2013-03-20,2777.5,2806.25,2777.0,2785.75
2013-03-21,2785.5,2787.75,2761.0,2770.0
2013-03-22,2769.75,2797.5,2763.25,2796.75
2013-03-24,2796.75,2809.5,2792.75,2809.0
2013-03-25,2809.0,2811.25,2770.75,2787.25
2013-03-26,2787.25,2803.75,2787.0,2801.5
2013-03-27,2801.5,2805.75,2776.5,2794.0
2013-03-28,2793.5,2814.5,2791.25,2813.75
2013-03-31,2813.75,2814.75,2807.25,2809.75
2013-04-01,2809.75,2815.5,2784.25,2790.25
2013-04-02,2790.25,2823.0,2787.75,2813.5
2013-04-03,2813.5,2819.0,2780.25,2785.25
2013-04-04,2785.25,2801.25,2772.75,2781.0
2013-04-05,2780.75,2782.0,2737.5,2764.75
2013-04-07,2764.75,2767.25,2763.0,2765.25
2013-04-08,2765.0,2789.75,2757.0,2787.25
2013-04-09,2787.25,2809.5,2773.0,2797.75
2013-04-10,2797.5,2857.25,2796.5,2846.5
2013-04-11,2846.5,2858.25,2843.25,2847.25
2013-04-12,2847.0,2851.75,2828.25,2847.0
2013-04-14,2845.88,2850.75,2838.25,2840.0
2013-04-15,2840.25,2844.75,2778.25,2798.75
2013-04-16,2798.75,2833.75,2793.0,2822.75
2013-04-17,2822.5,2828.25,2758.25,2778.5
2013-04-18,2778.75,2787.75,2723.75,2753.0
2013-04-19,2752.75,2779.25,2737.0,2771.75
2013-04-21,2771.38,2786.75,2771.25,2782.75
2013-04-22,2782.5,2812.25,2772.75,2793.0
2013-04-23,2793.0,2843.25,2785.0,2822.5
2013-04-24,2822.5,2838.0,2815.75,2827.25
2013-04-25,2827.25,2854.25,2825.0,2838.0
2013-04-26,2838.25,2842.5,2822.25,2833.75
2013-04-28,2833.75,2835.0,2827.5,2831.25
2013-04-29,2831.5,2871.5,2830.75,2859.5
2013-04-30,2859.25,2883.75,2853.5,2881.75
2013-05-01,2881.5,2886.75,2862.25,2871.75
2013-05-02,2872.0,2910.25,2867.75,2904.25
2013-05-03,2904.0,2947.5,2900.0,2938.0
2013-05-05,2938.0,2944.0,2936.25,2942.0
2013-05-06,2942.0,2954.0,2937.0,2945.5
2013-05-07,2945.25,2956.5,2937.25,2947.75
2013-05-08,2947.5,2967.5,2941.5,2965.5
2013-05-09,2965.25,2978.0,2950.0,2964.75
2013-05-10,2965.0,2977.75,2958.75,2976.63
2013-05-12,2970.0,2970.75,2963.5,2969.25
2013-05-13,2969.25,2987.25,2960.5,2985.5
2013-05-14,2985.5,3004.75,2971.25,2995.0
2013-05-15,2995.25,3008.0,2982.5,3004.25
2013-05-16,3004.25,3018.75,2995.75,3003.0
2013-05-17,3003.0,3028.25,2998.75,3024.25
2013-05-19,3020.63,3024.25,3018.5,3023.0
2013-05-20,3022.75,3031.75,3010.0,3020.0
2013-05-21,3020.0,3036.5,3010.25,3022.0
2013-05-22,3022.0,3053.25,2983.75,2995.5
2013-05-23,2995.75,3003.0,2961.25,2998.25
2013-05-24,2998.25,2999.5,2963.5,2992.75
2013-05-26,2991.5,3004.5,2987.75,2995.75
2013-05-27,2995.5,3009.25,2985.0,3005.0
2013-05-28,3005.25,3036.75,3000.25,3003.25
2013-05-29,3003.0,3008.5,2978.25,2997.5
2013-05-30,2997.25,3025.25,2981.5,3011.25
2013-05-31,3011.25,3022.5,2976.75,2976.75
2013-06-02,2981.13,2989.75,2977.0,2988.75
2013-06-03,2989.0,2994.75,2950.0,2982.0
2013-06-04,2982.0,3006.75,2960.75,2974.25
2013-06-05,2973.75,2977.5,2931.75,2943.5
2013-06-06,2943.75,2953.75,2910.25,2950.25
2013-06-07,2950.25,2991.75,2941.5,2984.75
2013-06-09,2980.75,2989.0,2976.25,2987.0
2013-06-10,2986.75,3004.0,2983.5,2984.0
2013-06-11,2983.75,2986.75,2949.75,2968.25
2013-06-12,2968.25,2979.25,2907.25,2910.25
2013-06-13,2910.0,2969.25,2897.75,2959.13
2013-06-14,2959.25,2967.0,2938.75,2941.5
2013-06-16,2941.75,2955.5,2940.75,2954.0
2013-06-17,2954.0,2989.25,2951.75,2972.0
2013-06-18,2972.25,3002.25,2970.63,2992.25
2013-06-19,2992.0,3003.25,2944.13,2949.63
2013-06-20,2949.38,2952.38,2882.13,2893.75
2013-06-21,2893.5,2906.0,2846.0,2864.25
2013-06-23,2865.5,2870.5,2853.5,2855.75
2013-06-24,2855.5,2863.5,2818.0,2849.25
2013-06-25,2849.25,2873.5,2830.5,2847.5
2013-06-26,2847.5,2894.0,2847.0,2891.75
2013-06-27,2892.0,2918.0,2882.25,2904.75
2013-06-28,2904.75,2921.75,2884.5,2900.75
2013-06-30,2905.88,2907.5,2894.0,2899.5
2013-07-01,2899.5,2946.5,2896.0,2924.5
2013-07-02,2924.25,2941.0,2907.25,2915.5
2013-07-03,2915.75,2948.75,2896.75,2943.25
2013-07-04,2943.5,2967.0,2941.5,2964.75
2013-07-05,2964.75,2970.75,2927.75,2962.25
2013-07-07,2962.25,2969.75,2960.5,2966.0
2013-07-08,2965.75,2977.75,2948.75,2966.5
2013-07-09,2966.5,2984.75,2960.25,2973.75
2013-07-10,2973.5,3022.5,2968.75,3021.5
2013-07-11,3021.5,3057.5,3020.25,3054.0
2013-07-12,3054.0,3070.25,3049.25,3064.75
2013-07-14,3064.75,3072.0,3063.0,3070.75
2013-07-15,3071.0,3076.25,3063.0,3072.5
2013-07-16,3072.5,3080.0,3063.75,3073.75
2013-07-17,3074.0,3086.0,3065.5,3070.25
2013-07-18,3070.5,3086.5,3043.25,3044.75
2013-07-19,3045.0,3047.25,3030.5,3043.25
2013-07-21,3044.25,3052.25,3044.25,3049.0
2013-07-22,3048.75,3057.0,3038.75,3056.75
2013-07-23,3056.75,3059.75,3023.5,3036.5
2013-07-24,3036.5,3057.0,3028.5,3050.0
2013-07-25,3049.75,3058.0,3027.25,3055.0
2013-07-26,3055.0,3073.25,3037.5,3072.5
2013-07-28,3070.88,3073.25,3067.5,3068.75
2013-07-29,3069.0,3078.25,3056.5,3071.25
2013-07-30,3071.5,3094.5,3068.5,3086.75
2013-07-31,3086.75,3104.75,3079.0,3095.0
2013-08-01,3095.0,3123.25,3093.0,3118.25
2013-08-02,3118.5,3137.75,3112.25,3136.25
2013-08-04,3136.25,3136.25,3132.25,3134.25
2013-08-05,3134.25,3140.0,3128.0,3130.75
2013-08-06,3130.75,3139.25,3106.25,3115.0
2013-08-07,3115.0,3125.0,3090.75,3123.25
2013-08-08,3123.25,3136.0,3108.5,3130.25
2013-08-09,3130.25,3134.5,3107.0,3113.5
2013-08-11,3113.38,3115.25,3108.75,3114.75
2013-08-12,3115.0,3129.25,3094.25,3125.25
2013-08-13,3125.5,3147.75,3104.75,3135.5
2013-08-14,3135.25,3143.5,3106.25,3113.0
2013-08-15,3112.5,3114.25,3066.25,3071.25
2013-08-16,3071.5,3089.75,3068.25,3069.5
2013-08-18,3069.5,3073.75,3065.25,3071.75
2013-08-19,3071.5,3100.5,3066.25,3074.5
2013-08-20,3074.5,3096.75,3063.5,3078.25
2013-08-21,3078.0,3098.5,3055.25,3060.0
2013-08-22,3060.25,3109.5,3058.5,3109.0
2013-08-23,3109.0,3126.75,3096.25,3121.75
2013-08-25,3121.75,3123.5,3119.5,3123.25
2013-08-26,3123.25,3147.25,3116.75,3118.5
2013-08-27,3118.5,3124.0,3052.5,3066.0
2013-08-28,3065.5,3084.5,3056.5,3067.25
2013-08-29,3067.0,3108.75,3066.75,3094.5
2013-08-30,3094.5,3103.0,3062.0,3078.63
2013-09-01,3078.63,3098.75,3078.63,3095.5
2013-09-02,3095.25,3113.25,3095.0,3109.0
2013-09-03,3109.0,3112.75,3076.0,3088.5
2013-09-04,3088.75,3132.25,3083.25,3130.75
2013-09-05,3130.25,3137.5,3120.25,3125.5
2013-09-06,3125.75,3149.0,3096.5,3134.25
2013-09-08,3134.25,3139.75,3131.25,3139.0
2013-09-09,3138.75,3175.0,3138.5,3168.75
2013-09-10,3169.25,3189.25,3167.5,3182.0
2013-09-11,3181.75,3185.25,3159.75,3180.0
2013-09-12,3180.25,3186.5,3170.25,3178.5
2013-09-13,3178.5,3182.25,3161.75,3181.25
2013-09-15,3199.75,3219.0,3199.75,3210.0
2013-09-16,3210.0,3213.5,3162.75,3167.25
2013-09-17,3167.75,3198.75,3163.0,3197.63
2013-09-18,3197.75,3237.25,3189.75,3235.75
2013-09-19,3235.75,3244.5,3232.0,3235.75
2013-09-20,3236.0,3249.5,3217.25,3218.75
2013-09-22,3218.75,3224.0,3215.5,3221.75
2013-09-23,3221.5,3236.75,3198.0,3206.75
2013-09-24,3206.75,3230.5,3202.75,3217.25
2013-09-25,3217.25,3220.5,3195.75,3208.75
2013-09-26,3208.5,3235.0,3206.75,3227.75
2013-09-27,3227.75,3230.25,3203.25,3222.25
2013-09-29,3222.25,3222.25,3200.25,3207.5
2013-09-30,3207.25,3229.75,3178.25,3221.25
2013-10-01,3221.25,3251.0,3213.0,3244.25
2013-10-02,3244.25,3249.75,3220.75,3234.75
2013-10-03,3234.5,3248.0,3189.25,3206.75
2013-10-04,3207.0,3239.25,3199.25,3234.5
2013-10-06,3234.5,3234.5,3217.5,3218.5
2013-10-07,3218.75,3232.5,3198.0,3205.5
2013-10-08,3205.0,3214.25,3144.25,3157.75
2013-10-09,3157.75,3164.0,3110.5,3138.5
2013-10-10,3138.5,3208.5,3138.25,3200.25
2013-10-11,3200.75,3229.75,3191.75,3228.75
2013-10-13,3203.0,3212.5,3196.75,3208.0
2013-10-14,3208.0,3258.5,3204.25,3253.25
2013-10-15,3253.25,3263.0,3234.0,3250.0
2013-10-16,3250.0,3276.25,3242.0,3263.75
2013-10-17,3263.75,3318.25,3255.5,3314.25
2013-10-18,3314.25,3347.75,3311.0,3345.75
2013-10-20,3345.75,3349.5,3342.5,3345.25
2013-10-21,3345.5,3361.75,3343.25,3354.25
2013-10-22,3354.0,3377.0,3338.25,3354.25
2013-10-23,3354.0,3354.0,3322.25,3347.5
2013-10-24,3347.25,3379.25,3335.5,3375.5
2013-10-25,3375.5,3392.5,3361.25,3376.0
2013-10-27,3376.0,3389.5,3372.25,3387.0
2013-10-28,3386.75,3389.0,3360.75,3373.25
2013-10-29,3373.0,3391.75,3368.75,3389.0
2013-10-30,3389.0,3401.25,3365.0,3371.25
2013-10-31,3371.5,3393.75,3360.75,3373.75
2013-11-01,3373.75,3388.25,3357.25,3367.5
2013-11-03,3367.5,3379.0,3366.75,3376.25
2013-11-04,3376.25,3387.0,3366.75,3376.25
2013-11-05,3376.25,3397.75,3355.75,3395.25
2013-11-06,3395.5,3397.75,3368.25,3372.5
2013-11-07,3372.25,3386.75,3314.0,3326.0
2013-11-08,3325.75,3362.75,3310.0,3360.0
2013-11-10,3360.0,3361.5,3353.0,3354.75
2013-11-11,3354.75,3365.25,3345.5,3355.5
2013-11-12,3355.25,3366.5,3343.75,3348.5
2013-11-13,3348.5,3406.5,3338.25,3398.75
2013-11-14,3398.75,3418.5,3386.75,3417.25
2013-11-15,3416.75,3421.0,3405.25,3417.0
2013-11-17,3416.5,3420.25,3413.25,3415.5
2013-11-18,3415.75,3425.5,3380.0,3386.0
2013-11-19,3386.0,3400.25,3370.75,3378.75
2013-11-20,3378.5,3397.5,3358.25,3362.0
2013-11-21,3361.75,3405.75,3360.25,3401.25
2013-11-22,3401.0,3422.25,3399.75,3421.0
2013-11-24,3421.0,3435.25,3420.0,3429.75
2013-11-25,3429.5,3437.25,3420.75,3433.5
2013-11-26,3433.5,3455.75,3422.75,3448.5
2013-11-27,3448.5,3474.5,3447.5,3474.25
2013-11-28,3474.0,3484.0,3474.0,3481.25
2013-11-29,3481.5,3496.25,3480.5,3492.25
2013-12-01,3495.0,3495.25,3491.0,3492.5
2013-12-02,3492.5,3501.0,3476.75,3484.5
2013-12-03,3484.25,3488.5,3466.0,3478.0
2013-12-04,3478.25,3493.75,3453.25,3481.5
2013-12-05,3481.25,3491.75,3468.75,3482.75
2013-12-06,3483.0,3510.75,3480.25,3505.5
2013-12-08,3508.63,3513.5,3508.0,3511.25
2013-12-09,3511.25,3524.5,3506.5,3522.75
2013-12-10,3522.75,3524.25,3507.75,3514.5
2013-12-11,3514.25,3519.25,3463.25,3466.5
2013-12-12,3466.75,3479.25,3455.5,3468.75
2013-12-13,3468.75,3478.25,3449.75,3458.5
2013-12-15,3460.25,3462.38,3434.38,3442.75
2013-12-16,3442.5,3495.0,3441.0,3474.75
2013-12-17,3474.5,3483.25,3461.0,3469.88
2013-12-18,3470.0,3516.75,3430.75,3506.75
2013-12-19,3507.25,3510.25,3482.25,3503.38
2013-12-20,3503.38,3537.0,3498.0,3533.25
2013-12-22,3533.25,3550.75,3533.25,3547.25
2013-12-23,3547.25,3569.0,3547.25,3568.75
2013-12-24,3568.5,3572.13,3561.0,3571.38
2013-12-26,3571.38,3583.25,3568.0,3581.25
2013-12-27,3581.5,3586.75,3567.0,3570.25
2013-12-29,3570.25,3572.0,3567.75,3571.75
2013-12-30,3571.75,3573.5,3556.0,3566.0
2013-12-31,3566.0,3588.0,3565.75,3584.25
2014-01-01,3592.5,3592.5,3592.5,3592.5
2014-01-02,3571.25,3578.5,3549.0,3556.75
2014-01-03,3556.75,3566.25,3528.25,3528.5
2014-01-05,3531.63,3540.0,3528.75,3533.0
2014-01-06,3533.0,3537.0,3506.0,3523.75
2014-01-07,3523.5,3557.0,3520.5,3550.75
2014-01-08,3551.0,3569.25,3543.75,3565.0
2014-01-09,3564.75,3576.5,3535.5,3553.0
2014-01-10,3553.25,3571.75,3529.5,3562.75
2014-01-12,3562.75,3562.75,3551.0,3553.25
2014-01-13,3553.5,3566.5,3492.25,3507.75
2014-01-14,3507.75,3576.25,3503.25,3572.5
2014-01-15,3572.5,3610.0,3571.75,3603.25
2014-01-16,3602.75,3608.0,3591.75,3599.0
2014-01-17,3599.0,3608.5,3574.25,3584.25
2014-01-19,3584.25,3586.75,3577.5,3583.75
2014-01-20,3583.75,3607.25,3577.5,3606.75
2014-01-21,3607.0,3613.75,3579.5,3613.75
2014-01-22,3614.0,3635.0,3605.0,3617.25
2014-01-23,3617.0,3628.75,3581.5,3609.25
2014-01-24,3609.75,3615.25,3527.75,3528.25
2014-01-26,3531.13,3538.25,3520.25,3536.25
2014-01-27,3536.5,3544.75,3467.0,3479.5
2014-01-28,3479.5,3525.0,3477.0,3520.25
2014-01-29,3520.5,3528.75,3454.25,3484.5
2014-01-30,3484.75,3537.0,3473.25,3508.75
2014-01-31,3508.5,3532.5,3479.5,3514.75
2014-02-02,3514.75,3529.5,3512.5,3520.38
2014-02-03,3520.5,3527.5,3425.5,3443.5
2014-02-04,3443.75,3473.5,3431.5,3444.5
2014-02-05,3444.75,3463.0,3412.0,3454.0
2014-02-06,3454.13,3499.0,3448.5,3490.63
2014-02-07,3490.5,3561.5,3479.25,3560.75
2014-02-09,3560.5,3563.5,3556.0,3559.5
2014-02-10,3559.5,3587.75,3550.25,3586.75
2014-02-11,3587.0,3625.75,3581.25,3615.75
2014-02-12,3615.75,3633.25,3613.25,3614.25
2014-02-13,3614.0,3657.25,3596.75,3641.5
2014-02-14,3642.0,3667.75,3638.0,3661.25
2014-02-16,3660.25,3664.25,3656.25,3659.5
2014-02-17,3659.5,3672.25,3658.75,3667.0
2014-02-18,3667.25,3684.5,3653.75,3672.25
2014-02-19,3672.5,3679.25,3639.5,3643.5
2014-02-20,3643.75,3680.75,3638.25,3680.5
2014-02-21,3680.5,3686.5,3660.75,3664.75
2014-02-23,3666.5,3673.25,3655.0,3656.63
2014-02-24,3656.75,3701.25,3656.5,3687.25
2014-02-25,3687.5,3698.25,3668.75,3696.25
2014-02-26,3696.5,3701.75,3662.5,3684.38
2014-02-27,3684.75,3706.5,3661.25,3697.5
2014-02-28,3697.25,3722.25,3665.0,3697.75
2014-03-02,3697.75,3697.75,3652.25,3667.0
2014-03-03,3666.75,3679.25,3637.25,3676.25
2014-03-04,3676.13,3723.0,3676.0,3718.75
2014-03-05,3719.0,3733.75,3712.5,3733.25
2014-03-06,3733.0,3737.0,3709.25,3723.0
2014-03-07,3723.0,3740.25,3685.75,3704.0
2014-03-09,3704.0,3704.0,3695.5,3696.5
2014-03-10,3695.75,3712.5,3684.0,3711.75
2014-03-11,3712.0,3726.0,3681.0,3686.0
2014-03-12,3685.88,3721.75,3661.75,3721.0
2014-03-13,3721.0,3722.25,3636.25,3656.75
2014-03-14,3657.0,3660.25,3625.75,3626.88
2014-03-16,3626.88,3629.63,3608.75,3626.25
2014-03-17,3626.75,3679.25,3622.75,3661.38
2014-03-18,3661.5,3708.25,3646.5,3699.75
2014-03-19,3699.5,3711.25,3659.5,3673.88
2014-03-20,3674.0,3705.0,3664.63,3697.5
2014-03-21,3697.38,3717.38,3633.75,3641.0
2014-03-23,3640.23,3646.25,3635.0,3642.5
2014-03-24,3642.5,3656.75,3575.5,3612.25
2014-03-25,3612.13,3651.75,3591.0,3627.25
2014-03-26,3627.13,3647.0,3570.75,3571.75
2014-03-27,3572.0,3585.0,3535.25,3556.25
2014-03-28,3556.5,3601.0,3551.5,3563.5
2014-03-30,3576.13,3581.5,3574.0,3576.0
2014-03-31,3576.25,3611.0,3574.0,3586.0
2014-04-01,3586.25,3659.5,3583.5,3657.0
2014-04-02,3657.25,3668.25,3642.5,3657.0
2014-04-03,3656.75,3668.5,3609.0,3638.0
2014-04-04,3637.75,3657.5,3523.0,3540.25
2014-04-06,3539.25,3541.25,3528.0,3534.0
2014-04-07,3533.88,3542.5,3474.5,3506.0
2014-04-08,3505.75,3535.75,3490.75,3528.75
2014-04-09,3528.75,3595.5,3527.0,3588.25
2014-04-10,3588.25,3599.0,3470.25,3483.25
2014-04-11,3483.5,3493.5,3431.25,3442.75
2014-04-13,3433.5,3444.0,3425.25,3437.38
2014-04-14,3437.5,3484.75,3429.25,3471.5
2014-04-15,3471.75,3508.75,3405.25,3507.5
2014-04-16,3507.25,3524.0,3479.75,3495.25
2014-04-17,3495.25,3542.25,3492.5,3524.75
2014-04-20,3524.75,3535.0,3524.75,3530.75
2014-04-21,3531.0,3554.75,3516.75,3553.5
2014-04-22,3553.25,3588.25,3545.5,3580.75
2014-04-23,3581.0,3599.25,3546.0,3591.25
2014-04-24,3591.5,3618.0,3544.0,3586.75
2014-04-25,3586.75,3587.5,3516.5,3529.5
2014-04-27,3533.75,3535.38,3523.5,3529.0
2014-04-28,3529.5,3562.25,3480.5,3550.0
2014-04-29,3549.88,3571.25,3530.0,3555.0
2014-04-30,3555.25,3579.0,3539.0,3575.75
2014-05-01,3575.5,3605.25,3570.5,3588.25
2014-05-02,3588.25,3603.5,3569.5,3578.5
2014-05-04,3578.5,3583.75,3573.25,3574.0
2014-05-05,3574.5,3597.75,3548.25,3595.5
2014-05-06,3595.25,3603.5,3544.25,3549.25
2014-05-07,3549.25,3566.25,3497.75,3535.75
2014-05-08,3536.0,3579.5,3518.5,3535.0
2014-05-09,3534.75,3552.0,3510.5,3549.75
2014-05-11,3548.75,3558.0,3548.63,3554.75
2014-05-12,3554.5,3613.75,3553.0,3611.25
2014-05-13,3611.25,3624.0,3603.75,3611.25
2014-05-14,3611.25,3614.75,3583.25,3597.0
2014-05-15,3597.25,3606.75,3540.25,3561.75
2014-05-16,3561.75,3589.25,3543.0,3583.25
2014-05-18,3588.25,3590.25,3583.5,3585.0
2014-05-19,3585.0,3617.25,3565.25,3613.25
2014-05-20,3613.25,3623.5,3584.25,3597.5
2014-05-21,3597.25,3642.5,3594.25,3639.5
2014-05-22,3639.25,3659.5,3631.5,3651.75
2014-05-23,3651.5,3676.75,3645.0,3676.5
2014-05-25,3678.5,3684.75,3678.5,3679.25
2014-05-26,3679.25,3692.25,3677.5,3687.5
2014-05-27,3687.75,3723.25,3686.0,3722.25
2014-05-28,3722.5,3730.0,3707.5,3716.0
2014-05-29,3716.25,3737.0,3714.75,3729.75
2014-05-30,3729.75,3740.25,3715.25,3728.75
2014-06-02,3724.0,3732.75,3722.25,3726.0
2014-06-03,3726.0,3735.25,3714.0,3726.75
2014-06-04,3726.75,3749.25,3714.0,3741.25
2014-06-05,3741.25,3783.75,3734.0,3783.25
2014-06-06,3783.25,3798.75,3776.0,3798.5
2014-06-08,3799.13,3799.25,3797.0,3798.25
2014-06-09,3798.0,3802.75,3783.0,3790.5
2014-06-10,3790.5,3802.75,3784.75,3797.25
2014-06-11,3797.5,3806.0,3779.5,3799.25
2014-06-12,3799.0,3804.25,3751.75,3773.0
2014-06-13,3773.0,3785.5,3760.25,3776.88
2014-06-15,3776.88,3776.88,3757.0,3765.38
2014-06-16,3765.25,3790.25,3761.5,3784.13
2014-06-17,3784.25,3791.75,3769.75,3781.5
2014-06-18,3781.5,3808.0,3763.75,3806.5
2014-06-19,3806.0,3811.0,3782.25,3797.0
2014-06-20,3797.25,3807.13,3785.5,3795.0
2014-06-22,3795.0,3805.75,3791.0,3802.5
2014-06-23,3802.75,3803.0,3785.0,3790.5
2014-06-24,3790.0,3827.75,3781.25,3790.75
2014-06-25,3790.75,3823.25,3783.0,3815.75
2014-06-26,3816.0,3821.75,3788.75,3814.75
2014-06-27,3814.5,3837.5,3808.0,3832.25
2014-06-29,3831.0,3835.5,3831.0,3833.25
2014-06-30,3833.25,3851.0,3827.75,3847.5
2014-07-01,3847.5,3894.25,3846.75,3888.75
2014-07-02,3888.75,3896.0,3883.25,3888.5
2014-07-03,3888.75,3917.75,3888.5,3915.5
2014-07-04,3915.25,3916.25,3911.5,3912.88
2014-07-06,3912.88,3915.25,3912.5,3912.75
2014-07-07,3912.5,3915.5,3896.0,3901.0
2014-07-08,3901.25,3906.5,3841.25,3863.75
2014-07-09,3863.5,3890.25,3856.5,3883.75
2014-07-10,3883.75,3889.25,3831.5,3879.0
2014-07-11,3879.25,3898.75,3871.75,3898.5
2014-07-13,3898.5,3905.75,3897.75,3903.0
2014-07-14,3903.0,3930.5,3902.0,3924.25
2014-07-15,3924.25,3933.25,3880.0,3914.75
2014-07-16,3915.0,3940.75,3913.75,3916.5
2014-07-17,3916.75,3927.0,3854.25,3874.5
2014-07-18,3874.75,3935.5,3871.0,3931.25
2014-07-20,3929.25,3931.0,3926.5,3928.5
2014-07-21,3928.25,3934.25,3909.75,3931.0
2014-07-22,3931.0,3959.0,3929.25,3947.5
2014-07-23,3947.25,3984.63,3946.25,3978.75
2014-07-24,3978.5,3991.0,3958.75,3960.25
2014-07-25,3960.5,3965.25,3937.25,3954.75
2014-07-27,3954.63,3958.63,3946.5,3954.0
2014-07-28,3954.0,3970.25,3929.0,3954.0
2014-07-29,3954.25,3977.25,3948.5,3960.0
2014-07-30,3959.75,3983.0,3953.25,3964.0
2014-07-31,3964.0,3966.5,3881.75,3899.0
2014-08-01,3899.0,3901.0,3847.25,3873.25
2014-08-03,3875.38,3884.0,3874.25,3881.75
2014-08-04,3881.75,3915.5,3867.25,3892.25
2014-08-05,3892.25,3899.75,3851.75,3869.25
2014-08-06,3869.25,3891.0,3842.0,3869.75
2014-08-07,3869.5,3892.25,3828.0,3835.75
2014-08-08,3835.75,3886.5,3826.5,3874.75
2014-08-10,3873.75,3885.25,3873.75,3883.75
2014-08-11,3883.75,3917.5,3880.75,3909.75
2014-08-12,3909.5,3917.0,3883.25,3904.0
2014-08-13,3903.75,3949.0,3902.5,3946.25
2014-08-14,3946.0,3974.25,3939.75,3969.75
2014-08-15,3969.5,3994.25,3947.25,3984.75
2014-08-17,3984.75,4001.25,3984.75,3993.5
2014-08-18,3994.0,4019.25,3993.75,4019.0
2014-08-19,4018.75,4040.25,4018.75,4031.75
2014-08-20,4032.0,4046.25,4028.75,4038.5
2014-08-21,4038.25,4051.63,4032.5,4051.5
2014-08-22,4051.5,4060.75,4036.5,4055.75
2014-08-24,4055.75,4065.0,4055.13,4063.25
2014-08-25,4063.0,4078.25,4056.75,4063.25
2014-08-26,4063.25,4075.5,4061.5,4074.25
2014-08-27,4074.25,4076.75,4063.5,4072.0
2014-08-28,4072.25,4076.0,4054.5,4073.25
2014-08-29,4073.25,4085.75,4062.0,4078.25
2014-08-31,4078.25,4083.0,4077.75,4082.0
2014-09-01,4082.0,4087.75,4075.75,4084.75
2014-09-02,4084.75,4096.0,4077.75,4095.75
2014-09-03,4095.5,4113.75,4062.5,4071.75
2014-09-04,4071.5,4100.75,4056.25,4064.0
2014-09-05,4063.5,4091.25,4052.0,4089.5
2014-09-07,4087.25,4087.25,4082.75,4083.0
2014-09-08,4083.0,4104.75,4075.5,4089.0
2014-09-09,4089.0,4110.25,4053.0,4057.75
2014-09-10,4057.25,4096.0,4054.75,4089.5
2014-09-11,4089.25,4096.75,4060.0,4092.5
2014-09-12,4092.5,4093.75,4056.75,4067.5
2014-09-14,4059.75,4059.75,4051.5,4056.25
2014-09-15,4056.5,4076.25,4018.25,4033.5
2014-09-16,4033.75,4073.75,4012.0,4062.63
2014-09-17,4062.88,4091.0,4047.0,4072.0
2014-09-18,4071.75,4118.75,4068.5,4118.0
2014-09-19,4118.0,4125.38,4076.0,4087.5
2014-09-21,4087.5,4092.0,4072.0,4074.0
2014-09-22,4074.0,4082.75,4035.75,4049.75
2014-09-23,4049.75,4060.75,4027.75,4042.75
2014-09-24,4042.5,4089.75,4033.0,4083.25
2014-09-25,4083.5,4088.25,3998.25,4012.25
2014-09-26,4012.5,4050.25,4001.75,4046.13
2014-09-28,4046.13,4050.75,4037.25,4039.0
2014-09-29,4039.0,4048.5,3998.0,4034.5
2014-09-30,4034.5,4064.5,4024.25,4039.0
2014-10-01,4039.25,4045.75,3965.25,3983.5
2014-10-02,3983.5,3994.0,3927.75,3987.0
2014-10-03,3986.75,4034.5,3985.5,4016.5
2014-10-05,4018.63,4029.0,4015.13,4026.75
2014-10-06,4026.5,4040.25,3996.25,4009.75
2014-10-07,4009.75,4010.0,3948.0,3960.5
2014-10-08,3960.25,4044.0,3930.5,4039.75
2014-10-09,4040.0,4047.5,3941.5,3958.25
2014-10-10,3958.5,3966.75,3851.0,3852.5
2014-10-12,3847.63,3849.25,3826.5,3831.75
2014-10-13,3832.0,3885.75,3792.25,3821.88
2014-10-14,3822.13,3852.25,3792.75,3810.63
2014-10-15,3810.88,3822.5,3691.25,3758.38
2014-10-16,3758.5,3786.25,3684.25,3758.63
2014-10-17,3758.5,3840.0,3742.0,3805.38
2014-10-19,3805.25,3832.48,3805.25,3826.98
2014-10-20,3827.23,3882.48,3793.25,3862.75
2014-10-21,3862.25,3975.73,3845.75,3968.0
2014-10-22,3967.98,3982.73,3939.48,3943.73
2014-10-23,3943.75,4024.23,3942.25,3983.75
2014-10-24,3984.25,4038.0,3981.25,4036.73
2014-10-26,4035.25,4042.75,4033.75,4036.25
2014-10-27,4036.23,4049.48,4009.48,4039.0
2014-10-28,4039.23,4099.23,4038.73,4078.5
2014-10-29,4078.48,4095.98,4054.73,4075.5
2014-10-30,4075.98,4103.0,4042.98,4102.0
2014-10-31,4101.98,4163.23,4097.5,4143.48
2014-11-02,4143.48,4152.0,4143.48,4143.98
2014-11-03,4144.0,4173.23,4141.73,4155.5
2014-11-04,4155.75,4163.98,4119.73,4155.0
2014-11-05,4155.0,4175.98,4133.73,4134.5
2014-11-06,4134.73,4173.23,4130.23,4172.25
2014-11-07,4172.5,4178.5,4135.75,4151.48
2014-11-09,4151.48,4159.73,4148.23,4155.98
2014-11-10,4155.73,4181.5,4143.98,4180.98
2014-11-11,4180.75,4186.23,4161.73,4178.5
2014-11-12,4178.48,4199.75,4166.48,4199.23
2014-11-13,4198.98,4226.73,4191.48,4207.75
2014-11-14,4207.98,4224.23,4195.73,4224.23
2014-11-16,4222.98,4223.73,4198.75,4206.48
2014-11-17,4206.5,4223.98,4191.48,4212.0
2014-11-18,4211.98,4248.48,4202.73,4235.98
2014-11-19,4235.75,4242.23,4204.23,4218.75
2014-11-20,4218.98,4247.48,4201.73,4246.48
2014-11-21,4246.5,4284.23,4237.23,4249.0
2014-11-23,4250.0,4254.23,4247.75,4249.75
2014-11-24,4249.73,4286.23,4248.98,4277.98
2014-11-25,4277.75,4302.98,4277.23,4299.48
2014-11-26,4299.5,4323.48,4290.25,4319.75
2014-11-27,4319.73,4331.73,4312.23,4328.5
2014-11-28,4328.73,4347.73,4318.48,4336.0
2014-11-30,4328.0,4333.73,4317.98,4327.23
2014-12-01,4327.0,4335.23,4273.48,4290.98
2014-12-02,4291.0,4314.48,4285.23,4306.75
2014-12-03,4306.73,4319.73,4287.23,4313.98
2014-12-04,4314.23,4328.23,4293.23,4312.23
2014-12-05,4312.0,4325.5,4302.73,4314.0
2014-12-07,4314.0,4316.73,4310.73,4313.25
2014-12-08,4313.48,4320.23,4258.98,4270.98
2014-12-09,4271.0,4298.23,4216.73,4283.73
2014-12-10,4283.5,4297.98,4219.0,4236.23
2014-12-11,4236.0,4297.98,4220.25,4225.5
2014-12-12,4225.75,4254.5,4187.98,4190.75
2014-12-14,4189.25,4209.5,4183.25,4205.5
2014-12-15,4205.5,4237.25,4144.73,4172.5
2014-12-16,4172.75,4191.73,4084.23,4096.0
2014-12-17,4095.75,4175.75,4087.5,4157.75
2014-12-18,4157.5,4275.75,4153.5,4275.5
2014-12-19,4275.75,4304.23,4257.23,4282.0
2014-12-21,4281.0,4287.75,4280.5,4286.23
2014-12-22,4286.25,4300.98,4275.98,4296.75
2014-12-23,4296.73,4311.73,4274.48,4283.73
2014-12-24,4283.75,4297.98,4278.73,4280.75
2014-12-25,4280.75,4293.73,4280.75,4292.75
2014-12-26,4292.75,4321.73,4290.75,4312.48
2014-12-28,4312.48,4320.5,4311.98,4318.73
2014-12-29,4318.98,4319.75,4297.98,4317.0
2014-12-30,4316.98,4317.5,4273.73,4289.48
2014-12-31,4289.0,4304.73,4227.98,4233.5
2015-01-01,4240.5,4255.75,4240.25,4255.48
2015-01-02,4255.73,4272.48,4200.98,4216.5
2015-01-04,4214.5,4220.23,4197.23,4219.5
2015-01-05,4219.73,4220.48,4144.98,4157.25
2015-01-06,4157.23,4171.98,4082.48,4112.75
2015-01-07,4113.25,4192.73,4107.48,4185.0
2015-01-08,4184.5,4242.48,4176.98,4230.48
2015-01-09,4230.73,4252.23,4180.98,4201.23
2015-01-11,4200.98,4208.0,4195.0,4198.98
2015-01-12,4199.0,4227.23,4150.98,4172.25
2015-01-13,4172.0,4247.73,4126.73,4146.0
2015-01-14,4145.75,4168.98,4100.48,4151.25
2015-01-15,4151.25,4189.98,4041.5,4051.0
2015-01-16,4051.25,4137.23,4043.0,4136.23
2015-01-18,4136.23,4154.73,4124.0,4132.0
2015-01-19,4132.0,4148.75,4112.98,4144.25
2015-01-20,4144.25,4178.25,4109.0,4173.25
2015-01-21,4173.25,4204.98,4136.73,4188.25
2015-01-22,4188.25,4268.98,4164.73,4259.23
2015-01-23,4259.5,4285.98,4250.5,4265.0
2015-01-25,4248.73,4250.25,4231.25,4247.5
2015-01-26,4247.73,4277.98,4244.98,4266.98
2015-01-27,4266.75,4270.5,4142.73,4229.23
2015-01-28,4229.25,4234.25,4119.5,4127.75
2015-01-29,4128.0,4207.0,4095.5,4189.75
2015-01-30,4191.25,4202.73,4135.98,4140.5
2015-02-01,4143.75,4152.25,4129.25,4144.0
2015-02-02,4143.75,4187.73,4085.5,4169.0
2015-02-03,4169.0,4222.48,4165.75,4210.0
2015-02-04,4209.98,4242.48,4181.5,4193.25
2015-02-05,4193.0,4254.25,4187.73,4246.5
2015-02-06,4246.48,4268.23,4209.73,4231.48
2015-02-08,4217.75,4220.25,4204.5,4211.0
2015-02-09,4210.75,4231.5,4201.5,4217.0
2015-02-10,4217.0,4283.48,4211.0,4275.48
2015-02-11,4275.25,4321.5,4271.0,4297.25
2015-02-12,4296.75,4347.0,4293.75,4346.5
2015-02-13,4346.25,4381.73,4345.48,4379.0
2015-02-15,4379.0,4379.0,4370.0,4377.25
2015-02-16,4377.48,4387.98,4364.5,4373.25
2015-02-17,4373.23,4387.73,4365.0,4384.23
2015-02-18,4384.25,4393.25,4373.73,4387.0
2015-02-19,4387.23,4416.98,4376.0,4413.73
2015-02-20,4413.5,4444.73,4395.98,4440.75
2015-02-22,4438.75,4442.73,4437.48,4440.5
2015-02-23,4440.73,4448.98,4429.73,4446.23
2015-02-24,4446.48,4455.0,4427.0,4446.5
2015-02-25,4446.5,4460.5,4429.23,4438.75
2015-02-26,4438.98,4464.23,4430.98,4457.75
2015-02-27,4458.0,4462.48,4434.98,4446.25
2015-03-01,4446.25,4452.73,4446.25,4449.98
2015-03-02,4449.5,4482.98,4446.48,4475.73
2015-03-03,4475.75,4476.75,4432.25,4455.5
2015-03-04,4455.48,4455.98,4419.23,4445.5
2015-03-05,4445.5,4464.5,4432.73,4449.98
2015-03-06,4449.73,4459.98,4389.23,4407.73
2015-03-08,4413.75,4413.75,4398.25,4400.25
2015-03-09,4400.48,4424.48,4391.73,4412.75
2015-03-10,4412.75,4413.25,4328.48,4342.23
2015-03-11,4342.25,4347.23,4304.23,4314.5
2015-03-12,4314.73,4339.23,4298.73,4334.48
2015-03-13,4334.23,4347.23,4288.0,4312.75
2015-03-15,4310.75,4311.5,4298.75,4309.5
2015-03-16,4309.73,4371.73,4309.5,4357.75
2015-03-17,4358.0,4384.5,4348.73,4379.25
2015-03-18,4379.0,4441.0,4342.98,4435.75
2015-03-19,4435.75,4441.25,4419.23,4436.25
2015-03-20,4436.5,4471.98,4434.75,4446.5
2015-03-22,4446.5,4461.0,4445.25,4455.0
2015-03-23,4454.98,4458.98,4434.75,4439.25
2015-03-24,4439.23,4460.73,4424.0,4430.23
2015-03-25,4429.98,4438.23,4318.98,4320.48
2015-03-26,4320.25,4330.73,4269.75,4324.25
2015-03-27,4324.23,4333.23,4297.23,4323.73
2015-03-29,4323.73,4340.25,4315.75,4340.25
2015-03-30,4340.25,4381.48,4336.48,4369.0
2015-03-31,4368.98,4373.23,4265.0,4288.5
2015-04-01,4288.75,4334.0,4276.48,4308.25
2015-04-02,4308.25,4320.5,4288.5,4306.75
2015-04-03,4306.75,4313.5,4262.0,4262.0
2015-04-05,4266.5,4282.25,4265.0,4278.75
2015-04-06,4278.75,4354.48,4268.75,4339.48
2015-04-07,4339.25,4371.98,4327.5,4332.5
2015-04-08,4332.25,4378.98,4330.0,4375.75
2015-04-09,4376.0,4400.73,4352.98,4395.5
2015-04-10,4395.5,4415.48,4385.73,4414.23
2015-04-12,4414.23,4418.48,4410.73,4412.48
2015-04-13,4412.25,4441.23,4399.73,4408.25
2015-04-14,4408.0,4414.25,4366.98,4394.98
2015-04-15,4394.75,4428.73,4388.73,4426.0
2015-04-16,4426.25,4429.0,4398.0,4411.75
2015-04-17,4412.0,4414.5,4323.75,4346.75
2015-04-19,4357.48,4361.5,4352.0,4359.0
2015-04-20,4359.23,4416.73,4354.73,4414.48
2015-04-21,4414.5,4442.23,4414.25,4433.5
2015-04-22,4433.98,4459.23,4398.48,4440.0
2015-04-23,4439.75,4499.48,4417.73,4499.23
2015-04-24,4499.48,4535.98,4490.5,4529.98
2015-04-26,4532.23,4534.25,4530.48,4532.75
2015-04-27,4533.0,4555.23,4509.23,4523.75
2015-04-28,4524.0,4530.75,4471.73,4505.75
2015-04-29,4506.0,4511.98,4456.23,4469.5
2015-04-30,4469.73,4474.25,4386.5,4410.75
2015-05-01,4410.98,4470.48,4409.73,4468.25
2015-05-03,4469.5,4471.98,4459.98,4461.98
2015-05-04,4462.23,4503.23,4456.75,4472.25
2015-05-05,4472.48,4479.75,4399.23,4415.75
2015-05-06,4415.73,4423.25,4341.48,4377.73
2015-05-07,4377.98,4411.0,4332.48,4408.5
2015-05-08,4409.0,4462.48,4405.73,4448.75
2015-05-10,4448.75,4452.5,4445.73,4448.0
2015-05-11,4448.23,4464.23,4426.23,4427.5
2015-05-12,4427.48,4437.73,4374.48,4432.25
2015-05-13,4432.75,4457.73,4417.48,4424.75
2015-05-14,4424.75,4496.0,4412.98,4491.48
2015-05-15,4491.5,4507.0,4478.0,4490.75
2015-05-17,4490.75,4491.5,4482.23,4484.75
2015-05-18,4484.73,4517.48,4470.5,4512.0
2015-05-19,4511.98,4525.75,4496.48,4500.75
2015-05-20,4501.0,4533.48,4482.23,4494.25
2015-05-21,4494.23,4536.23,4487.98,4531.5
2015-05-22,4531.5,4541.98,4521.98,4527.23
2015-05-24,4527.23,4531.75,4524.75,4528.0
2015-05-25,4528.0,4536.73,4517.5,4521.5
2015-05-26,4521.73,4528.23,4454.98,4474.75
2015-05-27,4474.98,4550.73,4472.98,4541.48
2015-05-28,4541.5,4547.23,4521.73,4541.73
2015-05-29,4541.5,4544.23,4497.25,4515.98
2015-05-31,4514.0,4521.5,4511.98,4520.5
2015-06-01,4520.48,4537.98,4486.48,4522.25
2015-06-02,4522.0,4531.48,4481.0,4503.73
2015-06-03,4503.5,4540.48,4501.73,4524.23
2015-06-04,4524.0,4525.73,4473.23,4493.0
2015-06-05,4492.98,4506.0,4449.48,4481.0
2015-06-07,4481.0,4482.5,4468.5,4472.25
2015-06-08,4472.73,4481.0,4421.75,4435.75
2015-06-09,4435.98,4439.23,4390.23,4436.0
2015-06-10,4436.23,4497.98,4430.25,4483.5
2015-06-11,4483.5,4511.75,4479.25,4481.98
2015-06-12,4481.73,4487.98,4447.73,4455.25
2015-06-14,4436.25,4440.25,4426.5,4434.73
2015-06-15,4434.48,4444.5,4394.23,4425.0
2015-06-16,4425.25,4463.48,4402.75,4457.0
2015-06-17,4457.25,4482.75,4439.5,4455.75
2015-06-18,4455.0,4541.5,4447.25,4535.25
2015-06-19,4535.0,4546.5,4498.48,4503.75
2015-06-21,4516.5,4520.75,4511.75,4515.5
2015-06-22,4515.73,4551.98,4514.25,4542.5
2015-06-23,4542.48,4548.25,4522.73,4538.75
2015-06-24,4538.98,4554.98,4514.5,4524.5
2015-06-25,4524.73,4547.23,4498.75,4499.48
2015-06-26,4499.25,4516.48,4459.5,4481.25
2015-06-28,4401.0,4422.75,4400.75,4419.5
2015-06-29,4419.0,4450.98,4368.25,4382.75
2015-06-30,4382.75,4411.75,4371.98,4404.0
2015-07-01,4404.0,4441.48,4399.75,4418.5
2015-07-02,4418.73,4441.0,4408.23,4424.5
2015-07-03,4424.75,4435.5,4411.73,4413.5
2015-07-05,4356.25,4375.48,4353.0,4372.5
2015-07-06,4372.75,4436.75,4364.25,4431.0
2015-07-07,4431.5,4447.98,4334.23,4386.75
2015-07-08,4386.75,4401.73,4336.48,4369.5
2015-07-09,4369.75,4407.73,4331.75,4381.0
2015-07-10,4380.75,4426.23,4373.75,4409.98
2015-07-12,4382.25,4401.25,4381.75,4401.23
2015-07-13,4401.0,4491.48,4395.75,4488.75
2015-07-14,4488.98,4532.0,4486.5,4524.75
2015-07-15,4524.75,4553.25,4509.23,4551.25
2015-07-16,4551.23,4617.75,4545.5,4610.25
2015-07-17,4610.25,4653.23,4607.23,4651.0
2015-07-19,4648.5,4656.75,4648.5,4651.25
2015-07-20,4651.48,4685.73,4648.73,4672.48
2015-07-21,4672.25,4682.98,4610.23,4610.48
2015-07-22,4610.23,4636.48,4588.5,4630.0
2015-07-23,4630.5,4634.5,4584.23,4623.98
2015-07-24,4623.75,4638.73,4544.48,4562.73
2015-07-26,4561.73,4567.75,4557.23,4561.25
2015-07-27,4561.0,4565.25,4503.73,4534.0
2015-07-28,4534.0,4561.23,4497.0,4551.25
2015-07-29,4551.5,4579.23,4543.98,4563.0
2015-07-30,4562.75,4598.48,4530.73,4591.25
2015-07-31,4591.23,4608.25,4575.98,4583.98
2015-08-02,4582.75,4586.75,4574.5,4577.25
2015-08-03,4577.5,4598.75,4540.5,4568.98
2015-08-04,4569.0,4580.98,4543.48,4561.75
2015-08-05,4561.98,4628.75,4557.23,4589.73
2015-08-06,4589.75,4608.73,4502.73,4527.25
2015-08-07,4528.0,4533.48,4480.48,4516.0
2015-08-09,4515.23,4527.0,4512.75,4522.5
2015-08-10,4523.25,4584.25,4518.5,4562.0
2015-08-11,4562.25,4571.75,4476.25,4490.25
2015-08-12,4490.23,4542.0,4431.98,4538.23
2015-08-13,4538.0,4556.75,4508.98,4515.73
2015-08-14,4515.75,4533.5,4498.98,4532.5
2015-08-16,4533.0,4538.5,4524.0,4527.23
2015-08-17,4527.25,4573.0,4503.48,4565.0
2015-08-18,4565.0,4567.75,4533.73,4543.25
2015-08-19,4543.25,4550.0,4483.48,4503.25
2015-08-20,4503.48,4512.75,4328.75,4333.5
2015-08-21,4333.48,4363.73,4194.98,4195.0
2015-08-23,4176.73,4178.48,4078.75,4091.25
2015-08-24,4091.25,4195.98,3955.98,4087.25
2015-08-25,4087.5,4204.0,3958.75,4011.0
2015-08-26,4011.0,4244.75,4009.0,4236.25
2015-08-27,4236.5,4340.25,4205.5,4308.5
2015-08-28,4308.75,4338.25,4281.73,4323.0
2015-08-30,4320.25,4321.23,4270.25,4295.5
2015-08-31,4295.25,4322.73,4187.0,4199.25
2015-09-01,4199.25,4227.5,4118.23,4190.0
2015-09-02,4190.23,4284.75,4162.25,4262.25
2015-09-03,4262.0,4303.98,4200.75,4210.75
2015-09-04,4210.5,4213.73,4155.25,4189.0
2015-09-06,4183.5,4242.98,4183.5,4228.5
2015-09-07,4228.25,4242.75,4202.25,4223.5
2015-09-08,4223.5,4332.75,4208.25,4332.0
2015-09-09,4331.75,4369.23,4233.5,4246.75
2015-09-10,4246.5,4326.48,4226.5,4313.25
2015-09-11,4313.23,4328.5,4259.23,4327.75
2015-09-13,4327.0,4356.98,4322.75,4334.0
2015-09-14,4333.98,4348.5,4292.25,4316.0
2015-09-15,4315.75,4373.5,4290.73,4348.0
2015-09-16,4348.48,4392.25,4345.25,4386.5
2015-09-17,4386.75,4450.5,4366.25,4387.0
2015-09-18,4387.0,4392.5,4303.73,4320.0
2015-09-20,4327.75,4329.75,4297.75,4298.0
2015-09-21,4298.25,4361.23,4286.48,4330.5
2015-09-22,4330.25,4340.75,4220.48,4234.75
2015-09-23,4234.5,4291.75,4224.75,4249.75
2015-09-24,4249.98,4278.48,4185.23,4254.48
2015-09-25,4254.75,4314.5,4185.98,4204.0
2015-09-27,4199.48,4207.5,4182.25,4198.5
2015-09-28,4198.75,4238.73,4079.48,4088.5
2015-09-29,4088.25,4143.73,4040.73,4096.0
2015-09-30,4095.75,4200.0,4094.5,4197.25
2015-10-01,4197.75,4225.0,4116.25,4197.5
2015-10-02,4197.25,4262.98,4111.23,4261.25
2015-10-04,4257.0,4263.75,4250.25,4261.25
2015-10-05,4261.25,4329.48,4253.98,4298.5
2015-10-06,4298.75,4321.98,4263.23,4289.0
2015-10-07,4289.25,4333.0,4268.23,4309.5
2015-10-08,4309.25,4347.98,4264.98,4341.75
2015-10-09,4342.0,4369.23,4324.48,4356.0
2015-10-11,4351.75,4358.0,4346.23,4355.75
2015-10-12,4355.75,4381.23,4351.0,4364.0
2015-10-13,4363.75,4390.48,4325.75,4334.5
2015-10-14,4335.23,4365.0,4318.48,4354.0
2015-10-15,4354.0,4421.73,4346.73,4412.75
2015-10-16,4413.0,4438.98,4396.0,4438.73
2015-10-18,4433.75,4436.75,4420.5,4425.75
2015-10-19,4426.0,4455.25,4411.0,4448.48
2015-10-20,4448.25,4455.5,4414.23,4431.5
2015-10-21,4431.98,4455.98,4394.73,4417.5
2015-10-22,4417.73,4584.98,4408.98,4570.5
2015-10-23,4570.48,4637.23,4564.73,4610.5
2015-10-25,4611.5,4613.23,4603.75,4606.5
2015-10-26,4606.75,4629.73,4592.48,4604.75
2015-10-27,4604.48,4651.23,4601.0,4637.75
2015-10-28,4637.73,4677.73,4600.98,4657.25
2015-10-29,4657.23,4682.5,4642.5,4682.23
2015-10-30,4682.25,4690.0,4635.98,4645.0
2015-11-01,4644.0,4644.0,4625.5,4626.75
2015-11-02,4626.98,4699.23,4624.98,4693.5
2015-11-03,4693.73,4727.98,4676.98,4719.75
2015-11-04,4719.5,4729.5,4691.23,4710.98
2015-11-05,4711.0,4727.23,4673.48,4693.5
2015-11-06,4693.48,4707.75,4658.98,4702.73
2015-11-08,4699.5,4712.73,4698.5,4709.5
2015-11-09,4709.48,4711.23,4621.98,4659.25
2015-11-10,4659.48,4661.5,4612.48,4646.75
2015-11-11,4646.73,4674.48,4625.48,4645.0
2015-11-12,4644.98,4652.75,4576.5,4581.0
2015-11-13,4581.23,4590.23,4485.73,4488.98
2015-11-15,4461.75,4487.73,4454.25,4483.25
2015-11-16,4482.75,4572.0,4478.0,4565.48
2015-11-17,4565.25,4597.48,4551.73,4564.5
2015-11-18,4564.73,4665.25,4556.23,4657.0
2015-11-19,4657.23,4676.75,4646.73,4656.23
2015-11-20,4655.98,4691.23,4655.48,4689.25
2015-11-22,4689.75,4697.23,4687.5,4693.75
2015-11-23,4693.73,4706.25,4653.73,4675.0
2015-11-24,4674.98,4684.25,4619.98,4667.5
2015-11-25,4667.75,4687.25,4661.25,4683.23
2015-11-26,4683.48,4702.75,4678.25,4689.75
2015-11-27,4689.73,4693.5,4664.73,4680.0
2015-11-29,4684.25,4684.25,4672.25,4674.98
2015-11-30,4674.73,4700.25,4653.25,4693.5
2015-12-01,4693.48,4719.23,4676.48,4718.75
2015-12-02,4718.73,4739.25,4678.48,4705.0
2015-12-03,4704.98,4729.98,4578.75,4621.48
2015-12-04,4621.25,4722.73,4602.75,4714.73
2015-12-06,4720.0,4720.5,4705.23,4711.75
2015-12-07,4711.98,4729.73,4670.48,4679.0
2015-12-08,4678.98,4708.73,4640.98,4697.25
2015-12-09,4697.73,4707.0,4593.23,4634.73
2015-12-10,4634.5,4674.23,4618.25,4650.5
2015-12-11,4650.25,4656.73,4528.0,4533.0
2015-12-13,4533.0,4554.0,4533.0,4552.25
2015-12-14,4552.0,4585.0,4477.25,4574.75
2015-12-15,4575.0,4637.75,4566.75,4620.25
2015-12-16,4620.75,4674.25,4594.25,4650.75
2015-12-17,4650.75,4689.0,4555.25,4564.5
2015-12-18,4565.0,4596.75,4502.0,4510.0
2015-12-20,4517.75,4525.75,4512.0,4523.73
2015-12-21,4523.5,4575.75,4511.5,4566.5
2015-12-22,4566.73,4594.23,4541.25,4585.98
2015-12-23,4586.23,4619.98,4584.25,4606.98
2015-12-24,4607.0,4629.73,4600.75,4608.0
2015-12-27,4613.0,4618.48,4611.23,4616.98
2015-12-28,4617.0,4623.25,4571.73,4621.25
2015-12-29,4621.23,4697.25,4618.98,4689.25
2015-12-30,4689.23,4690.25,4643.25,4647.75
2015-12-31,4647.73,4654.0,4579.25,4592.0
2016-01-03,4594.98,4606.25,4542.0,4542.98
2016-01-04,4543.0,4550.5,4429.73,4514.75
2016-01-05,4515.0,4516.75,4425.25,4445.5
2016-01-06,4445.48,4459.98,4385.75,4389.5
2016-01-07,4389.48,4398.25,4280.25,4336.75
2016-01-08,4336.5,4369.25,4255.73,4263.98
2016-01-10,4258.0,4267.5,4226.0,4264.73
2016-01-11,4264.25,4303.75,4208.75,4256.75
2016-01-12,4256.0,4353.75,4236.5,4353.5
2016-01-13,4353.5,4364.5,4157.0,4178.75
2016-01-14,4178.5,4300.23,4123.98,4213.0
2016-01-15,4212.75,4230.0,4075.48,4145.25
2016-01-17,4126.98,4161.23,4107.25,4152.0
2016-01-18,4151.75,4177.23,4126.0,4167.0
2016-01-19,4167.25,4215.73,4067.5,4068.25
2016-01-20,4068.48,4177.75,3983.48,4135.75
2016-01-21,4135.0,4191.98,4085.5,4148.0
2016-01-22,4148.5,4252.48,4148.5,4246.98
2016-01-24,4254.0,4258.5,4231.75,4250.25
2016-01-25,4250.25,4259.25,4173.25,4176.5
2016-01-26,4176.73,4243.48,4133.0,4190.0
2016-01-27,4189.5,4218.48,4101.98,4158.25
2016-01-28,4158.5,4198.5,4106.73,4160.25
2016-01-29,4160.75,4270.5,4160.0,4269.5
2016-01-31,4269.25,4271.98,4248.0,4255.0
2016-02-01,4255.25,4308.98,4228.73,4264.25
2016-02-02,4264.5,4276.0,4157.0,4171.25
2016-02-03,4171.0,4214.5,4090.48,4195.5
2016-02-04,4195.25,4204.5,4113.48,4146.5
2016-02-05,4146.25,4173.25,4001.48,4019.25
2016-02-07,4022.0,4042.73,4016.25,4040.75
2016-02-08,4040.5,4045.25,3882.75,3925.75
2016-02-09,3925.5,4003.75,3897.23,3928.5
2016-02-10,3928.75,4040.73,3927.0,3947.25
2016-02-11,3947.0,3984.5,3862.5,3975.75
2016-02-12,3975.5,4017.23,3953.5,4014.73
2016-02-14,4025.25,4059.25,4025.25,4053.0
2016-02-15,4053.25,4100.98,4051.73,4100.75
2016-02-16,4100.98,4108.5,4047.0,4077.75
2016-02-17,4077.5,4210.98,4068.23,4209.5
2016-02-18,4209.25,4227.23,4144.23,4150.75
2016-02-19,4150.73,4174.48,4119.98,4161.0
2016-02-21,4147.5,4190.0,4147.0,4188.5
2016-02-22,4188.25,4233.73,4182.75,4191.75
2016-02-23,4191.75,4215.73,4141.75,4146.75
2016-02-24,4146.5,4228.75,4084.73,4216.25
2016-02-25,4216.0,4252.25,4170.48,4249.25
2016-02-26,4249.0,4292.75,4224.98,4226.48
2016-02-28,4226.0,4238.0,4206.0,4208.5
2016-02-29,4208.25,4262.73,4180.23,4197.0
2016-03-01,4196.75,4351.75,4184.25,4348.5
2016-03-02,4348.25,4357.25,4299.23,4340.0
2016-03-03,4340.0,4344.48,4293.48,4323.75
2016-03-04,4324.25,4354.73,4297.75,4319.5
2016-03-06,4312.75,4321.25,4308.25,4314.5
2016-03-07,4314.75,4329.73,4268.75,4286.98
2016-03-08,4287.0,4308.25,4251.25,4273.25
2016-03-09,4273.5,4308.5,4256.73,4295.23
2016-03-10,4295.25,4347.0,4229.73,4321.25
2016-03-11,4321.25,4360.75,4314.75,4355.5
2016-03-13,4351.5,4356.5,4346.75,4354.75
2016-03-14,4355.0,4378.0,4340.25,4358.0
2016-03-15,4358.0,4376.25,4338.0,4366.5
2016-03-16,4367.0,4419.25,4348.75,4409.25
2016-03-17,4409.25,4421.5,4368.5,4401.75
2016-03-18,4402.25,4415.48,4375.73,4395.5
2016-03-20,4390.98,4392.25,4378.75,4387.75
2016-03-21,4387.98,4420.98,4376.73,4412.25
2016-03-22,4411.75,4440.23,4383.75,4430.0
2016-03-23,4430.0,4440.5,4383.48,4389.5
2016-03-24,4389.73,4400.73,4364.98,4400.25
2016-03-27,4407.0,4414.98,4403.5,4412.5
2016-03-28,4412.75,4425.48,4381.48,4396.25
2016-03-29,4396.5,4466.5,4373.75,4462.25
2016-03-30,4462.73,4509.75,4456.48,4470.0
2016-03-31,4470.23,4495.23,4462.23,4464.5
2016-04-01,4464.25,4528.98,4441.73,4528.73
2016-04-03,4525.25,4528.48,4519.0,4527.0
2016-04-04,4527.25,4543.48,4483.0,4486.5
2016-04-05,4486.75,4495.98,4456.48,4493.5
2016-04-06,4493.48,4539.0,4467.48,4527.73
2016-04-07,4527.5,4537.0,4450.98,4472.48
2016-04-08,4472.25,4509.25,4451.48,4469.25
2016-04-10,4465.25,4474.25,4448.0,4464.5
2016-04-11,4464.73,4509.48,4440.73,4450.5
2016-04-12,4450.48,4505.5,4426.48,4501.25
2016-04-13,4501.48,4553.48,4499.73,4545.25
2016-04-14,4544.75,4562.98,4530.73,4549.5
2016-04-15,4549.75,4551.98,4522.98,4537.5
2016-04-17,4508.73,4517.5,4503.98,4507.75
2016-04-18,4507.5,4560.48,4501.0,4554.0
2016-04-19,4553.75,4584.23,4506.73,4516.73
2016-04-20,4516.75,4555.73,4508.98,4540.75
2016-04-21,4540.73,4551.23,4478.25,4492.75
2016-04-22,4492.98,4501.48,4430.98,4466.73
2016-04-24,4475.75,4477.48,4457.48,4459.25
2016-04-25,4459.0,4483.5,4435.98,4469.75
2016-04-26,4469.5,4489.5,4401.23,4407.25
2016-04-27,4407.23,4441.98,4372.23,4441.0
2016-04-28,4440.98,4440.98,4346.25,4384.5
2016-04-29,4384.5,4388.23,4296.73,4335.5
2016-05-01,4334.0,4335.25,4317.75,4324.5
2016-05-02,4324.48,4378.48,4321.98,4368.0
2016-05-03,4368.23,4371.73,4319.48,4324.0
2016-05-04,4323.75,4338.98,4292.23,4324.25
2016-05-05,4324.48,4342.48,4287.25,4290.25
2016-05-06,4290.23,4333.73,4271.0,4332.75
2016-05-08,4327.75,4336.98,4325.75,4329.5
2016-05-09,4329.75,4356.48,4317.98,4341.75
2016-05-10,4341.5,4398.48,4337.98,4386.25
2016-05-11,4386.48,4402.48,4347.75,4355.75
2016-05-12,4356.0,4381.73,4305.75,4319.0
2016-05-13,4318.98,4360.23,4303.75,4322.25
2016-05-15,4309.0,4331.75,4305.23,4331.0
2016-05-16,4331.25,4391.73,4317.25,4375.0
2016-05-17,4374.98,4393.25,4307.98,4323.25
2016-05-18,4323.0,4358.73,4302.73,4324.73
2016-05-19,4325.23,4335.5,4280.73,4333.75
2016-05-20,4333.73,4378.73,4325.48,4362.75
2016-05-22,4366.23,4368.0,4353.0,4366.25
2016-05-23,4366.5,4381.23,4348.23,4355.0
2016-05-24,4355.23,4456.0,4341.5,4454.75
2016-05-25,4454.98,4488.75,4452.23,4465.5
2016-05-26,4465.48,4500.48,4464.98,4492.23
2016-05-27,4492.0,4513.23,4490.23,4512.98
2016-05-29,4515.98,4522.98,4513.98,4522.48
2016-05-30,4522.5,4527.23,4513.23,4526.0
2016-05-31,4526.25,4536.75,4497.25,4533.98
2016-06-01,4533.75,4535.48,4502.73,4512.0
2016-06-02,4511.75,4532.73,4487.23,4528.75
2016-06-03,4528.98,4534.25,4478.73,4508.75
2016-06-05,4510.5,4512.25,4503.75,4507.5
2016-06-06,4507.75,4536.48,4507.75,4524.5
2016-06-07,4524.25,4545.48,4504.98,4508.25
2016-06-08,4508.23,4529.98,4503.98,4516.25
2016-06-09,4516.48,4518.23,4493.48,4507.75
2016-06-10,4508.0,4509.48,4446.25,4464.25
2016-06-12,4455.23,4459.0,4446.48,4448.0
2016-06-13,4448.25,4461.48,4413.48,4422.48
2016-06-14,4422.5,4440.0,4391.73,4427.5
2016-06-15,4427.75,4442.25,4398.75,4401.5
2016-06-16,4401.5,4440.0,4361.23,4434.5
2016-06-17,4434.75,4438.25,4353.48,4360.75
2016-06-19,4360.75,4407.75,4360.75,4404.0
2016-06-20,4403.75,4436.48,4384.73,4397.0
2016-06-21,4396.98,4415.48,4388.98,4398.5
2016-06-22,4398.75,4433.73,4390.98,4415.25
2016-06-23,4415.48,4493.5,4286.5,4295.5
2016-06-24,4295.5,4363.0,4233.0,4261.73
2016-06-26,4248.0,4248.73,4220.75,4239.73
2016-06-27,4239.5,4267.48,4167.98,4209.0
2016-06-28,4208.98,4292.73,4208.75,4290.75
2016-06-29,4290.5,4379.5,4285.0,4362.5
2016-06-30,4362.0,4409.5,4338.48,4400.98
2016-07-01,4401.0,4445.98,4386.0,4434.23
2016-07-03,4436.5,4441.5,4426.0,4439.0
2016-07-04,4439.23,4451.25,4418.48,4423.5
2016-07-05,4423.48,4427.5,4368.25,4374.5
2016-07-06,4374.75,4442.0,4365.48,4440.25
2016-07-07,4440.73,4460.98,4429.98,4447.75
2016-07-08,4448.23,4523.0,4439.73,4517.0
2016-07-10,4516.98,4543.75,4515.75,4541.48
2016-07-11,4541.5,4563.23,4527.5,4552.75
2016-07-12,4552.5,4581.73,4550.0,4563.25
2016-07-13,4563.25,4584.23,4553.48,4560.25
2016-07-14,4560.5,4607.98,4559.75,4593.25
2016-07-15,4593.5,4603.23,4558.25,4561.25
2016-07-17,4582.98,4594.5,4581.75,4584.75
2016-07-18,4584.73,4621.48,4579.48,4604.0
2016-07-19,4604.23,4610.23,4587.98,4600.0
2016-07-20,4599.75,4658.73,4599.73,4656.5
2016-07-21,4656.25,4661.73,4626.73,4637.5
2016-07-22,4637.48,4664.23,4628.48,4657.75
2016-07-24,4656.5,4669.25,4652.73,4655.75
2016-07-25,4655.75,4661.98,4643.48,4656.5
2016-07-26,4656.73,4696.23,4640.73,4694.75
2016-07-27,4694.98,4713.5,4676.75,4710.0
2016-07-28,4710.25,4732.73,4689.73,4725.75
2016-07-29,4725.5,4736.23,4708.98,4729.0
2016-07-31,4735.48,4743.5,4728.23,4743.0
2016-08-01,4743.23,4760.23,4720.98,4755.25
2016-08-02,4755.48,4756.5,4681.73,4708.75
2016-08-03,4708.98,4733.0,4697.98,4722.73
2016-08-04,4722.5,4753.23,4714.98,4750.73
2016-08-05,4750.75,4797.48,4747.5,4783.75
2016-08-07,4783.5,4790.5,4783.5,4789.75
2016-08-08,4789.73,4800.5,4765.98,4781.5
2016-08-09,4781.73,4807.48,4778.25,4788.25
2016-08-10,4788.23,4800.23,4767.23,4779.75
2016-08-11,4780.0,4810.5,4779.98,4799.0
2016-08-12,4798.75,4806.23,4786.98,4805.73
2016-08-14,4805.5,4812.48,4804.75,4811.98
2016-08-15,4811.75,4834.98,4807.73,4817.75
2016-08-16,4817.73,4824.23,4796.25,4804.23
2016-08-17,4804.48,4813.73,4771.98,4813.23
2016-08-18,4813.25,4813.98,4792.73,4802.25
2016-08-19,4802.0,4816.48,4784.98,4808.25
2016-08-21,4808.0,4808.98,4796.48,4798.73
2016-08-22,4798.5,4817.73,4789.48,4812.25
2016-08-23,4812.48,4836.48,4808.48,4810.0
2016-08-24,4810.23,4823.48,4770.48,4788.98
2016-08-25,4788.75,4793.73,4768.23,4783.0
2016-08-26,4782.98,4816.98,4757.23,4783.0
2016-08-28,4784.75,4784.75,4775.25,4781.0
2016-08-29,4781.23,4805.5,4775.25,4794.23
2016-08-30,4794.0,4798.23,4759.98,4774.23
2016-08-31,4774.0,4780.25,4751.48,4779.25
2016-09-01,4779.23,4794.98,4749.48,4775.5
2016-09-02,4775.48,4817.48,4773.98,4798.25
2016-09-04,4798.25,4804.23,4796.75,4800.5
2016-09-05,4800.23,4805.5,4782.0,4794.48
2016-09-06,4794.25,4831.23,4794.23,4830.98
2016-09-07,4831.0,4839.23,4812.48,4828.5
2016-09-08,4828.48,4836.73,4789.48,4796.48
2016-09-09,4796.5,4797.73,4665.75,4668.23
2016-09-11,4669.75,4670.75,4633.98,4645.25
2016-09-12,4645.25,4771.98,4628.98,4755.75
2016-09-13,4755.73,4756.73,4699.23,4739.25
2016-09-14,4739.5,4770.5,4720.25,4724.25
2016-09-15,4724.25,4826.73,4723.25,4812.75
2016-09-16,4813.0,4824.0,4788.98,4815.0
2016-09-18,4814.25,4831.75,4810.75,4828.0
2016-09-19,4827.98,4841.48,4782.48,4800.25
2016-09-20,4800.23,4820.23,4792.73,4800.48
2016-09-21,4800.25,4854.23,4788.25,4847.75
2016-09-22,4847.98,4891.98,4842.5,4884.73
2016-09-23,4884.5,4889.5,4848.48,4856.0
2016-09-25,4850.98,4859.25,4841.25,4845.98
2016-09-26,4846.0,4848.5,4800.75,4834.73
2016-09-27,4834.75,4864.48,4806.98,4851.5
2016-09-28,4851.48,4876.23,4844.73,4873.73
2016-09-29,4873.75,4876.0,4812.48,4829.25
2016-09-30,4829.0,4885.0,4811.75,4863.25
2016-10-02,4869.5,4879.23,4865.75,4876.75
2016-10-03,4877.0,4877.25,4842.73,4868.5
2016-10-04,4868.73,4887.48,4836.23,4858.5
2016-10-05,4858.73,4888.23,4849.0,4871.0
2016-10-06,4871.23,4880.73,4845.48,4864.0
2016-10-07,4863.75,4883.0,4834.73,4859.0
2016-10-09,4873.0,4875.5,4866.75,4867.75
2016-10-10,4868.0,4901.23,4862.48,4887.5
2016-10-11,4887.75,4893.48,4797.98,4836.0
2016-10-12,4835.75,4836.23,4777.48,4780.25
2016-10-13,4780.0,4810.73,4754.48,4796.5
2016-10-14,4796.75,4840.48,4791.23,4802.0
2016-10-16,4804.5,4804.75,4781.0,4790.0
2016-10-17,4790.5,4819.0,4780.98,4816.75
2016-10-18,4816.48,4856.48,4814.25,4830.48
2016-10-19,4830.75,4839.98,4811.0,4836.73
2016-10-20,4836.75,4848.73,4798.73,4841.5
2016-10-21,4841.98,4847.73,4814.48,4845.0
2016-10-23,4846.5,4852.73,4842.5,4848.73
2016-10-24,4848.5,4913.48,4847.48,4912.48
2016-10-25,4912.23,4919.23,4868.75,4874.25
2016-10-26,4874.5,4881.48,4839.48,4847.0
2016-10-27,4846.75,4880.23,4804.25,4816.0
2016-10-28,4816.23,4842.98,4786.73,4805.0
2016-10-30,4789.75,4814.23,4789.75,4814.23
2016-10-31,4814.0,4829.73,4795.23,4814.5
2016-11-01,4814.73,4816.75,4718.73,4739.23
2016-11-02,4739.5,4768.23,4695.98,4697.0
2016-11-03,4696.75,4729.23,4668.0,4675.0
2016-11-04,4675.23,4694.98,4651.0,4660.25
2016-11-06,4723.25,4734.0,4715.23,4725.25
2016-11-07,4725.23,4781.25,4723.0,4768.23
2016-11-08,4768.0,4837.25,4558.0,4558.0
2016-11-09,4558.23,4836.0,4557.5,4833.5
2016-11-10,4833.0,4879.25,4679.48,4708.75
2016-11-11,4709.0,4757.48,4682.0,4742.0
2016-11-13,4754.75,4784.0,4750.5,4774.25
2016-11-14,4774.0,4779.98,4672.73,4699.75
2016-11-15,4700.0,4782.5,4694.98,4780.25
2016-11-16,4780.0,4798.73,4736.23,4796.75
2016-11-17,4796.98,4832.5,4777.98,4826.75
2016-11-18,4826.5,4839.98,4802.73,4809.5
2016-11-20,4812.0,4816.73,4803.48,4816.48
2016-11-21,4816.25,4881.0,4803.48,4877.75
2016-11-22,4877.98,4884.48,4860.23,4877.25
2016-11-23,4877.48,4882.23,4830.25,4847.25
2016-11-24,4847.48,4866.48,4842.75,4856.25
2016-11-25,4856.5,4869.73,4851.98,4869.73
2016-11-27,4861.48,4864.75,4856.25,4864.23
2016-11-28,4864.25,4879.48,4842.5,4859.73
2016-11-29,4859.75,4897.48,4847.5,4873.48
2016-11-30,4873.25,4885.23,4812.73,4823.5
2016-12-01,4823.73,4824.98,4722.73,4724.98
2016-12-02,4725.25,4758.73,4707.23,4734.23
2016-12-04,4709.25,4730.73,4701.48,4726.48
2016-12-05,4726.23,4795.48,4717.0,4778.0
2016-12-06,4778.25,4796.23,4767.73,4786.5
2016-12-07,4786.48,4854.5,4763.48,4849.23
2016-12-08,4849.0,4868.98,4836.25,4863.0
2016-12-09,4862.75,4897.0,4852.5,4894.25
2016-12-11,4894.0,4916.5,4870.0,4879.98
2016-12-12,4879.73,4882.73,4852.25,4869.5
2016-12-13,4869.25,4961.75,4868.5,4943.0
2016-12-14,4942.75,4955.75,4909.98,4936.25
2016-12-15,4936.25,4960.25,4917.5,4937.75
2016-12-16,4937.73,4951.48,4904.25,4914.98
2016-12-18,4916.98,4923.98,4915.48,4920.5
2016-12-19,4920.73,4965.98,4912.25,4943.5
2016-12-20,4943.25,4962.98,4938.48,4955.5
2016-12-21,4955.73,4959.73,4939.0,4940.75
2016-12-22,4940.98,4952.73,4916.98,4934.23
2016-12-23,4934.48,4943.48,4922.73,4940.25
2016-12-26,4940.0,4944.25,4939.25,4942.48
2016-12-27,4942.5,4993.98,4940.23,4967.73
2016-12-28,4967.98,4978.98,4918.23,4925.5
2016-12-29,4925.73,4933.73,4901.23,4932.73
2016-12-30,4932.75,4939.98,4850.0,4863.25
2017-01-02,4878.5,4891.75,4877.98,4890.75
2017-01-03,4890.98,4926.98,4880.73,4916.5
2017-01-04,4916.48,4942.23,4909.48,4929.25
2017-01-05,4929.48,4963.98,4920.25,4961.5
2017-01-06,4961.73,5017.23,4952.48,5004.75
2017-01-08,5003.98,5013.48,5002.5,5012.98
2017-01-09,5013.0,5029.48,5002.98,5010.5
2017-01-10,5010.48,5046.73,5009.0,5027.25
2017-01-11,5027.48,5048.0,5007.73,5034.75
2017-01-12,5034.98,5042.23,4990.48,5040.25
2017-01-13,5040.48,5062.98,5036.0,5060.0
2017-01-15,5054.25,5056.5,5048.98,5051.48
2017-01-16,5051.5,5055.48,5043.98,5052.73
2017-01-17,5052.48,5052.73,5024.98,5048.23
2017-01-18,5048.0,5058.73,5033.98,5051.73
2017-01-19,5051.98,5074.48,5036.23,5062.5
2017-01-20,5062.73,5082.23,5044.73,5060.5
2017-01-22,5058.25,5058.25,5040.23,5045.25
2017-01-23,5045.48,5069.48,5030.23,5062.5
2017-01-24,5062.73,5104.73,5059.98,5103.48
2017-01-25,5103.25,5165.5,5102.73,5162.75
2017-01-26,5162.98,5168.23,5139.23,5148.73
2017-01-27,5148.98,5167.23,5145.48,5165.0
2017-01-29,5149.75,5152.25,5142.73,5147.5
2017-01-30,5147.48,5154.23,5094.73,5111.25
2017-01-31,5111.48,5134.23,5083.23,5129.98
2017-02-01,5129.73,5157.48,5123.73,5127.25
2017-02-02,5127.23,5157.48,5119.73,5124.0
2017-02-03,5123.98,5161.98,5122.73,5157.25
2017-02-05,5157.75,5158.98,5145.73,5152.73
2017-02-06,5152.98,5163.23,5140.23,5158.75
2017-02-07,5159.0,5191.98,5157.23,5177.98
2017-02-08,5177.73,5196.48,5163.48,5190.98
2017-02-09,5191.0,5221.23,5189.0,5220.73
2017-02-10,5220.5,5232.23,5210.23,5227.0
2017-02-12,5229.5,5237.23,5227.23,5234.48
2017-02-13,5234.5,5261.23,5227.73,5255.98
2017-02-14,5256.23,5278.48,5239.73,5276.23
2017-02-15,5276.48,5313.23,5265.23,5312.23
2017-02-16,5311.98,5316.73,5288.48,5297.98
2017-02-17,5298.23,5328.25,5286.98,5328.0
2017-02-26,5342.98,5352.0,5339.23,5349.73
2017-02-27,5349.48,5350.48,5323.48,5347.48
2017-02-28,5347.5,5349.98,5316.98,5339.5
2017-03-01,5339.48,5399.73,5336.23,5380.48
2017-03-02,5380.23,5393.48,5345.23,5347.0
2017-03-03,5347.23,5373.23,5344.0,5372.48
2017-03-05,5365.73,5366.25,5347.23,5357.0
2017-03-06,5357.23,5368.73,5338.98,5362.98
2017-03-07,5363.23,5373.98,5333.73,5342.48
2017-03-08,5342.25,5376.98,5340.25,5360.5
2017-03-09,5360.73,5381.5,5335.23,5381.5
2017-03-10,5381.25,5394.98,5362.98,5381.5
2017-03-12,5381.75,5382.5,5371.48,5379.25
2017-03-13,5379.5,5396.25,5376.5,5394.23
2017-03-14,5394.0,5396.25,5359.73,5385.75
2017-03-15,5385.5,5427.0,5375.75,5424.0
2017-03-16,5424.5,5436.5,5398.98,5416.48
2017-03-17,5416.5,5424.98,5406.48,5408.98
2017-03-19,5404.25,5408.73,5395.75,5399.48
2017-03-20,5399.5,5434.48,5397.98,5430.73
2017-03-21,5430.5,5440.73,5315.48,5317.73
2017-03-22,5317.5,5377.98,5316.25,5374.23
2017-03-23,5373.98,5377.23,5347.23,5369.25
2017-03-24,5369.48,5394.73,5347.23,5372.73
2017-03-26,5358.75,5359.23,5332.25,5335.98
2017-03-27,5335.85,5390.48,5317.48,5389.25
2017-03-28,5389.23,5424.35,5363.48,5409.98
2017-03-29,5410.23,5450.73,5404.73,5439.23
2017-03-30,5438.98,5447.48,5426.48,5432.25
2017-03-31,5432.23,5452.35,5420.98,5435.5
2017-04-02,5437.5,5443.98,5432.73,5441.73
2017-04-03,5441.48,5454.73,5403.25,5428.98
2017-04-04,5428.73,5447.73,5406.73,5442.23
2017-04-05,5440.75,5481.23,5391.48,5397.25
2017-04-06,5397.23,5436.98,5382.5,5402.0
2017-04-07,5401.98,5435.73,5400.23,5420.48
2017-04-09,5419.0,5433.73,5417.0,5426.48
2017-04-10,5426.23,5443.48,5405.73,5413.48
2017-04-11,5413.25,5424.23,5358.23,5389.48
2017-04-12,5389.23,5412.73,5360.48,5369.5
2017-04-13,5369.48,5399.23,5348.73,5356.5
2017-04-16,5353.98,5358.0,5347.75,5351.98
2017-04-17,5352.23,5403.25,5351.23,5397.73
2017-04-18,5397.98,5404.98,5375.73,5394.23
2017-04-19,5394.0,5430.48,5389.98,5400.75
2017-04-20,5400.73,5454.48,5398.98,5447.73
2017-04-21,5447.48,5454.48,5427.48,5436.23
2017-04-23,5492.23,5498.0,5480.23,5486.0
2017-04-24,5486.23,5512.98,5485.0,5509.98
2017-04-25,5509.73,5556.98,5509.25,5551.48
2017-04-26,5551.73,5561.98,5534.25,5541.23
2017-04-27,5541.48,5598.5,5535.48,5591.48
2017-04-28,5591.25,5597.48,5571.73,5581.0
2017-04-30,5580.48,5589.0,5573.75,5586.5
2017-05-01,5586.73,5637.23,5586.23,5632.75
2017-05-02,5632.73,5641.48,5616.23,5623.23
2017-05-03,5623.25,5630.73,5606.48,5619.98
2017-05-04,5619.73,5633.98,5603.73,5622.48
2017-05-05,5622.25,5649.23,5612.23,5648.75
2017-05-07,5657.0,5657.73,5637.98,5643.48
2017-05-08,5643.5,5655.98,5634.48,5653.48
2017-05-09,5653.25,5687.48,5651.98,5672.98
2017-05-10,5672.75,5679.48,5658.23,5673.23
2017-05-11,5673.25,5674.25,5636.48,5658.48
2017-05-12,5658.73,5689.23,5656.48,5688.75
2017-05-14,5687.75,5696.25,5686.98,5695.73
2017-05-15,5695.5,5706.48,5682.48,5696.98
2017-05-16,5697.23,5727.23,5683.73,5693.5
2017-05-17,5693.73,5708.48,5573.75,5598.75
2017-05-18,5598.98,5648.23,5550.48,5625.98
2017-05-19,5626.0,5676.48,5623.48,5654.5
2017-05-21,5653.98,5661.48,5653.73,5658.75
2017-05-22,5658.73,5705.48,5648.5,5699.98
2017-05-23,5700.23,5718.0,5691.5,5707.98
2017-05-24,5708.23,5753.48,5706.48,5750.5
2017-05-25,5750.48,5795.23,5740.73,5781.48
2017-05-26,5781.25,5795.98,5772.73,5795.23
2017-05-28,5793.23,5802.75,5792.73,5799.0
2017-05-29,5799.23,5801.73,5783.25,5787.25
2017-05-30,5787.23,5802.48,5778.48,5798.23
2017-05-31,5797.98,5818.98,5763.73,5803.98
2017-06-01,5804.23,5841.0,5780.48,5839.23
2017-06-02,5839.0,5886.48,5826.23,5884.98
2017-06-04,5882.23,5883.0,5875.25,5879.73
2017-06-05,5879.98,5890.98,5872.73,5877.23
2017-06-06,5877.25,5892.73,5848.98,5868.0
2017-06-07,5867.98,5884.48,5846.23,5881.23
2017-06-08,5881.25,5897.48,5853.48,5886.48
2017-06-09,5886.23,5898.23,5671.25,5736.5
2017-06-11,5732.0,5741.5,5727.98,5730.0
2017-06-12,5729.98,5730.48,5634.73,5718.23
2017-06-13,5718.25,5760.25,5707.98,5742.0
2017-06-14,5742.25,5779.25,5679.5,5692.75
2017-06-15,5692.73,5718.5,5634.0,5716.98
2017-06-16,5717.0,5727.0,5660.98,5691.25
2017-06-18,5692.48,5711.75,5683.23,5710.48
2017-06-19,5710.5,5782.73,5705.23,5778.48
2017-06-20,5778.5,5783.73,5714.25,5716.75
2017-06-21,5716.25,5796.25,5698.73,5790.5
2017-06-22,5790.73,5812.5,5770.73,5793.75
2017-06-23,5793.5,5814.98,5762.98,5805.5
2017-06-25,5802.25,5817.5,5795.5,5816.23
2017-06-26,5816.48,5851.48,5767.98,5782.23
2017-06-27,5782.0,5783.48,5651.5,5651.98
2017-06-28,5652.0,5774.75,5632.0,5771.5
2017-06-29,5771.75,5772.98,5601.0,5636.75
2017-06-30,5637.0,5686.0,5627.5,5655.25
2017-07-02,5662.25,5672.75,5656.25,5666.25
2017-07-03,5666.0,5690.48,5568.5,5576.0
2017-07-04,5576.23,5618.0,5560.5,5577.5
2017-07-05,5577.5,5666.98,5568.98,5640.0
2017-07-06,5640.25,5649.73,5580.25,5609.0
2017-07-07,5608.25,5676.48,5591.48,5655.75
2017-07-09,5661.0,5685.0,5655.98,5679.75
2017-07-10,5679.98,5711.23,5649.98,5700.48
2017-07-11,5700.5,5723.0,5667.48,5715.98
2017-07-12,5715.75,5802.0,5714.23,5797.98
2017-07-13,5798.0,5811.25,5777.85,5795.75
2017-07-14,5796.0,5847.48,5787.75,5846.73
2017-07-16,5846.73,5855.25,5845.73,5848.48
2017-07-17,5848.5,5863.23,5831.48,5848.73
2017-07-18,5848.5,5904.73,5820.23,5902.0
2017-07-19,5902.23,5924.48,5892.25,5918.0
2017-07-20,5917.73,5938.23,5896.98,5915.0
2017-07-21,5914.98,5928.0,5890.73,5922.0
2017-07-23,5919.73,5921.73,5905.23,5908.48
2017-07-24,5908.73,5954.23,5904.73,5928.23
2017-07-25,5928.25,5945.98,5915.73,5928.98
2017-07-26,5929.1,5985.75,5927.0,5977.73
2017-07-27,5977.5,5995.48,5844.75,5875.73
2017-07-28,5875.75,5917.73,5849.98,5913.0
2017-07-30,5905.73,5911.48,5897.98,5902.73
2017-07-31,5902.98,5933.0,5870.25,5907.23
2017-08-01,5907.0,5936.48,5878.23,5931.98
2017-08-02,5932.0,5947.23,5856.48,5906.73
2017-08-03,5906.75,5923.73,5877.23,5890.25
2017-08-04,5890.48,5911.73,5873.98,5896.75
2017-08-06,5898.0,5918.75,5897.5,5918.23
2017-08-07,5917.98,5937.48,5899.48,5928.48
2017-08-08,5928.25,5972.23,5884.23,5891.25
2017-08-09,5891.73,5924.23,5861.73,5905.23
2017-08-10,5904.75,5910.98,5762.48,5768.48
2017-08-11,5767.5,5845.48,5760.85,5837.5
2017-08-13,5849.75,5873.98,5846.5,5866.25
2017-08-14,5866.48,5944.23,5864.25,5938.25
2017-08-15,5938.23,5939.5,5895.48,5905.5
2017-08-16,5905.73,5949.23,5901.85,5909.5
2017-08-17,5909.25,5923.5,5786.48,5817.5
2017-08-18,5817.73,5834.98,5772.5,5797.0
2017-08-20,5806.5,5816.0,5783.98,5788.0
2017-08-21,5787.98,5819.73,5751.98,5818.75
2017-08-22,5818.98,5883.75,5804.98,5871.48
2017-08-23,5871.5,5876.73,5829.0,5843.5
2017-08-24,5843.98,5873.98,5806.98,5845.75
2017-08-25,5845.85,5873.6,5816.48,5824.75
2017-08-27,5810.25,5829.0,5807.48,5815.25
2017-08-28,5815.0,5855.73,5789.48,5804.5
2017-08-29,5804.25,5879.23,5777.25,5877.23
2017-08-30,5877.0,5949.5,5863.23,5943.23
2017-08-31,5943.48,6000.5,5938.0,5998.48
2017-09-01,5998.5,6019.5,5973.25,5986.48
2017-09-03,5961.85,5967.23,5946.73,5961.0
2017-09-04,5961.25,5981.75,5952.25,5971.23
2017-09-05,5970.98,5984.48,5889.73,5937.98
2017-09-06,5938.0,5965.48,5909.23,5947.73
2017-09-07,5947.5,5981.23,5942.0,5958.73
2017-09-08,5958.0,5966.25,5907.5,5917.75
2017-09-10,5945.5,5952.73,5938.98,5951.98
2017-09-11,5952.0,5991.75,5947.98,5984.73
2017-09-12,5984.5,6003.75,5967.5,5991.0
2017-09-13,5990.98,6004.98,5975.5,5996.23
2017-09-14,5996.48,5999.73,5951.25,5962.98
2017-09-15,5963.23,6015.48,5960.23,5997.75
2017-09-17,5998.0,6009.73,5996.48,6007.98
2017-09-18,6008.0,6017.48,5967.23,5985.23
2017-09-19,5985.48,6004.48,5974.98,5992.48
2017-09-20,5992.73,6000.23,5930.5,5970.73
2017-09-21,5970.98,5978.98,5911.23,5913.98
2017-09-22,5914.48,5942.98,5912.98,5935.98
2017-09-24,5932.25,5953.98,5930.73,5937.73
2017-09-25,5937.5,5937.5,5841.98,5877.73
2017-09-26,5877.6,5912.23,5866.1,5897.73
2017-09-27,5897.98,5962.48,5894.98,5940.25
2017-09-28,5940.48,5948.23,5911.48,5939.5
2017-09-29,5939.48,5985.23,5933.23,5979.98
2017-10-01,5984.48,5999.48,5982.98,5990.6
2017-10-02,5990.73,6009.48,5958.23,5991.23
2017-10-03,5991.48,6004.48,5979.48,5995.98
2017-10-04,5995.73,6015.23,5979.48,6006.73
2017-10-05,6006.48,6068.73,6002.23,6067.23
2017-10-06,6067.0,6071.23,6037.5,6065.5
2017-10-08,6066.0,6078.23,6064.25,6075.23
2017-10-09,6074.75,6083.48,6054.73,6067.25
2017-10-10,6067.0,6088.23,6039.25,6069.48
2017-10-11,6069.23,6085.98,6053.23,6081.73
2017-10-12,6081.98,6096.73,6066.23,6076.25
2017-10-13,6076.48,6103.73,6072.23,6099.48
2017-10-15,6101.48,6114.73,6100.98,6113.25
2017-10-16,6113.23,6124.73,6097.85,6120.23
2017-10-17,6119.98,6128.73,6104.98,6126.23
2017-10-18,6126.48,6132.48,6107.98,6116.98
2017-10-19,6117.0,6129.48,6051.23,6121.73
2017-10-20,6121.23,6123.73,6102.48,6108.75
2017-10-22,6114.25,6123.98,6106.98,6110.73
2017-10-23,6110.75,6124.23,6060.73,6075.25
2017-10-24,6075.48,6092.23,6056.98,6074.75
2017-10-25,6074.98,6087.23,6011.23,6067.23
2017-10-26,6067.6,6100.73,6035.0,6099.48
2017-10-27,6099.35,6224.48,6093.75,6214.25
2017-10-29,6210.25,6222.5,6204.0,6210.5
2017-10-30,6210.48,6251.23,6202.23,6231.48
2017-10-31,6231.73,6269.0,6228.48,6265.23
2017-11-01,6265.0,6284.23,6200.73,6221.73
2017-11-02,6221.5,6262.25,6192.73,6253.48
2017-11-03,6253.23,6296.25,6235.98,6288.23
2017-11-05,6287.75,6298.73,6267.98,6279.23
2017-11-06,6279.25,6326.98,6278.75,6325.5
2017-11-07,6325.25,6331.23,6296.6,6314.75
2017-11-08,6314.73,6350.98,6307.73,6339.5
2017-11-09,6339.48,6340.23,6245.0,6318.23
2017-11-10,6318.48,6320.73,6281.35,6307.0
2017-11-12,6311.73,6322.48,6310.48,6321.73
2017-11-13,6321.75,6324.73,6280.98,6309.25
2017-11-14,6309.48,6317.98,6262.73,6274.23
2017-11-15,6274.48,6285.23,6230.73,6283.75
2017-11-16,6283.98,6358.23,6281.23,6345.0
2017-11-17,6344.98,6351.25,6308.5,6309.73
2017-11-19,6315.98,6319.23,6291.75,6298.98
2017-11-20,6299.23,6328.98,6294.25,6321.23
2017-11-21,6321.25,6387.48,6311.98,6382.75
2017-11-22,6382.73,6394.98,6375.23,6391.75
2017-11-23,6391.98,6397.73,6375.73,6392.73
2017-11-24,6392.75,6415.48,6388.25,6411.25
2017-11-26,6414.73,6419.23,6400.5,6404.23
2017-11-27,6404.0,6423.98,6394.75,6402.48
2017-11-28,6402.25,6429.23,6388.73,6417.75
2017-11-29,6417.98,6428.0,6282.98,6299.23
2017-11-30,6298.73,6376.98,6295.48,6357.0
2017-12-01,6356.5,6368.73,6246.23,6344.0
2017-12-03,6387.5,6390.5,6369.75,6379.98
2017-12-04,6380.23,6384.25,6250.48,6277.25
2017-12-05,6277.0,6339.48,6231.75,6245.5
2017-12-06,6245.6,6324.23,6232.48,6317.75
2017-12-07,6317.73,6335.23,6288.73,6333.98
2017-12-08,6333.75,6378.73,6333.23,6343.0
2017-12-10,6348.75,6357.98,6343.5,6356.25
2017-12-11,6356.5,6409.25,6339.73,6402.48
2017-12-12,6402.23,6405.73,6365.48,6376.5
2017-12-13,6376.23,6418.25,6375.23,6402.75
2017-12-14,6402.5,6424.73,6385.48,6417.0
2017-12-15,6417.23,6502.48,6413.23,6500.0
2017-12-17,6498.98,6521.98,6498.98,6520.75
2017-12-18,6520.98,6541.73,6513.23,6538.98
2017-12-19,6539.0,6545.48,6479.73,6515.98
2017-12-20,6516.0,6528.73,6463.48,6486.5
2017-12-21,6486.48,6520.48,6478.0,6498.48
2017-12-22,6498.25,6501.25,6467.48,6483.25
2017-12-25,6482.0,6491.5,6475.73,6476.73
2017-12-26,6476.98,6480.23,6432.35,6467.48
2017-12-27,6467.25,6475.23,6442.23,6459.48
2017-12-28,6459.6,6477.23,6442.25,6447.23
2017-12-29,6446.98,6467.48,6383.5,6387.0
2018-01-01,6383.25,6423.48,6383.25,6417.23
2018-01-02,6417.25,6524.48,6397.48,6520.98
2018-01-03,6520.73,6594.48,6518.98,6592.23
2018-01-04,6592.48,6616.98,6586.23,6610.5
2018-01-05,6610.48,6669.48,6608.48,6666.0
2018-01-07,6672.48,6680.75,6666.5,6669.73
2018-01-08,6669.98,6692.98,6653.23,6684.48
2018-01-09,6684.73,6706.85,6667.25,6683.23
2018-01-10,6682.25,6684.23,6628.25,6678.23
2018-01-11,6678.25,6728.48,6672.23,6722.73
2018-01-12,6722.85,6777.23,6703.48,6772.0
2018-01-14,6785.25,6795.23,6781.48,6794.75
2018-01-15,6794.73,6798.23,6772.98,6791.75
2018-01-16,6791.73,6845.48,6729.23,6760.5
2018-01-17,6760.75,6835.98,6751.73,6822.75
2018-01-18,6822.73,6837.85,6795.98,6811.0
2018-01-19,6810.73,6856.1,6809.23,6849.5
2018-01-21,6824.25,6843.0,6824.0,6837.5
2018-01-22,6837.73,6946.98,6834.23,6944.98
2018-01-23,6944.85,6980.48,6919.75,6965.0
2018-01-24,6965.23,7003.73,6888.48,6929.73
2018-01-25,6929.5,6986.98,6901.98,6955.48
2018-01-26,6955.25,7034.23,6948.48,7030.5
2018-01-28,7031.73,7046.85,7025.23,7030.25
2018-01-29,7030.23,7031.98,6925.75,6949.75
2018-01-30,6950.0,6975.25,6902.73,6966.5
2018-01-31,6966.73,6990.73,6921.5,6985.73
2018-02-01,6985.5,6986.75,6884.73,6931.25
2018-02-02,6931.75,6939.5,6752.23,6752.75
2018-02-04,6729.25,6748.25,6709.98,6743.5
2018-02-05,6743.75,6813.25,6260.0,6311.25
2018-02-06,6311.75,6676.75,6299.5,6614.25
2018-02-07,6614.1,6717.35,6490.25,6555.75
2018-02-08,6555.75,6618.0,6288.5,6328.75
2018-02-09,6328.25,6455.0,6164.25,6425.75
2018-02-11,6437.25,6454.0,6414.0,6443.98
2018-02-12,6443.75,6566.98,6425.23,6525.75
2018-02-13,6526.23,6570.25,6470.73,6559.48
2018-02-14,6559.6,6732.0,6454.85,6727.75
2018-02-15,6727.5,6833.5,6669.73,6826.0
2018-02-16,6825.98,6859.25,6762.0,6781.5
2018-02-18,6792.0,6817.48,6789.0,6815.73
2018-02-19,6815.98,6819.0,6758.23,6785.25
2018-02-20,6785.48,6843.48,6723.23,6783.0
2018-02-21,6783.25,6884.98,6699.75,6723.48
2018-02-22,6723.5,6830.75,6712.75,6798.75
2018-02-23,6798.5,6913.23,6791.23,6902.25
2018-02-25,6920.5,6925.75,6889.98,6902.98
2018-02-26,6902.75,7008.25,6901.25,6994.98
2018-02-27,6995.0,7007.98,6893.48,6906.73
2018-02-28,6906.5,6970.0,6841.25,6867.0
2018-03-01,6868.0,6898.23,6689.0,6764.5
2018-03-02,6765.23,6822.98,6645.75,6808.25
2018-03-04,6789.25,6811.48,6763.75,6764.25
2018-03-05,6764.75,6904.23,6742.5,6885.23
2018-03-06,6884.98,6938.98,6798.23,6840.25
2018-03-07,6840.48,6936.48,6814.5,6928.73
2018-03-08,6928.98,6992.5,6924.48,6974.25
2018-03-09,6973.75,7103.48,6962.98,7096.75
2018-03-11,7101.25,7136.73,7100.25,7135.98
2018-03-12,7136.23,7158.48,7109.23,7127.5
2018-03-13,7127.48,7187.98,7018.25,7020.25
2018-03-14,7020.5,7097.5,7003.0,7045.0
2018-03-15,7045.0,7082.5,7009.0,7058.0
2018-03-16,7057.75,7084.1,7032.98,7044.25
2018-03-18,7040.5,7041.48,7001.5,7007.0
2018-03-19,7007.23,7009.98,6821.0,6884.0
2018-03-20,6884.23,6927.5,6862.98,6918.48
2018-03-21,6918.5,6950.23,6843.48,6891.0
2018-03-22,6891.23,6899.25,6594.0,6629.23
2018-03-23,6629.25,6720.98,6519.0,6548.0
2018-03-25,6535.0,6610.5,6525.0,6593.73
2018-03-26,6593.25,6820.73,6552.23,6801.5
2018-03-27,6801.48,6848.75,6489.75,6564.5
2018-03-28,6564.25,6579.73,6421.0,6485.48
2018-03-29,6485.35,6652.73,6443.98,6570.98
2018-04-01,6572.5,6587.25,6548.5,6560.5
2018-04-02,6560.5,6570.23,6326.75,6410.23
2018-04-03,6409.98,6496.0,6351.48,6444.5
2018-04-04,6445.0,6622.98,6306.48,6619.75
2018-04-05,6619.5,6654.0,6485.25,6525.25
2018-04-06,6526.0,6599.0,6408.5,6456.0
2018-04-08,6471.75,6505.75,6461.0,6501.5
2018-04-09,6501.75,6622.0,6469.0,6596.25
2018-04-10,6597.0,6651.25,6542.75,6596.25
2018-04-11,6596.5,6662.98,6550.75,6613.5
2018-04-12,6613.75,6693.5,6589.73,6649.75
2018-04-13,6650.0,6712.73,6606.48,6642.0
2018-04-15,6676.98,6697.75,6657.98,6658.5
2018-04-16,6658.75,6728.75,6639.23,6722.0
2018-04-17,6722.23,6847.25,6719.23,6839.25
2018-04-18,6839.48,6866.35,6796.85,6862.5
2018-04-19,6862.73,6866.0,6755.23,6779.75
2018-04-20,6780.25,6788.25,6646.48,6675.48
2018-04-22,6709.75,6710.0,6680.0,6693.5
2018-04-23,6693.25,6727.73,6616.73,6672.0
2018-04-24,6672.23,6717.48,6467.5,6512.75
2018-04-25,6512.5,6612.25,6429.25,6597.23
2018-04-26,6597.25,6754.23,6559.25,6741.25
2018-04-27,6741.23,6771.73,6622.98,6670.5
2018-04-29,6668.1,6702.23,6668.1,6696.5
2018-04-30,6696.73,6717.73,6595.73,6618.48
2018-05-01,6618.5,6737.5,6578.85,6697.5
2018-05-02,6697.75,6729.0,6622.48,6629.73
2018-05-03,6629.48,6672.75,6537.98,6643.0
2018-05-04,6643.23,6787.73,6610.75,6778.0
2018-05-06,6773.73,6819.73,6773.73,6815.48
2018-05-07,6815.0,6850.73,6797.73,6830.75
2018-05-08,6830.98,6837.23,6770.98,6817.98
2018-05-09,6818.0,6919.0,6808.48,6913.5
2018-05-10,6914.0,6970.5,6897.75,6966.98
2018-05-11,6967.0,6979.23,6928.48,6957.75
2018-05-13,6975.98,6992.48,6972.75,6990.48
2018-05-14,6990.25,7013.48,6956.1,6959.75
2018-05-15,6959.98,6967.48,6854.48,6885.25
2018-05-16,6885.85,6952.85,6882.23,6939.73
2018-05-17,6939.5,6961.5,6875.0,6928.98
2018-05-18,6929.23,6935.5,6862.23,6873.73
2018-05-20,6937.25,6947.0,6920.5,6930.98
2018-05-21,6931.0,6956.48,6881.48,6911.73
2018-05-22,6911.75,6954.48,6872.23,6872.98
2018-05-23,6873.1,6961.35,6829.73,6942.73
2018-05-24,6942.85,7002.5,6885.23,6986.48
2018-05-25,6986.25,6991.73,6942.6,6965.25
2018-05-27,6982.5,6999.48,6979.25,6998.5
2018-05-28,6998.73,7006.73,6970.0,6976.25
2018-05-29,6976.48,6977.23,6890.75,6927.0
2018-05-30,6927.0,6993.23,6923.0,6981.75
2018-05-31,6981.5,7023.25,6958.6,6989.25
2018-06-01,6989.5,7090.23,6979.25,7085.0
2018-06-03,7077.75,7109.5,7073.0,7102.73
2018-06-04,7102.75,7154.5,7098.98,7142.75
2018-06-05,7142.98,7190.75,7138.48,7187.48
2018-06-06,7187.6,7227.98,7142.23,7223.73
2018-06-07,7223.75,7233.98,7116.98,7144.73
2018-06-08,7144.5,7162.73,7077.75,7149.25
2018-06-10,7135.25,7149.25,7127.25,7144.0
2018-06-11,7144.23,7188.73,7134.23,7172.23
2018-06-12,7172.1,7230.5,7157.0,7223.75
2018-06-13,7223.5,7262.25,7192.0,7197.0
2018-06-14,7196.75,7318.0,7178.23,7315.23
2018-06-15,7314.98,7315.98,7244.98,7277.25
2018-06-17,7276.0,7288.98,7225.25,7239.25
2018-06-18,7239.48,7280.35,7188.75,7203.48
2018-06-19,7203.5,7263.73,7158.0,7238.0
2018-06-20,7237.73,7356.98,7237.0,7355.25
2018-06-21,7355.23,7357.25,7222.0,7244.23
2018-06-22,7244.35,7273.73,7198.48,7218.48
2018-06-24,7219.0,7222.48,7178.5,7189.25
2018-06-25,7189.25,7197.73,6995.73,7051.73
2018-06-26,7051.6,7129.73,7051.48,7089.25
2018-06-27,7088.75,7151.23,6988.23,7017.75
2018-06-28,7017.73,7093.5,6956.0,7092.5
2018-06-29,7092.73,7122.73,7061.73,7067.48
2018-07-01,7078.5,7087.25,7046.0,7072.5
2018-07-02,7072.75,7136.0,6987.48,7109.0
2018-07-03,7108.0,7164.73,7015.25,7039.5
2018-07-04,7039.5,7052.6,7017.0,7037.48
2018-07-05,7037.5,7127.0,7018.75,7112.75
2018-07-06,7113.0,7237.25,7104.98,7231.0
2018-07-08,7237.5,7269.48,7233.98,7266.48
2018-07-09,7266.5,7334.0,7240.25,7323.75
2018-07-10,7323.73,7328.0,7204.5,7237.75
2018-07-11,7238.23,7289.48,7213.5,7283.0
2018-07-12,7283.23,7404.25,7265.48,7403.75
2018-07-13,7403.98,7413.73,7367.23,7396.25
2018-07-15,7401.5,7413.23,7393.25,7396.75
2018-07-16,7396.98,7409.48,7311.25,7317.73
2018-07-17,7317.98,7437.48,7292.48,7433.23
2018-07-18,7433.1,7433.1,7381.75,7413.5
2018-07-19,7413.75,7415.48,7351.0,7368.98
2018-07-20,7369.0,7413.23,7352.25,7365.5
2018-07-22,7372.25,7374.0,7327.5,7333.75
2018-07-23,7333.73,7446.5,7311.6,7446.0
2018-07-24,7445.98,7489.48,7386.73,7409.75
2018-07-25,7410.0,7529.0,7388.48,7396.73
2018-07-26,7396.75,7448.25,7362.35,7437.0
2018-07-27,7437.23,7466.48,7263.48,7299.75
2018-07-29,7296.0,7298.5,7260.73,7263.48
2018-07-30,7263.73,7308.73,7166.98,7203.25
2018-07-31,7202.5,7297.73,7189.48,7258.5
2018-08-01,7258.75,7303.5,7240.98,7276.5
2018-08-02,7276.48,7394.0,7214.0,7381.23
2018-08-03,7380.98,7414.5,7362.48,7405.73
2018-08-05,7411.75,7424.23,7403.23,7418.25
2018-08-06,7418.48,7449.73,7387.73,7448.98
2018-08-07,7449.0,7486.35,7449.0,7473.75
2018-08-08,7473.98,7495.48,7442.73,7475.75
2018-08-09,7475.98,7505.23,7454.73,7458.75
2018-08-10,7458.98,7462.73,7390.73,7432.48
2018-08-12,7413.73,7418.5,7389.0,7392.75
2018-08-13,7392.98,7478.73,7379.23,7433.0
2018-08-14,7432.75,7464.48,7396.98,7450.5
2018-08-15,7450.25,7457.23,7317.25,7402.5
2018-08-16,7402.48,7433.98,7368.5,7386.73
2018-08-17,7386.5,7405.73,7321.73,7390.0
2018-08-19,7393.25,7403.0,7386.0,7394.0
2018-08-20,7394.23,7420.5,7351.73,7386.0
2018-08-21,7386.23,7451.98,7351.75,7376.48
2018-08-22,7376.23,7444.48,7370.0,7420.23
2018-08-23,7420.0,7474.73,7411.48,7439.48
2018-08-24,7439.5,7499.23,7434.0,7495.75
2018-08-26,7498.73,7526.5,7498.73,7522.0
2018-08-27,7522.23,7590.85,7518.73,7580.98
2018-08-28,7580.73,7599.73,7564.23,7596.73
2018-08-29,7596.75,7674.23,7581.23,7660.48
2018-08-30,7660.73,7696.98,7626.23,7648.23
2018-08-31,7648.48,7681.98,7633.48,7673.73
2018-09-02,7671.23,7677.0,7664.25,7670.25
2018-09-03,7670.48,7686.23,7657.48,7676.98
2018-09-04,7677.0,7693.23,7586.73,7633.0
2018-09-05,7632.98,7634.98,7503.23,7534.25
2018-09-06,7534.48,7543.98,7408.98,7440.98
2018-09-07,7440.75,7494.0,7393.73,7433.5
2018-09-09,7434.5,7461.73,7431.75,7456.23
2018-09-10,7455.98,7483.48,7413.98,7474.23
2018-09-11,7474.0,7523.98,7404.73,7510.98
2018-09-12,7510.73,7540.73,7424.98,7482.25
2018-09-13,7482.23,7581.85,7469.98,7575.0
2018-09-14,7575.23,7598.48,7515.25,7544.25
2018-09-16,7534.73,7536.73,7523.0,7535.23
2018-09-17,7534.98,7546.73,7394.0,7422.98
2018-09-18,7422.75,7534.75,7419.25,7504.75
2018-09-19,7504.73,7516.98,7442.5,7500.73
2018-09-20,7500.5,7616.48,7485.25,7611.23
2018-09-21,7611.25,7636.5,7547.5,7547.5
2018-09-23,7532.5,7532.75,7507.1,7520.73
2018-09-24,7520.75,7593.23,7473.75,7579.98
2018-09-25,7580.25,7621.73,7551.0,7620.73
2018-09-26,7620.75,7667.48,7577.25,7612.48
2018-09-27,7612.23,7686.0,7586.23,7668.75
2018-09-28,7668.73,7675.98,7616.98,7667.25
2018-09-30,7678.73,7713.25,7675.5,7707.23
2018-10-01,7707.25,7728.25,7651.85,7660.73
2018-10-02,7660.5,7712.48,7630.23,7671.23
2018-10-03,7670.98,7703.25,7620.23,7630.75
2018-10-04,7630.98,7636.73,7456.73,7513.5
2018-10-05,7513.98,7534.25,7346.98,7438.0
2018-10-07,7450.48,7452.23,7412.75,7425.48
2018-10-08,7425.98,7440.75,7286.48,7394.75
2018-10-09,7394.98,7455.23,7336.98,7385.5
2018-10-10,7385.0,7411.75,6925.75,6970.5
2018-10-11,6969.25,7137.25,6907.75,7080.0
2018-10-12,7081.0,7196.98,7035.25,7183.25
2018-10-14,7163.25,7171.25,7129.0,7145.75
2018-10-15,7145.73,7171.0,7061.5,7111.5
2018-10-16,7111.75,7357.25,7092.73,7342.75
2018-10-17,7342.73,7368.25,7221.73,7276.75
2018-10-18,7276.75,7304.73,7094.48,7174.25
2018-10-19,7174.5,7243.75,7093.48,7104.5
2018-10-21,7084.5,7122.48,7056.98,7120.48
2018-10-22,7120.25,7210.0,7096.0,7105.0
2018-10-23,7105.25,7163.25,6944.25,7115.5
2018-10-24,7115.25,7173.5,6786.23,6879.5
2018-10-25,6878.5,7075.23,6834.5,6848.5
2018-10-26,6849.0,6985.98,6735.0,6868.25
2018-10-28,6895.75,6948.5,6893.75,6911.75
2018-10-29,6912.0,6991.25,6580.5,6761.5
2018-10-30,6761.75,6864.0,6661.23,6826.0
2018-10-31,6826.5,7038.75,6823.0,6996.75
2018-11-01,6996.5,7079.48,6936.75,7020.25
2018-11-02,7020.48,7143.0,6912.0,6975.75
2018-11-04,6972.0,6975.48,6944.75,6967.5
2018-11-05,6967.75,6998.25,6864.98,6944.0
2018-11-06,6944.25,7078.0,6906.98,7048.0
2018-11-07,7048.0,7230.6,7021.0,7209.75
2018-11-08,7209.73,7215.75,7132.0,7156.0
2018-11-09,7156.23,7158.25,6988.98,7029.98
2018-11-11,7030.75,7103.25,7012.25,7086.0
2018-11-12,7087.0,7093.48,6801.25,6864.0
2018-11-13,6864.25,6961.23,6818.6,6845.5
2018-11-14,6845.0,6928.73,6746.25,6767.75
2018-11-15,6767.73,6920.23,6711.98,6878.98
2018-11-16,6879.23,6910.35,6806.23,6897.25
2018-11-18,6866.25,6884.5,6853.73,6871.5
2018-11-19,6871.75,6934.0,6632.5,6642.0
2018-11-20,6642.5,6653.5,6449.75,6566.5
2018-11-21,6566.25,6647.48,6559.85,6581.23
2018-11-22,6582.0,6592.0,6506.75,6543.0
2018-11-23,6542.5,6600.75,6495.0,6529.0
2018-11-25,6534.25,6576.23,6530.48,6574.75
2018-11-26,6574.5,6696.23,6570.25,6666.25
2018-11-27,6666.0,6732.48,6613.25,6727.0
2018-11-28,6726.98,6923.0,6711.23,6909.23
2018-11-29,6908.98,6943.48,6843.75,6911.0
2018-11-30,6911.25,6966.98,6871.5,6964.0
2018-12-02,7072.5,7114.73,7070.48,7102.25
2018-12-03,7102.5,7138.48,7004.73,7012.25
2018-12-04,7012.23,7051.23,6783.0,6836.0
2018-12-05,6836.25,6861.48,6643.5,6694.5
2018-12-06,6694.25,6855.25,6630.25,6826.98
2018-12-07,6827.0,6851.98,6594.73,6631.35
2018-12-09,6586.25,6594.25,6554.0,6573.25
2018-12-10,6573.0,6714.1,6535.48,6673.75
2018-12-11,6673.75,6808.6,6651.0,6761.98
2018-12-12,6761.75,6871.48,6733.23,6810.5
2018-12-13,6810.25,6837.75,6680.0,6688.0
2018-12-14,6688.0,6714.0,6583.0,6583.25
2018-12-16,6575.16,6632.27,6574.669,6628.96
2018-12-17,6628.759,6630.059,6398.869,6470.969
2018-12-18,6470.969,6552.369,6433.06,6496.77
2018-12-19,6496.77,6579.169,6266.26,6273.559
2018-12-20,6273.26,6386.069,6161.269,6274.769
2018-12-21,6275.469,6317.46,6011.06,6039.36
2018-12-23,6011.07,6087.359,5995.059,6075.969
2018-12-24,6075.969,6102.769,5869.46,5872.759
2018-12-25,5889.269,5899.269,5801.96,5837.06
2018-12-26,5837.06,6291.07,5817.359,6243.06
2018-12-27,6243.06,6333.27,6041.169,6323.26
2018-12-28,6323.37,6389.459,6230.769,6282.77
2018-12-30,6308.67,6346.67,6308.67,6330.66
2018-12-31,6330.77,6362.869,6269.36,6340.659
2019-01-01,6334.159,6369.77,6244.359,6262.17
2019-01-02,6262.07,6397.56,6139.57,6218.86
2019-01-03,6218.559,6290.57,6124.87,6191.869
2019-01-04,6191.869,6449.07,6185.759,6415.369
2019-01-06,6431.269,6477.269,6421.76,6436.459
2019-01-07,6436.459,6522.47,6385.56,6514.459
2019-01-08,6514.459,6595.569,6454.97,6583.669
2019-01-09,6583.669,6631.77,6539.46,6569.169
2019-01-10,6569.169,6628.87,6514.96,6600.569
2019-01-11,6600.76,6618.759,6559.56,6601.87
2019-01-13,6582.87,6589.56,6529.859,6537.959
2019-01-14,6538.269,6586.659,6510.869,6580.86
2019-01-15,6580.969,6678.059,6549.36,6674.27
2019-01-16,6674.27,6724.069,6627.169,6637.67
2019-01-17,6637.67,6749.06,6598.96,6722.56
2019-01-18,6722.659,6817.37,6716.67,6781.77
2019-01-20,6773.769,6781.76,6744.959,6761.67
2019-01-21,6761.759,6766.059,6716.759,6722.46
2019-01-22,6722.46,6737.569,6600.77,6662.67
2019-01-23,6662.959,6712.57,6582.46,6662.26
2019-01-24,6662.47,6739.76,6650.76,6723.27
2019-01-25,6723.27,6802.469,6707.67,6782.77
2019-01-27,6777.46,6782.47,6754.36,6766.97
2019-01-28,6766.97,6767.069,6642.369,6667.369
2019-01-29,6667.369,6713.169,6609.759,6676.259
2019-01-30,6676.259,6872.57,6657.66,6864.07
2019-01-31,6864.07,6937.26,6830.76,6876.369
2019-02-01,6876.469,6921.77,6855.759,6873.36
2019-02-03,6857.37,6891.46,6852.77,6879.07
2019-02-04,6878.97,6975.16,6860.06,6933.16
2019-02-05,6933.16,7030.26,6925.959,7009.96
2019-02-06,7010.06,7033.56,6967.559,6972.67
2019-02-07,6972.759,6977.37,6853.06,6862.06
2019-02-08,6862.27,6916.969,6835.56,6909.259
2019-02-10,6928.869,6928.869,6889.26,6897.77
2019-02-11,6897.859,6961.159,6888.169,6947.959
2019-02-12,6948.069,7046.559,6943.559,7042.37
2019-02-13,7042.37,7062.87,6994.76,7017.659
2019-02-14,7017.36,7049.269,6964.469,6984.169
2019-02-15,6984.269,7087.969,6969.17,7058.57
2019-02-17,7060.059,7075.659,7049.759,7063.269
2019-02-18,7063.269,7080.07,7049.569,7070.66
2019-02-19,7070.569,7089.07,7029.069,7057.26
2019-02-20,7057.46,7105.069,7025.06,7095.47
2019-02-21,7095.47,7099.47,6998.169,7018.569
2019-02-22,7018.569,7094.16,7016.059,7082.37
2019-02-24,7103.759,7119.37,7094.459,7104.76
2019-02-25,7105.17,7161.769,7066.36,7077.059
2019-02-26,7077.27,7145.36,7074.06,7111.659
2019-02-27,7111.77,7127.07,7043.57,7101.269
2019-02-28,7101.269,7139.77,7064.559,7131.06
2019-03-01,7131.169,7159.869,7098.559,7151.359
2019-03-03,7175.27,7200.259,7169.059,7196.769
2019-03-04,7196.87,7206.67,7070.56,7138.77
2019-03-05,7139.07,7178.07,7120.06,7141.369
2019-03-06,7141.47,7165.67,7088.669,7093.67
2019-03-07,7093.67,7117.369,7000.56,7004.86
2019-03-08,7004.86,7025.669,6934.659,7024.159
2019-03-10,7013.87,7029.06,6994.06,7027.27
2019-03-11,7027.27,7198.27,7024.269,7192.86
2019-03-12,7192.86,7220.27,7157.059,7190.26
2019-03-13,7190.159,7292.87,7188.77,7248.76
2019-03-14,7248.86,7286.059,7236.56,7266.269
2019-03-15,7265.969,7331.27,7254.459,7313.659
2019-03-17,7309.469,7319.27,7297.77,7316.469
2019-03-18,7316.469,7349.759,7292.17,7332.959
2019-03-19,7332.959,7391.17,7320.87,7337.569
2019-03-20,7337.569,7424.57,7317.359,7391.96
2019-03-21,7391.96,7512.069,7334.469,7489.36
2019-03-22,7489.36,7505.86,7322.06,7337.559
2019-03-24,7350.369,7358.369,7263.06,7286.259
2019-03-25,7286.259,7356.859,7258.27,7346.46
2019-03-26,7346.56,7417.36,7313.869,7353.66
2019-03-27,7353.76,7377.37,7249.36,7292.27
2019-03-28,7292.27,7352.27,7272.359,7346.259
2019-03-29,7346.259,7385.07,7330.57,7384.759
2019-03-31,7406.06,7460.869,7406.06,7456.76
2019-04-01,7456.86,7481.87,7419.57,7463.359
2019-04-02,7463.57,7541.57,7457.37,7537.27
2019-04-03,7537.27,7589.87,7519.369,7555.37
2019-04-04,7555.269,7570.07,7495.36,7542.46
2019-04-05,7542.37,7582.56,7540.16,7579.669
2019-04-07,7581.959,7592.76,7568.46,7571.16
2019-04-08,7571.26,7606.86,7535.57,7594.969
2019-04-09,7595.17,7597.07,7551.359,7567.07
2019-04-10,7567.07,7635.37,7564.569,7619.47
2019-04-11,7619.47,7628.87,7579.26,7596.77
2019-04-12,7596.77,7641.27,7592.959,7629.169
2019-04-14,7629.36,7632.37,7618.96,7629.67
2019-04-15,7629.67,7639.76,7576.359,7633.57
2019-04-16,7633.87,7680.369,7630.759,7670.36
2019-04-17,7670.27,7710.97,7650.26,7656.559
2019-04-18,7656.559,7700.659,7638.36,7692.57
2019-04-21,7689.859,7704.86,7666.66,7678.77
2019-04-22,7678.67,7722.86,7648.559,7714.57
2019-04-23,7714.569,7820.37,7704.27,7807.07
2019-04-24,7807.07,7852.27,7783.37,7849.27
2019-04-25,7849.27,7859.37,7760.37,7776.759
2019-04-26,7776.759,7828.36,7738.77,7825.26
2019-04-28,7820.87,7826.26,7817.059,7824.06
2019-04-29,7824.06,7852.069,7762.959,7777.86
2019-04-30,7777.97,7843.16,7724.36,7840.96
2019-05-01,7840.96,7852.56,7716.46,7748.959
2019-05-02,7748.959,7791.87,7669.57,7742.56
2019-05-03,7742.56,7851.769,7742.27,7851.67
2019-05-05,7720.769,7736.66,7651.66,7672.97
2019-05-06,7673.059,7804.469,7657.67,7748.56
2019-05-07,7748.67,7789.96,7570.37,7668.87
2019-05-08,7668.97,7685.47,7574.17,7584.369
2019-05-09,7584.369,7640.97,7471.26,7562.26
2019-05-10,7562.259,7625.069,7423.759,7597.66
2019-05-12,7518.66,7537.87,7493.359,7510.059
2019-05-13,7510.16,7511.97,7280.47,7347.47
2019-05-14,7347.569,7448.96,7335.26,7426.86
2019-05-15,7426.86,7525.659,7339.96,7484.86
2019-05-16,7484.96,7627.27,7464.86,7575.56
2019-05-17,7575.77,7606.86,7493.26,7498.57
2019-05-19,7503.37,7545.37,7503.069,7529.569
2019-05-20,7529.87,7531.97,7348.669,7421.96
2019-05-21,7422.259,7473.159,7387.76,7452.669
2019-05-22,7452.559,7460.159,7365.059,7377.069
2019-05-23,7377.069,7378.66,7257.259,7329.26
2019-05-24,7329.26,7370.57,7292.069,7306.769
2019-05-27,7307.469,7337.459,7297.959,7336.67
2019-05-28,7336.57,7362.57,7233.359,7236.369
2019-05-29,7236.369,7256.969,7175.67,7214.67
2019-05-30,7214.669,7264.06,7171.069,7195.57
2019-05-31,7195.46,7208.57,7123.26,7128.96
2019-06-02,7102.86,7102.96,7069.46,7076.96
2019-06-03,7076.87,7125.77,6936.169,6988.46
2019-06-04,6988.459,7213.97,6978.96,7200.47
2019-06-05,7200.659,7238.47,7144.559,7226.86
2019-06-06,7226.96,7294.059,7198.27,7281.77
2019-06-07,7281.77,7446.57,7275.86,7415.27
2019-06-09,7470.46,7477.27,7424.87,7431.159
2019-06-10,7431.26,7573.76,7427.96,7537.659
2019-06-11,7537.659,7595.66,7488.06,7498.46
2019-06-12,7498.16,7506.87,7416.059,7437.559
2019-06-13,7437.66,7530.37,7434.86,7513.07
2019-06-14,7513.27,7514.36,7446.459,7473.869
2019-06-16,7477.159,7510.169,7476.069,7508.469
2019-06-17,7508.469,7547.37,7478.159,7541.87
2019-06-18,7542.07,7691.56,7510.87,7643.47
2019-06-19,7643.56,7728.57,7601.36,7721.97
2019-06-20,7721.97,7789.77,7677.37,7716.56
2019-06-21,7716.76,7773.059,7695.059,7720.859
2019-06-23,7713.859,7755.259,7710.859,7753.07
2019-06-24,7753.259,7762.96,7702.37,7702.859
2019-06-25,7702.969,7725.56,7580.56,7608.96
2019-06-26,7608.77,7689.57,7591.559,7653.56
2019-06-27,7653.67,7685.66,7620.96,7646.67
2019-06-28,7646.769,7699.059,7637.07,7698.77
2019-06-30,7765.969,7796.56,7744.959,7762.27
2019-07-01,7762.27,7822.759,7732.469,7761.97
2019-07-02,7761.869,7814.859,7734.56,7800.959
2019-07-03,7801.07,7873.36,7797.859,7854.97
2019-07-04,7854.969,7881.96,7853.87,7876.66
2019-07-05,7876.659,7880.969,7771.06,7826.26
2019-07-07,7833.36,7837.36,7800.56,7803.259
2019-07-08,7803.259,7817.86,7752.559,7755.959
2019-07-09,7755.959,7843.859,7718.76,7830.459
2019-07-10,7830.459,7930.57,7786.96,7925.759
2019-07-11,7925.759,7937.37,7871.46,7912.27
2019-07-12,7912.27,7944.86,7898.259,7936.27
2019-07-14,7935.47,7942.96,7917.66,7939.87
2019-07-15,7939.959,7976.16,7934.87,7973.97
2019-07-16,7974.26,7978.17,7901.97,7920.77
2019-07-17,7920.469,7943.66,7821.959,7833.47
2019-07-18,7833.47,7954.769,7811.16,7950.76
2019-07-19,7950.76,7960.37,7824.269,7826.169
2019-07-21,7815.66,7835.97,7808.959,7820.77
2019-07-22,7820.77,7925.47,7818.959,7914.36
2019-07-23,7914.36,7969.359,7892.37,7951.26
2019-07-24,7951.26,8034.97,7908.359,7997.66
2019-07-25,7997.769,8017.059,7903.77,8002.56
2019-07-26,8002.56,8026.67,7976.66,8004.77
2019-07-28,8006.059,8011.66,7987.26,7991.17
2019-07-29,7991.17,8016.57,7938.559,8002.06
2019-07-30,8001.96,8004.17,7913.96,7977.26
2019-07-31,7977.07,7986.559,7768.97,7852.06
2019-08-01,7852.059,8003.57,7748.46,7764.17
2019-08-02,7764.069,7791.76,7641.259,7694.17
2019-08-04,7677.769,7696.759,7580.07,7590.669
2019-08-05,7590.67,7605.57,7216.469,7328.069
2019-08-06,7328.359,7542.169,7321.37,7454.059
2019-08-07,7454.16,7592.27,7380.27,7563.27
2019-08-08,7563.369,7731.27,7551.07,7686.46
2019-08-09,7686.569,7711.06,7588.17,7649.86
2019-08-11,7661.17,7681.66,7629.16,7679.36
2019-08-12,7679.359,7699.87,7527.86,7572.87
2019-08-13,7572.87,7780.97,7504.96,7718.97
2019-08-14,7718.969,7744.17,7454.96,7512.36
2019-08-15,7512.36,7559.86,7377.16,7537.37
2019-08-16,7537.37,7622.87,7527.56,7602.97
2019-08-18,7621.97,7647.66,7615.27,7646.67
2019-08-19,7646.76,7740.86,7644.06,7725.37
2019-08-20,7725.569,7741.07,7642.16,7682.17
2019-08-21,7682.17,7771.259,7679.27,7724.76
2019-08-22,7724.76,7763.77,7646.36,7739.36
2019-08-23,7739.46,7753.27,7442.17,7501.56
2019-08-25,7399.76,7465.16,7349.96,7459.66
2019-08-26,7459.759,7618.07,7421.97,7598.17
2019-08-27,7598.269,7641.26,7530.27,7579.47
2019-08-28,7579.36,7598.37,7497.469,7554.66
2019-08-29,7555.07,7725.77,7549.77,7721.27
2019-08-30,7721.37,7762.67,7640.069,7670.169
2019-09-01,7600.269,7644.87,7587.07,7622.269
2019-09-02,7622.369,7689.059,7576.67,7642.17
2019-09-03,7642.259,7671.069,7583.059,7648.46
2019-09-04,7648.46,7832.47,7641.559,7812.97
2019-09-05,7812.969,7880.67,7762.459,7864.26
2019-09-06,7864.259,7888.769,7834.26,7853.77
2019-09-08,7862.67,7881.76,7855.759,7867.66
2019-09-09,7867.659,7880.759,7794.66,7821.26
2019-09-10,7821.26,7826.17,7740.77,7795.87
2019-09-11,7796.069,7953.869,7789.76,7932.17
2019-09-12,7932.369,7976.059,7900.059,7928.06
2019-09-13,7927.96,7952.77,7877.569,7882.97
2019-09-15,7810.26,7843.57,7771.459,7802.97
2019-09-16,7802.559,7869.859,7802.069,7848.56
2019-09-17,7848.359,7895.37,7824.57,7879.359
2019-09-18,7879.27,7901.07,7788.57,7860.059
2019-09-19,7859.959,7949.87,7826.969,7908.969
2019-09-20,7908.86,7927.559,7790.57,7810.069
2019-09-22,7848.37,7873.469,7835.559,7843.56
2019-09-23,7843.46,7879.769,7786.269,7855.559
2019-09-24,7855.859,7872.069,7680.369,7735.269
2019-09-25,7735.37,7824.87,7645.269,7791.57
2019-09-26,7791.759,7821.069,7716.56,7749.259
2019-09-27,7749.169,7801.97,7623.159,7683.56
2019-09-29,7734.269,7739.969,7688.559,7726.76
2019-09-30,7727.47,7800.57,7690.27,7787.369
2019-10-01,7787.559,7822.26,7672.469,7689.46
2019-10-02,7689.56,7701.069,7509.06,7549.97
2019-10-03,7550.06,7645.86,7460.56,7628.469
2019-10-04,7628.469,7758.86,7609.46,7749.07
2019-10-06,7685.37,7731.47,7684.27,7711.77
2019-10-07,7711.97,7785.659,7706.86,7762.16
2019-10-08,7762.16,7770.57,7593.76,7632.469
2019-10-09,7632.67,7719.27,7570.659,7680.37
2019-10-10,7680.37,7796.96,7651.76,7768.97
2019-10-11,7769.06,7905.06,7769.06,7843.57
2019-10-13,7838.67,7880.16,7837.269,7860.57
2019-10-14,7860.67,7871.47,7793.06,7864.36
2019-10-15,7864.36,7960.86,7855.56,7932.87
2019-10-16,7932.26,7946.169,7896.169,7935.87
2019-10-17,7935.87,7982.46,7912.159,7925.66
2019-10-18,7925.66,7946.67,7826.16,7871.269
2019-10-20,7861.959,7899.669,7857.96,7894.47
2019-10-21,7894.669,7968.67,7876.359,7956.169
2019-10-22,7956.169,7979.26,7799.86,7820.069
2019-10-23,7819.97,7923.36,7816.459,7908.959
2019-10-24,7908.859,7977.77,7903.96,7926.47
2019-10-25,7926.669,8033.47,7913.96,8026.759
2019-10-27,8043.959,8055.47,8041.16,8048.87
2019-10-28,8048.97,8119.76,8040.77,8101.17
2019-10-29,8101.17,8106.76,8036.77,8043.56
2019-10-30,8043.56,8124.07,8012.96,8110.369
2019-10-31,8110.469,8129.87,8038.46,8110.37
2019-11-01,8110.57,8161.76,8087.97,8155.159
2019-11-03,8166.16,8186.87,8160.759,8183.87
2019-11-04,8183.87,8240.169,8177.36,8232.459
2019-11-05,8232.26,8242.27,8189.06,8203.57
2019-11-06,8203.57,8221.67,8155.36,8186.27
2019-11-07,8186.359,8274.46,8183.97,8193.96
2019-11-08,8193.96,8257.07,8183.76,8249.56
2019-11-10,8250.37,8251.36,8222.27,8228.76
2019-11-11,8228.869,8249.159,8199.77,8235.37
2019-11-12,8235.659,8292.87,8234.06,8239.56
2019-11-13,8239.46,8274.559,8212.16,8249.46
2019-11-14,8249.869,8301.17,8210.159,8290.569
2019-11-15,8290.659,8316.159,8278.359,8311.37
2019-11-17,8311.059,8314.069,8299.059,8307.07
2019-11-18,8307.07,8359.07,8272.86,8340.469
2019-11-19,8340.57,8371.76,8289.059,8307.07
2019-11-20,8307.07,8338.67,8221.87,8257.159
2019-11-21,8257.359,8297.169,8239.659,8285.16
2019-11-22,8285.16,8305.07,8226.559,8274.459
2019-11-24,8302.77,8308.87,8289.86,8298.46
2019-11-25,8298.26,8413.859,8294.269,8379.759
2019-11-26,8379.56,8407.369,8360.0,8405.669
2019-11-27,8405.559,8451.969,8397.469,8423.159
2019-11-28,8423.259,8445.069,8414.859,8418.16
2019-11-29,8418.07,8435.66,8402.859,8418.169
2019-12-01,8428.17,8447.67,8418.059,8444.169
2019-12-02,8444.059,8452.069,8273.259,8325.769
2019-12-03,8325.269,8332.669,8165.06,8258.86
2019-12-04,8258.659,8315.87,8216.169,8289.36
2019-12-05,8289.469,8334.37,8268.87,8318.07
2019-12-06,8318.27,8405.87,8314.06,8397.07
2019-12-08,8406.769,8407.26,8376.269,8381.96
2019-12-09,8382.07,8423.77,8345.159,8359.359
2019-12-10,8359.559,8393.66,8291.86,8354.36
2019-12-11,8354.459,8412.97,8349.66,8407.66
2019-12-12,8407.77,8513.77,8376.46,8502.769
2019-12-13,8502.769,8519.06,8431.959,8489.169
2019-12-15,8506.46,8518.27,8499.17,8516.27
2019-12-16,8516.27,8586.87,8510.16,8577.06
2019-12-17,8577.06,8592.36,8561.37,8570.27
2019-12-18,8570.27,8610.86,8562.76,8581.77
2019-12-19,8581.87,8649.77,8575.36,8640.27
2019-12-20,8640.27,8692.769,8634.16,8680.87
2019-12-22,8678.76,8693.069,8677.26,8688.96
2019-12-23,8688.96,8712.57,8682.07,8694.36
2019-12-24,8694.359,8707.37,8679.97,8702.36
2019-12-25,8702.96,8710.959,8700.47,8707.76
2019-12-26,8707.86,8807.37,8707.559,8800.56
2019-12-27,8800.76,8816.59,8745.88,8758.68
2019-12-29,8772.75,8784.6,8768.32,8783.96
2019-12-30,8783.92,8784.46,8668.3,8724.19
2019-12-31,8724.22,8746.57,8670.69,8745.01
2020-01-01,8749.99,8768.4,8746.07,8764.17
2020-01-02,8764.17,8887.99,8759.82,8810.88
2020-01-03,8811.3,8844.68,8716.19,8793.49
2020-01-05,8735.91,8777.31,8730.4,8770.21
2020-01-06,8770.24,8870.71,8705.68,8863.53
2020-01-07,8863.53,8875.64,8660.97,8789.92
2020-01-08,8790.19,8953.99,8781.59,8934.46
2020-01-09,8934.43,9023.39,8931.67,9019.2
2020-01-10,9019.02,9037.2,8950.54,8963.41
2020-01-12,8973.14,8997.6,8966.91,8992.8
2020-01-13,8992.8,9098.3,8987.83,9069.85
2020-01-14,9069.85,9079.8,9008.52,9020.8
2020-01-15,9020.8,9079.72,9007.09,9057.57
2020-01-16,9057.75,9143.59,9056.88,9121.41
2020-01-17,9121.44,9176.5,9117.04,9161.4
2020-01-19,9160.76,9173.4,9155.38,9165.63
2020-01-20,9165.77,9167.4,9107.43,9114.8
2020-01-21,9114.97,9222.09,9101.3,9215.56
2020-01-22,9215.54,9242.2,9164.79,9175.6
2020-01-23,9175.88,9261.39,9139.86,9258.0
2020-01-24,9258.0,9276.69,9099.63,9133.68
2020-01-26,9045.92,9057.45,8983.4,9018.45
2020-01-27,9018.45,9043.19,8916.22,8997.2
2020-01-28,8997.13,9141.7,8963.5,9131.51
2020-01-29,9131.45,9152.0,9040.56,9049.21
2020-01-30,9049.49,9240.17,8994.34,9232.4
2020-01-31,9232.4,9235.01,8960.8,9010.41
2020-02-02,8972.85,9084.41,8972.85,9064.16
2020-02-03,9064.16,9178.52,9018.5,9166.02
2020-02-04,9166.97,9356.2,9162.0,9336.61
2020-02-05,9337.0,9454.24,9311.11,9435.92
2020-02-06,9435.92,9459.29,9354.02,9428.0
2020-02-07,9427.61,9454.09,9375.5,9399.71
2020-02-09,9389.43,9428.99,9320.49,9397.5
2020-02-10,9397.5,9571.9,9368.07,9560.97
2020-02-11,9561.09,9600.29,9493.42,9548.27
2020-02-12,9548.02,9618.87,9544.95,9565.38
2020-02-13,9565.28,9649.78,9500.6,9636.28
2020-02-14,9636.49,9640.54,9580.73,9624.62
2020-02-16,9627.32,9667.03,9627.32,9661.53
2020-02-17,9661.74,9678.0,9555.02,9568.78
2020-02-18,9568.93,9666.4,9524.29,9655.51
2020-02-19,9655.57,9751.57,9641.05,9700.11
2020-02-20,9700.11,9732.28,9507.28,9568.93
2020-02-21,9568.93,9596.1,9405.0,9451.99
2020-02-23,9336.79,9355.98,9245.48,9284.84
2020-02-24,9284.84,9288.83,9036.96,9183.38
2020-02-25,9183.16,9215.88,8803.31,8910.75
2020-02-26,8911.1,9031.5,8693.43,8695.68
2020-02-27,8695.8,8837.22,8247.99,8268.43
2020-02-28,8268.43,8537.49,8121.52,8499.56
2020-03-01,8335.1,8556.0,8221.79,8490.91
2020-03-02,8491.09,8890.02,8357.39,8787.11
2020-03-03,8788.29,9002.02,8507.94,8692.91
2020-03-04,8692.17,8949.42,8665.35,8825.64
2020-03-05,8826.2,8873.89,8535.23,8544.8
2020-03-06,8545.58,8594.79,8312.3,8507.92
2020-03-08,8293.33,8294.63,8092.61,8092.61
2020-03-09,8092.93,8244.02,7819.38,8188.7
2020-03-10,8188.38,8384.8,7937.35,8183.18
2020-03-11,8183.18,8250.59,7603.34,7639.09
2020-03-12,7639.09,7812.7,6943.9,6955.48
2020-03-13,6954.79,7979.49,6949.29,7920.03
2020-03-15,7718.69,7787.54,7557.52,7559.47
2020-03-16,7096.91,7566.4,6930.07,7304.24
2020-03-17,7301.36,7556.9,6954.52,7157.59
2020-03-18,7157.59,7439.9,6829.7,6931.91
2020-03-19,6931.14,7518.11,6893.91,7303.46
2020-03-20,7304.43,7645.22,6967.47,6982.39
2020-03-22,6712.41,6821.2,6635.8,6747.55
2020-03-23,6747.75,7328.26,6680.29,7160.89
2020-03-24,7161.31,7642.59,7139.85,7443.9
2020-03-25,7443.73,7776.22,7370.79,7461.49
2020-03-26,7463.09,7908.39,7325.31,7781.52
2020-03-27,7782.3,7820.48,7573.1,7590.41
2020-03-29,7412.36,7560.75,7411.66,7535.01
2020-03-30,7535.44,7950.79,7508.83,7924.03
2020-03-31,7924.03,8010.3,7704.36,7739.75
2020-04-01,7739.75,7740.91,7423.29,7544.2
2020-04-02,7544.2,7671.71,7392.54,7597.89
2020-04-03,7598.04,7674.66,7440.05,7532.68
2020-04-05,7584.4,7829.38,7584.19,7790.09
2020-04-06,7790.1,8107.1,7764.52,8015.55
2020-04-07,8015.6,8310.32,7955.34,8018.92
2020-04-08,8018.92,8253.09,7991.76,8160.08
2020-04-09,8160.38,8337.4,8113.51,8241.61
2020-04-12,8289.19,8304.31,8088.19,8141.29
2020-04-13,8141.11,8477.11,8103.75,8464.78
2020-04-14,8464.52,8721.39,8427.52,8653.79
2020-04-15,8653.75,8692.2,8498.66,8546.61
2020-04-16,8547.14,8975.54,8525.46,8935.72
2020-04-17,8935.72,8961.43,8702.22,8819.92
2020-04-19,8780.25,8847.7,8742.76,8804.79
2020-04-20,8804.49,8857.02,8613.3,8663.68
2020-04-21,8663.68,8718.8,8354.49,8471.9
2020-04-22,8472.22,8710.34,8433.61,8602.58
2020-04-23,8602.58,8797.19,8508.95,8554.2
2020-04-24,8554.06,8791.73,8515.8,8779.74
2020-04-26,8819.27,8839.49,8740.8,8828.99
2020-04-27,8828.99,8907.49,8787.7,8813.59
2020-04-28,8813.4,8955.9,8666.54,8850.98
2020-04-29,8851.59,9114.43,8784.33,9095.09
2020-04-30,9095.19,9154.61,8811.59,8818.74
2020-05-01,8818.74,8889.7,8683.75,8729.8
2020-05-03,8636.21,8653.49,8569.03,8641.3
2020-05-04,8641.3,8885.29,8628.82,8868.39
2020-05-05,8868.43,9031.6,8833.28,8922.82
2020-05-06,8922.82,9067.4,8921.54,9011.09
2020-05-07,9010.99,9223.19,9009.04,9209.4
2020-05-08,9208.89,9244.9,9124.36,9225.67
2020-05-10,9189.09,9290.79,9183.6,9277.33
2020-05-11,9277.33,9346.9,9124.82,9249.71
2020-05-12,9250.29,9352.75,9006.0,9077.18
2020-05-13,9077.9,9211.11,8886.83,8997.56
2020-05-14,8998.0,9127.1,8854.69,9090.2
2020-05-15,9090.2,9157.19,8933.59,9104.98
2020-05-17,9134.11,9213.09,9118.9,9206.36
2020-05-18,9206.46,9368.92,9182.88,9320.15
2020-05-19,9320.15,9423.31,9276.81,9345.18
2020-05-20,9345.23,9504.25,9325.26,9446.4
2020-05-21,9446.61,9513.3,9310.95,9316.95
2020-05-22,9317.51,9421.99,9245.78,9410.99
2020-05-24,9406.49,9466.62,9400.44,9436.32
2020-05-25,9436.5,9556.8,9435.81,9548.64
2020-05-26,9548.71,9606.82,9377.46,9459.15
2020-05-27,9459.25,9510.9,9178.44,9428.63
2020-05-28,9428.63,9569.45,9322.95,9451.7
2020-05-29,9451.54,9585.79,9376.04,9580.11
2020-05-31,9508.36,9579.91,9453.03,9575.29
2020-06-01,9575.29,9609.27,9483.72,9571.22
2020-06-02,9571.2,9694.16,9509.13,9658.03
2020-06-03,9658.03,9731.97,9644.94,9649.56
2020-06-04,9649.56,9744.79,9574.92,9642.29
2020-06-05,9642.29,9847.25,9603.76,9811.6
2020-06-07,9809.06,9875.74,9808.9,9843.68
2020-06-08,9843.68,9902.95,9748.86,9886.89
2020-06-09,9886.89,10017.4,9813.01,10011.6
2020-06-10,10011.6,10157.4,9959.67,10069.74
2020-06-11,10069.74,10071.5,9584.42,9700.2
2020-06-12,9700.51,9849.51,9495.91,9646.7
2020-06-14,9522.12,9596.66,9504.85,9555.59
2020-06-15,9555.59,9958.29,9382.32,9949.72
2020-06-16,9949.72,10013.59,9797.59,9949.07
2020-06-17,9949.8,10058.99,9877.7,9901.71
2020-06-18,9901.71,10039.12,9898.2,10019.84
2020-06-19,10019.8,10121.6,9927.71,9930.18
2020-06-21,9885.0,9992.59,9853.42,9979.85
2020-06-22,9979.85,10169.39,9954.9,10124.49
2020-06-23,10124.49,10308.37,10100.38,10207.15
2020-06-24,10207.15,10251.99,9939.31,9991.7
2020-06-25,9991.7,10131.2,9897.13,10100.52
2020-06-26,10100.24,10130.4,9837.81,9879.64
2020-06-28,9806.41,9893.1,9791.84,9858.04
2020-06-29,9858.04,10032.3,9741.9,10012.7
2020-06-30,10012.7,10182.97,9950.04,10144.08
2020-07-01,10144.08,10322.44,10087.01,10306.0
2020-07-02,10306.0,10433.92,10291.13,10354.77
2020-07-03,10354.77,10399.0,10319.79,10339.12
2020-07-05,10351.07,10494.67,10351.07,10486.53
2020-07-06,10486.53,10673.3,10473.06,10606.24
2020-07-07,10606.24,10704.79,10516.3,10565.99
2020-07-08,10565.99,10704.53,10515.27,10666.33
2020-07-09,10666.13,10786.19,10572.86,10702.72
2020-07-10,10702.72,10854.97,10638.32,10850.99
2020-07-12,10871.3,10914.239,10870.879,10893.129
2020-07-13,10893.439,11071.39,10574.94,10637.35
2020-07-14,10637.72,10750.06,10371.28,10699.92
2020-07-15,10700.35,10778.23,10563.85,10603.82
2020-07-16,10603.82,10660.15,10489.83,10605.32
2020-07-17,10605.32,10683.27,10553.06,10635.4
2020-07-19,10646.42,10670.6,10566.32,10583.1
2020-07-20,10583.1,11021.4,10560.33,11007.02
2020-07-21,11006.72,11070.07,10796.82,10920.92
2020-07-22,10920.92,10922.92,10773.84,10825.5
2020-07-23,10825.4,10948.72,10527.37,10564.16
2020-07-24,10564.16,10569.5,10314.85,10470.62
2020-07-26,10501.53,10552.32,10413.24,10544.31
2020-07-27,10544.31,10768.1,10507.34,10749.09
2020-07-28,10749.34,10749.71,10524.8,10553.4
2020-07-29,10553.4,10711.56,10522.78,10680.54
2020-07-30,10680.54,10948.9,10512.89,10913.1
2020-07-31,10913.7,10943.4,10703.52,10915.39
2020-08-02,10944.76,10965.59,10887.48,10947.61
2020-08-03,10948.04,11084.8,10910.48,11062.68
2020-08-04,11062.79,11107.61,10993.87,11099.83
2020-08-05,11099.83,11156.0,11078.38,11092.5
2020-08-06,11092.5,11290.5,11062.3,11241.14
2020-08-07,11241.22,11276.01,11043.86,11132.85
2020-08-09,11138.0,11145.82,11080.31,11117.48
2020-08-10,11118.12,11154.33,10939.69,11122.92
2020-08-11,11123.71,11164.43,10855.17,10914.58
2020-08-12,10914.65,11190.92,10896.3,11130.99
2020-08-13,11130.99,11272.5,11100.12,11207.4
2020-08-14,11207.4,11242.46,11102.4,11143.67
2020-08-16,11160.67,11193.93,11154.22,11188.86
2020-08-17,11189.7,11316.3,11180.01,11290.79
2020-08-18,11290.75,11426.77,11274.49,11418.28
2020-08-19,11418.35,11440.2,11223.17,11244.12
2020-08-20,11244.22,11525.4,11240.19,11504.1
2020-08-21,11504.05,11576.78,11408.37,11565.5
2020-08-23,11584.59,11611.5,11570.38,11603.72
2020-08-24,11604.0,11726.41,11532.68,11684.87
2020-08-25,11684.89,11760.6,11578.42,11743.72
2020-08-26,11743.67,11996.8,11729.27,11946.11
2020-08-27,11946.64,12049.11,11837.86,12003.67
2020-08-28,12003.71,12020.1,11921.65,11990.74
2020-08-30,12004.68,12093.0,11999.38,12087.9
2020-08-31,12087.88,12176.1,11989.85,12165.69
2020-09-01,12165.89,12415.3,12127.92,12377.5
2020-09-02,12377.55,12465.0,12172.46,12397.29
2020-09-03,12397.28,12409.31,11583.8,11624.86
2020-09-04,11624.92,11844.9,11144.62,11550.82
2020-09-06,11530.39,11546.8,11307.65,11461.6
2020-09-07,11462.32,11583.86,11371.55,11508.32
2020-09-08,11507.76,11573.0,10937.77,11132.23
2020-09-09,11132.3,11482.09,11060.09,11389.97
2020-09-10,11390.08,11569.8,11091.05,11240.37
2020-09-11,11241.4,11357.09,10939.85,11065.59
2020-09-13,11121.19,11227.17,11103.86,11223.61
2020-09-14,11223.25,11364.61,11185.21,11295.76
2020-09-15,11295.81,11494.8,11294.7,11472.57
2020-09-16,11472.78,11547.35,11114.33,11129.82
2020-09-17,11129.82,11186.8,10916.75,11095.92
2020-09-18,11096.4,11174.32,10763.77,10950.25
2020-09-20,10939.58,11010.08,10872.76,10958.55
2020-09-21,10958.16,11064.4,10678.92,10974.72
2020-09-22,10974.75,11207.0,10914.96,11113.27
2020-09-23,11112.86,11237.3,10743.31,10829.38
2020-09-24,10829.39,11030.5,10679.52,10956.81
2020-09-25,10956.99,11181.0,10829.71,11150.72
2020-09-27,11177.1,11205.39,11155.07,11187.81
2020-09-28,11187.83,11452.9,11180.24,11423.4
2020-09-29,11423.13,11459.09,11300.41,11341.63
2020-09-30,11341.61,11536.44,11177.65,11479.51
2020-10-01,11479.6,11612.39,11451.61,11539.55
2020-10-02,11539.52,11576.1,11218.38,11248.62
2020-10-04,11323.04,11377.39,11294.71,11364.39
2020-10-05,11364.4,11510.38,11281.91,11459.54
2020-10-06,11459.64,11536.96,11222.12,11283.77
2020-10-07,11283.73,11534.99,11277.55,11525.98
2020-10-08,11525.97,11607.21,11502.84,11605.59
2020-10-09,11605.37,11738.9,11565.48,11738.34
2020-10-11,11715.2,11780.28,11704.68,11777.86
2020-10-12,11777.87,12205.79,11771.27,12064.39
2020-10-13,12064.33,12255.32,12026.61,12153.03
2020-10-14,12153.06,12183.19,11880.92,11884.05
2020-10-15,11884.23,11948.03,11745.72,11920.19
2020-10-16,11920.08,12032.3,11804.29,11809.4
2020-10-18,11843.87,11931.29,11831.86,11911.37
2020-10-19,11911.37,11961.62,11605.47,11698.61
2020-10-20,11698.56,11803.58,11610.89,11732.13
2020-10-21,11732.12,11789.58,11595.22,11631.25
2020-10-22,11631.259,11734.7,11522.329,11679.009
2020-10-23,11679.009,11702.099,11564.079,11673.859
2020-10-25,11647.219,11650.499,11584.399,11631.219
2020-10-26,11631.219,11707.719,11357.069,11506.609
2020-10-27,11507.159,11634.888,11501.409,11547.899
2020-10-28,11547.618,11577.989,11136.348,11255.179
2020-10-29,11255.398,11468.769,11155.749,11214.319
2020-10-30,11214.299,11292.099,10959.209,11085.379
2020-11-01,11040.529,11089.048,10995.879,11066.389
2020-11-02,11066.569,11225.519,10956.019,11081.809
2020-11-03,11082.078,11777.359,11082.069,11553.799
2020-11-04,11552.889,11992.399,11314.749,11942.719
2020-11-05,11942.098,12124.288,11910.358,11930.369
2020-11-06,11930.408,12112.539,11873.429,12091.449
2020-11-08,12162.659,12411.299,12125.599,12397.349
2020-11-09,12397.598,12407.289,11691.369,11736.399
2020-11-10,11736.598,11878.188,11511.299,11671.979
2020-11-11,11671.769,11919.617,11583.289,11813.499
2020-11-12,11813.529,11982.659,11782.109,11866.889
2020-11-13,11866.977,11956.989,11806.459,11950.319
2020-11-15,11966.307,12067.377,11964.499,12049.009
2020-11-16,12048.997,12095.609,11856.779,12012.299
2020-11-17,12012.587,12062.279,11934.689,11974.529
2020-11-18,11974.567,12029.619,11833.039,11858.309
2020-11-19,11858.267,12013.409,11806.129,12004.517
2020-11-20,12004.479,12018.897,11874.849,11886.899
2020-11-22,11910.819,11956.089,11901.299,11948.319
2020-11-23,11948.347,12002.739,11811.519,11972.059
2020-11-24,11972.457,12171.989,11874.589,12130.659
2020-11-25,12130.789,12212.109,12078.719,12192.899
2020-11-26,12192.817,12221.187,12127.309,12169.859
2020-11-27,12169.857,12307.789,12165.639,12272.029
2020-11-29,12295.899,12335.329,12239.529,12247.799
2020-11-30,12345.079,12396.299,12340.029,12369.339
2020-12-01,12369.349,12512.109,12330.769,12437.579
2020-12-02,12437.669,12496.089,12314.369,12465.829
2020-12-03,12466.339,12539.489,12442.519,12490.149
2020-12-04,12490.219,12533.899,12446.859,12506.069
2020-12-06,12505.759,12566.199,12505.759,12515.739
2020-12-07,12515.727,12611.039,12472.719,12565.499
2020-12-08,12565.789,12672.589,12501.769,12647.789
2020-12-09,12647.797,12651.359,12307.139,12341.909
2020-12-10,12342.007,12449.489,12218.907,12374.719
2020-12-11,12374.809,12386.487,12235.249,12367.339
2020-12-13,12409.039,12439.389,12401.749,12418.249
2020-12-14,12418.609,12545.107,12386.019,12436.399
2020-12-15,12436.337,12622.259,12430.379,12607.319
2020-12-16,12607.357,12707.179,12569.559,12702.119
2020-12-17,12702.099,12763.879,12681.099,12721.299
2020-12-18,12721.739,12784.899,12609.549,12738.049
2020-12-20,12759.257,12780.179,12723.059,12747.789
2020-12-21,12747.879,12773.799,12462.129,12689.909
2020-12-22,12689.609,12761.499,12600.069,12696.999
2020-12-23,12696.747,12743.089,12629.439,12674.389
2020-12-24,12674.239,12729.679,12660.679,12706.769
2020-12-27,12670.419,12789.769,12662.829,12775.749
2020-12-28,12775.879,12872.989,12745.909,12871.109
2020-12-29,12871.087,12924.299,12813.479,12886.379
2020-12-30,12886.459,12913.789,12825.119,12845.239
2020-12-31,12845.247,12899.659,12801.129,12883.209
2021-01-03,12896.319,12906.189,12827.339,12876.239
2021-01-04,12876.439,12961.599,12529.889,12683.809
2021-01-05,12683.429,12852.019,12585.949,12620.519
2021-01-06,12620.579,12807.749,12499.819,12709.109
2021-01-07,12709.149,12986.369,12669.669,12966.289
2021-01-08,12966.259,13127.089,12936.979,13123.139
2021-01-10,13091.499,13112.599,13029.879,13036.209
2021-01-11,13036.197,13081.517,12883.509,12911.359
2021-01-12,12911.327,12969.209,12778.859,12934.159
2021-01-13,12934.239,13020.999,12831.329,12962.929
2021-01-14,12962.939,13036.199,12876.529,12886.169
2021-01-15,12886.157,12937.689,12750.589,12779.629
2021-01-17,12783.129,12801.909,12733.559,12773.209
2021-01-18,12773.147,12954.559,12764.099,12939.709
2021-01-19,12939.807,13060.897,12857.779,13037.579
2021-01-20,13037.517,13397.869,13031.589,13385.359
2021-01-21,13385.239,13431.299,13290.509,13361.159
2021-01-22,13361.267,13405.409,13307.309,13367.599
2021-01-24,13380.819,13471.999,13380.189,13466.129
2021-01-25,13466.379,13563.409,13199.039,13397.149
2021-01-26,13397.259,13609.137,13392.609,13557.229
2021-01-27,13557.207,13581.589,12895.719,13025.649
2021-01-28,13025.849,13403.199,12915.819,13017.639
2021-01-29,13017.509,13172.959,12843.069,12895.889
2021-01-31,12855.569,12965.289,12736.889,12962.859
2021-02-01,12962.699,13380.189,12941.389,13332.249
2021-02-02,13332.709,13540.489,13310.159,13524.349
2021-02-03,13524.337,13590.819,13367.769,13373.189
2021-02-04,13371.849,13601.119,13355.329,13589.189
2021-02-05,13589.227,13643.689,13528.539,13610.619
2021-02-07,13631.189,13690.617,13609.529,13676.699
2021-02-08,13676.779,13702.989,13603.059,13683.349
2021-02-09,13684.129,13757.769,13640.389,13744.939
2021-02-10,13745.389,13775.409,13525.117,13666.639
2021-02-11,13666.829,13749.597,13630.579,13714.039
2021-02-12,13714.017,13820.599,13651.719,13820.289
2021-02-14,13831.747,13869.879,13814.609,13854.059
2021-02-15,13853.719,13904.899,13836.809,13902.069
2021-02-16,13902.219,13904.889,13695.529,13756.009
2021-02-17,13756.389,13786.299,13549.299,13629.389
2021-02-18,13629.357,13672.809,13472.519,13581.699
2021-02-19,13581.717,13731.099,13538.759,13572.689
2021-02-21,13600.309,13631.069,13531.109,13543.399
2021-02-22,13543.179,13548.899,13197.739,13331.169
2021-02-23,13331.289,13338.839,12762.099,13161.519
2021-02-24,13161.529,13344.799,12962.599,13334.399
2021-02-25,13334.699,13359.399,12709.139,12747.819
2021-02-26,12748.169,13096.109,12670.199,12893.739
2021-02-28,12974.889,13087.709,12949.229,13042.749
2021-03-01,13043.267,13330.499,13037.319,13241.739
2021-03-02,13241.809,13306.287,13054.239,13142.399
2021-03-03,13142.357,13195.199,12516.699,12575.539
2021-03-04,12575.789,12802.369,12310.209,12401.339
2021-03-05,12401.377,12700.699,12213.369,12659.919
2021-03-07,12720.099,12762.819,12516.579,12546.429
2021-03-08,12546.379,12719.229,12289.789,12459.849
2021-03-09,12459.949,12868.797,12370.469,12774.439
2021-03-10,12774.417,12993.089,12704.309,12839.989
2021-03-11,12839.927,13120.399,12824.419,13065.959
2021-03-12,13065.967,13067.499,12768.659,12936.997
2021-03-14,12952.809,13008.789,12924.659,12945.069
2021-03-15,12945.289,13137.099,12873.019,13126.309
2021-03-16,13126.397,13297.569,13087.869,13130.599
2021-03-17,13130.489,13281.287,12945.369,13188.929
2021-03-18,13189.007,13238.089,12768.259,12789.419
2021-03-19,12789.549,12913.987,12699.249,12847.399
2021-03-21,12837.949,12930.589,12805.229,12916.609
2021-03-22,12916.997,13167.707,12886.919,13042.949
2021-03-23,13043.299,13183.319,12991.119,13070.589
2021-03-24,13070.889,13155.519,12763.069,12821.289
2021-03-25,12821.297,12870.397,12621.429,12836.689
2021-03-26,12836.949,13002.709,12687.199,12973.797
2021-03-28,12984.809,12984.809,12861.589,12909.109
2021-03-29,12909.269,13016.599,12820.699,12921.749
2021-03-30,12922.219,12957.147,12790.819,12899.647
2021-03-31,12899.409,13168.799,12874.439,13128.859
2021-04-01,13128.829,13381.799,13121.889,13375.269
2021-04-02,13375.449,13399.699,13353.279,13356.619
2021-04-04,13339.509,13364.097,13312.889,13328.719
2021-04-05,13328.767,13630.207,13319.759,13594.709
2021-04-06,13595.099,13662.659,13532.459,13559.959
2021-04-07,13559.937,13699.289,13521.349,13697.399
2021-04-08,13697.709,13848.889,13691.129,13798.599
2021-04-09,13798.587,13849.147,13657.129,13819.437
2021-04-11,13822.737,13840.797,13777.169,13800.199
2021-04-12,13799.937,13842.809,13741.939,13830.039
2021-04-13,13830.607,14002.609,13782.859,13973.689
2021-04-14,13973.909,14036.489,13781.599,13798.809
2021-04-15,13799.479,14040.649,13798.519,13970.269
2021-04-16,13970.247,14064.759,13960.609,14025.249
2021-04-18,13988.989,14042.319,13983.079,14040.109
2021-04-19,14040.149,14057.789,13827.919,13916.709
2021-04-20,13916.637,13939.389,13715.699,13730.059
2021-04-21,13730.047,13937.879,13710.289,13909.659
2021-04-22,13909.797,13954.789,13713.109,13782.949
2021-04-23,13783.069,13989.957,13748.719,13923.989
2021-04-25,13924.357,13952.187,13914.019,13944.619
2021-04-26,13944.637,14046.879,13873.869,14027.869
2021-04-27,14027.917,14057.989,13926.027,13986.469
2021-04-28,13986.887,14042.209,13891.689,14030.819
2021-04-29,14031.379,14076.199,13831.679,13901.519
2021-04-30,13901.617,13969.089,13831.149,13879.769
2021-05-02,13890.087,13914.299,13879.649,13885.399
2021-05-03,13885.539,13959.589,13731.989,13751.899
2021-05-04,13751.959,13786.189,13390.559,13590.399
2021-05-05,13590.249,13677.719,13466.569,13480.859
2021-05-06,13480.857,13668.019,13400.659,13643.419
2021-05-07,13643.439,13822.469,13596.089,13724.509
2021-05-09,13722.857,13757.399,13718.829,13746.199
2021-05-10,13746.409,13749.497,13175.759,13219.079
2021-05-11,13219.037,13384.059,13071.129,13297.979
2021-05-12,13298.929,13344.617,12968.019,13067.259
2021-05-13,13067.449,13228.597,12922.019,13166.319
2021-05-14,13166.589,13430.709,13166.239,13398.289
2021-05-16,13385.819,13451.789,13346.119,13373.897
2021-05-17,13373.559,13401.707,13191.269,13353.429
2021-05-18,13353.557,13436.669,13142.609,13150.707
2021-05-19,13150.789,13247.869,12959.349,13203.789
2021-05-20,13203.567,13548.797,13155.639,13509.019
2021-05-21,13509.419,13572.409,13400.269,13415.109
2021-05-23,13385.279,13446.899,13360.639,13408.569
2021-05-24,13408.567,13687.299,13399.539,13666.629
2021-05-25,13666.729,13738.589,13610.229,13711.879
2021-05-26,13711.877,13730.209,13659.179,13674.777
2021-05-27,13674.439,13724.589,13622.309,13695.649
2021-05-28,13695.809,13766.897,13665.609,13697.179
2021-05-30,13703.937,13722.037,13694.469,13703.719
2021-05-31,13703.707,13704.317,13675.289,13681.419
2021-06-01,13681.697,13776.507,13596.929,13646.309
2021-06-02,13646.389,13714.967,13605.709,13689.709
2021-06-03,13689.807,13697.389,13463.799,13513.209
2021-06-04,13513.159,13782.999,13494.029,13758.569
2021-06-06,13776.319,13781.077,13731.609,13742.049
2021-06-07,13742.389,13865.999,13690.029,13835.009
2021-06-08,13834.967,13918.497,13741.609,13825.819
2021-06-09,13825.879,13903.989,13808.089,13828.409
2021-06-10,13828.457,13985.609,13725.629,13976.519
2021-06-11,13976.507,13997.497,13932.809,13992.469
2021-06-13,13996.359,14025.587,13996.139,14021.599
2021-06-14,14021.619,14160.789,13964.609,14138.087
2021-06-15,14137.759,14159.199,14008.179,14033.689
2021-06-16,14033.749,14102.399,13836.219,13909.809
2021-06-17,13909.949,14208.109,13873.569,14197.119
2021-06-18,14197.169,14210.409,14020.519,14051.739
2021-06-20,14031.919,14054.987,14002.529,14017.579
2021-06-21,14017.557,14161.237,13967.699,14141.859
2021-06-22,14142.559,14306.489,14074.249,14301.559
2021-06-23,14301.889,14326.617,14243.229,14308.229
2021-06-24,14308.489,14431.907,14304.409,14366.599
2021-06-25,14366.419,14403.117,14323.519,14334.019
2021-06-27,14347.019,14374.699,14342.059,14354.089
2021-06-28,14353.887,14527.489,14353.449,14492.039
2021-06-29,14492.309,14606.687,14475.409,14585.439
2021-06-30,14585.477,14598.799,14525.889,14572.769
2021-07-01,14572.819,14612.089,14480.129,14528.509
2021-07-02,14528.557,14736.097,14520.769,14718.819
2021-07-04,14710.309,14728.089,14710.119,14713.749
2021-07-05,14713.807,14728.879,14681.189,14689.219
2021-07-06,14689.769,14796.187,14634.529,14793.739
2021-07-07,14793.787,14891.997,14736.419,14793.469
2021-07-08,14793.437,14802.589,14550.879,14683.649
2021-07-09,14683.819,14839.399,14670.999,14819.229
2021-07-11,14836.577,14849.387,14806.069,14811.139
2021-07-12,14811.219,14896.089,14791.919,14887.499
2021-07-13,14887.539,15003.187,14804.019,14880.539
2021-07-14,14880.587,15002.787,14847.679,14907.609
2021-07-15,14907.507,14968.589,14716.839,14757.579
2021-07-16,14757.669,14875.869,14665.679,14674.799
2021-07-18,14681.027,14689.499,14619.659,14641.119
2021-07-19,14641.279,14673.389,14452.549,14626.389
2021-07-20,14626.649,14790.619,14522.069,14702.659
2021-07-21,14702.769,14865.489,14675.669,14854.329
2021-07-22,14854.719,15007.389,14839.139,14980.619
2021-07-23,14980.789,15126.599,14945.329,15104.899
2021-07-25,15103.287,15134.389,15083.029,15092.529
2021-07-26,15092.537,15141.699,15047.209,15110.729
2021-07-27,15110.839,15138.489,14785.059,14951.339
2021-07-28,14951.499,15084.687,14903.009,14971.639
2021-07-29,14971.607,15093.789,14830.129,14862.689
2021-07-30,14862.609,14989.889,14820.939,14978.987
2021-08-01,14979.977,15044.099,14978.977,15040.639
2021-08-02,15040.699,15065.199,14944.599,14963.959
2021-08-03,14963.979,15062.089,14861.419,15050.179
2021-08-04,15050.519,15121.889,15009.479,15101.589
2021-08-05,15101.757,15183.199,15080.219,15169.569
2021-08-06,15169.539,15177.987,15060.579,15104.069
2021-08-08,15105.149,15105.397,15011.759,15052.729
2021-08-09,15053.089,15156.509,15049.739,15116.639
2021-08-10,15116.999,15167.999,15007.059,15057.599
2021-08-11,15057.749,15130.309,14971.349,15009.539
2021-08-12,15009.567,15099.139,14948.409,15075.819
2021-08-13,15075.897,15150.449,15063.259,15132.769
2021-08-15,15121.699,15128.289,15099.219,15108.059
2021-08-16,15108.389,15145.087,14923.739,15119.539
2021-08-17,15119.379,15120.619,14906.409,15005.679
2021-08-18,15005.889,15042.589,14835.239,14852.429
2021-08-19,14852.739,15002.189,14712.409,14918.199
2021-08-20,14918.207,15101.389,14852.529,15093.109
2021-08-22,15091.889,15150.589,15089.149,15143.729
2021-08-23,15143.807,15339.679,15117.019,15326.619
2021-08-24,15326.577,15385.497,15310.769,15356.409
2021-08-25,15356.359,15399.589,15322.559,15333.729
2021-08-26,15333.747,15369.899,15260.819,15324.409
2021-08-27,15324.539,15446.099,15287.029,15425.269
2021-08-29,15432.317,15457.089,15421.129,15434.439
2021-08-30,15434.587,15621.709,15432.329,15597.539
2021-08-31,15597.389,15679.617,15522.419,15610.479
2021-09-01,15610.359,15699.989,15588.009,15607.529
2021-09-02,15607.569,15681.109,15552.099,15626.909
2021-09-03,15626.899,15675.049,15550.789,15652.319
2021-09-05,15657.839,15662.089,15640.849,15655.759
2021-09-06,15655.859,15707.089,15654.539,15681.319
2021-09-07,15681.609,15701.307,15606.689,15684.799
2021-09-08,15684.649,15686.807,15524.169,15591.909
2021-09-09,15591.869,15675.199,15545.399,15574.479
2021-09-10,15574.699,15666.999,15433.729,15454.319
2021-09-12,15449.619,15495.397,15439.519,15449.609
2021-09-13,15449.577,15565.219,15348.569,15448.379
2021-09-14,15448.387,15527.129,15348.979,15390.989
2021-09-15,15391.139,15524.349,15313.189,15499.829
2021-09-16,15499.639,15540.349,15368.319,15503.539
2021-09-17,15503.577,15535.619,15290.739,15313.209
2021-09-19,15303.959,15349.007,15217.499,15221.129
2021-09-20,15221.147,15274.089,14818.019,15078.329
2021-09-21,15078.679,15170.989,14940.209,15045.619
2021-09-22,15043.829,15235.397,15025.719,15200.519
2021-09-23,15200.819,15356.507,15183.559,15311.579
2021-09-24,15311.739,15348.517,15186.469,15330.949
2021-09-26,15335.407,15410.617,15314.659,15396.999
2021-09-27,15396.997,15412.377,15098.539,15194.879
2021-09-28,15195.199,15202.889,14754.527,14852.049
2021-09-29,14851.909,14937.419,14725.039,14832.769
2021-09-30,14832.907,14893.559,14585.579,14607.559
2021-10-01,14607.519,14830.289,14549.739,14778.579
2021-10-03,14792.869,14844.399,14716.159,14744.809
2021-10-04,14744.139,14760.599,14380.819,14514.319
2021-10-05,14514.399,14766.299,14464.129,14582.639
2021-10-06,14583.089,14897.599,14434.369,14888.719
2021-10-07,14888.897,15010.519,14842.899,14926.539
2021-10-08,14926.479,15003.809,14802.849,14814.089
2021-10-10,14827.709,14839.589,14715.139,14749.389
2021-10-11,14749.079,14908.599,14607.879,14657.239
2021-10-12,14656.879,14794.479,14598.309,14617.609
2021-10-13,14617.527,14845.999,14603.119,14826.189
2021-10-14,14826.137,15106.309,14820.229,15097.119
2021-10-15,15097.399,15152.219,15045.209,15150.099
2021-10-17,15166.389,15174.509,15088.659,15115.899
2021-10-18,15115.767,15328.479,15051.039,15298.739
2021-10-19,15298.717,15441.599,15293.139,15392.249
2021-10-20,15392.319,15458.809,15332.009,15367.289
2021-10-21,15367.219,15495.419,15312.549,15409.619
2021-10-22,15409.529,15474.889,15285.619,15349.729
2021-10-24,15338.769,15350.489,15309.469,15344.719
2021-10-25,15344.959,15593.799,15336.699,15584.609
2021-10-26,15584.517,15711.399,15514.169,15543.079
2021-10-27,15543.077,15727.789,15517.119,15619.919
2021-10-28,15620.049,15789.589,15601.677,15671.919
2021-10-29,15672.499,15860.089,15606.919,15859.859
2021-10-31,15897.179,15918.599,15864.809,15881.659
2021-11-01,15881.607,15924.199,15779.339,15874.449
2021-11-02,15874.407,15991.499,15862.909,15969.109
2021-11-03,15969.027,16195.599,15947.569,16166.299
2021-11-04,16166.099,16387.299,16165.159,16344.589
2021-11-05,16344.587,16458.599,16300.649,16349.619
2021-11-07,16291.619,16341.649,16276.629,16293.679
2021-11-08,16293.759,16401.809,16290.119,16307.859
2021-11-09,16307.619,16400.099,16137.119,16162.809
2021-11-10,16162.797,16247.097,15904.069,16002.639
2021-11-11,16002.619,16117.769,15995.069,16060.509
2021-11-12,16060.189,16219.399,16008.589,16201.819
2021-11-14,16217.229,16245.299,16211.689,16219.119
2021-11-15,16219.217,16280.999,16088.599,16194.549
2021-11-16,16194.749,16327.909,16149.739,16294.209
2021-11-17,16294.227,16400.289,16271.169,16348.069
2021-11-18,16348.119,16591.489,16306.529,16573.499
2021-11-19,16573.307,16629.207,16510.089,16576.819
2021-11-21,16602.589,16632.309,16582.929,16611.929
2021-11-22,16611.947,16768.799,16318.139,16358.109
2021-11-23,16358.299,16418.309,16119.719,16276.079
2021-11-24,16276.479,16397.799,16103.399,16394.069
2021-11-25,16394.299,16436.219,16256.509,16288.219
2021-11-26,16287.609,16308.569,15988.609,16042.169
2021-11-28,16042.529,16250.099,16042.529,16220.329
2021-11-29,16220.569,16442.119,16166.109,16404.689
2021-11-30,16404.697,16457.819,16069.269,16369.589
2021-12-01,16369.557,16430.097,15829.859,15946.079
2021-12-02,15946.229,16065.299,15762.549,15970.139
2021-12-03,15970.119,16119.209,15537.559,15685.699
2021-12-05,15714.549,15750.399,15671.149,15734.129
2021-12-06,15734.399,15899.809,15558.879,15889.859
2021-12-07,15889.969,16417.789,15883.839,16396.459
2021-12-08,16396.419,16434.809,16253.839,16361.299
2021-12-09,16361.309,16415.269,16120.609,16160.819
2021-12-10,16160.839,16335.909,16134.309,16319.219
2021-12-12,16358.126,16403.999,16348.566,16390.039
2021-12-13,16390.169,16409.779,16064.709,16099.089
2021-12-14,16099.089,16131.289,15734.099,15932.839
2021-12-15,15932.867,16338.119,15743.829,16328.329
2021-12-16,16328.589,16457.419,15768.399,15834.789
2021-12-17,15834.929,15960.799,15655.339,15826.089
2021-12-19,15813.189,15856.589,15595.029,15634.839
2021-12-20,15634.877,15779.909,15499.659,15770.279
2021-12-21,15771.089,15993.199,15611.859,15939.229
2021-12-22,15939.219,16202.609,15888.139,16181.259
2021-12-23,16181.297,16361.039,16153.819,16306.569
2021-12-26,16320.029,16366.659,16319.609,16339.679
2021-12-27,16339.789,16575.599,16308.919,16554.049
2021-12-28,16554.067,16660.789,16456.899,16544.509
2021-12-29,16544.649,16566.699,16391.429,16486.679
2021-12-30,16486.979,16569.149,16354.559,16412.289
2021-12-31,16411.749,16467.889,16318.259,16340.649
2022-01-02,16361.619,16428.709,16361.619,16411.349
2022-01-03,16411.679,16530.289,16294.319,16526.339
2022-01-04,16526.749,16567.199,16147.319,16211.319
2022-01-05,16211.307,16265.589,15629.679,15647.009
2022-01-06,15647.599,15902.079,15606.389,15793.039
2022-01-07,15793.109,15834.289,15522.469,15595.869
2022-01-09,15602.669,15655.389,15527.999,15651.629
2022-01-10,15651.607,15679.299,15161.049,15609.299
2022-01-11,15609.129,15854.409,15487.219,15841.269
2022-01-12,15841.709,16018.579,15771.109,15855.829
2022-01-13,15856.149,15988.679,15425.249,15502.749
2022-01-14,15502.839,15617.899,15322.879,15606.187
2022-01-16,15635.159,15661.649,15517.069,15539.009
2022-01-17,15539.389,15645.589,15417.109,15460.519
2022-01-18,15460.889,15468.699,15073.729,15076.199
2022-01-19,15076.319,15382.089,15005.119,15123.709
2022-01-20,15123.899,15350.309,14613.769,14653.609
2022-01-21,14653.507,14869.579,14420.079,14432.869
2022-01-23,14421.029,14589.907,14389.279,14546.389
2022-01-24,14546.529,14584.887,13718.559,14241.889
2022-01-25,14241.119,14414.569,13966.229,14246.219
2022-01-26,14246.199,14654.387,13860.209,13947.089
2022-01-27,13946.807,14424.169,13895.119,14108.089
2022-01-28,14108.179,14454.559,13842.779,14413.799
2022-01-30,14464.649,14512.569,14365.849,14494.099
2022-01-31,14494.169,14931.589,14412.109,14886.589
2022-02-01,14886.089,15164.919,14747.019,15161.379
2022-02-02,15161.399,15276.299,14767.689,14799.859
2022-02-03,14800.049,14883.697,14474.869,14790.059
2022-02-04,14790.209,14837.809,14376.219,14672.579
2022-02-06,14706.999,14730.597,14614.379,14711.059
2022-02-07,14710.869,14820.049,14525.287,14589.649
2022-02-08,14589.637,14829.709,14481.689,14821.319
2022-02-09,14821.659,15070.117,14768.859,15004.709
2022-02-10,15004.749,15061.689,14587.149,14596.827
2022-02-11,14596.279,14778.189,14193.859,14251.689
2022-02-13,14244.899,14297.719,14194.759,14284.249
2022-02-14,14284.399,14403.997,14039.609,14296.009
2022-02-15,14295.917,14622.897,14233.049,14570.789
2022-02-16,14570.709,14673.597,14387.819,14490.359
2022-02-17,14490.409,14587.989,14137.549,14280.149
2022-02-18,14280.409,14295.689,13914.299,14027.849
2022-02-20,13876.186,14087.676,13819.326,14067.566
2022-02-21,14067.206,14164.856,13600.589,13696.899
2022-02-22,13697.009,14116.087,13621.259,13978.039
2022-02-23,13977.459,14073.099,13112.819,13200.189
2022-02-24,13200.499,13987.327,13032.309,13875.609
2022-02-25,13875.537,14203.277,13765.039,14192.569
2022-02-27,13851.859,13960.599,13692.239,13816.769
2022-02-28,13816.069,14298.549,13813.879,14226.449
2022-03-01,14226.507,14331.699,13905.939,14071.199
2022-03-02,14071.049,14294.879,13915.739,14223.509
2022-03-03,14222.489,14393.999,13749.569,13917.389
2022-03-04,13917.379,14062.289,13735.909,13807.089
2022-03-06,13758.659,13758.679,13529.929,13618.009
2022-03-07,13617.927,13880.469,13254.249,13274.529
2022-03-08,13274.869,13665.939,13104.029,13326.909
2022-03-09,13327.069,13797.297,13254.209,13683.489
2022-03-10,13683.237,13722.389,13401.709,13494.809
2022-03-11,13495.059,13863.659,13283.689,13306.669
2022-03-13,13364.489,13410.497,13286.919,13313.139
2022-03-14,13313.769,13443.689,13019.359,13109.369
2022-03-15,13109.819,13488.119,12945.219,13453.059
2022-03-16,13453.139,13994.857,13448.269,13939.579
2022-03-17,13940.389,14135.989,13821.239,13996.089
2022-03-18,13995.809,14431.699,13980.309,14421.989
2022-03-20,14417.999,14440.349,14346.819,14376.807
2022-03-21,14376.589,14472.997,14190.789,14327.239
2022-03-22,14327.249,14691.947,14304.119,14652.109
2022-03-23,14651.929,14684.489,14444.919,14520.099
2022-03-24,14520.019,14790.997,14436.459,14752.699
2022-03-25,14752.627,14842.699,14573.669,14749.249
2022-03-27,14735.829,14776.659,14682.089,14706.629
2022-03-28,14706.809,14995.987,14658.739,14968.599
2022-03-29,14968.729,15265.039,14961.089,15209.999
2022-03-30,15210.029,15241.819,15008.589,15153.889
2022-03-31,15153.809,15175.717,14852.059,14916.619
2022-04-01,14917.109,14954.309,14722.099,14827.637
2022-04-03,14838.879,14855.839,14796.889,14820.819
2022-04-04,14821.209,15167.999,14819.799,15143.819
2022-04-05,15143.959,15188.909,14767.889,14792.069
2022-04-06,14792.099,14835.999,14388.209,14466.759
2022-04-07,14467.049,14627.797,14315.899,14541.739
2022-04-08,14541.979,14634.809,14306.229,14333.959
2022-04-10,14348.999,14365.819,14193.359,14211.839
2022-04-11,14211.877,14301.539,13905.219,13930.309
2022-04-12,13930.589,14277.899,13876.319,14019.079
2022-04-13,14019.077,14261.179,13917.419,14240.849
2022-04-14,14240.889,14289.699,13876.219,13888.219
2022-04-17,13852.739,13860.719,13728.189,13768.659
2022-04-18,13768.779,14017.199,13746.119,13956.199
2022-04-19,13956.689,14237.919,13826.819,14086.139
2022-04-20,14086.399,14294.099,13956.049,14098.959
2022-04-21,14099.299,14279.799,13608.449,13664.929
2022-04-22,13665.299,13774.689,13309.739,13319.589
2022-04-24,13344.569,13355.289,13231.509,13264.719
2022-04-25,13264.809,13561.489,13179.899,13556.979
2022-04-26,13557.149,13578.819,12806.829,13060.889
2022-04-27,13060.697,13256.199,12932.299,13179.119
2022-04-28,13179.359,13541.087,13035.669,13302.339
2022-04-29,13302.459,13432.259,12834.739,12904.879
2022-05-01,12869.889,12925.889,12808.079,12896.589
2022-05-02,12896.699,13171.297,12711.099,13156.099
2022-05-03,13156.007,13184.297,12970.629,13106.259
2022-05-04,13105.969,13555.899,12884.229,13508.549
2022-05-05,13509.229,13546.099,12708.509,12826.509
2022-05-06,12826.659,12929.469,12519.789,12644.647
2022-05-08,12604.269,12636.117,12509.0,12564.119
2022-05-09,12564.739,12623.487,12102.729,12287.199
2022-05-10,12287.619,12545.497,12167.329,12432.529
2022-05-11,12432.577,12548.489,11920.729,12028.749
2022-05-12,12028.899,12127.897,11689.739,12067.839
2022-05-13,12067.827,12430.099,12064.837,12358.909
2022-05-15,12397.629,12494.607,12290.119,12309.869
2022-05-16,12310.329,12409.269,12188.309,12290.649
2022-05-17,12290.739,12588.487,12284.049,12528.939
2022-05-18,12528.799,12534.237,11803.419,11905.319
2022-05-19,11905.599,12073.209,11699.959,11990.569
2022-05-20,11990.527,12092.107,11489.309,11814.779
2022-05-22,11872.779,12004.209,11872.019,11943.589
2022-05-23,11943.639,12072.507,11782.729,11862.509
2022-05-24,11862.497,11872.747,11573.629,11840.819
2022-05-25,11841.229,12027.207,11669.269,11903.159
2022-05-26,11903.157,12339.299,11841.179,12239.289
2022-05-27,12239.307,12698.609,12228.459,12691.049
2022-05-29,12715.089,12791.289,12669.259,12779.569
2022-05-30,12779.507,12878.089,12673.119,12755.659
2022-05-31,12755.699,12767.817,12477.639,12677.549
2022-06-01,12677.567,12821.667,12454.139,12547.789
2022-06-02,12547.577,12941.707,12440.589,12894.639
2022-06-03,12894.769,12905.287,12501.019,12562.609
2022-06-05,12571.499,12632.107,12524.099,12627.219
2022-06-06,12628.049,12807.599,12484.549,12507.619
2022-06-07,12508.169,12735.809,12409.239,12680.079
2022-06-08,12680.309,12778.909,12561.779,12585.599
2022-06-09,12585.559,12720.799,12254.229,12293.749
2022-06-10,12294.589,12336.379,11822.139,11857.499
2022-06-12,11697.819,11727.379,11568.339,11628.929
2022-06-13,11629.519,11642.389,11254.659,11370.159
2022-06-14,11370.157,11501.107,11204.059,11399.337
2022-06-15,11399.249,11759.119,11325.749,11666.139
2022-06-16,11666.129,11688.399,11036.229,11197.349
2022-06-17,11197.769,11359.899,11084.639,11269.669
2022-06-19,11296.599,11400.049,11237.609,11315.689
2022-06-20,11316.199,11429.247,11291.689,11423.279
2022-06-21,11423.267,11640.319,11394.149,11430.809
2022-06-22,11431.309,11708.687,11281.819,11492.329
2022-06-23,11492.597,11796.407,11448.719,11791.549
2022-06-24,11791.609,12113.599,11769.239,12075.189
2022-06-26,12118.309,12195.169,12037.109,12151.729
2022-06-27,12151.747,12226.099,11936.669,11969.297
2022-06-28,11969.069,12140.039,11622.649,11663.169
2022-06-29,11663.259,11714.029,11529.619,11631.499
2022-06-30,11631.249,11656.297,11316.749,11422.689
2022-07-01,11422.879,11599.389,11352.389,11575.819
2022-07-03,11580.859,11583.399,11471.339,11500.209
2022-07-04,11500.579,11715.367,11479.769,11623.739
2022-07-05,11623.757,11841.599,11357.329,11760.769
2022-07-06,11760.909,11943.387,11696.709,11873.109
2022-07-07,11873.309,12137.589,11858.619,12043.689
2022-07-08,12043.849,12182.589,11921.339,12134.619
2022-07-10,12109.709,12110.089,12005.639,12009.889
2022-07-11,12009.709,12055.989,11778.919,11790.789
2022-07-12,11790.507,11999.699,11682.309,11773.909
2022-07-13,11774.049,11936.969,11448.559,11705.319
2022-07-14,11705.409,11837.019,11481.049,11826.099
2022-07-15,11826.129,11991.609,11710.509,11985.119
2022-07-17,12026.099,12036.119,11998.589,12028.389
2022-07-18,12028.387,12157.219,11829.379,11914.819
2022-07-19,11914.787,12326.109,11860.179,12315.659
2022-07-20,12315.639,12489.119,12204.049,12389.499
2022-07-21,12389.237,12627.589,12345.539,12512.099
2022-07-22,12511.917,12669.909,12316.869,12397.509
2022-07-24,12401.259,12408.579,12357.819,12384.569
2022-07-25,12384.507,12470.399,12241.319,12281.809
2022-07-26,12281.839,12306.909,12046.909,12247.429
2022-07-27,12247.299,12664.819,12237.129,12552.739
2022-07-28,12552.729,12900.469,12424.089,12887.139
2022-07-29,12886.769,12987.219,12722.439,12945.719
2022-07-31,12959.309,12959.649,12883.609,12910.899
2022-08-01,12910.769,13086.089,12830.659,12885.859
2022-08-02,12885.799,13076.509,12793.379,12895.519
2022-08-03,12895.609,13287.899,12871.729,13230.099
2022-08-04,13230.199,13360.917,13165.319,13348.509
2022-08-05,13348.729,13352.587,13066.719,13187.609
2022-08-07,13228.509,13229.289,13147.309,13194.599
2022-08-08,13194.519,13399.319,13098.359,13172.919
2022-08-09,13173.059,13201.489,12943.049,12995.229
2022-08-10,12995.369,13431.899,12958.429,13406.839
2022-08-11,13407.109,13550.399,13266.929,13318.989
2022-08-12,13319.179,13560.889,13312.739,13548.349
2022-08-14,13533.739,13547.089,13506.849,13517.009
2022-08-15,13517.007,13685.989,13472.909,13655.179
2022-08-16,13655.269,13723.789,13503.209,13621.099
2022-08-17,13621.099,13648.759,13386.639,13453.259
2022-08-18,13453.359,13554.579,13389.679,13496.329
2022-08-19,13496.559,13498.609,13211.189,13240.699
2022-08-21,13186.059,13203.399,13158.209,13199.749
2022-08-22,13199.747,13201.289,12858.209,12925.119
2022-08-23,12925.249,13000.107,12804.989,12823.059
2022-08-24,12823.389,12996.387,12808.539,12954.049
2022-08-25,12954.097,13147.907,12944.399,13134.769
2022-08-26,13134.807,13205.897,12585.527,12599.577
2022-08-28,12483.899,12498.249,12389.639,12452.259
2022-08-29,12452.349,12597.999,12420.199,12496.999
2022-08-30,12497.007,12646.097,12238.749,12406.329
2022-08-31,12406.397,12502.929,12111.329,12158.329
2022-09-01,12158.407,12307.389,12006.649,12259.219
2022-09-02,12259.469,12453.499,12033.249,12115.789
2022-09-04,12105.369,12141.499,12047.629,12095.859
2022-09-05,12095.827,12225.989,12046.869,12189.499
2022-09-06,12189.419,12236.389,11916.649,11950.249
2022-09-07,11950.219,12298.319,11931.249,12253.329
2022-09-08,12253.367,12394.299,12110.419,12371.079
2022-09-09,12371.309,12609.809,12351.849,12586.267
2022-09-11,12642.619,12673.889,12575.839,12587.239
2022-09-12,12587.349,12770.679,12568.719,12756.329
2022-09-13,12756.109,12867.189,12001.219,12053.789
2022-09-14,12053.547,12184.989,11999.419,12154.939
2022-09-15,12155.197,12170.109,11816.239,11838.239
2022-09-16,11838.237,11874.587,11705.859,11861.879
2022-09-18,11850.569,11876.589,11782.589,11807.389
2022-09-19,11807.117,12021.799,11718.619,11982.319
2022-09-20,11982.709,12017.719,11758.769,11865.379
2022-09-21,11865.327,12066.919,11478.699,11544.889
2022-09-22,11544.677,11724.187,11447.569,11481.719
2022-09-23,11481.919,11494.409,11166.539,11312.829
2022-09-25,11303.139,11328.369,11220.369,11268.149
2022-09-26,11268.089,11474.709,11192.899,11335.319
2022-09-27,11335.357,11505.229,11121.039,11152.719
2022-09-28,11153.149,11549.799,11078.709,11449.899
2022-09-29,11449.749,11492.887,11035.899,11168.709
2022-09-30,11168.909,11296.589,10965.389,11021.099
2022-10-02,10942.159,10988.489,10830.269,10899.809
2022-10-03,10900.339,11341.019,10883.089,11305.899
2022-10-04,11306.299,11609.357,11301.129,11513.629
2022-10-05,11513.707,11667.989,11305.109,11629.579
2022-10-06,11629.689,11660.797,11418.629,11494.009
2022-10-07,11494.097,11497.989,10988.899,11041.279
2022-10-09,10989.089,11026.109,10932.279,11001.319
2022-10-10,11001.407,11079.079,10820.779,10877.519
2022-10-11,10878.509,10984.569,10713.759,10822.599
2022-10-12,10822.569,10921.087,10751.199,10791.799
2022-10-13,10791.149,11119.879,10431.569,11090.559
2022-10-14,11090.319,11199.569,10679.519,10714.359
2022-10-16,10696.599,10755.409,10689.569,10731.829
2022-10-17,10731.857,11163.999,10724.079,11133.997
2022-10-18,11133.619,11377.879,11031.217,11286.619
2022-10-19,11286.869,11291.399,10957.839,11002.089
2022-10-20,11002.219,11279.299,10937.639,10999.509
2022-10-21,10999.139,11332.789,10888.519,11312.899
2022-10-23,11373.549,11480.089,11347.809,11361.379
2022-10-24,11361.609,11471.059,11163.619,11414.629
2022-10-25,11415.069,11684.889,11388.899,11448.549
2022-10-26,11448.759,11656.279,11368.779,11429.739
2022-10-27,11429.789,11469.599,10994.419,11121.909
2022-10-28,11122.119,11562.299,11018.329,11557.109
2022-10-30,11536.359,11543.399,11473.139,11525.189
2022-10-31,11525.189,11529.727,11324.799,11449.649
2022-11-01,11449.319,11578.799,11254.609,11329.529
2022-11-02,11329.619,11418.669,10860.849,10938.239
2022-11-03,10938.359,10955.289,10654.059,10705.569
2022-11-04,10705.617,10935.299,10600.249,10841.729
2022-11-06,10745.709,10844.387,10716.799,10827.519
2022-11-07,10827.547,11025.937,10776.599,10968.399
2022-11-08,10968.489,11194.339,10891.909,11089.709
2022-11-09,11089.897,11114.789,10788.639,10843.059
2022-11-10,10843.159,11648.889,10797.299,11619.849
2022-11-11,11620.097,11841.609,11534.819,11814.029
2022-11-13,11742.309,11788.809,11730.279,11751.889
2022-11-14,11751.907,11865.499,11666.719,11770.799
2022-11-15,11770.909,12084.889,11729.689,11824.659
2022-11-16,11825.219,11921.397,11668.349,11711.209
2022-11-17,11711.279,11789.409,11490.179,11686.449
2022-11-18,11686.669,11804.639,11575.589,11674.369
2022-11-20,11690.379,11722.039,11626.319,11646.919
2022-11-21,11646.959,11668.199,11521.929,11571.419
2022-11-22,11571.659,11732.299,11494.209,11699.309
2022-11-23,11699.287,11877.109,11696.649,11868.289
2022-11-24,11868.119,11905.387,11846.969,11887.009
2022-11-25,11887.209,11890.887,11740.129,11764.659
2022-11-27,11712.409,11724.199,11643.789,11662.699
2022-11-28,11662.769,11766.109,11553.319,11644.489
2022-11-29,11644.559,11681.299,11445.399,11518.489
2022-11-30,11518.549,12058.299,11477.329,12031.779
2022-12-01,12031.737,12115.609,11923.109,12001.959
2022-12-02,12001.659,12044.889,11717.919,11983.879
2022-12-04,11988.569,11997.059,11964.419,11975.999
2022-12-05,11976.079,11981.499,11730.769,11788.309
2022-12-06,11788.319,11828.289,11487.919,11574.369
2022-12-07,11574.509,11581.929,11408.419,11473.959
2022-12-08,11474.269,11675.759,11463.159,11666.999
2022-12-09,11666.189,11725.779,11507.799,11561.399
2022-12-11,11548.199,11563.389,11514.139,11548.889
2022-12-12,11548.379,11710.599,11524.789,11687.899
2022-12-13,11688.039,12210.559,11684.859,11866.709
2022-12-14,11865.809,11943.079,11603.259,11728.799
2022-12-15,11728.279,11741.219,11299.03,11338.089
2022-12-16,11338.039,11384.059,11169.789,11213.189
2022-12-18,11221.179,11274.399,11215.719,11255.219
2022-12-19,11255.157,11302.109,10946.409,10971.179
2022-12-20,10971.259,11159.899,10937.159,11107.349
2022-12-21,11107.337,11287.387,11078.559,11266.819
2022-12-22,11266.847,11280.709,10778.259,10964.889
2022-12-23,10965.199,11049.599,10824.769,10976.399
2022-12-26,11016.369,11088.499,11016.369,11067.929
2022-12-27,11068.369,11081.699,10799.169,10831.129
2022-12-28,10831.249,10903.347,10668.209,10712.089
2022-12-29,10712.297,10983.399,10700.829,10933.399
2022-12-30,10933.779,10958.099,10767.899,10957.689
2023-01-02,11047.869,11063.169,10865.509,10935.699
2023-01-03,10935.999,11095.929,10764.379,10899.179
2023-01-04,10899.279,10982.649,10781.099,10897.309
2023-01-05,10897.247,10960.077,10729.539,10797.709
2023-01-06,10797.697,11086.249,10674.649,11024.079
2023-01-08,11047.919,11098.697,11044.519,11094.709
2023-01-09,11094.697,11307.007,11041.569,11067.209
2023-01-10,11067.117,11223.597,11015.669,11199.409
2023-01-11,11199.377,11411.997,11165.0,11407.389
2023-01-12,11407.159,11502.159,11215.369,11417.539
2023-01-13,11417.779,11551.299,11316.159,11523.029
2023-01-15,11541.349,11569.209,11513.659,11549.059
2023-01-16,11548.559,11550.789,11441.549,11476.329
2023-01-17,11476.219,11623.079,11461.339,11576.719
2023-01-18,11576.629,11691.399,11379.139,11400.619
2023-01-19,11400.729,11418.909,11247.689,11335.549
2023-01-20,11335.507,11622.289,11302.029,11603.569
2023-01-22,11615.379,11621.589,11587.169,11603.419
2023-01-23,11603.337,11921.049,11589.009,11864.799
2023-01-24,11864.787,11947.639,11735.859,11756.269
2023-01-25,11756.267,11861.339,11547.169,11855.599
2023-01-26,11855.419,12056.889,11846.809,11976.289
2023-01-27,11976.239,12251.489,11959.009,12166.169
2023-01-29,12150.309,12194.299,12112.819,12122.589
2023-01-30,12122.489,12122.489,11867.219,11882.729
2023-01-31,11882.839,12102.299,11816.529,12052.339
2023-02-01,12052.347,12506.689,12005.557,12487.549
2023-02-02,12487.527,12894.889,12455.629,12601.359
2023-02-03,12600.909,12829.099,12497.209,12564.749
2023-02-05,12518.249,12553.989,12499.389,12515.479
2023-02-06,12516.139,12561.889,12406.919,12483.039
2023-02-07,12483.089,12771.617,12413.789,12739.879
2023-02-08,12740.059,12760.199,12468.619,12530.299
2023-02-09,12530.257,12682.617,12324.229,12343.689
2023-02-10,12343.769,12400.599,12201.699,12299.259
2023-02-12,12319.949,12323.499,12222.989,12241.889
2023-02-13,12242.009,12525.909,12240.529,12480.789
2023-02-14,12480.689,12641.209,12348.339,12515.909
2023-02-15,12516.009,12747.719,12478.219,12735.059
2023-02-16,12734.879,12738.807,12360.869,12372.609
2023-02-17,12372.689,12382.899,12231.089,12351.019
2023-02-19,12324.079,12370.339,12311.109,12358.839
2023-02-20,12359.109,12381.699,12298.899,12309.369
2023-02-21,12309.549,12323.399,12059.269,12095.099
2023-02-22,12095.047,12178.699,12003.559,12172.229
2023-02-23,12172.349,12220.417,12002.559,12148.239
2023-02-24,12148.599,12157.787,11898.599,11974.369
2023-02-26,11978.099,12019.907,11964.329,12005.317
2023-02-27,12005.039,12126.879,11980.679,12079.509
2023-02-28,12079.607,12147.699,11963.179,12044.279
2023-03-01,12044.719,12111.289,11831.099,11879.299
2023-03-02,11879.819,12052.519,11807.899,12011.799
2023-03-03,12011.339,12301.289,11997.409,12291.019
2023-03-05,12271.517,12357.539,12263.779,12319.509
2023-03-06,12319.729,12449.119,12275.569,12347.779
2023-03-07,12347.857,12349.119,12124.169,12145.949
2023-03-08,12146.659,12239.499,12127.279,12186.989
2023-03-09,12187.389,12338.989,11914.319,11925.619
2023-03-10,11925.557,12075.699,11787.859,11831.609
2023-03-12,11941.989,12063.787,11926.039,12038.609
2023-03-13,12038.819,12084.307,11695.459,11976.629
2023-03-14,11976.289,12234.379,11898.519,12209.099
2023-03-15,12209.139,12329.189,11958.609,12296.847
2023-03-16,12296.719,12585.489,12182.167,12581.179
2023-03-17,12581.239,12628.499,12440.059,12531.179
2023-03-19,12571.299,12596.167,12525.629,12536.209
2023-03-20,12536.319,12606.609,12395.099,12565.449
2023-03-21,12565.489,12766.209,12556.649,12742.849
2023-03-22,12742.519,12948.619,12563.329,12636.799
2023-03-23,12636.399,12877.389,12608.037,12731.669
2023-03-24,12731.989,12790.599,12624.109,12776.239
2023-03-26,12784.019,12824.899,12778.599,12797.269
2023-03-27,12797.349,12851.199,12644.689,12689.739
2023-03-28,12689.807,12711.089,12516.899,12650.759
2023-03-29,12651.099,12869.589,12641.739,12814.819
2023-03-30,12815.069,13014.989,12811.539,12996.699
2023-03-31,12996.769,13187.899,12936.039,13185.029
2023-04-02,13134.687,13139.309,13076.119,13089.269
2023-04-03,13089.719,13150.829,13040.399,13108.989
2023-04-04,13109.089,13224.989,13046.679,13112.949
2023-04-05,13113.049,13114.519,12892.529,12915.299
2023-04-06,12915.259,13077.799,12842.819,13046.119
2023-04-09,13042.817,13049.989,13017.419,13026.579
2023-04-10,13027.059,13074.799,12854.879,13051.099
2023-04-11,13050.909,13096.899,12949.569,12967.619
2023-04-12,12967.617,13131.399,12817.529,12859.999
2023-04-13,12859.737,13114.089,12848.639,13086.199
2023-04-14,13086.259,13152.099,12960.369,13080.889
2023-04-16,13108.199,13108.199,13073.589,13083.029
2023-04-17,13083.199,13117.289,12977.619,13072.139
2023-04-18,13072.259,13197.899,13041.719,13072.779
2023-04-19,13073.569,13128.707,12967.509,13036.229
2023-04-20,13036.119,13108.839,12927.569,12996.759
2023-04-21,12996.709,13033.789,12893.879,12997.079
2023-04-23,12980.629,12985.799,12958.039,12966.337
2023-04-24,12966.279,13046.079,12880.309,12936.279
2023-04-25,12936.267,12941.049,12719.529,12908.799
2023-04-26,12908.799,12909.799,12797.519,12873.549
2023-04-27,12873.619,13253.539,12870.049,13138.309
2023-04-28,13138.307,13258.699,13091.059,13249.229
2023-04-30,13242.159,13265.419,13218.129,13258.709
2023-05-01,13258.657,13288.889,13184.849,13217.259
2023-05-02,13217.409,13258.207,13042.019,13116.259
2023-05-03,13116.267,13205.319,13004.209,13078.509
2023-05-04,13078.719,13099.019,12958.299,13033.379
2023-05-05,13034.059,13291.709,13008.809,13248.489
2023-05-07,13246.339,13262.109,13226.919,13254.829
2023-05-08,13255.059,13301.899,13188.279,13274.339
2023-05-09,13274.429,13281.857,13191.139,13209.079
2023-05-10,13209.129,13384.999,13140.129,13370.019
2023-05-11,13369.819,13433.049,13310.769,13419.059
2023-05-12,13419.139,13432.759,13257.339,13340.179
2023-05-14,13317.099,13329.297,13291.609,13325.779
2023-05-15,13325.867,13422.109,13317.029,13403.139
2023-05-16,13403.269,13499.259,13372.109,13462.019
2023-05-17,13462.169,13608.999,13413.539,13582.519
2023-05-18,13582.567,13904.989,13570.079,13885.599
2023-05-19,13885.557,13887.799,13768.659,13803.489
2023-05-21,13754.519,13811.297,13754.319,13806.319
2023-05-22,13806.789,13922.799,13776.119,13898.189
2023-05-23,13898.019,13898.199,13661.629,13686.099
2023-05-24,13686.839,13811.977,13519.159,13788.619
2023-05-25,13788.989,13991.289,13777.939,13912.819
2023-05-26,13912.837,14329.167,13902.039,14326.759
2023-05-28,14380.299,14405.897,14347.069,14358.739
2023-05-29,14358.869,14392.387,14327.849,14344.389
2023-05-30,14344.569,14520.319,14306.727,14342.799
2023-05-31,14342.807,14353.249,14207.819,14234.129
2023-06-01,14234.397,14476.399,14229.309,14457.409
2023-06-02,14457.417,14593.689,14438.099,14549.799
2023-06-04,14538.149,14543.809,14481.549,14510.009
2023-06-05,14510.087,14664.567,14485.309,14560.289
2023-06-06,14560.287,14586.919,14475.399,14549.429
2023-06-07,14549.659,14610.189,14280.979,14296.089
2023-06-08,14295.897,14504.669,14230.949,14481.237
2023-06-09,14481.279,14672.669,14440.719,14544.359
2023-06-11,14540.259,14592.759,14539.729,14578.179
2023-06-12,14578.119,14826.789,14563.359,14819.189
2023-06-13,14819.049,14953.599,14766.269,14901.769
2023-06-14,14901.727,15032.069,14780.559,14986.729
2023-06-15,14986.389,15253.229,14885.679,15143.129
2023-06-16,15143.209,15286.909,15075.059,15089.419
2023-06-18,15132.349,15135.299,15085.119,15107.369
2023-06-19,15107.357,15121.079,15039.869,15048.839
2023-06-20,15048.887,15126.709,14966.299,15066.609
2023-06-21,15066.609,15080.819,14823.229,14845.549
2023-06-22,14845.657,15053.889,14784.519,14982.239
2023-06-23,14982.267,15000.209,14825.549,14896.089
2023-06-25,14891.519,14943.289,14886.879,14937.399
2023-06-26,14937.607,14972.559,14695.269,14717.829
2023-06-27,14718.117,14969.389,14705.589,14890.299
2023-06-28,14890.179,15053.089,14850.779,14987.359
2023-06-29,14987.307,15033.309,14870.019,14969.249
2023-06-30,14969.599,15207.299,14960.259,15171.029
2023-07-02,15187.767,15194.619,15168.139,15180.619
2023-07-03,15180.799,15231.299,15151.369,15200.809
2023-07-04,15189.819,15197.899,15172.339,15188.309
2023-07-05,15188.347,15261.119,15096.819,15184.549
2023-07-06,15184.789,15184.789,14971.049,15082.539
2023-07-07,15082.549,15216.089,15030.859,15055.009
2023-07-09,15044.219,15046.919,14982.719,14990.539
2023-07-10,14991.739,15072.889,14933.619,15052.259
2023-07-11,15051.579,15140.289,15001.729,15136.789
2023-07-12,15136.879,15364.899,15128.839,15347.799
2023-07-13,15347.639,15589.869,15346.229,15586.079
2023-07-14,15586.089,15698.589,15531.709,15570.339
2023-07-16,15543.529,15554.589,15527.679,15544.519
2023-07-17,15544.747,15748.289,15538.519,15680.269
2023-07-18,15680.207,15897.779,15601.099,15825.759
2023-07-19,15825.569,15933.209,15715.759,15753.309
2023-07-20,15752.879,15774.297,15434.019,15485.079
2023-07-21,15485.169,15577.889,15405.589,15430.859
2023-07-23,15438.599,15453.109,15414.869,15438.889
2023-07-24,15438.889,15483.799,15384.729,15441.809
2023-07-25,15442.019,15627.609,15438.719,15532.349
2023-07-26,15532.499,15601.599,15424.259,15589.749
2023-07-27,15589.817,15795.509,15477.149,15515.869
2023-07-28,15515.837,15774.777,15446.039,15758.789
2023-07-30,15739.559,15811.899,15705.619,15713.759
2023-07-31,15714.009,15803.599,15686.769,15769.709
2023-08-01,15769.627,15773.409,15585.579,15629.449
2023-08-02,15629.589,15637.109,15323.019,15376.379
2023-08-03,15376.409,15448.799,15247.539,15424.039
2023-08-04,15424.009,15527.299,15254.739,15287.359
2023-08-06,15287.199,15360.199,15283.239,15354.709
2023-08-07,15355.059,15415.199,15253.409,15360.279
2023-08-08,15360.237,15367.299,15145.509,15311.219
2023-08-09,15311.309,15354.389,15073.549,15158.869
2023-08-10,15159.019,15368.669,15066.769,15153.009
2023-08-11,15153.149,15169.099,14969.609,15046.269
2023-08-13,15033.789,15079.319,14975.229,14978.819
2023-08-14,14978.589,15265.089,14952.819,15236.009
2023-08-15,15236.107,15260.699,15011.739,15051.009
2023-08-16,15051.187,15096.609,14819.069,14865.149
2023-08-17,14864.899,14948.889,14670.169,14707.219
2023-08-18,14707.279,14745.769,14549.089,14698.889
2023-08-20,14707.249,14736.779,14677.329,14715.109
2023-08-21,14715.067,14960.449,14662.709,14920.739
2023-08-22,14920.777,15064.009,14880.549,14961.009
2023-08-23,14960.967,15339.379,14905.709,15338.249
2023-08-24,15338.179,15364.099,14790.249,14799.409
2023-08-25,14799.899,15005.789,14713.589,14935.549
2023-08-27,14954.099,14989.069,14933.159,14965.619
2023-08-28,14966.239,15086.709,14935.009,15064.089
2023-08-29,15064.169,15426.299,15009.719,15412.509
2023-08-30,15412.889,15490.379,15319.869,15470.529
2023-08-31,15470.629,15571.409,15420.619,15512.699
2023-09-01,15512.529,15628.649,15426.109,15493.369
2023-09-03,15494.129,15511.579,15471.629,15510.659
2023-09-04,15510.659,15552.299,15461.389,15478.709
2023-09-05,15478.369,15558.779,15393.039,15482.309
2023-09-06,15482.579,15488.799,15287.129,15353.289
2023-09-07,15353.257,15369.799,15138.329,15265.329
2023-09-08,15265.709,15375.589,15207.719,15301.739
2023-09-10,15290.689,15321.389,15284.759,15311.729
2023-09-11,15312.089,15483.099,15302.139,15449.149
2023-09-12,15449.149,15464.779,15266.879,15276.269
2023-09-13,15276.287,15416.669,15201.209,15402.599
2023-09-14,15402.527,15514.899,15332.739,15501.259
2023-09-15,15501.519,15520.789,15170.279,15209.219
2023-09-17,15193.399,15231.799,15192.879,15218.669
2023-09-18,15218.909,15269.769,15143.139,15223.759
2023-09-19,15223.609,15252.549,15065.039,15173.649
2023-09-20,15173.789,15251.399,14905.079,14912.799
2023-09-21,14912.399,14935.909,14669.819,14708.689
2023-09-22,14708.627,14860.297,14684.039,14719.239
2023-09-24,14717.239,14753.109,14700.109,14748.649
2023-09-25,14748.789,14783.699,14615.199,14694.289
2023-09-26,14694.109,14726.709,14503.789,14577.519
2023-09-27,14577.299,14662.659,14428.579,14591.629
2023-09-28,14591.659,14793.589,14503.529,14717.859
2023-09-29,14718.049,14905.889,14660.729,14741.079
2023-10-01,14826.369,14849.349,14784.839,14830.769
2023-10-02,14830.809,14896.079,14676.619,14826.819
2023-10-03,14827.269,14876.309,14503.309,14533.909
2023-10-04,14534.049,14806.999,14442.269,14782.419
2023-10-05,14782.399,14814.379,14579.439,14735.829
2023-10-06,14735.869,15021.399,14522.819,14994.289
2023-10-08,14876.229,14901.269,14851.859,14866.629
2023-10-09,14867.029,15096.999,14813.109,15071.089
2023-10-10,15071.019,15242.789,15031.839,15156.039
2023-10-11,15156.259,15299.489,15116.589,15284.419
2023-10-12,15284.417,15338.287,15086.039,15199.799
2023-10-13,15199.747,15237.799,14938.059,14981.529
2023-10-15,14999.859,15063.799,14999.039,15036.179
2023-10-16,15036.239,15211.559,14959.339,15154.749
2023-10-17,15154.737,15189.169,14928.779,15095.579
2023-10-18,15095.699,15106.619,14862.849,14893.349
2023-10-19,14893.327,15028.799,14712.059,14748.559
2023-10-20,14748.769,14781.809,14545.717,14546.219
2023-10-22,14592.219,14614.899,14563.109,14584.019
2023-10-23,14584.129,14752.809,14414.879,14657.099
2023-10-24,14657.339,14849.399,14607.329,14710.549
2023-10-25,14710.879,14714.589,14215.559,14220.769
2023-10-26,14220.747,14372.749,14053.889,14217.799
2023-10-27,14217.819,14325.389,14128.249,14184.289
2023-10-29,14246.409,14269.199,14220.909,14259.069
2023-10-30,14259.067,14394.749,14225.229,14260.409
2023-10-31,14260.659,14420.899,14229.139,14388.529
2023-11-01,14388.749,14738.909,14330.069,14727.559
2023-11-02,14727.517,14929.889,14702.719,14879.589
2023-11-03,14879.419,15149.487,14853.589,15110.119
2023-11-05,15110.649,15123.887,15084.309,15100.209
2023-11-06,15100.569,15179.887,15061.739,15130.019
2023-11-07,15130.289,15336.589,15100.559,15283.709
2023-11-08,15284.109,15343.239,15213.319,15301.359
2023-11-09,15301.377,15384.909,15138.659,15178.847
2023-11-10,15178.809,15537.687,15138.329,15534.859
2023-11-12,15518.109,15531.309,15440.059,15444.209
2023-11-13,15444.117,15523.889,15397.037,15507.619
2023-11-14,15507.799,15861.089,15490.659,15849.549
2023-11-15,15849.679,15975.699,15759.819,15785.789
2023-11-16,15785.809,15843.399,15734.709,15831.219
2023-11-17,15831.317,15879.199,15764.659,15825.019
2023-11-19,15838.839,15843.989,15788.729,15794.409
2023-11-20,15794.549,16063.999,15778.009,16050.359
2023-11-21,16050.429,16054.829,15863.629,15918.139
2023-11-22,15918.359,16121.309,15889.889,16004.519
2023-11-23,16004.289,16041.809,16004.079,16017.569
2023-11-24,16017.547,16026.629,15937.809,15974.019
2023-11-26,15964.179,15964.389,15895.789,15904.059
2023-11-27,15904.189,16047.619,15896.729,15957.069
2023-11-28,15957.319,16045.499,15905.169,16034.579
2023-11-29,16034.489,16167.889,15975.299,16017.349
2023-11-30,16017.509,16060.479,15821.419,15920.609
2023-12-01,15920.527,16016.289,15831.279,15997.029
2023-12-03,15992.529,15993.389,15934.009,15948.789
2023-12-04,15948.399,15970.239,15692.819,15797.479
2023-12-05,15797.379,15961.189,15731.319,15952.699
2023-12-06,15952.949,16011.359,15776.939,15792.629
2023-12-07,15792.799,16044.409,15770.119,16006.619
2023-12-08,16007.239,16101.319,15871.219,16076.029
2023-12-10,16075.909,16097.879,16034.599,16037.009
2023-12-11,16036.589,16258.459,16029.509,16242.839
2023-12-12,16242.889,16390.719,16171.109,16383.259
2023-12-13,16383.439,16665.709,16355.449,16656.239
2023-12-14,16657.299,16664.409,16416.829,16564.249
2023-12-15,16564.169,16672.489,16543.359,16607.259
2023-12-17,16613.669,16639.399,16588.739,16638.809
2023-12-18,16638.659,16766.299,16594.749,16718.879
2023-12-19,16718.379,16835.709,16708.409,16830.769
2023-12-20,16830.469,16864.289,16550.509,16635.019
2023-12-21,16634.849,16766.819,16617.109,16713.679
2023-12-22,16713.779,16843.279,16692.849,16771.139
2023-12-25,16791.199,16830.269,16785.899,16823.809
2023-12-26,16823.669,16911.809,16786.819,16875.219
2023-12-27,16875.189,16958.099,16849.289,16944.519
2023-12-28,16944.619,16968.389,16889.629,16905.299
2023-12-29,16905.499,16943.009,16750.759,16823.819
2024-01-01,16829.339,16850.489,16812.889,16819.719
2024-01-02,16819.979,16848.589,16447.759,16518.409
2024-01-03,16518.439,16552.889,16349.949,16381.899
2024-01-04,16381.929,16420.879,16273.549,16280.789
2024-01-05,16281.009,16416.269,16173.219,16307.219
2024-01-07,16322.919,16340.599,16278.349,16288.909
2024-01-08,16288.969,16653.179,16218.749,16624.349
2024-01-09,16624.619,16716.629,16501.839,16677.259
2024-01-10,16677.257,16861.049,16653.059,16849.599
2024-01-11,16849.619,16906.589,16612.389,16806.279
2024-01-12,16806.529,16903.819,16727.029,16821.579
2024-01-14,16818.399,16853.069,16800.269,16853.069
2024-01-15,16852.909,16883.299,16743.72,16757.097
2024-01-16,16756.898,16898.364,16674.187,16785.298
2024-01-17,16785.186,16785.609,16559.731,16723.299
2024-01-18,16723.164,17050.72,16718.754,17041.52
2024-01-19,17041.889,17334.819,17020.254,17328.064
2024-01-21,17342.308,17441.186,17342.308,17424.521
2024-01-22,17424.62,17452.609,17304.054,17344.709
2024-01-23,17344.619,17473.098,17283.62,17470.319
2024-01-24,17470.186,17667.919,17445.242,17490.109
2024-01-25,17489.687,17631.897,17366.586,17374.064
2024-01-26,17373.754,17517.331,17348.831,17395.386
2024-01-28,17385.376,17434.289,17344.664,17418.153
2024-01-29,17418.065,17623.489,17409.71,17600.008
2024-01-30,17600.965,17616.399,17302.387,17341.689
2024-01-31,17341.507,17381.254,17118.686,17218.798
2024-02-01,17218.708,17535.486,17164.21,17511.175
2024-02-02,17510.731,17684.009,17371.432,17631.519
2024-02-04,17606.321,17636.897,17573.721,17593.932
2024-02-05,17593.286,17655.042,17465.231,17649.275
2024-02-06,17649.554,17679.165,17473.12,17571.576
2024-02-07,17571.343,17785.198,17542.719,17765.699
2024-02-08,17765.564,17815.553,17708.608,17781.942
2024-02-09,17781.775,17988.499,17777.609,17947.709
2024-02-11,17959.343,17959.597,17921.321,17937.519
2024-02-12,17936.953,18043.321,17839.875,17852.199
2024-02-13,17851.81,17885.908,17474.742,17610.098
2024-02-14,17610.03,17813.976,17608.864,17805.608
2024-02-15,17805.475,17901.309,17715.889,17872.197
2024-02-16,17871.942,17959.387,17652.442,17659.489
2024-02-18,17669.519,17742.989,17669.342,17717.987
2024-02-19,17718.12,17747.419,17608.798,17621.809
2024-02-20,17621.865,17665.919,17393.086,17495.019
2024-02-21,17494.798,17744.989,17313.765,17742.198
2024-02-22,17742.21,18035.164,17727.865,17999.143
2024-02-23,17999.119,18094.575,17896.531,17911.521
2024-02-25,17915.364,17939.589,17873.375,17900.576
2024-02-26,17900.899,18014.809,17880.721,17910.042
2024-02-27,17909.798,17995.531,17864.897,17955.631
2024-02-28,17955.553,17962.687,17824.22,17884.921
2024-02-29,17884.819,18091.989,17785.32,18078.943
2024-03-01,18079.254,18335.41,17990.798,18287.009
2024-03-03,18301.109,18328.287,18289.475,18311.699
2024-03-04,18312.009,18339.932,18152.342,18175.199
2024-03-05,18175.021,18175.475,17802.089,17951.476
2024-03-06,17951.507,18147.419,17908.443,17948.864
2024-03-07,17948.92,18336.989,17892.053,18261.265
2024-03-08,18261.598,18418.087,17995.021,18043.165
2024-03-10,17983.732,18038.098,17959.12,17977.153
2024-03-11,17977.232,18048.476,17874.719,18035.199
2024-03-12,18035.087,18228.389,17914.443,18195.386
2024-03-13,18195.276,18245.475,18026.675,18117.376
2024-03-14,18117.665,18173.842,17911.008,17994.81
2024-03-15,17994.953,18073.099,17759.221,17826.465
2024-03-17,17845.421,17880.643,17817.198,17879.589
2024-03-18,17879.499,18135.519,17876.654,17931.109
2024-03-19,17930.842,18041.043,17806.075,17995.787
2024-03-20,17995.998,18352.286,17983.921,18348.031
2024-03-21,18348.029,18465.799,18291.365,18312.575
2024-03-22,18312.353,18391.043,18252.387,18324.689
2024-03-24,18339.525,18364.542,18316.554,18339.887
2024-03-25,18339.874,18340.798,18179.354,18292.41
2024-03-26,18292.943,18387.798,18210.765,18268.042
2024-03-27,18267.764,18352.31,18156.076,18278.265
2024-03-28,18278.475,18317.354,18226.332,18251.664
2024-03-31,18315.242,18391.875,18315.242,18354.687
2024-04-01,18354.364,18391.11,18202.243,18276.054
2024-04-02,18276.11,18301.086,17996.165,18088.943
2024-04-03,18088.72,18280.31,18027.12,18241.919
2024-04-04,18241.964,18364.899,17861.798,17893.331
2024-04-05,17893.664,18210.709,17859.219,18087.654
2024-04-07,18134.198,18136.397,18086.197,18128.608
2024-04-08,18128.154,18182.219,18044.286,18102.232
2024-04-09,18102.42,18215.843,17969.987,18190.875
2024-04-10,18190.975,18278.921,17865.886,18011.198
2024-04-11,18011.286,18335.465,17913.008,18311.843
2024-04-12,18311.686,18325.886,17949.354,18018.243
2024-04-14,18002.599,18084.689,18000.775,18050.831
2024-04-15,18051.12,18180.089,17625.754,17664.654
2024-04-16,17664.808,17820.343,17622.019,17765.242
2024-04-17,17765.765,17802.899,17456.353,17563.589
2024-04-18,17563.689,17614.389,17033.708,17133.475
2024-04-19,17132.486,17403.299,16969.61,17033.586
2024-04-21,17077.61,17128.689,17056.775,17097.054
2024-04-22,17097.153,17305.02,17005.92,17182.231
2024-04-23,17182.708,17598.453,17173.075,17589.331
2024-04-24,17589.476,17658.376,17314.009,17331.532
2024-04-25,17331.765,17690.131,17176.143,17633.832
2024-04-26,17633.965,17772.789,17540.442,17706.121
2024-04-28,17730.287,17783.843,17725.331,17773.889
2024-04-29,17773.854,17821.298,17665.575,17785.708
2024-04-30,17785.743,17788.809,17351.798,17395.197
2024-05-01,17395.054,17676.119,17283.331,17442.308
2024-05-02,17442.131,17700.586,17283.131,17653.81
2024-05-03,17653.632,17941.01,17612.454,17914.876
2024-05-05,17926.221,17929.319,17885.497,17895.698
2024-05-06,17895.699,18094.519,17874.064,18072.531
2024-05-07,18072.309,18156.821,18044.543,18094.342
2024-05-08,18094.219,18138.398,17965.743,18063.942
2024-05-09,18064.076,18143.176,18004.032,18119.731
2024-05-10,18119.686,18250.053,18091.389,18151.499
2024-05-12,18140.276,18166.098,18132.531,18159.376
2024-05-13,18159.308,18238.731,18139.831,18176.909
2024-05-14,18177.342,18339.819,18075.898,18328.731
2024-05-15,18328.708,18638.887,18294.731,18634.82
2024-05-16,18635.021,18669.932,18542.753,18556.91
2024-05-17,18556.897,18592.809,18456.554,18536.143
2024-05-19,18565.999,18588.975,18563.342,18586.71
2024-05-20,18586.609,18707.986,18549.009,18661.643
2024-05-21,18661.199,18737.397,18591.643,18725.82
2024-05-22,18725.453,18862.664,18602.186,18862.664
2024-05-23,18862.81,18945.643,18549.354,18651.043
2024-05-24,18650.953,18853.975,18611.664,18799.019
2024-05-26,18812.565,18815.889,18763.197,18779.043
2024-05-27,18779.599,18886.189,18777.398,18847.831
2024-05-28,18847.597,18911.364,18751.487,18824.409
2024-05-29,18824.121,18832.887,18622.697,18629.508
2024-05-30,18629.386,18723.719,18439.275,18462.81
2024-05-31,18463.054,18604.132,18188.154,18525.898
2024-06-02,18495.597,18595.598,18492.097,18591.82
2024-06-03,18591.754,18703.164,18389.154,18608.742
2024-06-04,18608.81,18716.476,18464.809,18705.22
2024-06-05,18705.143,19061.821,18654.654,19050.808
2024-06-06,19050.865,19076.419,18974.21,19050.62
2024-06-07,19050.742,19117.665,18901.254,18987.775
2024-06-09,19002.308,19022.309,18978.199,19000.219
2024-06-10,19000.221,19093.721,18937.275,19052.964
2024-06-11,19052.765,19237.076,18964.554,19222.886
2024-06-12,19222.564,19594.799,19208.531,19588.587
2024-06-13,19588.787,19656.153,19473.176,19610.486
2024-06-14,19610.831,19670.099,19478.242,19665.61
2024-06-16,19668.721,19705.999,19665.62,19680.387
2024-06-17,19680.789,19990.332,19624.032,19891.243
2024-06-18,19891.375,19979.898,19839.41,19931.019
2024-06-19,19931.087,19980.499,19924.319,19973.443
2024-06-20,19973.731,20083.989,19678.632,19786.02
2024-06-21,19785.919,19814.086,19641.897,19731.721
2024-06-23,19734.82,19752.987,19643.01,19673.987
2024-06-24,19673.898,19753.897,19458.343,19511.931
2024-06-25,19512.075,19742.589,19458.642,19734.821
2024-06-26,19734.932,19806.808,19614.843,19663.889
2024-06-27,19663.989,19887.219,19649.797,19880.799
2024-06-28,19881.286,20021.743,19660.787,19712.154
2024-06-30,19723.253,19758.109,19687.698,19752.753
2024-07-01,19753.575,19831.089,19571.098,19732.576
2024-07-02,19732.465,20014.31,19669.421,19997.953
2024-07-03,19998.089,20197.389,19963.187,20166.11
2024-07-04,20165.975,20179.098,20132.164,20175.543
2024-07-05,20175.81,20405.119,20151.164,20378.386
2024-07-07,20365.399,20384.731,20346.431,20365.308
2024-07-08,20365.317,20522.398,20350.221,20489.397
2024-07-09,20488.864,20546.399,20389.576,20485.619
2024-07-10,20485.743,20689.309,20471.254,20648.053
2024-07-11,20647.097,20757.354,20162.698,20210.854
2024-07-12,20211.032,20528.676,20128.52,20329.743
2024-07-14,20331.275,20372.399,20299.61,20363.989
2024-07-15,20363.642,20586.853,20301.71,20450.198
2024-07-16,20450.242,20481.489,20262.276,20349.953
2024-07-17,20349.898,20352.965,19770.653,19868.153
2024-07-18,19868.575,19968.689,19569.789,19770.009
2024-07-19,19769.653,19792.492,19475.992,19517.601
2024-07-21,19588.287,19662.453,19541.187,19574.776
2024-07-22,19575.219,19860.72,19563.164,19770.054
2024-07-23,19769.876,19908.808,19614.11,19645.686
2024-07-24,19645.52,19650.353,19005.786,19069.898
2024-07-25,19069.764,19228.489,18721.21,18912.587
2024-07-26,18912.465,19147.189,18890.608,19026.265
2024-07-28,19062.71,19178.942,19049.931,19137.219
2024-07-29,19136.919,19227.275,18927.931,18958.908
2024-07-30,18959.665,19171.243,18583.953,18963.221
2024-07-31,18962.843,19572.586,18950.931,19523.32
2024-08-01,19522.542,19547.632,18557.81,18632.843
2024-08-02,18634.198,18672.854,18260.253,18430.343
2024-08-04,18153.831,18264.599,17948.253,17992.22
2024-08-05,17992.532,18320.399,17234.797,18225.589
2024-08-06,18225.689,18369.899,17852.854,18240.432
2024-08-07,18240.565,18448.086,17642.309,17923.743
2024-08-08,17923.697,18515.832,17773.464,18487.153
2024-08-09,18486.709,18572.876,18282.699,18510.232
2024-08-11,18553.189,18564.065,18415.376,18550.642
2024-08-12,18551.453,18664.121,18423.62,18580.042
2024-08-13,18579.865,19054.189,18551.119,19001.642
2024-08-14,19001.475,19117.643,18834.01,19113.798
2024-08-15,19114.887,19545.02,19006.765,19528.231
2024-08-16,19528.419,19584.332,19350.886,19523.499
2024-08-18,19575.82,19578.697,19529.287,19567.154
2024-08-19,19567.287,19819.899,19431.598,19818.92
2024-08-20,19818.876,19837.165,19650.82,19729.976
2024-08-21,19730.031,19894.519,19685.41,19796.153
2024-08-22,19796.642,19937.008,19457.565,19571.921
2024-08-23,19572.097,19823.419,19517.053,19706.098
2024-08-25,19738.389,19757.321,19642.131,19716.01
2024-08-26,19716.175,19770.865,19432.697,19521.932
2024-08-27,19522.075,19621.397,19371.354,19551.431
2024-08-28,19551.076,19619.699,19076.886,19196.489
2024-08-29,19196.197,19628.354,19195.664,19413.231
2024-08-30,19413.698,19579.909,19320.02,19544.219
2024-09-01,19563.543,19575.999,19518.221,19546.176
2024-09-02,19546.109,19633.575,19460.319,19503.787
2024-09-03,19503.198,19594.889,18778.431,18846.131
2024-09-04,18846.076,19069.699,18783.598,18922.109
2024-09-05,18921.087,19108.542,18756.42,18854.989
2024-09-06,18854.853,18936.243,18396.819,18410.132
2024-09-08,18383.521,18493.086,18354.521,18486.743
2024-09-09,18487.108,18704.621,18464.031,18641.91
2024-09-10,18642.119,18846.587,18551.889,18758.065
2024-09-11,18757.964,19276.164,18525.286,19253.189
2024-09-12,19252.31,19460.476,19159.31,19407.376
2024-09-13,19407.309,19557.565,19382.119,19495.865
2024-09-15,19465.514,19526.097,19464.981,19498.275
2024-09-16,19498.601,19524.492,19283.799,19412.053
2024-09-17,19412.386,19603.775,19326.008,19464.709
2024-09-18,19464.597,19652.097,19322.565,19581.442
2024-09-19,19581.332,19956.143,19558.965,19786.898
2024-09-20,19787.187,19852.708,19625.065,19775.732
2024-09-22,19768.109,19928.808,19768.109,19917.643
2024-09-23,19917.754,19931.799,19724.043,19820.198
2024-09-24,19820.243,19992.908,19729.72,19894.176
2024-09-25,19894.287,20108.108,19837.542,20102.82
2024-09-26,20102.765,20313.799,19961.886,20076.353
2024-09-27,20076.499,20176.099,19953.289,19987.72
2024-09-29,19967.431,20068.289,19936.932,19971.789
2024-09-30,19971.599,20118.686,19842.375,20081.109
2024-10-01,20081.621,20112.689,19619.931,19759.11
2024-10-02,19759.465,19882.064,19627.476,19758.564
2024-10-03,19758.487,19911.619,19647.942,19842.664
2024-10-04,19842.554,20066.098,19775.021,20023.887
2024-10-06,20046.765,20067.699,20005.22,20020.81
2024-10-07,20020.808,20037.386,19713.831,19808.786
2024-10-08,19808.631,20135.087,19752.731,20053.197
2024-10-09,20053.021,20289.52,20003.308,20276.997
2024-10-10,20276.864,20318.21,20110.954,20265.82
2024-10-11,20266.109,20315.199,20133.199,20243.498
2024-10-13,20235.587,20272.721,20206.52,20225.02
2024-10-14,20225.286,20498.742,20213.243,20444.51
2024-10-15,20444.498,20482.232,20078.409,20203.076
2024-10-16,20202.932,20221.776,20032.508,20130.865
2024-10-17,20129.721,20419.921,20114.431,20212.287
2024-10-18,20212.043,20366.319,20188.087,20331.987
2024-10-20,20352.997,20361.999,20323.964,20329.576
2024-10-21,20329.342,20392.776,20182.754,20299.887
2024-10-22,20299.109,20444.286,20201.298,20361.542
2024-10-23,20361.999,20383.943,19931.864,20184.153
2024-10-24,20184.298,20280.076,20113.586,20253.565
2024-10-25,20253.643,20556.564,20220.52,20330.597
2024-10-27,20455.019,20504.419,20442.543,20469.198
2024-10-28,20468.889,20532.532,20314.742,20318.819
2024-10-29,20319.232,20647.61,20292.019,20588.231
2024-10-30,20588.331,20624.099,20263.398,20283.264
2024-10-31,20283.465,20285.908,19877.831,19961.287
2024-11-01,19961.887,20165.11,19929.876,20054.798
2024-11-03,20013.042,20127.397,19951.897,20114.153
2024-11-04,20114.01,20127.475,19894.61,19967.353
2024-11-05,19967.508,20521.431,19967.42,20478.465
2024-11-06,20478.075,20808.209,20348.61,20796.775
2024-11-07,20796.875,21132.953,20784.165,21108.176
2024-11-08,21108.265,21153.898,21005.653,21121.753
2024-11-10,21174.021,21202.031,21149.143,21178.032
2024-11-11,21178.419,21230.919,20988.721,21114.564
2024-11-12,21114.606,21143.999,20945.797,21030.664
2024-11-13,21030.832,21157.854,20950.187,21027.587
2024-11-14,21030.198,21079.01,20779.054,20813.51
2024-11-15,20812.986,20823.199,20311.231,20402.243
2024-11-17,20414.265,20561.699,20381.775,20554.121
2024-11-18,20554.576,20630.198,20387.021,20585.953
2024-11-19,20586.087,20744.243,20287.119,20711.908
2024-11-20,20712.075,20752.832,20388.398,20592.609
2024-11-21,20592.631,20821.208,20431.887,20727.709
2024-11-22,20729.22,20801.053,20612.798,20775.898
2024-11-24,20859.564,20892.698,20852.664,20888.999
2024-11-25,20888.62,21004.697,20682.031,20828.509
2024-11-26,20828.087,20952.208,20778.509,20891.653
2024-11-27,20892.02,20914.889,20611.389,20792.354
2024-11-28,20792.486,20878.121,20763.653,20872.709
2024-11-29,20872.732,20957.389,20747.765,20928.308
2024-12-01,20942.353,20944.742,20884.12,20899.043
2024-12-02,20899.242,21199.809,20881.887,21166.065
2024-12-03,21166.143,21300.919,21077.119,21298.599
2024-12-04,21297.799,21496.82,21284.486,21457.821
2024-12-05,21457.965,21515.789,21377.132,21425.532
2024-12-06,21425.643,21624.41,21396.965,21599.153
2024-12-08,21596.442,21626.243,21582.609,21595.199
2024-12-09,21595.208,21662.21,21398.497,21428.853
2024-12-10,21428.631,21569.487,21312.397,21390.175
2024-12-11,21390.065,21779.419,21364.864,21726.021
2024-12-12,21726.675,21743.519,21583.043,21693.22
2024-12-13,21693.464,21883.743,21643.398,21748.442
2024-12-15,21765.51,21801.099,21742.189,21780.453
2024-12-16,21780.531,22132.709,21764.01,22095.71
2024-12-17,22096.02,22101.889,21884.264,22012.798
2024-12-18,22012.719,22064.764,21011.62,21186.543
2024-12-19,21186.154,21400.409,20929.697,20973.631
2024-12-20,20973.909,21553.032,20733.82,21295.91
2024-12-22,21316.187,21438.187,21316.187,21434.821
2024-12-23,21435.51,21511.875,21217.043,21490.654
2024-12-24,21490.543,21802.665,21477.665,21799.586
2024-12-25,21811.265,21865.319,21798.265,21840.676
2024-12-26,21840.889,21852.231,21632.854,21717.742
2024-12-27,21716.22,21735.575,21278.419,21502.808
2024-12-29,21488.797,21521.309,21450.631,21468.009
2024-12-30,21468.308,21469.889,21039.053,21194.976
2024-12-31,21194.664,21309.675,20974.42,21035.775
2025-01-01,21070.242,21133.231,20915.776,21118.389
2025-01-02,21118.81,21283.943,20783.787,21032.119
2025-01-03,21032.187,21360.597,21015.009,21291.365
2025-01-05,21339.209,21345.543,21282.332,21325.564
2025-01-06,21325.675,21702.499,21323.789,21532.386
2025-01-07,21532.708,21617.853,21096.11,21209.864
2025-01-08,21209.987,21264.41,20980.71,21128.642
2025-01-09,21128.554,21152.543,21004.732,21127.154
2025-01-10,21127.499,21196.853,20701.909,20850.765
2025-01-12,20835.142,20869.609,20692.853,20731.264
2025-01-13,20731.121,20924.099,20528.108,20878.765
2025-01-14,20878.875,20979.289,20614.808,20786.043
2025-01-15,20786.008,21283.797,20750.31,21222.398
2025-01-16,21222.308,21398.309,21028.086,21135.609
2025-01-17,21135.764,21524.131,21099.709,21430.831
2025-01-19,21442.697,21465.587,21375.686,21413.642
2025-01-20,21413.897,21627.035,21229.61,21456.008
2025-01-21,21455.94,21728.687,21377.587,21721.519
2025-01-22,21721.409,21942.389,21691.886,21814.687
2025-01-23,21814.898,21920.689,21706.432,21857.697
2025-01-24,21857.553,21943.564,21707.897,21762.297
2025-01-26,21629.81,21629.81,21338.021,21362.264
2025-01-27,21361.919,21371.386,20628.832,21175.075
2025-01-28,21175.699,21501.689,21035.32,21474.065
2025-01-29,21473.776,21574.065,21246.865,21540.253
2025-01-30,21540.476,21671.789,21301.486,21614.709
2025-01-31,21615.098,21847.954,21419.186,21456.553
2025-02-02,21025.775,21042.065,20837.498,20904.976
2025-02-03,20905.389,21488.275,20887.731,21340.176
2025-02-04,21340.476,21583.098,21134.297,21454.775
2025-02-05,21454.932,21701.143,21323.665,21699.942
2025-02-06,21699.475,21801.753,21601.921,21759.421
2025-02-07,21759.775,21871.01,21462.51,21494.497
2025-02-09,21342.142,21608.389,21324.821,21589.797
2025-02-10,21589.909,21795.909,21589.12,21688.786
2025-02-11,21689.098,21780.464,21575.286,21690.31
2025-02-12,21690.697,21838.343,21419.31,21819.086
2025-02-13,21818.865,22062.396,21665.153,22057.832
2025-02-14,22058.009,22143.475,21958.232,22135.198
2025-02-16,22156.808,22199.286,22118.954,22198.41
2025-02-17,22198.632,22203.999,22116.186,22192.964
2025-02-18,22192.71,22243.586,22025.686,22189.954
2025-02-19,22190.042,22224.487,22043.998,22096.508
2025-02-20,22096.298,22146.465,21876.642,22054.775
2025-02-21,22054.687,22175.521,21596.153,21616.91
2025-02-23,21638.076,21729.297,21610.553,21708.742
2025-02-24,21709.231,21745.543,21301.631,21356.532
2025-02-25,21356.832,21386.753,20927.532,21189.631
2025-02-26,21189.821,21350.708,21007.021,21113.92
2025-02-27,21113.919,21329.142,20468.01,20568.419
2025-02-28,20568.587,20895.489,20413.175,20850.899
2025-03-02,20951.01,20988.332,20792.232,20905.389
2025-03-03,20905.119,21073.999,20275.698,20487.387
2025-03-04,20487.919,20689.687,20033.409,20495.497
2025-03-05,20495.621,20685.697,20179.564,20599.354
2025-03-06,20599.187,20608.697,19969.597,20150.142
2025-03-07,20150.599,20255.575,19734.632,20179.398
2025-03-09,20074.31,20124.61,19904.753,20097.232
2025-03-10,20097.175,20123.499,19113.775,19405.897
2025-03-11,19405.52,19657.264,19175.742,19424.643
2025-03-12,19424.71,19761.286,19361.11,19498.964
2025-03-13,19498.887,19610.554,19152.154,19435.043
2025-03-14,19434.264,19724.889,19354.921,19644.064
2025-03-16,19615.21,19622.619,19535.232,19569.409
2025-03-17,19569.232,19944.089,19538.297,19721.575
2025-03-18,19721.421,19818.709,19391.643,19550.298
2025-03-19,19550.376,19926.542,19447.676,19867.11
2025-03-20,19866.964,19891.686,19520.0,19673.175
2025-03-21,19673.309,19769.786,19403.12,19752.064
2025-03-23,19880.186,19936.543,19854.308,19902.353
2025-03-24,19902.197,20201.419,19894.143,20133.331
2025-03-25,20133.319,20336.153,20088.275,20279.01
2025-03-26,20279.699,20297.699,19806.93,19936.819
2025-03-27,19936.986,20000.319,19741.286,19798.442
2025-03-28,19798.297,19817.975,19229.642,19231.164
2025-03-30,19113.353,19142.118,18979.974,19046.452
2025-03-31,19046.597,19312.585,18797.942,19205.286
2025-04-01,19204.585,19518.32,19090.088,19406.741
2025-04-02,19406.719,19808.218,18646.487,18958.842
2025-04-03,18959.053,19002.743,18438.786,18479.319
2025-04-04,18479.154,18519.153,17302.276,17382.321
2025-04-06,16537.476,16884.221,16324.253,16755.164
2025-04-07,16755.699,18221.732,16341.497,17684.108
2025-04-08,17683.189,18221.942,16712.953,16921.043
2025-04-09,16910.689,19229.298,16606.486,18950.497
2025-04-10,18950.253,19032.621,17780.42,18224.331
2025-04-11,18224.476,18732.089,18137.932,18668.799
2025-04-13,18909.709,18969.719,18791.464,18911.998
2025-04-14,18911.621,19114.131,18600.531,18734.076
2025-04-15,18734.176,19003.631,18501.608,18557.843
2025-04-16,18557.92,18723.932,17991.542,18381.619
2025-04-17,18381.809,18535.286,18146.832,18288.81
2025-04-20,18169.276,18248.809,18068.842,18096.331
2025-04-21,18096.731,18135.253,17587.053,17918.164
2025-04-22,17917.765,18688.254,17837.11,18572.586
2025-04-23,18572.365,19051.554,18549.375,18634.632
2025-04-24,18634.121,19357.421,18481.364,19275.189
2025-04-25,19275.053,19454.287,19108.021,19446.843
2025-04-27,19366.609,19404.898,19285.408,19309.92
2025-04-28,19310.086,19528.387,19153.865,19468.121
2025-04-29,19468.075,19584.164,19277.143,19405.431
2025-04-30,19405.298,19857.51,19008.264,19815.942
2025-05-01,19816.119,20026.575,19656.064,19864.931
2025-05-02,19864.887,20178.789,19770.286,20108.376
2025-05-04,20046.264,20070.875,19895.521,19939.075
2025-05-05,19939.553,20101.121,19848.097,19865.498
2025-05-06,19865.654,20042.299,19650.942,19909.842
2025-05-07,19910.886,20039.264,19593.886,20014.765
2025-05-08,20014.687,20249.198,19897.499,20072.998
2025-05-09,20071.954,20200.676,19979.287,20054.042
2025-05-11,20331.089,20467.476,20299.375,20449.554
2025-05-12,20449.764,20912.319,20432.942,20788.721
2025-05-13,20788.587,21263.989,20735.276,21190.899
2025-05-14,21190.776,21339.889,21154.11,21323.276
2025-05-15,21323.486,21445.32,21109.31,21320.798
2025-05-16,21320.621,21431.443,21240.489,21415.454
2025-05-18,21268.954,21337.642,21181.519,21185.165
2025-05-19,21185.087,21485.289,21033.676,21377.587
2025-05-20,21377.454,21409.899,21224.564,21305.889
2025-05-21,21306.042,21486.264,21001.409,21085.932
2025-05-22,21086.198,21266.587,20969.719,21119.876
2025-05-23,21120.031,21167.389,20663.631,20890.743
2025-05-25,20976.632,21177.119,20973.109,21137.286
2025-05-26,21137.676,21252.321,21108.62,21127.198
2025-05-27,21127.01,21431.589,21088.52,21407.632
2025-05-28,21407.798,21777.686,21276.197,21735.887
2025-05-29,21735.664,21804.054,21220.419,21311.221
2025-05-30,21311.121,21387.376,21023.564,21326.898
2025-06-01,21261.619,21303.999,21212.254,21219.821
2025-06-02,21219.808,21515.765,21119.165,21426.187
2025-06-03,21426.086,21717.819,21357.721,21633.743
2025-06-04,21633.697,21763.697,21603.408,21707.308
2025-06-05,21707.321,21894.687,21457.732,21555.797
2025-06-06,21555.542,21838.443,21546.553,21766.642
2025-06-08,21773.098,21781.199,21685.519,21709.975
2025-06-09,21709.843,21945.875,21695.11,21920.998
2025-06-10,21920.454,21976.586,21706.599,21869.919
2025-06-11,21869.764,22068.853,21730.853,21762.086
2025-06-12,21762.121,21954.997,21454.153,21512.665
2025-06-13,21512.842,21837.664,21504.608,21662.209
2025-06-15,21591.21,21704.397,21535.542,21689.254
2025-06-16,21689.053,21981.509,21656.042,21874.831
2025-06-17,21874.742,21899.699,21630.798,21744.189
2025-06-18,21744.119,21865.489,21563.309,21616.121
2025-06-19,21616.332,21703.187,21424.098,21669.242
2025-06-20,21669.442,21907.899,21546.121,21641.02
2025-06-22,21510.897,21565.608,21482.586,21539.897
2025-06-23,21539.787,22053.442,21519.253,22017.389
2025-06-24,22016.253,22223.819,22002.565,22183.008
2025-06-25,22183.143,22328.943,22167.787,22256.043
2025-06-26,22256.197,22494.131,22256.197,22478.832
2025-06-27,22479.087,22603.799,22383.109,22520.232
2025-06-29,22557.598,22654.043,22538.376,22642.399
2025-06-30,22642.099,22716.299,22563.331,22663.709
2025-07-01,22663.765,22669.908,22384.709,22526.787
2025-07-02,22528.965,22655.699,22372.589,22635.686
2025-07-03,22635.519,22897.789,22619.465,22818.153
2025-07-04,22818.087,22822.699,22685.854,22708.954
2025-07-06,22804.819,22827.565,22720.41,22763.999
2025-07-07,22763.619,22807.264,22583.61,22739.565
2025-07-08,22739.554,22775.099,22647.119,22686.065
2025-07-09,22685.82,22916.342,22649.154,22828.342
2025-07-10,22828.22,22900.297,22648.532,22763.375
2025-07-11,22763.276,22839.898,22670.92,22759.054
2025-07-13,22665.221,22707.586,22637.298,22677.498
2025-07-14,22677.599,22995.808,22625.519,22878.342
2025-07-15,22878.032,23046.075,22799.454,22837.075
2025-07-16,22836.998,22927.519,22666.054,22853.609
2025-07-17,22853.498,23122.587,22846.453,23114.398
2025-07-18,23114.242,23155.489,23013.408,23062.009
2025-07-20,23050.998,23116.699,23044.342,23096.987
2025-07-21,23097.053,23263.189,23063.442,23188.699
2025-07-22,23188.52,23190.099,22955.689,23091.742
2025-07-23,23091.532,23270.509,22996.21,23253.708
2025-07-24,23253.565,23290.589,23148.853,23276.153
2025-07-25,23276.887,23331.475,23188.554,23287.743
2025-07-27,23382.02,23421.489,23359.954,23406.731
2025-07-28,23406.543,23439.743,23296.132,23398.164
2025-07-29,23397.843,23513.099,23281.887,23353.51
2025-07-30,23354.075,23658.489,23219.953,23652.32
2025-07-31,23651.52,23710.097,23101.597,23202.419
2025-08-01,23202.531,23212.043,22670.01,22772.789
2025-08-03,22738.789,22863.631,22703.631,22860.453
2025-08-04,22860.632,23257.275,22829.843,23223.608
2025-08-05,23223.353,23287.089,22935.086,23044.789
2025-08-06,23044.776,23398.986,22996.71,23376.476
2025-08-07,23376.532,23559.986,23224.087,23473.932
2025-08-08,23474.389,23660.487,23402.232,23660.487
2025-08-10,23628.576,23665.599,23596.453,23651.789
2025-08-11,23651.508,23700.689,23484.231,23549.353
2025-08-12,23549.699,23864.789,23494.232,23844.031
2025-08-13,23843.997,23968.398,23786.986,23842.664
2025-08-14,23842.565,23909.409,23696.82,23825.664
2025-08-15,23825.532,23870.389,23646.353,23719.786
2025-08-17,23746.786,23793.099,23745.208,23788.389
2025-08-18,23788.109,23790.708,23632.754,23678.686
2025-08-19,23679.054,23719.389,23286.775,23311.008
2025-08-20,23311.119,23370.432,22957.576,23275.532
2025-08-21,23275.42,23288.665,23042.742,23134.397
2025-08-22,23134.209,23576.589,23005.665,23504.265
2025-08-24,23501.654,23525.819,23451.376,23452.776
2025-08-25,23452.675,23547.599,23304.654,23381.997
2025-08-26,23381.72,23562.889,23349.22,23545.589
2025-08-27,23545.542,23594.119,23426.72,23493.108
2025-08-28,23493.208,23740.598,23478.876,23669.421
2025-08-29,23669.709,23683.899,23351.604,23417.708
2025-08-31,23428.242,23504.749,23416.525,23421.327
2025-09-01,23421.403,23462.319,23323.499,23381.547
2025-09-02,23381.458,23407.088,22981.066,23279.164
2025-09-03,23279.249,23490.492,23257.319,23439.186
2025-09-04,23439.253,23704.708,23368.87,23699.749
2025-09-05,23699.425,23864.197,23468.338,23638.842
2025-09-07,23633.264,23757.414,23616.264,23706.936
2025-09-08,23706.742,23851.506,23693.175,23795.036
2025-09-09,23794.764,23887.631,23693.413,23882.047
2025-09-10,23882.175,24009.97,23755.85,23882.186
2025-09-11,23882.319,24016.18,23845.547,23983.903
2025-09-12,23984.142,24136.208,23949.5,24089.114
2025-09-14,24094.025,24111.414,24074.264,24099.992
2025-09-15,24100.186,24324.375,24058.025,24312.356
2025-09-16,24312.868,24388.651,24245.744,24274.414
2025-09-17,24274.547,24371.749,23992.879,24370.047
2025-09-18,24369.264,24563.066,24335.611,24465.569
2025-09-19,24465.686,24636.969,24408.381,24619.675
2025-09-21,24598.999,24625.903,24577.458,24602.719
2025-09-22,24603.153,24781.469,24499.186,24757.242
2025-09-23,24757.381,24784.566,24537.57,24593.569
2025-09-24,24593.653,24670.925,24387.941,24552.469
2025-09-25,24552.575,24552.664,24185.803,24374.881
2025-09-26,24374.899,24517.327,24295.513,24516.271
2025-09-28,24503.014,24587.289,24501.553,24586.253
2025-09-29,24586.165,24747.529,24555.38,24626.319
2025-09-30,24626.469,24688.146,24499.036,24565.469
2025-10-01,24565.514,24861.969,24412.522,24842.97
2025-10-02,24843.069,24965.153,24780.569,24949.286
2025-10-03,24949.469,24987.544,24713.25,24773.87
2025-10-05,24798.558,24882.197,24798.558,24876.708
2025-10-06,24876.779,25044.779,24841.12,24945.431
2025-10-07,24945.247,25067.149,24778.261,24888.447
2025-10-08,24888.338,25194.511,24826.947,25111.794
2025-10-09,25111.5,25168.653,24964.131,25149.272
2025-10-10,25149.381,25198.779,24206.881,24264.469
2025-10-12,24379.749,24680.664,24379.749,24632.392
2025-10-13,24631.675,24867.066,24549.294,24776.794
2025-10-14,24776.62,24781.316,24247.219,24639.305
2025-10-15,24638.675,24939.208,24489.694,24764.588
2025-10-16,24764.664,25003.779,24472.881,24599.447
2025-10-17,24599.066,24883.399,24244.642,24840.827
2025-10-19,24921.069,24928.947,24790.033,24885.708
2025-10-20,24885.816,25203.794,24874.294,25183.349
2025-10-21,25183.066,25191.642,25039.555,25113.022
2025-10-22,25113.327,25177.708,24647.569,24945.316
2025-10-23,24946.029,25175.899,24783.761,25159.62
2025-10-24,25160.37,25418.088,25154.664,25356.936
2025-10-26,25602.469,25626.679,25554.161,25614.803
2025-10-27,25614.249,25874.75,25607.053,25839.022
2025-10-28,25838.555,26109.029,25800.261,26101.186
2025-10-29,26100.142,26257.272,25905.819,26236.219
2025-10-30,26236.283,26240.149,25713.164,26055.37
2025-10-31,26055.305,26136.588,25753.164,25847.87
2025-11-02,25889.72,25988.208,25879.036,25950.099
2025-11-03,25949.805,26131.149,25776.522,25793.642
2025-11-04,25794.664,25797.779,25159.372,25341.644
2025-11-05,25341.999,25752.016,25280.611,25617.186
2025-11-06,25617.294,25700.925,25051.242,25139.219
2025-11-07,25138.272,25244.12,24601.887,25092.449
2025-11-09,25239.066,25382.029,25162.761,25359.783
2025-11-10,25360.088,25667.5,25351.283,25588.849
2025-11-11,25588.719,25656.699,25377.655,25612.199
2025-11-12,25611.916,25725.879,25387.341,25585.319
2025-11-13,25585.237,25617.369,24905.106,24941.458
2025-11-14,24941.511,25200.758,24531.794,25041.691
2025-11-16,25048.529,25197.149,24933.753,25187.197
2025-11-17,25187.37,25273.529,24523.664,24646.099
2025-11-18,24646.131,24774.279,24296.772,24440.62
2025-11-19,24441.653,25111.399,24365.261,25103.088
2025-11-20,25103.305,25221.939,23946.349,24097.349
2025-11-21,24096.208,24520.071,23831.011,24251.073
2025-11-23,24415.525,24462.242,24335.327,24383.055
2025-11-24,24382.958,24920.138,24292.481,24865.392
2025-11-25,24865.555,25134.197,24533.899,25106.686
2025-11-26,25106.555,25310.038,25057.533,25261.972
2025-11-27,25262.114,25310.52,25223.266,25291.161
2025-11-28,25291.15,25443.242,25275.131,25421.19
2025-11-30,25472.492,25479.992,25176.631,25180.149
2025-12-01,25180.099,25443.669,25143.316,25323.272
2025-12-02,25323.881,25628.279,25276.653,25613.055
2025-12-03,25613.12,25639.199,25374.838,25595.631
2025-12-04,25595.511,25688.186,25445.69,25671.511
2025-12-05,25671.261,25826.533,25538.805,25695.002
2025-12-07,25714.492,25766.219,25664.033,25762.279
2025-12-08,25762.219,25823.892,25529.779,25654.708
2025-12-09,25655.164,25700.181,25527.175,25664.153
2025-12-10,25663.936,25833.778,25356.514,25481.631
2025-12-11,25481.838,25721.373,25364.153,25640.283
2025-12-12,25639.849,25685.533,25102.351,25199.991
2025-12-14,25209.925,25269.649,25119.014,25254.838
2025-12-15,25254.338,25394.447,24836.522,24896.62
2025-12-16,24896.392,25189.659,24808.272,25064.642
2025-12-17,25064.805,25258.066,24650.525,24752.899
2025-12-18,24751.066,25164.229,24718.511,25070.153
2025-12-19,25070.077,25363.925,25031.349,25342.5
2025-12-21,25424.014,25461.458,25394.142,25443.0
2025-12-22,25443.153,25556.719,25392.697,25456.581
2025-12-23,25456.7,25598.538,25376.897,25555.038
2025-12-24,25554.82,25665.098,25551.972,25642.841
2025-12-25,25659.536,25696.697,25646.914,25659.153
2025-12-26,25659.414,25715.011,25614.947,25650.557
2025-12-28,25656.547,25677.838,25609.5,25640.099
2025-12-29,25640.447,25640.447,25437.694,25536.338
2025-12-30,25536.447,25579.28,25382.186,25409.827
2025-12-31,25411.349,25508.099,25235.461,25248.531
2026-01-01,25284.236,25436.583,25251.236,25425.05
2026-01-02,25425.497,25602.779,25081.76,25211.407
2026-01-04,25251.297,25309.279,25225.011,25305.599
2026-01-05,25306.75,25521.394,25273.25,25464.044
2026-01-06,25463.969,25661.779,25344.533,25603.838
2026-01-07,25603.686,25812.939,25544.349,25601.95
2026-01-08,25602.599,25640.555,25394.631,25505.75
2026-01-09,25505.969,25812.289,25443.12,25760.817
2026-01-11,25775.797,25777.547,25541.131,25557.099
2026-01-12,25557.305,25851.296,25466.186,25719.816
2026-01-13,25720.261,25879.783,25640.393,25718.533
2026-01-14,25718.316,25719.529,25262.251,25415.87
2026-01-15,25416.175,25791.529,25413.87,25656.25
2026-01-16,25656.469,25735.87,25437.305,25521.87
2026-01-18,25305.282,25313.837,25207.576,25222.793
2026-01-19,25222.609,25284.338,25079.663,25226.936
2026-01-20,25227.088,25283.646,24944.849,25053.329
2026-01-21,25052.975,25502.64,24882.086,25432.766
2026-01-22,25432.592,25597.479,25341.125,25564.227
2026-01-23,25564.369,25709.244,25404.803,25569.539
2026-01-25,25371.783,25538.447,25255.525,25505.077
2026-01-26,25505.305,25874.077,25452.066,25860.958
2026-01-27,25860.838,26098.849,25788.969,26090.5
2026-01-28,26090.305,26219.0,25866.743,26100.366
2026-01-29,26100.497,26152.42,25410.794,25740.305
2026-01-30,25741.447,25820.381,25454.7,25534.917
2026-02-01,25387.779,25532.088,25103.936,25229.555
2026-02-02,25229.392,25879.505,25068.279,25868.777
2026-02-03,25868.82,25916.849,25111.788,25330.125
2026-02-04,25330.038,25410.7,24680.097,24911.149
2026-02-05,24911.805,25024.399,24149.816,24362.392
2026-02-06,24363.0,25132.089,24339.511,25040.118
2026-02-08,25077.981,25259.936,25077.981,25100.87
2026-02-09,25100.458,25338.846,24869.164,25259.349
2026-02-10,25259.827,25361.044,25113.903,25224.044
2026-02-11,25223.87,25382.529,24976.609,25246.072
2026-02-12,25245.899,25339.333,24636.381,24683.761
2026-02-13,24684.566,24923.158,24506.631,24727.56
2026-02-15,24723.253,24805.029,24687.22,24758.044
2026-02-16,24758.175,24851.0,24506.12,24553.029
2026-02-17,24552.958,24819.779,24381.642,24771.001
2026-02-18,24770.915,25059.794,24687.36,24889.5
2026-02-19,24889.37,24987.208,24685.527,24842.805
2026-02-20,24843.099,25079.439,24620.588,25018.361
2026-02-22,24960.22,24999.775,24753.664,24776.566
2026-02-23,24777.099,24982.719,24613.843,24824.033
2026-02-24,24824.529,25063.275,24644.566,24999.677
2026-02-25,24999.905,25370.75,24967.111,25253.338
2026-02-26,25253.436,25367.899,24818.562,24981.166
2026-02-27,24981.069,25056.379,24740.558,24931.706
2026-03-01,24624.836,24861.449,24622.77,24720.258
2026-03-02,24718.725,25059.122,24438.333,24774.033
2026-03-03,24774.219,24811.164,24315.588,24553.279
2026-03-04,24552.816,25207.969,24464.283,25068.219
2026-03-05,25068.649,25171.87,24741.453,25079.201
2026-03-06,25079.719,25111.539,24577.085,24628.888
2026-03-08,24426.558,24426.558,23973.761,24066.697
2026-03-09,24067.403,25022.429,24059.642,24859.897
2026-03-10,24860.005,25188.771,24835.669,25094.105
2026-03-11,25094.594,25107.699,24676.458,24709.12
2026-03-12,24708.892,24907.649,24476.708,24608.066
2026-03-13,24608.399,24788.327,24334.587,24346.755
2026-03-15,24296.003,24525.0,24281.481,24517.338
2026-03-16,24517.469,24796.616,24464.022,24567.27
2026-03-17,24566.369,24914.349,24506.12,24907.0
2026-03-18,24906.686,24981.099,24341.022,24442.436
2026-03-19,24442.349,24470.271,24106.175,24393.055
2026-03-20,24393.529,24404.849,23758.867,23931.653
2026-03-22,23688.403,23883.029,23677.72,23741.055
2026-03-23,23740.925,24488.521,23561.033,24059.41
2026-03-24,24059.319,24289.599,23920.447,24170.119
2026-03-25,24169.787,24328.887,24039.075,24168.299
2026-03-26,24168.719,24173.389,23564.318,23701.769
2026-03-27,23701.844,23781.322,23086.218,23096.806
2026-03-29,23029.731,23092.969,22913.5,23071.381
2026-03-30,23071.099,23356.131,22780.544,23163.653
2026-03-31,23163.555,23867.291,23052.272,23786.552
2026-04-01,23786.835,24161.822,23681.686,23710.142
2026-04-02,23709.828,24053.708,23491.653,24035.001
2026-04-05,23893.558,24154.033,23809.022,24050.969
2026-04-06,24050.761,24274.175,23971.066,24042.175
2026-04-07,24042.283,24945.199,23776.334,24944.8
2026-04-08,24945.149,25086.475,24752.103,24859.075
2026-04-09,24859.586,25133.163,24781.553,25108.685
2026-04-10,25108.804,25227.685,25038.13,25127.689
2026-04-12,24772.308,24925.588,24759.219,24913.149
2026-04-13,24912.849,25457.779,24887.522,25435.403
2026-04-14,25434.936,25880.008,25403.892,25833.431
2026-04-15,25833.649,26303.87,25771.719,26281.327
2026-04-16,26280.925,26400.589,26115.272,26310.25
2026-04-17,26310.066,26720.11,26288.783,26680.166
2026-04-19,26437.275,26557.529,26378.22,26536.914
2026-04-20,26537.029,26682.566,26411.648,26657.5
2026-04-21,26658.022,26746.816,26399.352,26666.791
2026-04-22,26666.911,26982.62,26619.835,26804.12
2026-04-23,26804.327,27005.929,26535.103,26928.349
2026-04-24,26928.761,27313.769,26875.186,27276.036
2026-04-26,27260.731,27405.779,27208.349,27383.642
2026-04-27,27382.794,27404.12,27162.588,27260.279
2026-04-28,27260.131,27304.849,26875.829,27134.705
2026-04-29,27134.781,27489.606,26983.598,27294.128
2026-04-30,27294.009,27530.088,27030.875,27514.164
2026-05-01,27514.283,27790.447,27408.458,27696.449
2026-05-03,27767.049,27823.769,27682.225,27809.747
2026-05-04,27809.572,27844.322,27510.138,27698.794
2026-05-05,27698.914,28296.72,27694.958,28169.0
2026-05-06,28168.936,28679.241,28164.175,28569.261
2026-05-07,28570.088,28825.563,28433.513,28634.414
2026-05-08,28634.511,29270.011,28630.958,29230.925
2026-05-10,29180.298,29291.139,29117.754,29228.882
2026-05-11,29228.459,29369.357,29120.281,29253.727
2026-05-12,29253.836,29256.955,28632.204,29118.653
2026-05-13,29117.251,29585.522,28971.664,29480.447
2026-05-14,29479.947,29676.999,29341.305,29479.974
2026-05-15,29479.518,29492.202,28989.93,29055.611
2026-05-17,29029.021,29186.573,28830.062,28913.715
2026-05-18,28913.987,29322.529,28716.155,28875.338
2026-05-19,28875.436,29031.869,28567.296,28791.46
2026-05-20,28791.33,29304.959,28746.037,29238.403
2026-05-21,29238.544,29520.424,29039.48,29466.979
2026-05-22,29466.349,29667.321,29357.797,29484.784
2026-05-24,29647.97,29883.892,29642.819,29881.077
2026-05-25,29880.838,29918.029,29697.125,29744.069
2026-05-26,29744.699,30087.649,29672.122,30066.261
2026-05-27,30066.381,30306.827,29808.667,29903.816
2026-05-28,29904.62,30287.829,29694.642,30164.61
2026-05-29,30165.807,30466.429,30162.698,30329.31
2026-05-31,30344.549,30507.277,30299.725,30487.994
2026-06-01,30488.099,30634.664,30230.538,30320.425
2026-06-02,30320.12,30711.504,30264.414,30632.5
2026-06-03,30632.458,30759.925,30296.529,30355.936
2026-06-04,30356.022,30540.379,29996.067,30157.175
2026-06-05,30157.37,30186.149,28771.391,28785.568
2026-06-07,28815.249,29245.033,28780.014,29168.044
2026-06-08,29168.403,29697.619,28930.316,29475.149
2026-06-09,29475.099,29807.131,28239.466,28932.689
2026-06-10,28932.928,29213.224,28233.636,28603.938
2026-06-11,28604.249,29616.332,28544.986,29533.964
2026-06-12,29534.497,29736.51,29206.308,29688.176
2026-06-14,29905.253,30183.319,29905.253,30174.109
2026-06-15,30174.299,30587.498,30144.398,30461.864
2026-06-16,30458.221,30652.599,29957.494,30105.87
2026-06-17,30106.153,30249.649,29600.443,30079.697
2026-06-18,30079.121,30463.229,29962.643,30281.354
2026-06-19,30282.21,30393.898,30078.443,30336.892
2026-06-21,30277.165,30346.687,30020.903,30273.686
2026-06-22,30274.219,30646.932,30081.088,30095.392
2026-06-23,30095.294,30105.197,29273.903,29330.17
2026-06-24,29329.692,29868.419,28960.646,29698.876
2026-06-25,29699.175,29958.908,28932.642,28966.709
2026-06-26,28966.731,29415.049,28865.171,29041.965
