,ret
2011-01-25,0.0
2011-01-26,0.0
2011-01-27,0.0
2011-01-28,-0.0
2011-01-30,0.0
2011-01-31,0.0
2011-02-01,0.0
2011-02-02,-0.0
2011-02-03,0.0
2011-02-04,0.0
2011-02-06,0.0
2011-02-07,0.0
2011-02-08,0.0
2011-02-09,-0.0
2011-02-10,0.0
2011-02-11,0.0
2011-02-13,0.0
2011-02-14,0.0
2011-02-15,0.0
2011-02-16,0.0
2011-02-17,0.0
2011-02-18,-0.0
2011-02-20,-0.0
2011-02-21,-0.0
2011-02-22,-0.0
2011-02-23,-0.0
2011-02-24,0.0
2011-02-25,0.0
2011-02-27,-0.0
2011-02-28,0.0
2011-03-01,-0.0
2011-03-02,0.0
2011-03-03,0.0
2011-03-04,-0.0
2011-03-06,-0.0
2011-03-07,-0.0
2011-03-08,-0.0
2011-03-09,-0.0
2011-03-10,-0.0
2011-03-11,0.0
2011-03-13,-0.0
2011-03-14,-0.0
2011-03-15,-0.0
2011-03-16,-0.0
2011-03-17,0.0
2011-03-18,-0.0
2011-03-20,0.0
2011-03-21,0.0
2011-03-22,-0.0
2011-03-23,0.0
2011-03-24,0.0
2011-03-25,-0.0
2011-03-27,0.0
2011-03-28,-0.0
2011-03-29,0.0
2011-03-30,0.0
2011-03-31,0.0
2011-04-01,-0.0
2011-04-03,0.0
2011-04-04,-0.0
2011-04-05,-0.0
2011-04-06,-0.0
2011-04-07,0.0
2011-04-08,-0.0
2011-04-10,0.0
2011-04-11,-0.0
2011-04-12,0.0
2011-04-13,0.0
2011-04-14,-0.0
2011-04-15,0.0
2011-04-17,-0.0
2011-04-18,-0.0
2011-04-19,0.0
2011-04-20,0.0
2011-04-21,-0.0
2011-04-24,0.0
2011-04-25,-0.0
2011-04-26,0.0
2011-04-27,0.0
2011-04-28,-0.0
2011-04-29,0.0
2011-05-01,0.0
2011-05-02,-0.0
2011-05-03,-0.0
2011-05-04,0.0
2011-05-05,-0.0
2011-05-06,-0.0
2011-05-08,0.0
2011-05-09,0.0
2011-05-10,0.0
2011-05-11,-0.0
2011-05-12,0.0
2011-05-13,-0.0
2011-05-15,-0.0
2011-05-16,-0.0
2011-05-17,0.0
2011-05-18,0.0
2011-05-19,0.0
2011-05-20,-0.0
2011-05-22,-0.0
2011-05-23,-0.0
2011-05-24,-0.0
2011-05-25,0.0
2011-05-26,0.0
2011-05-27,0.0
2011-05-29,0.0
2011-05-30,0.0
2011-05-31,0.0
2011-06-01,-0.0
2011-06-02,0.0
2011-06-03,-0.0
2011-06-05,0.0
2011-06-06,-0.0
2011-06-07,-0.0
2011-06-08,-0.0
2011-06-09,-0.0
2011-06-10,-0.0
2011-06-12,0.0
2011-06-13,0.0
2011-06-14,0.0
2011-06-15,-0.0
2011-06-16,-0.0
2011-06-17,-0.0
2011-06-19,-0.0
2011-06-20,0.0
2011-06-21,0.0
2011-06-22,-0.0
2011-06-23,0.0
2011-06-24,-0.0
2011-06-26,-0.0
2011-06-27,0.0
2011-06-28,0.0
2011-06-29,0.0
2011-06-30,0.0
2011-07-01,0.0
2011-07-03,0.0
2011-07-04,0.0
2011-07-05,0.0
2011-07-06,0.0
2011-07-07,0.0
2011-07-08,-0.0
2011-07-10,-0.0
2011-07-11,-0.0
2011-07-12,0.0
2011-07-13,-0.0
2011-07-14,0.0
2011-07-15,0.0
2011-07-17,-0.0
2011-07-18,-0.0
2011-07-19,0.0
2011-07-20,-0.0
2011-07-21,0.0
2011-07-22,0.0
2011-07-24,-0.0
2011-07-25,0.0
2011-07-26,0.0
2011-07-27,-0.0
2011-07-28,-0.0
2011-07-29,0.0
2011-07-31,0.0
2011-08-01,-0.0
2011-08-02,-0.0
2011-08-03,0.0
2011-08-04,-0.0
2011-08-05,-0.0
2011-08-07,-0.0
2011-08-08,-0.0
2011-08-09,0.0
2011-08-10,-0.0
2011-08-11,0.0
2011-08-12,0.0
2011-08-14,0.0
2011-08-15,0.0
2011-08-16,-0.0
2011-08-17,-0.0
2011-08-18,-0.0
2011-08-19,-0.0
2011-08-21,0.0
2011-08-22,0.0
2011-08-23,0.0
2011-08-24,0.0
2011-08-25,-0.0
2011-08-26,0.0
2011-08-28,0.0
2011-08-29,0.0
2011-08-30,0.0
2011-08-31,0.0
2011-09-01,-0.0
2011-09-02,-0.0
2011-09-04,-0.0
2011-09-05,-0.0
2011-09-06,0.0
2011-09-07,0.0
2011-09-08,0.0
2011-09-09,-0.0
2011-09-11,-0.0
2011-09-12,0.0
2011-09-13,0.0
2011-09-14,0.0
2011-09-15,0.0
2011-09-16,0.0
2011-09-18,-0.0
2011-09-19,0.0
2011-09-20,0.0
2011-09-21,-0.0
2011-09-22,-0.0
2011-09-23,0.0
2011-09-25,0.0
2011-09-26,0.0
2011-09-27,0.0
2011-09-28,-0.0
2011-09-29,-0.0
2011-09-30,-0.0
2011-10-02,-0.0
2011-10-03,-0.0
2011-10-04,0.0
2011-10-05,0.0
2011-10-06,0.0
2011-10-07,-0.0
2011-10-09,0.0
2011-10-10,0.0
2011-10-11,0.0
2011-10-12,0.0
2011-10-13,0.0
2011-10-14,0.0
2011-10-16,0.0
2011-10-17,-0.0
2011-10-18,0.0
2011-10-19,-0.0
2011-10-20,-0.0
2011-10-21,0.0
2011-10-23,-0.0
2011-10-24,0.0
2011-10-25,-0.0
2011-10-26,0.0
2011-10-27,0.0
2011-10-28,0.0
2011-10-30,-0.0
2011-10-31,-0.0
2011-11-01,-0.0
2011-11-02,-0.0
2011-11-03,0.0
2011-11-04,-0.0
2011-11-06,-0.0
2011-11-07,0.0
2011-11-08,0.0
2011-11-09,-0.0
2011-11-10,0.0
2011-11-11,0.0
2011-11-13,0.0
2011-11-14,-0.0
2011-11-15,0.0
2011-11-16,-0.0
2011-11-17,-0.0
2011-11-18,-0.0
2011-11-20,-0.0
2011-11-21,-0.0
2011-11-22,-0.0
2011-11-23,-0.0
2011-11-24,-0.0
2011-11-25,-0.0
2011-11-27,0.0
2011-11-28,0.0
2011-11-29,-0.0
2011-11-30,0.0
2011-12-01,0.0
2011-12-02,-0.0
2011-12-04,0.0
2011-12-05,-0.0
2011-12-06,0.0
2011-12-07,-0.0
2011-12-08,-0.0
2011-12-09,0.0
2011-12-11,-0.0
2011-12-12,-0.0
2011-12-13,-0.0
2011-12-14,-0.0
2011-12-15,0.0
2011-12-16,-0.0
2011-12-18,-0.0
2011-12-19,0.0
2011-12-20,0.0
2011-12-21,-0.0
2011-12-22,0.0
2011-12-23,0.0
2011-12-27,-0.0
2011-12-28,-0.0
2011-12-29,0.0
2011-12-30,-0.0
2012-01-03,0.0
2012-01-04,0.0
2012-01-05,0.0
2012-01-06,0.0
2012-01-08,-0.0
2012-01-09,0.0
2012-01-10,-0.0
2012-01-11,0.0
2012-01-12,0.0
2012-01-13,-0.0
2012-01-15,-0.0
2012-01-16,0.0
2012-01-17,0.0
2012-01-18,0.0
2012-01-19,0.0
2012-01-20,0.0
2012-01-22,-0.0
2012-01-23,-0.0
2012-01-24,0.0
2012-01-25,-0.0
2012-01-26,-0.0
2012-01-27,0.0
2012-01-29,-0.0
2012-01-30,0.0
2012-01-31,-0.0
2012-02-01,0.0
2012-02-02,0.0
2012-02-03,0.0
2012-02-05,-0.0
2012-02-06,0.0
2012-02-07,0.0
2012-02-08,0.0
2012-02-09,0.0
2012-02-10,-0.0
2012-02-12,0.0
2012-02-13,0.0
2012-02-14,0.0
2012-02-15,-0.0
2012-02-16,0.0
2012-02-17,-0.0
2012-02-19,0.0
2012-02-20,-0.0
2012-02-21,0.0
2012-02-22,-0.0
2012-02-23,0.0
2012-02-24,-0.0
2012-02-26,-0.0
2012-02-27,0.0
2012-02-28,0.0
2012-02-29,-0.0
2012-03-01,0.0
2012-03-02,-0.0
2012-03-04,-0.0
2012-03-05,-0.0
2012-03-06,-0.0
2012-03-07,0.0
2012-03-08,0.0
2012-03-09,0.0
2012-03-11,-0.0
2012-03-12,0.0
2012-03-13,0.0
2012-03-14,0.0
2012-03-15,0.0
2012-03-16,-0.0
2012-03-18,0.0
2012-03-19,0.0
2012-03-20,0.0
2012-03-21,-0.0
2012-03-22,0.0
2012-03-23,-0.0
2012-03-25,0.0
2012-03-26,0.0
2012-03-27,-0.0
2012-03-28,-0.0
2012-03-29,-0.0
2012-03-30,-0.0
2012-04-01,0.0
2012-04-02,0.0
2012-04-03,-0.0
2012-04-04,-0.0
2012-04-05,0.0
2012-04-06,-0.0
2012-04-08,-0.0
2012-04-09,0.0
2012-04-10,-0.0
2012-04-11,0.0
2012-04-12,0.0
2012-04-13,-0.0
2012-04-15,-0.0
2012-04-16,-0.0
2012-04-17,0.0
2012-04-18,-0.0
2012-04-19,-0.0
2012-04-20,-0.0
2012-04-22,-0.0
2012-04-23,-0.0
2012-04-24,0.0
2012-04-25,0.0
2012-04-26,0.0
2012-04-27,0.0
2012-04-29,0.0
2012-04-30,-0.0
2012-05-01,-0.0
2012-05-02,0.0
2012-05-03,-0.0
2012-05-04,-0.0
2012-05-06,-0.0
2012-05-07,0.0
2012-05-08,-0.0
2012-05-09,0.0
2012-05-10,-0.0
2012-05-11,0.0
2012-05-13,-0.0
2012-05-14,-0.0
2012-05-15,-0.0
2012-05-16,-0.0
2012-05-17,-0.0
2012-05-18,-0.0
2012-05-20,0.0
2012-05-21,0.0
2012-05-22,-0.0
2012-05-23,0.0
2012-05-24,-0.0
2012-05-25,-0.0
2012-05-27,0.0
2012-05-28,-0.0
2012-05-29,0.0
2012-05-30,-0.0
2012-05-31,-0.0
2012-06-01,-0.0
2012-06-03,-0.0
2012-06-04,0.0
2012-06-05,0.0
2012-06-06,0.0
2012-06-07,-0.0
2012-06-08,0.0
2012-06-10,0.0
2012-06-11,-0.0
2012-06-12,0.0
2012-06-13,-0.0
2012-06-14,0.0
2012-06-15,0.0
2012-06-17,0.0
2012-06-18,0.0
2012-06-19,0.0
2012-06-20,-0.0
2012-06-21,-0.0
2012-06-22,0.0
2012-06-24,-0.0
2012-06-25,-0.0
2012-06-26,0.0
2012-06-27,0.0
2012-06-28,-0.0
2012-06-29,0.0
2012-07-01,-0.0
2012-07-02,0.0
2012-07-03,0.0
2012-07-04,-0.0
2012-07-05,0.0
2012-07-06,-0.0
2012-07-08,-0.0
2012-07-09,-0.0
2012-07-10,-0.0
2012-07-11,-0.0
2012-07-12,-0.0
2012-07-13,0.0
2012-07-15,-0.0
2012-07-16,0.0
2012-07-17,0.0
2012-07-18,0.0
2012-07-19,0.0
2012-07-20,-0.0
2012-07-22,-0.0
2012-07-23,-0.0
2012-07-24,-0.0
2012-07-25,0.0
2012-07-26,0.0
2012-07-27,0.0
2012-07-29,-0.0
2012-07-30,0.0
2012-07-31,-0.0
2012-08-01,-0.0
2012-08-02,-0.0
2012-08-03,0.0
2012-08-05,0.0
2012-08-06,0.0
2012-08-07,0.0
2012-08-08,0.0
2012-08-09,-0.0
2012-08-10,0.0
2012-08-12,-0.0
2012-08-13,0.0
2012-08-14,-0.0
2012-08-15,0.0
2012-08-16,0.0
2012-08-17,0.0
2012-08-19,-0.0
2012-08-20,0.0
2012-08-21,-0.0
2012-08-22,0.0
2012-08-23,-0.0
2012-08-24,0.0
2012-08-26,0.0
2012-08-27,-0.0
2012-08-28,0.0
2012-08-29,-0.0
2012-08-30,-0.0
2012-08-31,0.0
2012-09-02,-0.0
2012-09-03,0.0
2012-09-04,-0.0
2012-09-05,0.0
2012-09-06,0.0
2012-09-07,-0.0
2012-09-09,-0.0
2012-09-10,-0.0
2012-09-11,0.0
2012-09-12,0.0
2012-09-13,0.0
2012-09-14,0.0
2012-09-16,-0.0
2012-09-17,0.0
2012-09-18,0.0
2012-09-19,-0.0
2012-09-20,0.0
2012-09-21,-0.0
2012-09-23,-0.0
2012-09-24,-0.0
2012-09-25,-0.0
2012-09-26,-0.0
2012-09-27,0.0
2012-09-28,-0.0
2012-09-30,-0.0
2012-10-01,0.0
2012-10-02,0.0
2012-10-03,0.0
2012-10-04,0.0
2012-10-05,-0.0
2012-10-07,-0.0
2012-10-08,-0.0
2012-10-09,-0.0
2012-10-10,-0.0
2012-10-11,-0.0
2012-10-12,-0.0
2012-10-14,-0.0
2012-10-15,0.0
2012-10-16,0.0
2012-10-17,0.0
2012-10-18,-0.0
2012-10-19,-0.0
2012-10-21,0.0
2012-10-22,0.0
2012-10-23,-0.0
2012-10-24,-0.0
2012-10-25,-0.0
2012-10-26,0.0
2012-10-28,-0.0
2012-10-29,-0.0
2012-10-30,0.0
2012-10-31,-0.0
2012-11-01,0.0
2012-11-02,-0.0
2012-11-04,0.0
2012-11-05,0.0
2012-11-06,0.0
2012-11-07,-0.0
2012-11-08,-0.0
2012-11-09,-0.0
2012-11-11,0.0
2012-11-12,-0.0
2012-11-13,0.0
2012-11-14,-0.0
2012-11-15,-0.0
2012-11-16,0.0
2012-11-18,0.0
2012-11-19,0.0
2012-11-20,-0.0
2012-11-21,0.0
2012-11-22,0.0
2012-11-23,0.0
2012-11-25,-0.0
2012-11-26,0.0
2012-11-27,-0.0
2012-11-28,0.0
2012-11-29,0.0
2012-11-30,0.0
2012-12-02,0.0
2012-12-03,-0.0
2012-12-04,0.0
2012-12-05,-0.0
2012-12-06,0.0
2012-12-07,-0.0
2012-12-09,-0.0
2012-12-10,0.0
2012-12-11,0.0
2012-12-12,-0.0
2012-12-13,-0.0
2012-12-14,-0.0
2012-12-16,0.0
2012-12-17,0.0
2012-12-18,0.0
2012-12-19,-0.0
2012-12-20,-0.0
2012-12-21,0.0
2012-12-23,-0.0
2012-12-24,0.0
2012-12-26,-0.0
2012-12-27,-0.0
2012-12-28,-0.0
2012-12-30,0.0
2012-12-31,0.0
2013-01-02,0.0
2013-01-03,-0.0
2013-01-04,-0.0
2013-01-06,-0.0
2013-01-07,0.0
2013-01-08,0.0
2013-01-09,0.0
2013-01-10,0.0
2013-01-11,0.0
2013-01-13,0.0
2013-01-14,-0.0
2013-01-15,-0.0
2013-01-16,0.0
2013-01-17,0.0
2013-01-18,-0.0
2013-01-20,0.0
2013-01-21,0.0
2013-01-22,0.0
2013-01-23,-0.0
2013-01-24,-0.0
2013-01-25,0.0
2013-01-27,0.0
2013-01-28,0.0
2013-01-29,0.0
2013-01-30,-0.0
2013-01-31,0.0
2013-02-01,0.0
2013-02-03,-0.0
2013-02-04,-0.0
2013-02-05,0.0
2013-02-06,-0.0
2013-02-07,0.0
2013-02-08,0.0
2013-02-10,0.0
2013-02-11,-0.0
2013-02-12,-0.0
2013-02-13,0.0
2013-02-14,-0.0
2013-02-15,-0.0
2013-02-17,0.0
2013-02-18,0.0
2013-02-19,0.0
2013-02-20,-0.0
2013-02-21,-0.0
2013-02-22,0.0
2013-02-24,-0.0
2013-02-25,-0.0
2013-02-26,0.0
2013-02-27,0.0
2013-02-28,-0.0
2013-03-01,0.0
2013-03-03,-0.0
2013-03-04,0.0
2013-03-05,0.0
2013-03-06,-0.0
2013-03-07,0.0
2013-03-08,0.0
2013-03-10,0.0
2013-03-11,0.0
2013-03-12,-0.0
2013-03-13,-0.0
2013-03-14,0.0
2013-03-15,-0.0
2013-03-17,-0.0
2013-03-18,0.0
2013-03-19,-0.0
2013-03-20,0.0
2013-03-21,-0.0
2013-03-22,0.0
2013-03-24,0.0
2013-03-25,-0.0
2013-03-26,0.0
2013-03-27,-0.0
2013-03-28,0.0
2013-03-31,-0.0
2013-04-01,-0.0
2013-04-02,0.0
2013-04-03,-0.0
2013-04-04,-0.0
2013-04-05,-0.0
2013-04-07,0.0
2013-04-08,0.0
2013-04-09,0.0
2013-04-10,0.0
2013-04-11,0.0
2013-04-12,-0.0
2013-04-14,-0.0
2013-04-15,-0.0
2013-04-16,0.0
2013-04-17,-0.0
2013-04-18,-0.0
2013-04-19,0.0
2013-04-21,0.0
2013-04-22,0.0
2013-04-23,0.0
2013-04-24,0.0
2013-04-25,0.0
2013-04-26,-0.0
2013-04-28,-0.0
2013-04-29,0.0
2013-04-30,0.0
2013-05-01,-0.0
2013-05-02,0.0
2013-05-03,0.0
2013-05-05,0.0
2013-05-06,0.0
2013-05-07,0.0
2013-05-08,0.0
2013-05-09,-0.0
2013-05-10,0.0
2013-05-12,-0.0
2013-05-13,0.0
2013-05-14,0.0
2013-05-15,0.0
2013-05-16,-0.0
2013-05-17,0.0
2013-05-19,-0.0
2013-05-20,-0.0
2013-05-21,0.0
2013-05-22,-0.0
2013-05-23,0.0
2013-05-24,-0.0
2013-05-26,0.0
2013-05-27,0.0
2013-05-28,-0.0
2013-05-29,-0.0
2013-05-30,0.0
2013-05-31,-0.0
2013-06-02,0.0
2013-06-03,-0.0
2013-06-04,-0.0
2013-06-05,-0.0
2013-06-06,0.0
2013-06-07,0.0
2013-06-09,0.0
2013-06-10,-0.0
2013-06-11,-0.0
2013-06-12,-0.0
2013-06-13,0.0
2013-06-14,-0.0
2013-06-16,0.0
2013-06-17,0.0
2013-06-18,0.0
2013-06-19,-0.0
2013-06-20,-0.0
2013-06-21,-0.0
2013-06-23,-0.0
2013-06-24,-0.0
2013-06-25,-0.0
2013-06-26,0.0
2013-06-27,0.0
2013-06-28,-0.0
2013-06-30,-0.0
2013-07-01,0.0
2013-07-02,-0.0
2013-07-03,0.0
2013-07-04,0.0
2013-07-05,-0.0
2013-07-07,0.0
2013-07-08,0.0
2013-07-09,0.0
2013-07-10,0.0
2013-07-11,0.0
2013-07-12,0.0
2013-07-14,0.0
2013-07-15,0.0
2013-07-16,0.0
2013-07-17,-0.0
2013-07-18,-0.0
2013-07-19,-0.0
2013-07-21,0.0
2013-07-22,0.0
2013-07-23,-0.0
2013-07-24,0.0
2013-07-25,0.0
2013-07-26,0.0
2013-07-28,-0.0
2013-07-29,0.0
2013-07-30,0.0
2013-07-31,0.0
2013-08-01,0.0
2013-08-02,0.0
2013-08-04,-0.0
2013-08-05,-0.0
2013-08-06,-0.0
2013-08-07,0.0
2013-08-08,0.0
2013-08-09,-0.0
2013-08-11,0.0
2013-08-12,0.0
2013-08-13,0.0
2013-08-14,-0.0
2013-08-15,-0.0
2013-08-16,-0.0
2013-08-18,0.0
2013-08-19,0.0
2013-08-20,0.0
2013-08-21,-0.0
2013-08-22,0.0
2013-08-23,0.0
2013-08-25,0.0
2013-08-26,-0.0
2013-08-27,-0.0
2013-08-28,0.0
2013-08-29,0.0
2013-08-30,-0.0
2013-09-01,0.0
2013-09-02,0.0
2013-09-03,-0.0
2013-09-04,0.0
2013-09-05,-0.0
2013-09-06,0.0
2013-09-08,0.0
2013-09-09,0.0
2013-09-10,0.0
2013-09-11,-0.0
2013-09-12,-0.0
2013-09-13,0.0
2013-09-15,0.0
2013-09-16,-0.0
2013-09-17,0.0
2013-09-18,0.0
2013-09-19,0.0
2013-09-20,-0.0
2013-09-22,0.0
2013-09-23,-0.0
2013-09-24,0.0
2013-09-25,-0.0
2013-09-26,0.0
2013-09-27,-0.0
2013-09-29,-0.0
2013-09-30,0.0
2013-10-01,0.0
2013-10-02,-0.0
2013-10-03,-0.0
2013-10-04,0.0
2013-10-06,-0.0
2013-10-07,-0.0
2013-10-08,-0.0
2013-10-09,-0.0
2013-10-10,0.0
2013-10-11,0.0
2013-10-13,-0.0
2013-10-14,0.0
2013-10-15,-0.0
2013-10-16,0.0
2013-10-17,0.0
2013-10-18,0.0
2013-10-20,-0.0
2013-10-21,0.0
2013-10-22,0.0
2013-10-23,-0.0
2013-10-24,0.0
2013-10-25,0.0
2013-10-27,0.0
2013-10-28,-0.0
2013-10-29,0.0
2013-10-30,-0.0
2013-10-31,0.0
2013-11-01,-0.0
2013-11-03,0.0
2013-11-04,0.0
2013-11-05,0.0
2013-11-06,-0.0
2013-11-07,-0.0
2013-11-08,0.0
2013-11-10,-0.0
2013-11-11,0.0
2013-11-12,-0.0
2013-11-13,0.0
2013-11-14,0.0
2013-11-15,-0.0
2013-11-17,-0.0
2013-11-18,-0.0
2013-11-19,-0.0
2013-11-20,-0.0
2013-11-21,0.0
2013-11-22,0.0
2013-11-24,0.0
2013-11-25,0.0
2013-11-26,0.0
2013-11-27,0.0
2013-11-28,0.0
2013-11-29,0.0
2013-12-01,0.0
2013-12-02,-0.0
2013-12-03,-0.0
2013-12-04,0.0
2013-12-05,0.0
2013-12-06,0.0
2013-12-08,0.0
2013-12-09,0.0
2013-12-10,-0.0
2013-12-11,-0.0
2013-12-12,0.0
2013-12-13,-0.0
2013-12-15,-0.0
2013-12-16,0.0
2013-12-17,-0.0
2013-12-18,0.0
2013-12-19,-0.0
2013-12-20,0.0
2013-12-22,0.0
2013-12-23,0.0
2013-12-24,0.0
2013-12-26,0.0
2013-12-27,-0.0
2013-12-29,0.0
2013-12-30,-0.0
2013-12-31,0.0
2014-01-01,0.0
2014-01-02,-0.0
2014-01-03,-0.0
2014-01-05,0.0
2014-01-06,-0.0
2014-01-07,0.0
2014-01-08,0.0
2014-01-09,-0.0
2014-01-10,0.0
2014-01-12,-0.0
2014-01-13,-0.0
2014-01-14,0.0
2014-01-15,0.0
2014-01-16,-0.0
2014-01-17,-0.0
2014-01-19,-0.0
2014-01-20,0.0
2014-01-21,0.0
2014-01-22,0.0
2014-01-23,-0.0
2014-01-24,-0.0
2014-01-26,0.0
2014-01-27,-0.0
2014-01-28,0.0
2014-01-29,-0.0
2014-01-30,0.0
2014-01-31,0.0
2014-02-02,0.0
2014-02-03,-0.0
2014-02-04,0.0
2014-02-05,0.0
2014-02-06,0.0
2014-02-07,0.0
2014-02-09,-0.0
2014-02-10,0.0
2014-02-11,0.0
2014-02-12,-0.0
2014-02-13,0.0
2014-02-14,0.003908232659838488
2014-02-16,-0.0003780014652755185
2014-02-17,0.0016144154324201265
2014-02-18,0.0011284242445319117
2014-02-19,-0.006123859493212178
2014-02-20,0.008064537019352698
2014-02-21,-0.0033894490207280925
2014-02-23,-0.0017557612499618255
2014-02-24,0.006614341464836594
2014-02-25,0.00194218378164087
2014-02-26,-0.0025556659393073714
2014-02-27,0.0028628312032646
2014-02-28,5.431978316641685e-05
2014-03-02,-0.0066776226730882494
2014-03-03,0.002026945106313322
2014-03-04,0.009174330875559453
2014-03-05,-0.0037801716402990253
2014-03-06,0.0021742781577456472
2014-03-07,-0.004723667890609273
2014-03-09,-0.0015984732983518174
2014-03-10,0.0032528417682666662
2014-03-11,-0.005445900088516652
2014-03-12,0.007374053571339453
2014-03-13,-0.013079644856636728
2014-03-14,-0.006180658845671941
2014-03-16,-0.0001314406187180243
2014-03-17,0.007262724126404025
2014-03-18,0.00781361425721277
2014-03-19,-0.005187890518300403
2014-03-20,0.004757708778861591
2014-03-21,-0.011006814084796384
2014-03-23,0.0002964810620325538
2014-03-24,-0.00605407301734672
2014-03-25,0.003126171207117524
2014-03-26,-0.011345479602664665
2014-03-27,-0.0032103220617613654
2014-03-28,0.0015093843126557864
2014-03-30,0.0025935663626667584
2014-03-31,0.0020748337877409687
2014-04-01,0.014061396316989827
2014-04-02,-1.6811671821861788e-08
2014-04-03,0.0030520980214649423
2014-04-04,-0.019262374978852075
2014-04-06,-0.0012236967993956224
2014-04-07,-0.0056123827114991495
2014-04-08,0.004634454131382127
2014-04-09,0.011834728137929915
2014-04-10,-0.01899283395010506
2014-04-11,-0.00745544020066253
2014-04-13,-0.0009999544589284013
2014-04-14,0.0065718843464555666
2014-04-15,-0.007421222942132714
2014-04-16,0.002292057548409849
2014-04-17,0.004955742752562118
2014-04-20,0.0011534747829648293
2014-04-21,0.004391216257903392
2014-04-22,0.005227576270725119
2014-04-23,0.0020086307338217607
2014-04-24,-0.0008590056308474587
2014-04-25,-0.010750007316649698
2014-04-27,-9.674439857061149e-05
2014-04-28,-0.004618306631856984
2014-04-29,0.000334550667991133
2014-04-30,0.003912973430353975
2014-05-01,0.0023524771133415097
2014-05-02,-0.001851306329934814
2014-05-04,-0.0008569844066488744
2014-05-05,0.0040817763568926895
2014-05-06,-0.008666771677831085
2014-05-07,-0.0025619321957310657
2014-05-08,-0.00014314548646345975
2014-05-09,0.002810450107086665
2014-05-11,-0.0015622994846414347
2014-05-12,-0.010503472950192903
2014-05-13,-0.0005927811845491828
2014-05-14,-0.0026439245553297524
2014-05-15,-0.006519276945375012
2014-05-16,0.003998065260420387
2014-05-18,0.00032360885355578033
2014-05-19,0.005196224114124449
2014-05-20,-0.0028768206616388006
2014-05-21,0.007631289603138133
2014-05-22,0.002215263920187454
2014-05-23,0.004564927850893689
2014-05-25,-0.0011040889203490318
2014-05-26,0.0009257507811652008
2014-05-27,0.006401153756960435
2014-05-28,0.0005568972061210218
2014-05-29,0.0019519292078860467
2014-05-30,-0.00018659297402233159
2014-06-02,-0.0005308668168766744
2014-06-03,0.00014278134717660466
2014-06-04,-0.003396397084175533
2014-06-05,-0.007938779442605811
2014-06-06,-0.0029379483032163384
2014-06-08,4.6992853667479405e-05
2014-06-09,-0.0021089688869886016
2014-06-10,0.0012976037383786304
2014-06-11,0.000383873231553052
2014-06-12,0.004582193088506999
2014-06-13,-0.0007768843122110897
2014-06-15,0.0023051393349340426
2014-06-16,0.0034925986531670525
2014-06-17,-0.000583546726123363
2014-06-18,0.005592717475789821
2014-06-19,-0.0021170158314944964
2014-06-20,-0.00047900617914270336
2014-06-22,0.002019777341692856
2014-06-23,-0.003493089302780467
2014-06-24,7.183752123729802e-05
2014-06-25,0.007357696155059028
2014-06-26,-0.00030848569855348914
2014-06-27,0.005247957711329147
2014-06-29,0.0002961523216607333
2014-06-30,-0.005280854086236844
2014-07-01,-0.01221322534078546
2014-07-02,6.909296485849721e-05
2014-07-03,0.006974466327228996
2014-07-04,-0.0007644320628705317
2014-07-06,-8.788811265672636e-05
2014-07-07,0.0027030171684612045
2014-07-08,0.011488230654085682
2014-07-09,0.005207316852986592
2014-07-10,-0.001474899776086914
2014-07-11,0.006036560050258644
2014-07-13,0.0013911155161426875
2014-07-14,0.006557122417966919
2014-07-15,-0.0029213542886091935
2014-07-16,0.000542170262507365
2014-07-17,0.012229631117712162
2014-07-18,0.016244367763720857
2014-07-20,-0.0008233504601580307
2014-07-21,0.0007486315070380372
2014-07-22,0.005224594360272054
2014-07-23,-0.01080188849219797
2014-07-24,-0.006744016655364952
2014-07-25,-0.0018064610441162383
2014-07-27,-0.000247912792401483
2014-07-28,-2.590730266985666e-07
2014-07-29,-0.003052591729639835
2014-07-30,-0.001347773120797728
2014-07-31,0.020180711430057414
2014-08-01,0.007996317786934517
2014-08-03,-0.00269265618452405
2014-08-04,0.0022903470816263327
2014-08-05,-0.007136112065427234
2014-08-06,0.00014745610171567887
2014-08-07,-0.010587582375783059
2014-08-08,0.011925287673315126
2014-08-10,0.0027253545622834122
2014-08-11,0.007775856938137845
2014-08-12,-0.001707549833092342
2014-08-13,0.012234553985204778
2014-08-14,0.006883450284082205
2014-08-15,0.004376182276527335
2014-08-17,0.0025423742987961454
2014-08-18,0.0073463346327997765
2014-08-19,0.0036464828841028768
2014-08-20,0.00192454992390301
2014-08-21,0.003756709776151725
2014-08-22,0.0012268189589262945
2014-08-24,0.0021717074179542157
2014-08-25,-0.0009392412756291295
2014-08-26,-0.0031963063620213013
2014-08-27,0.0006534223183044526
2014-08-28,-0.0003685012290737812
2014-08-29,0.000518195124061788
2014-08-31,-0.0020485737544360446
2014-09-01,-0.0008130363390948271
2014-09-02,-0.003238475491073321
2014-09-03,0.006998879750500583
2014-09-04,0.0022684192501412027
2014-09-05,0.006505786224777542
2014-09-07,-0.0018840162806013168
2014-09-08,0.0017436736828379572
2014-09-09,-0.009144217918767914
2014-09-10,0.00921515941308476
2014-09-11,0.0008691398837522477
2014-09-12,-0.007191537719259493
2014-09-14,-0.0032441240301190034
2014-09-15,0.005588443562970253
2014-09-16,0.007624543473564462
2014-09-17,0.0027455315350469888
2014-09-18,0.013042188174430744
2014-09-19,-0.00844220349370939
2014-09-21,-0.003746678013320509
2014-09-22,0.005806937397881042
2014-09-23,-0.002854963370120092
2014-09-24,0.011034830001175673
2014-09-25,-0.018285002718077172
2014-09-26,0.0091548912865868
2014-09-28,-0.0019121092067899896
2014-09-29,-0.0012082004555148428
2014-09-30,0.0012119672295083379
2014-10-01,-0.01447651226051678
2014-10-02,0.000927310329542569
2014-10-03,-0.008585653458615193
2014-10-05,0.0018246724183362067
2014-10-06,0.0035470402398792237
2014-10-07,-0.013178992396284443
2014-10-08,0.018565078753325113
2014-10-09,-0.018290132832195813
2014-10-10,-0.021808594810968758
2014-10-12,-0.004376210394176539
2014-10-13,-0.0020934233059190037
2014-10-14,-0.0024017253848197286
2014-10-15,-0.010917299897424175
2014-10-16,-0.0007425463054710621
2014-10-17,-0.00992179496500079
2014-10-19,-0.004510656008350244
2014-10-20,-0.0073841525025191874
2014-10-21,0.019059408159289117
2014-10-22,0.003858088143232709
2014-10-23,0.0067439283769724296
2014-10-24,0.009440080527189079
2014-10-26,-8.459777488752104e-05
2014-10-27,0.0004849069913258962
2014-10-28,-0.007479263921069332
2014-10-29,0.0005201367380299896
2014-10-30,-0.004584260741997998
2014-10-31,0.006508434722616421
2014-11-02,8.417114546445268e-05
2014-11-03,0.0019391539121030865
2014-11-04,-8.41271193751698e-05
2014-11-05,0.002887886216346294
2014-11-06,-0.006307345842810852
2014-11-07,-0.003966120410476241
2014-11-09,0.0007463857975666257
2014-11-10,0.004128082781494464
2014-11-11,-0.0004074295450265684
2014-11-12,-0.0039438817496100995
2014-11-13,0.0008666921831511201
2014-11-14,0.0027011911895675512
2014-11-16,0.002362463508807971
2014-11-17,-0.0009036068788663058
2014-11-18,0.00340971093864278
2014-11-19,-0.0028223426574327097
2014-11-20,0.004542022350422492
2014-11-21,0.00041085451699273394
2014-11-23,-0.000652524234283521
2014-11-24,-0.004623930915123926
2014-11-25,-0.0035069311635560012
2014-11-26,0.0027621188294211616
2014-11-27,-0.0019516722991312935
2014-11-28,-0.0012318323901822305
2014-11-30,-0.0019688525083812166
2014-12-01,-0.0059280506845166645
2014-12-02,0.0026003959685243295
2014-12-03,0.0011958730627865584
2014-12-04,-0.000311339849089894
2014-12-05,0.0003045768778622122
2014-12-07,-0.00013006017008708568
2014-12-08,-0.0072260275403804725
2014-12-09,0.002198907926110004
2014-12-10,-0.008238865263231678
2014-12-11,-0.001879063622021117
2014-12-12,-0.006072320229172065
2014-12-14,0.002596775014835672
2014-12-15,-0.005758571958083656
2014-12-16,-0.013168395894809073
2014-12-17,0.011022853733624287
2014-12-18,0.020019848047906404
2014-12-19,0.0011544788876202115
2014-12-21,0.0007704081598701801
2014-12-22,0.0019233015780943646
2014-12-23,-0.00237525886245307
2014-12-24,-3.969568236135196e-05
2014-12-25,-0.0022721729625920753
2014-12-26,0.0031648661775746795
2014-12-28,0.0011929463273737616
2014-12-29,-0.0003344588875522597
2014-12-30,-0.005851045533586526
2014-12-31,-0.011616019759689034
2015-01-01,0.004665023914643534
2015-01-02,0.007616233448343017
2015-01-04,-5.110388484668869e-05
2015-01-05,-0.012875360006035355
2015-01-06,-0.009284502583001704
2015-01-07,0.014542192479839722
2015-01-08,0.008909131685284757
2015-01-09,-0.005705684524461391
2015-01-11,-0.00044179888023809365
2015-01-12,-0.005225496055131941
2015-01-13,-0.005135198349910933
2015-01-14,0.0010355520427399155
2015-01-15,-0.018539454195104166
2015-01-16,-0.015912226357100528
2015-01-18,0.0007450058694621867
2015-01-19,0.0015961749562745098
2015-01-20,0.005083875992541911
2015-01-21,0.0026152083120488533
2015-01-22,-0.012505424976723325
2015-01-23,-0.0009576642867660002
2015-01-25,0.002899768723241101
2015-01-26,-0.0032355493985341058
2015-01-27,0.006206364260496715
2015-01-28,-0.016471528161479027
2015-01-29,0.009800033255817325
2015-01-30,-0.007586159012272557
2015-02-01,0.0005452313418040163
2015-02-02,0.0038940637864432093
2015-02-03,-0.006801596923603971
2015-02-04,-0.0030499888748848378
2015-02-05,0.00803334865969829
2015-02-06,-0.002237429047371851
2015-02-08,-0.00305729310800422
2015-02-09,0.0009034315523100327
2015-02-10,0.008666946128870956
2015-02-11,0.0031769530263328696
2015-02-12,0.007073727290887383
2015-02-13,0.004596147094051888
2015-02-15,-0.00024569934693080694
2015-02-16,-0.0005683811522603501
2015-02-17,0.0015566657355729366
2015-02-18,0.00039357360117890216
2015-02-19,0.0038141248851001077
2015-02-20,-0.0043084018876018235
2015-02-22,3.532264342463341e-05
2015-02-23,0.00035737698477466683
2015-02-24,-0.000509373144492586
2015-02-25,0.0011576662557326832
2015-02-26,-0.0030959659477867176
2015-02-27,0.0018520837338131342
2015-03-01,7.957277374016458e-05
2015-03-02,0.004143915260994727
2015-03-03,-0.003233022379965404
2015-03-04,-0.0016042227220096049
2015-03-05,0.0007204492654342068
2015-03-06,-0.006729952393776062
2015-03-08,0.0006804150286950176
2015-03-09,0.0014911088767805376
2015-03-10,-0.011060971439735433
2015-03-11,-0.0044828067312589
2015-03-12,0.003249690563308729
2015-03-13,-0.0035430600881862927
2015-03-15,-0.0005322840484391657
2015-03-16,0.00801068767232193
2015-03-17,0.003575347195697126
2015-03-18,0.00949723273792851
2015-03-19,8.085595514542218e-05
2015-03-20,0.001731528448130552
2015-03-22,0.0014343965386945615
2015-03-23,-0.0026648934286011674
2015-03-24,-0.001540855346698917
2015-03-25,-0.01743237431718733
2015-03-26,0.0006390935728852604
2015-03-27,-0.00048490169664183876
2015-03-29,-0.003033699692973773
2015-03-30,0.0046512949010348295
2015-03-31,-0.013988577075365485
2015-04-01,0.003489968926842861
2015-04-02,-0.00028334523758906046
2015-04-03,-0.008043988407176787
2015-04-05,0.003041895134506943
2015-04-06,0.010740611361686681
2015-04-07,-0.0012330421077709046
2015-04-08,0.008170233136012587
2015-04-09,0.003798141396769895
2015-04-10,-0.0043053744483640905
2015-04-12,0.00034205823818925777
2015-04-13,0.0008291282280954696
2015-04-14,-0.0032767436080924726
2015-04-15,0.0061614312116894596
2015-04-16,-0.0028770550458741893
2015-04-17,0.012022795721647772
2015-04-19,0.001793062021415491
2015-04-20,0.010740290284627392
2015-04-21,0.0037224588294199573
2015-04-22,0.0012723120474856942
2015-04-23,0.011501501063301965
2015-04-24,0.00590117011451601
2015-04-26,0.0005280485465848218
2015-04-27,-0.0017138099031969525
2015-04-28,-0.003425844807807434
2015-04-29,-0.006851679463394608
2015-04-30,-0.010956709165051334
2015-05-01,0.010648534629471027
2015-05-03,-0.0011465484444726955
2015-05-04,0.0018794266717251371
2015-05-05,-0.010095727450230805
2015-05-06,-0.006814933615190979
2015-05-07,0.005536147068504004
2015-05-08,0.00711668739249988
2015-05-10,-0.00013149608026113792
2015-05-11,-0.003601053643335423
2015-05-12,0.0008394479493287624
2015-05-13,-0.0013255395393076696
2015-05-14,0.011472322846253605
2015-05-15,-0.0001284956275531361
2015-05-17,-0.0010294807018632242
2015-05-18,0.004665078993290918
2015-05-19,-0.001991117138548788
2015-05-20,-0.0011565621811965008
2015-05-21,0.00658828696048741
2015-05-22,-0.0007535232847744302
2015-05-24,-0.000707213109741998
2015-05-25,-0.0017395399350605225
2015-05-26,-0.00826817035847878
2015-05-27,0.011829990311732218
2015-05-28,4.3675131544046724e-05
2015-05-29,-0.004480156478272366
2015-05-31,0.0007908305064738627
2015-06-01,0.0003059545248676398
2015-06-02,0.002667412531942026
2015-06-03,0.0033478638244277643
2015-06-04,-0.00592428284627402
2015-06-05,-0.002287863639559638
2015-06-07,-0.001673623513381424
2015-06-08,-0.006958206526012614
2015-06-09,3.219542029894238e-05
2015-06-10,0.009530171053305298
2015-06-11,-0.00030188759454627894
2015-06-12,-0.005387387132849167
2015-06-14,-0.004145523128066231
2015-06-15,-0.002049879168262427
2015-06-16,0.006666458382388131
2015-06-17,-0.0002687253152165308
2015-06-18,-0.016553379183717434
2015-06-19,-0.006786706100312805
2015-06-21,0.002307352582675428
2015-06-22,0.005262377271163711
2015-06-23,-0.0007286040962429077
2015-06-24,-0.002784459699306785
2015-06-25,-0.00488473664120957
2015-06-26,-0.003722023687314286
2015-06-28,-0.012211011636634222
2015-06-29,-0.007479975785389809
2015-06-30,0.00435442171900054
2015-07-01,0.0029520535518404814
2015-07-02,0.0012465557463262912
2015-07-03,-0.0023246331229244666
2015-07-05,-0.008559477306907223
2015-07-06,0.011908643088387592
2015-07-07,-0.008783972975392221
2015-07-08,-0.003486200835520782
2015-07-09,0.0023872326923272914
2015-07-10,0.006156365625217202
2015-07-12,0.0011624620659038288
2015-07-13,0.016658628810539332
2015-07-14,0.007098365589619486
2015-07-15,0.005233821232751215
2015-07-16,-0.012002170109448394
2015-07-17,-0.007765351456240315
2015-07-19,-4.7242702248922613e-05
2015-07-20,0.0034106247832296297
2015-07-21,-0.011332636963002927
2015-07-22,0.003608975883110502
2015-07-23,-0.0011553338572698746
2015-07-24,-0.011334182722144303
2015-07-26,-0.0002775292334407927
2015-07-27,-0.0051067331952709474
2015-07-28,0.0032485589999757033
2015-07-29,-0.0028099283528514513
2015-07-30,-0.005310249619792004
2015-07-31,0.001357302975471446
2015-08-02,-0.001864661671021112
2015-08-03,-0.0015478728953276458
2015-08-04,-0.0013847686823120237
2015-08-05,-0.006134931250030738
2015-08-06,0.011842039575557387
2015-08-07,-0.0027985952480515954
2015-08-09,0.0012581611185183024
2015-08-10,0.00754030176691658
2015-08-11,0.012495825904444702
2015-08-12,0.008194119833955543
2015-08-13,0.0034991510842365746
2015-08-14,0.002472102874635976
2015-08-16,-0.0009590724055297874
2015-08-17,0.006889626899255217
2015-08-18,-0.003920478138122981
2015-08-19,-0.007271839941719807
2015-08-20,-0.026270617395341037
2015-08-21,-0.02035378683979777
2015-08-23,-0.015050890536019726
2015-08-24,-0.0005946012397788762
2015-08-25,-0.011158373129932588
2015-08-26,0.027348496768555164
2015-08-27,0.008330394444874944
2015-08-28,0.0016455570573028833
2015-08-30,-0.003107605116149222
2015-08-31,-0.010727454138717766
2015-09-01,0.0006841003152043996
2015-09-02,-0.008124357901224965
2015-09-03,0.005662489678210051
2015-09-04,0.002420089241548535
2015-09-06,-0.004431449725958628
2015-09-07,-0.0009181849033118171
2015-09-08,0.011742940298862931
2015-09-09,-0.008861201305687657
2015-09-10,0.0069701519972563495
2015-09-11,0.0014961825412886415
2015-09-13,-0.0009782973843280585
2015-09-14,0.0018671469912792124
2015-09-15,-0.003341140419839069
2015-09-16,-0.003979732385195824
2015-09-17,-0.000280708683969608
2015-09-18,-0.0068119601567317245
2015-09-20,-0.002269194669605846
2015-09-21,-0.0037558915895672318
2015-09-22,-0.010181902898630444
2015-09-23,0.0015777323004205032
2015-09-24,0.0004985292341699841
2015-09-25,-0.005328672415487606
2015-09-27,-0.0005876350467689288
2015-09-28,-0.011502084545991121
2015-09-29,0.0008079872005636515
2015-09-30,0.01060621970422785
2015-10-01,2.5548943423026258e-05
2015-10-02,0.006485414130818475
2015-10-04,-3.5577403395728146e-09
2015-10-05,0.0037230365895614204
2015-10-06,-0.0009422151383018788
2015-10-07,0.0020357385687751663
2015-10-08,0.003184956160500072
2015-10-09,0.0013959516532778965
2015-10-11,-2.4412602296988206e-05
2015-10-12,0.0008054422608564938
2015-10-13,-0.0028709775703659878
2015-10-14,0.001911876150477124
2015-10-15,0.005728739126601798
2015-10-16,0.0024963312676700915
2015-10-18,-0.0012398100162170124
2015-10-19,0.002181465101282634
2015-10-20,-0.0016373258349859279
2015-10-21,-0.0013605994344580417
2015-10-22,0.014253441206821382
2015-10-23,0.003595318207295879
2015-10-25,-0.0003564583190765269
2015-10-26,-0.00015677645507174612
2015-10-27,-0.0032366404095590436
2015-10-28,0.0014482402440500843
2015-10-29,0.002334553036747791
2015-10-30,-0.0036365108755350636
2015-11-01,0.0015254782676742294
2015-11-02,0.006426054879713565
2015-11-03,0.002669250916035824
2015-11-04,-0.001076720781385513
2015-11-05,0.001729513332938667
2015-11-06,0.0007306461468745442
2015-11-08,0.0008259838115011195
2015-11-09,-0.006328264062281166
2015-11-10,0.0011760367723500564
2015-11-11,-0.0006441592239843355
2015-11-12,-0.008281176671753435
2015-11-13,0.011274627979009664
2015-11-15,0.000746054710745086
2015-11-16,-0.010518890824240672
2015-11-17,0.00011943354265625575
2015-11-18,0.011794864614484847
2015-11-19,-0.00010453217299692674
2015-11-20,0.004330839117998161
2015-11-22,0.0005861097354507188
2015-11-23,0.002016814782954268
2015-11-24,0.0009817343227917787
2015-11-25,0.0016478407972534803
2015-11-26,0.0008561405068668383
2015-11-27,0.0008761130024341472
2015-11-29,-0.0011123660776263967
2015-11-30,0.0025032647861346342
2015-12-01,0.0035607124378278458
2015-12-02,0.0014743046035884495
2015-12-03,0.011364455418944243
2015-12-04,0.012314111337462423
2015-12-06,-0.00039964662034684857
2015-12-07,-0.004706766606108763
2015-12-08,-0.0030978571089815953
2015-12-09,0.009231841171713967
2015-12-10,0.0018781634412456936
2015-12-11,-0.016677467266410066
2015-12-13,0.002798593214544471
2015-12-14,0.0032697500404773004
2015-12-15,0.006540353336405218
2015-12-16,-0.004793427536017083
2015-12-17,0.011803173976232867
2015-12-18,-0.007958286026814799
2015-12-20,0.0019123107256773333
2015-12-21,0.005900860860587676
2015-12-22,-0.003115526153717175
2015-12-23,-0.0028698511047838137
2015-12-24,-0.00014363280578846065
2015-12-27,-0.001241082793486244
2015-12-28,0.00014285565974265162
2015-12-29,-0.009676990460384068
2015-12-30,-0.005959982577256103
2015-12-31,-0.007398904621517491
2016-01-03,-0.007253724557175705
2016-01-04,-0.004228856366489471
2016-01-05,-0.010219336056248378
2016-01-06,-0.008280600994256745
2016-01-07,-0.007855802793710119
2016-01-08,-0.010766208400131084
2016-01-10,0.00011229837925960299
2016-01-11,-0.0012101255238563266
2016-01-12,0.013989017560320643
2016-01-13,-0.022570300543817583
2016-01-14,0.004589625406660609
2016-01-15,-0.008890962636301084
2016-01-17,0.0008992415537833954
2016-01-18,0.0019931426273246946
2016-01-19,-0.01271456709403851
2016-01-20,0.008745884489882531
2016-01-21,0.0015595623106341738
2016-01-22,0.012103019960897755
2016-01-24,0.0003924296671060292
2016-01-25,-0.008929881655834677
2016-01-26,0.001661325843826673
2016-01-27,-0.003977168507818078
2016-01-28,-0.0006604772961778453
2016-01-29,0.013139740887932558
2016-01-31,-0.0017501222407616509
2016-02-01,0.0011234062516291487
2016-02-02,-0.011033935562642592
2016-02-03,0.0029310156443532113
2016-02-04,-0.0058595038709747405
2016-02-05,0.014388634712771131
2016-02-07,0.0021854366071032295
2016-02-08,-0.013256907397625807
2016-02-09,0.0003259223235611131
2016-02-10,0.0022199111536452204
2016-02-11,0.003352928280359165
2016-02-12,-0.004894665599139524
2016-02-14,-0.004416174210350084
2016-02-15,-0.005537495468068383
2016-02-16,0.002633856644206808
2016-02-17,0.014058915062929766
2016-02-18,-0.0061958353601698655
2016-02-19,0.0011005620304895582
2016-02-21,0.002942016276390182
2016-02-22,0.00034973634676316073
2016-02-23,-0.004885681443893752
2016-02-24,-0.007878819345428093
2016-02-25,0.0031806769100822616
2016-02-26,-0.0024178403720591882
2016-02-28,0.0015940394117088062
2016-02-29,-0.0016083557548477313
2016-03-01,0.01564267772398787
2016-03-02,-0.0008516749482987667
2016-03-03,-0.0016313816354816227
2016-03-04,-0.0004289704545977399
2016-03-06,-0.000504969546712113
2016-03-07,-0.0027804829692521156
2016-03-08,-0.0013960656829073216
2016-03-09,0.002260434764650327
2016-03-10,0.0026644164983605097
2016-03-11,0.003492050560604198
2016-03-13,-7.686748250547417e-05
2016-03-14,0.00033041571607295915
2016-03-15,0.0008705962873057975
2016-03-16,0.004388993551604908
2016-03-17,-0.0007685126537960614
2016-03-18,-0.0006511595627467809
2016-03-20,-0.0008057426892352865
2016-03-21,0.002549343435807416
2016-03-22,0.0018737156276384707
2016-03-23,-0.004630357195447494
2016-03-24,0.0012395574356026385
2016-03-27,-0.0018071504141765297
2016-03-28,0.001892162267735076
2016-03-29,-0.007636422013241477
2016-03-30,-0.000922498426915494
2016-03-31,-0.001042593770617104
2016-04-01,0.007608504471385926
2016-04-03,-0.00021444009950905693
2016-04-04,-0.004852517846973258
2016-04-05,-0.0012601208730045963
2016-04-06,-0.00421279412506574
2016-04-07,-0.007101658485529875
2016-04-08,-0.0003966313230704198
2016-04-10,-0.000617598442112843
2016-04-11,-0.0017970234300259847
2016-04-12,-0.006896139762260076
2016-04-13,-0.0057504529980536255
2016-04-14,-0.0005504748234085098
2016-04-15,-0.001992878848047279
2016-04-17,-0.004248887305698553
2016-04-18,0.0065864341422120385
2016-04-19,-0.005707095881814519
2016-04-20,0.0036939317561503456
2016-04-21,-0.007228516119016398
2016-04-22,-0.00394490431201956
2016-04-24,-0.0011473161341014062
2016-04-25,0.0016198235883956727
2016-04-26,0.00899920853227007
2016-04-27,-0.005208609955695743
2016-04-28,0.009390486174168952
2016-04-29,-0.008896060249907701
2016-05-01,-0.0018921273245418168
2016-05-02,0.007452391565911254
2016-05-03,-0.0073698045150355235
2016-05-04,3.878467322224087e-05
2016-05-05,-0.005980183484347298
2016-05-06,-0.008060383553347851
2016-05-08,-0.0011368245600093308
2016-05-09,0.0021526130195697823
2016-05-10,-0.008282747744745656
2016-05-11,-0.006857963938654867
2016-05-12,-0.007493378878646833
2016-05-13,0.0006687282083571959
2016-05-15,0.001800042537692166
2016-05-16,0.008882680421652052
2016-05-17,-0.010186088025499978
2016-05-18,0.00029459488389997835
2016-05-19,0.0018033340431933638
2016-05-20,0.0057815827204314284
2016-05-22,-0.0013442692800449767
2016-05-23,0.0022452102962054747
2016-05-24,0.01786853573829692
2016-05-25,0.001946350726923251
2016-05-26,0.004864628489318208
2016-05-27,0.003747976407638661
2016-05-29,0.0017084898290498879
2016-05-30,-0.0012134185347690125
2016-05-31,-0.0014379642405613865
2016-06-01,0.003942263172065834
2016-06-02,-0.003057947294610923
2016-06-03,-0.0042135522312334965
2016-06-05,-0.00022783891122235314
2016-06-06,0.0030989055629949526
2016-06-07,0.0024405449322903207
2016-06-08,-0.0015019798647990155
2016-06-09,0.0015923594061493032
2016-06-10,-0.008931383592839633
2016-06-12,-0.0031300871541682243
2016-06-13,-0.00497090576908923
2016-06-14,0.000983150573611504
2016-06-15,-0.005114986752533943
2016-06-16,0.006612033970355425
2016-06-17,-0.014076452623457938
2016-06-19,0.008252004680687177
2016-06-20,-0.001324865039870036
2016-06-21,0.00028381577168224743
2016-06-22,-0.003911682608317917
2016-06-23,0.021131364833098562
2016-06-24,0.0060971382837070294
2016-06-26,-0.004605023975381027
2016-06-27,-0.005704676017695231
2016-06-28,0.014570430703615328
2016-06-29,0.012161082706963693
2016-06-30,0.0064303227752412345
2016-07-01,0.005489409605475991
2016-07-03,0.0007817975965001864
2016-07-04,-0.00253638970116485
2016-07-05,-0.008114266073848547
2016-07-06,0.01079653379032579
2016-07-07,0.0012315135677766847
2016-07-08,0.011277143529009702
2016-07-10,0.003921436659665265
2016-07-11,0.0018102289069740207
2016-07-12,0.0017039691000571946
2016-07-13,-3.9330278269061024e-05
2016-07-14,0.0048590098654865705
2016-07-15,-0.005191316076664156
2016-07-17,-0.004358113129550414
2016-07-18,-0.003120589073366119
2016-07-19,0.0006495322899918497
2016-07-20,-0.00915103576921394
2016-07-21,-0.0035853994383539247
2016-07-22,0.0032738315980273005
2016-07-24,-0.0003219481333729178
2016-07-25,0.00011939086812747985
2016-07-26,0.006308654583563279
2016-07-27,-0.0030242124546800667
2016-07-28,-0.0025682046983386674
2016-07-29,-0.000530880826887599
2016-07-31,-0.0022808675256725582
2016-08-01,-0.0019941001978308406
2016-08-02,0.007894507472022113
2016-08-03,-0.002400149062844516
2016-08-04,-0.00479319031897251
2016-08-05,0.00505500614866601
2016-08-07,0.00101097069060313
2016-08-08,0.0008410870831278086
2016-08-09,-0.0011368807529861412
2016-08-10,0.0014338217082536988
2016-08-11,-0.0032544718700719517
2016-08-12,-0.0011390662992891414
2016-08-14,-0.001055642093627274
2016-08-15,-0.0009744894047560887
2016-08-16,0.002281906687314098
2016-08-17,-0.0015234435920286626
2016-08-18,0.001854358485064284
2016-08-19,-0.0010375540809564865
2016-08-21,0.0016395358236377159
2016-08-22,-0.002352533235589913
2016-08-23,0.00038972941092001195
2016-08-24,0.003653863188951211
2016-08-25,-0.0016169543850495212
2016-08-26,-1.5012609325083265e-05
2016-08-28,-0.0003775443017291937
2016-08-29,-0.003083830416231524
2016-08-30,0.0037161965324052286
2016-08-31,-0.0009382974727463205
2016-09-01,-0.0014824055347166822
2016-09-02,-0.00582265158936612
2016-09-04,-0.0005133052766015278
2016-09-05,0.0013805054657035302
2016-09-06,0.008319456425801815
2016-09-07,-0.0006869616098100395
2016-09-08,-0.008454868111926982
2016-09-09,-0.027801235724814275
2016-09-11,0.004344566787553735
2016-09-12,0.02144110694665037
2016-09-13,-0.0033128933920514594
2016-09-14,-0.003132269004830404
2016-09-15,0.017375285665656173
2016-09-16,0.00043899019370955393
2016-09-18,-0.0032653575828557628
2016-09-19,-0.0061734008154697186
2016-09-20,4.596137073733933e-05
2016-09-21,0.009318594080811204
2016-09-22,-0.007843464583405957
2016-09-23,0.005579875108522575
2016-09-25,0.0019603778846695326
2016-09-26,-0.0028432469590896434
2016-09-27,0.003294038674275587
2016-09-28,0.004445755147470826
2016-09-29,0.008092656175487701
2016-09-30,-0.006708952417318072
2016-10-02,-0.0026434023898732257
2016-10-03,0.0016087107740806025
2016-10-04,0.0019695051093013847
2016-10-05,-0.002472515951732133
2016-10-06,-0.002022367996738248
2016-10-07,-0.000988279520476403
2016-10-09,0.0017322584339451556
2016-10-10,0.0038965520358369954
2016-10-11,0.009446446867178545
2016-10-12,0.01075081197276634
2016-10-13,0.0025542526790490487
2016-10-14,-0.0017190633736738074
2016-10-16,0.002359719159133554
2016-10-17,-0.005248783372369124
2016-10-18,0.0020455139531040034
2016-10-19,0.0012148507284005042
2016-10-20,-0.001557821666300941
2016-10-21,-0.0006808918974833955
2016-10-23,-0.0007252188120827536
2016-10-24,-0.012022668890323556
2016-10-25,0.00703815563881445
2016-10-26,0.005029609252398061
2016-10-27,0.005717803790609256
2016-10-28,-0.0026440790189444026
2016-10-30,0.0017168623384179371
2016-10-31,4.9800128978103857e-05
2016-11-01,-0.013459498125442388
2016-11-02,-0.007598005364952269
2016-11-03,-0.0039820447708320455
2016-11-04,-0.0026790080218019145
2016-11-06,0.011480098884940419
2016-11-07,0.007407465761647486
2016-11-08,-0.029027505531407868
2016-11-09,0.030604813652402366
2016-11-10,-0.012640321542354416
2016-11-11,0.0034515175005318884
2016-11-13,0.0033161568633952488
2016-11-14,-0.007521309789019385
2016-11-15,0.00815581110866146
2016-11-16,0.0016428617691218877
2016-11-17,-0.0032974888231551854
2016-11-18,0.0017583717946307103
2016-11-20,0.00038523440538428986
2016-11-21,0.006418728898310858
2016-11-22,-5.193680748604089e-05
2016-11-23,-0.0031030370152848458
2016-11-24,0.0009509757177613738
2016-11-25,0.001425848722658036
2016-11-27,0.0002381119710151131
2016-11-28,-0.0008191650779883132
2016-11-29,-0.0017982915839667905
2016-11-30,0.005273349346763641
2016-12-01,0.010300436000778209
2016-12-02,-0.000989123325668556
2016-12-04,-0.0011732553959109186
2016-12-05,0.005469891980077869
2016-12-06,0.0008932594557468934
2016-12-07,0.006526574632761925
2016-12-08,0.0014195805929873527
2016-12-09,0.0032153727287959227
2016-12-11,0.0011265460582513367
2016-12-12,-0.0014072140033750305
2016-12-13,0.007463421428136329
2016-12-14,-0.000675485749423745
2016-12-15,0.000150307273999293
2016-12-16,-0.002278895287089127
2016-12-18,-0.0008804126175863138
2016-12-19,-0.002309420171500938
2016-12-20,-0.0012075127115205458
2016-12-21,0.001488818821090945
2016-12-22,0.0006607008396435599
2016-12-23,-0.0006108721105281754
2016-12-26,-0.00022620766127274253
2016-12-27,-0.0025598853149916786
2016-12-28,0.004241732899167334
2016-12-29,0.0004047400441505838
2016-12-30,-0.0069553771085302755
2017-01-02,0.002787000493201497
2017-01-03,0.0025916831296874487
2017-01-04,-0.0016123897522877142
2017-01-05,-0.0032525563330608495
2017-01-06,-0.0043265922246210125
2017-01-08,0.0004970689915805612
2017-01-09,-0.0002463316282707675
2017-01-10,0.001663606422261949
2017-01-11,0.0007424397432011554
2017-01-12,-0.0008740331144434653
2017-01-13,-0.0019902750241192046
2017-01-15,0.0008559123243981876
2017-01-16,-0.00012613131424299274
2017-01-17,0.00045585374248378435
2017-01-18,-0.0003578512225077653
2017-01-19,-0.00127950963081822
2017-01-20,0.00025216750859228827
2017-01-22,0.0028524513586798157
2017-01-23,-0.003297417025824628
2017-01-24,0.00716636868599041
2017-01-25,0.011571533591631007
2017-01-26,0.0022069242669946433
2017-01-27,0.0026598863182933337
2017-01-29,-0.0035628459888678693
2017-01-30,-0.007331821035897706
2017-01-31,0.0038069884697834026
2017-02-01,-9.624528465021552e-05
2017-02-02,-0.0013586215602167688
2017-02-03,-0.007671758952430454
2017-02-05,-0.0016218986355512044
2017-02-06,0.001259396369912276
2017-02-07,-0.004690813170540508
2017-02-08,-0.0027066343694419855
2017-02-09,0.005482873137028207
2017-02-10,0.001321647068432869
2017-02-12,0.0017846723929294762
2017-02-13,0.005266755430785367
2017-02-14,0.004953197973517663
2017-02-15,0.00894923818555753
2017-02-16,0.002696525195965892
2017-02-17,0.006905040329140232
2017-02-26,0.005542409194292752
2017-02-27,-0.0005794656100001792
2017-02-28,-0.0020548522799207895
2017-03-01,-0.011286914231401754
2017-03-02,0.00891617278200176
2017-03-03,-0.006833786226865741
2017-03-05,-0.0049649712183340525
2017-03-06,0.0016073996224727268
2017-03-07,0.004589582371939018
2017-03-08,-0.004834933605651659
2017-03-09,0.00473910244156476
2017-03-10,-3.2781885053063307e-06
2017-03-12,-0.0006042240764826281
2017-03-13,-0.004882654380530512
2017-03-14,0.0022574056387912825
2017-03-15,-0.01012649393439654
2017-03-16,0.0020421352958913132
2017-03-17,0.002047425698524355
2017-03-19,-0.003891611947935583
2017-03-20,-0.010696907033584875
2017-03-21,-0.02863422854677912
2017-03-22,0.013711708489390708
2017-03-23,0.0004236396289063704
2017-03-24,-0.0008690226643677628
2017-03-26,0.008867899219125003
2017-03-27,-0.012628214531732726
2017-03-28,-0.004858129700124381
2017-03-29,0.006038639256385734
2017-03-30,-0.0016085888794877762
2017-03-31,0.0007504247207998593
2017-04-02,0.0014423397328582103
2017-04-03,-0.0029403936646009185
2017-04-04,0.0030641131754805357
2017-04-05,0.009336641611457284
2017-04-06,-0.0010737569708516238
2017-04-07,-0.004169796476438715
2017-04-09,0.0006269700452543274
2017-04-10,-0.002929976260394472
2017-04-11,-0.005458089611688481
2017-04-12,-0.004724177461053983
2017-04-13,-0.0030795405907614536
2017-04-16,-0.0010753442785745985
2017-04-17,-0.011481534853821739
2017-04-18,0.0008224700980695855
2017-04-19,-0.00155293295175083
2017-04-20,-0.010955373678455033
2017-04-21,0.002649556141028193
2017-04-23,-0.011361553954296123
2017-04-24,-0.005410915553468328
2017-04-25,-0.009206149300223981
2017-04-26,-0.0029676805074206492
2017-04-27,0.010856158414983006
2017-04-28,-0.002254117929332696
2017-04-30,0.001184564006376918
2017-05-01,0.009795022045494864
2017-05-02,-0.002000865744300409
2017-05-03,-0.0006856726257573842
2017-05-04,0.0005292654458825173
2017-05-05,0.005596227205582206
2017-05-07,-0.0011254178669136041
2017-05-08,0.002139008106559473
2017-05-09,-0.0048493928815645255
2017-05-10,-0.0006361424755808018
2017-05-11,-0.003177259123886886
2017-05-12,0.006594068198587857
2017-05-14,0.0015185974135630603
2017-05-15,0.00027152343531337716
2017-05-16,-0.0007601039609970536
2017-05-17,-0.01901575860017597
2017-05-18,0.0055326232404466465
2017-05-19,0.005753451705613441
2017-05-21,0.0008532600430359618
2017-05-22,0.008181713417358197
2017-05-23,-0.0022159521279922958
2017-05-24,0.0076681675161603
2017-05-25,0.0060285722755635
2017-05-26,0.0026649195608003267
2017-05-28,-0.0013569326136759106
2017-05-29,0.0022733881950821287
2017-05-30,0.0015122085212723282
2017-05-31,0.0012532189745083449
2017-06-01,0.00818136099354347
2017-06-02,0.010420733676898686
2017-06-04,-0.0011855132618872003
2017-06-05,-0.0005890171677181467
2017-06-06,-0.0022044509317426203
2017-06-07,-0.003928616366438821
2017-06-08,0.00048526862904479766
2017-06-09,0.02772448162203849
2017-06-11,0.0012629856710170968
2017-06-12,0.002284351201714554
2017-06-13,-0.0046241133267127645
2017-06-14,0.009323220437897246
2017-06-15,0.004094361958722244
2017-06-16,-0.004951656409732549
2017-06-18,0.0037158582323519873
2017-06-19,-0.013316726114707765
2017-06-20,-0.0116662899147505
2017-06-21,0.013037633874218114
2017-06-22,0.0005690393316758353
2017-06-23,-0.0026359137033549053
2017-06-25,0.001318150568509608
2017-06-26,-0.005969039948696626
2017-06-27,-0.020644531053739475
2017-06-28,0.018063258983117902
2017-06-29,-0.018520881675669065
2017-06-30,0.002601220763671324
2017-07-02,0.0015543225892005307
2017-07-03,-0.012337321805295377
2017-07-04,0.00020812687168070068
2017-07-05,0.008602848008787585
2017-07-06,-0.0042473290188672925
2017-07-07,0.006386271604816911
2017-07-09,0.0032457025959225544
2017-07-10,0.0028091157552440978
2017-07-11,0.002093206064589818
2017-07-12,0.010779166458614457
2017-07-13,-0.0002891223740436041
2017-07-14,0.00657024760102324
2017-07-16,0.00022361919204483776
2017-07-17,-0.0004459517386626141
2017-07-18,-0.006757573493807465
2017-07-19,-0.0020101568307565863
2017-07-20,-0.0007826735074452578
2017-07-21,0.000880151668408604
2017-07-23,-0.0016974225070580714
2017-07-24,0.002482775072625672
2017-07-25,-0.000499943297887032
2017-07-26,-0.006307267690388925
2017-07-27,-0.013011959747353271
2017-07-28,0.004675664435914116
2017-07-30,0.0008749545468389381
2017-07-31,0.00015938198306185306
2017-08-01,-0.0035018751874289116
2017-08-02,0.003155367527275637
2017-08-03,-0.002480294687547702
2017-08-04,0.0008198266250749592
2017-08-06,0.0027028282110177905
2017-08-07,0.00128572841000411
2017-08-08,-0.004640486866208494
2017-08-09,0.00175229203485424
2017-08-10,-0.016188734610661813
2017-08-11,0.00828574097019829
2017-08-13,-0.0037849922364704015
2017-08-14,-0.008358194495423988
2017-08-15,-0.0041165573677026
2017-08-16,0.00045988274399646865
2017-08-17,-0.01033384393195101
2017-08-18,-0.0025046224512512943
2017-08-20,-0.0010979623241861047
2017-08-21,0.00374866972796765
2017-08-22,0.006352474101438311
2017-08-23,0.0029705075895210048
2017-08-24,-0.00027223970094782064
2017-08-25,0.002539129248634429
2017-08-27,-0.0015474121436952057
2017-08-28,0.0009286181342740701
2017-08-29,0.008566288178640864
2017-08-30,-0.008456207826963517
2017-08-31,-0.006622800076483412
2017-09-01,0.0014240349520160903
2017-09-03,-0.003409667323900207
2017-09-04,0.0012233000999244221
2017-09-05,-0.004218872412760436
2017-09-06,0.0012976918556025202
2017-09-07,0.0015867282939191062
2017-09-08,-0.005922959155735805
2017-09-10,0.0049606792480849215
2017-09-11,0.00492102146350249
2017-09-12,0.0009390617433064871
2017-09-13,0.0007921680113962529
2017-09-14,-0.005058804574635109
2017-09-15,0.005347117934325112
2017-09-17,0.0015668973224769206
2017-09-18,-0.0034712725443095684
2017-09-19,0.0011107622869445974
2017-09-20,-0.0034424269087936325
2017-09-21,-0.008834536165424943
2017-09-22,0.0034920582219333716
2017-09-24,0.0002769750121171088
2017-09-25,-0.009314384515702014
2017-09-26,0.0031724605458669035
2017-09-27,-0.007181128726759592
2017-09-28,-0.0006218905682996121
2017-09-29,-0.006759595032663533
2017-10-01,0.0011353833177452895
2017-10-02,9.639485124951716e-05
2017-10-03,-0.0012274768782785188
2017-10-04,0.00117017745311606
2017-10-05,0.00975252372954516
2017-10-06,-0.00028001710043287206
2017-10-08,0.0015664050014185331
2017-10-09,-0.0012821209481460758
2017-10-10,0.00035899429946382056
2017-10-11,0.0019824209815468828
2017-10-12,-0.0008876404527127128
2017-10-13,-0.004278491184605748
2017-10-15,0.001699948032329221
2017-10-16,0.0011234756794774676
2017-10-17,0.0009716862837544871
2017-10-18,-0.0015001107932773182
2017-10-19,0.0008470438022129195
2017-10-20,0.00188457384370824
2017-10-22,-0.00024261813326381025
2017-10-23,-0.007100786948257171
2017-10-24,-0.0001053725439294398
2017-10-25,0.0008683522838050094
2017-10-26,0.006456790855449491
2017-10-27,0.022765315069826517
2017-10-29,-0.000732609625627407
2017-10-30,0.004113488490596912
2017-10-31,0.006687608318280844
2017-11-01,-0.008498884305077874
2017-11-02,0.006211942213993652
2017-11-03,0.006774748799834713
2017-11-05,-0.0017457610497802764
2017-11-06,0.008912643357241611
2017-11-07,-0.0021471623268569523
2017-11-08,0.00507745289202393
2017-11-09,-0.004442901090205774
2017-11-10,-0.002351591227501197
2017-11-12,0.00311585385155438
2017-11-13,-0.002629484484317979
2017-11-14,0.006703293140626261
2017-11-15,-0.0020205288878214797
2017-11-16,-0.012631527141962931
2017-11-17,-0.007915448142460117
2017-11-19,-0.0022358646754049136
2017-11-20,0.004654130209356674
2017-11-21,0.012470321449550304
2017-11-22,0.001808009448782149
2017-11-23,0.000194587610265896
2017-11-24,0.0037966034858217808
2017-11-26,-0.0014340035929545332
2017-11-27,-0.0003633610040560101
2017-11-28,0.003145864027178651
2017-11-29,-0.021684753502651977
2017-11-30,0.010893637173966358
2017-12-01,-0.0024275797169781388
2017-12-03,0.006690631525215762
2017-12-04,-0.01811604309802798
2017-12-05,-0.005640627160642415
2017-12-06,0.012647013336035403
2017-12-07,0.0028090296027504374
2017-12-08,0.0015681443889804154
2017-12-10,-0.002865549621813214
2017-12-11,0.00738745028732474
2017-12-12,0.0038489062779670843
2017-12-13,0.003907642581515846
2017-12-14,0.0024534407353449866
2017-12-15,0.01379005618446724
2017-12-17,0.0034023952205502234
2017-12-18,0.0029825542453929582
2017-12-19,-0.0037344395709113447
2017-12-20,0.004237668743262924
2017-12-21,-0.0019473697251699193
2017-12-22,0.002468048592247635
2017-12-25,0.0010583939127261166
2017-12-26,0.0015009237368234698
2017-12-27,-0.0018258033855843249
2017-12-28,-0.001990487190669397
2017-12-29,0.009049100131817872
2018-01-01,-0.0048438663260952355
2018-01-02,0.01525621171834141
2018-01-03,0.010549914057026391
2018-01-04,0.002676689368280419
2018-01-05,0.008043285955527606
2018-01-07,0.0005369763625778706
2018-01-08,0.002249118178689213
2018-01-09,-0.00030494340779023746
2018-01-10,0.0007663923816861963
2018-01-11,0.006314908763811336
2018-01-12,0.007540020618850005
2018-01-14,-0.003955952024397373
2018-01-15,0.0004560464483320457
2018-01-16,0.0047301587698793356
2018-01-17,-0.009415736634484825
2018-01-18,0.0017607270581193532
2018-01-19,0.005280651505931519
2018-01-21,-0.0017919740311645807
2018-01-22,0.015414796535190638
2018-01-23,0.0028279268483270897
2018-01-24,-0.00493725955140733
2018-01-25,0.003655283414752111
2018-01-26,0.010440462991663393
2018-01-28,-3.7560376451437215e-05
2018-01-29,0.010504460495789526
2018-01-30,0.0018654830053431532
2018-01-31,-0.0030927040589171983
2018-02-01,0.007450648306364146
2018-02-02,0.021700108731833485
2018-02-04,0.0011547001693090603
2018-02-05,-0.03631175761513654
2018-02-06,0.023538532787884
2018-02-07,-0.004320688642387506
2018-02-08,-0.01596807951719669
2018-02-09,0.00710177115383356
2018-02-11,0.0013185999945004663
2018-02-12,0.005859967243305962
2018-02-13,0.002387754177587036
2018-02-14,0.011678249293895892
2018-02-15,0.006609942097243285
2018-02-16,-0.0029563277376455357
2018-02-18,0.00228751518625172
2018-02-19,-0.00202396716525172
2018-02-20,-6.610384712804637e-05
2018-02-21,0.003960555622353794
2018-02-22,0.004821645054299118
2018-02-23,0.006793139565749487
2018-02-25,4.719573914442367e-05
2018-02-26,0.005945339381270414
2018-02-27,-0.0055847349898177304
2018-02-28,-0.002541693388392998
2018-03-01,-0.0065336898146608905
2018-03-02,0.0028301916608060008
2018-03-04,-0.0028222780878625923
2018-03-05,0.007722275692449433
2018-03-06,-0.002815320726714995
2018-03-07,0.005544381226776165
2018-03-08,0.002813840261213242
2018-03-09,0.007451177438767528
2018-03-11,0.0023549853937301145
2018-03-12,-0.0005063211294226006
2018-03-13,-0.0063953659070773525
2018-03-14,0.0015031238277798471
2018-03-15,0.0007869750348201405
2018-03-16,-0.0008324310175445733
2018-03-18,-0.0022557955042005005
2018-03-19,-0.007393844761825723
2018-03-20,0.0021078173784079726
2018-03-21,-0.0016704208863171576
2018-03-22,-0.015185517346805436
2018-03-23,-0.004882683130676773
2018-03-25,0.0027787957859798473
2018-03-26,0.012131707711977196
2018-03-27,-0.012944664754690806
2018-03-28,-0.004465761900852287
2018-03-29,-0.00504634748905961
2018-04-01,-0.0007713678662984859
2018-04-02,-0.008342981154563027
2018-04-03,0.0019596838830623032
2018-04-04,0.009754711174230138
2018-04-05,-0.005099261081857328
2018-04-06,-0.0037834308961656846
2018-04-08,0.002517363267391622
2018-04-09,0.005171266031034049
2018-04-10,-2.6507736789329616e-07
2018-04-11,0.0009308362326340407
2018-04-12,0.0019495682184194451
2018-04-13,-0.0004152423184194246
2018-04-15,0.0008990269112596814
2018-04-16,0.0034484172786899093
2018-04-17,0.007128654389825055
2018-04-18,-0.0017176606806953898
2018-04-19,0.005359980318474617
2018-04-20,0.007138104130908185
2018-04-22,0.0010398763111983112
2018-04-23,0.001277726788004325
2018-04-24,0.01096223732622607
2018-04-25,0.005696731258245176
2018-04-26,0.010045881832884504
2018-04-27,-0.004854209163472241
2018-04-29,0.00180437729972403
2018-04-30,-0.005369451265588364
2018-05-01,0.005468766369949824
2018-05-02,-0.004615613490686495
2018-05-03,0.0009153817688852456
2018-05-04,0.009178439645963378
2018-05-06,0.00251913887859649
2018-05-07,-0.0012369826891565998
2018-05-08,0.0008578192746484006
2018-05-09,-0.006422851156611471
2018-05-10,0.0033298485374547923
2018-05-11,-0.0006143479195073083
2018-05-13,-0.0023937698498328517
2018-05-14,0.0020385985331931563
2018-05-15,0.005006524995484056
2018-05-16,0.003480733509067597
2018-05-17,-0.000730418940104836
2018-05-18,-0.0037522608079389426
2018-05-20,0.003963851242751602
2018-05-21,-0.0013242676431501296
2018-05-22,-0.0026696451327899214
2018-05-23,0.004857044460853414
2018-05-24,0.003012058722491263
2018-05-25,-0.0014522212872928048
2018-05-27,0.002278994689523769
2018-05-28,-0.0015192837863529692
2018-05-29,-0.0034185357039709964
2018-05-30,-0.004043218139783761
2018-05-31,0.0002953984762579787
2018-06-01,0.007107180985141224
2018-06-03,0.0013123546628567284
2018-06-04,0.002959896680175662
2018-06-05,0.0034712681320268426
2018-06-06,0.003063277324326087
2018-06-07,-0.006684487969768267
2018-06-08,-0.0006693696425744437
2018-06-10,0.00045382760877183087
2018-06-11,-0.002578896053195982
2018-06-12,-0.0046680626872431085
2018-06-13,-0.0028551303120840487
2018-06-14,0.011371660907040617
2018-06-15,-0.0036359988901406414
2018-06-17,-0.003646022165694633
2018-06-18,-0.0034966850295525603
2018-06-19,0.0033861865919266043
2018-06-20,0.01119638298068481
2018-06-21,-0.01016792256553672
2018-06-22,-0.0023896004006779123
2018-06-24,-0.002714947551535249
2018-06-25,-0.01243218823861272
2018-06-26,0.0035364386518597756
2018-06-27,-0.006646519123871967
2018-06-28,0.007056060965114259
2018-06-29,-0.0023964478084013982
2018-07-01,0.0004818887786282177
2018-07-02,0.0035019166113248084
2018-07-03,-0.007001081775298287
2018-07-04,-0.00021085502378142076
2018-07-05,0.008074421472081967
2018-07-06,0.012403357732049602
2018-07-08,0.003658527944872493
2018-07-09,-0.006305558588926913
2018-07-10,0.008824972228223274
2018-07-11,-0.004765957754271084
2018-07-12,-0.012305239846602999
2018-07-13,0.0007766918075152914
2018-07-15,-0.00028677319657380155
2018-07-16,-0.008135528540057469
2018-07-17,0.011726311829702938
2018-07-18,-0.002010046497889875
2018-07-19,-0.004538019731905949
2018-07-20,-0.0003570614667105245
2018-07-22,-0.0032537888593779075
2018-07-23,0.01130982070798712
2018-07-24,-0.0036453452094982706
2018-07-25,-0.0013215245511326544
2018-07-26,0.004086664171975643
2018-07-27,-0.013383831600482447
2018-07-29,-0.0036102666724874954
2018-07-30,-0.005979114631499999
2018-07-31,0.005526166278535099
2018-08-01,0.001801933080936402
2018-08-02,0.010287919463962793
2018-08-03,0.0023758495784357726
2018-08-05,0.0012117531706623255
2018-08-06,0.0029724305427201664
2018-08-07,0.0024020553428884634
2018-08-08,0.00019357469354869928
2018-08-09,-0.001649475170865727
2018-08-10,-0.0025986156261442483
2018-08-12,-0.003925071029098036
2018-08-13,0.003997973458938445
2018-08-14,0.0017340184992711116
2018-08-15,-0.004731380247032381
2018-08-16,-0.0015895730848487204
2018-08-17,0.00032982063070981015
2018-08-19,-0.0007298650804209359
2018-08-20,0.000806944904716725
2018-08-21,0.000965541742356573
2018-08-22,0.004112971124535545
2018-08-23,0.0019981720384348524
2018-08-24,0.005825852224268248
2018-08-26,0.0027057581707277257
2018-08-27,0.006045846855656845
2018-08-28,0.0016045726850568531
2018-08-29,0.00663246570330632
2018-08-30,-0.0013144190352047849
2018-08-31,0.00273393781129215
2018-09-02,-0.0003737984021561551
2018-09-03,-0.0011287018773904515
2018-09-04,0.0049975365047051894
2018-09-05,-0.011530125106503312
2018-09-06,-0.010534518006808468
2018-09-07,-0.0008577599949095846
2018-09-09,0.0026057575825625514
2018-09-10,0.0020619763998102154
2018-09-11,-0.004639424101503357
2018-09-12,0.0033077675684714926
2018-09-13,0.01029227522796799
2018-09-14,-0.0036277432077834455
2018-09-16,0.0006850634741533233
2018-09-17,0.012923143927857213
2018-09-18,0.009241557080858907
2018-09-19,-0.00047099902789304627
2018-09-20,-0.013423174328807207
2018-09-21,-0.007702020119654771
2018-09-23,-0.0030954100735992025
2018-09-24,0.006950801844431786
2018-09-25,0.004912031332189736
2018-09-26,0.0006021404970186838
2018-09-27,0.0063814122239937215
2018-09-28,-0.00017913994288715123
2018-09-30,0.004780101424130483
2018-10-01,-0.0057131653763328035
2018-10-02,0.0013025548061673543
2018-10-03,-0.004992474808294213
2018-10-04,-0.013962977496630793
2018-10-05,-0.00955476581068699
2018-10-07,-0.0016074999590544707
2018-10-08,-0.00399517466704589
2018-10-09,-0.0012213254930904527
2018-10-10,-0.03642551091090024
2018-10-11,0.010124096048113967
2018-10-12,0.009222826858823528
2018-10-14,-0.0032978581323504733
2018-10-15,-0.0030292172454965452
2018-10-16,0.018881066503581474
2018-10-17,-0.005194872393387427
2018-10-18,-0.008038074143543503
2018-10-19,-0.005519091910366292
2018-10-21,0.0012778116318678326
2018-10-22,-0.0012384275218929213
2018-10-23,0.0008418649391753278
2018-10-24,-0.01770631439598402
2018-10-25,-0.0024030496109340416
2018-10-26,0.0015364591771950171
2018-10-28,0.003363497530692691
2018-10-29,-0.011266959105187534
2018-10-30,0.004909015446986504
2018-10-31,0.012434547133511015
2018-11-01,0.0016695643083513235
2018-11-02,-0.0031587663167922187
2018-11-04,-0.0005901115217871484
2018-11-05,-0.0016901363529913849
2018-11-06,0.007401677568638787
2018-11-07,0.011063905527615549
2018-11-08,-0.0035877868779353654
2018-11-09,-0.008373362449048573
2018-11-11,0.0037724194168020134
2018-11-12,-0.014247038486688872
2018-11-13,-0.0012261514207458288
2018-11-14,-0.005174484253310223
2018-11-15,0.0074208754593635155
2018-11-16,0.0011985188322670803
2018-11-18,-0.0016857507758684899
2018-11-19,-0.01446946603257775
2018-11-20,-0.004915349948535871
2018-11-21,0.0009693014856354132
2018-11-22,-0.0025313124647377834
2018-11-23,-0.0009322037235189872
2018-11-25,0.0030420521704687007
2018-11-26,0.006022122073389182
2018-11-27,0.003950536459928498
2018-11-28,-0.01157739666556112
2018-11-29,-8.921656399168008e-05
2018-11-30,0.0032483313294078037
2018-12-02,0.008272306035252355
2018-12-03,-0.005270474028795445
2018-12-04,-0.01026181829947548
2018-12-05,-0.00834608042696667
2018-12-06,0.007872419214327173
2018-12-07,-0.01114126570673941
2018-12-09,-0.0034077537010961463
2018-12-10,0.005889476521302633
2018-12-11,0.005057259986604996
2018-12-12,0.002738993723143108
2018-12-13,-0.006850051951521518
2018-12-14,-0.005942244753716453
2018-12-16,0.0026277143540738286
2018-12-17,-0.008893440080765083
2018-12-18,0.001485919882775284
2018-12-19,-0.013598941226560086
2018-12-20,7.604361304316094e-05
2018-12-21,-0.014533258296928607
2018-12-23,0.002342217681747183
2018-12-24,-0.012558348980470464
2018-12-25,-0.002379609888173814
2018-12-26,0.023454081394468983
2018-12-27,0.004325446065617268
2018-12-28,-0.0021583699496389346
2018-12-30,0.002564513344454373
2018-12-31,0.0005312649261928079
2019-01-01,-0.0041540399394970826
2019-01-02,-0.002378465107866957
2019-01-03,-0.0014913187924228018
2019-01-04,0.011990519137185983
2019-01-06,0.001093138149980845
2019-01-07,0.004055924239496363
2019-01-08,0.0035542547227791215
2019-01-09,-0.0007499929233443939
2019-01-10,0.001624237880694943
2019-01-11,6.696629238023777e-05
2019-01-13,-0.0032858436783355783
2019-01-14,0.0022244019782433266
2019-01-15,0.0048147006477892
2019-01-16,0.0017191577522624466
2019-01-17,0.00421619048037602
2019-01-18,0.00303222628003631
2019-01-20,-0.0010223536184780667
2019-01-21,-0.0020508831222497822
2019-01-22,-0.003136857092082708
2019-01-23,-2.2059424492597418e-05
2019-01-24,-0.003427783138511416
2019-01-25,0.002971457067766926
2019-01-27,-0.0008270106337285806
2019-01-28,-0.00535909464743917
2019-01-29,0.0004868108158917842
2019-01-30,0.010062245445940678
2019-01-31,0.0006416992989619898
2019-02-01,-0.00015678994096642384
2019-02-03,0.00029784129907690985
2019-02-04,0.0028290448980024287
2019-02-05,0.003981800800994325
2019-02-06,-0.0019500944136025364
2019-02-07,-0.005768936818056107
2019-02-08,0.0025018847233793254
2019-02-10,-0.000612750197999317
2019-02-11,-0.0028565697170981072
2019-02-12,0.004913030640904737
2019-02-13,-0.001331734486743554
2019-02-14,-0.001829371886549619
2019-02-15,0.004182083482204851
2019-02-17,0.00026205158701711543
2019-02-18,0.0004145113837111598
2019-02-19,0.0005728687763818738
2019-02-20,0.001977542039543019
2019-02-21,0.004170641242386137
2019-02-22,0.0034964256384608394
2019-02-24,0.001281325178183008
2019-02-25,-0.001617395740191939
2019-02-26,0.002025149578799745
2019-02-27,-0.0006411824231276266
2019-02-28,0.0018271780867501254
2019-03-01,0.0013222390537039354
2019-03-03,0.0029651548495788316
2019-03-04,-0.004002159479651331
2019-03-05,-0.0004066876418855038
2019-03-06,-0.004803627755662502
2019-03-07,-0.008426228536484639
2019-03-08,0.0018650776742072678
2019-03-10,0.00030043264863912353
2019-03-11,-0.015620495297226557
2019-03-12,0.00023672800117755
2019-03-13,0.0051233942526538595
2019-03-14,0.001616044604726598
2019-03-15,0.004902628960129247
2019-03-17,0.00028981524579113085
2019-03-18,0.0017194201222570926
2019-03-19,0.00048309757887674687
2019-03-20,0.005705031967818067
2019-03-21,0.009993537520347049
2019-03-22,-0.01453336402936125
2019-03-24,-0.0050411005355310515
2019-03-25,0.005943511545874519
2019-03-26,0.0007145962935180393
2019-03-27,-0.0060774880962680446
2019-03-28,0.0054442523441486255
2019-03-29,0.003871988730544419
2019-03-31,0.0071651876263742285
2019-04-01,-0.0009747829451954547
2019-04-02,-0.007373600198800396
2019-04-03,-0.0017888347900051715
2019-04-04,-0.0015990026367906876
2019-04-05,0.0037072398044749677
2019-04-07,-0.0008448467107462892
2019-04-08,-0.002777340465713929
2019-04-09,-0.0031832417485470567
2019-04-10,0.005881560545609825
2019-04-11,-0.0025292884076826123
2019-04-12,0.0036188540196569474
2019-04-14,-0.00041599104673924273
2019-04-15,-0.00043709683479438796
2019-04-16,-0.004165701722885931
2019-04-17,-0.0019299529156547367
2019-04-18,0.004291618232987985
2019-04-21,-0.0016444893262025325
2019-04-22,0.004275868662086867
2019-04-23,0.010853914577244703
2019-04-24,0.005000088653981174
2019-04-25,0.008027321964366264
2019-04-26,-0.005702813745809272
2019-04-28,0.00013954232290642283
2019-04-29,-0.005799440055423145
2019-04-30,0.007384964906735084
2019-05-01,0.010005214385568168
2019-05-02,-0.0011022490029461737
2019-05-03,-0.012859380325999543
2019-05-05,0.018552058188199713
2019-05-06,0.0076206378339598296
2019-05-07,-0.008189342978660344
2019-05-08,-0.008616232307559297
2019-05-09,-0.0022760494604350105
2019-05-10,0.003653014859866478
2019-05-12,-0.008827521564781404
2019-05-13,-0.015694704170452326
2019-05-14,0.007800608941755936
2019-05-15,0.005606675279204227
2019-05-16,0.008637920442160416
2019-05-17,-0.007293124133020792
2019-05-19,0.002964089219264541
2019-05-20,-0.009996026494647368
2019-05-21,-0.0033721846930213637
2019-05-22,-0.007726051495183568
2019-05-23,-0.004737756726694142
2019-05-24,-0.002241913395633631
2019-05-27,0.00299776227054458
2019-05-28,-0.009812832247598904
2019-05-29,-0.00215115700218618
2019-05-30,-0.0018982301915036913
2019-05-31,-0.006625505309481705
2019-06-02,-0.005311304622919114
2019-06-03,-0.009365057453337244
2019-06-04,0.020568994565598544
2019-06-05,-0.002805863649089093
2019-06-06,0.004851531625767637
2019-06-07,0.01212585735558427
2019-06-09,0.001423315318747891
2019-06-10,0.00937069142436052
2019-06-11,-0.003420751160311528
2019-06-12,-0.005309616981157489
2019-06-13,0.006633106081560952
2019-06-14,-0.0034029033172215
2019-06-16,0.003013431087453768
2019-06-17,0.0028969837623536838
2019-06-18,0.008633162590554452
2019-06-19,-0.006798779767173858
2019-06-20,0.00044592251887148144
2019-06-21,-0.000356586585366342
2019-06-23,0.002398555115015686
2019-06-24,-0.004127450104175706
2019-06-25,-0.007670188326469456
2019-06-26,0.0036764989294367167
2019-06-27,-0.000565996680558336
2019-06-28,0.004266338634039424
2019-06-30,0.005145516017368348
2019-07-01,-2.4163916199219616e-05
2019-07-02,0.003134050945417509
2019-07-03,0.004353011166985259
2019-07-04,0.0017393343553023341
2019-07-05,-0.004047020920845134
2019-07-07,-0.0018635159745490019
2019-07-08,0.0035665253905093537
2019-07-09,0.005780873273692442
2019-07-10,0.007602502902587039
2019-07-11,-0.001077516390082638
2019-07-12,0.001916776896364933
2019-07-14,0.0002892598624296811
2019-07-15,0.0028894288460721285
2019-07-16,-0.004514241539833895
2019-07-17,-0.00744512594445806
2019-07-18,0.010043813292493986
2019-07-19,-0.010266859264077362
2019-07-21,0.00018094225990132688
2019-07-22,-0.007866378558388303
2019-07-23,0.0029443728936612385
2019-07-24,0.004056761315769673
2019-07-25,0.000427306436953281
2019-07-26,0.00019355672563630801
2019-07-28,-0.0012193052860474233
2019-07-29,-0.0012678088079814522
2019-07-30,0.0022752854076769653
2019-07-31,0.011190207223385849
2019-08-01,0.007962621024294817
2019-08-02,0.006383153653754229
2019-08-04,-0.009638719898707928
2019-08-05,-0.02151136543231437
2019-08-06,0.010602362262651044
2019-08-07,0.008903837047878513
2019-08-08,0.009730544103828957
2019-08-09,-0.0028621197249726698
2019-08-11,0.002328907214313787
2019-08-12,-0.008351644960983734
2019-08-13,0.012110942327378948
2019-08-14,0.015563203915288187
2019-08-15,0.0017199273556448564
2019-08-16,0.005258993438123799
2019-08-18,0.0034677435519564087
2019-08-19,0.006255519482258492
2019-08-20,-0.003398131520737966
2019-08-21,0.0033820114553880162
2019-08-22,0.0011605092410070395
2019-08-23,-0.017611043542867678
2019-08-25,0.0029486903137501126
2019-08-26,0.010155289931356164
2019-08-27,-0.0013957861286914449
2019-08-28,-0.0018682078385782873
2019-08-29,0.012168831556309379
2019-08-30,-0.0036429241727964183
2019-09-01,-0.0034331264868339745
2019-09-02,0.001438041226038868
2019-09-03,0.00045670692061968197
2019-09-04,0.011643277000351861
2019-09-05,0.0035465177688023394
2019-09-06,-0.0007225923714948122
2019-09-08,0.0009609542689293539
2019-09-09,-0.003198530052257548
2019-09-10,-0.0017619548170075823
2019-09-11,0.009338734067729395
2019-09-12,-0.0002769550754749411
2019-09-13,-0.00304125781323704
2019-09-15,-0.0053956903617632225
2019-09-16,0.003107216828051739
2019-09-17,0.0020959065702658374
2019-09-18,-0.0013208811118230028
2019-09-19,0.003345476470780685
2019-09-20,-0.0066650619829874734
2019-09-22,0.002282444441170584
2019-09-23,0.0008150229470605185
2019-09-24,-0.008070188706511631
2019-09-25,0.003849175474495514
2019-09-26,-0.002908847984874299
2019-09-27,-0.004588292480135978
2019-09-29,0.0030354271144990507
2019-09-30,0.004256670540707398
2019-10-01,-0.006771839718233511
2019-10-02,-0.009616436549420041
2019-10-03,0.005469434629272969
2019-10-04,-0.008407043083277428
2019-10-06,0.002490679410953521
2019-10-07,-0.0033726410010693573
2019-10-08,-0.008718510092903224
2019-10-09,0.003225383514095848
2019-10-10,0.0059264025536345435
2019-10-11,0.004932540258505509
2019-10-13,0.0011244685540724338
2019-10-14,0.00026214027316072034
2019-10-15,0.004960146684136316
2019-10-16,-0.0004523023944098714
2019-10-17,-0.0009933217881077407
2019-10-18,-0.004021503913103063
2019-10-20,0.0017277790616688315
2019-10-21,0.004635180775732769
2019-10-22,-0.010177686595075997
2019-10-23,0.007104848218290722
2019-10-24,0.001385560146066774
2019-10-25,0.007866756411053978
2019-10-27,0.0017155243997785676
2019-10-28,-0.004316104696720099
2019-10-29,-0.004694104700898695
2019-10-30,0.005173654262076691
2019-10-31,7.297998051956496e-08
2019-11-01,-0.0040240659367922925
2019-11-03,0.0021407306608697742
2019-11-04,-0.0044553412336176155
2019-11-05,-0.0027474134647471
2019-11-06,-0.0014855922395553137
2019-11-07,0.0006875584027173157
2019-11-08,0.005032457100959033
2019-11-10,-0.0018802030077699158
2019-11-11,-0.0008921847242472702
2019-11-12,-0.0003793140249699262
2019-11-13,-0.0009514051841710647
2019-11-14,-0.003921716527863173
2019-11-15,0.0016682746399726998
2019-11-17,-0.0004072202052275901
2019-11-18,-0.0034872891513348095
2019-11-19,0.003164842893666415
2019-11-20,-0.0052148630901363395
2019-11-21,0.002763207592011952
2019-11-22,-0.001059014662338921
2019-11-24,-0.0027407516766759462
2019-11-25,-0.008104579395243772
2019-11-26,-0.0025590572216494054
2019-11-27,-0.001725372499787913
2019-11-28,0.0004931721802833769
2019-11-29,-0.0003238490654576322
2019-12-01,0.002645165713816589
2019-12-02,-0.011605428266640974
2019-12-03,-0.006840653921510834
2019-12-04,0.003156022362088036
2019-12-05,0.002977200058793424
2019-12-06,0.008205445922245787
2019-12-08,-0.0015567107742657507
2019-12-09,-0.0023432268490403483
2019-12-10,-0.0005414984187071872
2019-12-11,0.00610639093487634
2019-12-12,0.01081294902440105
2019-12-13,-0.0015956891340624284
2019-12-15,-0.003576265071432837
2019-12-16,-0.007138740456836797
2019-12-17,0.0008402938203908939
2019-12-18,0.0010480004058180067
2019-12-19,0.00753072277471058
2019-12-20,0.005263976288122713
2019-12-22,0.001044454801641975
2019-12-23,0.0006965698407822874
2019-12-24,0.0010425426364313191
2019-12-25,0.0007050554048479299
2019-12-26,-0.012289696335356294
2019-12-27,0.005346500395128453
2019-12-29,0.002829376388303758
2019-12-30,-0.007579945781484563
2019-12-31,-0.003383594530009246
2020-01-01,-0.002798390116870461
2020-01-02,0.00629302341229117
2020-01-03,-0.002610948003227733
2020-01-05,-0.0034713834594043425
2020-01-06,0.013650433307119902
2020-01-07,0.010105180454141048
2020-01-08,-0.019783844238420053
2020-01-09,0.010778004416237478
2020-01-10,-0.007210489607152449
2020-01-12,0.0038214599922447253
2020-01-13,0.009899188090746105
2020-01-14,-0.006210049329362837
2020-01-15,0.0046900375370535876
2020-01-16,0.008046959865770772
2020-01-17,-0.005436917610283743
2020-01-19,-0.00053343874157723
2020-01-20,-0.006709252692384731
2020-01-21,0.01227665642037937
2020-01-22,-0.0047720189106566354
2020-01-23,0.009773442214373356
2020-01-24,-0.013847742616630599
2020-01-26,-0.012468643465974706
2020-01-27,-0.0023244561727694697
2020-01-28,0.014274835693353792
2020-01-29,-0.00853286899925897
2020-01-30,0.01801104722103208
2020-01-31,-0.019390769164891877
2020-02-02,0.004794563157470284
2020-02-03,0.009000164302629695
2020-02-04,0.014350441659092432
2020-02-05,-0.008388911780537075
2020-02-06,0.0006410526602427665
2020-02-07,0.002285684199228055
2020-02-09,-0.0004416758110529445
2020-02-10,0.013288063651773981
2020-02-11,-0.0010285222631712773
2020-02-12,0.001385591960970235
2020-02-13,0.005713838977743226
2020-02-14,-0.0009379075515278961
2020-02-16,0.002976105501706856
2020-02-17,-0.0073426455563968445
2020-02-18,0.006899243790442509
2020-02-19,0.0035208245724664172
2020-02-20,-0.010106503954473243
2020-02-21,0.00867976153437633
2020-02-23,-0.01266103298866185
2020-02-24,-0.007578307471064433
2020-02-25,-0.018864497472503163
2020-02-26,-0.014592203117093857
2020-02-27,-0.025423376898727135
2020-02-28,0.013845721652296243
2020-03-01,-0.0005042629491674468
2020-03-02,0.01627140987040907
2020-03-03,-0.004975220349578348
2020-03-04,0.007011776560358251
2020-03-05,-0.01406170910258447
2020-03-06,-0.0019071350466972102
2020-03-08,-0.01977178310834287
2020-03-09,0.004784547149251579
2020-03-10,-0.0002717854442539196
2020-03-11,-0.023594557754877114
2020-03-12,-0.02684890206409157
2020-03-13,0.03127895106564534
2020-03-15,-0.010066628697665097
2020-03-16,-0.007403167827620241
2020-03-17,-0.004390291696866447
2020-03-18,-0.006866942404769385
2020-03-19,0.01132296525607788
2020-03-20,-0.00914704730733446
2020-03-22,-0.006945178567080742
2020-03-23,0.01220112238231381
2020-03-24,0.00775422098386932
2020-03-25,0.0004637362157474074
2020-03-26,0.008283976661933342
2020-03-27,-0.0047271530592310285
2020-03-29,-0.0014046671665782831
2020-03-30,0.009715317898862298
2020-03-31,-0.0043675960539994
2020-04-01,-0.0047268762372300694
2020-04-02,0.0013317901153132225
2020-04-03,-0.0016071219616955919
2020-04-05,0.006340714532278496
2020-04-06,0.0053337415562831276
2020-04-07,7.756359733939009e-05
2020-04-08,0.003243366043543027
2020-04-09,0.001845321138680078
2020-04-12,-0.0022549549604237392
2020-04-13,0.007275282717396579
2020-04-14,0.004077355592610199
2020-04-15,-0.0022654714585483094
2020-04-16,0.008210487114020271
2020-04-17,-0.0023346794703840773
2020-04-19,-0.00030905208266977926
2020-04-20,-0.002882643209094702
2020-04-21,-0.003978723452129221
2020-04-22,0.0027670933838378417
2020-04-23,-0.0010088168103374786
2020-04-24,0.004707364025775535
2020-04-26,0.0010012527528880015
2020-04-27,-0.00031138889771174626
2020-04-28,0.0007575923711689488
2020-04-29,0.004901893883334895
2020-04-30,-0.005369845047648158
2020-05-01,-0.0017832212155693959
2020-05-03,-0.0017929830246153499
2020-05-04,0.004634699822181469
2020-05-05,0.0010830120812486343
2020-05-06,0.001755080925054447
2020-05-07,0.003910190867995581
2020-05-08,0.00031901750128901534
2020-05-10,0.0010174291682759338
2020-05-11,-0.0005409593365252663
2020-05-12,-0.0034062558884076777
2020-05-13,-0.0016022314827855509
2020-05-14,0.0018822551767923264
2020-05-15,0.00029934622659279653
2020-05-17,0.002050960002707545
2020-05-18,0.002318874642596182
2020-05-19,0.0005042687418862733
2020-05-20,0.002033055808545595
2020-05-21,-0.0026671300483641475
2020-05-22,0.0021181517083990365
2020-05-24,0.0006879147694535153
2020-05-25,0.0031866851369055636
2020-05-26,0.0024677969450741743
2020-05-27,-0.0009836453552715364
2020-05-28,0.0006885008145736523
2020-05-29,0.003984163485221018
2020-05-31,-0.00015684835936218317
2020-06-01,-0.00013637994612705908
2020-06-02,0.003082310778634342
2020-06-03,-0.0003091795390195809
2020-06-04,-0.0002640002740784019
2020-06-05,0.006374062331461087
2020-06-07,0.001214557366987993
2020-06-08,0.0016391408597882311
2020-06-09,0.005043593049876176
2020-06-10,0.002384762741362049
2020-06-11,-0.014661149114081635
2020-06-12,0.0020627206509243913
2020-06-14,-0.003893802098427079
2020-06-15,0.016156730829288292
2020-06-16,-2.7425497137731405e-05
2020-06-17,-0.0018992451488021366
2020-06-18,0.004779964757560097
2020-06-19,-0.003572359849435556
2020-06-21,0.002012671032633058
2020-06-22,0.006089230787261605
2020-06-23,0.0034768265820052284
2020-06-24,-0.008875588271091153
2020-06-25,-6.743458090712816e-05
2020-06-26,-0.009811654464223215
2020-06-28,-0.0009734974636785734
2020-06-29,0.00703092344785303
2020-06-30,-0.0061601007502544575
2020-07-01,-0.007313198396799455
2020-07-02,-0.0021757110188332196
2020-07-03,-0.0008576335081419341
2020-07-05,0.00667595004492406
2020-07-06,0.005333838728699342
2020-07-07,-0.0017695296354942338
2020-07-08,0.004546861823721687
2020-07-09,0.0017272988474394668
2020-07-10,0.007061388383584773
2020-07-12,0.002000478600642473
2020-07-13,-0.011958991189920911
2020-07-14,0.0029958228981051362
2020-07-15,-0.0045510577095065445
2020-07-16,7.155392419640092e-05
2020-07-17,0.00146719981585902
2020-07-19,-0.002537848692105106
2020-07-20,0.019222227937398244
2020-07-21,-0.0038231115692673695
2020-07-22,-0.00426911258737029
2020-07-23,-0.01141166172397293
2020-07-24,-0.004159721409832141
2020-07-26,-0.003459026684369392
2020-07-27,-0.009065682207467264
2020-07-28,0.008334874379596059
2020-07-29,0.005372069737248576
2020-07-30,0.009909931693506183
2020-07-31,9.556745837731716e-05
2020-08-02,-0.001481412531401231
2020-08-03,0.004665892532518501
2020-08-04,0.0015429117504730337
2020-08-05,-0.00030390139124384085
2020-08-06,0.006134388244480552
2020-08-07,-0.004402921696611752
2020-08-09,-0.0006308293465873945
2020-08-10,0.0002236083108519599
2020-08-11,-0.008412373015979717
2020-08-12,0.008791312735255888
2020-08-13,0.0030429562195419873
2020-08-14,-0.0025386437259544725
2020-08-16,0.0018099107693525017
2020-08-17,0.004058534319029654
2020-08-18,0.005035950840691441
2020-08-19,-0.0067217599583654355
2020-08-20,0.010686261224828781
2020-08-21,0.0024749195236358087
2020-08-23,0.0015434637152529165
2020-08-24,0.003507416794778964
2020-08-25,0.002529839871568364
2020-08-26,-6.811786511236508e-05
2020-08-27,0.002344065430883324
2020-08-28,-0.0005433547168771485
2020-08-30,0.004079195671352442
2020-08-31,0.003260040032183793
2020-09-01,0.008736006148418948
2020-09-02,0.000827362042181493
2020-09-03,-0.026547879585917096
2020-09-04,-0.0027697876777463054
2020-09-06,-0.0033463873820370666
2020-09-07,0.001777664402704413
2020-09-08,-0.013669054842333328
2020-09-09,0.009590225981076476
2020-09-10,-0.005400157701599686
2020-09-11,-0.006329941665252838
2020-09-13,0.005812674912974962
2020-09-14,0.0026236218408249314
2020-09-15,0.006348110709860779
2020-09-16,-0.011755220096600471
2020-09-17,-0.0011979929832794283
2020-09-18,-0.005162212506989764
2020-09-20,0.000298147484704609
2020-09-21,0.0005906009436918868
2020-09-22,0.005042491147681222
2020-09-23,-0.010005012843240076
2020-09-24,0.004589158128530497
2020-09-25,0.0068396773631636
2020-09-27,0.0012867564421858893
2020-09-28,0.008454715640381048
2020-09-29,-0.0028758099420793095
2020-09-30,0.004878532087011186
2020-10-01,0.002144959144821429
2020-10-02,-0.01012898898336976
2020-10-04,0.00412751023199331
2020-10-05,0.0033899442533532618
2020-10-06,-0.006233999051685709
2020-10-07,0.008635198860044041
2020-10-08,0.0028161068819700205
2020-10-09,0.004647757508598288
2020-10-11,0.0013679852512515195
2020-10-12,0.009733884312149419
2020-10-13,0.0029369187038879173
2020-10-14,-0.008686218152695666
2020-10-15,0.0011988525683816567
2020-10-16,-0.0036657056876935683
2020-10-18,-0.0035072136312291444
2020-10-19,-0.007059419971737903
2020-10-20,0.001128766191246402
2020-10-21,-0.003419203405203042
2020-10-22,0.0016339136137761474
2020-10-23,-0.00017579604853252805
2020-10-25,-0.001455063908523507
2020-10-26,-0.004259831687374493
2020-10-27,0.0014318268758830544
2020-10-28,-0.009977035605140077
2020-10-29,-0.001455299526643179
2020-10-30,-0.004592158320090837
2020-11-01,-0.0006845239798941674
2020-11-02,0.0005577048543559326
2020-11-03,0.01607397108421892
2020-11-04,0.012393761211841143
2020-11-05,0.00028098249172851483
2020-11-06,0.004850955351502556
2020-11-08,0.009127840613264868
2020-11-09,-0.017893696186092455
2020-11-10,-0.0018557059355058514
2020-11-11,0.004082380206180383
2020-11-12,0.001682213048962512
2020-11-13,0.0026252069876815548
2020-11-15,0.003085367888218384
2020-11-16,-0.0011380983057443727
2020-11-17,-0.0012177121975807325
2020-11-18,-0.0037992276158964017
2020-11-19,0.004836852618666594
2020-11-20,-0.0038644591089417213
2020-11-22,0.0020481013720870535
2020-11-23,0.0007883414327331292
2020-11-24,0.005267858707764095
2020-11-25,0.002108080785720895
2020-11-26,-0.0007773353262324479
2020-11-27,0.0034759491265543385
2020-11-29,-0.0008171591164686784
2020-11-30,0.004097535803713569
2020-12-01,0.002286195873514314
2020-12-02,0.0009675478128356144
2020-12-03,0.0008351004929510829
2020-12-04,0.0005504089110800047
2020-12-06,0.00033422410144122206
2020-12-07,0.0017432861307222635
2020-12-08,0.002879608882323149
2020-12-09,0.010284982257456915
2020-12-10,0.0010311051975020523
2020-12-11,-0.0002657186746919043
2020-12-13,0.0018278659332613965
2020-12-14,-0.0007661378612966714
2020-12-15,-0.0061536218500710714
2020-12-16,0.0033036030693392384
2020-12-17,0.0006872708536582071
2020-12-18,0.0006017148022121611
2020-12-20,0.0003496218715910996
2020-12-21,-0.002125760561659977
2020-12-22,0.00026181035645472746
2020-12-23,-0.0008578047185161135
2020-12-24,0.0012285456231995121
2020-12-27,0.0026225154586847137
2020-12-28,0.0036090223067513226
2020-12-29,0.0005835496971869512
2020-12-30,-0.0015717676727894998
2020-12-31,0.0014628158786031695
2021-01-03,-0.00026779920903507103
2021-01-04,-0.0072962876790417025
2021-01-05,-0.002433992846055172
2021-01-06,0.003445018624667734
2021-01-07,0.009764951249192435
2021-01-08,0.006040940437254089
2021-01-10,-0.0033011685137530546
2021-01-11,-0.004785575575585343
2021-01-12,0.00088315719934982
2021-01-13,0.0011125993575225252
2021-01-14,-0.0032499847428541445
2021-01-15,-0.004832808677837395
2021-01-17,-0.00029342569146255674
2021-01-18,0.007619602839596925
2021-01-19,0.004605590152047367
2021-01-20,0.020580764263391768
2021-01-21,-0.0014045429218374288
2021-01-22,0.0003778299251649531
2021-01-24,0.0057790757964859205
2021-01-25,-0.004002948895004487
2021-01-26,0.009263634986494787
2021-01-27,-0.025492514505858557
2021-01-28,-0.0004002842141283605
2021-01-29,-0.006090433690300756
2021-01-31,0.0034136302929100577
2021-02-01,0.017787708798772436
2021-02-02,0.00888994913313656
2021-02-03,-0.006802212118526225
2021-02-04,-0.009915877538247872
2021-02-05,0.0008107152532534533
2021-02-07,0.0029408678307311573
2021-02-08,0.00029522488018701926
2021-02-09,0.002736809405821992
2021-02-10,-0.003466132487822461
2021-02-11,0.002112111198945005
2021-02-12,0.0047046325809671575
2021-02-14,0.0014838156865464663
2021-02-15,0.0021039388864883893
2021-02-16,-0.006306163140223589
2021-02-17,-0.005479012281619835
2021-02-18,-0.0020832034842802978
2021-02-19,-0.00041981629800502663
2021-02-21,-0.0013519374502565583
2021-02-22,-0.00958934884927727
2021-02-23,0.007524310253898199
2021-02-24,-0.007834290989684713
2021-02-25,0.023195788802182267
2021-02-26,0.005880053142223797
2021-02-28,0.006026118397830677
2021-03-01,0.007858108436505003
2021-03-02,-0.0038501284647358483
2021-03-03,-0.02013485995176666
2021-03-04,-0.006409774211970912
2021-03-05,0.009459282114253367
2021-03-07,-0.004054474692091003
2021-03-08,-0.003119231391294922
2021-03-09,0.011129059316889798
2021-03-10,0.00225971603848141
2021-03-11,0.007658050077420913
2021-03-12,-0.004278905678386012
2021-03-14,0.00027048501842212455
2021-03-15,0.006082121794333523
2021-03-16,0.00014209614689644385
2021-03-17,0.0019343224053361655
2021-03-18,-0.012912867207594863
2021-03-19,0.0019418227439318523
2021-03-21,0.002308792238621381
2021-03-22,0.004192146851397928
2021-03-23,0.0009082079256319889
2021-03-24,-0.008061012511468181
2021-03-25,0.000508167624665724
2021-03-26,0.004512824436483193
2021-03-28,-0.002104548738065337
2021-03-29,0.00041555355600096
2021-03-30,-0.000728131133797918
2021-03-31,0.007681471512419161
2021-04-01,0.00800248644640138
2021-04-02,-0.0005945332741175439
2021-04-04,-0.000892467106214142
2021-04-05,0.008405997794248853
2021-04-06,-0.0010823675579079994
2021-04-07,0.004554890879595195
2021-04-08,0.003316933321438589
2021-04-09,0.0006809882508326534
2021-04-11,-0.0006282592841462889
2021-04-12,0.0010078745111063113
2021-04-13,0.004871480271457629
2021-04-14,-0.005860784277925735
2021-04-15,0.005846685686666749
2021-04-16,0.0018509300871244437
2021-04-18,0.0004986981967076169
2021-04-19,-0.004120893308608951
2021-04-20,-0.006239575097950952
2021-04-21,0.006048531491663452
2021-04-22,-0.004197701564444958
2021-04-23,0.004705746817984899
2021-04-25,0.0006814511150109567
2021-04-26,0.002743039283082195
2021-04-27,-0.0013628405002579
2021-04-28,0.0014695757668443407
2021-04-29,-0.0042563869072171755
2021-04-30,-0.0007225209518278968
2021-05-02,0.00018735870310659822
2021-05-03,-0.00447442251856377
2021-05-04,0.0053603208227085185
2021-05-05,0.003770392320519887
2021-05-06,-0.006216468920058879
2021-05-07,0.002953861404776214
2021-05-09,0.0008226681360727671
2021-05-10,-0.018630254744628212
2021-05-11,0.0029027357052015977
2021-05-12,-0.009212781031883766
2021-05-13,0.004064662494686647
2021-05-14,0.009516791438359566
2021-05-16,-0.0009895182280116879
2021-05-17,-0.0008348216155986769
2021-05-18,-0.008462353399072088
2021-05-19,0.0022508832727193544
2021-05-20,0.012707246430251446
2021-05-21,0.0037016877421967393
2021-05-23,-0.000402184895346892
2021-05-24,0.01050145830419323
2021-05-25,0.0018059980515091802
2021-05-26,-0.001476128517715605
2021-05-27,0.0008851724070891269
2021-05-28,6.510781189270225e-05
2021-05-30,0.000278769149279839
2021-05-31,0.0008167078065945083
2021-06-01,0.0015055125502185394
2021-06-02,-0.001924823421183149
2021-06-03,0.007678152886420116
2021-06-04,0.010514379398263598
2021-06-06,-0.0007063091476747285
2021-06-07,0.003968966210124661
2021-06-08,-0.0003899189769191601
2021-06-09,-0.00025125579958981486
2021-06-10,-0.006533825730239934
2021-06-11,-0.0006963308259330886
2021-06-13,-0.0012710042755323182
2021-06-14,-0.005203928632649193
2021-06-15,0.004602557474931821
2021-06-16,0.005505710248622217
2021-06-17,-0.01251524135645521
2021-06-18,-6.984313031447076e-05
2021-06-20,-0.0015287602275452245
2021-06-21,0.005294036190303995
2021-06-22,0.006733764111191098
2021-06-23,0.00028088830506373363
2021-06-24,-0.0026266516218652904
2021-06-25,0.0013844920354853002
2021-06-27,0.0007169902691428418
2021-06-28,-0.006006502327213234
2021-06-29,-0.003993112289523427
2021-06-30,0.0005437187507903233
2021-07-01,0.0019170438091963553
2021-07-02,0.008088689461055494
2021-07-04,-0.0002163299151715711
2021-07-05,-0.0010488102369009009
2021-07-06,0.004466758171799053
2021-07-07,-1.1484131492493889e-05
2021-07-08,-0.004675163068454999
2021-07-09,-0.005922691180840968
2021-07-11,-0.0004790368546632697
2021-07-12,0.003257285612793231
2021-07-13,-0.00030084632540957766
2021-07-14,0.0011758456618812404
2021-07-15,-0.00649450447813461
2021-07-16,-0.0036117872076641138
2021-07-18,-0.0014762868746205369
2021-07-19,-0.0007743274151723638
2021-07-20,0.00395077970545845
2021-07-21,0.008119024395510736
2021-07-22,0.006684379429738634
2021-07-23,0.006701803289994461
2021-07-25,-0.0006624991406325361
2021-07-26,0.0009769354038011667
2021-07-27,-0.008719989594931931
2021-07-28,-0.0013015827387429881
2021-07-29,-0.0065543758162059755
2021-07-30,0.006891235973024816
2021-08-01,0.0036256192777039432
2021-08-02,0.004502571878946269
2021-08-03,0.005097098919008947
2021-08-04,-0.0033455670292384166
2021-08-05,-0.004142900945077663
2021-08-06,-0.004146620888150269
2021-08-08,-0.003096567054250155
2021-08-09,0.0038699367174943
2021-08-10,-0.0035519365018261387
2021-08-11,-0.0028923581047055587
2021-08-12,0.004150046127856364
2021-08-13,0.003740977943508245
2021-08-15,-0.0016185981194137562
2021-08-16,0.0007568223904439287
2021-08-17,-0.007389831084885978
2021-08-18,-0.009762371859297625
2021-08-19,0.004298122221628195
2021-08-20,0.01113639674113479
2021-08-22,-0.00338719973720472
2021-08-23,-0.011322109408554843
2021-08-24,0.0016499080578438379
2021-08-25,-0.0014347677617156953
2021-08-26,-0.0006465931058482011
2021-08-27,0.0070930255119247216
2021-08-29,0.000642941289887939
2021-08-30,0.011357766115448777
2021-08-31,0.0009105110174627798
2021-09-01,-0.0002079709769796821
2021-09-02,0.0013684272769747532
2021-09-03,-0.0020272679858972893
2021-09-05,-0.00024305973904505606
2021-09-06,-0.0018399456775280646
2021-09-07,-0.0002523800478154632
2021-09-08,-0.006863859532116894
2021-09-09,-0.0012560000963523004
2021-09-10,-0.008837130642053583
2021-09-12,-0.00034901004434527276
2021-09-13,-9.149266284193584e-05
2021-09-14,-0.004285842646319858
2021-09-15,-0.0083065854195472
2021-09-16,3.764736080883436e-05
2021-09-17,-0.01389530654933739
2021-09-19,-0.0067297614233569345
2021-09-20,-0.010304570950308923
2021-09-21,-0.002379182925026363
2021-09-22,0.011013513007076793
2021-09-23,0.007943041448395917
2021-09-24,0.0013883265585686803
2021-09-26,0.004728639371587591
2021-09-27,-0.01375836565490024
2021-09-28,-0.02126553356538821
2021-09-29,-0.0012494114175245496
2021-09-30,-0.014182296122335531
2021-10-01,0.010790848583260475
2021-10-03,-0.0021051081815404143
2021-10-04,-0.013848791376476965
2021-10-05,0.004219847070442329
2021-10-06,0.0175164493290263
2021-10-07,0.002135000447054956
2021-10-08,0.006154972116801811
2021-10-10,-0.003860712949408318
2021-10-11,-0.005248745954534928
2021-10-12,-0.002283042816022151
2021-10-13,0.011692905324488303
2021-10-14,0.014334050575626563
2021-10-15,0.002755742538331434
2021-10-17,-0.0017743639075417086
2021-10-18,-0.009518473609283621
2021-10-19,-0.004717094977450427
2021-10-20,-0.0014156196317073146
2021-10-21,0.0021308845786180593
2021-10-22,-0.003004501815917469
2021-10-24,-0.000252452560460944
2021-10-25,0.011745689594543716
2021-10-26,-0.0020165197781162798
2021-10-27,0.003786769328125394
2021-10-28,-0.0027112799179623485
2021-10-29,-0.00918911152214353
2021-10-31,-0.0010541039662209167
2021-11-01,-0.0005116405617167352
2021-11-02,0.004631526555113249
2021-11-03,0.009435636728659363
2021-11-04,0.00832654093348367
2021-11-05,0.0002329530740723893
2021-11-07,-0.0025870957967774042
2021-11-08,0.0006648272181578298
2021-11-09,-0.006727751061436211
2021-11-10,-0.00739832887324238
2021-11-11,0.0026963698023102917
2021-11-12,0.00650855555816922
2021-11-14,0.0007899324434851132
2021-11-15,-0.0011202750621287358
2021-11-16,-0.004681487044146784
2021-11-17,-0.0024468503567299286
2021-11-18,-0.010020967456077426
2021-11-19,4.196132017872124e-06
2021-11-21,0.0015528881107595542
2021-11-22,-0.010875834394590927
2021-11-23,-0.003563464145578541
2021-11-24,0.005150043752666456
2021-11-25,-0.004560894967707232
2021-11-26,-0.010578170477679429
2021-11-28,0.007732166604545442
2021-11-29,0.007923264086210673
2021-11-30,-0.0014915947877980405
2021-12-01,-0.01694008640831628
2021-12-02,0.0009912412982752352
2021-12-03,-0.011357289799481427
2021-12-05,0.0019697809139746936
2021-12-06,0.006370797000628994
2021-12-07,0.01987793004150045
2021-12-08,0.001213022238584222
2021-12-09,0.007694311198459442
2021-12-10,-0.006173214355438615
2021-12-12,-0.0027354457357766475
2021-12-13,0.011115177328530639
2021-12-14,-0.0065214603762621046
2021-12-15,0.015168562677325439
2021-12-16,-0.017166124165901114
2021-12-17,-0.0003137958106299523
2021-12-19,-0.006828122435113958
2021-12-20,0.004893789788099002
2021-12-21,0.00602320170632739
2021-12-22,0.008523485980256387
2021-12-23,0.004419214705934139
2021-12-26,0.0011592647301681273
2021-12-27,0.0074270041196435235
2021-12-28,-0.0003291325120774146
2021-12-29,-0.0019938335595018363
2021-12-30,-0.002569489903145791
2021-12-31,-0.0024810798797629497
2022-01-02,0.002461574583759361
2022-01-03,0.003977877924781456
2022-01-04,0.010571259588658396
2022-01-05,-0.018183929158301804
2022-01-06,-0.00493478065006319
2022-01-07,-0.0065119122567463645
2022-01-09,0.001847607059982673
2022-01-10,-0.0013976065925747016
2022-01-11,0.0075830034303926
2022-01-12,0.00046983910732322973
2022-01-13,-0.011188162801081519
2022-01-14,0.0033668779538729788
2022-01-16,-0.0021709375753726575
2022-01-17,-0.002545901559667496
2022-01-18,-0.01216321480622648
2022-01-19,0.001544969482269626
2022-01-20,-0.01464064565906766
2022-01-21,-0.00704253269630302
2022-01-23,0.003680125463851278
2022-01-24,-0.009637146988330215
2022-01-25,0.00013991214220800667
2022-01-26,-0.009544100332269777
2022-01-27,0.005209169624495802
2022-01-28,0.009646912103584468
2022-01-30,0.002474551013634329
2022-01-31,0.011629476730364708
2022-02-01,0.007865010658371526
2022-02-02,-0.009972018319238534
2022-02-03,-0.00027782331412327135
2022-02-04,-0.0033290630929823
2022-02-06,0.0011058721478180537
2022-02-07,-0.003496242042139015
2022-02-08,0.006691101491166017
2022-02-09,0.00517641172468982
2022-02-10,-0.011345113912421828
2022-02-11,-0.009698026696135797
2022-02-13,0.0009449947748371115
2022-02-14,0.0003408519361005572
2022-02-15,0.007872465727922003
2022-02-16,-0.002358484019754718
2022-02-17,-0.006156447877065014
2022-02-18,-0.007458293324969746
2022-02-20,0.0012004374086779961
2022-02-21,-0.010960192225747067
2022-02-22,0.008443051769393261
2022-02-23,-0.02091023962132187
2022-02-24,0.01808463267680452
2022-02-25,0.00811101072888703
2022-02-27,-0.009253758374091571
2022-02-28,0.010131023889377071
2022-03-01,-0.003730590855521305
2022-03-02,0.0037000488385022577
2022-03-03,-0.007341753251641113
2022-03-04,-0.002708608663752158
2022-03-06,-0.0046689141753335425
2022-03-07,-0.008552721146466073
2022-03-08,0.0013364108353765467
2022-03-09,0.008868845524106668
2022-03-10,-0.004558904876297707
2022-03-11,-0.00459710951122092
2022-03-13,0.00016044463079096946
2022-03-14,-0.005048520608789203
2022-03-15,0.008524455243717827
2022-03-16,0.011647529224106421
2022-03-17,0.0013082206160926339
2022-03-18,0.009629698252772032
2022-03-20,-0.0009918879902423806
2022-03-21,-0.001091516635623487
2022-03-22,0.007130937520932938
2022-03-23,-0.0028301299248769127
2022-03-24,0.005049552438909427
2022-03-25,-7.384180824493875e-05
2022-03-27,-0.000912099773577518
2022-03-28,0.0055849023956599225
2022-03-29,0.005094690945139965
2022-03-30,-0.0011652691612593718
2022-03-31,-0.005025296401933016
2022-04-01,-0.001923076509646476
2022-04-03,-0.00014843547729177407
2022-04-04,0.0070390229698071155
2022-04-05,0.007335548468922021
2022-04-06,0.007005253831952494
2022-04-07,0.001583371089876698
2022-04-08,-0.004584861958007064
2022-04-10,-0.0027312166156697386
2022-04-11,-0.006405905121508285
2022-04-12,0.002075415422397756
2022-04-13,0.005182654721574909
2022-04-14,-0.008007375503468764
2022-04-17,0.0027069833015836357
2022-04-18,0.004309372582100749
2022-04-19,0.002994359769166074
2022-04-20,0.0002942255080011685
2022-04-21,-0.009806252708390698
2022-04-22,-0.00806649429770026
2022-04-24,-0.001329739750627561
2022-04-25,0.00702948499326235
2022-04-26,-0.01136831721005542
2022-04-27,0.0028302140368821754
2022-04-28,0.0029174811040931343
2022-04-29,-0.009202448102447892
2022-05-01,-0.0001991257314498946
2022-05-02,0.006175957647983297
2022-05-03,-0.001178737588582317
2022-05-04,0.009443204288205585
2022-05-05,0.01562944050504414
2022-05-06,0.004658698125791962
2022-05-08,-0.002207249430003792
2022-05-09,-0.007378715281133405
2022-05-10,0.004037572358744111
2022-05-11,-0.010865572005064349
2022-05-12,0.001090731216447129
2022-05-13,0.008035069293983543
2022-05-15,-0.0013230065756279006
2022-05-16,-0.0005225308546316304
2022-05-17,0.006510857577284955
2022-05-18,-0.01585254459139882
2022-05-19,0.0023168341682623804
2022-05-20,-0.004742672195078095
2022-05-22,0.0035256952613044756
2022-05-23,-0.002194305414875795
2022-05-24,-0.0005936836140175557
2022-05-25,0.0017369596200974833
2022-05-26,0.009439418329531492
2022-05-27,0.011929169499454656
2022-05-29,0.0023032032066802686
2022-05-30,-0.0006180735650936988
2022-05-31,-0.0020221942960945093
2022-06-01,-0.003424707680559546
2022-06-02,0.009067044050750967
2022-06-03,0.008318722721240322
2022-06-05,0.0015926922986068584
2022-06-06,-0.0030838933972989553
2022-06-07,-0.004587762427153372
2022-06-08,0.0024526271615733087
2022-06-09,-0.007650404523778049
2022-06-10,-0.011351866455934181
2022-06-12,-0.006134688185442215
2022-06-13,-0.0070333877530821395
2022-06-14,0.0008216932399242423
2022-06-15,0.0074355050587618
2022-06-16,-0.012503768053252297
2022-06-17,0.002008486712635377
2022-06-19,0.0012710259793966348
2022-06-20,0.002950450904483324
2022-06-21,0.00020542110770827346
2022-06-22,0.001679711619768766
2022-06-23,0.008044188439179402
2022-06-24,0.007400102673572516
2022-06-26,0.0019490162008518287
2022-06-27,-0.00462387916798703
2022-06-28,-0.007817065715507384
2022-06-29,-0.0008301537966124244
2022-06-30,-0.0055501809851195155
2022-07-01,0.004166953815083733
2022-07-03,-0.002029761640749072
2022-07-04,0.0033669617931956553
2022-07-05,0.0037756740495771923
2022-07-06,0.0030593381099664318
2022-07-07,0.004587858395728243
2022-07-08,0.0024506883138697474
2022-07-10,-0.0033309543344317025
2022-07-11,-0.00593503393711138
2022-07-12,-0.0004657865233505388
2022-07-13,-0.0019430022554934503
2022-07-14,0.003635307290120955
2022-07-15,0.0047366308054351556
2022-07-17,0.0012722390650109644
2022-07-18,-0.003362254963453441
2022-07-19,0.01166548436140372
2022-07-20,0.002136039286777284
2022-07-21,0.0035199764667731156
2022-07-22,-0.003300260002525487
2022-07-24,-0.00037624402368255074
2022-07-25,-0.002985187667912726
2022-07-26,-0.001018024363728022
2022-07-27,0.009591928650336281
2022-07-28,0.010059265026952953
2022-07-29,0.001729561038485005
2022-07-31,-0.0010259312502852384
2022-08-01,-0.0007410790108630562
2022-08-02,0.0002864979227197321
2022-08-03,0.009742430020485951
2022-08-04,0.00342788434227607
2022-08-05,-0.004787904495838787
2022-08-07,0.00021067787978794393
2022-08-08,-0.0006533128408760692
2022-08-09,-0.005336083897327742
2022-08-10,0.012196499207742937
2022-08-11,0.0024828896500156713
2022-08-12,0.006783254754543562
2022-08-14,-0.0009239605325920767
2022-08-15,0.004088620649249038
2022-08-16,-0.0010031989518641247
2022-08-17,-0.004933608598857677
2022-08-18,0.001308116599236074
2022-08-19,-0.008027199173444502
2022-08-21,-0.001333431097492624
2022-08-22,-0.008989132696508608
2022-08-23,-0.0033981129227205514
2022-08-24,0.004464648874567257
2022-08-25,0.006557756860709321
2022-08-26,-0.017692864575742304
2022-08-28,-0.005040158215825134
2022-08-29,0.0015521098866647179
2022-08-30,-0.00312515492308618
2022-08-31,-0.008466361444743145
2022-09-01,0.0035931592402188247
2022-09-02,-0.005154153596226608
2022-09-04,-0.0007256979116959738
2022-09-05,0.0034395513868953277
2022-09-06,-0.008824995205574306
2022-09-07,0.011119044128567911
2022-09-08,0.00426504158038572
2022-09-09,0.0076853158657162685
2022-09-11,3.4061964350090205e-05
2022-09-12,0.0059370125803967725
2022-09-13,-0.021745634524328
2022-09-14,0.0033145241666070052
2022-09-15,-0.010129314498251822
2022-09-16,0.0007775555194025702
2022-09-18,-0.0017938331495949687
2022-09-19,0.005807660320572298
2022-09-20,-0.0038137030427477306
2022-09-21,-0.010323046867200628
2022-09-22,-0.002096578773066931
2022-09-23,-0.005635453038935978
2022-09-25,-0.0015136567309064813
2022-09-26,0.0022865350439771103
2022-09-27,-0.006381167486081737
2022-09-28,0.01030211638598852
2022-09-29,-0.009376568076102607
2022-09-30,-0.00503394530731236
2022-10-02,-0.004181174652229264
2022-10-03,0.013552696018587244
2022-10-04,0.006614646400220135
2022-10-05,0.0036815133519056474
2022-10-06,-0.00434931178041659
2022-10-07,-0.014140581049088266
2022-10-09,-0.0012990575916526756
2022-10-10,-0.004031060346740888
2022-10-11,-0.0018088921631135343
2022-10-12,-0.0010451382309926316
2022-10-13,0.009926943649687239
2022-10-14,-0.011885634442923974
2022-10-16,0.0005711083819159191
2022-10-17,0.012596229354373089
2022-10-18,0.004593071917068721
2022-10-19,-0.008586885180749423
2022-10-20,-7.988168199950269e-05
2022-10-21,0.009567338242137147
2022-10-23,0.0014373542402866919
2022-10-24,-0.0016717310580384689
2022-10-25,0.0009035310207127713
2022-10-26,-0.0005535163174275599
2022-10-27,-0.008954345428850735
2022-10-28,0.012578253198087405
2022-10-30,0.0007975604549009575
2022-10-31,-0.00221420216348705
2022-11-01,-0.0033951263934595016
2022-11-02,-0.010962244026704121
2022-11-03,-0.00674344707413116
2022-11-04,0.00413910601388079
2022-11-06,-0.0004276307195023681
2022-11-07,0.004225262453937707
2022-11-08,0.003580603620242213
2022-11-09,-0.007186855287191891
2022-11-10,0.02084643944028905
2022-11-11,0.004849104005550745
2022-11-13,-0.001525681070687541
2022-11-14,0.0004672029957002344
2022-11-15,0.0013370549357049914
2022-11-16,-0.002834004011827771
2022-11-17,-0.0006256832961677011
2022-11-18,-0.0003080559119061456
2022-11-20,-0.0007001417026990651
2022-11-21,-0.0019372974845317265
2022-11-22,0.0034920764287089193
2022-11-23,0.004552911760897431
2022-11-24,0.0005038941999570315
2022-11-25,-0.0032848021660274213
2022-11-27,-0.002762562618087542
2022-11-28,-0.0005003265893932174
2022-11-29,-0.003464231402036818
2022-11-30,0.01390070139093062
2022-12-01,-0.0007736780359304175
2022-12-02,-0.00047283174567735694
2022-12-04,-0.00020641702448970166
2022-12-05,-0.004893371397588773
2022-12-06,-0.005657734670157992
2022-12-07,-0.0027391861224691245
2022-12-08,0.0053528270477403795
2022-12-09,-0.0028863184782901403
2022-12-11,-0.00034624236867897447
2022-12-12,0.003953541606061382
2022-12-13,0.00503796053009251
2022-12-14,-0.003822295273401689
2022-12-15,-0.010717184324064702
2022-12-16,-0.0036638486210196623
2022-12-18,0.0012463014659937878
2022-12-19,-0.008290094721694575
2022-12-20,0.004066280856667283
2022-12-21,0.004685198789785039
2022-12-22,-0.008745386477203035
2022-12-23,0.0003507229113503694
2022-12-26,0.002792714089306784
2022-12-27,-0.007330677811220481
2022-12-28,0.003670092761336138
2022-12-29,0.007024168985379742
2022-12-30,0.0007662098597706955
2023-01-02,-0.0007080521137076477
2023-01-03,-0.001176913868771651
2023-01-04,-6.054710765352105e-05
2023-01-05,-0.0032185598593949204
2023-01-06,0.0072924515719585345
2023-01-08,0.002267714882095463
2023-01-09,-0.0009186735285865635
2023-01-10,0.004397014407119191
2023-01-11,0.006775544645351556
2023-01-12,0.00032554222009382734
2023-01-13,0.0034988647182287486
2023-01-15,0.0008685862229544824
2023-01-16,-0.0024296833752487485
2023-01-17,0.003369199652243806
2023-01-18,-0.005837232280367635
2023-01-19,-0.0021949789993256598
2023-01-20,0.00909703892124213
2023-01-22,-1.7376569345157287e-05
2023-01-23,0.010389041534082663
2023-01-24,-0.0042082435563698594
2023-01-25,0.0038750693085939526
2023-01-26,0.00465227642059514
2023-01-27,0.007202992122626574
2023-01-29,-0.0016267398331985543
2023-01-30,-0.008828170067062106
2023-01-31,0.006319040742549767
2023-02-01,0.015252143686295485
2023-02-02,0.0038550840613385796
2023-02-03,-0.001236754059271885
2023-02-05,-0.0016673350239343819
2023-02-06,-0.0011072597450084785
2023-02-07,0.008695892334710045
2023-02-08,-0.006872615501496609
2023-02-09,-0.00619482476217736
2023-02-10,-0.0016183696877072368
2023-02-12,0.0019715000032577185
2023-02-13,0.008499559951613262
2023-02-14,0.0012421256619168201
2023-02-15,0.0077332794950314716
2023-02-16,-0.012313525226873848
2023-02-17,-0.0007578232500458562
2023-02-19,-0.00039202115214260623
2023-02-20,0.001760608986803292
2023-02-21,0.007552595801889477
2023-02-22,0.002662027124317161
2023-02-23,0.0007491633150173683
2023-02-24,0.0062687829837533605
2023-02-26,-0.0011928499926200126
2023-02-27,0.002737325152255128
2023-02-28,-0.0013495968410037174
2023-03-01,-0.006483611926068569
2023-03-02,0.005284843713312151
2023-03-03,0.010854065001550227
2023-03-05,0.0011236098100572808
2023-03-06,0.0011148555228909672
2023-03-07,-0.00782905633508356
2023-03-08,0.0016608447833883634
2023-03-09,-0.010352585884823315
2023-03-10,-0.003858104097004372
2023-03-12,0.008450478220110047
2023-03-13,-0.0024830489840458967
2023-03-14,0.009230749586234217
2023-03-15,0.003414593989230826
2023-03-16,0.010830230211275518
2023-03-17,0.0017665764787468054
2023-03-19,-0.00019092777986821246
2023-03-20,0.0009876578367533349
2023-03-21,0.006705436193251905
2023-03-22,-0.003985515532258423
2023-03-23,0.0035892698663996052
2023-03-24,0.0016778164214008699
2023-03-26,0.0007889816000650407
2023-03-27,-0.004020112765812768
2023-03-28,0.0013489976983502934
2023-03-29,0.00614196310187637
2023-03-30,0.006827188331199182
2023-03-31,0.0070779790982514225
2023-04-02,-0.003533159567182422
2023-04-03,0.0007477733042937594
2023-04-04,0.0001507609841335259
2023-04-05,-0.007449128676652957
2023-04-06,0.005005565040067958
2023-04-09,-0.0007487368321876977
2023-04-10,0.0009412267854837929
2023-04-11,-0.0032685767762564125
2023-04-12,-0.004257048053260442
2023-04-13,0.00954659292199968
2023-04-14,-0.00022156068077189113
2023-04-16,8.922845912314108e-05
2023-04-17,-0.0004549152189125522
2023-04-18,2.6723711616975753e-05
2023-04-19,-0.0015696474477701898
2023-04-20,-0.0017316804238119339
2023-04-21,1.306666833130626e-05
2023-04-23,-0.0013765404808271698
2023-04-24,0.001205231097019778
2023-04-25,-0.0014181490231439452
2023-04-26,-0.0016318380632342115
2023-04-27,0.012184712432367949
2023-04-28,0.0053290943731677575
2023-04-30,0.00045232756735359404
2023-05-01,-0.001973595374587136
2023-05-02,0.004647524956477179
2023-05-03,-0.002019681620829926
2023-05-04,-0.002232872952389625
2023-05-05,0.010474924817164357
2023-05-07,0.0003088411337911541
2023-05-08,0.000955349364027152
2023-05-09,-0.0031847353000769734
2023-05-10,0.00782908138621267
2023-05-11,0.002407191614787583
2023-05-12,-0.0038692099301547763
2023-05-14,0.0005792505832459125
2023-05-15,-0.003988264435195406
2023-05-16,-0.003015567662502277
2023-05-17,-0.006322568698375317
2023-05-18,-0.015115432091285082
2023-05-19,-0.004378829472664214
2023-05-21,0.0001468744465969705
2023-05-22,0.0049102378372866415
2023-05-23,-0.010949079141061536
2023-05-24,0.005537034460068408
2023-05-25,0.006644021199140772
2023-05-26,0.021165747567771457
2023-05-28,-0.0017557863731039527
2023-05-29,-0.0008748231122068931
2023-05-30,-7.913690904094993e-05
2023-05-31,-0.005437387120856062
2023-06-01,0.011161846628712847
2023-06-02,0.0045526064913203575
2023-06-04,-0.00194367216352027
2023-06-05,0.0024621992485378548
2023-06-06,-0.0005369647991131917
2023-06-07,-0.012052079462873438
2023-06-08,0.008962177069000928
2023-06-09,0.003060382503584421
2023-06-11,0.001660183033571921
2023-06-12,0.01164852396476115
2023-06-13,0.003921910062141807
2023-06-14,0.004009042376085702
2023-06-15,0.0075337856543627076
2023-06-16,-0.0025669189448720223
2023-06-18,0.000862113587279004
2023-06-19,-0.0027960633294808386
2023-06-20,0.0008588183106936663
2023-06-21,-0.010472173501899055
2023-06-22,0.006705521771358325
2023-06-23,-0.004162387672561685
2023-06-25,-0.002165133489959348
2023-06-26,-0.010488126806499064
2023-06-27,0.008159933077624163
2023-06-28,0.004543015334145546
2023-06-29,-0.0008437461589597785
2023-06-30,0.009300132875706801
2023-07-02,0.00043694835949417834
2023-07-03,0.0009216887981043302
2023-07-04,-0.0005707120787119119
2023-07-05,-0.00017232343691551006
2023-07-06,-0.00479296074661551
2023-07-07,-0.0013049836943619959
2023-07-09,-0.003048535382851773
2023-07-10,0.0029381525020243816
2023-07-11,0.004046099322863322
2023-07-12,0.009935572721560159
2023-07-13,0.01092360328212942
2023-07-14,-0.0007251366071808653
2023-07-16,-0.0011867713315790683
2023-07-17,0.0062258536466435616
2023-07-18,0.006630362705616289
2023-07-19,-0.0032823791807055284
2023-07-20,-0.011725861719430523
2023-07-21,-0.002419286059972968
2023-07-23,0.0003597779355787932
2023-07-24,0.00013082065598725223
2023-07-25,0.004053618540678505
2023-07-26,0.0025655079226884416
2023-07-27,-0.0034227395067212645
2023-07-28,0.01114835194665111
2023-07-30,0.0018834528069511225
2023-07-31,-0.0025347663336255746
2023-08-01,-0.006608864065267399
2023-08-02,-0.011380016951386514
2023-08-03,0.002189183127199181
2023-08-04,-0.006789200214799312
2023-08-06,0.0033681286552458807
2023-08-07,0.0002774372448554307
2023-08-08,-0.002438029431996988
2023-08-09,-0.00755132295370619
2023-08-10,-0.0003036873792179099
2023-08-11,0.005305758808742729
2023-08-13,0.0034765021552496072
2023-08-14,0.012723874706808181
2023-08-15,-0.008940914636262056
2023-08-16,-0.009262927675511144
2023-08-17,0.007833137243548758
2023-08-18,0.00042709529899595425
2023-08-20,0.0006666619294828603
2023-08-21,0.010645805115179104
2023-08-22,0.002061929149398265
2023-08-23,0.017976750094535556
2023-08-24,-0.02245864282357945
2023-08-25,-0.005977381241614014
2023-08-27,0.0011402651362123581
2023-08-28,0.004165130303715512
2023-08-29,0.01402506264680145
2023-08-30,0.002323032163367759
2023-08-31,0.0016920133230538953
2023-09-01,-0.0007762499510638799
2023-09-03,0.0006952306209400939
2023-09-04,-0.001309980774590096
2023-09-05,0.0001486097874956139
2023-09-06,-0.0053292638570849975
2023-09-07,-0.003652635124959804
2023-09-08,0.001542486335273291
2023-09-10,-0.0005594252763773536
2023-09-11,-0.00576981777678593
2023-09-12,-0.007248389198173
2023-09-13,0.005226973890264564
2023-09-14,0.004053853094963492
2023-09-15,-0.011570785791581002
2023-09-17,0.0003820613152252594
2023-09-18,0.00020588587480543008
2023-09-19,-0.0020300105268431542
2023-09-20,-0.01052489909983848
2023-09-21,-0.008442686583038919
2023-09-22,0.0004423052710162737
2023-09-24,0.001231370627130277
2023-09-25,-0.0022879806860793975
2023-09-26,0.0048195562882757835
2023-09-27,-0.0006042172118311712
2023-09-28,-0.0054756509775093975
2023-09-29,-0.0009986248691417478
2023-10-01,-0.0038369707441027697
2023-10-02,-0.0003057573617729238
2023-10-03,-0.012141542207282108
2023-10-04,0.010257076814607453
2023-10-05,-0.0018924309766426637
2023-10-06,0.010478224829168782
2023-10-08,-0.0050654773716421395
2023-10-09,-0.00819259888043499
2023-10-10,0.003187608689981482
2023-10-11,0.005044765361066134
2023-10-12,-0.003293154481674588
2023-10-13,-0.008462449740284839
2023-10-15,0.0021505402386660264
2023-10-16,0.0046262244727913095
2023-10-17,-0.0022899283390703925
2023-10-18,-0.00781221843670813
2023-10-19,-0.005633300954854195
2023-10-20,-0.007875177863055619
2023-10-22,-6.375770086357557e-05
2023-10-23,0.0028716537053706517
2023-10-24,0.0021553993707446946
2023-10-25,-0.01844334282299284
2023-10-26,-1.019154331972093e-05
2023-10-27,0.0013136732514280255
2023-10-29,0.0028060249091966328
2023-10-30,5.211770191072163e-05
2023-10-31,0.0050405618446534685
2023-11-01,-0.01341823746188308
2023-11-02,0.006190793307194374
2023-11-03,0.009368906368346547
2023-11-05,-0.0003967257151894952
2023-11-06,0.0011974838632210216
2023-11-07,0.006380531334397596
2023-11-08,0.0007263902486815954
2023-11-09,-0.005015070703577511
2023-11-10,0.014049845651730938
2023-11-12,-0.003487428664498418
2023-11-13,0.0024513389840352703
2023-11-14,0.012711497869959036
2023-11-15,-0.002329332505826956
2023-11-16,0.00167022833738245
2023-11-17,-0.000227348931499638
2023-11-19,-0.0011223520704311237
2023-11-20,0.009287226690193056
2023-11-21,-0.0047422973112349
2023-11-22,0.003131319489001694
2023-11-23,0.0004715108282982416
2023-11-24,-0.001617778357589129
2023-11-26,-0.002598133844628745
2023-11-27,-0.002096732878351624
2023-11-28,0.002760740961327209
2023-11-29,-0.000655194586945468
2023-11-30,-0.0037254317931377187
2023-12-01,0.002957410240337491
2023-12-03,0.0017300337407006126
2023-12-04,-0.005919310597624874
2023-12-05,0.006008126602138838
2023-12-06,-0.0060726553612379984
2023-12-07,-0.008261495451158014
2023-12-08,0.0024821604558089576
2023-12-10,-0.0014579026001465612
2023-12-11,0.0076345034520078165
2023-12-12,0.005311609443588459
2023-12-13,0.010251819104155149
2023-12-14,-0.00338999463755616
2023-12-15,-0.001747031180727879
2023-12-17,-0.0012010991486703744
2023-12-18,-0.0030768132599575024
2023-12-19,-0.004274576257244668
2023-12-20,-0.007470121974315103
2023-12-21,0.0029968459386975977
2023-12-22,0.002227450508734326
2023-12-25,0.0020363133047792956
2023-12-26,0.0019873895348541362
2023-12-27,0.002677920898474445
2023-12-28,-0.001541817987989135
2023-12-29,-0.0032370186563105948
2024-01-01,-0.00016938390955464422
2024-01-02,-0.011854282716111624
2024-01-03,-0.0054192668911439935
2024-01-04,-0.004025001704854444
2024-01-05,0.0011947946493716312
2024-01-07,-0.0008320375448398942
2024-01-08,0.01474036272060345
2024-01-09,0.0022800829260975395
2024-01-10,0.007362155777102044
2024-01-11,-0.001834034771872958
2024-01-12,-0.0008241410532947643
2024-01-14,-0.0014167052406573552
2024-01-15,-0.004522954869907877
2024-01-16,0.001294009412797612
2024-01-17,-0.0028299051686166655
2024-01-18,0.014176960826242334
2024-01-19,0.012213701852813947
2024-01-21,0.004086581136907614
2024-01-22,-0.003538242195269361
2024-01-23,0.005612242362866959
2024-01-24,0.0008782471436865032
2024-01-25,-0.005387135906316822
2024-01-26,0.0009999232842452005
2024-01-28,0.0010669414079764678
2024-01-29,0.008425231462276748
2024-01-30,-0.011448773679349933
2024-01-31,-0.005636800176361687
2024-02-01,0.013237503477605841
2024-02-02,0.005349059735410493
2024-02-04,-0.0016565501563187777
2024-02-05,0.002449287851683845
2024-02-06,-0.003428000166581156
2024-02-07,0.008509772824886516
2024-02-08,0.000705022036150535
2024-02-09,0.007145972157468355
2024-02-11,-0.0004389433389256765
2024-02-12,-0.003656338195066624
2024-02-13,-0.010157145124089965
2024-02-14,0.008356834205409924
2024-02-15,-0.0029722123765355494
2024-02-16,-0.009108910378345002
2024-02-18,-0.0026777355964759737
2024-02-19,-0.00427861367733539
2024-02-20,-0.00544478798704924
2024-02-21,0.010650021843722952
2024-02-22,0.010764326635264049
2024-02-23,-0.0037054386250315206
2024-02-25,-0.0004677622527982311
2024-02-26,0.00040452704863664827
2024-02-27,0.0019469470924245557
2024-02-28,-0.0030070335011976746
2024-02-29,0.008218587309553164
2024-03-01,0.008793061440622724
2024-03-03,0.0010328011201719384
2024-03-04,-0.005650109729815403
2024-03-05,-0.009130899785495474
2024-03-06,-0.0001079638888182465
2024-03-07,0.012540313750247532
2024-03-08,-0.00845834435667365
2024-03-10,0.0024664376198030745
2024-03-11,0.0021615613937375996
2024-03-12,0.00652091629664716
2024-03-13,-0.003172478491530314
2024-03-14,-0.00499957092608007
2024-03-15,-0.006819501837100472
2024-03-17,0.002173265187565976
2024-03-18,0.00219135768027466
2024-03-19,0.002746141444877813
2024-03-20,-0.014592349396650247
2024-03-21,-0.0015590848783149107
2024-03-22,0.0004889354832592657
2024-03-24,0.0006129900113889754
2024-03-25,-0.0019214352664353254
2024-03-26,-0.000987768122034533
2024-03-27,0.0004159898424623826
2024-03-28,-0.0011260703289866425
2024-03-31,0.0044871514480920634
2024-04-01,-0.003404814828992986
2024-04-02,-0.008037708116794494
2024-04-03,0.006623433291625105
2024-04-04,-0.014263600551634479
2024-04-05,0.008052090720731396
2024-04-07,0.0016784156923060607
2024-04-08,-0.0010780272414120072
2024-04-09,0.0036611791146682732
2024-04-10,-0.007498942084992567
2024-04-11,0.012387181291720685
2024-04-12,-0.011871064846206451
2024-04-14,0.0013449571103099655
2024-04-15,-0.01511073094010329
2024-04-16,0.004011549810773686
2024-04-17,-0.007905402472125784
2024-04-18,-0.01629965710006035
2024-04-19,-0.0038708018543569546
2024-04-21,0.002492388659602428
2024-04-22,0.003322638128878363
2024-04-23,0.01501594973172472
2024-04-24,-0.009266734022557717
2024-04-25,0.0108585180254926
2024-04-26,0.0025516663629252027
2024-04-28,0.002407321267267594
2024-04-29,0.00041865119861844637
2024-04-30,-0.01332681704313191
2024-05-01,0.0016489457810990613
2024-05-02,0.00741443858049913
2024-05-03,0.00903608914717997
2024-05-05,-0.0006554056548959568
2024-05-06,0.006003087062114668
2024-05-07,0.0007331855348262802
2024-05-08,-0.001020856685660329
2024-05-09,0.00187786299976305
2024-05-10,0.0010750352927062041
2024-05-12,0.00026848630318988446
2024-05-13,0.000598701775753936
2024-05-14,-0.0052836513557943995
2024-05-15,-0.010259929278701278
2024-05-16,0.0025637216768265407
2024-05-17,0.0007012498447692945
2024-05-19,0.0016240790708188864
2024-05-20,0.0025642452179205164
2024-05-21,0.0021871607832962734
2024-05-22,0.004657002948228139
2024-05-23,-0.007079574053649752
2024-05-24,0.005007055331664113
2024-05-26,-0.0006768822430531587
2024-05-27,0.0023310445133317265
2024-05-28,0.000681248524053918
2024-05-29,-0.006634075974670662
2024-05-30,-0.005778934726831621
2024-05-31,0.002205124836333558
2024-06-02,0.0022941316139732104
2024-06-03,0.0005868176300510602
2024-06-04,0.0033381880489381133
2024-06-05,-0.011684241306161816
2024-06-06,-0.00011274353339703422
2024-06-07,0.0019580289392724785
2024-06-09,0.0003042272563991342
2024-06-10,0.0017441330948584864
2024-06-11,0.005631833907757327
2024-06-12,0.011749608756202337
2024-06-13,0.0007136496854149514
2024-06-14,-0.001918519028154244
2024-06-16,0.0003784033812801896
2024-06-17,-0.0069679090644038265
2024-06-18,-0.0012822130694489717
2024-06-19,0.0012764047594917844
2024-06-20,-0.0061496249654578216
2024-06-21,-0.0018492988630112233
2024-06-23,-0.0019664836828190676
2024-06-24,-0.005784139470238717
2024-06-25,0.007952559264441524
2024-06-26,0.002425136617772575
2024-06-27,0.008267717601438667
2024-06-28,-0.00640986618823598
2024-06-30,0.0015564596995310805
2024-07-01,-0.0007715199407800456
2024-07-02,0.010595267166341927
2024-07-03,0.006858429293875198
2024-07-04,0.00039212586246922506
2024-07-05,-0.00853640545759344
2024-07-07,0.00053577856761997
2024-07-08,-0.005079179525260681
2024-07-09,0.00016263838375381008
2024-07-10,0.007104415083149194
2024-07-11,-0.017911599209329606
2024-07-12,0.005086799283998062
2024-07-14,0.0014593950148063938
2024-07-15,0.0037004263165529246
2024-07-16,-0.004253203415424989
2024-07-17,-0.018719398196147097
2024-07-18,-0.003884129703499284
2024-07-19,-0.009785192955791026
2024-07-21,0.002244206459766462
2024-07-22,0.00757206567658196
2024-07-23,-0.0047704139781527
2024-07-24,-0.020633634648586738
2024-07-25,-0.005773825398080666
2024-07-26,0.0041939492346880795
2024-07-28,0.004059137423842987
2024-07-29,-0.006432107499148237
2024-07-30,0.00015713128079049396
2024-07-31,0.018919914359799988
2024-08-01,-0.025189716118020435
2024-08-02,-0.005980526022222877
2024-08-04,-0.012646029566233574
2024-08-05,0.006830734454851662
2024-08-06,-0.0005224435676098414
2024-08-07,-0.009138461569290473
2024-08-08,0.015557059533993318
2024-08-09,0.0006182273360934672
2024-08-11,0.0010815908640813337
2024-08-12,0.000785131871570973
2024-08-13,0.0109670061350321
2024-08-14,-0.0029793482643270864
2024-08-15,-0.010400827563453991
2024-08-16,-0.0001959330815010033
2024-08-18,0.0010730893918783715
2024-08-19,0.006131205188747614
2024-08-20,-0.0021431131560287428
2024-08-21,0.0016280780562657577
2024-08-22,-0.00546467220018366
2024-08-23,0.0033009100444778964
2024-08-25,0.00024219446578262595
2024-08-26,-0.004744610684034118
2024-08-27,0.0007283895210234235
2024-08-28,-0.008620647118819758
2024-08-29,0.005346557922547665
2024-08-30,0.0031888710282004175
2024-09-01,4.7327737207551375e-05
2024-09-02,-0.0010286028864473907
2024-09-03,-0.015289865202349488
2024-09-04,0.0018268085849219512
2024-09-05,-0.0016167245775462091
2024-09-06,-0.010541212054734742
2024-09-08,0.0018576761988515903
2024-09-09,0.0037330649887030256
2024-09-10,0.0027894375015163355
2024-09-11,0.011498474383407205
2024-09-12,0.003478581343082588
2024-09-13,0.0019874162420850353
2024-09-15,5.3883026693871965e-05
2024-09-16,-0.0019301457066430896
2024-09-17,-0.0012560188580067202
2024-09-18,0.0025472951447955985
2024-09-19,0.00464069414896108
2024-09-20,-0.00025007309806174624
2024-09-22,0.0031722861474115277
2024-09-23,-0.0021628500037762025
2024-09-24,0.001650332637805012
2024-09-25,-0.004799062354685794
2024-09-26,0.0005940269067720441
2024-09-27,-0.002078594202158618
2024-09-29,-0.0003620963466225538
2024-09-30,0.002493831504865971
2024-10-01,-0.0072350653269995825
2024-10-02,-1.4486706365068855e-05
2024-10-03,0.0020052671737999916
2024-10-04,0.00429447961979009
2024-10-06,-7.237931969153909e-05
2024-10-07,-0.004978835799944954
2024-10-08,0.005765264526782652
2024-10-09,0.00539695937293165
2024-10-10,-0.00030649646779181143
2024-10-11,-0.0006085208950338364
2024-10-13,-0.0005286129723378603
2024-10-14,0.0062798227150093824
2024-10-15,-0.006745133985571095
2024-10-16,-0.0020926826685617305
2024-10-17,0.0025312016587486362
2024-10-18,0.003705135758583767
2024-10-20,-7.41858513710438e-05
2024-10-21,-0.0009128439506970975
2024-10-22,0.0019723333997527814
2024-10-23,-0.005626790595064204
2024-10-24,-0.0024164428009967568
2024-10-25,-0.00255381084222014
2024-10-27,-0.004562519591628941
2024-10-28,0.004957141463568378
2024-10-29,-0.00883370235718213
2024-10-30,-0.00976481350150108
2024-10-31,-0.010234468204528452
2024-11-01,0.0030263495313508242
2024-11-03,0.0019108728706627915
2024-11-04,-0.004731698668090849
2024-11-05,0.01573542215263009
2024-11-06,0.009683924768844
2024-11-07,0.00926297479145953
2024-11-08,0.0003987264588018386
2024-11-10,0.0016521687085898306
2024-11-11,-0.001857287957087171
2024-11-12,-0.002758417595456626
2024-11-13,-0.00010137451596784407
2024-11-14,-0.006973099817585469
2024-11-15,-0.013783699122538745
2024-11-17,0.005178115513551726
2024-11-18,-0.0011919622820470777
2024-11-19,-0.004276072067888517
2024-11-20,0.0042858796480530455
2024-11-21,0.004779553596212021
2024-11-22,-0.0018536148686355985
2024-11-24,0.003943473472718859
2024-11-25,-0.002163173188262566
2024-11-26,-0.002380085044959027
2024-11-27,0.003545307761620587
2024-11-28,-0.0029118402944714795
2024-11-29,0.0018898287600628103
2024-12-01,0.000940648998441849
2024-12-02,0.009427773435083577
2024-12-03,0.004665813855485316
2024-12-04,0.00560175345401845
2024-12-05,-0.0011275048489293173
2024-12-06,0.006060415960208074
2024-12-08,-0.00013696291432763118
2024-12-09,-0.005720848214064959
2024-12-10,0.0012740154812948775
2024-12-11,-0.011786066341959339
2024-12-12,-0.0012449566235017656
2024-12-13,0.0019231017743045111
2024-12-15,0.0011124971680858183
2024-12-16,0.010920652688778712
2024-12-17,-0.002860632007453228
2024-12-18,-0.024655866131122254
2024-12-19,-0.0065313706943256325
2024-12-20,0.009801072952541848
2024-12-22,0.004150956827618994
2024-12-23,0.0016710828638960662
2024-12-24,-0.009312010064258726
2024-12-25,0.0011158564146473817
2024-12-26,-0.0036036661082920075
2024-12-27,-0.00628258560409738
2024-12-29,-0.0010268214376341523
2024-12-30,-0.007948633531580084
2024-12-31,-0.004670312454917245
2025-01-01,0.002457369767670191
2025-01-02,-0.0025530484755351785
2025-01-03,0.007623951065431165
2025-01-05,-0.0010905815281094706
2025-01-06,-0.006011563354720551
2025-01-07,0.00921420625047785
2025-01-08,0.002397767357047794
2025-01-09,-0.0001424039001546139
2025-01-10,-0.00826447509474073
2025-01-12,-0.0036097102326064128
2025-01-13,0.004489296533752206
2025-01-14,-0.002960635471950552
2025-01-15,0.013729366642142141
2025-01-16,-0.002725649057973375
2025-01-17,0.009142358561184113
2025-01-19,-0.0005252675972838569
2025-01-20,0.001296510153116797
2025-01-21,0.008019251810525006
2025-01-22,0.0027764977025709968
2025-01-23,0.00128949986328446
2025-01-24,-0.002968722266045351
2025-01-26,-0.012109623149147196
2025-01-27,-0.005726383228853098
2025-01-28,0.009100293742092917
2025-01-29,-0.0020902146329474427
2025-01-30,-0.00224057343513383
2025-01-31,0.0047166934780787
2025-02-02,0.0156869258771396
2025-02-03,-0.012309813145349298
2025-02-04,0.0030816570976575208
2025-02-05,0.006703590226559851
2025-02-06,0.0016086829277715052
2025-02-07,-0.0070636838379011715
2025-02-09,0.0025700062732343207
2025-02-10,0.0026831544528010003
2025-02-11,4.1120340818997915e-05
2025-02-12,0.0034885789043732985
2025-02-13,0.006379381629398011
2025-02-14,0.0020521016839710232
2025-02-16,-0.0017556945411982725
2025-02-17,-0.00022981621026380077
2025-02-18,-7.977462893214359e-05
2025-02-19,-0.0025161869599348856
2025-02-20,-0.0011280493304603749
2025-02-21,-0.011518415532987393
2025-02-23,0.00246149986876976
2025-02-24,-0.009375479987913334
2025-02-25,-0.004502430374052713
2025-02-26,-0.0022994709117915226
2025-02-27,-0.015828076856780792
2025-02-28,0.008445138346884021
2025-03-02,0.0016118691882847193
2025-03-03,-0.01198216854730835
2025-03-04,0.0002406378738726399
2025-03-05,0.003084402735499785
2025-03-06,-0.012865203341885505
2025-03-07,0.0008607543786756837
2025-03-09,0.0023174527520208187
2025-03-10,0.019045857457793598
2025-03-11,0.0004436191549967387
2025-03-12,0.0021234722761511926
2025-03-13,-0.001819848996785314
2025-03-14,0.005986174630688179
2025-03-16,-0.002115694992945446
2025-03-17,0.004339838712311736
2025-03-18,-0.0048908722689808195
2025-03-19,0.0089483564656521
2025-03-20,-0.005364925357544243
2025-03-21,0.0022208968455101935
2025-03-23,0.004202393038952862
2025-03-24,0.006372843907586136
2025-03-25,-0.00405009440026333
2025-03-26,-0.009454771740875303
2025-03-27,-0.0038457107169985643
2025-03-28,-0.015372956504605205
2025-03-30,0.0050428426832785055
2025-03-31,-0.00443374984798062
2025-04-01,-0.005593666981514273
2025-04-02,-0.01210670218621398
2025-04-03,-0.012804851747670234
2025-04-04,-0.02591431439446861
2025-04-06,-0.015241550541017673
2025-04-07,0.02084547113240865
2025-04-08,-0.015634998979264996
2025-04-09,0.03199906135579139
2025-04-10,-0.010034385672449624
2025-04-11,0.0063227219409573016
2025-04-13,0.0033947531788074423
2025-04-14,-0.002467803933223543
2025-04-15,-0.002467442195732673
2025-04-16,-0.002495829367406173
2025-04-17,-0.0013274481883289466
2025-04-20,-0.0027681746043340056
2025-04-21,-0.00258959123763204
2025-04-22,0.009402936080447205
2025-04-23,0.0008598030994969261
2025-04-24,0.008693042969527241
2025-04-25,0.0022536648985016865
2025-04-27,-0.001781884099434649
2025-04-28,-0.0021132308758808416
2025-04-29,0.0008140669326939596
2025-04-30,0.005269033942324033
2025-05-01,0.0006205004300629941
2025-05-02,0.003068237851303464
2025-05-04,-0.0021164909031558873
2025-05-05,-0.0009278685376492021
2025-05-06,0.0005629003282213771
2025-05-07,0.0013293032564270894
2025-05-08,0.0007338717955847625
2025-05-09,-0.00024051107515097044
2025-05-11,0.005005164419402028
2025-05-12,0.004193781513002034
2025-05-13,0.004896351278754946
2025-05-14,0.0015804365286885217
2025-05-15,-2.9411843318705707e-05
2025-05-16,0.0011312883901295142
2025-05-18,-0.002735099604100166
2025-05-19,0.0023090782321864385
2025-05-20,-0.0008683438434498859
2025-05-21,-0.0026663334873037355
2025-05-22,0.00041578434426727505
2025-05-23,-0.00279701970274693
2025-05-25,0.003041622412478391
2025-05-26,-0.00012305460416029438
2025-05-27,0.0034174299986000586
2025-05-28,0.003943859748526999
2025-05-29,-0.005007953125989287
2025-05-30,0.00018885803079955963
2025-06-01,-0.0012885610455634353
2025-06-02,0.0024948406983698697
2025-06-03,0.0024862844518541384
2025-06-04,0.00087312971090731
2025-06-05,-0.0017989971731223078
2025-06-06,0.0025213715543206247
2025-06-08,-0.0006803049973893978
2025-06-09,0.0025424697047669296
2025-06-10,-0.0006095896073780132
2025-06-11,-0.0012901787842996152
2025-06-12,-0.003019259799364
2025-06-13,0.0018519671397258662
2025-06-15,0.00035318578311329665
2025-06-16,0.0024992037032744068
2025-06-17,0.0017866669677089162
2025-06-18,0.001887197494664203
2025-06-19,0.0011797638797446895
2025-06-20,-0.0007310315542439836
2025-06-22,-0.0026852681679088437
2025-06-23,0.012492213903631368
2025-06-24,0.0042752067536177525
2025-06-25,0.0018910617400951836
2025-06-26,0.005798646296620717
2025-06-27,0.0010721048412523184
2025-06-29,0.0032041885178755846
2025-06-30,0.000563039199834987
2025-07-01,-0.003931387396635591
2025-07-02,0.0031421353765967355
2025-07-03,0.005754556685955455
2025-07-04,-0.003412224475791739
2025-07-06,0.001745807549598358
2025-07-07,-0.0007747589490513731
2025-07-08,-0.0016998494589050609
2025-07-09,0.004707327332494867
2025-07-10,-0.0021302532979769295
2025-07-11,-0.00014434373112627536
2025-07-13,-0.002740313012306812
2025-07-14,0.006765030094972961
2025-07-15,0.0012665912621791326
2025-07-16,-0.0005523275858373829
2025-07-17,-0.00861761783246899
2025-07-18,-0.0018153555628199075
2025-07-20,0.0011868103784353566
2025-07-21,0.0032004278325929924
2025-07-22,-0.003512737438669853
2025-07-23,-0.005998637941040481
2025-07-24,0.0006929348167535473
2025-07-25,-0.0005349749831248705
2025-07-27,-0.0043852426353680925
2025-07-28,0.00031614165826499403
2025-07-29,-0.001774329125794615
2025-07-30,0.011132737148542045
2025-07-31,-0.015506354363578043
2025-08-01,0.014471309556284727
2025-08-03,0.0029616892336217994
2025-08-04,0.012346142508045844
2025-08-05,-0.006029607577997659
2025-08-06,0.011307986064504226
2025-08-07,0.0034765497459200876
2025-08-08,0.0065961970235426425
2025-08-10,-0.0003073810775800112
2025-08-11,-0.003632302213141087
2025-08-12,0.010409986534161853
2025-08-13,-4.770207376644771e-05
2025-08-14,-0.0005999353951968466
2025-08-15,-0.003753360340156878
2025-08-17,0.002448103525875346
2025-08-18,-0.003923313693038127
2025-08-19,-0.012697250512533403
2025-08-20,-0.0012497529761615147
2025-08-21,-0.005058324373378055
2025-08-22,0.012983830871204924
2025-08-24,-0.0017761787615025039
2025-08-25,-0.0024593917355964843
2025-08-26,0.0057163139638124515
2025-08-27,-0.0018318903902502903
2025-08-28,0.0061353446140186224
2025-08-29,-0.008529024435844327
2025-08-31,0.00012426161926388078
2025-09-01,-0.0014620008015715257
2025-09-02,-0.003768986300147049
2025-09-03,0.005888115042937877
2025-09-04,0.009490645603397733
2025-09-05,0.0020734732114886783
2025-09-07,0.0023450251569371514
2025-09-08,0.0031715253988859444
2025-09-09,0.003140507717364925
2025-09-10,4.880584089644504e-06
2025-09-11,0.003689594058310809
2025-09-12,-0.003929975033511876
2025-09-14,0.00027576888546078555
2025-09-15,0.007593653236782418
2025-09-16,0.0012309349998493556
2025-09-17,0.0032931303786800873
2025-09-18,0.0033952438352845785
2025-09-19,0.0054360971125614
2025-09-21,0.0004824839686302511
2025-09-22,0.005352612211715295
2025-09-23,-0.005705567517092352
2025-09-24,-0.0014403330472581395
2025-09-25,-0.006271989584617788
2025-09-26,0.005019303356055798
2025-09-28,0.002468850658265336
2025-09-29,0.001411231130478274
2025-09-30,0.0020307051800391353
2025-10-01,-0.009700037055007745
2025-10-02,-0.003669002546682374
2025-10-03,0.005965601567026804
2025-10-05,0.0034155931862040042
2025-10-06,-0.0024567051312860645
2025-10-07,0.0019394847742504049
2025-10-08,-0.007709535351403701
2025-10-09,0.0012589469278339773
2025-10-10,-0.027994999301489607
2025-10-12,0.011764897696660125
2025-10-13,0.004665633451562763
2025-10-14,-0.00443794364797858
2025-10-15,-0.004264842261384794
2025-10-16,-0.005525860516254946
2025-10-17,0.007939364839771281
2025-10-19,0.001462023003670004
2025-10-20,0.009556506932087844
2025-10-21,-0.0022689712501345488
2025-10-22,0.00527670316744744
2025-10-23,-0.006869442167530867
2025-10-24,-0.006256969868556811
2025-10-26,0.007928733450998012
2025-10-27,-0.006993018575347819
2025-10-28,-0.008242456304242635
2025-10-29,0.00410286368040875
2025-10-30,-0.005589330603300191
2025-10-31,0.006452634047865689
2025-11-02,-0.0032600130687498344
2025-11-03,-0.00504602890559664
2025-11-04,-0.013733058657327105
2025-11-05,0.00843398036655029
2025-11-06,-0.013852996517215525
2025-11-07,-0.0014033331590298768
2025-11-09,0.007948290947703662
2025-11-10,0.006701098160232553
2025-11-11,0.0006796094622388315
2025-11-12,-0.0007839719887643451
2025-11-13,-0.017590566701477076
2025-11-14,0.002809448369301906
2025-11-16,0.004053795528940038
2025-11-17,-0.014280656897511946
2025-11-18,-0.005505851330389274
2025-11-19,0.016834086262469263
2025-11-20,-0.022096154578853007
2025-11-21,0.003512743952337841
2025-11-23,0.0029915069210246477
2025-11-24,0.010664506894531092
2025-11-25,0.005206029494219949
2025-11-26,0.003314199538249656
2025-11-27,-0.0006882122136623713
2025-11-28,0.002690352667596858
2025-11-30,-0.005057404362600423
2025-12-01,0.003032761261179108
2025-12-02,0.006081413113784215
2025-12-03,-0.00036162384685602497
2025-12-04,0.0015815715360946812
2025-12-05,0.0004888824664015549
2025-12-07,0.0013990693224853706
2025-12-08,-0.0022279533279626726
2025-12-09,0.00019653841167569013
2025-12-10,-0.0038095482029968236
2025-12-11,0.0033311555771962614
2025-12-12,-0.009048452089043053
2025-12-14,0.0011475264634789443
2025-12-15,-0.007391903056758056
2025-12-16,0.003509015726204523
2025-12-17,-0.0064394589704779
2025-12-18,0.006574057736245142
2025-12-19,0.005971967775408737
2025-12-21,0.002208990949357098
2025-12-22,0.0002978828157974405
2025-12-23,0.002162688395950094
2025-12-24,0.001922788641877243
2025-12-25,0.0003571690602514997
2025-12-26,-0.00018941846694607293
2025-12-28,-0.0002302942874520888
2025-12-29,-0.0023039164290578956
2025-12-30,-0.0028166829614036113
2025-12-31,-0.0036100960831741123
2026-01-01,0.003982624317691667
2026-01-02,-0.00478276189367654
2026-01-04,0.002139729055340904
2026-01-05,0.0035958805528655984
2026-01-06,0.003169514575338703
2026-01-07,-4.274432973903281e-05
2026-01-08,-0.002179120638859706
2026-01-09,0.005781874272585205
2026-01-11,-0.004557878752816075
2026-01-12,0.0036677719199549783
2026-01-13,-3.022716906954263e-05
2026-01-14,-0.006921868356299276
2026-01-15,0.005675489852116098
2026-01-16,-0.0031371730527344987
2026-01-18,-0.007002406499792005
2026-01-19,9.853488561829101e-05
2026-01-20,-0.004125190233055595
2026-01-21,0.00891881540728982
2026-01-22,0.0031923793644831086
2026-01-23,0.0001284999120350019
2026-01-25,-0.0015624125112296905
2026-01-26,0.008871841878228969
2026-01-27,0.005656320899382075
2026-01-28,0.0002541448878165771
2026-01-29,0.01100598023110862
2026-01-30,0.006373903129141298
2026-02-01,0.00937585302396042
2026-02-02,0.019163502683275543
2026-02-03,-0.015160721765242609
2026-02-04,-0.011734520295035496
2026-02-05,-0.014900265352584536
2026-02-06,0.017544958719884044
2026-02-08,-0.0016228622338479378
2026-02-09,0.003926497644517794
2026-02-10,-0.0008979561654608682
2026-02-11,0.0005607083899064818
2026-02-12,-0.01374788959961034
2026-02-13,0.0010947939739417247
2026-02-15,0.0007610420663254488
2026-02-16,-0.005093298004209138
2026-02-17,0.005421105751611704
2026-02-18,0.0029253369522105476
2026-02-19,-0.0011512608975084192
2026-02-20,0.004418295768987135
2026-02-22,-0.006001706901767489
2026-02-23,0.001208373028046785
2026-02-24,0.004463550088693155
2026-02-25,0.006433847412696383
2026-02-26,-0.0068575959635870645
2026-02-27,-0.0012731155162561197
2026-03-01,-0.0054289363454857196
2026-03-02,0.0013917095124752873
2026-03-03,-0.0056756142439614975
2026-03-04,0.012869700086593003
2026-03-05,0.0002688685760008875
2026-03-06,-0.01075979169218628
2026-03-08,-0.013197318992076382
2026-03-09,0.017687793965642844
2026-03-10,0.005034492733826507
2026-03-11,-0.008105014357404147
2026-03-12,-0.0021658455573896297
2026-03-13,-0.005610014385183128
2026-03-15,0.003692949972266053
2026-03-16,0.0010759048626828459
2026-03-17,0.00723323739904949
2026-03-18,-0.009575657930256264
2026-03-19,-0.0010375860231174637
2026-03-20,-0.009604450894172925
2026-03-22,-0.0040436072825416865
2026-03-23,-3.418638767315218e-05
2026-03-24,0.0
2026-03-25,-7.199932803700172e-05
2026-03-26,-0.009647126765373003
2026-03-27,-0.012387455253551019
2026-03-29,-0.000537213231638124
2026-03-30,0.0019484716528571633
2026-03-31,-0.012696877602692613
2026-04-01,0.0015268734663507356
2026-04-02,0.0063949628913188596
2026-04-05,0.0003131610811983116
2026-04-06,-0.00017237471904592836
2026-04-07,0.01673376497529522
2026-04-08,0.0014790528130064293
2026-04-09,0.004412454345294805
2026-04-10,0.00033928197426258487
2026-04-12,-0.0038283339178173583
2026-04-13,0.009280749444383063
2026-04-14,0.0070449478586771495
2026-04-15,0.0078613817627897
2026-04-16,0.000505398315262235
2026-04-17,0.006575328358573262
2026-04-19,0.002533994007906386
2026-04-20,0.002133897790377595
2026-04-21,0.0001683589710553334
2026-04-22,0.0024868447041540695
2026-04-23,0.0022367297835650867
2026-04-24,0.006368838087239581
2026-04-26,0.0019456785511327878
2026-04-27,-0.00221744040864016
2026-04-28,-0.0022744966380454064
2026-04-29,0.002905932200087703
2026-04-30,0.003980971467672951
2026-05-01,0.0032700194578024412
2026-05-03,0.0020213807864529016
2026-05-04,-0.001981913804035756
2026-05-05,0.008334718663525127
2026-05-06,0.0069339508290657235
2026-05-07,0.0011163613063073972
2026-05-08,0.010113927354560319
2026-05-10,-3.397708796560192e-05
2026-05-11,0.0004154203791440551
2026-05-12,-0.0022512570411136095
2026-05-13,0.006073457007518696
2026-05-14,-8.415764104587618e-06
2026-05-15,-0.007047662084447447
2026-05-17,-0.0024376785907427997
2026-05-18,-0.0006873771067877605
2026-05-19,-0.0015850022373561736
2026-05-20,0.008397447409131713
2026-05-21,0.00431134434770136
2026-05-22,0.00033416159737138736
2026-05-24,0.007479010247745597
2026-05-25,-0.0025430767679928737
2026-05-26,0.005986364087368092
2026-05-27,-0.0029930727852281775
2026-05-28,0.00498102430702985
2026-05-29,0.003125247421157407
2026-05-31,0.003108607144470472
2026-06-01,-0.0032802133945187633
2026-06-02,-0.006228379489296197
2026-06-03,-0.005402907323233894
2026-06-04,-0.0038461042401223317
2026-06-05,-0.023642395691725562
2026-06-07,0.007227509761788304
2026-06-08,0.005722697278619059
2026-06-09,-0.009702311779696687
2026-06-10,-0.0061106947360112405
2026-06-11,0.016677258001858156
2026-06-12,0.0026932215697521257
2026-06-14,-0.008426905427539813
2026-06-15,-0.00487422797663304
2026-06-16,0.0063027588199589205
2026-06-17,-0.000527940675499855
2026-06-18,0.003630462374874079
2026-06-19,0.0009934660094540878
2026-06-21,-0.0011366849265802418
2026-06-22,-0.0032628074289792284
2026-06-23,0.013493761020494531
2026-06-24,-0.006751421099518161
2026-06-25,0.012699367874204273
2026-06-26,-0.0013505734841889822
2026-06-28,0.009687733556090561
2026-06-29,0.008699531671855686
2026-06-30,0.006083773414176853
2026-07-01,-0.004849000342055398
2026-07-02,-0.006602941009726913
2026-07-05,-0.000822490174031099
2026-07-06,-0.0009530475582958516
2026-07-07,-0.00319522181237029
2026-07-08,0.0005903771959060905
2026-07-09,0.007101928269171427
2026-07-10,0.001680521941970396
2026-07-12,-0.005509713344117028
2026-07-13,-0.004471050757563066
2026-07-14,0.009644463487373946
2026-07-15,-0.0044544632406689905
2026-07-16,-0.012888835135799186
2026-07-17,-0.0024183775083665153
2026-07-19,0.0020174308646082055
2026-07-20,0.0027094599988064707
2026-07-21,0.0022804342477567986
2026-07-22,-0.0011786646191297844
2026-07-23,-0.010329962790158914
2026-07-24,-0.003360696723285858
2026-07-26,0.005515923854852097
2026-07-27,-0.009111225171583569
2026-07-28,-0.005463319649236031
2026-07-29,-0.0032595552217117695
2026-07-30,0.015076926953545303
2026-07-31,-0.0008941244332692278
2026-08-02,0.004193319619267049
2026-08-03,0.005067497079809401
2026-08-04,0.013009217305975065
2026-08-05,-0.00464205564946578
2026-08-06,-0.0010770688992227772
2026-08-07,0.004978852202480626
2026-08-09,0.0006452150448946077
2026-08-10,-0.0006556679603657025
2026-08-11,0.0019383843461856234
2026-08-12,0.0025863063540334775
2026-08-13,0.003941088754291352
2026-08-14,-0.00017026502760604406
2026-08-16,0.0016125899167101555
2026-08-17,-0.0053525296220526646
2026-08-18,-0.005813591088361188
2026-08-19,0.0013697992114956217
2026-08-20,-0.004062372647198486
2026-08-21,0.00046864447604061534
2026-08-23,-0.0019952212792470735
2026-08-24,-0.001971991254447048
2026-08-25,0.001918073695285374
2026-08-26,0.004684169617871418
2026-08-27,0.002380765019176517
2026-08-28,-0.0031062175076724766
2026-08-30,-0.0024841922819268674
2026-08-31,0.002336235369810233
2026-09-01,-0.007372065925208371
2026-09-02,0.0032110235795309847
2026-09-03,0.006097171429673579
2026-09-04,-0.00011633188777447692
