,ret
2010-03-14,0.0
2010-03-15,-0.0
2010-03-16,0.0
2010-03-17,-0.0
2010-03-18,0.0
2010-03-19,0.0
2010-03-21,-0.0
2010-03-22,-0.0
2010-03-23,0.0
2010-03-24,0.0
2010-03-25,0.0
2010-03-26,0.0
2010-03-28,0.0
2010-03-29,-0.0
2010-03-30,0.0
2010-03-31,0.0
2010-04-01,0.0
2010-04-02,0.0
2010-04-04,-0.0
2010-04-05,-0.0
2010-04-06,0.0
2010-04-07,-0.0
2010-04-08,0.0
2010-04-09,-0.0
2010-04-11,0.0
2010-04-12,-0.0
2010-04-13,0.0
2010-04-14,0.0
2010-04-15,-0.0
2010-04-16,-0.0
2010-04-18,-0.0
2010-04-19,0.0
2010-04-20,0.0
2010-04-21,-0.0
2010-04-22,0.0
2010-04-23,0.0
2010-04-25,0.0
2010-04-26,-0.0
2010-04-27,-0.0
2010-04-28,0.0
2010-04-29,0.0
2010-04-30,-0.0
2010-05-02,0.0
2010-05-03,0.0
2010-05-04,-0.0
2010-05-05,-0.0
2010-05-06,-0.0
2010-05-07,-0.0
2010-05-09,0.0
2010-05-10,0.0
2010-05-11,-0.0
2010-05-12,0.0
2010-05-13,-0.0
2010-05-14,-0.0
2010-05-16,-0.0
2010-05-17,0.0
2010-05-18,-0.0
2010-05-19,-0.0
2010-05-20,-0.0
2010-05-21,-0.0
2010-05-23,0.0
2010-05-24,-0.0
2010-05-25,0.0
2010-05-26,-0.0
2010-05-27,0.0
2010-05-28,-0.0
2010-05-30,0.0
2010-05-31,-0.0
2010-06-01,0.0
2010-06-02,0.0
2010-06-03,0.0
2010-06-04,-0.0
2010-06-06,-0.0
2010-06-07,0.0
2010-06-08,-0.0
2010-06-09,-0.0
2010-06-10,0.0
2010-06-11,0.0
2010-06-13,0.0
2010-06-14,-0.0
2010-06-15,0.0
2010-06-16,-0.0
2010-06-17,-0.0
2010-06-18,-0.0
2010-06-20,0.0
2010-06-21,0.0
2010-06-22,-0.0
2010-06-23,-0.0
2010-06-24,-0.0
2010-06-25,-0.0
2010-06-27,0.0
2010-06-28,-0.0
2010-06-29,-0.0
2010-06-30,-0.0
2010-07-01,-0.0
2010-07-02,-0.0
2010-07-04,0.0
2010-07-05,-0.0
2010-07-06,-0.0
2010-07-07,0.0
2010-07-08,0.0
2010-07-09,0.0
2010-07-11,0.0
2010-07-12,-0.0
2010-07-13,0.0
2010-07-14,-0.0
2010-07-15,-0.0
2010-07-16,-0.0
2010-07-18,0.0
2010-07-19,0.0
2010-07-20,0.0
2010-07-21,-0.0
2010-07-22,0.0
2010-07-23,0.0
2010-07-25,0.0
2010-07-26,-0.0
2010-07-27,0.0
2010-07-28,-0.0
2010-07-29,-0.0
2010-07-30,0.0
2010-08-01,0.0
2010-08-02,-0.0
2010-08-03,-0.0
2010-08-04,0.0
2010-08-05,-0.0
2010-08-06,-0.0
2010-08-08,-0.0
2010-08-09,0.0
2010-08-10,-0.0
2010-08-11,-0.0
2010-08-12,0.0
2010-08-13,0.0
2010-08-15,-0.0
2010-08-16,-0.0
2010-08-17,0.0
2010-08-18,0.0
2010-08-19,-0.0
2010-08-20,0.0
2010-08-22,-0.0
2010-08-23,-0.0
2010-08-24,-0.0
2010-08-25,0.0
2010-08-26,-0.0
2010-08-27,0.0
2010-08-29,0.0
2010-08-30,-0.0
2010-08-31,0.0
2010-09-01,-0.0
2010-09-02,0.0
2010-09-03,-0.0
2010-09-05,0.0
2010-09-06,-0.0
2010-09-07,-0.0
2010-09-08,0.0
2010-09-09,0.0
2010-09-10,-0.0
2010-09-12,-0.0
2010-09-13,-0.0
2010-09-14,0.0
2010-09-15,0.0
2010-09-16,0.0
2010-09-17,0.0
2010-09-19,-0.0
2010-09-20,-0.0
2010-09-21,-0.0
2010-09-22,-0.0
2010-09-23,0.0
2010-09-24,-0.0
2010-09-26,0.0
2010-09-27,0.0
2010-09-28,-0.0
2010-09-29,-0.0
2010-09-30,-0.0
2010-10-01,-0.0
2010-10-03,0.0
2010-10-04,-0.0
2010-10-05,-0.0
2010-10-06,-0.0
2010-10-07,-0.0
2010-10-08,-0.0
2010-10-10,0.0
2010-10-11,0.0
2010-10-12,-0.0
2010-10-13,-0.0
2010-10-14,0.0
2010-10-15,0.0
2010-10-17,-0.0
2010-10-18,-0.0
2010-10-19,0.0
2010-10-20,-0.0
2010-10-21,-0.0
2010-10-22,0.0
2010-10-24,-0.0
2010-10-25,-0.0
2010-10-26,0.0
2010-10-27,-0.0
2010-10-28,-0.0
2010-10-29,-0.0
2010-10-31,0.0
2010-11-01,-0.0
2010-11-02,0.0
2010-11-03,0.0
2010-11-04,-0.0
2010-11-05,0.0
2010-11-07,-0.0
2010-11-08,-0.0
2010-11-09,0.0
2010-11-10,0.0
2010-11-11,0.0
2010-11-12,0.0
2010-11-14,0.0
2010-11-15,0.0
2010-11-16,0.0
2010-11-17,-0.0
2010-11-18,0.0
2010-11-19,0.0
2010-11-21,-0.0
2010-11-22,-0.0
2010-11-23,-0.0
2010-11-24,0.0
2010-11-25,0.0
2010-11-26,0.0
2010-11-28,-0.0
2010-11-29,0.0
2010-11-30,-0.0
2010-12-01,0.0
2010-12-02,-0.0
2010-12-03,-0.0
2010-12-05,0.0
2010-12-06,-0.0
2010-12-07,0.0
2010-12-08,-0.0
2010-12-09,-0.0
2010-12-10,0.0
2010-12-12,0.0
2010-12-13,-0.0
2010-12-14,0.0
2010-12-15,0.0
2010-12-16,-0.0
2010-12-17,0.0
2010-12-19,-0.0
2010-12-20,-0.0
2010-12-21,0.0
2010-12-22,-0.0
2010-12-23,-0.0
2010-12-24,-0.0
2010-12-26,0.0
2010-12-27,-0.0
2010-12-28,-0.0
2010-12-29,-0.0
2010-12-30,0.0
2010-12-31,-0.0
2011-01-02,0.0
2011-01-03,0.0
2011-01-04,-0.0
2011-01-05,0.0
2011-01-06,0.0
2011-01-07,-0.0
2011-01-09,-0.0
2011-01-10,-0.0
2011-01-11,0.0
2011-01-12,-0.0
2011-01-13,-0.0
2011-01-14,0.0
2011-01-16,0.0
2011-01-17,-0.0
2011-01-18,-0.0
2011-01-19,-0.0
2011-01-20,0.0
2011-01-21,-0.0
2011-01-23,0.0
2011-01-24,-0.0
2011-01-25,-0.0
2011-01-26,0.0
2011-01-27,0.0
2011-01-28,-0.0
2011-01-30,-0.0
2011-01-31,-0.0
2011-02-01,-0.0
2011-02-02,0.0
2011-02-03,-0.0
2011-02-04,0.0
2011-02-06,0.0
2011-02-07,0.0
2011-02-08,0.0
2011-02-09,0.0
2011-02-10,0.0
2011-02-11,-0.0
2011-02-13,-0.0
2011-02-14,0.0
2011-02-15,0.0
2011-02-16,-0.0
2011-02-17,-0.0
2011-02-18,-0.0
2011-02-20,-0.0
2011-02-21,0.0
2011-02-22,-0.0
2011-02-23,-0.0
2011-02-24,-0.0
2011-02-25,-0.0
2011-02-27,-0.0
2011-02-28,0.0
2011-03-01,-0.0
2011-03-02,-0.0
2011-03-03,0.0
2011-03-04,-0.0
2011-03-06,-0.0
2011-03-07,0.0
2011-03-08,0.0
2011-03-09,-0.0
2011-03-10,-0.0
2011-03-11,-0.0
2011-03-13,0.0
2011-03-14,-0.0
2011-03-15,-0.0
2011-03-16,-0.0
2011-03-17,0.0
2011-03-18,-0.0
2011-03-20,0.0
2011-03-21,0.0
2011-03-22,-0.0
2011-03-23,0.0
2011-03-24,-0.0
2011-03-25,0.0
2011-03-27,0.0
2011-03-28,0.0
2011-03-29,0.0
2011-03-30,-0.0
2011-03-31,0.0
2011-04-01,0.0
2011-04-03,0.0
2011-04-04,0.0
2011-04-05,0.0
2011-04-06,-0.0
2011-04-07,-0.0
2011-04-08,-0.0
2011-04-10,0.0
2011-04-11,-0.0
2011-04-12,-0.0
2011-04-13,-0.0
2011-04-14,0.0
2011-04-15,-0.0
2011-04-17,-0.0
2011-04-18,-0.0
2011-04-19,0.0
2011-04-20,-0.0
2011-04-21,-0.0
2011-04-22,0.0
2011-04-24,0.0
2011-04-25,-0.0
2011-04-26,-0.0
2011-04-27,0.0
2011-04-28,-0.0
2011-04-29,-0.0
2011-05-01,0.0
2011-05-02,-0.0
2011-05-03,-0.0
2011-05-04,-0.0
2011-05-05,0.0
2011-05-06,0.0
2011-05-08,-0.0
2011-05-09,-0.0
2011-05-10,0.0
2011-05-11,0.0
2011-05-12,-0.0
2011-05-13,-0.0
2011-05-15,0.0
2011-05-16,0.0
2011-05-17,0.0
2011-05-18,0.0
2011-05-19,0.0
2011-05-20,0.0
2011-05-22,0.0
2011-05-23,-0.0
2011-05-24,0.0
2011-05-25,-0.0
2011-05-26,-0.0
2011-05-27,-0.0
2011-05-29,0.0
2011-05-30,0.0
2011-05-31,0.0
2011-06-01,-0.0
2011-06-02,-0.0
2011-06-03,-0.0
2011-06-05,0.0
2011-06-06,-0.0
2011-06-07,-0.0
2011-06-08,0.0
2011-06-09,-0.0
2011-06-10,0.0
2011-06-12,0.0
2011-06-13,-0.0
2011-06-14,0.0
2011-06-15,0.0
2011-06-16,-0.0
2011-06-17,-0.0
2011-06-19,0.0
2011-06-20,0.0
2011-06-21,0.0
2011-06-22,0.0
2011-06-23,-0.0
2011-06-24,-0.0
2011-06-26,0.0
2011-06-27,0.0
2011-06-28,0.0
2011-06-29,-0.0
2011-06-30,0.0
2011-07-01,0.0
2011-07-03,-0.0
2011-07-04,0.0
2011-07-05,-0.0
2011-07-06,-0.0
2011-07-07,0.0
2011-07-08,-0.0
2011-07-10,0.0
2011-07-11,-0.0
2011-07-12,-0.0
2011-07-13,-0.0
2011-07-14,0.0
2011-07-15,0.0
2011-07-17,-0.0
2011-07-18,0.0
2011-07-19,0.0
2011-07-20,-0.0
2011-07-21,-0.0
2011-07-22,-0.0
2011-07-24,-0.0
2011-07-25,-0.0
2011-07-26,-0.0
2011-07-27,-0.0
2011-07-28,-0.0
2011-07-29,-0.0
2011-07-31,0.0
2011-08-01,-0.0
2011-08-02,-0.0
2011-08-03,0.0
2011-08-04,-0.0
2011-08-05,-0.0
2011-08-07,-0.0
2011-08-08,-0.0
2011-08-09,-0.0
2011-08-10,-0.0
2011-08-11,0.0
2011-08-12,-0.0
2011-08-14,0.0
2011-08-15,0.0
2011-08-16,-0.0
2011-08-17,-0.0
2011-08-18,-0.0
2011-08-19,0.0
2011-08-21,0.0
2011-08-22,-0.0
2011-08-23,-0.0
2011-08-24,0.0
2011-08-25,0.0
2011-08-26,-0.0
2011-08-28,0.0
2011-08-29,0.0
2011-08-30,-0.0
2011-08-31,0.0
2011-09-01,-0.0
2011-09-02,-0.0
2011-09-04,-0.0
2011-09-05,0.0
2011-09-06,0.0
2011-09-07,-0.0
2011-09-08,0.0
2011-09-09,0.0
2011-09-11,-0.0
2011-09-12,-0.0
2011-09-13,-0.0
2011-09-14,-0.0
2011-09-15,0.0
2011-09-16,0.0
2011-09-18,0.0
2011-09-19,-0.0
2011-09-20,-0.0
2011-09-21,0.0
2011-09-22,-0.0
2011-09-23,0.0
2011-09-25,-0.0
2011-09-26,-0.0
2011-09-27,0.0
2011-09-28,0.0
2011-09-29,0.0
2011-09-30,0.0
2011-10-02,-0.0
2011-10-03,-0.0
2011-10-04,-0.0
2011-10-05,0.0
2011-10-06,-0.0
2011-10-07,0.0
2011-10-09,0.0
2011-10-10,-0.0
2011-10-11,0.0
2011-10-12,0.0
2011-10-13,-0.0
2011-10-14,0.0
2011-10-16,0.0
2011-10-17,-0.0
2011-10-18,-0.0
2011-10-19,0.0
2011-10-20,0.0
2011-10-21,-0.0
2011-10-23,-0.0
2011-10-24,-0.0
2011-10-25,-0.0
2011-10-26,0.0
2011-10-27,-0.0
2011-10-28,-0.0
2011-10-30,0.0
2011-10-31,-0.0
2011-11-01,0.0
2011-11-02,-0.0
2011-11-03,-0.0
2011-11-04,0.0
2011-11-06,-0.0
2011-11-07,-0.0
2011-11-08,-0.0
2011-11-09,0.0
2011-11-10,-0.0
2011-11-11,-0.0
2011-11-13,-0.0
2011-11-14,-0.0
2011-11-15,-0.0
2011-11-16,-0.0
2011-11-17,-0.0
2011-11-18,0.0
2011-11-20,-0.0
2011-11-21,0.0
2011-11-22,-0.0
2011-11-23,0.0
2011-11-24,0.0
2011-11-25,0.0
2011-11-27,-0.0
2011-11-28,0.0
2011-11-29,-0.0
2011-11-30,-0.0
2011-12-01,0.0
2011-12-02,0.0
2011-12-04,-0.0
2011-12-05,-0.0
2011-12-06,-0.0
2011-12-07,-0.0
2011-12-08,-0.0
2011-12-09,0.0
2011-12-11,0.0
2011-12-12,0.0
2011-12-13,0.0
2011-12-14,0.0
2011-12-15,-0.0
2011-12-16,-0.0
2011-12-18,0.0
2011-12-19,0.0
2011-12-20,-0.0
2011-12-21,0.0
2011-12-22,0.0
2011-12-23,-0.0
2011-12-26,-0.0
2011-12-27,-0.0
2011-12-28,-0.0
2011-12-29,-0.0
2011-12-30,-0.0
2012-01-02,-0.0
2012-01-03,-0.0
2012-01-04,0.0
2012-01-05,0.0
2012-01-06,-0.0
2012-01-08,-0.0
2012-01-09,-0.0
2012-01-10,0.0
2012-01-11,-0.0
2012-01-12,-0.0
2012-01-13,0.0
2012-01-15,-0.0
2012-01-16,-0.0
2012-01-17,-0.0
2012-01-18,0.0
2012-01-19,0.0
2012-01-20,-0.0
2012-01-22,0.0
2012-01-23,-0.0
2012-01-24,0.0
2012-01-25,-0.0
2012-01-26,-0.0
2012-01-27,-0.0
2012-01-29,-0.0
2012-01-30,-0.0
2012-01-31,0.0
2012-02-01,-0.0
2012-02-02,0.0
2012-02-03,0.0
2012-02-05,0.0
2012-02-06,-0.0
2012-02-07,0.0
2012-02-08,0.0
2012-02-09,0.0
2012-02-10,-0.0
2012-02-12,-0.0
2012-02-13,0.0
2012-02-14,0.0
2012-02-15,-0.0
2012-02-16,0.0
2012-02-17,0.0
2012-02-19,-0.0
2012-02-20,0.0
2012-02-21,0.0
2012-02-22,0.0
2012-02-23,0.0
2012-02-24,0.0
2012-02-26,-0.0
2012-02-27,-0.0
2012-02-28,0.0
2012-02-29,0.0
2012-03-01,0.0
2012-03-02,0.0
2012-03-04,-0.0
2012-03-05,-0.0
2012-03-06,-0.0
2012-03-07,0.0
2012-03-08,0.0
2012-03-09,0.0
2012-03-11,-0.0
2012-03-12,0.0
2012-03-13,0.0
2012-03-14,0.0
2012-03-15,-0.0
2012-03-16,0.0
2012-03-18,-0.0
2012-03-19,0.0
2012-03-20,0.0
2012-03-21,-0.0
2012-03-22,-0.0
2012-03-23,-0.0
2012-03-25,0.0
2012-03-26,0.0
2012-03-27,0.0
2012-03-28,-0.0
2012-03-29,-0.0
2012-03-30,0.0
2012-04-01,0.0
2012-04-02,-0.0
2012-04-03,0.0
2012-04-04,-0.0
2012-04-05,0.0
2012-04-06,-0.0
2012-04-08,-0.0
2012-04-09,0.0
2012-04-10,-0.0
2012-04-11,0.0
2012-04-12,0.0
2012-04-13,-0.0
2012-04-15,-0.0
2012-04-16,-0.0
2012-04-17,0.0
2012-04-18,0.0
2012-04-19,0.0
2012-04-20,-0.0
2012-04-22,-0.0
2012-04-23,-0.0
2012-04-24,0.0
2012-04-25,-0.0
2012-04-26,-0.0
2012-04-27,-0.0
2012-04-29,-0.0
2012-04-30,-0.0
2012-05-01,0.0
2012-05-02,0.0
2012-05-03,-0.0
2012-05-04,-0.0
2012-05-06,-0.0
2012-05-07,0.0
2012-05-08,-0.0
2012-05-09,-0.0
2012-05-10,0.0
2012-05-11,0.0
2012-05-13,0.0
2012-05-14,-0.0
2012-05-15,0.0
2012-05-16,-0.0
2012-05-17,-0.0
2012-05-18,-0.0
2012-05-20,0.0
2012-05-21,0.0
2012-05-22,0.0
2012-05-23,-0.0
2012-05-24,0.0
2012-05-25,-0.0
2012-05-27,-0.0
2012-05-28,0.0
2012-05-29,0.0
2012-05-30,-0.0
2012-05-31,-0.0
2012-06-01,-0.0
2012-06-03,0.0
2012-06-04,0.0
2012-06-05,0.0
2012-06-06,0.0
2012-06-07,0.0
2012-06-08,0.0
2012-06-10,0.0
2012-06-11,-0.0
2012-06-12,0.0
2012-06-13,-0.0
2012-06-14,-0.0
2012-06-15,-0.0
2012-06-17,0.0
2012-06-18,-0.0
2012-06-19,-0.0
2012-06-20,0.0
2012-06-21,0.0
2012-06-22,0.0
2012-06-24,-0.0
2012-06-25,-0.0
2012-06-26,-0.0
2012-06-27,-0.0
2012-06-28,-0.0
2012-06-29,0.0
2012-07-01,-0.0
2012-07-02,-0.0
2012-07-03,0.0
2012-07-04,0.0
2012-07-05,0.0
2012-07-06,-0.0
2012-07-08,0.0
2012-07-09,-0.0
2012-07-10,-0.0
2012-07-11,0.0
2012-07-12,-0.0
2012-07-13,-0.0
2012-07-15,-0.0
2012-07-16,-0.0
2012-07-17,0.0
2012-07-18,-0.0
2012-07-19,0.0
2012-07-20,-0.0
2012-07-22,-0.0
2012-07-23,0.0
2012-07-24,-0.0
2012-07-25,-0.0
2012-07-26,0.0
2012-07-27,0.0
2012-07-29,-0.0
2012-07-30,-0.0
2012-07-31,-0.0
2012-08-01,0.0
2012-08-02,-0.0
2012-08-03,0.0
2012-08-05,-0.0
2012-08-06,-0.0
2012-08-07,0.0
2012-08-08,-0.0
2012-08-09,0.0
2012-08-10,-0.0
2012-08-12,0.0
2012-08-13,0.0
2012-08-14,0.0
2012-08-15,0.0
2012-08-16,0.0
2012-08-17,0.0
2012-08-19,0.0
2012-08-20,-0.0
2012-08-21,-0.0
2012-08-22,-0.0
2012-08-23,0.0
2012-08-24,0.0
2012-08-26,0.0
2012-08-27,-0.0
2012-08-28,0.0
2012-08-29,0.0
2012-08-30,-0.0
2012-08-31,-0.0
2012-09-02,-0.0
2012-09-03,0.0
2012-09-04,0.0
2012-09-05,-0.0
2012-09-06,0.0
2012-09-07,-0.0
2012-09-09,-0.0
2012-09-10,-0.0
2012-09-11,-0.0
2012-09-12,-0.0
2012-09-13,-0.0
2012-09-14,0.0
2012-09-16,-0.0
2012-09-17,0.0
2012-09-18,0.0
2012-09-19,-0.0
2012-09-20,-0.0
2012-09-21,-0.0
2012-09-23,-0.0
2012-09-24,-0.0
2012-09-25,-0.0
2012-09-26,-0.0
2012-09-27,-0.0
2012-09-28,0.0
2012-09-30,-0.0
2012-10-01,0.0
2012-10-02,0.0
2012-10-03,0.0
2012-10-04,-0.0
2012-10-05,0.0
2012-10-07,-0.0
2012-10-08,-0.0
2012-10-09,-0.0
2012-10-10,-0.0
2012-10-11,0.0
2012-10-12,0.0
2012-10-14,0.0
2012-10-15,0.0
2012-10-16,-0.0
2012-10-17,0.0
2012-10-18,0.0
2012-10-19,-0.0
2012-10-21,-0.0
2012-10-22,0.0
2012-10-23,-0.0
2012-10-24,0.0
2012-10-25,0.0
2012-10-26,-0.0
2012-10-28,0.0
2012-10-29,0.0
2012-10-30,-0.0
2012-10-31,0.0
2012-11-01,0.0
2012-11-02,0.0
2012-11-04,0.0
2012-11-05,-0.0
2012-11-06,0.0
2012-11-07,-0.0
2012-11-08,-0.0
2012-11-09,-0.0
2012-11-11,-0.0
2012-11-12,-0.0
2012-11-13,0.0
2012-11-14,0.0
2012-11-15,0.0
2012-11-16,0.0
2012-11-18,-0.0
2012-11-19,0.0
2012-11-20,0.0
2012-11-21,0.0
2012-11-22,-0.0
2012-11-23,0.0
2012-11-25,-0.0
2012-11-26,-0.0
2012-11-27,-0.0
2012-11-28,0.0
2012-11-29,0.0
2012-11-30,0.0
2012-12-02,-0.0
2012-12-03,-0.0
2012-12-04,0.0
2012-12-05,0.0
2012-12-06,-0.0
2012-12-07,0.0
2012-12-09,-0.0
2012-12-10,-0.0
2012-12-11,0.0
2012-12-12,0.0
2012-12-13,0.0
2012-12-14,-0.0
2012-12-16,0.0
2012-12-17,-0.0
2012-12-18,0.0
2012-12-19,-0.0
2012-12-20,-0.0
2012-12-21,0.0
2012-12-23,0.0
2012-12-24,0.0
2012-12-26,0.0
2012-12-27,0.0
2012-12-28,-0.0
2012-12-30,0.0
2012-12-31,0.0
2013-01-01,0.0
2013-01-02,0.0
2013-01-03,0.0
2013-01-04,0.0
2013-01-06,-0.0
2013-01-07,-0.0
2013-01-08,-0.0
2013-01-09,0.0
2013-01-10,0.0
2013-01-11,0.0
2013-01-13,0.0
2013-01-14,-0.0
2013-01-15,-0.0
2013-01-16,0.0
2013-01-17,0.0
2013-01-18,0.0
2013-01-20,-0.0
2013-01-21,-0.0
2013-01-22,-0.0
2013-01-23,0.0
2013-01-24,0.0
2013-01-25,0.0
2013-01-27,0.0
2013-01-28,-0.0
2013-01-29,0.0
2013-01-30,-0.0
2013-01-31,0.0
2013-02-01,0.0
2013-02-03,-0.0
2013-02-04,-0.0
2013-02-05,0.0
2013-02-06,-0.0
2013-02-07,0.0
2013-02-08,-0.0
2013-02-10,-0.0
2013-02-11,0.0
2013-02-12,-0.0
2013-02-13,0.0
2013-02-14,-0.0
2013-02-15,0.0
2013-02-17,0.0
2013-02-18,-0.0
2013-02-19,-0.0
2013-02-20,0.0
2013-02-21,-0.0
2013-02-22,0.0
2013-02-24,0.0
2013-02-25,-0.0
2013-02-26,-0.0
2013-02-27,0.0
2013-02-28,0.0
2013-03-01,0.0
2013-03-03,-0.0
2013-03-04,-0.0
2013-03-05,0.0
2013-03-06,0.0
2013-03-07,0.0
2013-03-08,0.0
2013-03-10,0.0
2013-03-11,0.0
2013-03-12,-0.0
2013-03-13,-0.0
2013-03-14,0.0
2013-03-15,-0.0
2013-03-17,-0.0
2013-03-18,0.0
2013-03-19,-0.0
2013-03-20,0.0
2013-03-21,-0.0
2013-03-22,0.0032371915629570945
2013-03-24,-0.003253286631087025
2013-03-25,0.0049140755001127025
2013-03-26,-0.0039950072137410276
2013-03-27,0.005874115712144626
2013-03-28,-0.0005531303846519877
2013-03-29,-0.0010807881104581008
2013-03-31,-0.0027149482560948728
2013-04-01,-0.0071764294291047056
2013-04-02,0.003907688587929767
2013-04-03,-0.0048165498288619485
2013-04-04,0.02909421610925324
2013-04-05,0.0031007313416587324
2013-04-07,-0.00583438027643478
2013-04-08,-0.006361112215898923
2013-04-09,-0.0024050519083471575
2013-04-10,0.0024708421405072083
2013-04-11,0.0007579234686737596
2013-04-12,0.007198786463435645
2013-04-14,-0.0013820275109611517
2013-04-15,0.007214445016386009
2013-04-16,0.00765183685802301
2013-04-17,-0.0009435267817135719
2013-04-18,-0.003159549600962162
2013-04-19,-0.006417200819293119
2013-04-21,0.0015264242782738078
2013-04-22,0.006025865499653541
2013-04-23,-0.0033610202511313554
2013-04-24,-0.0003592411623973352
2013-04-25,0.003635231688678585
2013-04-26,-0.006015969572407816
2013-04-28,-0.004046485741713862
2013-04-29,0.0033045262128071624
2013-04-30,-0.0038941700888922115
2013-05-01,-0.00023951028559265599
2013-05-02,-0.004334532045007573
2013-05-03,0.006672178784163155
2013-05-05,0.0006250404976878251
2013-05-06,-0.0010596549835965913
2013-05-07,-0.0007619657671942659
2013-05-08,0.001008486487929955
2013-05-09,0.014238999456561074
2013-05-10,0.004571322041870679
2013-05-12,0.00191218230381674
2013-05-13,0.0018094774861066693
2013-05-14,0.003953611118406331
2013-05-15,-0.00048283393187077705
2013-05-16,-0.0012057522819722167
2013-05-17,0.0062419493853352066
2013-05-19,-0.0028233535903401355
2013-05-20,-0.0018040117304918305
2013-05-21,-0.0001400368157291934
2013-05-22,0.004446684180118635
2013-05-23,-0.005930608929489785
2013-05-24,-0.006637851118770291
2013-05-26,-0.0020493250667350748
2013-05-27,0.0059402616495959
2013-05-28,0.0022012479725520323
2013-05-29,-0.007108085207766043
2013-05-30,-0.0007575047123944918
2013-05-31,-0.003979455470602176
2013-06-02,0.0012681954507320773
2013-06-03,-0.007679656979408431
2013-06-04,0.003797974190289449
2013-06-05,0.006388242892386907
2013-06-06,0.01749624421889674
2013-06-07,-0.006920134970432982
2013-06-09,-0.002642326576697431
2013-06-10,-0.0014910098440403935
2013-06-11,0.011186360106695664
2013-06-12,-0.011119748178413758
2013-06-13,0.0014278971040634727
2013-06-14,-0.007221629309888318
2013-06-16,0.00379705652998685
2013-06-17,0.0016243621043443798
2013-06-18,-0.004556554512168012
2013-06-19,0.011003588298942312
2013-06-20,0.0034680738021325933
2013-06-21,0.005800059076405338
2013-06-23,0.005778585031368216
2013-06-24,-0.007479734407680346
2013-06-25,-0.0015472714999028032
2013-06-26,0.0008965138071908924
2013-06-27,-0.008856611811410973
2013-06-28,0.0019264499562100927
2013-06-30,0.0011759048726456402
2013-07-01,-0.002831339266783405
2013-07-02,0.007011557070129228
2013-07-03,-0.0054920882681927605
2013-07-04,-0.004003511387679975
2013-07-05,-0.006667293471282057
2013-07-07,-0.00032031587748506014
2013-07-08,0.0009665134767841085
2013-07-09,-0.0005123690098857948
2013-07-10,-0.01717937532665821
2013-07-11,0.0026413377310373874
2013-07-12,0.0012405081093619038
2013-07-14,0.00042828709247516453
2013-07-15,0.0034901128711869343
2013-07-16,-0.0026126607700999
2013-07-17,0.0026333656259007418
2013-07-18,0.0028842065433908317
2013-07-19,0.0040333441079906445
2013-07-21,-0.005521925257846306
2013-07-22,-0.0028176518729279014
2013-07-23,0.0009104458518984806
2013-07-24,0.003300188977128817
2013-07-25,-0.00965853315983686
2013-07-26,-0.00406951415711805
2013-07-28,-0.004314584594586972
2013-07-29,-0.00327515722150525
2013-07-30,0.0005709760790265296
2013-07-31,-0.0016307292474302877
2013-08-01,0.008973437358773212
2013-08-02,-0.0038712006865684527
2013-08-04,-0.000948396237526809
2013-08-05,-0.006804832428776354
2013-08-06,-0.004009889810205673
2013-08-07,0.005875172543804765
2013-08-08,0.00018863979009060914
2013-08-09,-0.003285205680438859
2013-08-11,0.0026286104637800664
2013-08-12,0.005302280349648891
2013-08-13,0.006876138910710454
2013-08-14,-0.002197131421269519
2013-08-15,0.0035020980490720046
2013-08-16,-0.0013044052972870479
2013-08-18,-0.0008442760926890185
2013-08-19,0.0022526880451033396
2013-08-20,-0.00483228887925978
2013-08-21,0.009172492764484529
2013-08-22,0.007355066067518936
2013-08-23,-0.0021637219027297004
2013-08-25,3.8703779224765725e-05
2013-08-26,0.003243431809557304
2013-08-27,0.011301137239894876
2013-08-28,-0.003477650579727737
2013-08-29,-0.006748303897049507
2013-08-30,-0.00024164441723511468
2013-09-01,0.0
2013-09-02,0.008152685760426968
2013-09-03,0.0012832308605346752
2013-09-04,0.0018293515420088988
2013-09-05,0.0005551082133158858
2013-09-06,-0.006558639028010885
2013-09-08,0.0047953606523196985
2013-09-09,5.9161093684852355e-05
2013-09-10,0.008398417356861851
2013-09-11,-0.009042501831719162
2013-09-12,0.001703815865918151
2013-09-13,0.0027599774195515075
2013-09-15,0.0050128276316326196
2013-09-16,-0.004291415714150996
2013-09-17,-0.0010054115890622125
2013-09-18,-0.010728970531399656
2013-09-19,0.010868426452053128
2013-09-20,0.0005165464029884105
2013-09-22,0.0019519364195973521
2013-09-23,0.0032345428674575654
2013-09-24,-0.0026756558976543695
2013-09-25,0.0035612061582811386
2013-09-26,-0.0025039572426651803
2013-09-27,-0.004880092967122507
2013-09-29,-0.005267120487455421
2013-09-30,-0.008239080456208445
2013-10-01,0.007148647843183191
2013-10-02,0.002081458888483387
2013-10-03,0.005088495462640062
2013-10-04,0.002330839540261501
2013-10-06,-0.004653533312764605
2013-10-07,-0.003166262859577849
2013-10-08,0.005546772215163858
2013-10-09,0.005421878298604317
2013-10-10,0.009053455128322114
2013-10-11,-0.0016102420973832217
2013-10-13,0.0035962248790014743
2013-10-14,-0.002501120846673091
2013-10-15,0.0003789010513915511
2013-10-16,0.0014822988782785661
2013-10-17,-0.0070884066032837435
2013-10-18,-0.004055782404876634
2013-10-20,0.0029935969714744324
2013-10-21,0.004500777099601324
2013-10-22,-0.00558026748578041
2013-10-23,-0.007237819830622925
2013-10-24,-5.005335528824391e-05
2013-10-25,-0.00183661848862592
2013-10-27,0.0014303394418341306
2013-10-28,-5.2784260853462835e-05
2013-10-29,0.008086412205813614
2013-10-30,0.003628718716566075
2013-10-31,-0.004074382187820854
2013-11-01,0.006930868858886537
2013-11-03,0.0007084737523700374
2013-11-04,-0.0041185721668750746
2013-11-05,-0.00033456243241193764
2013-11-06,-0.0007851405216945701
2013-11-07,-0.006999173112955313
2013-11-08,0.012851528839773753
2013-11-10,-0.0009628771888834328
2013-11-11,-0.008420130636004705
2013-11-12,0.0009036484722376327
2013-11-13,-0.0025580749732475355
2013-11-14,-0.007681254521316397
2013-11-15,-0.0010385414951957451
2013-11-17,-0.001314638497060761
2013-11-18,-0.004518071870067181
2013-11-19,0.0038457025398511173
2013-11-20,0.0057476812974944095
2013-11-21,0.010345721315652595
2013-11-22,0.0021034880283165858
2013-11-24,0.008216077456794788
2013-11-25,-0.0056311833958166526
2013-11-26,0.002084354707929979
2013-11-27,-0.0075555853667833885
2013-11-28,-0.004116524213122143
2013-11-29,0.0016227566512997677
2013-12-01,-0.0007666766856657736
2013-12-02,0.014081070437654272
2013-12-03,-0.011304527282595025
2013-12-04,-0.004987917123309553
2013-12-05,0.003185258215612357
2013-12-06,0.013397537328983453
2013-12-08,0.001465426106541308
2013-12-09,-0.004433154364851295
2013-12-10,0.007614267627005142
2013-12-11,0.0027751187171236235
2013-12-12,-0.018201362177008178
2013-12-13,0.008090129616811227
2013-12-15,0.00562090430027948
2013-12-16,-0.0019999630201479623
2013-12-17,0.0006286078524778622
2013-12-18,-0.01475162572128042
2013-12-19,0.005711885991973349
2013-12-20,-0.0051214183484414
2013-12-22,0.00018226555404733745
2013-12-23,-0.004621555950658462
2013-12-24,-0.002004954312893963
2013-12-26,0.006736830593821527
2013-12-27,0.005774727911092907
2013-12-29,0.0017894022669587516
2013-12-30,-0.004280096520772664
2013-12-31,0.004225982473493813
2014-01-01,9.26219701368091e-06
2014-01-02,0.01399406298869351
2014-01-03,-0.008583551711214322
2014-01-05,0.006222681319168552
2014-01-06,-0.0011653853172459295
2014-01-07,-0.006556569504573911
2014-01-08,-0.001778359234666754
2014-01-09,0.0006704769283187418
2014-01-10,-0.00970716866920764
2014-01-12,-0.01016060915206584
2014-01-13,-0.0015270564718916663
2014-01-14,0.01443513182138297
2014-01-15,0.0037347862512345765
2014-01-16,-0.004089342600148051
2014-01-17,-0.001272799196407716
2014-01-19,-0.002904295600295192
2014-01-20,0.007375583405977062
2014-01-21,-0.005621776149572382
2014-01-22,0.001252344202731055
2014-01-23,-0.013021273213732863
2014-01-24,-0.011014032529635913
2014-01-26,0.001758804174726396
2014-01-27,0.002572723591711522
2014-01-28,0.0068125386780620205
2014-01-29,-0.009149112885816359
2014-01-30,-0.000730526787107028
2014-01-31,-0.004330614753682722
2014-02-02,0.003522959114386898
2014-02-03,-0.012621398515392982
2014-02-04,0.0019559610925466656
2014-02-05,-0.00250057640557492
2014-02-06,0.004770906327669121
2014-02-07,0.003619388340059286
2014-02-09,0.0009673883666776257
2014-02-10,-0.0028840495848862454
2014-02-11,0.004428308215077119
2014-02-12,-0.005155800245431162
2014-02-13,-0.0036995194731468907
2014-02-14,8.524168399936323e-05
2014-02-16,-0.0030685101962225976
2014-02-17,0.011447686622482868
2014-02-18,-0.003401579189223725
2014-02-19,-0.0037239235206998327
2014-02-20,0.006785679315393399
2014-02-21,9.040958409406479e-06
2014-02-23,-0.003335648408309127
2014-02-24,0.004020759045223736
2014-02-25,-0.0030748365082205803
2014-02-26,0.0002460105407509856
2014-02-27,-0.009679602630379152
2014-02-28,0.002232378747699657
2014-03-02,-0.004692654446369235
2014-03-03,0.0032406416982517965
2014-03-04,0.007628954416362503
2014-03-05,0.00623223860416134
2014-03-06,0.0035013321346530992
2014-03-07,0.003884969837048274
2014-03-09,-0.0027876709241131305
2014-03-10,0.004305134227631845
2014-03-11,-0.004230507754113106
2014-03-12,-0.004141232371861257
2014-03-13,-0.013289961873896257
2014-03-14,-0.005165833887844904
2014-03-16,0.002450987679103845
2014-03-17,0.003237047580068982
2014-03-18,-0.0054593047510124535
2014-03-19,0.014017244465721156
2014-03-20,-0.001461694723561843
2014-03-21,-0.0008668593895862232
2014-03-23,0.0030137411671996447
2014-03-24,-0.003656270815206909
2014-03-25,0.0012697984934042807
2014-03-26,-0.006608234323881895
2014-03-27,0.003916632502465007
2014-03-28,0.009537804774296626
2014-03-30,0.0006242813229172555
2014-03-31,0.005721068771925977
2014-04-01,0.0075319812853502635
2014-04-02,0.0012780857586066178
2014-04-03,-2.9762470383420214e-05
2014-04-04,-0.00938831818714623
2014-04-06,-4.35379799677665e-05
2014-04-07,-0.005087456552534355
2014-04-08,-0.014408877109876343
2014-04-09,-0.00012446866887161296
2014-04-10,-0.0047555306422183315
2014-04-11,0.0006082989758597233
2014-04-13,-0.0007596026617856427
2014-04-14,0.004701914729615856
2014-04-15,0.005607142086040074
2014-04-16,-0.004349165042484953
2014-04-17,0.006902581241524056
2014-04-18,0.0004524335679990907
2014-04-20,0.0030210820332452018
2014-04-21,0.0004374752768580887
2014-04-22,-0.0023127589833606484
2014-04-23,-0.0019526629366547067
2014-04-24,0.0006313506730860285
2014-04-25,-0.003587620013423085
2014-04-27,-0.001223321349740583
2014-04-28,0.006306018464030599
2014-04-29,-0.0026682051864320468
2014-04-30,0.0006641395087968517
2014-05-01,0.0011762556003665548
2014-05-02,-0.0027414826482957825
2014-05-04,-0.004974406918885498
2014-05-05,0.0028413388119815117
2014-05-06,-0.007432106865308441
2014-05-07,0.004140456127541189
2014-05-08,-0.0025349685529070824
2014-05-09,0.0015171707570359177
2014-05-11,0.002811303733752416
2014-05-12,0.004213046719409966
2014-05-13,-0.0005425876178549928
2014-05-14,-0.0062829259619187686
2014-05-15,-0.006561909246869107
2014-05-16,0.0009788955183978063
2014-05-18,0.0012977014847742635
2014-05-19,-0.0006222690334146528
2014-05-20,-0.00513371201672799
2014-05-21,0.005036744714084976
2014-05-22,0.004539386245100497
2014-05-23,0.0035124606608478337
2014-05-25,-0.0001912673755290626
2014-05-26,3.615459361298457e-05
2014-05-27,-0.0005289598671290393
2014-05-28,-0.005650489012370075
2014-05-29,-0.002507069056290282
2014-05-30,0.004355640130131939
2014-06-02,0.012807953753092918
2014-06-03,0.005524563026865038
2014-06-04,-0.0015774327865268035
2014-06-05,-0.004387426830601426
2014-06-06,0.0024978949682367513
2014-06-08,0.0008112230668403812
2014-06-09,-0.002838100153311462
2014-06-10,-0.0020300813633404684
2014-06-11,-0.004524423241304891
2014-06-12,-0.007211499548900621
2014-06-13,0.005961216956762985
2014-06-15,-0.004390325063095592
2014-06-16,0.0036885588860210688
2014-06-17,0.003190050026212407
2014-06-18,-0.005751442323913442
2014-06-19,-0.0018530366710268616
2014-06-20,0.005121452506974852
2014-06-22,-0.002683510051887976
2014-06-23,-0.0026826022454651747
2014-06-24,0.0005570053733390294
2014-06-25,-0.004708441958378138
2014-06-26,-0.006455702330459065
2014-06-27,-0.003465539182460713
2014-06-29,-0.002929398536286709
2014-06-30,0.006338424476981519
2014-07-01,0.0028374104688617674
2014-07-02,0.008179375375257036
2014-07-03,0.007568172448318977
2014-07-04,-0.002232426981034097
2014-07-06,0.00252804860124467
2014-07-07,-0.01069376505518843
2014-07-08,-0.0046090504757551115
2014-07-09,-0.0030999055266888176
2014-07-10,-0.005644708455241343
2014-07-11,-0.0016877220686928318
2014-07-13,0.0026070726721503235
2014-07-14,0.007340825448195254
2014-07-15,0.0037795647594958126
2014-07-16,-0.005514760093190407
2014-07-17,-0.0051999212133149175
2014-07-18,-0.0008582928850482396
2014-07-20,-0.0018354961267084136
2014-07-21,0.00577646559300149
2014-07-22,-0.0015374305199670202
2014-07-23,0.003875128184902099
2014-07-24,0.006647168306302076
2014-07-25,0.001709704044333904
2014-07-27,-0.001325738976725832
2014-07-28,0.0026821240850813943
2014-07-29,0.006655149397306825
2014-07-30,0.019010401363342533
2014-07-31,0.004321209938783488
2014-08-01,-0.00816350330913429
2014-08-03,0.0004677587534227534
2014-08-04,-0.0021045862441901875
2014-08-05,-0.001199286278410372
2014-08-06,-0.01006632852126399
2014-08-07,-0.012214218603194493
2014-08-08,0.008048142671029893
2014-08-10,0.0033224372473452495
2014-08-11,0.004346719401640886
2014-08-12,-0.00032259956595692696
2014-08-13,0.00821250843248622
2014-08-14,-0.0021060226397433546
2014-08-15,-0.00418573338146766
2014-08-17,-0.0023449407902449426
2014-08-18,0.010003129033519853
2014-08-19,0.009648276466976302
2014-08-20,0.024524102646003885
2014-08-21,-0.0015979947970144843
2014-08-22,0.003544226189425889
2014-08-24,0.006553835611451373
2014-08-25,-0.00920450908304924
2014-08-26,0.005089558518896545
2014-08-27,-0.007422845161683385
2014-08-28,-0.000977307236840086
2014-08-29,0.009759213830076465
2014-08-31,0.00187164731842781
2014-09-01,0.0153646369071015
2014-09-02,0.009906583337257953
2014-09-03,-0.007217711393100988
2014-09-04,0.010521622614252324
2014-09-05,-0.005518804764813814
2014-09-07,-0.0008333344859257629
2014-09-08,0.02445234675835026
2014-09-09,0.001721940901731704
2014-09-10,0.00906694407467899
2014-09-11,0.011213422386088568
2014-09-12,0.0007822816258612523
2014-09-14,0.0005789504605158643
2014-09-15,-0.005990286074349193
2014-09-16,0.003404384778841983
2014-09-17,0.02475106686469763
2014-09-18,0.011392117038236728
2014-09-19,-0.003002420638546423
2014-09-21,-0.0053213332998359245
2014-09-22,0.00036343972209273626
2014-09-23,-0.002312369955483903
2014-09-24,0.009415222527743914
2014-09-25,-0.0024840895966555957
2014-09-26,0.004667082980031958
2014-09-28,0.0024187721436616768
2014-09-29,-0.00271339599090534
2014-09-30,0.011090221314059841
2014-10-01,-0.01903104403643675
2014-10-02,0.001921977931487465
2014-10-03,-0.014925543292011817
2014-10-05,-0.0031503639173077755
2014-10-06,-0.006377483753695157
2014-10-07,-0.01158196933712886
2014-10-08,-0.0031036874494054178
2014-10-09,-0.00281436570500889
2014-10-10,-0.003489591561020442
2014-10-12,-0.007313072308616564
2014-10-13,0.001506345541393539
2014-10-14,-0.0022613526491639096
2014-10-15,-0.014337491704435958
2014-10-16,0.004363685007960238
2014-10-17,0.007423928987964588
2014-10-19,0.0044114956603613946
2014-10-20,-0.0058052633294786785
2014-10-21,0.0017333155089255612
2014-10-22,0.0055251182216302895
2014-10-23,0.009089700436259602
2014-10-24,0.001872685880517572
2014-10-26,-0.0030971142695029844
2014-10-27,-0.0013002800282417896
2014-10-28,0.004320704724529707
2014-10-29,0.011066577297539635
2014-10-30,0.004826448378191693
2014-10-31,0.03018748945558197
2014-11-02,0.004425311626502426
2014-11-03,-0.008208383727864416
2014-11-04,0.0045885286581290935
2014-11-05,0.0036754254263130543
2014-11-06,0.010218051654110778
2014-11-07,-0.008141995038006972
2014-11-09,-0.004020839075526713
2014-11-10,0.010449737595591008
2014-11-11,0.003162452967485661
2014-11-12,-0.001048462654907039
2014-11-13,-0.0035596769307941756
2014-11-14,0.0014707178543243856
2014-11-16,-0.004332957381853025
2014-11-17,0.007357988409579885
2014-11-18,0.007027150729144632
2014-11-19,0.010258294774526791
2014-11-20,-0.005874802176252403
2014-11-21,-0.00012583373081667118
2014-11-23,-0.0011861951832317673
2014-11-24,5.4994391078971936e-05
2014-11-25,-0.0012760006630297075
2014-11-26,-0.004710891571082113
2014-11-27,0.008990151366648186
2014-11-28,0.0028830000112200138
2014-11-30,-0.0030142747910698762
2014-12-01,0.0038242419144486517
2014-12-02,-0.0069493706443123
2014-12-03,0.005576948536283068
2014-12-04,0.0014600056697324532
2014-12-05,-0.012604407932768373
2014-12-07,0.00027668005846677836
2014-12-08,-0.011300983396726328
2014-12-09,-0.010756560680583581
2014-12-10,-0.005693685460420224
2014-12-11,0.0039563340367343
2014-12-12,0.0008399389400992351
2014-12-14,-0.0006536578263691659
2014-12-15,-0.010247131788708138
2014-12-16,-0.004938924225539699
2014-12-17,0.013348473787017172
2014-12-18,0.005811248812064582
2014-12-19,0.0022271994781891207
2014-12-21,-0.000974399329874059
2014-12-22,-0.005018834029207901
2014-12-23,0.0016066947210901558
2014-12-24,0.0005527011321384128
2014-12-25,-0.002159952103638863
2014-12-26,0.0011089891912492436
2014-12-28,-0.0007352816708531726
2014-12-29,0.0017797062877003612
2014-12-30,-0.007644130294634535
2014-12-31,0.0013793010609929506
2015-01-01,0.006261027975973269
2015-01-02,6.664794607475231e-05
2015-01-04,0.000836742084143623
2015-01-05,0.010160245972854285
2015-01-06,-0.0020047905007765546
2015-01-07,0.005741261003251312
2015-01-08,-0.003226446964658856
2015-01-09,-0.008721029020958998
2015-01-11,-0.0013476921074226749
2015-01-12,0.0008742191778680446
2015-01-13,-0.010242481979497831
2015-01-14,-0.0002342032131506006
2015-01-15,-0.012014429483053056
2015-01-16,0.01058427460946759
2015-01-18,-0.004346959914365767
2015-01-19,-0.011101197791178427
2015-01-20,0.0036824444726565038
2015-01-21,-0.002440340601057111
2015-01-22,-0.00455249315021153
2015-01-23,-0.00798985855397728
2015-01-25,-0.0012769544194115665
2015-01-26,0.006187404025166774
2015-01-27,-0.0018523416334828213
2015-01-28,-0.0019569164521639837
2015-01-29,0.0011672169922355275
2015-01-30,-0.005059060317349592
2015-02-01,0.002171886350186421
2015-02-02,-0.006055223609753343
2015-02-03,-0.006732640464963976
2015-02-04,0.003985071435732484
2015-02-05,-0.0007507343466992287
2015-02-06,-0.015547535727759052
2015-02-08,-0.0030816123238023977
2015-02-09,-0.0028089777448126814
2015-02-10,-0.010236377888403253
2015-02-11,0.005469200360827028
2015-02-12,-0.014477442065336157
2015-02-13,-0.0018431102117475113
2015-02-15,0.002295180342825419
2015-02-16,-0.0008941013430936944
2015-02-17,0.003745644538396739
2015-02-18,-0.003018755895325126
2015-02-19,0.0023274942581023024
2015-02-20,0.0006219732778448602
2015-02-22,-0.0008592850293481365
2015-02-23,0.0016394872201965192
2015-02-24,-0.0035369052418407093
2015-02-25,-0.0029611141016679015
2015-02-26,0.0014166396174719684
2015-02-27,0.004540094867149905
2015-03-01,0.0027989328230452705
2015-03-02,-0.0019265702706926604
2015-03-03,0.0007797933858525412
2015-03-04,0.0012389556499867991
2015-03-05,0.0010988868026218534
2015-03-06,0.007793992873750933
2015-03-08,0.0010576201530688274
2015-03-09,0.00748869086479391
2015-03-10,-0.0028968436303822677
2015-03-11,0.00250629840381168
2015-03-12,0.0012650964015526547
2015-03-13,0.0003459138664619246
2015-03-15,-0.0011372216695251266
2015-03-16,0.0011523021431223452
2015-03-17,-0.0013572238071631016
2015-03-18,-0.011137290201972025
2015-03-19,0.005457123318884739
2015-03-20,-0.007512050135380761
2015-03-22,-0.0009460812152770997
2015-03-23,0.002934335795664617
2015-03-24,0.0018886306161500727
2015-03-25,-0.0038246771109392078
2015-03-26,0.00024394657863827552
2015-03-27,-0.0023461784303174115
2015-03-29,0.001797872517209904
2015-03-30,0.010094215896503335
2015-03-31,-0.006711318581583623
2015-04-01,0.0012091488767267335
2015-04-02,0.0008604200647258977
2015-04-03,-0.009356468200982904
2015-04-05,0.0017052835718985339
2015-04-06,0.006040513741927675
2015-04-07,0.006474696536249737
2015-04-08,0.00228126892432346
2015-04-09,0.002747435418353095
2015-04-10,-0.004497494731071628
2015-04-12,0.001840804481442032
2015-04-13,-0.005688437479537231
2015-04-14,-0.0027677790116137193
2015-04-15,-0.0058597360296037725
2015-04-16,-0.001363590988803097
2015-04-17,-0.0022291785838529764
2015-04-19,6.68893887871028e-05
2015-04-20,0.006796047155546024
2015-04-21,0.004125960988280922
2015-04-22,0.004222315648075753
2015-04-23,-0.007047544635066045
2015-04-24,-0.009731007454725145
2015-04-26,-0.0010024101656998196
2015-04-27,-0.003770046982394391
2015-04-28,0.0036312081828105826
2015-04-29,-0.0014969531222531326
2015-04-30,0.014031679733490012
2015-05-01,0.007234762925224275
2015-05-03,-0.0013640056752500412
2015-05-04,0.0018054138422866608
2015-05-05,-0.0038788172194799265
2015-05-06,0.004496538626607907
2015-05-07,0.004807118155524991
2015-05-08,-0.0016489962977757516
2015-05-10,0.00042758940355666094
2015-05-11,0.00473926266825636
2015-05-12,-0.005626322022383051
2015-05-13,0.00838394598990638
2015-05-14,-0.002659432420462539
2015-05-15,0.002667656624810931
2015-05-17,-0.006689659056725493
2015-05-18,0.004788072570208885
2015-05-19,0.01411456921872402
2015-05-20,0.0037432462103271645
2015-05-21,-0.004893759835174457
2015-05-22,0.010598704304431824
2015-05-24,0.0020330661148572475
2015-05-25,0.001374120760978796
2015-05-26,-0.0189152073556972
2015-05-27,0.014443861610094075
2015-05-28,-0.005957395032400643
2015-05-29,-0.0068885692919149815
2015-05-31,0.00015450801959471426
2015-06-01,-0.008931601026498006
2015-06-02,-0.011586247709347108
2015-06-03,0.007143672804279711
2015-06-04,0.00045771302192661244
2015-06-05,-0.015086988709894526
2015-06-07,-0.0023379773979219443
2015-06-08,-0.012293032701318011
2015-06-09,0.0002149499993110524
2015-06-10,-0.017261295881327576
2015-06-11,0.005042808001769307
2015-06-12,-0.001118768186305462
2015-06-14,0.0013718820750189217
2015-06-15,0.0004330196485064742
2015-06-16,-0.0011168123334535395
2015-06-17,-0.004539752383142485
2015-06-18,-0.001675972437422605
2015-06-19,-0.0034412551823104613
2015-06-21,0.0015229727227121642
2015-06-22,0.011564766111986303
2015-06-23,0.0019940568382417717
2015-06-24,-0.0020872498882989607
2015-06-25,-0.005489089990999978
2015-06-26,0.006937876241451198
2015-06-28,-0.008651039266119874
2015-06-29,0.010067515932500761
2015-06-30,-0.0028354165147436387
2015-07-01,-0.010533894940781505
2015-07-02,0.0032169510994243034
2015-07-03,0.0028803111195223143
2015-07-05,-0.003706597526161693
2015-07-06,0.00140290110258935
2015-07-07,-0.005586107516826136
2015-07-08,-0.012939102200761237
2015-07-09,0.01081838399891398
2015-07-10,0.008675025627692796
2015-07-12,-0.0019518059408524288
2015-07-13,-0.010021165703111233
2015-07-14,0.00027096593722678584
2015-07-15,-0.00415861941546416
2015-07-16,0.002077211212686319
2015-07-17,-6.530218066328832e-05
2015-07-19,-0.0016711628485582847
2015-07-20,0.0015319681152821227
2015-07-21,-0.00729623906334754
2015-07-22,-0.003457307253909607
2015-07-23,0.0006535149420601257
2015-07-24,0.0014935987749081614
2015-07-26,-0.003647331530139676
2015-07-27,-0.00021981215451966445
2015-07-28,-0.0010680048906758287
2015-07-29,0.008398690495434593
2015-07-30,-0.0014222619216607438
2015-07-31,0.0010507953629667224
2015-08-02,-0.0017863674451117422
2015-08-03,0.0002456529247812075
2015-08-04,0.003728887316296766
2015-08-05,0.004059887703220407
2015-08-06,0.0005642885540775313
2015-08-07,-0.007325841308000954
2015-08-09,0.001934519432464162
2015-08-10,0.00467976036994319
2015-08-11,-0.006464971912309366
2015-08-12,-0.01020752398396297
2015-08-13,0.000836301142741232
2015-08-14,0.0019738408203991134
2015-08-16,-0.0016346365858636496
2015-08-17,-0.00030323546050315016
2015-08-18,-0.0015024626926136316
2015-08-19,-0.0056637428692526805
2015-08-20,-0.011477286386072382
2015-08-21,-0.014594207779041449
2015-08-23,-0.014119950660086556
2015-08-24,-0.012915503021388003
2015-08-25,-0.009526188887017705
2015-08-26,0.012582837434633422
2015-08-27,0.010695173593862559
2015-08-28,0.007305756089019372
2015-08-30,0.006040041550027955
2015-08-31,0.004496117010014639
2015-09-01,0.008976023864839915
2015-09-02,-0.007187123117501146
2015-09-03,-0.011950664420583752
2015-09-04,-0.006115181397677072
2015-09-06,0.004293028646834052
2015-09-07,-0.0016020735908116501
2015-09-08,0.012577640315428622
2015-09-09,-0.00027678717557407564
2015-09-10,0.0
2015-09-11,-0.003026031962181919
2015-09-13,-0.0013655845607829793
2015-09-14,-0.001468967205706312
2015-09-15,-0.0008541239814784894
2015-09-16,0.0030233413137508327
2015-09-17,-0.00755643815202003
2015-09-18,0.0014369981392115118
2015-09-20,-0.002820352705887407
2015-09-21,0.007764522300366907
2015-09-22,-0.006006734912395537
2015-09-23,0.0007021541223848662
2015-09-24,0.003060025410742878
2015-09-25,0.004515599470733653
2015-09-27,-0.0029042305299782287
2015-09-28,-0.008212840864201631
2015-09-29,0.0015463211060999847
2015-09-30,0.005148206355091611
2015-10-01,-0.0023513067023020794
2015-10-02,-0.001500877559756654
2015-10-04,0.0015761421998427168
2015-10-05,0.005970719677927147
2015-10-06,-0.003917560358605375
2015-10-07,-0.002916528648923021
2015-10-08,0.0001845323405992047
2015-10-09,0.00360182430834202
2015-10-11,-0.00030577693810534303
2015-10-12,-0.0
2015-10-13,-0.0024138108880579993
2015-10-14,-0.00853980472949355
2015-10-15,0.0027885742064403937
2015-10-16,0.0028946848127989265
2015-10-18,0.0007507905066810954
2015-10-19,0.00024575686789810904
2015-10-20,0.004778727820729636
2015-10-21,-6.761082992644518e-05
2015-10-22,0.010039367363302099
2015-10-23,0.009084150860076337
2015-10-25,-0.0035649460573070977
2015-10-26,-0.0002983567926977134
2015-10-27,-0.0
2015-10-28,0.0
2015-10-29,0.0
2015-10-30,-0.0
2015-11-01,-0.0
2015-11-02,-0.0045515403309249825
2015-11-03,-0.007150747046363195
2015-11-04,0.003721863483699242
2015-11-05,0.003851736540017959
2015-11-06,0.018156867504220985
2015-11-08,0.0036736775980940055
2015-11-09,-0.0022306275567903666
2015-11-10,0.0032487913838491057
2015-11-11,-0.001322832027917095
2015-11-12,-0.004486691586813733
2015-11-13,-0.0005884171857447984
2015-11-15,-0.0008941624791751771
2015-11-16,-0.014011028547503277
2015-11-17,-0.0017853268375641047
2015-11-18,-0.0012417649853040573
2015-11-19,-0.006054826900034933
2015-11-20,-0.0017058107344210369
2015-11-22,0.007130436381211815
2015-11-23,-0.006577799250661789
2015-11-24,-0.005609903676450969
2015-11-25,0.0025220985833022203
2015-11-26,0.00025969574736186223
2015-11-27,0.0018372702436982176
2015-11-29,9.365749804098779e-05
2015-11-30,0.003664625131376263
2015-12-01,0.0018814795939080772
2015-12-02,0.0054049823699970296
2015-12-03,-0.013052496912936333
2015-12-04,0.008307990859885733
2015-12-06,0.0031720605734737
2015-12-07,-0.0026895482350515138
2015-12-08,-0.006732644816444286
2015-12-09,-0.01558170532894937
2015-12-10,0.005749248494798135
2015-12-11,-0.015716059207582227
2015-12-13,0.0028294624254487223
2015-12-14,0.0023126619140617713
2015-12-15,-0.013514977962967962
2015-12-16,-0.007599647653285768
2015-12-17,-0.002853754991817093
2015-12-18,-0.015027256424460836
2015-12-20,0.0022631360113528213
2015-12-21,-0.0009185967947995097
2015-12-22,-0.0029626027734333325
2015-12-23,-0.0053073808377064905
2015-12-24,-0.004854771569646162
2015-12-27,0.002368193736001003
2015-12-28,-0.0014859801125649715
2015-12-29,-0.00033766383302764137
2015-12-30,-0.0010317340083171892
2015-12-31,-0.0022925028412761474
2016-01-03,-0.009574239554880916
2016-01-04,7.596344612569006e-05
2016-01-05,-0.011354587828675643
2016-01-06,-0.01034138363922959
2016-01-07,0.0051038357623685695
2016-01-08,-0.014900269356537389
2016-01-10,0.002319492548057513
2016-01-11,0.001411919014936486
2016-01-12,0.010518191080333304
2016-01-13,-0.01134113446527314
2016-01-14,0.004296983621231248
2016-01-15,-0.009206750300448052
2016-01-17,-0.0021381280352077425
2016-01-18,-0.005756117130357723
2016-01-19,-0.00879592815202272
2016-01-20,0.0006314059745697558
2016-01-21,0.011816915859048593
2016-01-22,0.010509019681951432
2016-01-24,-0.00027379354514095764
2016-01-25,0.008167095755607335
2016-01-26,-0.0037330844544088563
2016-01-27,0.0039640245746707
2016-01-28,0.01581780538641093
2016-01-29,0.012140709504288957
2016-01-31,0.001422218122554628
2016-02-01,-0.006988230661028969
2016-02-02,-0.010824038209670058
2016-02-03,-0.01742824770596009
2016-02-04,0.012006216199223072
2016-02-05,-0.0009982978445829376
2016-02-07,-0.005335882843190132
2016-02-08,-0.025007534356043797
2016-02-09,-0.001146010563674684
2016-02-10,-0.015684670595036546
2016-02-11,0.0007171303029876583
2016-02-12,0.004363158562896799
2016-02-14,0.005946347455952031
2016-02-15,0.007627207528861502
2016-02-16,-0.009077083119516924
2016-02-17,0.0024080712579718708
2016-02-18,0.009175958379526363
2016-02-19,0.002184148181666726
2016-02-21,-0.0029247083461771736
2016-02-22,-0.005182270125472043
2016-02-23,-0.005310050481404847
2016-02-24,0.006832404332127093
2016-02-25,0.00235099991042962
2016-02-26,0.009456128131847097
2016-02-28,-0.006902313385491479
2016-02-29,-0.00421478384658068
2016-03-01,-0.010662721547464067
2016-03-02,-0.0017984987757060122
2016-03-03,0.003107333001269323
2016-03-04,-0.0002849365271762546
2016-03-06,0.00024438838458155476
2016-03-07,-0.004328459268705025
2016-03-08,-0.005155432114174736
2016-03-09,0.009333903061903483
2016-03-10,-0.0017199380012081476
2016-03-11,-0.002527958053988085
2016-03-13,-0.0008738402992336459
2016-03-14,0.0010864407697539688
2016-03-15,-0.0035362843550790068
2016-03-16,-0.005330941117556011
2016-03-17,-0.01136654942840362
2016-03-18,0.002163121568238158
2016-03-20,-0.0017262369771263756
2016-03-21,0.005522614337500072
2016-03-22,0.0021439342557927777
2016-03-23,0.003917761814087856
2016-03-24,0.0023240388199842654
2016-03-25,0.00019984035168948568
2016-03-27,0.004658844231248658
2016-03-28,-0.0007582876485642846
2016-03-29,-0.008573980964289624
2016-03-30,-0.000662213862127944
2016-03-31,-0.0015708535197197357
2016-04-01,-0.004923892889092908
2016-04-03,-0.0005499432098612611
2016-04-04,-0.005843868520796329
2016-04-05,-0.0029703201524791003
2016-04-06,-0.009872479047915715
2016-04-07,-0.005438552491768585
2016-04-08,-0.004923955525813665
2016-04-10,-0.0010102540711767838
2016-04-11,0.0020113337015511615
2016-04-12,0.00599673766335243
2016-04-13,0.004483935423799945
2016-04-14,0.003261941301075125
2016-04-15,0.008133033103278911
2016-04-17,0.006504399692394561
2016-04-18,-0.009671213395128483
2016-04-19,-0.0005053729493781375
2016-04-20,0.006954603034632224
2016-04-21,-0.002323541685591358
2016-04-22,0.02119196871809518
2016-04-24,-0.005894267787661032
2016-04-25,-0.0017649083754244597
2016-04-26,-0.002662620224600256
2016-04-27,-0.004658421176983122
2016-04-28,-0.031661002155030774
2016-04-29,0.007168647593111428
2016-05-01,-0.0013508711768816927
2016-05-02,0.0028657268723312644
2016-05-03,-0.007106536523385103
2016-05-04,-0.0003280085339487598
2016-05-05,-0.00013527952586284806
2016-05-06,0.00014179779560146173
2016-05-08,0.0014318849346423473
2016-05-09,0.009594211471522836
2016-05-10,0.0010074615601393386
2016-05-11,-0.0009355243687028852
2016-05-12,0.0014273587664181203
2016-05-13,-0.0012515113979249988
2016-05-15,-0.003058208774301816
2016-05-16,-0.0008503807093171521
2016-05-17,0.0030233939626435257
2016-05-18,0.005288313853231123
2016-05-19,0.00013574300104760262
2016-05-20,0.0005660576433698137
2016-05-22,-0.0022551815762640176
2016-05-23,-0.003096681302985437
2016-05-24,0.005490126945992058
2016-05-25,-0.0036665980432646823
2016-05-26,-0.002512097530659582
2016-05-27,0.0022188403268862205
2016-05-29,0.005465945747261155
2016-05-30,0.0008270964912746462
2016-05-31,-0.002640625912868151
2016-06-01,-0.013088806368530102
2016-06-02,-0.0005175500415214207
2016-06-03,-0.01706520048626045
2016-06-05,0.004204676664097698
2016-06-06,0.0049218891696072775
2016-06-07,0.005546333817698908
2016-06-08,0.002403877517273418
2016-06-09,-0.00415113280258614
2016-06-10,-0.0019873754180927744
2016-06-12,-0.0051449332360483605
2016-06-13,-0.0017381303730873475
2016-06-14,0.0020782931765312806
2016-06-15,-0.010087736211099934
2016-06-16,-0.0023239801374186596
2016-06-17,-0.002799572295876982
2016-06-19,0.0036790070912291577
2016-06-20,-0.004718887451038657
2016-06-21,0.0035729466658198394
2016-06-22,0.0011327437733832835
2016-06-23,-0.02041716771718638
2016-06-24,-0.004400849691147043
2016-06-26,-0.0027859523066347145
2016-06-27,0.0018308488626577375
2016-06-28,0.0028337331559157215
2016-06-29,0.002008047904893122
2016-06-30,0.0010009204989389437
2016-07-01,-0.0029269160331652612
2016-07-03,0.0017453787018624559
2016-07-04,-0.0044946455709428115
2016-07-05,-0.009849287199616618
2016-07-06,0.001428378397590082
2016-07-07,0.0016779290200391874
2016-07-08,0.0017776492712832943
2016-07-10,0.0013271408936813486
2016-07-11,0.01856233134615372
2016-07-12,0.009791174989245671
2016-07-13,0.003453630488651764
2016-07-14,0.011808221727612131
2016-07-15,-0.009985430708167273
2016-07-17,0.005202164435505024
2016-07-18,0.00303842964451768
2016-07-19,0.0007112248372079905
2016-07-20,0.008261907831064166
2016-07-21,-0.009900965008884552
2016-07-22,0.002074937696961864
2016-07-24,-0.0033291356402415334
2016-07-25,-0.011799332166886741
2016-07-26,0.00508289810797126
2016-07-27,0.004118819448151132
2016-07-28,0.0017713522864157918
2016-07-29,-0.017658583779943896
2016-07-31,0.0036439671767392345
2016-08-01,0.00024799053214098537
2016-08-02,-0.009214210299495656
2016-08-03,-0.0009976243625307844
2016-08-04,0.0004322556763082134
2016-08-05,0.004477360807645261
2016-08-07,0.0015832113750554122
2016-08-08,0.0022594555963378437
2016-08-09,-0.006750686586144366
2016-08-10,-0.0008848311680647259
2016-08-11,0.005405205647704086
2016-08-12,-0.005320344685779188
2016-08-14,0.0005395736975918866
2016-08-15,-0.005195845350531817
2016-08-16,-0.0004331485061391604
2016-08-17,0.003330925610141983
2016-08-18,0.0010544772813772354
2016-08-19,-0.0002827325523967851
2016-08-21,0.00413598006369074
2016-08-22,-0.0037173544609037435
2016-08-23,0.0004411459148763684
2016-08-24,0.0009092827799439534
2016-08-25,0.00021315270899061742
2016-08-26,0.009570489467942941
2016-08-28,0.0023781669129552285
2016-08-29,0.0001489418299073989
2016-08-30,0.005378930042588183
2016-08-31,0.002343403833206406
2016-09-01,0.0005270273603393329
2016-09-02,0.004940682156478494
2016-09-04,-0.0017477938837245095
2016-09-05,-0.001836667578295522
2016-09-06,-0.01506333002846167
2016-09-07,0.0015687576022270547
2016-09-08,0.0031700511624724536
2016-09-09,0.004335438148876447
2016-09-11,-0.0006568903339497303
2016-09-12,-0.006390586281665297
2016-09-13,0.009646847374224657
2016-09-14,-0.00639868901214345
2016-09-15,0.00016349904902551797
2016-09-16,-0.0012658769214267777
2016-09-18,-0.0015466585941074271
2016-09-19,-0.0011652337720222256
2016-09-20,-0.0033717763033430824
2016-09-21,-0.00883497427906162
2016-09-22,0.00585705175114509
2016-09-23,-0.0007015582655496836
2016-09-25,-0.0006795357970192808
2016-09-26,-0.002737565026658256
2016-09-27,-0.0007170962380634917
2016-09-28,0.006986263242203373
2016-09-29,-0.001745048025446312
2016-09-30,0.001433073222606415
2016-10-02,0.0009267086448196873
2016-10-03,0.0075758813584778295
2016-10-04,0.005806544922796738
2016-10-05,0.005146924705798449
2016-10-06,0.002932976978810282
2016-10-07,-0.009134274088496767
2016-10-09,0.0007510060530064408
2016-10-10,0.00930592491839789
2016-10-11,-0.004467528102930232
2016-10-12,-0.0033364939227601568
2016-10-13,-0.0012572654641242482
2016-10-14,0.002514256457302422
2016-10-16,0.0009317220315690643
2016-10-17,-0.004089533926641728
2016-10-18,-8.160025583067062e-05
2016-10-19,-0.0034633066893586437
2016-10-20,0.0069209645526626205
2016-10-21,-0.0038736284629165385
2016-10-23,0.0015249931773882246
2016-10-24,0.005966250104489159
2016-10-25,-0.0020386290541781157
2016-10-26,0.0012252124487955546
2016-10-27,0.007845176927370119
2016-10-28,-0.0045284053955868455
2016-10-30,0.0017611976639756216
2016-10-31,-0.000492854065458638
2016-11-01,0.011124033658668049
2016-11-02,0.009007006011502042
2016-11-03,-0.0025147876361862813
2016-11-04,-5.54784350940855e-05
2016-11-06,0.013632158852813133
2016-11-07,-4.1584684034947e-05
2016-11-08,-0.027396651718091053
2016-11-09,-0.03047500433152796
2016-11-10,-0.0060315546173552725
2016-11-11,0.0007676019087900561
2016-11-13,0.005431071514857164
2016-11-14,0.0044718502366920135
2016-11-15,0.006517326204027337
2016-11-16,-0.0004301166630142465
2016-11-17,0.010017974099358269
2016-11-18,0.0021092465469592357
2016-11-20,0.0012899677743244023
2016-11-21,-0.0017735851895160591
2016-11-22,0.0017129992632593139
2016-11-23,0.010984801928361841
2016-11-24,0.004591907757538238
2016-11-25,-0.0013582339772355572
2016-11-27,-0.00865631678683973
2016-11-28,0.0005954272728312214
2016-11-29,0.004892174744487205
2016-11-30,0.009304436112975935
2016-12-01,-0.001111928512303819
2016-12-02,-0.003089641153427772
2016-12-04,0.0005257593460256745
2016-12-05,0.001250474105801079
2016-12-06,0.0024993445233033873
2016-12-07,-0.004926877164009883
2016-12-08,0.0066424211623237845
2016-12-09,0.005148306911578276
2016-12-11,0.0017206763366917459
2016-12-12,0.002204529871254815
2016-12-13,0.0003546317833336509
2016-12-14,0.013234074263270798
2016-12-15,0.004509021139747142
2016-12-16,-0.0019382181748283977
2016-12-18,-0.003433758367654872
2016-12-19,0.0014314821719696275
2016-12-20,-0.00027542975560938165
2016-12-21,0.0005977468456735456
2016-12-22,-0.0009069825629443795
2016-12-23,-0.0008773265592726953
2016-12-25,-0.0006866474784689486
2016-12-26,0.0010609238706403587
2016-12-27,0.0019468685774649214
2016-12-28,-0.005666557296952477
2016-12-29,-2.1886082410752042e-07
2016-12-30,-0.0020333957949841357
2017-01-02,0.0016113026498736597
2017-01-03,0.004058428062225368
2017-01-04,-0.009335415266242937
2017-01-05,0.0023706538580295744
2017-01-06,0.005629726721939919
2017-01-08,0.0031903701285071417
2017-01-09,-0.011376030758508895
2017-01-10,-0.003715892062128448
2017-01-11,0.008064514216015851
2017-01-12,-0.0017273202913564564
2017-01-13,-0.0031000266830012477
2017-01-15,-0.001869783139715891
2017-01-16,-0.0013955057087864022
2017-01-17,-0.004898746003880268
2017-01-18,0.009322261618566528
2017-01-19,0.0017394340225087622
2017-01-20,0.0007286536725452778
2017-01-22,-0.007008131697138623
2017-01-23,-0.006091580613089132
2017-01-24,0.004662405807744323
2017-01-25,-0.002256007510765344
2017-01-26,0.01278105938011027
2017-01-27,0.0011925963155799487
2017-01-29,0.004052847590786212
2017-01-30,-0.007839735690669768
2017-01-31,-0.002658061180649461
2017-02-01,-0.003182215918948414
2017-02-02,0.001425241752484149
2017-02-03,-0.003471427028485629
2017-02-05,-0.00027397101545679174
2017-02-06,-0.004980587966095448
2017-02-07,0.0029480130733866594
2017-02-08,-0.001244523972616741
2017-02-09,0.013141692147493366
2017-02-10,-0.004210220901747227
2017-02-12,-0.005930440669454589
2017-02-13,-0.003882482054875665
2017-02-14,0.00803919589006337
2017-02-15,-0.004424583210205952
2017-02-16,0.003896331317424357
2017-02-17,-0.004780796288411773
2017-02-19,0.001609787397125952
2017-02-20,0.005359677002538431
2017-02-21,-0.0017970119980370448
2017-02-22,-0.002280489917981086
2017-02-23,-0.0032802710548751578
2017-02-24,-0.006380410018944267
2017-02-26,0.0010883806657963893
2017-02-27,0.0030693308005690523
2017-02-28,0.009296739042352392
2017-03-01,0.00377739366691554
2017-03-02,0.0008405013372504683
2017-03-03,-0.0009382085949829864
2017-03-05,-0.0010285714734306953
2017-03-06,0.0005191632754638889
2017-03-07,-0.0019960711862771385
2017-03-08,0.006996271607583029
2017-03-09,0.007404482684847839
2017-03-10,-0.005565713700444552
2017-03-12,-0.0021198759106861786
2017-03-13,0.0003940508440522425
2017-03-14,7.77550661950565e-05
2017-03-15,-0.013659999318819291
2017-03-16,0.0008740877320579971
2017-03-17,-0.007124814819207062
2017-03-19,-0.0011815200727278608
2017-03-20,0.0018996007090586265
2017-03-21,-0.010866053175576141
2017-03-22,-0.001688501444618049
2017-03-23,-0.0010021863191416924
2017-03-24,-0.0005452946992494888
2017-03-26,-0.009216716255602834
2017-03-27,0.002619074313468737
2017-03-28,0.006076922382165951
2017-03-29,0.0007881285376205473
2017-03-30,0.007976598514808718
2017-03-31,-0.007119814809980727
2017-04-02,-0.0003418741509855126
2017-04-03,-0.0072584394996847695
2017-04-04,0.0006645028878149999
2017-04-05,-0.0023556795604564315
2017-04-06,-0.0012375550088600984
2017-04-07,0.007493892332685282
2017-04-09,0.004465018521792707
2017-04-10,-0.008769607016294933
2017-04-11,-0.013206376133274501
2017-04-12,-0.007370856397013712
2017-04-13,-0.004228964704027705
2017-04-14,-0.007417414677554203
2017-04-16,-0.0037433018261866496
2017-04-17,0.008399879403732336
2017-04-18,-0.0053892939186873465
2017-04-19,0.00481842828829097
2017-04-20,0.0034734947831940475
2017-04-21,-0.0018900939358788612
2017-04-23,0.011692885274889151
2017-04-24,-9.028828041434334e-07
2017-04-25,0.013105703648611008
2017-04-26,0.0003893738593581335
2017-04-27,-0.0017985479874573097
2017-04-28,0.003990131877293371
2017-04-30,0.0018433423686569476
2017-05-01,0.0024682970081447665
2017-05-02,0.0020922925466118313
2017-05-03,0.008218178106564706
2017-05-04,-0.0021859265697999754
2017-05-05,0.0012005284652644775
2017-05-07,0.0007645601397712232
2017-05-08,0.004866588444716299
2017-05-09,0.006869396859470974
2017-05-10,0.004035627284734491
2017-05-11,-0.005494098446605577
2017-05-12,-0.003657667592317351
2017-05-14,0.0003724112125574581
2017-05-15,0.0006206302799928819
2017-05-16,-0.010465115875084294
2017-05-17,-0.015350673786162918
2017-05-18,0.0012848394004688244
2017-05-19,0.000703205294852933
2017-05-21,0.002571948831663509
2017-05-22,-0.0030210404673307934
2017-05-23,0.007187354869107624
2017-05-24,-0.002881307630541052
2017-05-25,-0.0004636867167081566
2017-05-26,-0.0031328932464678477
2017-05-28,0.0009078678091189261
2017-05-29,-0.00619664520004949
2017-05-30,0.0032498901673629053
2017-05-31,-0.0021474884980331997
2017-06-01,0.008526203228745446
2017-06-02,-0.014514199709652053
2017-06-04,0.0021058812221841487
2017-06-05,-0.008365234105775492
2017-06-06,0.0036361998227279896
2017-06-07,0.0035173262037473873
2017-06-08,0.005009121865724169
2017-06-09,0.0010813749889859608
2017-06-11,-0.0011792883049855912
2017-06-12,-0.0030796602308686295
2017-06-13,0.0007496526834187326
2017-06-14,-0.006031187044536314
2017-06-15,0.01768107483924051
2017-06-16,-0.003109115752575612
2017-06-18,0.0017415627229023039
2017-06-19,0.00752934302818441
2017-06-20,-0.004543668414913793
2017-06-21,-0.002884943236854551
2017-06-22,0.0038232430026437056
2017-06-23,-0.0012591838433050268
2017-06-25,0.0005877513075841828
2017-06-26,0.007379185305765348
2017-06-27,0.0020865422522382427
2017-06-28,0.00227672065184857
2017-06-29,-0.00513230259595872
2017-06-30,0.006399391949633224
2017-07-02,0.0007846236183403906
2017-07-03,0.009786821507652728
2017-07-04,-0.003700437243453594
2017-07-05,0.001375209482604339
2017-07-06,0.008231453388115756
2017-07-07,0.002085895647551182
2017-07-09,0.002986531021482596
2017-07-10,0.001064329978846303
2017-07-11,-0.009004635704715422
2017-07-12,-0.005341548558856987
2017-07-13,0.004747160134299479
2017-07-14,-0.010897689306831573
2017-07-16,0.001657243049300082
2017-07-17,-0.006057022286925232
2017-07-18,-0.0011321485090430004
2017-07-19,-0.0010867057972545947
2017-07-20,-0.0004493004672113788
2017-07-21,-0.00996144575029548
2017-07-23,-0.001169105611302036
2017-07-24,0.0006404752831142127
2017-07-25,0.010506991627269376
2017-07-26,-0.013130989376314317
2017-07-27,0.0024175069443245364
2017-07-28,-0.005156627266797257
2017-07-30,-0.0025384521469917843
2017-07-31,-0.00443051145572496
2017-08-01,0.0048836844100809285
2017-08-02,0.0017955917412316154
2017-08-03,-0.005981222296066885
2017-08-04,0.006165885425519086
2017-08-06,0.000796076406380824
2017-08-07,-0.0016717295621313081
2017-08-08,-0.008873352690216376
2017-08-09,0.002012611197270694
2017-08-10,-0.013159656227842008
2017-08-11,0.002490327211877702
2017-08-13,0.0026722400604006448
2017-08-14,0.01057839100452252
2017-08-15,0.006154967674131512
2017-08-16,-0.010296822815776537
2017-08-17,0.004492222801917141
2017-08-18,-0.0038931649571206507
2017-08-20,0.0004731643776010639
2017-08-21,0.0008703601316726015
2017-08-22,0.0021353290320855482
2017-08-23,-0.0037513629396355103
2017-08-24,0.006798638150149527
2017-08-25,-0.004318845072857557
2017-08-27,-0.0021320529903751722
2017-08-28,-0.006003439491884528
2017-08-29,0.013552155178064634
2017-08-30,0.010199240102538091
2017-08-31,-0.006167268184905492
2017-09-01,0.002423109354297963
2017-09-03,0.004846277659464119
2017-09-04,-0.007204088054193182
2017-09-05,-0.008232394827937434
2017-09-06,0.005190806305463409
2017-09-07,-0.011545307729872632
2017-09-08,-0.005114868662463128
2017-09-10,0.0075264840439593994
2017-09-11,0.0115336203863494
2017-09-12,0.009186533813525037
2017-09-13,0.006169001200362082
2017-09-14,-0.00491169648769653
2017-09-15,0.008196710569493771
2017-09-17,0.0047659374323347275
2017-09-18,0.0037024927428575506
2017-09-19,0.00011689983551503736
2017-09-20,0.01069185424651086
2017-09-21,-0.008253449234514326
2017-09-22,0.003135252213492139
2017-09-24,0.00363921162847041
2017-09-25,-0.007986574007388995
2017-09-26,0.009237042542104295
2017-09-27,0.005226585597783108
2017-09-28,-0.0020099553146903553
2017-09-29,-0.0023030073033380753
2017-10-01,0.0039704412708417664
2017-10-02,0.0029154194554510417
2017-10-03,-0.0047677688034815004
2017-10-04,0.0009602541204589053
2017-10-05,0.0012042857671856829
2017-10-06,-0.002813164752060536
2017-10-08,-0.00019862532231333907
2017-10-09,0.0006829010628789918
2017-10-10,-0.002493927902508589
2017-10-11,-0.0006121017328427847
2017-10-12,-0.004043328996088027
2017-10-13,-0.003892520715255994
2017-10-15,0.0027453741512403827
2017-10-16,0.0010360839737765138
2017-10-17,0.0013456264612223014
2017-10-18,0.010195639115793834
2017-10-19,0.0026585786419942915
2017-10-20,0.003892440045013279
2017-10-22,0.0030219763381242023
2017-10-23,-0.004927613673741661
2017-10-24,0.006942767933235687
2017-10-25,-0.004448451578600704
2017-10-26,-0.0087810872165546
2017-10-27,-0.007221052844143702
2017-10-29,-0.000321484299001683
2017-10-30,-0.007239042065042492
2017-10-31,0.01020424770199298
2017-11-01,0.00042734729228736566
2017-11-02,-0.002247449443754447
2017-11-03,-0.0004712307620433905
2017-11-05,0.00294767314522541
2017-11-06,-0.0037256174081544665
2017-11-07,-0.002513422292075713
2017-11-08,0.00041241224158464435
2017-11-09,-0.005244523851650621
2017-11-10,0.0006207026834628256
2017-11-12,0.0025750796354730814
2017-11-13,-0.0005100582970770538
2017-11-14,-0.006542357654233592
2017-11-15,-0.001868341961719502
2017-11-16,-0.007226916638778931
2017-11-17,-0.008167003698902392
2017-11-19,-0.0004383546438523097
2017-11-20,0.008716891894328869
2017-11-21,-0.005953017752118193
2017-11-22,-0.014299865033437774
2017-11-23,0.0025521467470317007
2017-11-24,0.0005261304921131688
2017-11-26,-0.002341319211502758
2017-11-27,-0.003123177977824009
2017-11-28,0.005732680442292967
2017-11-29,0.008714542955965436
2017-11-30,0.00995158866729663
2017-12-01,-0.007357356402486175
2017-12-03,0.010088576751230243
2017-12-04,-0.0033372378091134423
2017-12-05,-0.007750376201293378
2017-12-06,0.004979651919999127
2017-12-07,0.015493637654772423
2017-12-08,0.0014145735771884877
2017-12-10,0.002527144132439816
2017-12-11,-0.00190422455289421
2017-12-12,-0.0025600479208139886
2017-12-13,-0.011455599554847717
2017-12-14,-0.004758290155589257
2017-12-15,0.0037551888144610095
2017-12-17,0.0017421253116882032
2017-12-18,-0.0006996043673862983
2017-12-19,0.005622030435046548
2017-12-20,0.006564967965828981
2017-12-21,-0.0012709419676096578
2017-12-22,-0.0008913622082893176
2017-12-25,0.0006473744879438224
2017-12-26,-0.0013766160787448043
2017-12-27,-0.003428068952430764
2017-12-28,-0.004303585971576765
2017-12-29,-0.0013476187058508512
2018-01-01,0.0007937750309812074
2018-01-02,-0.0064582072595676665
2018-01-03,0.0055161246653975034
2018-01-04,0.003844359662144818
2018-01-05,0.002520138942894396
2018-01-07,0.003037071233243664
2018-01-08,-0.010095262826568268
2018-01-09,-0.005711675154193676
2018-01-10,-0.00938204406614655
2018-01-11,-0.009259387564945768
2018-01-12,-0.0037364702946854826
2018-01-14,-0.006268062945254153
2018-01-15,0.0031133134110351572
2018-01-16,7.006068218236393e-05
2018-01-17,0.008836130349874086
2018-01-18,-0.008718665149812429
2018-01-19,-0.0015967089339599069
2018-01-21,-0.0013929063445816026
2018-01-22,0.0001765363444855191
2018-01-23,0.015134629696668853
2018-01-24,0.014484616145248609
2018-01-25,-0.006622751570668384
2018-01-26,-0.014369530175697271
2018-01-28,0.0029844945975070875
2018-01-29,0.0003034264088682447
2018-01-30,0.001473084059462375
2018-01-31,0.00715696819011913
2018-02-01,0.006158423957183321
2018-02-02,0.007499843252607984
2018-02-04,-0.0021121918626575303
2018-02-05,-0.020282799973971772
2018-02-06,0.009238566593761207
2018-02-07,-0.00037095203055487387
2018-02-08,-0.009747640247700256
2018-02-09,-0.0024525075956760433
2018-02-11,-0.0013937775778267935
2018-02-12,-0.0045477956529244926
2018-02-13,-0.01855676059380706
2018-02-14,0.006661725896655386
2018-02-15,0.012859107455907508
2018-02-16,-0.0067617763390872805
2018-02-18,0.002471547928450314
2018-02-19,0.005866432894250513
2018-02-20,0.013922673505617619
2018-02-21,-0.004928987104536097
2018-02-22,-0.006275386135567146
2018-02-23,-0.0017204931390187538
2018-02-25,-0.0031985898576666364
2018-02-26,0.00440578607861839
2018-02-27,0.0034690202929981992
2018-02-28,-0.005191657356943715
2018-03-01,-0.010123116004389986
2018-03-02,-0.0050894894371935175
2018-03-04,-0.003185577753304621
2018-03-05,0.010815458725112055
2018-03-06,-0.007975503170070597
2018-03-07,0.004874723141080492
2018-03-08,-0.008181202973616495
2018-03-09,0.0013172792813657725
2018-03-11,-0.0026030985197597434
2018-03-12,-0.0020877732520558066
2018-03-13,-7.930913291795302e-05
2018-03-14,0.004751768487980415
2018-03-15,0.0009382233708749188
2018-03-16,-0.000597151478344286
2018-03-18,-0.002817896216798119
2018-03-19,0.00520478802764651
2018-03-20,0.0036376414285022897
2018-03-21,-0.01012515618577833
2018-03-22,-0.010583374806299646
2018-03-23,-0.0023072506175179325
2018-03-25,0.0027893761059310193
2018-03-26,0.009167439389551016
2018-03-27,-0.0014683930584674678
2018-03-28,0.01360390811632704
2018-03-29,-0.0052978483525303694
2018-03-30,0.0005218769206028808
2018-04-01,-0.0015280827095512177
2018-04-02,0.005071727810949344
2018-04-03,0.006390011831429928
2018-04-04,0.00611421668232278
2018-04-05,0.0029804125551586417
2018-04-06,-0.0039219059666393335
2018-04-08,0.0006759109937291108
2018-04-09,0.0027105811536907187
2018-04-10,-0.0006737195038696782
2018-04-11,-0.0030396018769881226
2018-04-12,0.006141003822104952
2018-04-13,-0.0005306939582837354
2018-04-15,0.0009931592459202962
2018-04-16,-0.0026909434682324206
2018-04-17,0.002677730436820903
2018-04-18,0.002411371127139802
2018-04-19,0.0032259604846255068
2018-04-20,-0.00041028942604519455
2018-04-22,0.0025387592571948954
2018-04-23,0.012373366110009061
2018-04-24,0.002032131715076363
2018-04-25,0.006574637454818596
2018-04-26,-0.0030428478522260332
2018-04-27,-0.0021220721799946086
2018-04-29,0.001596989393717972
2018-04-30,0.003453991802429364
2018-05-01,0.005125129834606373
2018-05-02,-0.000648447072249702
2018-05-03,-0.010106631424992431
2018-05-04,-0.002599478497002446
2018-05-06,0.002097171674240421
2018-05-07,0.00013703592503552808
2018-05-08,0.00728706430274267
2018-05-09,0.003649134592561934
2018-05-10,-0.004707658612140364
2018-05-11,-0.0009860564071078888
2018-05-13,-0.0006385241357660065
2018-05-14,0.006333191519851944
2018-05-15,0.008930503959148194
2018-05-16,-0.0015359581455528142
2018-05-17,0.01329901039553562
2018-05-18,-0.003582184173892309
2018-05-20,-0.005668250392100799
2018-05-21,0.0025070470929135992
2018-05-22,0.0070080857977772625
2018-05-23,0.012999126965265086
2018-05-24,0.0007319715786078545
2018-05-25,0.0027800262506619674
2018-05-27,-0.0007344515203805581
2018-05-28,-0.007342535860994327
2018-05-29,-0.006370138288235637
2018-05-30,0.0005005496174918755
2018-05-31,0.008732835950503698
2018-06-01,0.005702870567696128
2018-06-03,0.0019683270583830148
2018-06-04,0.004430087196593404
2018-06-05,-0.0009486294846665715
2018-06-06,0.0017073078285685204
2018-06-07,-0.0026700248829206064
2018-06-08,-0.004705005598660474
2018-06-10,0.0032431678762546287
2018-06-11,0.009723334326013987
2018-06-12,0.007032792618767969
2018-06-13,-0.0072950760035725756
2018-06-14,-0.009874736494989303
2018-06-15,0.001243310599660418
2018-06-17,0.0037059561926168004
2018-06-18,-0.010236801331122893
2018-06-19,0.0029418248300254325
2018-06-20,0.009211043204465568
2018-06-21,-0.009790147676435665
2018-06-22,-0.0017543012927620785
2018-06-24,-0.007591516134620429
2018-06-25,-0.0014054170097032364
2018-06-26,0.008151159238583925
2018-06-27,-0.00043747357068402447
2018-06-28,0.009164000739257506
2018-06-29,-0.0007024981535507774
2018-07-01,-0.00672441061529977
2018-07-02,-0.003082456210089955
2018-07-03,0.0076028181778754695
2018-07-04,-0.0007494088296943874
2018-07-05,0.0047306535220282605
2018-07-06,-0.00426052529305498
2018-07-08,0.00016126923188468484
2018-07-09,0.010199202840969803
2018-07-10,0.0008091038897635623
2018-07-11,0.019155581975717737
2018-07-12,0.00563039698962494
2018-07-13,-0.004005924588552938
2018-07-15,0.002240038137343753
2018-07-16,-0.0011185903234471645
2018-07-17,-0.009115954338280453
2018-07-18,0.002968166967088973
2018-07-19,0.0055125849893903345
2018-07-20,0.01586678671569605
2018-07-22,0.006715024327605207
2018-07-23,-0.0045289795026337626
2018-07-24,-0.0009344604965756978
2018-07-25,-0.00894117399839335
2018-07-26,0.003370373517010817
2018-07-27,0.0006117004828124881
2018-07-29,0.0010833558832376187
2018-07-30,-0.0010701212882071145
2018-07-31,0.013799558150524714
2018-08-01,-0.004217139591448813
2018-08-02,8.120037348172421e-05
2018-08-03,0.006069180402381271
2018-08-05,-0.001908483285416214
2018-08-06,0.000240355785181648
2018-08-07,-0.0007999591068271029
2018-08-08,-0.010243777531578447
2018-08-09,0.002419418343001793
2018-08-10,-0.002500086711677764
2018-08-12,-0.010098873317275549
2018-08-13,-0.01062262165022419
2018-08-14,0.007923477920546006
2018-08-15,-0.00766229841594415
2018-08-16,0.0009292132528217106
2018-08-17,0.005645564703787205
2018-08-19,0.0003568357038472655
2018-08-20,-0.008399616988388748
2018-08-21,0.005757219788360285
2018-08-22,0.007650934266462272
2018-08-23,0.0076886797974699645
2018-08-24,-0.002406870910154009
2018-08-26,-0.002792326836657885
2018-08-27,0.004842636442506205
2018-08-28,-0.0009704726041796156
2018-08-29,-0.006155549892709826
2018-08-30,0.008943194792680556
2018-08-31,0.00043479683868987226
2018-09-02,0.0018322869985982094
2018-09-03,-0.00365501364864641
2018-09-04,-0.0058009536906526125
2018-09-05,0.0034303322768242466
2018-09-06,0.010929249030623815
2018-09-07,-0.006143365917080949
2018-09-09,-0.00012175399588973304
2018-09-10,-0.006288042637973513
2018-09-11,0.0010499534365018288
2018-09-12,-0.00213127330127701
2018-09-13,0.007865029844326668
2018-09-14,0.0024934605267078313
2018-09-16,-0.00046125530594460856
2018-09-17,-0.00031893826713694847
2018-09-18,0.00537725274226961
2018-09-19,-0.0029711131964396805
2018-09-20,0.009083155086438229
2018-09-21,-0.0024278282905987577
2018-09-23,-0.001670398162583516
2018-09-24,-0.0038441335347706245
2018-09-25,-0.0014085215760118654
2018-09-26,0.00187047622964099
2018-09-27,0.011336735892697472
2018-09-28,0.002018829310728382
2018-09-30,0.004452911007439906
2018-10-01,-7.206296385690807e-05
2018-10-02,-0.00207205546580491
2018-10-03,0.009879173017907621
2018-10-04,-0.008107938569499035
2018-10-05,-0.0035158221156138874
2018-10-07,0.002702968995248242
2018-10-08,-0.011746788624990793
2018-10-09,-0.0024702041045868016
2018-10-10,-0.00044477957707087385
2018-10-11,0.0
2018-10-12,-0.0016966199230292517
2018-10-14,-0.0010120932119747363
2018-10-15,-0.0017322351197127566
2018-10-16,0.006163702373005819
2018-10-17,0.0023526738255571695
2018-10-18,-0.0018387960074593213
2018-10-19,0.0018949786487040539
2018-10-21,0.0017048554802217752
2018-10-22,-0.000340604494087579
2018-10-23,-0.0011689602865179096
2018-10-24,-0.007817015381153154
2018-10-25,0.0023227034144089028
2018-10-26,-0.006690562896454977
2018-10-28,-0.00039919390079745534
2018-10-29,0.014648929973851131
2018-10-30,0.009037085780749902
2018-10-31,-0.005446625875791839
2018-11-01,0.0008746097876233575
2018-11-02,0.006978543265800829
2018-11-04,0.0011395498316380422
2018-11-05,0.0020658825724129467
2018-11-06,-0.00260808041510183
2018-11-07,0.00978911329596186
2018-11-08,0.0033940257878626507
2018-11-09,-0.0021072352361956575
2018-11-11,0.0038387439648248077
2018-11-12,-0.00026738957869730577
2018-11-13,-0.001402605176268677
2018-11-14,-0.008375910561553908
2018-11-15,-0.0006398100985551512
2018-11-16,-0.012365675964669288
2018-11-18,-0.0014227857791535078
2018-11-19,-0.004465798387762408
2018-11-20,0.007662283878472045
2018-11-21,0.0021497661925783773
2018-11-22,-0.002099200289923152
2018-11-23,0.00045387147368934264
2018-11-25,0.005637734496452356
2018-11-26,0.005534913919203112
2018-11-27,0.006328696282915626
2018-11-28,-0.010271199412691763
2018-11-29,0.002721376370605755
2018-11-30,0.0023215823330396492
2018-12-02,-0.0008966291581320457
2018-12-03,-0.007654751086110153
2018-12-04,-0.0021316855383593236
2018-12-05,-0.006884578382039185
2018-12-06,0.004144655866293313
2018-12-07,-0.0037527892907917863
2018-12-09,-0.0040961747538970925
2018-12-10,0.011959923036481248
2018-12-11,0.0077079961359771375
2018-12-12,0.0005957352147306301
2018-12-13,-0.0008464168642051275
2018-12-14,-0.001982175811888876
2018-12-16,0.002844614608092987
2018-12-17,-0.018190960608816645
2018-12-18,-0.005255425734004957
2018-12-19,-0.0007641168424856278
2018-12-20,-0.01715760513644312
2018-12-21,-0.0032502648256846063
2018-12-23,-0.0021094960041925384
2018-12-24,-0.017216734751496616
2018-12-25,0.0038896964150188142
2018-12-26,0.01138018599262837
2018-12-27,-0.00674699057116963
2018-12-28,-0.007058381949282016
2018-12-30,0.0030130437907343204
2018-12-31,-0.013926151263766694
2019-01-01,0.002822842049135123
2019-01-02,-0.0315646165262044
2019-01-03,-0.016305899151458823
2019-01-04,0.0017554461318805294
2019-01-06,-0.002833499343339576
2019-01-07,0.009010794049732177
2019-01-08,-0.001626141964657499
2019-01-09,-0.01148644984865903
2019-01-10,0.0044226701580475985
2019-01-11,0.0027340412069350706
2019-01-13,-0.005327799317064484
2019-01-14,0.005659092945397617
2019-01-15,-0.0010102723094207386
2019-01-16,0.006825040347975399
2019-01-17,0.004644939557149574
2019-01-18,0.004896585571197676
2019-01-20,-0.0022519966045664325
2019-01-21,-0.0015034693112141158
2019-01-22,0.0028253833533245848
2019-01-23,-0.0018183620707331672
2019-01-24,0.0024783215561112897
2019-01-25,-0.0026407827569933477
2019-01-27,-0.0018330569479116468
2019-01-28,-0.0015457702416083333
2019-01-29,0.0011717911993194203
2019-01-30,-0.006912809359860439
2019-01-31,0.0005339417308104097
2019-02-01,0.008045889718138405
2019-02-03,0.0032077208315235356
2019-02-04,0.001615801027856261
2019-02-05,-0.0016857450178430237
2019-02-06,0.0020706995697753333
2019-02-07,-0.002622478567062285
2019-02-08,0.00013812735479478116
2019-02-10,0.0033957617483149245
2019-02-11,0.007387185434940509
2019-02-12,8.61672544817431e-05
2019-02-13,-0.005851163120913008
2019-02-14,-0.009343328111299166
2019-02-15,0.0018927478553329396
2019-02-17,0.0010423673904431305
2019-02-18,0.001357289518931801
2019-02-19,0.001881730088763809
2019-02-20,-0.0002090357231635589
2019-02-21,-0.00012296019313004172
2019-02-22,-0.0017702862416989127
2019-02-24,0.00043092877093847454
2019-02-25,0.0017468852149532122
2019-02-26,-0.0027629805335512418
2019-02-27,0.0036273412106315227
2019-02-28,0.009849730349671081
2019-03-01,0.003065787064677571
2019-03-03,0.0006869540120275713
2019-03-04,-0.0008730456624449438
2019-03-05,-0.001650625851120268
2019-03-06,-0.0011292971156463775
2019-03-07,-0.005736882443996353
2019-03-08,-0.0011235188418071852
2019-03-10,-0.0006081535948732035
2019-03-11,0.004066682029341115
2019-03-12,-0.00216245047674885
2019-03-13,0.004779293921803693
2019-03-14,0.0023427308573581
2019-03-15,-0.003454312345854844
2019-03-17,0.0015108198630035372
2019-03-18,-0.006894509159199835
2019-03-19,0.007727528894854051
2019-03-20,-0.021483963927538676
2019-03-21,-0.006785813628195312
2019-03-22,0.015612400677415175
2019-03-24,0.001364483477923274
2019-03-25,0.002971345964233295
2019-03-26,0.00914775147225528
2019-03-27,-0.006905175107538046
2019-03-28,0.010151544983325168
2019-03-29,0.0018462480995612475
2019-03-31,0.005569277206926924
2019-04-01,0.0038986310237926064
2019-04-02,0.0029877639195648098
2019-04-03,-0.0012261332988422165
2019-04-04,0.005334560620582733
2019-04-05,-0.0005401010006205154
2019-04-07,-0.0054845654452795115
2019-04-08,-0.0010567708707095752
2019-04-09,-0.0029785624102030904
2019-04-10,-0.002231714069338688
2019-04-11,0.012172542219284016
2019-04-12,0.005196278729794212
2019-04-14,3.592483698735365e-05
2019-04-15,-0.0006778997050775427
2019-04-16,0.00043306643316810313
2019-04-17,-0.0005671906645099736
2019-04-18,-0.0006094078730497495
2019-04-19,-0.001157579147180494
2019-04-21,0.0017326840686990115
2019-04-22,-0.0035789066536304317
2019-04-23,0.002341085797842466
2019-04-24,0.001554362480951363
2019-04-25,0.005598624637434921
2019-04-26,-0.0034587221473868952
2019-04-28,0.0013599724923139852
2019-04-29,0.0001026443180889003
2019-04-30,-0.003110513195742463
2019-05-01,0.004355421264223916
2019-05-02,-0.0038852937411260583
2019-05-03,-0.0076586480220879405
2019-05-05,-0.010538800897887583
2019-05-06,0.0035413233154874056
2019-05-07,-0.013721212370922428
2019-05-08,-0.001941981544262418
2019-05-09,-0.0016646230343919858
2019-05-10,0.002036202614213565
2019-05-12,-0.003986126264628211
2019-05-13,-0.0038826810150391867
2019-05-14,0.001931886270223682
2019-05-15,-0.0035486911645465887
2019-05-16,0.007700927043147023
2019-05-17,0.004095221515209687
2019-05-19,0.0036487168648305793
2019-05-20,-0.000903114197518915
2019-05-21,0.006976370792492266
2019-05-22,-0.00535670614765181
2019-05-23,-0.012945431602566757
2019-05-24,-0.006402311465393437
2019-05-26,0.0034352934818010538
2019-05-27,0.00049015653311098
2019-05-28,-0.001989436035354912
2019-05-29,0.004037157797255588
2019-05-30,-0.006719952564641073
2019-05-31,-0.021498625575950774
2019-06-02,-0.0034337259300501197
2019-06-03,-0.003015829593183667
2019-06-04,0.0016821428944854566
2019-06-05,0.00465709267240092
2019-06-06,0.004985535592010509
2019-06-07,-0.006711936595033578
2019-06-09,0.006864794630359416
2019-06-10,0.0030955047091757717
2019-06-11,-0.002922042491440714
2019-06-12,-0.0061440602801769925
2019-06-13,0.0017854362453843529
2019-06-14,0.005729825805248758
2019-06-16,0.0015637523219563273
2019-06-17,-0.005748416823902288
2019-06-18,0.0018408799868253653
2019-06-19,-0.018709625169907148
2019-06-20,-0.011279772665966123
2019-06-21,0.004832161748481976
2019-06-23,0.0011133766754823384
2019-06-24,-0.007163301725496357
2019-06-25,0.009093690785596008
2019-06-26,0.01177732453363623
2019-06-27,-0.007776194619679535
2019-06-28,0.005717564733548648
2019-06-30,0.006599330181058491
2019-07-01,0.0038154045248102787
2019-07-02,-0.016220316188005728
2019-07-03,0.0034351077043645165
2019-07-04,0.0017870538220920184
2019-07-05,0.011327530203150703
2019-07-07,-0.0010286577095870515
2019-07-08,0.00795602293480403
2019-07-09,0.0011723348405625177
2019-07-10,-0.01666808593911178
2019-07-11,0.00751681994751876
2019-07-12,-0.008393775456417616
2019-07-14,-0.0038898237278875624
2019-07-15,-0.0025594301565185235
2019-07-16,0.003795015005817936
2019-07-17,-0.007766733814525548
2019-07-18,-0.003748681117522909
2019-07-19,0.003111007329618282
2019-07-21,0.004360425548941906
2019-07-22,0.0015451313293496712
2019-07-23,0.002576452511528993
2019-07-24,-0.0004739746653182717
2019-07-25,0.007309860207406585
2019-07-26,0.0015707321961166395
2019-07-28,-0.002535353574565524
2019-07-29,0.0035223303833504874
2019-07-30,-0.002898336961240751
2019-07-31,0.010111747834461882
2019-08-01,-0.0293710305804545
2019-08-02,0.006585572660459643
2019-08-04,-0.008671697842383669
2019-08-05,0.0023937470203430483
2019-08-06,-0.0007827359851001864
2019-08-07,0.0005842216177746077
2019-08-08,-0.0019016605543191623
2019-08-09,-0.005528065413140429
2019-08-11,-0.002596551671136547
2019-08-12,0.0007430793272312553
2019-08-13,0.01116790018802222
2019-08-14,-0.005313665082618914
2019-08-15,0.0038917346189447696
2019-08-16,0.002428352971941088
2019-08-18,-0.0005604190779362762
2019-08-19,0.00357413541876738
2019-08-20,-0.0011702168940529289
2019-08-21,-0.0009454315514150923
2019-08-22,0.0019032380153535752
2019-08-23,-0.016186408031518194
2019-08-25,0.0017420310633094276
2019-08-26,0.0034587425596195958
2019-08-27,0.0011729945166159092
2019-08-28,0.0010959371981922523
2019-08-29,0.008341306309701332
2019-08-30,-0.003875924077959806
2019-09-01,-0.000719232499237117
2019-09-02,-0.003491198544616906
2019-09-03,-0.006141052648651366
2019-09-04,0.009457895467050573
2019-09-05,0.005396626164085268
2019-09-06,-0.002053229708119227
2019-09-08,-0.00011170018000047726
2019-09-09,0.006456492839458467
2019-09-10,0.004237050659096092
2019-09-11,0.004893246357767353
2019-09-12,0.0019558881564448395
2019-09-13,-0.0017216428848362505
2019-09-15,-0.00370761672344701
2019-09-16,0.0054829025608029635
2019-09-17,0.0010869881311061146
2019-09-18,-0.002456709407920828
2019-09-19,-0.002482516274589034
2019-09-20,-0.005678247265441811
2019-09-22,0.0022823825129481344
2019-09-23,-0.0023073051747027765
2019-09-24,-0.0028425195941719533
2019-09-25,0.004854272053054941
2019-09-26,0.0008273806306570392
2019-09-27,0.0020405729239211627
2019-09-29,0.001316814019417792
2019-09-30,0.00392268498671648
2019-10-01,-0.006426827124431849
2019-10-02,-0.009639120856527171
2019-10-03,-0.005040447497808652
2019-10-04,0.001892793288523933
2019-10-06,-0.0013823330484598589
2019-10-07,0.008295122512014306
2019-10-08,-0.0028125630514657753
2019-10-09,0.004751972338531777
2019-10-10,0.008003960824416883
2019-10-11,0.007216359036474368
2019-10-13,-0.0009682312948810079
2019-10-14,0.0006260872604087914
2019-10-15,0.006298134813616263
2019-10-16,0.0017706382500172393
2019-10-17,-0.00391281624791915
2019-10-18,-0.0035908519217431436
2019-10-20,0.0021802930876431287
2019-10-21,0.002823567105579633
2019-10-22,-0.006426113710260109
2019-10-23,0.005693646795201489
2019-10-24,0.0007112893235924492
2019-10-25,0.0003274499174270372
2019-10-27,0.001968668087686704
2019-10-28,0.004035309764864814
2019-10-29,-0.002253736864497951
2019-10-30,-0.004548583489569969
2019-10-31,-0.010874542117708396
2019-11-01,-0.00394280223639768
2019-11-03,0.00012951187727671645
2019-11-04,0.01207417511853575
2019-11-05,0.005538158286502894
2019-11-06,-0.007645223072022184
2019-11-07,-0.01246800761170645
2019-11-08,-0.0017090729566326477
2019-11-10,0.0026710143886982847
2019-11-11,0.0009932759958197989
2019-11-12,-0.0015420875268835476
2019-11-13,-0.007677959595956104
2019-11-14,-0.0028757136044020347
2019-11-15,0.004322145410830066
2019-11-17,0.0008980095294204411
2019-11-18,-0.0050529201974754585
2019-11-19,-0.0016660207181182364
2019-11-20,0.00031130576529388875
2019-11-21,0.0024142037968998185
2019-11-22,-0.00032028983247337883
2019-11-24,0.002729915511483265
2019-11-25,0.005699055563101484
2019-11-26,0.003372308233668267
2019-11-27,0.007244620137700467
2019-11-28,0.0006866148146395003
2019-11-29,-0.00017584154135613008
2019-12-01,0.004005859899170587
2019-12-02,-0.010263487952179223
2019-12-03,-0.013180836646662952
2019-12-04,0.005659163341450543
2019-12-05,-0.004093239693247158
2019-12-06,-0.002960530117607295
2019-12-08,0.0010030297511733229
2019-12-09,0.0013425806286695469
2019-12-10,0.00241706533719321
2019-12-11,-0.004302581798729433
2019-12-12,0.022900513347685336
2019-12-13,-0.006358876645606612
2019-12-15,0.0013142638021909246
2019-12-16,-0.004732069518279337
2019-12-17,-0.0037353949530840097
2019-12-18,0.003764765916396191
2019-12-19,-0.006161895668337269
2019-12-20,0.002434248576127997
2019-12-22,-9.245368276213531e-05
2019-12-23,-0.0009675283540703209
2019-12-24,6.265857562585899e-05
2019-12-25,0.0037723135079119805
2019-12-26,-0.0020830807251575214
2019-12-27,-0.0008962662066686348
2019-12-29,-0.006623397262912576
2019-12-30,-0.01010758703318087
2019-12-31,-0.0017994338108760022
2020-01-01,0.0028606288509086548
2020-01-02,-0.013734260758103495
2020-01-03,-0.0019236210286345749
2020-01-05,0.0003167028111903859
2020-01-06,0.00971556218651327
2020-01-07,-0.004080386669729761
2020-01-08,0.01856560159409085
2020-01-09,0.006986353300372911
2020-01-10,-0.002047041191766565
2020-01-12,-0.004735109980922252
2020-01-13,0.008263239792320218
2020-01-14,-0.003751858968890047
2020-01-15,0.0007847292171640059
2020-01-16,0.005560480716370015
2020-01-17,-0.0017505807573272613
2020-01-19,0.0018437166568823096
2020-01-20,-0.0047870193403003036
2020-01-21,0.0008101102517889918
2020-01-22,0.007400189941027335
2020-01-23,-0.0027441312710223126
2020-01-24,-0.005971192024621717
2020-01-26,-0.003607487155805795
2020-01-27,-0.0027047458614816297
2020-01-28,0.004731941142709513
2020-01-29,-0.006248238081386572
2020-01-30,0.0039034515956204844
2020-01-31,-0.015957005041656588
2020-02-02,0.003495077805813272
2020-02-03,0.005293695258730496
2020-02-04,0.014407560038659077
2020-02-05,0.009272141636890961
2020-02-06,-0.0007473105349733046
2020-02-07,0.003184744109817354
2020-02-09,-0.00028624335616307727
2020-02-10,0.002871934977011368
2020-02-11,-0.0011173531177252533
2020-02-12,0.0006623559767465824
2020-02-13,-0.001556485797118417
2020-02-14,-0.0010938847710982576
2020-02-16,0.0020643700081262105
2020-02-17,-0.001778480995442562
2020-02-18,0.0057092773918848636
2020-02-19,0.02366826564247747
2020-02-20,0.011145348137483232
2020-02-21,-0.007867477957134798
2020-02-23,0.000437572885828996
2020-02-24,-0.013168022721801282
2020-02-25,0.004948711252526043
2020-02-26,0.00815272274422426
2020-02-27,-0.018139531598062537
2020-02-28,-0.015064843730914287
2020-03-01,0.002056744496212773
2020-03-02,-0.0049114249045757175
2020-03-03,-0.007024443846846071
2020-03-04,-0.0005042265981358547
2020-03-05,-0.021232951000865592
2020-03-06,-0.008024520521174082
2020-03-08,-0.031623214863931326
2020-03-09,0.013574374194010629
2020-03-10,0.010947245129423482
2020-03-11,-0.013794118830138313
2020-03-12,0.015227440449043918
2020-03-13,0.024235548426296473
2020-03-15,-0.007994850479451447
2020-03-16,-0.003079483859435999
2020-03-17,0.0049240523317925725
2020-03-18,0.01627651463735691
2020-03-19,0.006439732443353032
2020-03-20,0.003573871095538981
2020-03-22,-0.0027047291318770435
2020-03-23,0.00012257276038914208
2020-03-24,0.005761015400018038
2020-03-25,-0.002904805473530595
2020-03-26,-0.015553516134924623
2020-03-27,-0.003443994955741418
2020-03-29,-0.004065087394389608
2020-03-30,0.008405484245929138
2020-03-31,-0.005699808026821112
2020-04-01,-0.0014169759942714818
2020-04-02,0.0028738856706828123
2020-04-03,0.004045107311345949
2020-04-05,0.0028205085461315556
2020-04-06,-7.327701568596415e-05
2020-04-07,-0.0005796943893273314
2020-04-08,0.0006270967456773178
2020-04-09,-0.00294243611008018
2020-04-10,-0.0009888831067859844
2020-04-12,-0.001621481798038457
2020-04-13,-0.002863041325413154
2020-04-14,-0.0037711250518279423
2020-04-15,0.004912696151339273
2020-04-16,-0.0009111799519607479
2020-04-17,-0.0013381211195385742
2020-04-19,0.0024606179453594383
2020-04-20,-0.001933154379392561
2020-04-21,0.0011475775628444456
2020-04-22,-8.089110606703301e-05
2020-04-23,-0.00043818175132992324
2020-04-24,-0.001247640639322354
2020-04-26,-0.00017570057239680762
2020-04-27,-0.0010204014012410191
2020-04-28,-0.0052699471531141235
2020-04-29,0.001054372763345073
2020-04-30,0.0030828474601252943
2020-05-01,-0.0017914712442384597
2020-05-03,-0.001181009517055516
2020-05-04,-0.000709375804105103
2020-05-05,-0.0020794896087237913
2020-05-06,-0.0009432490777505228
2020-05-07,0.0011421692648695867
2020-05-08,0.0020021591588083427
2020-05-10,0.0012893403655182616
2020-05-11,0.004397852130658121
2020-05-12,-0.0014883626475502801
2020-05-13,-0.002206322435756856
2020-05-14,0.003079974921974109
2020-05-15,-0.0020302000428784653
2020-05-17,0.0005655393306160326
2020-05-18,0.0025482726840317465
2020-05-19,0.002776146567005725
2020-05-20,-0.0009349846576362176
2020-05-21,-0.0004879513519837267
2020-05-22,8.963879907059753e-06
2020-05-24,0.0010856195116959399
2020-05-25,0.0017300658272045128
2020-05-26,-0.0038545311995307895
2020-05-27,0.00434691052682373
2020-05-28,-0.00583706995882706
2020-05-29,0.004781280167376041
2020-05-31,-0.0011613021976553475
2020-06-01,-0.000808767758588733
2020-06-02,0.010371383784662888
2020-06-03,0.0038439704115574426
2020-06-04,0.0043949848344971825
2020-06-05,0.00743763889220881
2020-06-07,-0.0005948895677082811
2020-06-08,-0.02187077471054681
2020-06-09,-0.00837514836176788
2020-06-10,-0.011825287997239128
2020-06-11,-0.0016177443672945131
2020-06-12,0.008914667943203796
2020-06-14,-0.0033272745330545834
2020-06-15,0.007228052443982118
2020-06-16,-0.006324934963849056
2020-06-17,-0.005554107361453408
2020-06-18,0.0006372562291382444
2020-06-19,-0.0011676020617675323
2020-06-21,0.0005597397668165815
2020-06-22,0.004586949029672652
2020-06-23,-0.010483883166351305
2020-06-24,0.011069111423470222
2020-06-25,-0.0006111888836835971
2020-06-26,0.0007769015387040065
2020-06-28,-0.0006202495868202758
2020-06-29,0.010023426763156106
2020-06-30,-0.0014525437788872884
2020-07-01,-0.002397971588351135
2020-07-02,-0.0004411158747992415
2020-07-03,-0.00039365985197595596
2020-07-05,0.003299229570586881
2020-07-06,-0.004939123313645685
2020-07-07,0.00394558233872523
2020-07-08,-0.0053028918613333385
2020-07-09,-0.004145637868791354
2020-07-10,-0.0025162192567206943
2020-07-12,-0.002027336865086739
2020-07-13,0.006608124477936506
2020-07-14,0.0015056149243525014
2020-07-15,-0.005423700393410998
2020-07-16,0.004963250578737169
2020-07-17,-0.003914232794038598
2020-07-19,0.006139405027791975
2020-07-20,-0.0031444136160117416
2020-07-21,-0.007562453699245053
2020-07-22,0.00678055479166353
2020-07-23,-0.010665958374679926
2020-07-24,0.005676197688950136
2020-07-26,-0.009995382356073891
2020-07-27,-0.0018660665135890105
2020-07-28,-0.006729510573456598
2020-07-29,0.0002006411509312141
2020-07-30,-0.013035564958289437
2020-07-31,0.02235791895864211
2020-08-02,0.0007633321470163991
2020-08-03,-0.003879989424953958
2020-08-04,-0.008039893915363278
2020-08-05,-0.0006247064583935819
2020-08-06,0.0007387525410613082
2020-08-07,0.004691607340502114
2020-08-09,-0.0017767766448366577
2020-08-10,0.003756056735436663
2020-08-11,0.00946807176851611
2020-08-12,4.124185287956646e-05
2020-08-13,-0.003973533940660048
2020-08-14,-0.005916716942076123
2020-08-16,-0.0005187375032442123
2020-08-17,-0.013560946398615301
2020-08-18,-0.002210758674372024
2020-08-19,0.008965237109677518
2020-08-20,-0.006504652986330706
2020-08-21,0.0019642863831537366
2020-08-23,0.0004028154078038652
2020-08-24,0.0017193597802217752
2020-08-25,0.008637853581694737
2020-08-26,-0.007220638138228097
2020-08-27,0.01177737369233219
2020-08-28,-0.019898452800284103
2020-08-30,0.0025338121264061016
2020-08-31,-0.00206932272101552
2020-09-01,0.005099512645204812
2020-09-02,0.0028329788568365556
2020-09-03,-0.00023728941690992646
2020-09-04,4.1835724504926933e-05
2020-09-06,0.0006700132743087507
2020-09-07,-2.00061335233157e-05
2020-09-08,-0.004651081631176466
2020-09-09,0.0027740117542358056
2020-09-10,0.0007627299605417136
2020-09-11,-0.0006777039871763861
2020-09-13,-0.0005386319744324558
2020-09-14,-0.005997647822837147
2020-09-15,-0.005525823842821304
2020-09-16,-0.0034375293499599546
2020-09-17,-0.00274969044056709
2020-09-18,-0.004116120654497795
2020-09-20,-0.003408211116539344
2020-09-21,0.0027425986198362927
2020-09-22,0.007990748610991475
2020-09-23,0.004640743061176114
2020-09-24,0.0006582207267366284
2020-09-25,0.0010530283092656627
2020-09-27,-0.00289405756829244
2020-09-28,0.0026121846378164794
2020-09-29,0.001657978645839629
2020-09-30,-0.00244243592344672
2020-10-01,0.002402948189616432
2020-10-02,-0.004889849354014114
2020-10-04,0.0038346403018145714
2020-10-05,0.0018482392291220239
2020-10-06,-0.00029821132345807054
2020-10-07,0.004936889697128747
2020-10-08,-0.0019480396188427938
2020-10-09,-0.004831669683135916
2020-10-11,-0.0009545771541449449
2020-10-12,-0.0028367823650708064
2020-10-13,0.0007192921036802039
2020-10-14,-0.0025846655436120645
2020-10-15,0.00021264253276951901
2020-10-16,0.001478448104913414
2020-10-18,0.00048160674788516996
2020-10-19,0.0023270969965046994
2020-10-20,-0.0026158255906929507
2020-10-21,-0.011458650907086117
2020-10-22,-0.000657038697830157
2020-10-23,-0.0004433171965777653
2020-10-25,0.0034885654982739767
2020-10-26,-0.002743197499448034
2020-10-27,-0.008185147533073776
2020-10-28,0.0030919749548155707
2020-10-29,-0.001059959934069727
2020-10-30,0.004281841716406425
2020-11-01,0.0019566990244419043
2020-11-02,0.00037512038490552445
2020-11-03,0.0017743605149139847
2020-11-04,-0.010819711373464349
2020-11-05,-0.01751637749114424
2020-11-06,-0.0026305430421886384
2020-11-08,0.0034027771751957074
2020-11-09,0.029780401630274875
2020-11-10,0.003249499201038063
2020-11-11,0.0018052180663469862
2020-11-12,-0.006178105644754264
2020-11-13,-0.006497941496662338
2020-11-15,-0.0008951696983446674
2020-11-16,-0.0010510863270614312
2020-11-17,-0.008006171214573662
2020-11-18,-0.006001439076038214
2020-11-19,0.0008180804675017518
2020-11-20,1.941177296618144e-05
2020-11-22,-0.0012654697978930305
2020-11-23,0.014286020105935061
2020-11-24,-0.0009084165065790156
2020-11-25,-0.002965043747817708
2020-11-26,-0.0067457372958558475
2020-11-27,0.0014941194516908008
2020-11-29,-0.0027909869177189035
2020-11-30,0.00926802066323623
2020-12-01,0.0002554387531490393
2020-12-02,0.0014965482331199007
2020-12-03,-0.010450463704403662
2020-12-04,0.004142950227155705
2020-12-06,-0.002129148180187099
2020-12-07,0.00041463375990093355
2020-12-08,0.0017779539515569828
2020-12-09,0.0054102856693415986
2020-12-10,-0.007513302049335772
2020-12-11,-0.0004167849718345739
2020-12-13,0.001036960170403285
2020-12-14,0.0013988125124670989
2020-12-15,-0.012658446715412129
2020-12-16,-0.002068661232419636
2020-12-17,0.0023413322889800437
2020-12-18,-0.0031286562738257868
2020-12-20,0.0020471075814806343
2020-12-21,0.0010789707512717185
2020-12-22,7.427628197558595e-05
2020-12-23,0.002211795435577934
2020-12-24,-0.00040858995545312547
2020-12-25,-0.0023594913323438612
2020-12-27,0.0021911874742115895
2020-12-28,0.002522713220658484
2020-12-29,-0.007095743924275439
2020-12-30,-0.0025655966670383493
2020-12-31,0.002739456440129775
2021-01-03,-0.005725161723884384
2021-01-04,-3.942274334496794e-05
2021-01-05,-0.0033027175411115303
2021-01-06,0.005822320855834897
2021-01-07,0.013351020762844877
2021-01-08,0.00043344906727940343
2021-01-10,0.005540820114725755
2021-01-11,0.0020089472521212484
2021-01-12,-0.011529443929992406
2021-01-13,0.006681264992648828
2021-01-14,-0.004721902872238659
2021-01-15,-0.0007170200670486013
2021-01-17,-0.0010180918996538881
2021-01-18,0.004759992952684282
2021-01-19,-0.005402907860344085
2021-01-20,-0.008291764935273347
2021-01-21,0.0038980502693842477
2021-01-22,0.0034841437726337676
2021-01-24,0.0008794313841298211
2021-01-25,-0.0003631837465337357
2021-01-26,-0.000862701024721579
2021-01-27,0.012952517463840664
2021-01-28,0.00481024041089554
2021-01-29,0.0028422193199812346
2021-01-31,0.0015078903580027741
2021-02-01,0.006032336371585024
2021-02-02,0.0006194510647082613
2021-02-03,0.0028727157493511992
2021-02-04,0.009731795253018316
2021-02-05,-0.005455484042129226
2021-02-07,-0.0058363180781541004
2021-02-08,-0.015352125615712416
2021-02-09,0.00589212239833386
2021-02-10,-0.0007662692486485073
2021-02-11,-0.004736774348722882
2021-02-12,0.0011804983465735436
2021-02-14,0.003112783721823947
2021-02-15,0.011534837495350187
2021-02-16,0.006987741967116425
2021-02-17,2.2081011177662034e-05
2021-02-18,-0.006029441655108027
2021-02-19,-0.004758286081989747
2021-02-21,0.0066754146066447684
2021-02-22,-0.014472115909996988
2021-02-23,-0.011581228008999368
2021-02-24,0.007166938684211005
2021-02-25,-0.006880616430293253
2021-02-26,-0.007623661493909308
2021-02-28,-0.0008546602182911789
2021-03-01,0.006118413834605567
2021-03-02,0.0010847746171700754
2021-03-03,0.004117739991288065
2021-03-04,0.01968702244892985
2021-03-05,0.005271514711191439
2021-03-07,0.0009103320871060101
2021-03-08,0.015130531715690959
2021-03-09,-0.006407903805048161
2021-03-10,-0.004183541804924256
2021-03-11,0.0019887257631145696
2021-03-12,0.0051912764929123055
2021-03-14,0.00229924045636885
2021-03-15,0.000711564329314865
2021-03-16,-0.0012992982885489104
2021-03-17,-0.004179551820643393
2021-03-18,9.96142512549479e-05
2021-03-19,-0.0007196453399334604
2021-03-21,-0.001346905189202328
2021-03-22,-0.0012671414736267275
2021-03-23,-0.00342781344293406
2021-03-24,0.007388071313898011
2021-03-25,0.007039673808627744
2021-03-26,0.00758844957441111
2021-03-28,-0.0026692506189398744
2021-03-29,0.009591016805751995
2021-03-30,-0.01782404312341719
2021-03-31,0.0038562960034776938
2021-04-01,0.00023134153149193866
2021-04-02,-0.0002514308478389842
2021-04-04,0.0013666062086569006
2021-04-05,0.004224466654136399
2021-04-06,0.010970159241889923
2021-04-07,0.00019951353323845636
2021-04-08,0.008636332028534694
2021-04-09,-0.006948232457295801
2021-04-11,-0.0031857540010831204
2021-04-12,0.0018832732719677994
2021-04-13,0.012706494627879398
2021-04-14,-0.0012034078471449248
2021-04-15,0.0004778032985599011
2021-04-16,0.0025956598671036334
2021-04-18,-0.003191652320342462
2021-04-19,-0.008109828904240021
2021-04-20,-0.004335247672067292
2021-04-21,0.0010348870912603677
2021-04-22,-7.382936542333328e-05
2021-04-23,0.0016622714617263177
2021-04-25,0.002546008844202989
2021-04-26,-0.011359082692841605
2021-04-27,0.008554040961336844
2021-04-28,-0.004872459152855421
2021-04-29,0.0033257483434058484
2021-04-30,0.009164474055823244
2021-05-02,0.0035345421896218338
2021-05-03,-0.004911094503433945
2021-05-04,-0.0011870283077527043
2021-05-05,-0.0017526809064759828
2021-05-06,0.0032870355163619404
2021-05-07,0.010935681800574146
2021-05-09,0.004711145832237672
2021-05-10,0.0002743957970110822
2021-05-11,-0.001105933616386363
2021-05-12,-0.013015455389906252
2021-05-13,0.00034825644117803217
2021-05-14,0.0053601644729810915
2021-05-16,-0.00024783629135068
2021-05-17,0.0027452547893722333
2021-05-18,0.004969754495498551
2021-05-19,0.002944851359172421
2021-05-20,-0.005837959732681363
2021-05-21,0.0014788024978356043
2021-05-23,-0.001117685129916652
2021-05-24,0.0020466830444551103
2021-05-25,-0.0008737298407213931
2021-05-26,0.005199657672232818
2021-05-27,0.015182810245618752
2021-05-28,-0.0010850903320927634
2021-05-30,0.002088856701151837
2021-05-31,0.004883828057883378
2021-06-01,-0.0040608950762221945
2021-06-02,0.00048277972448391787
2021-06-03,-0.010166292699000556
2021-06-04,0.012678111430049942
2021-06-06,-0.0018308978992097732
2021-06-07,0.003984087355427591
2021-06-08,-0.0015289449629369751
2021-06-09,-0.0026182361713554415
2021-06-10,0.003484704718772626
2021-06-11,-0.0045283041869865655
2021-06-13,0.0021939918796561007
2021-06-14,0.006452802435624792
2021-06-15,-0.00035733223201818486
2021-06-16,-0.011320422260571523
2021-06-17,0.008115485807541609
2021-06-18,0.0013739851879456411
2021-06-20,0.002040975465619981
2021-06-21,-0.006424735199599115
2021-06-22,-0.0004937837880194863
2021-06-23,0.00511796862647293
2021-06-24,-0.003128887295879491
2021-06-25,-0.0026219283848315615
2021-06-27,-0.0006996264943213421
2021-06-28,-0.004064601831779012
2021-06-29,-0.0005236097522567785
2021-06-30,-0.012042308342701738
2021-07-01,-0.010433780953047372
2021-07-02,-0.012080729705544462
2021-07-04,0.0015454603413059137
2021-07-05,0.003769365035711507
2021-07-06,0.006199895149092457
2021-07-07,-0.0007426599401105776
2021-07-08,0.013074353452081605
2021-07-09,-0.003590598526896565
2021-07-11,-0.001621544783089238
2021-07-12,0.0028498348013720923
2021-07-13,0.002978109526557365
2021-07-14,-0.012386925835341244
2021-07-15,0.0020867517053881454
2021-07-16,-0.002666097251052368
2021-07-18,0.0028553561497224197
2021-07-19,-0.008542436321630648
2021-07-20,0.006872782117619247
2021-07-21,0.005186745174773806
2021-07-22,0.001993743741791592
2021-07-23,0.005532805199882514
2021-07-25,-0.003003314632101576
2021-07-26,-0.003088164043216067
2021-07-27,-0.008527550203766245
2021-07-28,8.112543009208827e-05
2021-07-29,0.004633560145299569
2021-07-30,-0.002963771792407594
2021-08-01,-0.0008278084955205536
2021-08-02,-0.00948329540954818
2021-08-03,-0.0036454257866985074
2021-08-04,0.012580959473754958
2021-08-05,0.003947151161732941
2021-08-06,0.006925255666037908
2021-08-08,0.00014256420660261376
2021-08-09,0.002869322929325091
2021-08-10,-0.007114411561511076
2021-08-11,-0.005900115424895729
2021-08-12,-0.00019883034579687675
2021-08-13,-0.017029441474608307
2021-08-15,-0.0037284845828596132
2021-08-16,-0.002297980626916494
2021-08-17,0.006040493021007092
2021-08-18,0.011669589909420328
2021-08-19,-0.00859411525004577
2021-08-20,-0.00021898425143012344
2021-08-22,-0.0032758913677321836
2021-08-23,0.001706576012245276
2021-08-24,-0.0012738830797760776
2021-08-25,0.0029564607006567953
2021-08-26,0.0002599671620534379
2021-08-27,-0.004914456972599021
2021-08-29,0.0006154288506923037
2021-08-30,0.0012794574031685332
2021-08-31,0.007547168621976129
2021-09-01,-0.005200525126738837
2021-09-02,0.0019525044287104732
2021-09-03,0.0068459435346647285
2021-09-05,-0.0022837201520459617
2021-09-06,0.001028755608250758
2021-09-07,-0.010776661385027404
2021-09-08,-0.0037852560863940376
2021-09-09,0.006661882339666222
2021-09-10,-0.0026349569667410075
2021-09-12,4.368186050769554e-05
2021-09-13,0.0027316686914470377
2021-09-14,-0.009496937006014219
2021-09-15,-0.00755224977311385
2021-09-16,0.012496617182841783
2021-09-17,-0.0005302150718554271
2021-09-19,-0.00012779567972503298
2021-09-20,0.006210132200016741
2021-09-21,0.003254436125424556
2021-09-22,-0.009489181515209607
2021-09-23,-0.011072178383424437
2021-09-24,-0.006103161493538072
2021-09-26,0.0012677376797877366
2021-09-27,-0.011398548643898016
2021-09-28,0.0038107478689764374
2021-09-29,0.008892628960632218
2021-09-30,-0.011640936898115758
2021-10-01,-0.005159539612403384
2021-10-03,0.001640060729462544
2021-10-04,0.0005334592923265827
2021-10-05,-0.010929515238884491
2021-10-06,0.0024694618758196716
2021-10-07,-0.006752983662080916
2021-10-08,-0.007492556929179774
2021-10-10,-0.00617221708472702
2021-10-11,-0.013856268023476346
2021-10-12,-0.0024200551843890617
2021-10-13,-0.0017577158177310426
2021-10-14,0.007274707523987212
2021-10-15,0.005994088524193304
2021-10-17,-0.0014693782770958006
2021-10-18,-0.0014316599456632515
2021-10-19,-0.006388258896260605
2021-10-20,0.0038094859892033183
2021-10-21,0.004939173519656543
2021-10-22,0.011085609027088843
2021-10-24,-0.0004934277222918974
2021-10-25,0.0
2021-10-26,0.0
2021-10-27,-0.0
2021-10-28,-0.0004100124892287067
2021-10-29,0.0072259697538490895
2021-10-31,0.004719489240163911
2021-11-01,-0.005043722656637064
2021-11-02,0.001821168164787524
2021-11-03,-0.007990023097781029
2021-11-04,-0.010797486510323657
2021-11-05,0.006383684622625268
2021-11-07,-0.0050462985271317075
2021-11-08,-0.0147799509296804
2021-11-09,-0.0014796523266270224
2021-11-10,-0.019261032004826806
2021-11-11,-0.005037390948237273
2021-11-12,0.007025962081498392
2021-11-14,-0.00022198670193484963
2021-11-15,-0.0049586512336504554
2021-11-16,-0.01191358262906179
2021-11-17,-0.01351283338533914
2021-11-18,0.00485826119640391
2021-11-19,0.0059003478051393565
2021-11-21,-0.0030919627467279436
2021-11-22,-0.01478627378460076
2021-11-23,0.0022585482052826186
2021-11-24,-0.006454899626692177
2021-11-25,0.009750800448002847
2021-11-26,0.02039311268354039
2021-11-28,-0.004855397176819465
2021-11-29,-0.0010498854198052697
2021-11-30,-0.0010957430816423707
2021-12-01,-0.006117199016647177
2021-12-02,0.002110388307384864
2021-12-03,0.006294367747073853
2021-12-05,0.0034321577699632866
2021-12-06,0.008862804930457798
2021-12-07,-0.001600164105965865
2021-12-08,-0.0017922327496079798
2021-12-09,0.0012054334683325545
2021-12-10,0.002043888719705461
2021-12-12,0.0012173723349577221
2021-12-13,0.0011436211226874419
2021-12-14,0.0026059557025600636
2021-12-15,-0.005056043698595029
2021-12-16,0.006769410576966305
2021-12-17,-0.0010940381044375444
2021-12-19,0.002201918150744456
2021-12-20,-0.0023539765645899467
2021-12-21,-0.0003668204409017134
2021-12-22,-0.00023281690103430248
2021-12-23,-0.003263838443579476
2021-12-24,0.0006155355562471377
2021-12-26,-0.002672450312280738
2021-12-27,0.005080413784764544
2021-12-28,-0.0001621006925786036
2021-12-29,-0.0035573118193392666
2021-12-30,-0.000746409187949285
2021-12-31,-0.0001840908874797112
2022-01-02,-0.0024991493789573685
2022-01-03,-0.007617480044625586
2022-01-04,-0.0038988761648752843
2022-01-05,0.0024930274434710794
2022-01-06,-0.00027916550240458175
2022-01-07,-0.005657821146464926
2022-01-09,0.004098232327083192
2022-01-10,-0.008141534161118397
2022-01-11,-0.002736066846191
2022-01-12,0.011617347338867453
2022-01-13,0.011589477876079722
2022-01-14,0.005620399595109836
2022-01-16,0.003109716411360312
2022-01-17,0.006363513951854218
2022-01-18,-0.00671707570314256
2022-01-19,0.0006535172562953759
2022-01-20,-0.009652825242916569
2022-01-21,-0.0016588993047012644
2022-01-23,0.003795600801945565
2022-01-24,-0.002815478339882496
2022-01-25,0.0030130317396346736
2022-01-26,0.01117525812164778
2022-01-27,0.011304454378557052
2022-01-28,-0.003445049861935254
2022-01-30,-0.0052356458061231965
2022-01-31,-0.009308530788898655
2022-02-01,-0.002416370399011691
2022-02-02,-0.00406777636990055
2022-02-03,0.005980593515281388
2022-02-04,0.004741583767811955
2022-02-06,0.002057789374538775
2022-02-07,0.002358834836849288
2022-02-08,0.0010457699434056709
2022-02-09,0.0031405008962660714
2022-02-10,0.008734136002334287
2022-02-11,-0.012474099672386335
2022-02-13,0.0016799625591322974
2022-02-14,-0.0020891567039128087
2022-02-15,0.005132239944475103
2022-02-16,-0.007364322980840852
2022-02-17,-0.0013959299738649845
2022-02-18,-0.003356072761087019
2022-02-20,-0.00014194995857395718
2022-02-21,-0.005209382961862131
2022-02-22,0.0061708930338681914
2022-02-23,-0.006563243291167568
2022-02-24,0.009228692399032911
2022-02-25,0.005355040564224487
2022-02-27,0.001208124411249754
2022-02-28,-0.007387688832177916
2022-03-01,-0.0017013437759160934
2022-03-02,0.010654357021715978
2022-03-03,-0.003913691919946749
2022-03-04,-0.010637910501438511
2022-03-06,0.0017663323330724338
2022-03-07,0.009044835485248006
2022-03-08,0.005995355954618707
2022-03-09,0.005234061643895249
2022-03-10,-0.0073543278876937925
2022-03-11,-0.010313783625002843
2022-03-13,0.008289848072026563
2022-03-14,0.007771455302052706
2022-03-15,-0.0015537271758888245
2022-03-16,-0.007825279094882296
2022-03-17,0.0003289540449549806
2022-03-18,0.005116223391687761
2022-03-20,0.0011693909177960637
2022-03-21,0.010707155498108127
2022-03-22,0.016555208189197524
2022-03-23,0.0020420758516667185
2022-03-24,-0.006468732751654332
2022-03-25,0.005359796005411422
2022-03-27,0.013274996634996013
2022-03-28,0.006685891456554335
2022-03-29,-0.019434415774632577
2022-03-30,0.003627182156261328
2022-03-31,0.00664473220793905
2022-04-01,-0.0024356014096482913
2022-04-03,0.002398508255538691
2022-04-04,-0.0009677462114643672
2022-04-05,0.01715164315935757
2022-04-06,-0.002809986720639817
2022-04-07,0.0033205711228900753
2022-04-08,0.00476601366360632
2022-04-10,0.007921119993005326
2022-04-11,0.007507908467792771
2022-04-12,0.001961633089461612
2022-04-13,0.00258234389341154
2022-04-14,0.013794602334104525
2022-04-15,-0.0011786316701647582
2022-04-17,0.0031087283021668057
2022-04-18,0.01429330278765681
2022-04-19,0.012638261587739119
2022-04-20,-0.001937630817729703
2022-04-21,-4.8734461027342026e-05
2022-04-22,-0.0019451323791170355
2022-04-24,-0.0016354133801273864
2022-04-25,-0.006288524923661504
2022-04-26,-0.00020882208959481638
2022-04-27,0.010979868655752964
2022-04-28,0.022867129478947996
2022-04-29,-0.009733107276964794
2022-05-01,0.003434552092213092
2022-05-02,-0.0016471633870406611
2022-05-03,0.0011844016992925298
2022-05-04,-0.010843875877401684
2022-05-05,0.01591790433926305
2022-05-06,-0.0013011506613509573
2022-05-08,-0.004106037594073118
2022-05-09,-0.005239661155761657
2022-05-10,-0.00038192370935031557
2022-05-11,-0.005650066922671142
2022-05-12,-0.009348521798056491
2022-05-13,0.003587717718422199
2022-05-15,-0.001969093770124162
2022-05-16,0.002635214989318797
2022-05-17,-0.0007764171365276829
2022-05-18,-0.004732692184560576
2022-05-19,-0.006180529389353835
2022-05-20,-0.0027986017620719216
2022-05-22,-0.004171088436838226
2022-05-23,0.004230516141258431
2022-05-24,-0.007263542810903289
2022-05-25,0.003364834098130008
2022-05-26,-0.006548525756386454
2022-05-27,0.0038388672670814253
2022-05-29,-0.0009223835417899174
2022-05-30,0.010997292986465214
2022-05-31,0.008485814012422873
2022-06-01,0.010164873800039484
2022-06-02,-0.0030908550718569115
2022-06-03,0.008961251793140945
2022-06-05,-0.0016386746633807853
2022-06-06,0.017189843554793957
2022-06-07,0.003839184987966042
2022-06-08,-0.00022101437771921805
2022-06-09,-0.0019429064917090718
2022-06-10,0.002724401393314532
2022-06-12,0.003783684303137289
2022-06-13,-0.004713738215340089
2022-06-14,0.007469176358097988
2022-06-15,-0.0055850664502860225
2022-06-16,-0.006679181869863715
2022-06-17,0.01001235879984828
2022-06-19,-0.0009270146726761238
2022-06-20,0.0022902298529374177
2022-06-21,0.008835510446374142
2022-06-22,-0.006387490696059893
2022-06-23,-0.004156475825547974
2022-06-24,0.002861545095343533
2022-06-26,-0.0021094653458411097
2022-06-27,0.0028981633253346347
2022-06-28,0.007217548720880017
2022-06-29,0.004149940056711488
2022-06-30,-0.010497212599408822
2022-07-01,-0.0007752261751838741
2022-07-03,-0.0016825446210414123
2022-07-04,0.009503525101829448
2022-07-05,-0.007987314686216463
2022-07-06,-0.00514801481751392
2022-07-07,0.0014259532669415752
2022-07-08,-0.003757141935180422
2022-07-10,0.008252421745020985
2022-07-11,0.0008778099156908003
2022-07-12,-0.0005109606737391353
2022-07-13,0.0081227916952446
2022-07-14,0.007832711804416902
2022-07-15,-0.003939188945119881
2022-07-17,-0.0023182493267125707
2022-07-18,3.388646911181062e-05
2022-07-19,-0.000696576603354667
2022-07-20,0.001929950747843767
2022-07-21,-0.006934732983929434
2022-07-22,-0.013422831656520647
2022-07-24,0.0013952328015604122
2022-07-25,0.002622071283701708
2022-07-26,0.004701285341593161
2022-07-27,-0.013572059619669992
2022-07-28,-0.00889932328290216
2022-07-29,-0.008899824170571995
2022-07-31,-0.00663594220137136
2022-08-01,-0.013731975565425311
2022-08-02,0.018549699976709532
2022-08-03,0.004941334458304841
2022-08-04,-0.004138191588369761
2022-08-05,0.012246805894091215
2022-08-07,0.0020038789985580055
2022-08-08,-0.0026792513960587953
2022-08-09,0.0009508639764996031
2022-08-10,-0.012303535059761997
2022-08-11,0.001391961439969458
2022-08-12,-0.00037616809923095
2022-08-14,-0.0006269548310331392
2022-08-15,0.0004370183471896732
2022-08-16,0.005902130108543262
2022-08-17,0.005464719882505754
2022-08-18,0.009216268254675308
2022-08-19,0.005553001271446219
2022-08-21,0.0031097950556006524
2022-08-22,-0.0002039015533798418
2022-08-23,0.0024232678512240914
2022-08-24,-0.0009337640798547165
2022-08-25,-0.0007585087392549158
2022-08-26,0.007712926557727054
2022-08-28,0.0051808061262027085
2022-08-29,0.0008656707509086852
2022-08-30,3.923114825927896e-05
2022-08-31,0.006802508917808684
2022-09-01,0.004759453474832705
2022-09-02,9.527280475847395e-05
2022-09-04,0.001087374979157658
2022-09-05,0.0013442470046988652
2022-09-06,0.021440912780687684
2022-09-07,0.0033679021586360543
2022-09-08,0.0029647396261339165
2022-09-09,-0.007807474929866066
2022-09-11,0.0017353732261653804
2022-09-12,-0.0017115434790380218
2022-09-13,-0.012215248705304318
2022-09-14,-0.007268705366403144
2022-09-15,0.0009390408080997816
2022-09-16,-0.0036634194629908898
2022-09-18,0.001271432043633805
2022-09-19,0.00010426861219074447
2022-09-20,0.004399857918790278
2022-09-21,0.005175486777706022
2022-09-22,-0.015603803139292898
2022-09-23,-0.008235376929059682
2022-09-25,0.0037193964000016995
2022-09-26,0.0032407731578214293
2022-09-27,0.0008286131735491429
2022-09-28,-0.001804832636884046
2022-09-29,0.002104852505508136
2022-09-30,0.00015178998384660826
2022-10-02,0.0006288892445862024
2022-10-03,0.0003671527392435792
2022-10-04,-0.003906822035869022
2022-10-05,0.0023616587850290314
2022-10-06,0.0021862150135668074
2022-10-07,0.0018690115658996044
2022-10-09,0.0013021065208522274
2022-10-10,0.0020161750843570797
2022-10-11,0.003533643841396974
2022-10-12,0.004945899138310912
2022-10-13,0.003503255160908141
2022-10-14,0.010588707890819933
2022-10-16,-0.0008354296165905888
2022-10-17,0.002421614649582578
2022-10-18,0.0017589168737419708
2022-10-19,0.005876638696120632
2022-10-20,0.002688987724571158
2022-10-21,-0.019080268382561303
2022-10-23,-0.009540707517764733
2022-10-24,-0.0002694539231378696
2022-10-25,-0.004402789540948633
2022-10-26,-0.013940025243939228
2022-10-27,-0.0003763944114730344
2022-10-28,0.008704776745701713
2022-10-30,0.0028368382426321565
2022-10-31,0.0031340898515907567
2022-11-01,-0.0058408646534713156
2022-11-02,-0.0014471031621675471
2022-11-03,0.005608969053847766
2022-11-04,-0.009669130432880294
2022-11-06,0.0037448986343901315
2022-11-07,0.00295281140729845
2022-11-08,-0.007735521813277597
2022-11-09,0.004159928188987378
2022-11-10,-0.025034367196685434
2022-11-11,0.016079674782299453
2022-11-13,-0.0032412030401129757
2022-11-14,-0.0058252867349343
2022-11-15,-0.002277399637478014
2022-11-16,-0.0031023208507136957
2022-11-17,0.0020365411289340503
2022-11-18,0.0027514181297571875
2022-11-20,0.0005334606527115221
2022-11-21,0.0073697359238598355
2022-11-22,-0.0015788103894489461
2022-11-23,-0.015332300898590579
2022-11-24,-0.0016344276711131624
2022-11-25,0.0035722543278254347
2022-11-27,-0.0032975427854909896
2022-11-28,-0.00014525225689500094
2022-11-29,0.0004841232216986163
2022-11-30,-0.010787785068763022
2022-12-01,-0.009385142451834652
2022-12-02,-0.00511447138997201
2022-12-04,0.00018344884158286447
2022-12-05,0.01491592973595699
2022-12-06,0.0030884354876122393
2022-12-07,-0.0026265969785098753
2022-12-08,-0.005272300715404587
2022-12-09,0.0030134113970976734
2022-12-11,0.0021702435945595996
2022-12-12,0.0042559305199054145
2022-12-13,-0.011608188618939887
2022-12-14,0.0009317096769229325
2022-12-15,-0.008101809112299636
2022-12-16,-0.002913609823966732
2022-12-18,-0.0028680452814529795
2022-12-19,0.014410382298216921
2022-12-20,0.0059786805417220415
2022-12-21,-0.002660961005020426
2022-12-22,0.005075853759243342
2022-12-23,0.0008951613368352666
2022-12-25,0.0015912952317391428
2022-12-26,0.0016824894447923172
2022-12-27,0.0057841053516346505
2022-12-28,-0.0018537466746811808
2022-12-29,-0.005130756358817803
2022-12-30,-0.008502476077245536
2023-01-01,-0.0010777270624231557
2023-01-02,-0.007371932603100574
2023-01-03,0.006850500779322248
2023-01-04,0.008110038010092333
2023-01-05,0.008522843961207092
2023-01-06,-0.009826740073189467
2023-01-08,-0.001757021659124698
2023-01-09,0.0015176468607330173
2023-01-10,0.001525117767519513
2023-01-11,-0.004376419154086849
2023-01-12,-0.011698317529308782
2023-01-13,-0.007220415113265931
2023-01-15,-0.0010043870083743642
2023-01-16,0.005339060511318621
2023-01-17,0.013542786202165615
2023-01-18,-0.015744023055724355
2023-01-19,-0.0055530746059643185
2023-01-20,-0.002235315755745794
2023-01-22,-0.0006630919731801684
2023-01-23,0.003468700985102714
2023-01-24,0.0008416615771649412
2023-01-25,-0.006374417712054199
2023-01-26,0.004157752073971972
2023-01-27,-0.001160172867941738
2023-01-29,0.0014533461408025587
2023-01-30,0.0042083163610124345
2023-01-31,-0.00033983102690649376
2023-02-01,-0.009747168780413987
2023-02-02,0.00045969772055804673
2023-02-03,0.013748925625548311
2023-02-05,0.0026748546116656478
2023-02-06,0.002977959021992755
2023-02-07,0.005376496503846574
2023-02-08,-0.0014266346811503744
2023-02-09,-0.0015279884599160235
2023-02-10,0.001918128963218651
2023-02-12,0.003838965926100691
2023-02-13,-0.0009205262336760642
2023-02-14,-0.00632293552712102
2023-02-15,0.0036804622799151616
2023-02-16,0.004328489323354938
2023-02-17,-0.002983330415118399
2023-02-19,-0.00016323978410846474
2023-02-20,0.0013932684756391488
2023-02-21,0.0031137074183208106
2023-02-22,-0.0008000834457103123
2023-02-23,0.0002412151113353181
2023-02-24,0.009058380913756804
2023-02-26,-0.0005083744442084189
2023-02-27,-0.0003915306129363801
2023-02-28,0.0008265055708700415
2023-03-01,0.00030411046822752995
2023-03-02,0.001500325617914868
2023-03-03,-0.004901831670075229
2023-03-05,-0.0010247088580338543
2023-03-06,0.0021199135432003924
2023-03-07,0.010074030186265138
2023-03-08,-0.005678164361820945
2023-03-09,-0.0012158818390800418
2023-03-10,0.009223971789104423
2023-03-12,-0.0044744904393517115
2023-03-13,-0.0018580120528427356
2023-03-14,0.0027173159442716983
2023-03-15,-0.00873804794060784
2023-03-16,0.0028335006801372942
2023-03-17,-0.007301586782783651
2023-03-19,0.0002468557933874869
2023-03-20,-0.004880809054411324
2023-03-21,0.006957537929924405
2023-03-22,-0.010245823134892508
2023-03-23,0.0014249924079647574
2023-03-24,-0.002580085827410825
2023-03-26,-0.0005464536380253271
2023-03-27,-0.0002453668497816588
2023-03-28,0.0069159386066881545
2023-03-29,0.006848642952041634
2023-03-30,0.0016330405744467158
2023-03-31,0.0005567686465138004
2023-04-02,0.003323638587748005
2023-04-03,-0.0037889453711378845
2023-04-04,-0.007045338941588079
2023-04-05,-0.004477798886112809
2023-04-06,0.003797613437464651
2023-04-09,0.006824497892438415
2023-04-10,0.005490636914501156
2023-04-11,0.0038823296590585724
2023-04-12,0.004256089651405448
2023-04-13,-0.006615321157774551
2023-04-14,0.009886590345315135
2023-04-16,0.0007599385736313923
2023-04-17,-0.0057335954368379705
2023-04-18,-0.002017510545219723
2023-04-19,0.00396006508664056
2023-04-20,-0.006792495802686325
2023-04-21,0.00099180307901731
2023-04-23,-0.0033702359928746623
2023-04-24,-0.0016359926913826115
2023-04-25,-0.005697180798271446
2023-04-26,-0.00043246347907867686
2023-04-27,0.00470074866133092
2023-04-28,0.01682001110733191
2023-04-30,0.004737551040548127
2023-05-01,0.0037502182189685295
2023-05-02,0.009499076931978682
2023-05-03,0.011415816612885935
2023-05-04,0.0027988124651419856
2023-05-05,-0.005607289907604812
2023-05-07,-0.0005486401786585449
2023-05-08,0.001726089297544987
2023-05-09,0.0008728556639118803
2023-05-10,-0.007229993309384965
2023-05-11,0.0032645665055991936
2023-05-12,0.007818977298653683
2023-05-14,0.0020094954989193442
2023-05-15,-0.0001482467401665258
2023-05-16,-0.004561142560017061
2023-05-17,0.00694393968294068
2023-05-18,0.007080514268705692
2023-05-19,-0.0034310850566058497
2023-05-21,-0.0026071170246869686
2023-05-22,0.008344009620734972
2023-05-23,-0.0020600287410973356
2023-05-24,-0.009169779769051058
2023-05-25,-0.0019934493169133072
2023-05-26,-0.005690066810370762
2023-05-28,-0.0008332862905746461
2023-05-29,-0.0037838644468018647
2023-05-30,-0.0021724343437241793
2023-05-31,-0.0026185691430682533
2023-06-01,-0.006130416228978288
2023-06-02,0.010015755080873006
2023-06-04,0.001708510941134918
2023-06-05,-0.00481250399764474
2023-06-06,-0.0029520020856994423
2023-06-07,0.0057961738986771994
2023-06-08,-0.004940649987166464
2023-06-09,0.0009254050125780412
2023-06-11,0.001191099939243182
2023-06-12,-0.0009097962274672837
2023-06-13,0.0053974320392751836
2023-06-14,0.00855413245875277
2023-06-15,-0.003176307945360431
2023-06-16,0.009554193150381318
2023-06-18,0.0004703943953580552
2023-06-19,-0.0013654290251896867
2023-06-20,0.00022547977609927025
2023-06-21,0.00011643314554840757
2023-06-22,0.012430251562746818
2023-06-23,0.005963601840721699
2023-06-25,-0.002555195813708984
2023-06-26,0.0004478266539762084
2023-06-27,-0.00463453304180756
2023-06-28,0.0034761408150676696
2023-06-29,0.0033833688157989053
2023-06-30,-0.004644902413894751
2023-07-02,0.003908281111306292
2023-07-03,-0.0006692260500231282
2023-07-04,9.22558806767735e-05
2023-07-05,0.002565627290334633
2023-07-06,-0.0026171399039999974
2023-07-07,-0.01729489524220251
2023-07-09,0.0066558758834901685
2023-07-10,-0.018398728040222773
2023-07-11,0.008404573333674961
2023-07-12,0.00958438299539308
2023-07-13,0.00788120249993726
2023-07-14,-0.009870146126084028
2023-07-16,-0.00235331197489964
2023-07-17,0.0003854592220017559
2023-07-18,0.005919240075708679
2023-07-19,-0.0003041366241218256
2023-07-20,0.008801145914826145
2023-07-21,0.013088080265963751
2023-07-23,-0.0027828484660854212
2023-07-24,0.0012532148198745627
2023-07-25,0.0016895241704583275
2023-07-26,0.011036143615973196
2023-07-27,-0.004472971648189458
2023-07-28,0.01444508163704678
2023-07-30,0.005861165557997482
2023-07-31,0.006826316251247899
2023-08-01,0.0055419812176237026
2023-08-02,0.00027913896823610377
2023-08-03,0.0061954517476722325
2023-08-04,-0.006657574901244632
2023-08-06,0.0025526541771160676
2023-08-07,0.010371950557316628
2023-08-08,-0.0007359453219007141
2023-08-09,-0.005189509298172937
2023-08-10,-0.006869982503051638
2023-08-11,-0.0011443291756715263
2023-08-13,-0.000731344570159853
2023-08-14,-0.00451784283147196
2023-08-15,-0.00019629563494318216
2023-08-16,0.0
2023-08-17,-0.0072273723930772905
2023-08-18,-0.0014263829186705506
2023-08-20,-0.0005617424195990959
2023-08-21,-0.005578788757475261
2023-08-22,-0.0033970807867491526
2023-08-23,-0.005334856235309809
2023-08-24,0.007863906907357589
2023-08-25,0.0029724850262097882
2023-08-27,0.0009345918607359352
2023-08-28,-0.0011051974899343074
2023-08-29,-0.001020341135648184
2023-08-30,-0.0034729555596901144
2023-08-31,-0.003037883321482446
2023-09-01,0.006018773601934928
2023-09-03,-0.00017551812900876664
2023-09-04,0.004595600989498583
2023-09-05,0.006344641881167441
2023-09-06,0.0006978914149532786
2023-09-07,-0.0031253465274791747
2023-09-08,0.0045825303934240915
2023-09-10,-0.008964796744157896
2023-09-11,-0.0008380294086527333
2023-09-12,-0.005227094864705384
2023-09-13,-0.002529083273573432
2023-09-14,0.003040398685163388
2023-09-15,0.002697098838961114
2023-09-17,-0.0006683349609881146
2023-09-18,-2.7312643735256715e-05
2023-09-19,0.0008775167552306197
2023-09-20,0.0041247864849592
2023-09-21,-0.00222764674531598
2023-09-22,0.0029213842573304095
2023-09-24,0.00021408363991171593
2023-09-25,0.005258066353712884
2023-09-26,0.0007306660545893565
2023-09-27,0.004339046209358291
2023-09-28,-0.00022144555840405587
2023-09-29,-0.0007067281465130896
2023-10-01,0.004629962059817412
2023-10-02,0.0007171860136813733
2023-10-03,-0.005675489262921876
2023-10-04,-0.00891232815286192
2023-10-05,0.0015874748714646018
2023-10-06,0.00766304551446475
2023-10-08,-0.0017363058959419416
2023-10-09,-0.00599032196571884
2023-10-10,0.00127542098083124
2023-10-11,0.006400094533033977
2023-10-12,0.006635955508010148
2023-10-13,-0.003676273123747308
2023-10-15,-0.0008128765651701535
2023-10-16,-0.002046865653842895
2023-10-17,-0.0018160775361268729
2023-10-18,-0.0016231149484586859
2023-10-19,-0.00011443072364911329
2023-10-20,-0.0005902210068295316
2023-10-22,0.0015784287143140935
2023-10-23,-0.004613754613311976
2023-10-24,0.0030195099925448784
2023-10-25,0.00877095301821268
2023-10-26,-0.0037603925431371095
2023-10-27,-0.008167150580137589
2023-10-29,-0.0002721599699032696
2023-10-30,0.004569242329756019
2023-10-31,0.018487289085002134
2023-11-01,-0.011997292349783393
2023-11-02,-9.697959720790393e-05
2023-11-03,0.013078254151502319
2023-11-05,-0.003104864096597536
2023-11-06,0.008930990641352294
2023-11-07,0.0032243132104999056
2023-11-08,0.005536450548949704
2023-11-09,0.005589268939045523
2023-11-10,0.0016159982821038162
2023-11-12,0.0038724029337001923
2023-11-13,-0.0011446223051264093
2023-11-14,-0.014670167605057658
2023-11-15,0.009023818109869927
2023-11-16,-0.008732847412915112
2023-11-17,-0.013396834489249132
2023-11-19,-0.007244215899569096
2023-11-20,-0.018480102669387412
2023-11-21,0.011387616402020987
2023-11-22,0.009312718774262275
2023-11-23,0.0021522379450690772
2023-11-24,0.000496864934421155
2023-11-26,-0.004506115815147786
2023-11-27,-0.009516074385393286
2023-11-28,-0.012315231801613655
2023-11-29,-0.0005496461427400115
2023-11-30,0.011484518877269452
2023-12-01,-0.01385483514062488
2023-12-03,0.00023528321437173643
2023-12-04,-0.004388895548871469
2023-12-05,0.0007819942363800237
2023-12-06,-0.005847047036447983
2023-12-07,-0.02711870160042517
2023-12-08,0.010578605630279292
2023-12-10,0.006180757257838524
2023-12-11,-0.000621593229354078
2023-12-12,0.00131690045028684
2023-12-13,-0.028696162255659102
2023-12-14,5.924834493594957e-05
2023-12-15,0.0031396181217449473
2023-12-17,0.00011864966283695338
2023-12-18,0.009203294595496642
2023-12-19,0.00032439856572123634
2023-12-20,-0.0042368582714173205
2023-12-21,-0.0036556850688969473
2023-12-22,0.00024794680783939724
2023-12-24,-0.0018807577022990475
2023-12-25,0.0007667790238760453
2023-12-26,0.00236050597666225
2023-12-27,-0.009867966094469757
2023-12-28,0.001830753506701265
2023-12-29,0.0030675218885667507
2024-01-01,-0.003999029879457267
2024-01-02,-0.0026184435028100556
2024-01-03,-0.011454138161008393
2024-01-04,-0.008617010487286865
2024-01-05,-0.001958708059658207
2024-01-07,0.0006083709455035887
2024-01-08,0.005833347280653095
2024-01-09,0.0077172879145382565
2024-01-10,0.003856843457502662
2024-01-11,0.0022360628149951096
2024-01-12,0.0006387359618252226
2024-01-14,0.001429669241022606
2024-01-15,0.006260278920927779
2024-01-16,0.008076260814257953
2024-01-17,0.003741942225304838
2024-01-18,0.002750366038591029
2024-01-19,-0.0020338330904250156
2024-01-21,-0.0012923304459585827
2024-01-22,0.0006764108184467303
2024-01-23,-0.00041207455044217704
2024-01-24,0.0003849803573702419
2024-01-25,-0.00020188657729648012
2024-01-26,0.002351463279506798
2024-01-28,-0.0005624192721761927
2024-01-29,-0.004633281446351703
2024-01-30,0.0016731371123492585
2024-01-31,-0.005534648998511547
2024-02-01,-0.0025454078721163288
2024-02-02,0.012499574864093166
2024-02-04,0.0008168324046137216
2024-02-05,0.0002155330011646564
2024-02-06,-0.0032484635088066037
2024-02-07,0.003399734841807349
2024-02-08,0.00612958749533899
2024-02-09,-0.0010559706521681743
2024-02-11,-0.0002310611429333599
2024-02-12,-0.0025485012018223075
2024-02-13,-0.0059174829090573025
2024-02-14,0.001969167598636069
2024-02-15,-0.0007182492585350737
2024-02-16,0.0004978574017841202
2024-02-18,-0.00018464390277392998
2024-02-19,0.002122932565635684
2024-02-20,-0.0024673008578059673
2024-02-21,0.0021332020500568804
2024-02-22,0.0023352195703874186
2024-02-23,-0.0005532063433252264
2024-02-25,0.00026679847736354523
2024-02-26,-0.0004451502495016269
2024-02-27,0.0016866462900077311
2024-02-28,-0.007995147250562523
2024-02-29,0.005677588630850181
2024-03-01,-0.003241075792864337
2024-03-03,0.0019238163671462202
2024-03-04,0.002814482099115188
2024-03-05,-0.00594083123119845
2024-03-06,-0.013411530996161212
2024-03-07,0.006541722377315306
2024-03-08,0.008197711894393262
2024-03-10,-0.0014516940088389794
2024-03-11,0.004594166393186315
2024-03-12,-0.00010142813118695405
2024-03-13,0.005085741833286141
2024-03-14,0.005728881020443657
2024-03-15,0.006653670974055653
2024-03-17,0.0011803870652633082
2024-03-18,0.006807694087261702
2024-03-19,0.017463864492537555
2024-03-20,-0.0087376724961269
2024-03-21,0.01126289166177964
2024-03-22,0.0008907467697484182
2024-03-24,0.0020297622191531653
2024-03-25,0.0012728167885285866
2024-03-26,0.0031682577974711094
2024-03-27,-0.003662853543164446
2024-03-28,-0.0008143562386115773
2024-03-29,0.0002197544241403474
2024-03-31,0.00012113063399484996
2024-04-01,0.0040030808234599894
2024-04-02,-0.0011000975156483933
2024-04-03,0.0013877462138599031
2024-04-04,-0.0002761106610909648
2024-04-05,0.0
2024-04-07,0.0
2024-04-08,0.0
2024-04-09,-0.0
2024-04-10,0.0
2024-04-11,0.003614624034722792
2024-04-12,0.0007122698420771297
2024-04-14,0.005669530714883565
2024-04-15,0.007268518297326211
2024-04-16,0.004399670982560574
2024-04-17,-0.006564693947594138
2024-04-18,-0.002826221672721475
2024-04-19,0.008009247733612038
2024-04-21,0.001134902412426469
2024-04-22,0.0013052700662290495
2024-04-23,0.0005615474903903538
2024-04-24,0.007658984276200775
2024-04-25,0.0015797600214979858
2024-04-26,0.027825958935114914
2024-04-28,-0.011142966577264258
2024-04-29,0.022602513042233232
2024-04-30,0.009492889730910265
2024-05-01,-0.016362118524129214
2024-05-02,-0.02029827461385797
2024-05-03,-0.00022243722988263425
2024-05-05,0.005543665538061166
2024-05-06,0.005754160661194515
2024-05-07,0.004455619641690594
2024-05-08,-0.0034911363131904997
2024-05-09,-0.001169626660066469
2024-05-10,-2.9428969336852373e-05
2024-05-12,0.00013808499315913175
2024-05-13,0.004729998917742376
2024-05-14,0.0001077292986310591
2024-05-15,-0.01703374860010763
2024-05-16,0.0128394008247246
2024-05-17,-0.0018512305895367672
2024-05-19,-0.0017848747282941187
2024-05-20,-0.004247378147819685
2024-05-21,-0.001255143625584296
2024-05-22,0.0029565471411151316
2024-05-23,0.0022496935094305096
2024-05-24,-0.0008113471209250815
2024-05-26,-0.001478478422042447
2024-05-27,0.00019789977692393653
2024-05-28,0.003755345462814797
2024-05-29,0.00033647994237330357
2024-05-30,-0.0037530732202150988
2024-05-31,0.0033273212172343037
2024-06-02,-0.0003264750622465915
2024-06-03,-0.006045934740205995
2024-06-04,-0.00628076164095888
2024-06-05,0.001219782686869909
2024-06-06,0.0011554897245317352
2024-06-07,0.006200286210244441
2024-06-09,0.001939014236235759
2024-06-10,0.0021374839813612643
2024-06-11,-0.0007065077598374948
2024-06-12,-0.00130903967503305
2024-06-13,0.002275116278305976
2024-06-14,0.0002570670601601174
2024-06-16,0.0005909145718478184
2024-06-17,0.0014172661441013198
2024-06-18,0.0012424912208235449
2024-06-19,0.0017498695583463887
2024-06-20,0.006079477295692248
2024-06-21,0.005595744028577479
2024-06-23,-0.0004253178650947118
2024-06-24,-0.0025877598454167434
2024-06-25,0.003477958827110423
2024-06-26,0.004289598195515539
2024-06-27,0.003261191145836332
2024-06-28,-0.0009026730569128207
2024-06-30,0.0006430126132939451
2024-07-01,0.004910499347570962
2024-07-02,0.00018307928611682495
2024-07-03,-0.0013385019248089752
2024-07-04,-0.003294787261821742
2024-07-05,-0.0017965958792309047
2024-07-07,-0.002613997655836169
2024-07-08,0.005178247532915211
2024-07-09,0.004166814858155497
2024-07-10,0.0012932295492267864
2024-07-11,0.021541879925238924
2024-07-12,0.014496143653922633
2024-07-14,-0.0030617929971364587
2024-07-15,-0.006074918519804385
2024-07-16,-0.003017233731768724
2024-07-17,-0.01801130478937904
2024-07-18,0.009446534236281992
2024-07-19,0.00044805663261291285
2024-07-21,0.0006253831633323807
2024-07-22,-0.007701095930376628
2024-07-23,-0.011316908694411819
2024-07-24,-0.021413918395705313
2024-07-25,-0.011380641062728665
2024-07-26,0.001705052958302846
2024-07-28,0.002539299186614678
2024-07-29,0.004708055801840765
2024-07-30,-0.009544453196360604
2024-07-31,-0.02320628312385106
2024-08-01,-0.0014865212571485314
2024-08-02,-0.021295524566959833
2024-08-04,-0.009495357509319013
2024-08-05,0.0012018252332808878
2024-08-06,0.010509836298413983
2024-08-07,-0.0017076394055067297
2024-08-08,0.006054215540459712
2024-08-09,-0.005724679013549318
2024-08-11,0.0020090594740234603
2024-08-12,0.002949672732943529
2024-08-13,-0.0060896408472695274
2024-08-14,0.006639156994504061
2024-08-15,0.00911469323957527
2024-08-16,-0.008211363333312826
2024-08-18,-0.0015369267230416156
2024-08-19,-0.0022317621833711576
2024-08-20,-0.01025595218369648
2024-08-21,0.00037203681574953385
2024-08-22,0.0009885389554631528
2024-08-23,-0.007925999550318884
2024-08-25,-0.0027186367428918374
2024-08-26,0.005994770066758849
2024-08-27,-0.0027278529276281668
2024-08-28,0.0009335524990932648
2024-08-29,0.0011751001097486614
2024-08-30,0.00846171868884874
2024-09-01,-0.0009055879209203109
2024-09-02,0.004161550370492501
2024-09-03,-0.007360688264266863
2024-09-04,-0.009912859841800379
2024-09-05,-0.00394743627797672
2024-09-06,-0.005911003604026144
2024-09-08,0.003537839435329028
2024-09-09,0.0036395570755650914
2024-09-10,-0.009621045534356748
2024-09-11,0.004272888238447945
2024-09-12,-0.009031736489474041
2024-09-13,-0.0015597496063122494
2024-09-15,-0.0015073782841019479
2024-09-16,0.00022132200367290284
2024-09-17,0.005497768223713283
2024-09-18,0.010232394699364432
2024-09-19,-0.004417655016805142
2024-09-20,0.008004156728668133
2024-09-22,0.0032559675912510353
2024-09-23,-0.004089625570732956
2024-09-24,-0.001894976235938214
2024-09-25,0.00880996681588223
2024-09-26,0.0015119711528506908
2024-09-27,-0.016481320008670017
2024-09-29,0.0021174603056426148
2024-09-30,0.008298230673016733
2024-10-01,-2.3362889305285012e-05
2024-10-02,0.015191442304142513
2024-10-03,-0.002017484865884988
2024-10-04,-0.011951784945177443
2024-10-06,0.00027454236173078765
2024-10-07,0.004602002839402867
2024-10-08,0.002781521997757356
2024-10-09,0.005133038496295017
2024-10-10,-0.002958729944567851
2024-10-11,0.0024510469184187513
2024-10-13,0.0013100120895386544
2024-10-14,0.0017833911816922917
2024-10-15,-0.003157886798486652
2024-10-16,0.001919426637420576
2024-10-17,0.003035974964596922
2024-10-18,-0.002486935569297714
2024-10-20,-0.0016735990433680659
2024-10-21,0.009463716635805173
2024-10-22,0.005306715091474149
2024-10-23,0.0040135817277178
2024-10-24,-0.0035016321920812855
2024-10-25,0.0024558218556780097
2024-10-27,0.00814373443145468
2024-10-28,-0.003420664805362874
2024-10-29,0.0017789350164565036
2024-10-30,-0.0017172356078662104
2024-10-31,-0.0037887850737909133
2024-11-01,0.0032221457743211762
2024-11-03,-0.006748018985038448
2024-11-04,0.0039062940079350105
2024-11-05,0.0065484963301764626
2024-11-06,0.003656293321326239
2024-11-07,-0.008355482503099294
2024-11-08,-0.0007498842441181104
2024-11-10,0.005689060376416484
2024-11-11,-0.00041264037522504475
2024-11-12,-0.00825945129004478
2024-11-13,0.0069160607659529
2024-11-14,0.0017957876476881961
2024-11-15,0.01189857788785216
2024-11-17,0.0020398038192150393
2024-11-18,-0.001324554399149411
2024-11-19,0.0038034374711361225
2024-11-20,2.377215043413235e-05
2024-11-21,-0.0038952632696743557
2024-11-22,0.0019084990504378415
2024-11-24,-0.0038994354471927834
2024-11-25,-0.001582064121643346
2024-11-26,-0.009241969595248464
2024-11-27,-0.004271896229398399
2024-11-28,-0.00990244446018355
2024-11-29,-0.0017840060240877664
2024-12-01,0.005334514979845056
2024-12-02,-0.002696338143007952
2024-12-03,-0.0011115278990101853
2024-12-04,0.002683443093617558
2024-12-05,-0.0026101747784277388
2024-12-06,6.8354176835365e-05
2024-12-08,-0.0006877303171776306
2024-12-09,0.008747014414954856
2024-12-10,0.002927657180894191
2024-12-11,0.004918498083499217
2024-12-12,0.005781384182231873
2024-12-13,0.005848371696183526
2024-12-15,0.00046215138086724757
2024-12-16,0.0025813638825494326
2024-12-17,-0.00498689877998902
2024-12-18,0.014545713352192732
2024-12-19,0.014818735746502082
2024-12-20,-0.00646026817205638
2024-12-22,0.001242125965705996
2024-12-23,0.0031655136699203744
2024-12-24,0.0021706541009995518
2024-12-25,0.0008614646361580945
2024-12-26,0.0010521823493233242
2024-12-27,0.0014213342185213022
2024-12-29,0.00018302498827693043
2024-12-30,-0.011399154222629253
2024-12-31,0.007139623421715318
2025-01-01,-0.0013029753619586363
2025-01-02,-0.0023015689677287096
2025-01-03,-0.0006586378628805486
2025-01-05,0.003576273469082599
2025-01-06,0.0027529254666735473
2025-01-07,0.001102512516735055
2025-01-08,0.001885529523041067
2025-01-09,0.0031102705781652397
2025-01-10,-0.005486410267291696
2025-01-12,0.0005048577336003599
2025-01-13,0.0004488258481947998
2025-01-14,-0.0009388837711761174
2025-01-15,-0.01295773158566846
2025-01-16,-0.0044541730251620275
2025-01-17,0.006702123058544844
2025-01-19,-0.0021364111065027376
2025-01-20,0.006687235204387682
2025-01-21,0.005416880774253516
2025-01-22,0.006401090241994868
2025-01-23,-0.010632666267765689
2025-01-24,0.0057646297353504605
2025-01-26,-0.001186499036920265
2025-01-27,-0.00229885116545572
2025-01-28,-0.004096289441472373
2025-01-29,-0.00578072590498066
2025-01-30,-0.001341201544701357
2025-01-31,0.0062024403007089396
2025-02-02,0.0044192097922856706
2025-02-03,-0.0035867916285946028
2025-02-04,-0.015628558929509987
2025-02-05,-0.008257446011640378
2025-02-06,-0.005725518413962889
2025-02-07,-0.0025346146623714365
2025-02-09,0.004527820715575973
2025-02-10,0.0007052823630514058
2025-02-11,0.014045353770747471
2025-02-12,0.0054717699563442855
2025-02-13,-0.013463155327522736
2025-02-14,-0.0029640187957021003
2025-02-16,-0.004479844521255583
2025-02-17,0.003682830574697579
2025-02-18,-0.0030604201832045777
2025-02-19,-0.011804627723538862
2025-02-20,0.0006035651916973611
2025-02-21,-0.00843005614817212
2025-02-23,-0.0004544881475101226
2025-02-24,0.0028378500915810694
2025-02-25,-0.000974741444325545
2025-02-26,-0.0028846646542749726
2025-02-27,0.0045473579001530625
2025-02-28,0.008279569568175478
2025-03-02,-0.0018444186791394725
2025-03-03,-0.010361488566751951
2025-03-04,0.005936363491669398
2025-03-05,-0.00547967790172788
2025-03-06,-0.012725470014569912
2025-03-07,0.002913128446593659
2025-03-09,-0.0032187059065225225
2025-03-10,-0.0045367876023388026
2025-03-11,0.008323625775335925
2025-03-12,-0.0002938055076706708
2025-03-13,0.0025390473242309078
2025-03-14,0.002355202499788604
2025-03-16,0.0010334100228972746
2025-03-17,0.008156570239539076
2025-03-18,-0.0030941543845391124
2025-03-19,0.0075873821145772385
2025-03-20,-0.007043395115255525
2025-03-21,9.255723815478458e-05
2025-03-23,0.004439530740254028
2025-03-24,0.006614694912849016
2025-03-25,-0.0015068219044239732
2025-03-26,-0.002373849529371121
2025-03-27,0.005461605238791819
2025-03-28,-0.008200166616501126
2025-03-30,-0.007704776097578717
2025-03-31,0.007889106144543566
2025-04-01,-0.0004248785331285777
2025-04-02,-0.016011185601247542
2025-04-03,-0.01328680912892121
2025-04-04,0.006671600983522548
2025-04-06,-0.002643520947640741
2025-04-07,0.005555744957782714
2025-04-08,-0.012881498450500501
2025-04-09,0.008433277340770207
2025-04-10,-0.021722251311544493
2025-04-11,-0.0009815800437785586
2025-04-13,-0.003360446822123187
2025-04-14,0.0011720935904000122
2025-04-15,-0.0030026014904903716
2025-04-16,-0.0011650829409214061
2025-04-17,-0.0018191136596847368
2025-04-18,-0.0015998764327545285
2025-04-20,-0.009612646055040145
2025-04-21,-0.001772463426702714
2025-04-22,-0.01043556598832522
2025-04-23,0.006200719600639234
2025-04-24,0.001376126073390625
2025-04-25,0.004893243575706599
2025-04-27,0.0005113867125038764
2025-04-28,-0.009610357770041449
2025-04-29,0.000598551032870397
2025-04-30,0.004673002557913405
2025-05-01,0.016539387372830908
2025-05-02,-0.003849484630696718
2025-05-04,-0.005073551909404316
2025-05-05,-0.0024346154684248673
2025-05-06,-0.004808025672212206
2025-05-07,0.003786080463076796
2025-05-08,0.013252247908689088
2025-05-09,-0.0024201951981338665
2025-05-11,0.0036306532589186684
2025-05-12,0.013446218256917664
2025-05-13,-0.0047915582318256225
2025-05-14,0.005786572468181379
2025-05-15,0.005214827339174992
2025-05-16,0.0007690617905644108
2025-05-18,-0.002283903779470307
2025-05-19,-0.0007196487467516911
2025-05-20,-0.008092938133921928
2025-05-21,-0.0043705673901231305
2025-05-22,0.002334225018418414
2025-05-23,-0.0065273195488160666
2025-05-25,-0.0012889370019958826
2025-05-26,0.00028799799192970527
2025-05-27,-0.00016194943531533021
2025-05-28,0.007165720855137319
2025-05-29,-0.011136282906883989
2025-05-30,0.0004844966264188005
2025-06-01,-0.0029046207879041613
2025-06-02,-0.0026127540311717034
2025-06-03,0.005025420859635836
2025-06-04,-0.00622437589431104
2025-06-05,0.005720285671329389
2025-06-06,0.005837518563622008
2025-06-08,-0.0018969624445315508
2025-06-09,0.0026016024483462227
2025-06-10,8.987091203811614e-05
2025-06-11,-0.006059345875030988
2025-06-12,-0.0054839650113077286
2025-06-13,0.006016854412835612
2025-06-15,0.0023291972970464125
2025-06-16,0.003310095301741028
2025-06-17,0.0011309997743294573
2025-06-18,0.0003565905484415622
2025-06-19,-0.0008135249500665333
2025-06-20,-0.0056384842078437795
2025-06-22,-0.0035392576967575758
2025-06-23,0.0072385189419197846
2025-06-24,0.004815168730212411
2025-06-25,-0.00017271118526402215
2025-06-26,0.002367585009849099
2025-06-27,0.0016619484107399881
2025-06-29,-0.002297126245487825
2025-06-30,0.0035907364983030574
2025-07-01,-0.0017156894530980743
2025-07-02,0.001036779142559051
2025-07-03,0.006945467249668209
2025-07-04,-0.001655424995367458
2025-07-06,0.00285802700894371
2025-07-07,0.009149379004401272
2025-07-08,0.0068067009308249065
2025-07-09,-0.006774770430707993
2025-07-10,0.006876995342892945
2025-07-11,0.0026696086180578353
2025-07-13,-0.0007550892291309689
2025-07-14,0.0024652764329881824
2025-07-15,-0.0001830710921310532
2025-07-16,-0.0
2025-07-17,0.0
2025-07-18,0.0
2025-07-20,-0.0
2025-07-21,0.00811929749806921
2025-07-22,0.004274707713836363
2025-07-23,0.007257352746682373
2025-07-24,0.010660530164290668
2025-07-25,0.001569961004720965
2025-07-27,0.0017536318151988662
2025-07-28,0.004073104530801061
2025-07-29,-0.002433709302398441
2025-07-30,0.0064190390499948525
2025-07-31,0.014923148786507336
2025-08-01,-0.0229956790705628
2025-08-03,0.0029119005869827548
2025-08-04,0.0038364859704769945
2025-08-05,-0.0026939234328518563
2025-08-06,-7.659785732105972e-05
2025-08-07,0.002831730881407671
2025-08-08,0.0032344109446238037
2025-08-10,-0.0008555689694895928
2025-08-11,0.005668394161162342
2025-08-12,-0.0019186831137626148
2025-08-13,-0.010283495840252418
2025-08-14,0.004543840335523202
2025-08-15,-0.0008396890863477449
2025-08-17,0.002265757374229949
2025-08-18,0.002678470713410091
2025-08-19,-0.0017800744018158041
2025-08-20,-0.0018893459234933258
2025-08-21,0.009074607357079793
2025-08-22,-0.0123599363779275
2025-08-24,-0.00473653396434835
2025-08-25,-0.0006184241370667797
2025-08-26,0.0011890974144265413
2025-08-27,-0.0036875270360327552
2025-08-28,-0.0026924879889090904
2025-08-29,0.0007756348533983309
2025-08-31,-0.0007796200011137987
2025-09-01,0.006057279635279254
2025-09-02,0.009126895874538446
2025-09-03,-0.005413473224718592
2025-09-04,0.00035321230769651995
2025-09-05,-0.005993672723713404
2025-09-07,0.0052562036310442066
2025-09-08,-0.005656805836137604
2025-09-09,-0.0002594138168314688
2025-09-10,0.0012356255479992093
2025-09-11,-0.00031785515747945095
2025-09-12,0.0017267626116011729
2025-09-14,-0.0009944056896335558
2025-09-15,-0.002864375325234707
2025-09-16,-0.004882325627171042
2025-09-17,0.0029718370711279817
2025-09-18,0.008679491122161223
2025-09-19,-0.00078046161732826
2025-09-21,0.0036232283066232455
2025-09-22,-0.004353321213098987
2025-09-23,-0.00019018350899662351
2025-09-24,-0.007872775068397222
2025-09-25,0.007251019329456795
2025-09-26,-0.001816271958805832
2025-09-28,-0.004314536242202823
2025-09-29,-0.0017532419064274908
2025-09-30,-0.006359729900869319
2025-10-01,-0.006007756364137984
2025-10-02,0.004003367657204084
2025-10-03,0.001655611056642969
2025-10-05,-0.018767545303437817
2025-10-06,0.004543968152886686
2025-10-07,0.013912026142221347
2025-10-08,-0.00014262616408902375
2025-10-09,0.0033151177442525444
2025-10-10,-0.014779782676640119
2025-10-12,0.006768967947695385
2025-10-13,0.0036606887889569836
2025-10-14,-0.010641396271657482
2025-10-15,-0.0022882754952221265
2025-10-16,-0.004772265495630708
2025-10-17,0.003252946600618875
2025-10-19,0.0022888863955960424
2025-10-20,0.00205411456920038
2025-10-21,0.004153756530352565
2025-10-22,0.006844612899557745
2025-10-23,0.0035034387132894815
2025-10-24,-0.0006399235897064068
2025-10-26,-0.0023556885795224243
2025-10-27,0.006259011984319726
2025-10-28,0.0018283694784861015
2025-10-29,-0.007396870430396564
2025-10-30,0.008277131490858914
2025-10-31,-0.0008578902829009312
2025-11-02,0.0011550173817923507
2025-11-03,-0.0001011662195526761
2025-11-04,-0.004830646337272525
2025-11-05,0.003953468045327901
2025-11-06,-0.006975328676527942
2025-11-07,0.002199615289651863
2025-11-09,0.004168277507799601
2025-11-10,0.0035339955744144317
2025-11-11,0.0037108661123018616
2025-11-12,0.0007073448565508642
2025-11-13,-0.0033970808349054957
2025-11-14,0.0007324724525048696
2025-11-16,0.0010598881436991688
2025-11-17,0.0037087237752285312
2025-11-18,0.002368479397537932
2025-11-19,0.017159412028094435
2025-11-20,-0.001044253248395762
2025-11-21,-0.007173427339393729
2025-11-23,0.0014080834443785622
2025-11-24,0.0020449263880088354
2025-11-25,-0.006192159363625547
2025-11-26,-0.00026003041493585576
2025-11-27,0.001728120523392308
2025-11-28,-0.0006504663367553251
2025-11-30,-0.004808836510593475
2025-12-01,0.0007355163023762288
2025-12-02,0.0001655183995240148
2025-12-03,-0.0016500929541729266
2025-12-04,-0.004560845845618363
2025-12-05,0.0031899336587779365
2025-12-07,-0.0018936573014947803
2025-12-08,0.007250628518590041
2025-12-09,0.0058572563631067364
2025-12-10,-0.006587792325645262
2025-12-11,-0.0002123386136971405
2025-12-12,0.0
2025-12-14,-0.0
2025-12-15,-0.0
2025-12-16,0.0
2025-12-17,-0.0063555964498485384
2025-12-18,0.0028595047340563727
2025-12-19,0.017314819546933036
2025-12-21,-0.004404380085657206
2025-12-22,-0.013136841532520009
2025-12-23,-0.0016710682968424557
2025-12-24,-0.0002630354764170288
2025-12-25,0.0
2025-12-26,0.003982204938720686
2025-12-28,-0.002020823363664133
2025-12-29,0.002522821760941647
2025-12-30,-0.005619125787891821
2025-12-31,-0.0006352520876466883
2026-01-01,0.0010852036056468086
2026-01-02,0.00019293811652469216
2026-01-04,-0.005251190660779077
2026-01-05,0.009562970629959856
2026-01-06,-0.0017016098311167787
2026-01-07,-0.0016708628745667005
2026-01-08,-0.00577987595035862
2026-01-09,0.006575891709219183
2026-01-11,0.002844836961906878
2026-01-12,0.006487102079605771
2026-01-13,0.005314236924527467
2026-01-14,-0.0066255440125756685
2026-01-15,-0.0034861617644420307
2026-01-16,-0.001511733261633331
2026-01-18,-0.003416930008214184
2026-01-19,0.0022439108838819815
2026-01-20,7.690715443267234e-05
2026-01-21,0.0067405215841150725
2026-01-22,-0.0011193252006193345
2026-01-23,-0.026902494073868567
2026-01-25,0.013612311171716742
2026-01-26,-0.0050071287601782186
2026-01-27,0.017053700150518436
2026-01-28,-0.003813430312663566
2026-01-29,-0.00845866112420391
2026-01-30,0.007017435665271809
2026-02-01,0.000689114176835057
2026-02-02,0.005062004141132628
2026-02-03,0.007481985009785056
2026-02-04,0.0046928065807638865
2026-02-05,-0.001464592587937341
2026-02-06,0.004730171459847194
2026-02-08,-0.004327888592885608
2026-02-09,0.011477353602114125
2026-02-10,0.01551926313792061
2026-02-11,0.0036975733245818367
2026-02-12,-0.003203061407960776
2026-02-13,-0.0054416321898500515
2026-02-15,0.004893434686690176
2026-02-16,-0.0011915203329705846
2026-02-17,-0.0045470892227760015
2026-02-18,0.01161734483724643
2026-02-19,0.0006799467097130721
2026-02-20,-0.0017020504376543267
2026-02-22,-0.00465602997125243
2026-02-23,0.006648484392649524
2026-02-24,0.0037722759293754475
2026-02-25,0.0012915807580604793
2026-02-26,-0.0024201049478557043
2026-02-27,0.003649973856499387
2026-03-01,0.003817345994558716
2026-03-02,0.007051111857619653
2026-03-03,-0.00019279515286670606
2026-03-04,-0.00202223807376258
2026-03-05,0.004389732166998717
2026-03-06,0.000320147793157346
2026-03-08,0.009077517895471853
2026-03-09,-0.00751962406857426
2026-03-10,0.002401833104991781
2026-03-11,-0.006802143447656471
2026-03-12,0.0021341135183876297
2026-03-13,0.0028069190055194627
2026-03-15,-0.0017115798432593996
2026-03-16,-0.0011394362808997542
2026-03-17,-0.0032367007301063056
2026-03-18,0.005368355137767848
2026-03-19,-0.009345063900537109
2026-03-20,0.006264341903526342
2026-03-22,0.0018163976915188838
2026-03-23,-0.00545093430013266
2026-03-24,0.000536464711369724
2026-03-25,0.004897132969417901
2026-03-26,0.0012355676517634827
2026-03-27,0.004551827672321358
2026-03-29,-0.0028227084594159117
2026-03-30,-0.0018029790794186675
2026-03-31,-0.006524343137344255
2026-04-01,0.005193762035458909
2026-04-02,0.0018538926923628103
2026-04-03,-0.000981341736484447
2026-04-05,-9.537272725527358e-06
2026-04-06,0.002762886739597329
2026-04-07,-0.01308834072099718
2026-04-08,-0.003052227899617783
2026-04-09,-0.004109985725769065
2026-04-10,0.00034971747463561557
2026-04-12,0.0043526675742244225
2026-04-13,-0.005295783789726883
2026-04-14,-0.0009749259387021905
2026-04-15,-0.0049530380318452485
2026-04-16,0.008058939962623173
2026-04-17,-0.007304494468076021
2026-04-19,0.0027567414083212085
2026-04-20,0.000688913030358309
2026-04-21,0.004248130111652451
2026-04-22,0.0019262742303702085
2026-04-23,0.0025190263480811418
2026-04-24,-0.004691802102954237
2026-04-26,-0.00036080796089559843
2026-04-27,0.0023645353058324133
2026-04-28,0.0011467557231196802
2026-04-29,0.008256485161517599
2026-04-30,-0.028467236758451076
2026-05-01,0.0014262879564401836
2026-05-03,-0.0008581972035616737
2026-05-04,-0.0009274035756700987
2026-05-05,-0.005617938420792133
2026-05-06,0.013407570353281585
2026-05-07,-0.005067823813473702
2026-05-08,0.0024561923696481604
2026-05-10,-0.004753902981635002
2026-05-11,-0.004116445231981012
2026-05-12,-0.0006148918767699283
2026-05-13,-0.0024403135801455288
2026-05-14,-0.005516980655572706
2026-05-15,-0.0018855579214679431
2026-05-17,-0.0016907183318918605
2026-05-18,-0.00048728412546751137
2026-05-19,-0.0002367626267244333
2026-05-20,0.00024039210548474447
2026-05-21,0.0005869049098379192
2026-05-22,0.0011766211888410228
2026-05-24,-0.002957724366391341
2026-05-25,0.0009363825349254529
2026-05-26,0.002667615809449618
2026-05-27,0.003274644424941102
2026-05-28,-0.0024691367233950524
2026-05-29,-0.0006443460522814584
2026-05-31,0.002177578543120441
2026-06-01,0.0025755724038008364
2026-06-02,0.001619749851463745
2026-06-03,0.00022504104314979503
2026-06-04,0.0008064124348035849
2026-06-05,0.0019870845093203564
2026-06-07,0.002188978758121158
2026-06-08,-0.0016156013817344064
2026-06-09,0.0015471565692244515
2026-06-10,-0.0021441104106899294
2026-06-11,0.0024349600854440575
2026-06-12,0.0009239163839974807
2026-06-14,-0.0011717850822899221
2026-06-15,-5.452251258043896e-05
2026-06-16,0.0022165034372752654
2026-06-17,0.0028328964747452333
2026-06-18,0.007296092357944874
2026-06-19,0.0003037904696529991
2026-06-21,0.0031716193140507287
2026-06-22,0.0004981352874175899
2026-06-23,-0.0003532054456387375
2026-06-24,0.0018597733498789495
2026-06-25,0.0007440016159079526
2026-06-26,-0.0009989368460110069
2026-06-28,0.0011143822263253815
2026-06-29,0.0043119969295645055
2026-06-30,0.007148680653090367
2026-07-01,-0.0026655475973828397
2026-07-02,-0.01515081684222035
2026-07-03,0.001996069015978028
2026-07-05,0.004809606226406013
2026-07-06,0.0016451809876293143
2026-07-07,0.004788162710346758
2026-07-08,0.0014240070618369112
2026-07-09,-0.016406986936913864
2026-07-10,0.003324123505399727
2026-07-12,0.006647601540150119
2026-07-13,0.00400526257404218
2026-07-14,-0.003530798906495528
2026-07-15,0.0007547602448005912
2026-07-16,0.004070305272895647
2026-07-17,-0.0005358132659973869
2026-07-19,0.0005174293616518888
2026-07-20,0.002272601297045318
2026-07-21,0.011557492061147867
2026-07-22,-0.0009195796907756071
2026-07-23,0.013025241003753019
2026-07-24,0.0003114009378664129
2026-07-26,-0.003992844627060066
2026-07-27,0.0025126088950024883
2026-07-28,0.00010994917904594281
2026-07-29,-0.004232888259079637
2026-07-30,-0.036680107408743015
2026-07-31,0.029520203418202422
2026-08-02,0.009281230129337554
2026-08-03,-0.011793149211672002
2026-08-04,-0.0029637686217794247
2026-08-05,0.0020573112852451236
2026-08-06,0.006624741253999367
2026-08-07,-0.005707560251628107
2026-08-09,0.0043459909897861455
2026-08-10,0.009461282041560288
2026-08-11,0.0012152905467587912
2026-08-12,0.0003080975507580796
2026-08-13,-0.0002537418286633769
2026-08-14,0.0009519305120348008
2026-08-16,0.002403891637162029
2026-08-17,-0.0037695617359036464
2026-08-18,0.0008586430045819448
2026-08-19,-0.0002274240121769879
2026-08-20,0.00447767956249575
2026-08-21,-0.0002494140623662944
2026-08-23,-0.0005523344793808537
2026-08-24,0.004276792954028037
2026-08-25,-0.0028557300232469832
2026-08-26,-0.0030540902360843176
2026-08-27,-0.0009629260650831484
2026-08-28,0.005358110950996345
2026-08-30,-0.0026466124901832846
2026-08-31,2.6332887234983664e-05
2026-09-01,-0.004013229794147278
2026-09-02,0.019586951007568715
2026-09-03,0.011177357796084076
2026-09-04,0.0011580576057946975
