,ret
2012-09-25,0.0
2012-09-26,0.0
2012-09-27,0.0
2012-09-30,0.0
2012-10-01,0.0
2012-10-02,0.0
2012-10-03,0.0
2012-10-04,0.0
2012-10-07,0.0
2012-10-08,0.0
2012-10-09,0.0
2012-10-10,0.0
2012-10-11,0.0
2012-10-14,0.0
2012-10-15,0.0
2012-10-16,0.0
2012-10-17,0.0
2012-10-18,0.0
2012-10-21,0.0
2012-10-22,0.0
2012-10-23,0.0
2012-10-24,0.0
2012-10-25,0.0
2012-10-28,0.0
2012-10-29,0.0
2012-10-30,0.0
2012-10-31,0.0
2012-11-01,0.0
2012-11-04,0.0
2012-11-05,0.0
2012-11-06,0.0
2012-11-07,0.0
2012-11-08,0.0
2012-11-11,0.0
2012-11-12,0.0
2012-11-13,0.0
2012-11-14,0.0
2012-11-15,0.0
2012-11-18,0.0
2012-11-19,0.00036763071125766743
2012-11-20,0.00036763071125766743
2012-11-21,0.00036763071125766743
2012-11-22,0.00036763071125766743
2012-11-25,0.00036763071125766743
2012-11-26,-0.0006758025154871429
2012-11-27,-0.0006758025154871429
2012-11-28,-0.0006758025154871429
2012-11-29,-0.0006758025154871429
2012-12-02,-0.0006758025154871429
2012-12-03,-7.340003775722109e-05
2012-12-04,-7.340003775722109e-05
2012-12-05,-7.340003775722109e-05
2012-12-06,-7.340003775722109e-05
2012-12-09,-7.340003775722109e-05
2012-12-10,0.0
2012-12-11,0.0
2012-12-12,0.0
2012-12-13,0.0
2012-12-16,0.0
2012-12-17,0.0
2012-12-18,0.0
2012-12-19,0.0
2012-12-20,0.0
2012-12-23,0.0
2012-12-24,0.0
2012-12-25,0.0
2012-12-26,0.0
2012-12-27,0.0
2012-12-30,0.0
2012-12-31,0.0
2013-01-01,0.0
2013-01-02,0.0
2013-01-03,0.0
2013-01-06,0.0
2013-01-07,0.0
2013-01-08,0.0
2013-01-09,0.0
2013-01-10,0.0
2013-01-13,0.0
2013-01-14,0.0
2013-01-15,0.0
2013-01-16,0.0
2013-01-17,0.0
2013-01-20,0.0
2013-01-21,0.0
2013-01-22,0.0
2013-01-23,0.0
2013-01-24,0.0
2013-01-27,0.0
2013-01-28,0.0
2013-01-29,0.0
2013-01-30,0.0
2013-01-31,0.0
2013-02-03,0.0
2013-02-04,0.0
2013-02-05,0.0
2013-02-06,0.0
2013-02-07,0.0
2013-02-10,0.0
2013-02-11,0.0
2013-02-12,0.0
2013-02-13,0.0
2013-02-14,0.0
2013-02-17,0.0
2013-02-18,0.0
2013-02-19,0.0
2013-02-20,0.0
2013-02-21,0.0
2013-02-24,0.0
2013-02-25,0.0
2013-02-26,0.0
2013-02-27,0.0
2013-02-28,0.0
2013-03-03,0.0
2013-03-04,0.0
2013-03-05,0.0
2013-03-06,0.0
2013-03-07,0.0
2013-03-10,0.0
2013-03-11,0.0
2013-03-12,0.0
2013-03-13,0.0
2013-03-14,0.0
2013-03-17,0.0
2013-03-18,0.0
2013-03-19,0.0
2013-03-20,0.0
2013-03-21,0.0
2013-03-24,0.0
2013-03-25,0.0
2013-03-26,0.0
2013-03-27,0.0
2013-03-28,0.0
2013-03-31,0.0
2013-04-01,0.0
2013-04-02,0.0
2013-04-03,0.0
2013-04-04,0.0
2013-04-07,0.0
2013-04-08,0.0
2013-04-09,0.0
2013-04-10,0.0
2013-04-11,0.0
2013-04-14,0.0
2013-04-15,0.0
2013-04-16,0.0
2013-04-17,0.0
2013-04-18,0.0
2013-04-21,0.0
2013-04-22,0.0
2013-04-23,0.0
2013-04-24,0.0
2013-04-25,0.0
2013-04-28,0.0
2013-04-29,0.0
2013-04-30,0.0
2013-05-01,0.0
2013-05-02,0.0
2013-05-05,0.0
2013-05-06,0.0
2013-05-07,0.0
2013-05-08,0.0
2013-05-09,0.0
2013-05-12,0.0
2013-05-13,0.0
2013-05-14,0.0
2013-05-15,0.0
2013-05-16,0.0
2013-05-19,0.0
2013-05-20,0.0
2013-05-21,0.0
2013-05-22,0.0
2013-05-23,0.0
2013-05-26,0.0
2013-05-27,0.0
2013-05-28,0.0
2013-05-29,0.0
2013-05-30,0.0
2013-06-02,0.0
2013-06-03,0.0
2013-06-04,0.0
2013-06-05,0.0
2013-06-06,0.0
2013-06-07,0.0015101481648295476
2013-06-09,1.4729817999005253e-05
2013-06-10,0.0008230106387238816
2013-06-11,-0.0004769412101003559
2013-06-12,-0.001001243040439708
2013-06-13,2.3601984107125868e-05
2013-06-14,0.0008007483777467089
2013-06-16,-0.0008565492996117472
2013-06-17,0.0003975935235776605
2013-06-18,0.0004428304144615747
2013-06-19,0.00029933265132138883
2013-06-20,0.0018599939278967825
2013-06-21,-0.001312443067380807
2013-06-23,0.0014425168416211532
2013-06-24,-0.0013000990475039987
2013-06-25,0.003632158615680371
2013-06-26,0.0005503258653104521
2013-06-27,0.003246025006573962
2013-06-28,-0.0007285394944790505
2013-06-30,-0.0003860364410550401
2013-07-01,-0.001449116651890029
2013-07-02,0.0032227636044263714
2013-07-03,-0.0015858146198377513
2013-07-04,0.0026720233926304207
2013-07-05,0.0033830072916295876
2013-07-07,0.00023051508935453176
2013-07-08,-0.002498855987169307
2013-07-09,0.0014974523456670443
2013-07-10,-0.01014147575778558
2013-07-11,-0.000638466691253488
2013-07-12,-0.0001163633432822649
2013-07-14,-0.0005117036308980562
2013-07-15,0.00016211346120262107
2013-07-16,-0.00032064590554135484
2013-07-17,0.0012939441668829515
2013-07-18,-0.0004379809215384603
2013-07-19,9.080625778313467e-05
2013-07-21,-0.001962289624255159
2013-07-22,-0.001909808859346157
2013-07-23,-0.0002500981011463303
2013-07-24,0.0006404295261954956
2013-07-25,-0.0033168128112137886
2013-07-26,0.0008798451774609815
2013-07-28,0.0006912781921868374
2013-07-29,-1.377912874767462e-05
2013-07-30,-0.00045489161695541787
2013-07-31,0.0006825539510460461
2013-08-01,0.0027961469870342527
2013-08-02,-0.0014602650623509296
2013-08-04,-0.00026342429206123425
2013-08-05,0.0004970243953067891
2013-08-06,0.0010281417764883033
2013-08-07,-0.0004118980594513939
2013-08-08,-0.001732085495371771
2013-08-09,0.0008200154456728636
2013-08-11,-0.001088189616744428
2013-08-12,-0.000699460593979299
2013-08-13,0.00021955732731026803
2013-08-14,-0.0011942107082697636
2013-08-15,-0.0014258491839562039
2013-08-16,-0.0005226161443425121
2013-08-18,-0.00026332155757478
2013-08-19,0.0004074120991852984
2013-08-20,-8.286249695831157e-05
2013-08-21,-0.0028688192598675033
2013-08-22,-0.0021374026668083816
2013-08-23,-0.0003808455872998242
2013-08-25,-0.00015327103507541804
2013-08-26,0.0007551866683673586
2013-08-27,0.0030152179771944475
2013-08-28,-0.0015068321185872048
2013-08-29,-0.0023065197159969414
2013-08-30,-0.0011254175238082705
2013-09-01,-0.0005814178478432478
2013-09-02,-0.0016529023422068192
2013-09-03,0.0006180516449755894
2013-09-04,-0.0012891767844319627
2013-09-05,0.00047238425929428836
2013-09-06,0.00021123591600404626
2013-09-08,-0.0006105593329465925
2013-09-09,0.001550915977815611
2013-09-10,0.0027184463441137035
2013-09-11,-0.00020806339208098338
2013-09-12,0.0023003377267638947
2013-09-13,-0.00025522749106511215
2013-09-15,-0.00017954202670225402
2013-09-16,0.0014959734148425035
2013-09-17,0.001689573067125147
2013-09-18,-0.00409002008007483
2013-09-19,0.002365021033325054
2013-09-20,0.0018819797242012322
2013-09-22,-0.00030056717288139335
2013-09-23,-0.0013227152694574736
2013-09-24,-0.0010468676793712048
2013-09-25,0.0010363219519230697
2013-09-26,-0.00210703408634013
2013-09-27,0.001153288473474999
2013-09-29,-0.0015792191891651586
2013-09-30,-0.0011347986516840782
2013-10-01,-0.001105785076367169
2013-10-02,0.004364624320251061
2013-10-03,0.0018316424549807075
2013-10-04,-0.0031443735131371246
2013-10-06,0.001275404513243562
2013-10-07,0.0013312602774206597
2013-10-08,-0.0015926810297162684
2013-10-09,-0.0041381304069586
2013-10-10,-0.0007929682093152182
2013-10-11,-0.0011713690510621497
2013-10-13,0.0012822489786837074
2013-10-14,-0.0007923283978652717
2013-10-15,-0.0014409921586628059
2013-10-16,0.00045441055456509587
2013-10-17,0.007110837498934508
2013-10-18,0.001276126291621435
2013-10-20,-0.0006341490424078369
2013-10-21,-0.001367886765616597
2013-10-22,0.00588922736350329
2013-10-23,0.0010960924599288837
2013-10-24,-0.000338415160768494
2013-10-25,0.00023643964904529192
2013-10-27,-0.00024279712854119345
2013-10-28,-0.0005191363095993855
2013-10-29,-0.00317639837612968
2013-10-30,5.162334736563882e-05
2013-10-31,-0.006386393461342431
2013-11-01,0.00019341443636251116
2013-11-03,0.00014784216191895852
2013-11-04,0.0010214009576149596
2013-11-05,-0.00029080823139344947
2013-11-06,0.0001983509881079836
2013-11-07,-0.004201206685282324
2013-11-08,0.00044214390413043923
2013-11-10,-0.00030552386559756344
2013-11-11,0.002483582771784547
2013-11-12,0.0015376682842364417
2013-11-13,-0.00017103698885474435
2013-11-14,0.0009715834561227669
2013-11-15,0.0007276218959744778
2013-11-17,-0.0001483721834552887
2013-11-18,0.0003148722847479857
2013-11-19,0.001623054457839006
2013-11-20,-0.000177734941391798
2013-11-21,0.0031332896854823072
2013-11-22,0.0021955547835813224
2013-11-24,0.001513663765281443
2013-11-25,-0.002149915352313768
2013-11-26,0.0020533744229789493
2013-11-27,0.0013591156244047865
2013-11-28,0.0009523327870360134
2013-11-29,-0.000983385920022773
2013-12-01,0.0007512590116380074
2013-12-02,0.0043403012416923835
2013-12-03,-0.0009351605823849545
2013-12-04,-0.0025836054499657614
2013-12-05,0.002070262731623326
2013-12-06,0.0029495997040930363
2013-12-08,0.0002081343884280374
2013-12-09,0.00045479593521098095
2013-12-10,-0.002940980386413299
2013-12-11,0.0006520671676873561
2013-12-12,0.005158082943580952
2013-12-13,-0.0024788212996913225
2013-12-15,-9.490622072218664e-05
2013-12-16,-0.00011685163116402194
2013-12-17,0.0009404453590340349
2013-12-18,0.0008308110877201717
2013-12-19,0.002844300542771334
2013-12-20,-0.0006298593506489562
2013-12-22,0.00023048721158341328
2013-12-23,0.0009480248045303848
2013-12-24,-0.0007551161034837344
2013-12-25,0.0
2013-12-26,0.0015415308206759896
2013-12-27,0.0008633556767978984
2013-12-29,0.00045574683290628554
2013-12-30,0.002031707285934364
2013-12-31,-0.0010086893318129026
2014-01-01,-0.002224903506580805
2014-01-02,-0.005249218687282833
2014-01-03,-0.0012843513094654942
2014-01-05,-0.0012876810969100715
2014-01-06,0.0010387043719137894
2014-01-07,0.002461991165516299
2014-01-08,-0.0013421099049515874
2014-01-09,0.0002024254887272196
2014-01-10,-0.0016224058996514472
2014-01-12,-0.0013294210793981822
2014-01-13,-0.0007808258723511871
2014-01-14,0.00233296694005274
2014-01-15,-0.00014940521375780635
2014-01-16,-0.000782808241378178
2014-01-17,-0.0034809574528779355
2014-01-19,-0.0009751603765504363
2014-01-20,0.001744696254906631
2014-01-21,0.0009294077670012633
2014-01-22,0.0003178575615287439
2014-01-23,0.00033110457625178374
2014-01-24,-0.002609244384304988
2014-01-26,0.0002570137441383787
2014-01-27,0.00143061847929415
2014-01-28,0.0005360755058718554
2014-01-29,-0.002119141384621702
2014-01-30,-0.001088742118554386
2014-01-31,-0.002402878891995265
2014-02-02,0.00033702536953772076
2014-02-03,-0.0020032208903178013
2014-02-04,0.0006420719069427603
2014-02-05,0.0002841052462977842
2014-02-06,0.002331572301165015
2014-02-07,0.0012393510436382153
2014-02-09,-0.00036543703545667463
2014-02-10,-0.0004533683339018311
2014-02-11,-0.0007498349671516138
2014-02-12,-0.001549263699587854
2014-02-13,0.0030802409369032405
2014-02-14,0.001588118464747951
2014-02-16,0.0006460918704969959
2014-02-17,0.001437459753014955
2014-02-18,0.00045723159505669066
2014-02-19,-0.0010517948565986093
2014-02-20,0.0003480036951837808
2014-02-21,0.0013213048994333637
2014-02-23,-0.0007724940800726357
2014-02-24,0.0018278089427835671
2014-02-25,0.0005235347744383824
2014-02-26,-0.003000939738090954
2014-02-27,-0.000732202745118846
2014-02-28,0.003235961428438602
2014-03-02,0.0007520701274776791
2014-03-03,-0.0008172139221166732
2014-03-04,-0.002950290815246115
2014-03-05,-0.0010679129289290238
2014-03-06,0.0058253377231282585
2014-03-07,-0.0014274566772257142
2014-03-09,-0.0009116744223542702
2014-03-10,0.000981202169330908
2014-03-11,0.0010727500698158696
2014-03-12,0.0021969014100913734
2014-03-13,0.0008244766998779013
2014-03-14,0.0031929126978090076
2014-03-16,-0.0005866081381010419
2014-03-17,-0.0021621946129827783
2014-03-18,0.00039471948705346806
2014-03-19,-0.007631750524275635
2014-03-20,-0.0009341502636408591
2014-03-21,0.00061929432049756
2014-03-23,-0.001226335755955059
2014-03-24,0.00023786819544247884
2014-03-25,-0.0007669411149119945
2014-03-26,-0.0004428922847885601
2014-03-27,-0.0027596180766741195
2014-03-28,-0.001267237735754163
2014-03-30,-8.673311508083132e-05
2014-03-31,-0.0015044235968571058
2014-04-01,-0.00044741096442581815
2014-04-02,-0.0005202406169897305
2014-04-03,-0.001903929350990156
2014-04-04,0.0033136234266942883
2014-04-06,-0.0002675652994657765
2014-04-07,0.0019996595322476197
2014-04-08,0.005173406325164196
2014-04-09,0.0020756509757150097
2014-04-10,0.0024460096557505128
2014-04-11,-0.0005485155885121986
2014-04-13,4.388799065418807e-05
2014-04-14,-0.0024217705161854682
2014-04-15,-0.0035250051979975024
2014-04-16,0.0017631610777299983
2014-04-17,-0.002555153586227811
2014-04-18,-0.00024972602810821397
2014-04-20,-0.0015094654977425204
2014-04-21,0.0012707792467023618
2014-04-22,0.0024404086908658322
2014-04-23,0.002227421029367465
2014-04-24,0.0018940614315507563
2014-04-25,0.003083660585892638
2014-04-27,0.0009493964177157174
2014-04-28,0.00010379095674777448
2014-04-29,-0.0033132618171247885
2014-04-30,0.0020424178550421035
2014-05-01,-0.0020041564621957574
2014-05-02,0.0031928809411791857
2014-05-03,-7.988548677293588e-05
2014-05-04,0.0022008821507940516
2014-05-05,-0.0008091004288977204
2014-05-06,-0.0074356777682852765
2014-05-07,-0.00292687762353115
2014-05-08,-0.004827144534303079
2014-05-09,-0.0034015179421780276
2014-05-10,0.00011193209465675682
2014-05-11,0.0012928724571645395
2014-05-12,0.004347688077328304
2014-05-13,-0.0007819838530812669
2014-05-14,0.0008578514217943173
2014-05-15,-0.0021364002367220236
2014-05-16,-0.000770383503007552
2014-05-17,-4.297177376510154e-05
2014-05-18,0.00018041206603645839
2014-05-19,0.0023738963835217004
2014-05-20,0.001148281041454153
2014-05-21,0.005199781670030415
2014-05-22,0.0002665161668917878
2014-05-23,0.0008497657609041448
2014-05-24,-4.4783275509495136e-05
2014-05-25,0.00019884076131202917
2014-05-26,0.007702902686438331
2014-05-27,0.005081635005764978
2014-05-28,-0.0014746317394475547
2014-05-29,0.0007990410147689963
2014-05-30,0.004161969915122885
2014-06-01,0.0005197511018276411
2014-06-02,-0.001828520339797678
2014-06-03,0.0015797058777493739
2014-06-04,0.00046210179486596875
2014-06-05,0.0035099230054838177
2014-06-06,0.0008285742855630932
2014-06-07,5.7135500778223e-06
2014-06-08,-0.00026288788630588633
2014-06-09,-0.008290986570464967
2014-06-10,-0.005449518398933884
2014-06-11,-0.0024869500712743626
2014-06-12,0.0009352822680709473
2014-06-13,1.7143323664330646e-05
2014-06-14,-0.0007527674638078926
2014-06-15,0.001374489336255745
2014-06-16,1.3610092368582416e-05
2014-06-17,0.0025052691441389222
2014-06-18,-0.004836638122307976
2014-06-19,-0.009138022131173082
2014-06-20,0.002313289755057852
2014-06-21,0.0004951437919103705
2014-06-22,-0.00036429746570557623
2014-06-23,-0.005235598038507454
2014-06-24,0.0006235951600449405
2014-06-25,0.00016462162021735138
2014-06-26,-0.0008619894973359332
2014-06-27,0.0008478460596855952
2014-06-28,0.0001054933491315127
2014-06-29,-0.00013719791544425258
2014-06-30,0.0045725948724925
2014-07-01,0.00241069162872401
2014-07-02,-0.0018683860284723914
2014-07-03,0.0032474662869958395
2014-07-04,0.0008942315787978565
2014-07-05,0.0001318666808083037
2014-07-06,-0.0014358060204722228
2014-07-07,-0.004542759966487254
2014-07-08,-0.0018318572689020797
2014-07-09,0.005365002564143811
2014-07-10,0.002000656340742717
2014-07-11,0.0059920669482038825
2014-07-12,0.0003221574254329865
2014-07-13,0.0003178251631627872
2014-07-14,-0.003136413626339553
2014-07-15,0.005006300338448127
2014-07-16,-0.0037081366235496324
2014-07-17,-0.007878150284568597
2014-07-18,0.0057453910820682765
2014-07-19,-0.0002484895368780549
2014-07-20,-0.00022205496817612574
2014-07-21,0.0010788630137600474
2014-07-22,0.005186136479149288
2014-07-23,-0.0029134883096533126
2014-07-24,-0.004709185945559301
2014-07-25,0.00304913486708441
2014-07-26,-6.735014459660132e-05
2014-07-27,0.0007377407143832022
2014-07-28,0.0013899885942227723
2014-07-29,0.00019860873403205974
2014-07-30,-0.004028513631580333
2014-07-31,-0.005413098012671427
2014-08-01,-0.008349078293343495
2014-08-02,0.0005919708088701247
2014-08-03,0.002603281802550758
2014-08-04,-0.0018601395556154638
2014-08-05,-0.0014034465303720818
2014-08-06,-0.0061859728737247936
2014-08-07,-0.007560065284927601
2014-08-08,0.0008108991093707002
2014-08-09,0.0007266460693874593
2014-08-10,0.004124096678992102
2014-08-11,0.004055596564514089
2014-08-12,0.003599852287471848
2014-08-13,0.006674286769350993
2014-08-14,0.0032644364292431696
2014-08-15,-0.005612486993218979
2014-08-16,0.0005735758950668294
2014-08-17,0.002239960442892811
2014-08-18,0.008245326110541589
2014-08-19,0.010769385931313435
2014-08-20,0.007661488345740014
2014-08-21,0.0011441186912516045
2014-08-22,0.0023553776071372342
2014-08-23,0.0011663362923135692
2014-08-24,0.0038606810284701034
2014-08-25,-0.00032229476771902457
2014-08-26,0.001127700107786853
2014-08-27,-0.003852329944074594
2014-08-28,0.0012880816629577837
2014-08-29,0.0036870567503559178
2014-08-30,0.0005290011513001707
2014-08-31,0.0011313766386964663
2014-09-01,0.0037438419921705583
2014-09-02,-0.0015058589346832764
2014-09-03,-3.557130536617969e-05
2014-09-04,0.009728009279298087
2014-09-05,0.0031537767612076677
2014-09-06,-0.00044542417541627497
2014-09-07,0.0014114184381360177
2014-09-08,5.277223290486822e-05
2014-09-09,-0.0011268478034834625
2014-09-10,0.004159378385478328
2014-09-11,0.0016288004858870703
2014-09-12,-0.0011861070430568112
2014-09-13,-0.0006973144147434602
2014-09-14,-0.002399923843867842
2014-09-15,-0.0011366957988974639
2014-09-16,0.002336082339240992
2014-09-17,0.013531253800231942
2014-09-18,0.0059778893067930945
2014-09-19,0.0016042013617052846
2014-09-20,-0.001388097167712455
2014-09-21,-0.0035087602907265154
2014-09-22,-0.0031585207499346853
2014-09-23,0.0006134490895994688
2014-09-24,0.003199948141453784
2014-09-25,-0.004147283557257178
2014-09-26,0.005483405015366859
2014-09-27,-0.0003015151801243392
2014-09-28,1.5323330873544087e-05
2014-09-29,-0.0025291900620446122
2014-09-30,0.007386882342431926
2014-10-01,-0.011460469096994188
2014-10-02,0.004056248922338987
2014-10-03,0.01459997536920564
2014-10-04,0.00046322414442395704
2014-10-05,-0.00129084048301348
2014-10-06,-0.009493517053040957
2014-10-07,-0.0031365685857088826
2014-10-08,-0.0012052531765094333
2014-10-09,-0.0024587187287845244
2014-10-10,-0.004472548320192476
2014-10-11,-0.0012433718386080832
2014-10-12,-0.004266309116530788
2014-10-13,-0.0009672618132725232
2014-10-14,0.0030755096424597487
2014-10-15,-0.008286810860091129
2014-10-16,-1.8901115345442382e-06
2014-10-17,0.0033489708220693346
2014-10-18,0.0003790426648097257
2014-10-19,0.0014673902275741638
2014-10-20,0.0017810284754512812
2014-10-21,0.004191646168556892
2014-10-22,0.004591894124122068
2014-10-23,0.004260970514945848
2014-10-24,0.0017257766132740492
2014-10-25,-0.00022414433685813046
2014-10-26,-0.0009067080156746397
2014-10-27,0.0011021701978603396
2014-10-28,0.0017544239689313039
2014-10-29,0.006587823293356181
2014-10-30,0.007778579676219032
2014-10-31,0.017567370394021394
2014-11-01,0.00023428384175669964
2014-11-02,0.0018336968240882797
2014-11-03,0.0030932239135486187
2014-11-04,0.002184838967286397
2014-11-05,0.0020287525933871476
2014-11-06,0.0037538027729232893
2014-11-07,-0.00841119780197068
2014-11-08,0.0003207058415866509
2014-11-09,0.0009808986013808206
2014-11-10,0.0063771060469762185
2014-11-11,-0.0010996818479802005
2014-11-12,0.0013542792547897777
2014-11-13,0.0026813876658173742
2014-11-14,-0.004277527289631286
2014-11-15,-0.00018871439850183186
2014-11-16,-0.0019413279114898973
2014-11-17,0.003222705128922452
2014-11-18,0.0019496850043150948
2014-11-19,7.130475650761259e-06
2014-11-20,-0.002893064623185226
2014-11-21,0.0025509033927163475
2014-11-22,4.432245823531011e-05
2014-11-23,0.0001842339809761954
2014-11-24,0.0016549871694510497
2014-11-25,0.0020757631323678654
2014-11-26,0.0014082850203287881
2014-11-27,0.00796648660302207
2014-11-28,0.0042164470770856615
2014-11-29,0.0006815832340922527
2014-11-30,-0.0011463675628372127
2014-12-01,-0.007909594896982303
2014-12-02,0.0037985564799979258
2014-12-03,0.0016071803034501584
2014-12-04,0.0010108625488300805
2014-12-05,0.004593156873659288
2014-12-06,-7.443919504270411e-05
2014-12-07,-0.0011003093910122632
2014-12-08,-0.00344019301950001
2014-12-09,-0.006238492002478598
2014-12-10,-0.0020452381521424293
2014-12-11,0.002703814014571052
2014-12-12,-0.0021273281088264213
2014-12-13,0.00035117071508043615
2014-12-14,-0.0002365059909511087
2014-12-15,-0.0017376259314437982
2014-12-16,-0.0010590008957555074
2014-12-17,0.009189533690671017
2014-12-18,0.009721646015898219
2014-12-19,-0.0011001338371554692
2014-12-20,-1.6780875875514907e-05
2014-12-21,-0.0003128145358098302
2014-12-22,0.004233484336035768
2014-12-23,0.0006137868574518629
2014-12-24,0.000383951099952249
2014-12-25,-7.961862995685363e-05
2014-12-26,0.0020855097673348655
2014-12-27,-2.7517723733608536e-05
2014-12-28,-0.0008212453896383893
2014-12-29,0.002394176525289758
2014-12-30,-0.004357106913307014
2014-12-31,-0.001060271424084871
2015-01-01,0.002878626451026434
2015-01-02,-0.00051317050751485
2015-01-03,0.0005053309939296721
2015-01-04,0.0009313319288347146
2015-01-05,-0.006327600780492894
2015-01-06,0.0014747545503414265
2015-01-07,0.005880934292364331
2015-01-08,0.001250230979384884
2015-01-09,-0.003590976616785272
2015-01-10,-0.00015595510710699316
2015-01-11,-0.0008188823340982116
2015-01-12,0.002174660657992784
2015-01-13,-0.0021374958013468033
2015-01-14,-0.001916134658768379
2015-01-15,-0.0014806439856814469
2015-01-16,0.007273036454621836
2015-01-17,-6.818146485314587e-05
2015-01-18,-0.0008688040501939707
2015-01-19,-0.0014054590026362395
2015-01-20,-0.0015373782935042474
2015-01-21,0.0013598869816702855
2015-01-22,0.008420577054982803
2015-01-23,0.0020651532306736903
2015-01-24,-0.00018531501566552972
2015-01-25,-0.00354914646769499
2015-01-26,0.00039533794624302507
2015-01-27,-0.002617848936957448
2015-01-28,-0.004453675642894267
2015-01-29,-0.0008007426856000727
2015-01-30,-0.010219643520442972
2015-01-31,-0.0005537736318945257
2015-02-01,0.001372990555596452
2015-02-02,-0.007858541632703813
2015-02-03,0.002166845923908695
2015-02-04,0.011603884229612255
2015-02-05,0.0022992374968521818
2015-02-06,0.005372064346665016
2015-02-07,9.336202113474878e-05
2015-02-08,0.006049329736051088
2015-02-09,-0.0010789053118446545
2015-02-10,0.005169841271083998
2015-02-11,0.002537636137236524
2015-02-12,-0.005862580449665634
2015-02-13,0.002128920935066251
2015-02-14,4.190429888073106e-06
2015-02-15,-0.0015172048813866276
2015-02-16,0.0006601596371666971
2015-02-17,0.0002454974672888212
2015-02-18,0.004682426223033083
2015-02-19,0.0010370836329152788
2015-02-20,-0.00015090065800387644
2015-02-21,-1.3903065576943693e-05
2015-02-22,9.389077747645852e-05
2015-02-23,0.0007084717560277843
2015-02-24,-0.0007669452718170983
2015-02-25,0.004515697276765151
2015-02-26,0.003419882189680583
2015-02-27,0.0019693689294125096
2015-02-28,0.00030401921038253506
2015-03-01,-0.0002875280960137529
2015-03-02,0.0005051730364977017
2015-03-03,0.0009179603752040053
2015-03-04,0.004477005830137799
2015-03-05,0.003169431801115817
2015-03-06,0.001217784177498327
2015-03-07,-0.00028940901912471133
2015-03-08,-0.00016875428669642302
2015-03-09,0.0018550626050480576
2015-03-10,0.0014786619277596528
2015-03-11,0.004540512343452603
2015-03-12,-4.574217069919271e-05
2015-03-13,7.05704024824721e-05
2015-03-14,-0.0004155577662127437
2015-03-15,0.0005365794275212997
2015-03-16,0.0024233526252040757
2015-03-17,0.000190765533630298
2015-03-18,-0.0047995316407692225
2015-03-19,0.00014497751369636083
2015-03-20,-0.0028434244554498655
2015-03-21,0.0007158183121123958
2015-03-22,0.0006202539885022786
2015-03-23,-0.0059575298450123175
2015-03-24,-0.006238588090353907
2015-03-25,-0.014098177359807652
2015-03-26,0.006244673080050402
2015-03-27,-0.0023652067408696863
2015-03-28,-0.0004149289034702034
2015-03-29,0.004154135323790737
2015-03-30,0.0018259741709420524
2015-03-31,-0.007327693527313495
2015-04-01,0.0004224225470252715
2015-04-02,-0.00361294973411498
2015-04-03,-0.006894792970010575
2015-04-04,0.000890616825473748
2015-04-05,0.0012187716449692013
2015-04-06,0.0069699175842969485
2015-04-07,0.005850296912496075
2015-04-08,0.006058531887781594
2015-04-09,0.006542138640500872
2015-04-10,0.002919234219782344
2015-04-11,-4.078930609422517e-08
2015-04-12,-0.0015584863579326375
2015-04-13,-0.001500246172065614
2015-04-14,-0.0009444355128615817
2015-04-15,-0.002834762917915017
2015-04-16,-0.007518844675472681
2015-04-17,-0.00835390711077608
2015-04-18,0.0006382617714485336
2015-04-19,0.007113025180066051
2015-04-20,0.010180474039700547
2015-04-21,0.004152159467347522
2015-04-22,0.004544770054755575
2015-04-23,0.0013001847841152062
2015-04-24,-0.0021804224967521906
2015-04-25,-0.0004683221969488162
2015-04-26,-0.0038727164009891937
2015-04-27,-0.003142854006142034
2015-04-28,-0.006198857287094166
2015-04-29,-0.005674815878251602
2015-04-30,-0.00091526938736305
2015-05-01,0.0066169143748259504
2015-05-02,-0.0009561255431614578
2015-05-03,-0.0015624439760863796
2015-05-04,0.0003230395008383381
2015-05-05,-0.00805643566119348
2015-05-06,-0.0054906986559651
2015-05-07,0.00450824455563958
2015-05-08,0.005594587596500199
2015-05-09,-0.00013704227796474061
2015-05-10,0.0005030888254149777
2015-05-11,-0.0023963198386389374
2015-05-12,-0.001631650431360482
2015-05-13,-0.005256392777832541
2015-05-14,0.0003532482550118373
2015-05-15,-0.00010428096811128754
2015-05-16,-0.0001915024712925762
2015-05-17,0.002411900760963826
2015-05-18,0.009862566830078447
2015-05-19,0.00584713067685418
2015-05-20,0.003167601462767918
2015-05-21,0.0029010888443389213
2015-05-22,0.005849021992481684
2015-05-23,0.0002780147180450088
2015-05-24,0.0019438603120972367
2015-05-25,2.3776297486693845e-05
2015-05-26,0.002731530214264339
2015-05-27,0.005017396735685589
2015-05-28,-0.003404449117221147
2015-05-29,4.5559721346967756e-05
2015-05-30,0.0006821362353700828
2015-05-31,0.0016311771614528495
2015-06-01,-0.0005777988111576322
2015-06-02,-0.009114944998281693
2015-06-03,-0.0009903197377119492
2015-06-04,-0.0031035756673901986
2015-06-05,0.007546089701312041
2015-06-06,-0.0006135779924340328
2015-06-07,-6.305977199669451e-05
2015-06-08,-0.010239076555381088
2015-06-09,0.0025861541720211658
2015-06-10,0.0007425954731781389
2015-06-11,0.0012707315453904062
2015-06-12,-0.003382262968877123
2015-06-13,-5.6464267931002485e-05
2015-06-14,0.0001758943934608222
2015-06-15,-0.003364834123311119
2015-06-16,0.0014932519053452251
2015-06-17,-0.006098092077501165
2015-06-18,0.006722154514742803
2015-06-19,-0.003449181140864119
2015-06-20,-6.246097053307605e-05
2015-06-21,0.0005339834759373134
2015-06-22,0.00833826700142514
2015-06-23,0.001353081278068378
2015-06-24,-0.00414854728078809
2015-06-25,-0.0038974101039111636
2015-06-26,0.002316445918912982
2015-06-27,-0.0036480860110542014
2015-06-28,-0.008682520735222046
2015-06-29,-0.006700481186941905
2015-06-30,0.0020800791041606674
2015-07-01,0.008701661935242945
2015-07-02,-0.0015683342266950952
2015-07-03,0.00047634388529432337
2015-07-04,-0.0008094035595232039
2015-07-05,-0.0023745079599464705
2015-07-06,0.007429870921711599
2015-07-07,-0.0027290473935960126
2015-07-08,-0.007936183542288436
2015-07-09,0.0026406822192572275
2015-07-10,0.002768511606121487
2015-07-11,-6.767181477867985e-05
2015-07-12,8.132689759446794e-05
2015-07-13,0.009962493261838633
2015-07-14,-0.0005189115076022831
2015-07-15,0.005652997532773168
2015-07-16,0.007762959295027938
2015-07-17,0.003789984861202525
2015-07-18,0.003588916987743964
2015-07-19,0.0021752710708594167
2015-07-20,0.0014838750805887583
2015-07-21,-0.005167947527974858
2015-07-22,0.004985603329782259
2015-07-23,-0.004853747201098725
2015-07-24,-0.002698007033772637
2015-07-25,4.523343723950644e-05
2015-07-26,3.7848689322622224e-05
2015-07-27,-0.0008809690146528538
2015-07-28,-0.0018024303604409916
2015-07-29,0.003830904281505686
2015-07-30,0.0020475704332231586
2015-07-31,0.0023355048560638712
2015-08-01,-8.028960561359771e-05
2015-08-02,0.0002642258825791351
2015-08-03,0.0034550460651518126
2015-08-04,0.0019010782086784218
2015-08-05,0.002017787913594627
2015-08-06,-0.0030488912018484414
2015-08-07,0.00041044159290806053
2015-08-08,9.568111592392685e-05
2015-08-09,0.0019681404415182813
2015-08-10,-0.003203713590925416
2015-08-11,-0.0008667538962137042
2015-08-12,-0.0019968909696653904
2015-08-13,0.003623398855415515
2015-08-14,0.0009719851786182493
2015-08-15,-0.00021942577139536608
2015-08-16,0.0015323421208175468
2015-08-17,0.0015493598321507328
2015-08-18,-0.005001097402497806
2015-08-19,-0.006697535610541361
2015-08-20,-0.013207353379088987
2015-08-21,-0.007655581699094196
2015-08-22,0.0005171792293041114
2015-08-23,0.0015155469720837976
2015-08-24,0.005057077527872597
2015-08-25,-0.006824923043193116
2015-08-26,0.0007275202571933106
2015-08-27,-0.009474127630459225
2015-08-28,-0.0016317618302829186
2015-08-29,0.0001982717137544747
2015-08-30,0.0003479440529550387
2015-08-31,8.679313426161239e-05
2015-09-01,0.0117054788276048
2015-09-02,0.00733297229621193
2015-09-03,0.005325615422267763
2015-09-04,-0.0011774515981039402
2015-09-05,-8.753996321188333e-05
2015-09-06,0.011576982449763308
2015-09-07,0.0016304100624645926
2015-09-08,0.003504795804323939
2015-09-09,0.005069811655629624
2015-09-10,0.0013730012491539267
2015-09-11,0.0021214043229966163
2015-09-12,-8.517783479971896e-06
2015-09-13,0.0019847454993198177
2015-09-14,-0.02839356723849705
2015-09-15,-0.021473982799240333
2015-09-16,-0.013042080504398704
2015-09-17,-0.0074754655610391775
2015-09-18,-0.002273100348660691
2015-09-19,4.387786548720519e-05
2015-09-20,-0.006097812752950376
2015-09-21,0.0021380008159490936
2015-09-22,0.0007859888242047044
2015-09-23,0.004202810353742253
2015-09-24,0.004555941327847047
2015-09-25,0.001057490387829313
2015-09-26,1.4437273284075212e-05
2015-09-27,0.004582398959756382
2015-09-28,9.138260460838163e-05
2015-09-29,0.0011014928118498774
2015-09-30,-8.034855635407802e-06
2015-10-01,0.0014258621043489912
2015-10-02,0.0003812244451933057
2015-10-03,3.178930023704791e-05
2015-10-04,0.0014578717300835534
2015-10-05,0.0012196422799398913
2015-10-06,0.007226906231778158
2015-10-07,0.0011399289335464887
2015-10-08,0.006527546454579967
2015-10-09,0.001931950955434316
2015-10-10,-5.445064498301961e-06
2015-10-11,0.003718703330234766
2015-10-12,0.0028543029562445
2015-10-13,0.004138585632226263
2015-10-14,0.008039563453463842
2015-10-15,0.003443230106784263
2015-10-16,-0.0002420301246895392
2015-10-17,3.630935019554126e-05
2015-10-18,0.0063605337663664805
2015-10-19,-0.0015178063444571703
2015-10-20,0.0007568968201342656
2015-10-21,0.00024034174936388522
2015-10-22,-0.0023819347829953487
2015-10-23,0.0006734022671796443
2015-10-24,-9.535715879373887e-06
2015-10-25,-0.0004181156245436894
2015-10-26,0.0008656709197622908
2015-10-27,-0.00010971100460298213
2015-10-28,-0.004993752115874842
2015-10-29,0.002408706961321042
2015-10-30,-0.0008866560480885516
2015-10-31,-4.544062925958914e-05
2015-11-01,-0.0006304352151213762
2015-11-02,0.004559564367827301
2015-11-03,0.003491972980043113
2015-11-04,0.0012767879519684426
2015-11-05,-0.0008520202728756515
2015-11-06,0.009050086453669582
2015-11-07,-4.518669361354147e-05
2015-11-08,0.00017711389653912897
2015-11-09,-0.00309146078587168
2015-11-10,-0.0004078468620679748
2015-11-11,0.00036002965985104315
2015-11-12,-0.003793702342889993
2015-11-13,-0.0034904655840133445
2015-11-14,-0.0002228778588716815
2015-11-15,0.0014332587657094917
2015-11-16,0.009145467728753067
2015-11-17,0.002599745385618395
2015-11-18,0.0012401454061458357
2015-11-19,-0.004613519180522812
2015-11-20,0.005822828617853117
2015-11-21,0.0007911127982635022
2015-11-22,0.003784184352930836
2015-11-23,-0.00488832132640863
2015-11-24,-0.0046432917404209545
2015-11-25,0.0029186811407491044
2015-11-26,0.001979758309130208
2015-11-27,0.002418329371587865
2015-11-28,3.6813628833952054e-05
2015-11-29,-0.0016434328907667848
2015-11-30,0.003161215964783059
2015-12-01,0.0015122181205737108
2015-12-02,0.0029631760524411444
2015-12-03,-0.028234314120412392
2015-12-04,0.008702145557980066
2015-12-05,-1.2046560192708898e-05
2015-12-06,0.0026245809422581665
2015-12-07,0.0015024090748060805
2015-12-08,-0.00486216999988968
2015-12-09,-0.005191717773858447
2015-12-10,0.003933537079014547
2015-12-11,-0.007094399112095184
2015-12-12,4.521745135663019e-05
2015-12-13,0.0009113715282962977
2015-12-14,-0.0025763932264058396
2015-12-15,-0.001892453312093928
2015-12-16,0.008758082895530596
2015-12-17,-0.0008376435480945981
2015-12-18,-0.0046429956384321375
2015-12-19,5.668298173547878e-06
2015-12-20,-0.003950414808131562
2015-12-21,-0.000933554670252042
2015-12-22,-0.0006273380307838571
2015-12-23,-0.0030867217182691956
2015-12-24,-0.002711322177624808
2015-12-26,0.00014055265031965282
2015-12-27,0.0007097516036125528
2015-12-28,0.003406263955955476
2015-12-29,0.0016884710161338393
2015-12-30,0.00022047847866171736
2015-12-31,-0.0010976846854147374
2016-01-02,-0.0006599636197289507
2016-01-03,-0.0059005893122342805
2016-01-04,0.0024095537162847707
2016-01-05,0.0016380388483400912
2016-01-06,0.0058020015573882235
2016-01-07,-0.0037007849466627503
2016-01-08,0.0030678306047866167
2016-01-09,-7.852607745802028e-06
2016-01-10,0.001319115913334322
2016-01-11,0.006543352711697095
2016-01-12,-0.0005680407325479095
2016-01-13,0.0003130768728397102
2016-01-14,0.00026204619055875594
2016-01-15,0.00285537982932569
2016-01-16,-2.9311354892218746e-05
2016-01-17,0.0027566440825975563
2016-01-18,-0.0011225073653676125
2016-01-19,0.0006117721900206013
2016-01-20,0.003332876186807327
2016-01-21,-0.00610780387723638
2016-01-22,-0.007792387937366944
2016-01-23,1.4182283203021426e-06
2016-01-24,-0.0009547267109499359
2016-01-25,0.007287035977452315
2016-01-26,-0.0034313005903009322
2016-01-27,-0.003675606814714387
2016-01-28,-0.005926720604062343
2016-01-29,0.0029502670780790557
2016-01-30,8.43270995103706e-05
2016-01-31,0.0010325966075671756
2016-02-01,0.002574937949169911
2016-02-02,0.002150670715906421
2016-02-03,-0.010336476016064185
2016-02-04,0.004603622764353024
2016-02-05,0.0009188451297278174
2016-02-06,-0.00012248645633521201
2016-02-07,-0.0004319027757788662
2016-02-08,0.014985492839473138
2016-02-09,0.014408060631277999
2016-02-10,0.013764051681023452
2016-02-11,0.008627273914988676
2016-02-12,-0.00329077797333246
2016-02-13,-0.00020528381034250643
2016-02-14,0.007964792858328186
2016-02-15,-0.004726618220974713
2016-02-16,0.0034959901287049716
2016-02-17,-0.003500695127059893
2016-02-18,0.0018660124456166495
2016-02-19,0.0009454023144981307
2016-02-20,-0.00011746104825749179
2016-02-21,-0.004417626805984657
2016-02-22,0.007212331001239002
2016-02-23,0.01267193278047476
2016-02-24,0.008813511147752104
2016-02-25,0.008183443616743126
2016-02-26,0.002592778375444481
2016-02-27,2.3803306175377432e-05
2016-02-28,0.01083490571888028
2016-02-29,0.000964777421674131
2016-03-01,0.009722539094506535
2016-03-02,0.001382556672193337
2016-03-03,-0.002480802831417433
2016-03-04,0.00025412954147661465
2016-03-05,1.756385955768822e-05
2016-03-06,0.00028980527147555744
2016-03-07,0.0064718793961515975
2016-03-08,0.005099259920317105
2016-03-09,0.009388278435113905
2016-03-10,0.00349213056900035
2016-03-11,0.0018420596233213332
2016-03-12,3.7844559515910124e-05
2016-03-13,0.006192223017481648
2016-03-14,-0.005008660289608372
2016-03-15,-0.0014712058020535457
2016-03-16,0.0017579196835293604
2016-03-17,0.00264611260774185
2016-03-18,-0.0027279042394067507
2016-03-19,-2.610251059700739e-05
2016-03-20,-0.0012566068886779962
2016-03-21,0.002605609726275377
2016-03-22,0.00019829376419842223
2016-03-23,-0.004915557444814328
2016-03-24,0.000850804463804089
2016-03-25,-6.903262466022425e-05
2016-03-26,-7.356938765374697e-05
2016-03-27,0.0008711129741301242
2016-03-28,-0.002239154684804909
2016-03-29,0.0031855665587521564
2016-03-30,-0.00034808106513647914
2016-03-31,0.0009080010137462875
2016-04-01,0.003446483342147313
2016-04-02,-6.7521067356793735e-06
2016-04-03,-0.0005284871838121229
2016-04-04,-0.0048732813906431065
2016-04-05,0.002001926776211671
2016-04-06,0.005574959493991545
2016-04-07,-0.006137346027938112
2016-04-08,0.004414423255917728
2016-04-09,0.00011177250641946348
2016-04-10,0.0005896820240908228
2016-04-11,-0.0007661871620275795
2016-04-12,0.005643628957081513
2016-04-13,-0.0006795114963984715
2016-04-14,0.0006284682764035078
2016-04-15,-0.002817046184880049
2016-04-16,1.080668550778102e-05
2016-04-17,-0.006135121645201606
2016-04-18,0.006335588588935778
2016-04-19,0.0016139650706551946
2016-04-20,0.007615533682693316
2016-04-21,-0.004322193647152414
2016-04-22,-0.0022710328436799988
2016-04-23,-3.9218303304710127e-05
2016-04-24,-0.0016072103829348884
2016-04-25,-0.00025849050157377383
2016-04-26,-0.0003538560678553195
2016-04-27,0.002715604862621135
2016-04-28,0.001073859400593594
2016-04-29,0.0006650032333469483
2016-04-30,9.064038997024243e-05
2016-05-01,-0.0013384604536168636
2016-05-02,3.059862232388509e-05
2016-05-03,-0.00808177066094116
2016-05-04,0.0035248309689229484
2016-05-05,-0.0032764747402588604
2016-05-06,0.001422814913134731
2016-05-07,-4.239625582616163e-05
2016-05-08,0.0017716119204443
2016-05-09,-0.009967728610018337
2016-05-10,0.0012584722703185007
2016-05-11,0.0026827154758827547
2016-05-12,-0.00317565721246521
2016-05-13,-0.0006779552034610687
2016-05-14,3.169091972259416e-05
2016-05-15,-0.001538181281735232
2016-05-16,0.02099658932677468
2016-05-17,0.017529903241335996
2016-05-18,0.01296503398594189
2016-05-19,0.018583715050791417
2016-05-20,-0.0008902420108582897
2016-05-21,1.4953349680989426e-05
2016-05-22,0.013065928231431769
2016-05-23,-0.0016750075093330036
2016-05-24,0.002390505677484751
2016-05-25,0.0014124322671491278
2016-05-26,-0.0010333497793402438
2016-05-27,-0.00023491824310530217
2016-05-28,-0.00012347115259690532
2016-05-29,-0.0005147671244284075
2016-05-30,0.0010275984260544198
2016-05-31,-0.001584627446974271
2016-06-01,0.0019297866229410568
2016-06-02,0.00047704205960390087
2016-06-03,0.0037260180769554396
2016-06-04,-2.2183869288815607e-05
2016-06-05,-0.00023058021307919267
2016-06-06,0.0015760911287908213
2016-06-07,0.0029769239511397583
2016-06-08,0.0044609825360316085
2016-06-09,-0.004797358190337521
2016-06-10,-0.005649680471925282
2016-06-11,6.220162891497825e-05
2016-06-12,-0.0010170678728541153
2016-06-13,0.0003043826340527419
2016-06-14,-0.002660647889199409
2016-06-15,0.0003240117157936546
2016-06-16,-0.0011840022728875034
2016-06-17,0.003228880740131352
2016-06-18,-0.00027794750696397884
2016-06-19,0.002824994638658291
2016-06-20,0.003289298125209318
2016-06-21,-0.001100816613627393
2016-06-22,0.0010553250684684856
2016-06-23,-0.011748222571290401
2016-06-24,-0.0003013785311448149
2016-06-25,0.00013536129747529664
2016-06-26,-0.0014232510894236718
2016-06-27,-0.0018393273614561018
2016-06-28,0.0034099650075219527
2016-06-29,0.0051173708946004315
2016-06-30,-0.002006067581968392
2016-07-01,0.003129788412149356
2016-07-02,1.145120134824237e-05
2016-07-03,-0.0010811050604200149
2016-07-04,-0.0015408529915706412
2016-07-05,-0.007418087192068419
2016-07-06,-0.004298355369897177
2016-07-07,0.005514422426600853
2016-07-08,0.002507806430341332
2016-07-09,-3.115632475987369e-05
2016-07-10,0.00047471125030671795
2016-07-11,-0.0014071271153010545
2016-07-12,-0.005383834230109591
2016-07-13,0.003275107819208069
2016-07-14,0.00021366942197125808
2016-07-15,-0.005128010079394996
2016-07-16,-0.00010111491340585137
2016-07-17,0.0026808941534108774
2016-07-18,0.003912736663253224
2016-07-19,-0.0026129294161803696
2016-07-20,0.0026184547327856755
2016-07-21,0.002591300661278305
2016-07-22,0.0027840215144310414
2016-07-23,-3.4743565687381794e-05
2016-07-24,7.21103834106515e-05
2016-07-25,0.00406327207366971
2016-07-26,0.0038971523738117533
2016-07-27,0.0055695162453279915
2016-07-28,0.004799764601474411
2016-07-29,0.0018296030016677401
2016-07-30,-8.633874921173134e-06
2016-07-31,-0.0005705785099659743
2016-08-01,0.006982471381910045
2016-08-02,-0.00023199211779835322
2016-08-03,-0.005535818057388314
2016-08-04,-0.00047154274231223575
2016-08-05,-0.00039126471399981126
2016-08-06,-1.6543830350743466e-05
2016-08-07,0.0008739486729095223
2016-08-08,-0.004261829430613876
2016-08-09,9.17238134776939e-05
2016-08-10,0.003590938711530617
2016-08-11,-0.007689650676452817
2016-08-12,-0.0020267395104234037
2016-08-13,8.583336308222006e-06
2016-08-14,-1.8248344933105413e-05
2016-08-15,-0.000877770111569306
2016-08-16,-0.004496387953593021
2016-08-17,-0.00032080767533867506
2016-08-18,-0.004911123387978737
2016-08-19,-0.0018196630252563634
2016-08-20,-6.40849653025283e-05
2016-08-21,-0.0037799401697955213
2016-08-22,-0.002030347884110926
2016-08-23,-0.003052176159219137
2016-08-24,-0.004875552692182097
2016-08-25,0.0008910375871759656
2016-08-26,-0.002509480141023673
2016-08-27,-5.1853811467296576e-05
2016-08-28,-0.0010523434339173897
2016-08-29,0.0012391946589636242
2016-08-30,-0.004860079373166859
2016-08-31,-0.00394845141857389
2016-09-01,0.0035511402423243806
2016-09-02,0.0007234590266648769
2016-09-03,-2.9241047747118044e-05
2016-09-04,0.0012002968373961975
2016-09-05,-0.0030175047203450885
2016-09-06,0.010178580416223175
2016-09-07,0.001737511572376498
2016-09-08,-0.002084028726009228
2016-09-09,-0.028400493377596116
2016-09-10,0.0001938510324624082
2016-09-11,-0.0028486080122380243
2016-09-12,0.006412645207546137
2016-09-13,-0.0042468035828332525
2016-09-14,-0.0031227707657751932
2016-09-15,0.0013251813328355433
2016-09-16,-0.002953711457463807
2016-09-17,8.059285967655082e-05
2016-09-18,0.0025187201073496876
2016-09-19,-0.0009028248836552395
2016-09-20,0.004138689311644182
2016-09-21,0.0065307079700963324
2016-09-22,5.584451580163689e-06
2016-09-23,-0.003370829978717644
2016-09-24,-7.475152412169071e-05
2016-09-25,8.612311680936238e-05
2016-09-26,0.0023639235131116677
2016-09-27,-0.0030098909193001697
2016-09-28,0.004493477745954874
2016-09-29,-0.0003255765981164583
2016-09-30,0.0009091174532632972
2016-10-01,3.3854628159017326e-05
2016-10-02,-4.840306330009198e-05
2016-10-03,-0.0018481693776511746
2016-10-04,-0.0034520212450479108
2016-10-05,-0.0002817195153334514
2016-10-06,0.000879826399351999
2016-10-07,-0.0008138788776614859
2016-10-08,0.00019189642173769112
2016-10-09,7.579246169557901e-05
2016-10-10,0.0032345952832251567
2016-10-11,-0.0009565185559626191
2016-10-12,-0.004422579209039963
2016-10-13,0.002001599703756866
2016-10-14,-0.0009755869102706394
2016-10-15,4.456696800327623e-05
2016-10-16,-0.00086571604076694
2016-10-17,0.0012145293743024415
2016-10-18,0.0020895156612798288
2016-10-19,0.0030688391093455685
2016-10-20,-0.0033647472571044974
2016-10-21,0.0012984187201412942
2016-10-22,-2.422196056918718e-05
2016-10-23,0.0005131225861039659
2016-10-24,0.001513732843109044
2016-10-25,-0.0031255598780644267
2016-10-26,-0.0021292315402964357
2016-10-27,0.001031359313652249
2016-10-28,-0.0033377507757656284
2016-10-29,7.360851916165273e-05
2016-10-30,-0.0003551628937200466
2016-10-31,-0.003600926501008725
2016-11-01,-0.006615340840591133
2016-11-02,-0.002420447108341286
2016-11-03,-0.0033184306945964965
2016-11-04,-0.0018975743166056384
2016-11-05,-0.00014681870939643897
2016-11-06,-0.0001224590788498248
2016-11-07,0.00015955411498727397
2016-11-08,0.004402130855353842
2016-11-09,-0.006265921428767507
2016-11-10,-0.0016450159846677392
2016-11-11,0.004013554910289597
2016-11-12,0.0002899872450636754
2016-11-13,0.0001532609947371829
2016-11-14,-0.0022607882510639315
2016-11-15,-0.0024559740700311424
2016-11-16,0.0008490369355415733
2016-11-17,0.002622281985769883
2016-11-18,-0.0023238071645094688
2016-11-19,1.3467610521150003e-05
2016-11-20,-0.0006473364556113963
2016-11-21,-0.003012912618185218
2016-11-22,0.002021467010047468
2016-11-23,0.001825986845959578
2016-11-24,0.0010383075313840525
2016-11-25,0.003436808144121931
2016-11-26,-0.00020209255169822613
2016-11-27,-0.0011744364411553545
2016-11-28,-0.0014128269296136513
2016-11-29,0.0026046590410308944
2016-11-30,-0.008206366039776397
2016-12-01,-0.0029358664191983467
2016-12-02,0.0007916845528681141
2016-12-03,-2.7474120528474654e-05
2016-12-04,-0.0003751315132670953
2016-12-05,0.000668094422123347
2016-12-06,0.001317400542664572
2016-12-07,0.00012868194538914442
2016-12-08,0.000527176571663801
2016-12-09,0.0020104480912551386
2016-12-10,2.4203290109157626e-05
2016-12-11,0.002789133657830187
2016-12-12,-0.0015777545504893835
2016-12-13,0.0008619009106232884
2016-12-14,0.0002114607693875991
2016-12-15,0.0009501541303262744
2016-12-16,0.00028048939060510585
2016-12-17,-7.079192161402244e-05
2016-12-18,0.00045607766378314476
2016-12-19,0.00165514504688432
2016-12-20,0.00012445054788638463
2016-12-21,-0.0010167935627927347
2016-12-22,7.358964090159017e-05
2016-12-23,0.0006734476025496856
2016-12-25,-8.7798918504153e-05
2016-12-26,0.001405414103660921
2016-12-27,0.0004821203459578791
2016-12-28,-0.0025502817504308673
2016-12-29,-0.0006745057316430064
2016-12-30,-0.0004722878821718638
2017-01-01,0.0002295627624004874
2017-01-02,0.0012496984736389029
2017-01-03,0.0006179511658849009
2017-01-04,-0.0007518524897222273
2017-01-05,0.002158662137645575
2017-01-06,0.001227249504236533
2017-01-07,4.874644789484827e-05
2017-01-08,0.00028052324525779907
2017-01-09,-0.0035202292159315692
2017-01-10,-0.0007976598018419036
2017-01-11,-0.0003977408084819195
2017-01-12,0.0014880882975747787
2017-01-13,-0.00040017403439816026
2017-01-14,2.1599299524950267e-05
2017-01-15,-0.0010522068972556174
2017-01-16,-0.0011588176099356468
2017-01-17,-0.000587748762099024
2017-01-18,0.0006646343975115769
2017-01-19,0.000753689517263019
2017-01-20,0.0006445073219858065
2017-01-21,-0.00015025831738676407
2017-01-22,-0.002220160088883279
2017-01-23,-0.0010044905543182803
2017-01-24,0.0033444171002878303
2017-01-25,0.003991673872844689
2017-01-26,0.0019125580309502337
2017-01-27,-0.0007369709063533577
2017-01-28,-0.00018046955767770886
2017-01-29,-0.0023322187185218493
2017-01-30,-0.003751780852378409
2017-01-31,3.3171370500583905e-06
2017-02-01,0.0
2017-02-02,0.0
2017-02-03,0.0
2017-02-04,0.0
2017-02-05,0.0
2017-02-06,0.0
2017-02-07,0.0
2017-02-08,0.0
2017-02-09,0.0
2017-02-10,0.0
2017-02-11,0.0
2017-02-12,0.0
2017-02-13,0.0
2017-02-14,0.0
2017-02-15,0.0
2017-02-16,0.0
2017-02-17,0.0
2017-02-19,0.0
2017-02-20,0.0
2017-02-21,0.0
2017-02-22,0.0
2017-02-23,0.0
2017-02-24,0.0
2017-02-25,0.0
2017-02-26,0.0
2017-02-27,0.0
2017-02-28,0.0
2017-03-01,0.0
2017-03-02,0.0
2017-03-03,0.0
2017-03-04,0.0
2017-03-05,0.0
2017-03-06,0.0
2017-03-07,0.0
2017-03-08,0.0
2017-03-09,0.0
2017-03-10,0.0
2017-03-11,0.0
2017-03-12,0.0
2017-03-13,0.0
2017-03-14,0.0
2017-03-15,0.0
2017-03-16,0.0
2017-03-17,0.0
2017-03-18,0.0
2017-03-19,0.0
2017-03-20,0.0
2017-03-21,0.0
2017-03-22,0.0
2017-03-23,0.0
2017-03-24,0.0
2017-03-25,0.0
2017-03-26,0.0
2017-03-27,0.0
2017-03-28,0.0
2017-03-29,0.0
2017-03-30,0.0
2017-03-31,0.0
2017-04-01,0.0
2017-04-02,0.0
2017-04-03,-0.0007900871664908318
2017-04-04,0.0
2017-04-05,0.0
2017-04-06,0.0
2017-04-07,0.0
2017-04-08,0.0
2017-04-09,0.0
2017-04-10,0.0
2017-04-11,0.0
2017-04-12,0.0
2017-04-13,0.0
2017-04-14,0.0
2017-04-15,0.0
2017-04-16,0.0
2017-04-17,0.0
2017-04-18,0.0
2017-04-19,0.0
2017-04-20,0.0
2017-04-21,0.0
2017-04-22,0.0
2017-04-23,0.0
2017-04-24,0.0
2017-04-25,0.0
2017-04-26,0.0
2017-04-27,0.0
2017-04-28,0.0
2017-04-29,0.0
2017-04-30,0.0
2017-05-01,0.0
2017-05-02,0.0
2017-05-03,0.0
2017-05-04,0.0
2017-05-05,0.0
2017-05-06,0.0
2017-05-07,0.0
2017-05-08,0.0
2017-05-09,0.0
2017-05-10,0.0
2017-05-11,0.0
2017-05-12,0.0
2017-05-13,0.0
2017-05-14,0.0
2017-05-15,0.0
2017-05-16,0.0
2017-05-17,0.0
2017-05-18,0.0
2017-05-19,0.0
2017-05-20,0.0
2017-05-21,0.0
2017-05-22,0.0
2017-05-23,0.0
2017-05-24,0.0
2017-05-25,0.0
2017-05-26,0.0
2017-05-27,0.0
2017-05-28,0.0
2017-05-29,0.0
2017-05-30,0.0
2017-05-31,0.0
2017-06-01,0.0
2017-06-02,0.0
2017-06-03,-4.985078684073035e-05
2017-06-04,-0.00034220523581843064
2017-06-05,0.0004249006545804848
2017-06-06,-0.0005538176859700086
2017-06-07,0.001993277455778451
2017-06-08,-0.0010880090517095566
2017-06-09,-0.008377121373019634
2017-06-10,-4.071341249090221e-05
2017-06-11,-0.0003774768127272345
2017-06-12,-0.0002881712798325601
2017-06-13,0.0004338734473182745
2017-06-14,-0.0011678332332703543
2017-06-15,-0.0007599569877586096
2017-06-16,-0.0005227715054112297
2017-06-17,6.771384203779513e-05
2017-06-18,0.0011666775544490644
2017-06-19,0.0019264039540233333
2017-06-20,-0.001918688562754525
2017-06-21,0.0034429529226140797
2017-06-22,-0.00043527251015922433
2017-06-23,0.0006408979337325502
2017-06-24,4.536360520190349e-05
2017-06-25,0.002326444736361856
2017-06-26,-0.002831379659810686
2017-06-27,-0.004944297267352255
2017-06-28,0.0021024350034220297
2017-06-29,-0.004532195786459751
2017-06-30,-0.0016759861534176917
2017-07-01,6.82859985580641e-05
2017-07-02,-0.00012528114357347365
2017-07-03,-0.004296989541710815
2017-07-04,0.0004160725991307603
2017-07-05,0.002475514570035452
2017-07-06,-0.00159383767438972
2017-07-07,0.0010878218459804306
2017-07-08,7.466561988893561e-05
2017-07-09,0.00015059042613336024
2017-07-10,8.868611520251964e-05
2017-07-11,0.0005091006608052865
2017-07-12,0.0031374007889103652
2017-07-13,-0.0010885650970818177
2017-07-14,0.0024579452559604026
2017-07-15,0.001558460417169194
2017-07-16,0.0023043907777327978
2017-07-17,0.0013443203143560065
2017-07-18,0.0015151176302670847
2017-07-19,-0.00013403137050720386
2017-07-20,0.0012599816328958415
2017-07-21,0.002447578693395126
2017-07-22,-2.2752941188252377e-05
2017-07-23,0.0015747043161945882
2017-07-24,-0.00013912075473203884
2017-07-25,0.0010845518087235079
2017-07-26,0.0034373039343806276
2017-07-27,-0.003038445223503559
2017-07-28,0.003339473645685511
2017-07-29,-2.374272989093669e-05
2017-07-30,-0.00033626242534774676
2017-07-31,0.0016436487625945263
2017-08-01,-0.0018528273687582664
2017-08-02,-0.0002000102539104295
2017-08-03,-0.00021858451079602423
2017-08-04,-0.0002398228189785499
2017-08-05,6.279164975719747e-05
2017-08-06,0.0007680753510276476
2017-08-07,-0.00030249484774068255
2017-08-08,-0.001956139313354923
2017-08-09,0.0018119977225499468
2017-08-10,-0.005809502246264416
2017-08-11,0.00239622039145886
2017-08-12,8.382887371166753e-05
2017-08-13,0.0013936930378003558
2017-08-14,0.0003394913294364968
2017-08-15,-0.0017829332970359336
2017-08-16,-0.0005774188055644678
2017-08-17,-0.003396207145968293
2017-08-18,0.0008077116206066971
2017-08-19,-5.479980141210093e-05
2017-08-20,-0.0015630247485040564
2017-08-21,0.0009460147558400868
2017-08-22,0.001043611539820149
2017-08-23,0.0001626865662761453
2017-08-24,-0.0008410642076994509
2017-08-25,0.0008158539096017465
2017-08-26,-6.951371782328284e-05
2017-08-27,-0.0016783775446432316
2017-08-28,0.00016932236424799889
2017-08-29,0.001929153897249389
2017-08-30,7.675051439576453e-05
2017-08-31,0.0044491183809723415
2017-09-01,0.000321557857441965
2017-09-02,-0.00016383265706431863
2017-09-03,-0.0003032858409292243
2017-09-04,0.0003976636752073246
2017-09-05,-0.00018570385523111204
2017-09-06,0.00013221421814699487
2017-09-07,0.0021098228395544324
2017-09-08,-0.0023312807261988335
2017-09-09,0.0002505296047992194
2017-09-10,0.0014710128852918245
2017-09-11,0.0007829679706002007
2017-09-12,0.0012680304792745348
2017-09-13,-0.0017060900788116705
2017-09-14,-0.0005325218610431895
2017-09-15,0.001177709977276132
2017-09-16,5.105015135398317e-05
2017-09-17,0.0006109550172294004
2017-09-18,-0.0017744749444713987
2017-09-19,0.00121308521192916
2017-09-20,-0.0019952775457685794
2017-09-21,-0.003086805756898579
2017-09-22,0.001343750093421841
2017-09-23,0.00015376334605836646
2017-09-24,-0.002816096174350025
2017-09-25,-0.0008444580117674813
2017-09-26,-5.195592508906265e-05
2017-09-27,0.001272654052925212
2017-09-28,0.00047973544454635764
2017-09-29,0.002210103679931761
2017-09-30,0.00015951796052577429
2017-10-01,0.00011840357942590157
2017-10-02,0.0003109247430088485
2017-10-03,0.0009264027765920651
2017-10-04,0.004139322780417164
2017-10-05,0.0037124391404846093
2017-10-06,-0.0007851544580659802
2017-10-07,1.3712233176463883e-06
2017-10-08,0.00136196829695311
2017-10-09,-0.0001315966089208866
2017-10-10,0.0015651264625044267
2017-10-11,0.0015748602538467153
2017-10-12,-0.0003475340023586429
2017-10-13,0.002488601927528698
2017-10-14,9.135783688703744e-05
2017-10-15,0.0013140016019966688
2017-10-16,-0.000357864212297644
2017-10-17,0.0005677931045431508
2017-10-18,-0.0003387265431613175
2017-10-19,0.0003570230189574431
2017-10-20,0.00046608004408339244
2017-10-21,0.00011373135321991111
2017-10-22,0.000429066004260456
2017-10-23,-0.0022991353203165163
2017-10-24,-0.00022720203020193527
2017-10-25,-0.0011022586953523177
2017-10-26,0.006846418202097605
2017-10-27,0.009037962290159796
2017-10-28,7.18932658123023e-05
2017-10-29,-0.0007825831041821534
2017-10-30,0.0005283803293744847
2017-10-31,0.003623334289099377
2017-11-01,-0.0012910117476707032
2017-11-02,0.0033872778260536727
2017-11-03,0.0021921335194969305
2017-11-04,-8.96332337288279e-05
2017-11-05,-0.0011385562941440823
2017-11-06,0.007519178530364611
2017-11-07,-0.002159776530325941
2017-11-08,0.003247053619435358
2017-11-09,-0.003636954948761484
2017-11-10,-0.0033905504896950666
2017-11-11,0.00017311650867619547
2017-11-12,0.001822130123612873
2017-11-13,-0.002693052110262941
2017-11-14,-0.004803958691704291
2017-11-15,0.00168602759460119
2017-11-16,0.004960258223768097
2017-11-17,-0.0013933516675164808
2017-11-18,-3.562888286945648e-05
2017-11-19,-0.0007768642529702857
2017-11-20,0.0026593482807501945
2017-11-21,0.005448542871811119
2017-11-22,0.00044698717885762623
2017-11-23,0.002201378982384857
2017-11-24,0.0016756992991088372
2017-11-25,-0.00020959669985630983
2017-11-26,-0.0019378275067323402
2017-11-27,0.013359253861142704
2017-11-28,0.016194886328237762
2017-11-29,0.0045149692979287726
2017-11-30,0.014424348744500312
2017-12-01,-0.0005138349574083698
2017-12-02,0.0010137611069218383
2017-12-03,0.013293636345271913
2017-12-04,0.004372515653543307
2017-12-05,0.005137862640633901
2017-12-06,0.016612911062431766
2017-12-07,0.017458706315360145
2017-12-08,0.002653277678550212
2017-12-09,0.00013100304273878309
2017-12-10,0.01287691476205303
2017-12-11,0.003369529546338772
2017-12-12,-0.0028828225275993546
2017-12-13,-0.0009164330688157201
2017-12-14,0.004509117032114754
2017-12-15,0.00586277330522814
2017-12-16,0.0002460732109390425
2017-12-17,0.001597028807964564
2017-12-18,-0.004346066829112514
2017-12-19,-0.006431127817403045
2017-12-20,-0.005402397152762464
2017-12-21,-0.00388931159116283
2017-12-22,-0.00022129056748643153
2017-12-24,-0.004624557686581636
2017-12-25,0.019602931383575405
2017-12-26,0.017383082445531113
2017-12-27,0.01574457916913074
2017-12-28,0.013364638886162556
2017-12-29,-0.002173085694117049
2017-12-31,0.012785150331201851
2018-01-01,0.0019527610074809303
2018-01-02,0.003163957808818118
2018-01-03,0.003364760027988781
2018-01-04,0.002453070604965274
2018-01-05,0.0015575359111388266
2018-01-06,-8.269118454666559e-06
2018-01-07,0.0005019438043709271
2018-01-08,0.0001551404542840257
2018-01-09,0.00016098346521169744
2018-01-10,0.00027787797130388357
2018-01-11,0.0030638779785571255
2018-01-12,0.003876017163181671
2018-01-13,-2.2109778461742043e-05
2018-01-14,0.0010878832302441863
2018-01-15,0.0005017556716030321
2018-01-16,-0.00205831129787514
2018-01-17,0.002439496999092488
2018-01-18,-0.0013718464353552763
2018-01-19,0.0031495807902939895
2018-01-20,-0.00011354801866898604
2018-01-21,-0.0006887822348821179
2018-01-22,0.008774218815818007
2018-01-23,1.5669052678126132e-05
2018-01-24,0.0028227017023305396
2018-01-25,-0.00010933642825879019
2018-01-26,0.005474617042360828
2018-01-27,2.9854110877322693e-05
2018-01-28,-0.0008681111442280495
2018-01-29,-0.009727651683140374
2018-01-30,0.00019364701794966402
2018-01-31,0.0014307250885456373
2018-02-01,-0.0029976502943102933
2018-02-02,-0.014282691288245027
2018-02-03,-2.3835046121800783e-06
2018-02-04,-0.005658266995521887
2018-02-05,-0.025848408864872833
2018-02-06,0.005153646394180577
2018-02-07,-0.004017801534543661
2018-02-08,-0.0020588232900577083
2018-02-09,0.0005654753899708073
2018-02-10,-5.303426367130105e-05
2018-02-11,0.0013947145168323753
2018-02-12,0.013622540081750246
2018-02-13,0.012164526348198599
2018-02-14,0.012503231862096125
2018-02-15,0.010044463597556829
2018-02-16,-0.0011328064434630491
2018-02-17,7.82546634101707e-05
2018-02-18,0.007834012608867999
2018-02-19,-0.004521224769487895
2018-02-20,-0.005438715875399808
2018-02-21,-0.003854093714473608
2018-02-22,-0.002139540333398872
2018-02-23,0.0010317302347950614
2018-02-24,-0.00011145531695570122
2018-02-25,-0.0024336415935537533
2018-02-26,0.0005222750840807349
2018-02-27,-0.00251899798385172
2018-02-28,-0.001490738668320388
2018-03-01,-0.000666342783866263
2018-03-02,0.000908056073221705
2018-03-03,-0.00024777713332521726
2018-03-04,0.0001994323624885556
2018-03-05,0.0005709635625797698
2018-03-06,0.0010613528137262903
2018-03-07,0.0008241894370188428
2018-03-08,0.0026818951062489854
2018-03-09,0.001200059018154959
2018-03-10,0.003210450768637227
2018-03-11,0.00042127089554878005
2018-03-12,-0.0006071267403734727
2018-03-13,-0.001137755656729262
2018-03-14,0.0008251406550419461
2018-03-15,0.00042969880189523273
2018-03-16,-0.0003230176232073489
2018-03-17,-0.00011508351571526266
2018-03-18,-0.0009482152051736726
2018-03-19,-0.002004814314925118
2018-03-20,-0.00025574738351446396
2018-03-21,-0.005753204592728095
2018-03-22,-0.0040106933551197314
2018-03-23,-0.0010866608033746055
2018-03-24,0.0001652853281026712
2018-03-25,0.0009270855607862084
2018-03-26,0.002399177468468553
2018-03-27,-0.0028422952238390557
2018-03-28,-0.0025528240789645033
2018-03-29,0.0017385015612624197
2018-03-30,-1.940513638943484e-05
2018-03-31,-0.00014344630024790624
2018-04-01,-0.0006285475725216107
2018-04-02,0.008089823218725636
2018-04-03,0.010589244699918067
2018-04-04,0.012057481997192204
2018-04-05,0.008727254536565398
2018-04-06,-0.0008673368030536881
2018-04-07,0.00020021328560711706
2018-04-08,0.011239781021812216
2018-04-09,-0.0025668103598175864
2018-04-10,-0.003781439725263837
2018-04-11,-0.0027724089308061688
2018-04-12,-0.004354922878402715
2018-04-13,0.0003010825108164353
2018-04-14,4.855796107268926e-05
2018-04-15,-0.0031155994740201727
2018-04-16,-0.0024004244243800562
2018-04-17,-0.0024303871287887375
2018-04-18,-0.0031820592092436555
2018-04-19,-0.009665965823583107
2018-04-20,-0.0035740352398598335
2018-04-21,0.00023367252142852526
2018-04-22,-0.0032920545058236763
2018-04-23,0.010346441976642685
2018-04-24,0.010047634357428043
2018-04-25,0.017426491072955713
2018-04-26,0.015294021929135775
2018-04-27,-0.00022464613338014545
2018-04-28,0.00019356419078213065
2018-04-29,0.011527746013050684
2018-04-30,0.005108864808197284
2018-05-01,0.0065381769693838255
2018-05-02,0.0034402131990562686
2018-05-03,0.00910123644590079
2018-05-04,0.0033193257496935123
2018-05-05,0.00019471604630453597
2018-05-06,0.008058457770977431
2018-05-07,-0.002199215285317725
2018-05-08,-0.003099651210328724
2018-05-09,0.00010737139987830014
2018-05-10,-8.083776994470248e-05
2018-05-11,-6.354122275109236e-05
2018-05-12,0.00020760863390938957
2018-05-13,-0.0016782431119886116
2018-05-14,-0.0016862231972780807
2018-05-15,-0.003547101524888581
2018-05-16,0.002006762568125934
2018-05-17,-0.0009825091208275727
2018-05-18,-0.0016813638433677467
2018-05-19,0.0008817777735171633
2018-05-20,0.001651096263942332
2018-05-21,-0.00029611241907294525
2018-05-22,-0.0012787143658127315
2018-05-23,0.0016750404789652247
2018-05-24,0.0013690238391158786
2018-05-25,-0.0017693246687988512
2018-05-26,-1.3737602607379318e-05
2018-05-27,0.0010937841764569294
2018-05-28,-0.0008568326480200206
2018-05-29,-0.0032393477233805656
2018-05-30,0.0023592684796394283
2018-05-31,0.007862114702377488
2018-06-01,0.002321310476059022
2018-06-02,7.381030201103464e-07
2018-06-03,0.0012709008245552762
2018-06-04,0.0016913208860220696
2018-06-05,0.0017836947924788592
2018-06-06,0.003160242959202397
2018-06-07,-0.0034484484723201064
2018-06-08,0.0003541718229526124
2018-06-09,-0.00030636795902591184
2018-06-10,0.000852001311100128
2018-06-11,0.003011139972365794
2018-06-12,0.0018434824274176824
2018-06-13,-0.0017150058873088726
2018-06-14,0.004047863650459797
2018-06-15,-0.0024710679737247323
2018-06-16,-0.0006910301316833673
2018-06-17,-0.004616250124525331
2018-06-18,-0.0031297657246002497
2018-06-19,0.0022858561862855796
2018-06-20,0.00732626902705838
2018-06-21,-0.008244647819185377
2018-06-22,-0.0016635509396708817
2018-06-23,-0.0005351715372872482
2018-06-24,-0.00412813295692989
2018-06-25,-0.006382891989671583
2018-06-26,-0.0025969504291889376
2018-06-27,-0.0019704252552296526
2018-06-28,0.003496093804467478
2018-06-29,-0.001892512724457632
2018-06-30,0.0002473370616469324
2018-07-01,0.0019632216569827514
2018-07-02,-0.00447169935852789
2018-07-03,-0.0027609846850538433
2018-07-04,0.0015856131922162586
2018-07-05,0.005743038490603471
2018-07-06,0.007011189203797391
2018-07-07,0.00027951656006797306
2018-07-08,0.016934294863851413
2018-07-09,0.00310463224400409
2018-07-10,-0.0032620241639970357
2018-07-11,0.0042538789796313925
2018-07-12,0.006532462909414735
2018-07-13,0.0002959609835371492
2018-07-14,0.00021791081460485008
2018-07-15,-0.001197634147369756
2018-07-16,0.0007011150461477875
2018-07-17,0.00641280166464182
2018-07-18,-0.00048531433175025117
2018-07-19,-0.005254695824945614
2018-07-20,-0.0005525445040437657
2018-07-21,-0.0008663957122195361
2018-07-22,0.0005791401950337584
2018-07-23,0.0029937316327978583
2018-07-24,-0.001497999811384455
2018-07-25,0.001954871244527242
2018-07-26,0.0005442341793563341
2018-07-27,-0.0060551358200381915
2018-07-28,-0.00018696694309795316
2018-07-29,-0.00303959567059804
2018-07-30,-0.0010804867083913112
2018-07-31,0.0025503488494436717
2018-08-01,0.002706147532209965
2018-08-02,0.0021877432062771926
2018-08-03,0.0005816904202451995
2018-08-04,3.666150130583193e-05
2018-08-05,0.001333917341011263
2018-08-06,0.01189941852940841
2018-08-07,0.0018827320141910579
2018-08-08,-0.0014066655980812495
2018-08-09,-0.001631536702327705
2018-08-10,-0.0026099633548441075
2018-08-11,-0.0003224417492540195
2018-08-12,-0.0014177687331362071
2018-08-13,0.0026415272007998653
2018-08-14,0.0026951391677428067
2018-08-15,-0.0023008692796821512
2018-08-16,0.0008562365216243078
2018-08-17,0.0004106522054746928
2018-08-18,2.195014264530972e-05
2018-08-19,-0.0008316098233946186
2018-08-20,-0.00019531067489505724
2018-08-21,0.00011416781190509458
2018-08-22,0.0019843812143770273
2018-08-23,0.00023145908147344317
2018-08-24,0.0027700970518989617
2018-08-25,0.00026027612825444053
2018-08-26,0.002435297569445823
2018-08-27,0.004426163549530554
2018-08-28,0.0072075288312302595
2018-08-29,0.0020334630338802446
2018-08-30,-0.0015235936466093782
2018-08-31,0.0017005625020915585
2018-09-01,0.00014923636220150123
2018-09-02,-0.0004240660467034989
2018-09-03,0.00011371238511896084
2018-09-04,-0.005297144505437831
2018-09-05,-0.006293276446698582
2018-09-06,-0.005455892644198001
2018-09-07,-0.00019139311507296517
2018-09-08,0.0005111314079133061
2018-09-09,0.0018385163787348622
2018-09-10,0.0013268935960126854
2018-09-11,-0.004187943661881671
2018-09-12,0.0005869104217875171
2018-09-13,0.005016949139553486
2018-09-14,0.0006787654406065593
2018-09-15,8.350328910386895e-05
2018-09-16,-0.006228841024620071
2018-09-17,-0.0029922204276043095
2018-09-18,0.005587136143914639
2018-09-19,0.0057360032916811765
2018-09-20,0.005523344115169574
2018-09-21,-0.0017180221816779668
2018-09-22,-0.0022302457431897806
2018-09-23,-0.00038696537222044264
2018-09-24,0.0021357431394016316
2018-09-25,0.002293776227235429
2018-09-26,0.001856425380715449
2018-09-27,0.0034404705716736777
2018-09-28,-0.00019539894151877674
2018-09-29,0.005079058477928503
2018-09-30,0.002079005996707868
2018-10-01,-0.003560852484032609
2018-10-02,0.0011031211294829535
2018-10-03,-0.0053780215878534545
2018-10-04,-0.008441376479339633
2018-10-05,-0.004471851886138112
2018-10-06,0.0006396391050535365
2018-10-07,-8.170340512978425e-05
2018-10-08,-0.0017771981711259199
2018-10-09,-0.011285986941021375
2018-10-10,-0.031088477434039776
2018-10-11,0.0010804915831937737
2018-10-12,0.0012212074145195458
2018-10-13,-0.00040738491841950505
2018-10-14,-0.0008461335749558246
2018-10-15,0.0010783949976314446
2018-10-16,0.002451880817994287
2018-10-17,-0.0016407017538551199
2018-10-18,-0.0014146142426664596
2018-10-19,-0.0007833979883028556
2018-10-20,2.1835834954277135e-05
2018-10-21,0.0001904312072746327
2018-10-22,-0.000831246272776462
2018-10-23,-0.002043411214447185
2018-10-24,-0.0025877961191239137
2018-10-25,-6.582154319685836e-05
2018-10-26,-0.00021277606138407127
2018-10-27,0.00023190705397183175
2018-10-28,-0.0004909906141722551
2018-10-29,2.1686406105412145e-05
2018-10-30,0.0026016975081034565
2018-10-31,0.001420117334762502
2018-11-01,-0.00021124582354348754
2018-11-02,-0.0001932149765453791
2018-11-03,-4.767497260558457e-05
2018-11-04,-0.00013830561916675769
2018-11-05,0.0011937590731810092
2018-11-06,0.0025627031841174556
2018-11-07,0.0019205175200444847
2018-11-08,-0.0003225537518123413
2018-11-09,-0.0008111318923142381
2018-11-10,0.00043235738284024607
2018-11-11,-0.0011878651614278936
2018-11-12,-0.0016119784147787504
2018-11-13,-0.0010574758345598975
2018-11-14,-0.0003758035825125298
2018-11-15,-0.00047571703376766153
2018-11-16,-0.0007230152759623385
2018-11-17,-5.844567150824913e-05
2018-11-18,-0.0021698522040511717
2018-11-19,-0.0016785006489972091
2018-11-20,0.0004432208495843744
2018-11-21,-0.00024421859531701225
2018-11-22,-4.647679228702751e-05
2018-11-23,0.0004259820869181026
2018-11-24,0.00018309063873878095
2018-11-25,0.0006593248478476382
2018-11-26,0.0007769591973981111
2018-11-27,0.001104140896707262
2018-11-28,-0.0002162965964964993
2018-11-29,0.0005016349396818954
2018-11-30,0.0008607237256848151
2018-12-01,0.0006963194203058414
2018-12-02,-0.0005917993515104778
2018-12-03,-0.002809377983031829
2018-12-04,-0.0029432318595337863
2018-12-05,-0.0031567404379153497
2018-12-06,-0.001175987757768441
2018-12-07,-0.00027632182360720403
2018-12-08,-0.000490809119999367
2018-12-09,-6.310857619695502e-05
2018-12-10,0.0010631139107810596
2018-12-11,0.0011893478808651498
2018-12-12,-0.0003411411413714711
2018-12-13,-0.0013255899839978204
2018-12-14,9.777821807574179e-05
2018-12-15,0.0002056561411343006
2018-12-16,0.0039048642722963253
2018-12-17,-0.0005133665511164068
2018-12-18,0.0011866931703578547
2018-12-19,0.00066137182519904
2018-12-20,0.0012242448541779445
2018-12-21,0.0003471426364178127
2018-12-22,3.736707982258842e-05
2018-12-23,0.0015906810358768996
2018-12-24,0.00028553922349954436
2018-12-25,-0.0038482064303562765
2018-12-26,-0.00043054094398138
2018-12-27,0.00029458129266332633
2018-12-28,4.6194505386244124e-05
2018-12-29,-3.343013888685242e-05
2018-12-30,-0.000130400419043712
2018-12-31,-0.0005894912716216738
2019-01-01,0.0006257261695900119
2019-01-02,0.0008701964191945366
2019-01-03,-0.0005805366001622194
2019-01-04,-0.0003116890891625629
2019-01-05,4.6203182348306686e-05
2019-01-06,0.000496274332142477
2019-01-07,0.00013958668911277477
2019-01-08,-0.0006976168225750485
2019-01-09,0.0004291059602649307
2019-01-10,0.0001866039926639717
2019-01-11,5.001147700114841e-05
2019-01-12,-0.0004956038709629776
2019-01-13,0.0004334439573109733
2019-01-14,-0.0019687759555325817
2019-01-15,-6.988090436985243e-05
2019-01-16,0.000618589145105405
2019-01-17,0.000458779338328916
2019-01-18,-0.0002982891548780438
2019-01-19,-0.00021584920593313407
2019-01-20,-0.00023301899875365732
2019-01-21,-0.000488758022636822
2019-01-22,2.6072874034287753e-05
2019-01-23,0.0004933313688123614
2019-01-24,0.00013711734268873077
2019-01-25,0.00035199061191858047
2019-01-26,-0.00019190747986112073
2019-01-27,-0.0008213292190419358
2019-01-28,0.0012890101451457166
2019-01-29,0.002600513683586621
2019-01-30,0.0014012899429090865
2019-01-31,0.0011103856010866858
2019-02-01,-0.0003067262660495915
2019-02-02,0.00012122058901510562
2019-02-03,0.001475405347132538
2019-02-04,0.01108989934059869
2019-02-05,0.01066676303255422
2019-02-06,0.009433506385320508
2019-02-07,0.011575025204064364
2019-02-08,0.0001275757543010798
2019-02-09,-0.0001278833736977198
2019-02-10,0.010573952296770973
2019-02-11,0.0007737664810576686
2019-02-12,0.0003760591007689816
2019-02-13,-7.479997328353458e-05
2019-02-14,0.0015062017327745782
2019-02-15,8.858489809609462e-05
2019-02-16,-0.00011283808161076474
2019-02-17,0.0005430014261606841
2019-02-18,0.004571991551005244
2019-02-19,0.004897240241292553
2019-02-20,0.0038688673509948697
2019-02-21,0.004717361869152031
2019-02-22,0.0001049509624129137
2019-02-23,0.00017031797583222922
2019-02-24,0.00515202221250495
2019-02-25,-0.0007301994386320554
2019-02-26,-0.00025082810566428774
2019-02-27,-8.677340538713772e-05
2019-02-28,5.037197366813711e-05
2019-03-01,-0.0006663132636254479
2019-03-02,0.0004236335114168746
2019-03-03,-0.0006605731045574498
2019-03-04,4.548616256744589e-05
2019-03-05,-0.0007047970339926547
2019-03-06,0.00030900495773779975
2019-03-07,2.0988257607195293e-05
2019-03-08,-9.793598686009717e-06
2019-03-09,-1.709661886730245e-05
2019-03-10,0.003923715488977799
2019-03-11,-0.0010549444834884452
2019-03-12,0.0013432432676076954
2019-03-13,0.0006715510531614654
2019-03-14,0.0015424361917057948
2019-03-15,-0.00010575840698090382
2019-03-16,-0.00014524349802543595
2019-03-17,0.00017235118147822267
2019-03-18,0.0003046000024174203
2019-03-19,-0.0001869066499831795
2019-03-20,0.005389005235867206
2019-03-21,-0.0032068321482818384
2019-03-22,0.0006392487274139541
2019-03-23,0.0003475872952997826
2019-03-24,0.0004567675800085914
2019-03-25,0.0006471832574850341
2019-03-26,-0.0008824977661166303
2019-03-27,-0.0030486716021152853
2019-03-28,0.0002986927352668399
2019-03-29,0.00019228956804525027
2019-03-30,0.0007548537933614672
2019-03-31,0.0006938831438802039
2019-04-01,0.0014641273076165678
2019-04-02,0.00030957395470715697
2019-04-03,-0.00025216037933595503
2019-04-04,0.0009367969639588497
2019-04-05,0.0004434538363095879
2019-04-06,-0.0003224598242914285
2019-04-07,0.00012705490292637866
2019-04-08,-0.0003665883750095529
2019-04-09,0.00015082447502213144
2019-04-10,0.0031455328575910923
2019-04-11,-0.00100198064305394
2019-04-12,0.0023961824933938433
2019-04-13,-0.0002651032391091412
2019-04-14,0.0008479034303929897
2019-04-15,0.0011041725104570304
2019-04-16,0.0024215015188781774
2019-04-17,-0.0027368178095343097
2019-04-18,0.003836564459016969
2019-04-19,4.1741733436360575e-06
2019-04-20,-0.0005668617726042795
2019-04-21,0.00024173322331971057
2019-04-22,0.006606908901552602
2019-04-23,0.012699093172975323
2019-04-24,0.0010567142470075924
2019-04-25,-0.004666768874413564
2019-04-26,0.005258974138923847
2019-04-27,-0.00036826673805207954
2019-04-28,-0.002366373418917065
2019-04-29,-0.001811032638809991
2019-04-30,0.0036934275901419227
2019-05-01,-0.009447711314831615
2019-05-02,0.0021695001900878096
2019-05-03,0.007692410307066909
2019-05-04,-0.004912146513432354
2019-05-05,-0.01088154554802803
2019-05-06,0.002192079736334208
2019-05-07,-0.004377520010367805
2019-05-08,-0.0033023717517678304
2019-05-09,-0.0006503626068707258
2019-05-10,0.0016904954325215923
2019-05-11,-0.0001119224056099918
2019-05-12,-0.004175045195591603
2019-05-13,-0.004243572556239506
2019-05-14,0.0022696387892237107
2019-05-15,0.0006514665604355073
2019-05-16,0.0018147263197141896
2019-05-17,-0.0019774550646062894
2019-05-18,-0.00017329120987204507
2019-05-19,-0.0012329843334714804
2019-05-20,-0.002291861694723235
2019-05-21,0.0005664445980974284
2019-05-22,-0.0010078909910242876
2019-05-23,-0.0018947318185286008
2019-05-24,-0.00023313808639205058
2019-05-26,-2.481908853439345e-05
2019-05-27,0.0008879485586382415
2019-05-28,-0.002689084050459141
2019-05-29,0.0011937797192910946
2019-05-30,0.0006360214121946375
2019-05-31,-0.00159714046671614
2019-06-01,0.0018212373546214395
2019-06-02,0.001966599665257856
2019-06-03,-0.006090495441354661
2019-06-04,0.0034776417360419657
2019-06-05,0.0010588419602100083
2019-06-06,-0.0018726912358883628
2019-06-07,5.8077887243070605e-05
2019-06-08,-0.0009563098989031134
2019-06-09,-0.00010780636773826386
2019-06-10,0.0012090841868918568
2019-06-11,0.00023781943400959476
2019-06-12,1.8038464498131127e-05
2019-06-13,0.0019032601475919718
2019-06-14,0.00024104058036773814
2019-06-15,-0.00010473622895023477
2019-06-16,-6.358189169387209e-05
2019-06-17,0.0006429600797114955
2019-06-18,0.004451242718813346
2019-06-19,0.0031877497818476016
2019-06-20,-0.0007186514989993844
2019-06-21,-0.0018332574922437035
2019-06-22,0.0003426318718914383
2019-06-23,0.001980748140302697
2019-06-24,-0.00011521815586267774
2019-06-25,-0.0027728202848154846
2019-06-26,0.0009439445138075769
2019-06-27,-0.00010670078310229734
2019-06-28,0.00034113854600686456
2019-06-29,-0.001143537369386554
2019-06-30,0.00018978288825810516
2019-07-01,0.0025560065601641507
2019-07-02,0.006070471962776505
2019-07-03,0.0004959944003286017
2019-07-04,-0.0006000716782147438
2019-07-05,-0.0007281456708101674
2019-07-06,-6.970348593277338e-05
2019-07-07,-0.0003759232247425148
2019-07-08,-0.0005904292616496282
2019-07-09,0.001984727073166992
2019-07-10,-7.952239961726154e-05
2019-07-11,3.010618750310736e-05
2019-07-12,0.00026697342341809897
2019-07-13,-0.0003196069480352699
2019-07-14,0.00020395284825381146
2019-07-15,0.0003613404368896949
2019-07-16,0.0008632239160865697
2019-07-17,0.00023238987297409465
2019-07-18,0.0012061207023010769
2019-07-19,-0.001794297511915789
2019-07-20,0.00021081568848534298
2019-07-21,-0.0006773495756729697
2019-07-22,0.001942558284770044
2019-07-23,0.0014378670348584761
2019-07-24,0.00046849283785078104
2019-07-25,-0.00032236307206173634
2019-07-26,0.0006108839191170168
2019-07-27,0.00020085917279405625
2019-07-28,-0.00012582521914940517
2019-07-29,0.00029561693169704185
2019-07-30,-0.0009053949954546459
2019-07-31,-0.0005036061651068271
2019-08-01,-0.0006567080705247372
2019-08-02,-0.001013752806250812
2019-08-03,0.0005518013759941698
2019-08-04,-0.0015773347339891341
2019-08-05,-0.004300922294726972
2019-08-06,0.003859270767758953
2019-08-07,0.0021642694875893894
2019-08-08,0.001530983339351058
2019-08-09,-0.000795934833830625
2019-08-10,-0.00013408934313041988
2019-08-11,0.001618315638697895
2019-08-12,-0.0017690178469092707
2019-08-13,0.0033831758130001524
2019-08-14,-0.00182041035460622
2019-08-15,0.00034083862611589485
2019-08-16,0.0009602027551505759
2019-08-17,-0.000441941067024887
2019-08-18,-0.0012424728962369353
2019-08-19,0.0008214550595255337
2019-08-20,-0.00036053240819124697
2019-08-21,7.562232092023551e-05
2019-08-22,-0.0020913352150450913
2019-08-23,-0.0013542795694522652
2019-08-24,0.001179166127825829
2019-08-25,-0.0006841263033695293
2019-08-26,0.0019483594960865744
2019-08-27,0.0005733510805379247
2019-08-28,-0.0010780983825648528
2019-08-29,0.001269543683407125
2019-08-30,0.00021509671146845825
2019-08-31,0.0005574337447098236
2019-09-01,0.00043215955494254715
2019-09-02,0.00229402467763201
2019-09-03,-0.0003821090492398115
2019-09-04,-0.002061028918323895
2019-09-05,-0.0016667950791305888
2019-09-06,-0.00025496042628396834
2019-09-07,0.00033235498957303515
2019-09-08,-0.0021225659866508013
2019-09-09,-0.0008862030920814228
2019-09-10,0.000597557965803758
2019-09-11,0.0006868672861245744
2019-09-12,-0.0014956847264646273
2019-09-13,2.7342862660066614e-05
2019-09-14,0.001591670495135544
2019-09-15,0.00019103618110007602
2019-09-16,0.0008763681462939012
2019-09-17,-0.00039188274269568823
2019-09-18,0.0017191476941905723
2019-09-19,0.0030602962606972777
2019-09-20,-0.0016519131885193166
2019-09-21,-1.4332824313736599e-05
2019-09-22,0.0023552541565631684
2019-09-23,0.00037516717258962167
2019-09-24,-0.004608924644270113
2019-09-25,0.00023617845640496208
2019-09-26,-0.005952217785589563
2019-09-27,-0.0014689239436769437
2019-09-28,0.0013383538293165193
2019-09-29,0.0030272304605958615
2019-09-30,-0.0032287536219915256
2019-10-01,-0.006486728710802667
2019-10-02,-0.000834509067083256
2019-10-03,0.0038985789205128836
2019-10-04,0.0009471722046251771
2019-10-05,-0.0010381170068070385
2019-10-06,0.0009617577212548605
2019-10-07,-0.005175440086483952
2019-10-08,0.00019820716811013534
2019-10-09,0.0018502486043186306
2019-10-10,0.0014835232949249025
2019-10-11,0.00015989350738591267
2019-10-12,0.00045711457654427706
2019-10-13,0.00027494379189778854
2019-10-14,0.0019709959620272167
2019-10-15,-0.00028368583261373695
2019-10-16,-0.001355755918974194
2019-10-17,-0.002315804413980733
2019-10-18,-0.0008114222610273418
2019-10-19,0.0007398044457850527
2019-10-20,0.0018161186637686926
2019-10-21,-0.002076678787743987
2019-10-22,0.0010107080111435279
2019-10-23,0.001575923103134345
2019-10-24,0.0033368281934052484
2019-10-25,0.0011035461654073687
2019-10-26,0.002702254979019709
2019-10-27,0.003297610293175745
2019-10-28,-0.0015886913230893412
2019-10-29,-0.00014286032850080406
2019-10-30,0.0006735627334845896
2019-10-31,0.0014248430059178537
2019-11-01,0.0006273223491387416
2019-11-02,0.0005103771946869524
2019-11-03,0.0020553760411125893
2019-11-04,0.0009528394444531719
2019-11-05,-0.0013748215703871
2019-11-06,0.0005746582930141749
2019-11-07,0.0008729446628149229
2019-11-08,0.0006099317251612293
2019-11-09,-0.000521660498869742
2019-11-10,-0.0004363411998375111
2019-11-11,0.00031335546494722365
2019-11-12,0.0004807791948186409
2019-11-13,0.000951917388091947
2019-11-14,0.0010323767448719068
2019-11-15,0.0005498102211309095
2019-11-16,-0.00030869062742340276
2019-11-17,0.0002442605487819061
2019-11-18,-0.0003009479270142938
2019-11-19,-0.0021073475629892384
2019-11-20,-0.0004354504810249632
2019-11-21,0.0011447948776339468
2019-11-22,0.00015167013159507998
2019-11-23,0.0006219083676067613
2019-11-24,0.002981145308008619
2019-11-25,0.001699922993160298
2019-11-26,0.0013758499030926904
2019-11-27,-0.00045833736290262805
2019-11-28,-0.0001532683071592955
2019-11-29,-0.0005195185716514066
2019-11-30,0.0007185489627028532
2019-12-01,-0.004853058108388793
2019-12-02,-0.004406894783123691
2019-12-03,0.0005294355640729733
2019-12-04,0.00095749260697552
2019-12-05,0.002896474348238175
2019-12-06,0.000929824805947252
2019-12-07,-0.0004006049061989215
2019-12-08,-0.0009743429789727285
2019-12-09,-0.0008340551163714442
2019-12-10,0.00018522387702400053
2019-12-11,0.0029272527957720147
2019-12-12,0.0024058090414585697
2019-12-13,0.0008702624530454534
2019-12-14,0.0005700256841174476
2019-12-15,0.002423605146362762
2019-12-16,0.001540907999764698
2019-12-17,0.000536365905727053
2019-12-18,0.0032035243618049065
2019-12-19,0.004061450649109754
2019-12-20,0.0010919639709055413
2019-12-21,0.00028778103744179503
2019-12-22,0.00023049686114738396
2019-12-23,0.0010945569780516028
2019-12-24,0.001015366471640984
2019-12-25,0.0035516055361227545
2019-12-26,-0.0008630540650999689
2019-12-27,-0.0014807194283931399
2019-12-28,0.0002281625041572947
2019-12-29,-0.002136269071079745
2019-12-30,-0.0005244198933306088
2019-12-31,0.0009106960902861487
2020-01-01,0.004502859501467534
2020-01-02,0.0028169988857446554
2020-01-03,0.0011219436178442157
2020-01-04,-0.0016067393786614727
2020-01-05,-0.0035289824324385723
2020-01-06,0.010852267885372652
2020-01-07,-0.0033601715353866303
2020-01-08,0.0003509770498737283
2020-01-09,0.0030342947428947903
2020-01-10,-0.000557483073779688
2020-01-11,-0.0009526441298653895
2020-01-12,-0.001967885869042105
2020-01-13,-0.0002975721852650174
2020-01-14,-8.290783012475512e-05
2020-01-15,0.0012998177557498045
2020-01-16,0.003171587796529689
2020-01-17,0.0012559378763781618
2020-01-18,-3.508782060419799e-05
2020-01-19,-0.000637589014197968
2020-01-20,-0.0021471638749967583
2020-01-21,0.00037962376755741237
2020-01-22,-0.0006119732483228051
2020-01-23,0.0033112845763490547
2020-01-24,-0.0017162751567085747
2020-01-25,0.0006685981509050187
2020-01-26,-0.0013520746231386232
2020-01-27,-0.0019923076354377138
2020-01-28,0.002784606126407888
2020-01-29,-0.001706928964883954
2020-01-30,0.0029781151768735
2020-01-31,-0.002908196201156967
2020-02-01,-0.0007186139568651125
2020-02-02,-0.00011472146086381433
2020-02-03,-0.0008050082769085528
2020-02-04,0.0001096570349778499
2020-02-05,0.0027986595141323233
2020-02-06,0.0016251690204763644
2020-02-07,0.00028050039096920426
2020-02-08,8.968063338416246e-07
2020-02-09,0.00028862194871706056
2020-02-10,0.0013650183364107952
2020-02-11,0.0007251056970888725
2020-02-12,0.0026037568160842163
2020-02-13,0.0006543782351983168
2020-02-14,0.00016957347770968096
2020-02-15,0.0005524358178788234
2020-02-16,-0.001356245939215798
2020-02-17,0.001601706379984526
2020-02-18,0.0023718514165565214
2020-02-19,-0.0010769007274180672
2020-02-20,-0.002625347821243327
2020-02-21,-0.0007983349483089912
2020-02-22,0.002068870394661005
2020-02-23,-0.0012322765416656798
2020-02-24,-0.002703875120391877
2020-02-25,-0.0018105659305500453
2020-02-26,-0.0030144392828091292
2020-02-27,-0.00805872720688057
2020-02-28,-0.002569162245447785
2020-02-29,0.0005978871090014531
2020-03-01,-0.0003760249167850274
2020-03-02,0.0020602716495995987
2020-03-03,0.0013664611296634373
2020-03-04,0.0017482271382349341
2020-03-05,4.602625878811685e-05
2020-03-06,0.0004666356645771205
2020-03-07,-0.0007263776986796179
2020-03-08,0.0007007250382396696
2020-03-09,-0.0006413131023031106
2020-03-10,0.004820291024779257
2020-03-11,0.0008720187567536892
2020-03-12,-0.01365821981223325
2020-03-13,-0.0016938344635420877
2020-03-14,0.0019439377014821798
2020-03-15,-2.2752912808003705e-06
2020-03-16,0.0005275997220472589
2020-03-17,0.0006242167894259552
2020-03-18,-0.002301215529180358
2020-03-19,0.001442999094447743
2020-03-20,-0.00013597629611464206
2020-03-21,0.0010852713414759192
2020-03-22,0.0002437375693470731
2020-03-23,-0.0031392504432694187
2020-03-24,-1.8197641979254105e-05
2020-03-25,-0.0014627759772810468
2020-03-26,0.00038314571520375624
2020-03-27,0.00012053629229616874
2020-03-28,0.0001825525534105345
2020-03-29,-0.0016599809567441279
2020-03-30,-3.133279436303986e-05
2020-03-31,-9.888444575599281e-05
2020-04-01,0.00018064904327638403
2020-04-02,0.0006798272859499909
2020-04-03,-3.140644231407533e-06
2020-04-04,-0.0007912110418155595
2020-04-05,-0.00015014166301476905
2020-04-06,0.0009435287052401264
2020-04-07,-0.0011592654873182082
2020-04-08,0.00015131374207913857
2020-04-09,0.0005729292143685638
2020-04-10,-9.773489802535727e-06
2020-04-11,0.0003000163330566199
2020-04-12,2.2176930202231152e-05
2020-04-13,0.0007564862131514288
2020-04-14,0.0006340115745973111
2020-04-15,-0.0012851322313915342
2020-04-16,3.9568554495155715e-05
2020-04-17,-0.0005650613469487308
2020-04-18,8.858650918662573e-06
2020-04-19,0.00047841351503945956
2020-04-20,0.0005493481991702055
2020-04-21,-9.618999228492705e-05
2020-04-22,0.0009287688825284464
2020-04-23,-0.0003121396444373345
2020-04-24,0.00028564822247475975
2020-04-25,-0.0001429537078824353
2020-04-26,-0.0004923120327785793
2020-04-27,-0.0005022445514740151
2020-04-28,8.14416125571715e-05
2020-04-29,-0.00031997388825510844
2020-04-30,-0.00046931113377164023
2020-05-01,3.619670354049816e-05
2020-05-02,0.0002314295441132204
2020-05-03,-0.0005159971753584952
2020-05-04,0.0002770095179724112
2020-05-05,0.00024021230252019714
2020-05-06,-0.0002942037319394468
2020-05-07,0.00022053449667620796
2020-05-08,-0.00030785056085411123
2020-05-09,0.00013962414488071393
2020-05-10,0.00023982373553688038
2020-05-11,-0.001054310033113305
2020-05-12,-0.0004870126942336486
2020-05-13,0.0005830565236693379
2020-05-14,0.0005845993047908468
2020-05-15,0.00024266025545539887
2020-05-16,0.000296934743650029
2020-05-17,0.0008326932351905058
2020-05-18,-0.0006766724790768632
2020-05-19,0.00046060817253350917
2020-05-20,-0.0003856674790618835
2020-05-21,-0.0002297516649448435
2020-05-22,0.0007068111260370886
2020-05-23,0.00012311925018977925
2020-05-24,0.0008118588117681267
2020-05-25,-0.0003358306008249711
2020-05-26,-0.002271183224815326
2020-05-27,-0.00031052041666161146
2020-05-28,0.0023700589097814624
2020-05-29,0.0016012855127676751
2020-05-30,-0.0004536675477176178
2020-05-31,0.0010742508075932211
2020-06-01,0.0003604200332465113
2020-06-02,-0.00018624896935542435
2020-06-03,-0.005030652038315571
2020-06-04,0.004692907015232934
2020-06-05,-0.001306409987612536
2020-06-06,0.0005664123786869897
2020-06-07,0.0012920722894086242
2020-06-08,0.0016909873745894401
2020-06-09,0.003962830546324471
2020-06-10,-0.004403390310573194
2020-06-11,-0.008378332553206424
2020-06-12,-0.0003895320759549829
2020-06-13,0.0008698455845311241
2020-06-14,-0.0020030801404306658
2020-06-15,0.00722944435489835
2020-06-16,-0.0015332000195712185
2020-06-17,0.0019863336027747362
2020-06-18,-6.315284229835859e-06
2020-06-19,0.001326263827349256
2020-06-20,0.0006994666931818953
2020-06-21,0.003196203451780041
2020-06-22,0.0024284936896203074
2020-06-23,0.0010014110110526787
2020-06-24,-0.003963082811981835
2020-06-25,-0.0040252903002962245
2020-06-26,-0.00036754368104612104
2020-06-27,-0.0007346617463864422
2020-06-28,0.00045503199719252625
2020-06-29,0.004972327095692302
2020-06-30,0.00692354908036107
2020-07-01,-0.00012902671165351335
2020-07-02,0.001619766690533518
2020-07-03,-0.0004700498108048615
2020-07-04,0.003044540825856037
2020-07-05,0.0036624634518805264
2020-07-06,0.0024773569274520154
2020-07-07,0.00254513685950648
2020-07-08,0.006874068157459418
2020-07-09,0.0010745837641186293
2020-07-10,0.001409091737371098
2020-07-11,0.0004643422119006494
2020-07-12,-0.0048101505889571634
2020-07-13,-0.0036899544886011488
2020-07-14,0.0021751250762091184
2020-07-15,1.1703022953422047e-05
2020-07-16,-0.0034307863054183598
2020-07-17,0.0031689293653717494
2020-07-18,-0.0009991993393296372
2020-07-19,0.007704852253801506
2020-07-20,0.00328608898310675
2020-07-21,0.007409504206382019
2020-07-22,-0.005078405556784621
2020-07-23,0.0005446538545122287
2020-07-24,0.001613033480492046
2020-07-25,0.0003479239608611645
2020-07-26,0.007995820835930128
2020-07-27,0.004855046919028231
2020-07-28,-0.0027968255502607018
2020-07-29,0.005287807497562567
2020-07-30,0.0031121490317573045
2020-07-31,1.651027753216643e-05
2020-08-01,0.0005128953319548118
2020-08-02,0.001100744311742367
2020-08-03,0.0012652872031425394
2020-08-04,0.007204616014040151
2020-08-05,0.00678455253219694
2020-08-06,0.0037685872368166213
2020-08-07,-0.00602447377035794
2020-08-08,-0.0002851419143183598
2020-08-09,1.8064763019802945e-05
2020-08-10,-0.003796338229553462
2020-08-11,-0.016777438392874055
2020-08-12,0.006564107119381256
2020-08-13,-0.0006626538978215773
2020-08-14,-0.0001600635290180707
2020-08-15,0.0003637887891516043
2020-08-16,0.0013409074546849621
2020-08-17,0.004972808070701796
2020-08-18,0.0006022422121718751
2020-08-19,-0.0007100065043975676
2020-08-20,0.0035990393798775574
2020-08-21,-0.0018045430222281052
2020-08-22,0.001731321858299304
2020-08-23,0.0008853229731044472
2020-08-24,0.001517349019995073
2020-08-25,0.004548660361661412
2020-08-26,0.0026434193035808507
2020-08-27,-0.0009571467121327854
2020-08-28,0.0018363494080066867
2020-08-29,0.0010456296461528805
2020-08-30,0.0013276176692225208
2020-08-31,0.00504271093277065
2020-09-01,0.000735388810056218
2020-09-02,-0.012682481513272248
2020-09-03,-0.008906904424231813
2020-09-04,-0.0020710586447153048
2020-09-05,-0.0007085911223853725
2020-09-06,0.0004193303916412724
2020-09-07,-0.020785025414176116
2020-09-08,-0.01109729398492106
2020-09-09,-0.006715059924786352
2020-09-10,-0.008839508274014722
2020-09-11,-0.0015084151024654666
2020-09-12,0.0018551278499452516
2020-09-13,-0.0011452959791579491
2020-09-14,0.007468099672168841
2020-09-15,0.0005656575294372564
2020-09-16,-0.00036775073819516447
2020-09-17,0.008771923321574863
2020-09-18,-0.0011958467158932852
2020-09-19,0.00017947840101305144
2020-09-20,0.008174489128164916
2020-09-21,-0.004193625511057687
2020-09-22,-0.0011507333523489882
2020-09-23,-0.0033256001074711953
2020-09-24,0.0018842651046339345
2020-09-25,0.0003217658767247295
2020-09-26,3.2725874078115255e-05
2020-09-27,0.0015524245797726665
2020-09-28,0.016809037483088533
2020-09-29,0.016214823653081353
2020-09-30,0.01369094204208648
2020-10-01,0.010946537934156045
2020-10-02,-4.285547304859944e-05
2020-10-03,0.00038184306194421883
2020-10-04,0.012043448124296627
2020-10-05,-0.006027429286470623
2020-10-06,-0.009324389945836349
2020-10-07,-0.0028864289553080205
2020-10-08,-0.003098933052129532
2020-10-09,0.0025405795348758457
2020-10-10,0.00046480662442878386
2020-10-11,-0.0016434723654400562
2020-10-12,0.002313754312901516
2020-10-13,-0.004223670817032885
2020-10-14,-0.0015969142994986176
2020-10-15,-0.0005990621453107078
2020-10-16,-0.001034038206392214
2020-10-17,0.0008912557544146333
2020-10-18,-0.001727101476497341
2020-10-19,-0.00024759384618474174
2020-10-20,0.002682013179366024
2020-10-21,-0.003279146889837723
2020-10-22,-0.001540242218653768
2020-10-23,-0.0004519213067582612
2020-10-24,0.00020242233805494909
2020-10-25,-0.002170044887310082
2020-10-26,0.0023283032010564743
2020-10-27,-0.0016711229618141118
2020-10-28,-0.009597927355302235
2020-10-29,-0.0059712546312731445
2020-10-30,-0.001108200799464086
2020-10-31,0.0002799507370921376
2020-11-01,-0.0011779677351601626
2020-11-02,0.00568053079540069
2020-11-03,0.006826346558525584
2020-11-04,0.006706000327889915
2020-11-05,0.012051820480783605
2020-11-06,0.005319372829173754
2020-11-07,0.001980717718669266
2020-11-08,-0.001472099730877752
2020-11-09,-0.025764827674567933
2020-11-10,0.00301035388575411
2020-11-11,-0.0012590263885016452
2020-11-12,0.00047131540536288837
2020-11-13,0.003427811651820121
2020-11-14,-1.3656223854342317e-05
2020-11-15,0.002308782285100934
2020-11-16,-0.0005882549044936802
2020-11-17,-0.0015176092265921839
2020-11-18,-0.0019532860151838054
2020-11-19,0.0011989849046796146
2020-11-20,-0.000580979773302138
2020-11-21,-6.881061610895251e-05
2020-11-22,0.0001967974350747236
2020-11-23,-0.001425252707084706
2020-11-24,0.004081340463780581
2020-11-25,0.0017064470982325196
2020-11-26,0.0010494011957834217
2020-11-27,0.000610927148480007
2020-11-28,0.0006123981951719546
2020-11-29,-0.003743434403838366
2020-11-30,0.0024210957878196887
2020-12-01,0.002776864278711725
2020-12-02,0.004153064879592192
2020-12-03,0.0027814989054675467
2020-12-04,0.00019274913891676745
2020-12-05,-4.9881565092586154e-05
2020-12-06,0.0002778551419988248
2020-12-07,0.003683488840929632
2020-12-08,-0.0018823424741653883
2020-12-09,-0.006688598863352584
2020-12-10,0.0019391965193692445
2020-12-11,-0.0016030560033066983
2020-12-12,0.00042490249697027706
2020-12-13,0.002424971448024541
2020-12-14,0.0011194487647075632
2020-12-15,0.007022037422749679
2020-12-16,0.004708380640488349
2020-12-17,0.0018873916028861292
2020-12-18,0.0012845647834859393
2020-12-19,0.0012141928756457803
2020-12-20,-0.0032778196301629704
2020-12-21,-0.00224089025028283
2020-12-22,-0.003203943540293552
2020-12-23,0.0033404705208752504
2020-12-24,0.0008358503549193962
2020-12-25,-0.00013405368029215624
2020-12-26,0.0011026418397801364
2020-12-27,0.00522387265681974
2020-12-28,0.005443777016071981
2020-12-29,0.0011525436122952104
2020-12-30,0.002177992382183777
2020-12-31,-0.0001415350523184565
2021-01-02,-0.0009841323758128572
2021-01-03,-0.0026662759138758527
2021-01-04,-0.005207510544821721
2021-01-05,0.002368228098738202
2021-01-06,0.010498067288517937
2021-01-07,0.012320563839790986
2021-01-08,-0.0023916999730946575
2021-01-09,-0.0007292563135900145
2021-01-10,-0.006991357514859935
2021-01-11,-0.001723517258126864
2021-01-12,0.006514338290865234
2021-01-13,-0.0024101737084199237
2021-01-14,-0.0019221568835012899
2021-01-15,-0.007213888541038017
2021-01-16,-0.0003212544657362974
2021-01-17,0.0015868603725885252
2021-01-18,0.007180586891064239
2021-01-19,0.009084961970912613
2021-01-20,0.01066970001732091
2021-01-21,0.00038286227045424486
2021-01-22,-0.0014205381950790944
2021-01-23,0.0030071358585069072
2021-01-24,0.0030644361142057185
2021-01-25,0.0024783888729803644
2021-01-26,-0.010113559810159226
2021-01-27,-0.01727268586072351
2021-01-28,-0.005137444367989295
2021-01-29,-0.00197940077234497
2021-01-30,-0.00047356686986733607
2021-01-31,0.008736601679340691
2021-02-01,0.009924544747389765
2021-02-02,0.0037111891677941516
2021-02-03,0.005405850006175949
2021-02-04,0.004306501571425269
2021-02-05,0.0004408917837213788
2021-02-06,0.0035887780789581824
2021-02-07,0.002646617866945747
2021-02-08,-0.0010207659706921717
2021-02-09,0.0012495504935733698
2021-02-10,0.0009864619026451233
2021-02-11,0.003223046824640649
2021-02-12,0.002958560640522905
2021-02-13,0.0005252662772023255
2021-02-14,0.00318706941074877
2021-02-15,0.0032728064271888976
2021-02-16,-0.0010116661106026803
2021-02-17,0.0007533360939155538
2021-02-18,-0.0018158831000365217
2021-02-19,-0.0010749780360724346
2021-02-20,-0.0004848666875660598
2021-02-21,-0.004777775200379612
2021-02-22,-0.0061097725640264266
2021-02-23,-0.00020550834367102642
2021-02-24,0.0019499651608974255
2021-02-25,-0.0016891948787320125
2021-02-26,0.0022572256672419933
2021-02-27,0.00024170349263197697
2021-02-28,0.005426353910835565
2021-03-01,0.018634302155589692
2021-03-02,0.006673115370440656
2021-03-03,0.0111999563573439
2021-03-04,0.014715706971550203
2021-03-05,0.0031174188881137863
2021-03-06,-0.0013455065182764534
2021-03-07,0.008693891749860391
2021-03-08,0.003578122455763243
2021-03-09,-0.0033699401130278714
2021-03-10,0.0031681622276128894
2021-03-11,0.003465137687469634
2021-03-12,-0.0018290033035591876
2021-03-13,1.9135824378853883e-05
2021-03-14,0.0016358675183516945
2021-03-15,-0.00022907967424854185
2021-03-16,-0.0015248376160749873
2021-03-17,-0.001961535692914512
2021-03-18,-0.004804802928711804
2021-03-19,-0.0011698878722829367
2021-03-20,0.0009042714743724795
2021-03-21,0.0011287968989151262
2021-03-22,0.002558580406456595
2021-03-23,-0.006746018026136728
2021-03-24,0.00022677525650873683
2021-03-25,0.003973448373115857
2021-03-26,0.0023473244291414793
2021-03-27,-0.0005570386492378738
2021-03-28,0.0007466499635863664
2021-03-29,0.004845952979653271
2021-03-30,0.001872508412428888
2021-03-31,-0.0021902967686752385
2021-04-01,0.0004781710714798241
2021-04-02,0.00046443910714399455
2021-04-03,-0.00016669587578962495
2021-04-04,0.002064537738360891
2021-04-05,-0.0005166819384703665
2021-04-06,0.0008845900026614307
2021-04-07,0.0005592051616139363
2021-04-08,0.0005060051257644315
2021-04-09,0.001605716609420604
2021-04-10,0.0001086375664697582
2021-04-11,-0.00010549568329470778
2021-04-12,0.002038442156881742
2021-04-13,-0.0018753671380670337
2021-04-14,-0.0014599648887025293
2021-04-15,-0.001327890574449105
2021-04-16,-2.534894371058956e-05
2021-04-17,-0.0001640683262081508
2021-04-18,-0.0003035891639501847
2021-04-19,-0.002878967706850337
2021-04-20,-0.005562287487421326
2021-04-21,0.0019433855711859709
2021-04-22,0.0007265720644241546
2021-04-23,0.004350004961836682
2021-04-24,-0.00011290423854460318
2021-04-25,0.0012890714913663204
2021-04-26,0.0002789121371717155
2021-04-27,-0.00019917473456541892
2021-04-28,-0.0005170822322949918
2021-04-29,8.221431180750517e-05
2021-04-30,-0.0022304309615276507
2021-05-01,-8.134935852109646e-05
2021-05-02,-0.0021616915211855243
2021-05-03,-0.0040876750445671085
2021-05-04,-0.0030518984718397174
2021-05-05,-0.0022188782811077812
2021-05-06,0.0018090728069333312
2021-05-07,0.001668740320939377
2021-05-08,9.18323528250853e-05
2021-05-09,-0.0038559816545610387
2021-05-10,-0.01024849839587133
2021-05-11,-0.003107070146192729
2021-05-12,-0.0027826440473323294
2021-05-13,0.002718734146137643
2021-05-14,0.0025976381510723545
2021-05-15,-0.0019206195997041639
2021-05-16,-0.005440826900963002
2021-05-17,-0.005164818236606789
2021-05-18,-0.005235416126875166
2021-05-19,0.0026531555545698474
2021-05-20,0.004936689370284614
2021-05-21,9.62854703845454e-05
2021-05-22,-9.072588164177697e-05
2021-05-23,0.003819265016348393
2021-05-24,0.0018625625779942355
2021-05-25,-0.0033519145105298685
2021-05-26,-0.0016645884243853763
2021-05-27,0.0009623389657054356
2021-05-28,0.0008389305673721306
2021-05-29,-0.0007799972217010932
2021-05-30,0.0006179855379455721
2021-05-31,0.0011314128341285343
2021-06-01,-0.0017432815807614202
2021-06-02,0.005696933645533664
2021-06-03,-0.010920915488746265
2021-06-04,0.007920718002670872
2021-06-05,0.00020976143905640968
2021-06-06,-0.0018894638410284553
2021-06-07,0.002466588331728572
2021-06-08,0.0011924884779440377
2021-06-09,-0.002630888631918723
2021-06-10,0.008074371934847406
2021-06-11,-0.003850447017403019
2021-06-12,0.0019229998599109633
2021-06-13,0.0003949365402746357
2021-06-14,0.00104671289984419
2021-06-15,0.0002476831274365273
2021-06-16,0.006050189531613074
2021-06-17,0.010639126724952945
2021-06-18,-0.001856312743844239
2021-06-19,-0.0020884533485104654
2021-06-20,-0.0033662292282049975
2021-06-21,0.007021146850172967
2021-06-22,0.0037521785785202843
2021-06-23,0.0015210110112999398
2021-06-24,0.0004601683666549299
2021-06-25,-0.00010376358345566188
2021-06-26,0.00027522974710129434
2021-06-27,0.017430574996725467
2021-06-28,0.0024380688986285048
2021-06-29,0.0025681205916876252
2021-06-30,-0.0012324980247900563
2021-07-01,0.003071953035653161
2021-07-02,0.001209097235756479
2021-07-03,-0.00015445202211327146
2021-07-04,-0.0016834472647850622
2021-07-05,0.0008804400881308413
2021-07-06,-0.002434676137522342
2021-07-07,-0.0026763222915899576
2021-07-08,-0.0031180001342601808
2021-07-09,0.004646691964864715
2021-07-10,7.149654871355217e-05
2021-07-11,0.000258300484807785
2021-07-12,5.864254072563091e-05
2021-07-13,6.259038309456105e-05
2021-07-14,-0.005573524036386026
2021-07-15,-0.002137528329900096
2021-07-16,-0.00013847585342810327
2021-07-17,-0.0003851539631220761
2021-07-18,-0.001967869968536648
2021-07-19,-0.0020355683617879023
2021-07-20,0.005872565918264015
2021-07-21,0.0035672472226853796
2021-07-22,0.00432876242502557
2021-07-23,0.0031975728124948428
2021-07-24,-0.0007584428629377467
2021-07-25,-0.0009102997155803078
2021-07-26,-0.001323919234091095
2021-07-27,-0.005611437860954129
2021-07-28,-0.002693698731249555
2021-07-29,-0.0021404142896288194
2021-07-30,0.004370936880163187
2021-07-31,0.0007824284327564579
2021-08-01,0.0007872106023903373
2021-08-02,-0.0025992984929998574
2021-08-03,0.0033974455153521496
2021-08-04,0.0043776014867123415
2021-08-05,0.0058403608729588686
2021-08-06,0.005810582186225954
2021-08-07,0.0019258610009284512
2021-08-08,0.001955314840591028
2021-08-09,0.002711055963715416
2021-08-10,-0.0027483412961608303
2021-08-11,-0.0029804335041779314
2021-08-12,-0.0007010990751991593
2021-08-13,-0.0030056229965732357
2021-08-14,-0.00041301296743235366
2021-08-15,-0.0016520288242494498
2021-08-16,-0.00033949498221080664
2021-08-17,-0.0025413425111234264
2021-08-18,-0.0015860127835959194
2021-08-19,0.0023463158480648894
2021-08-20,0.005704181969258487
2021-08-21,-0.00012776893348728115
2021-08-22,0.0052410865109033125
2021-08-23,0.0013534973812590442
2021-08-24,-0.0005255912055694837
2021-08-25,-0.0028620386753218374
2021-08-26,-0.0002440827802089707
2021-08-27,0.003656985395604213
2021-08-28,0.00040386129061222893
2021-08-29,0.011438581225713694
2021-08-30,0.003757858724410977
2021-08-31,0.0029021449899399956
2021-09-01,-0.0018596937096964686
2021-09-02,-0.00011624669866277822
2021-09-03,0.0026920427381709436
2021-09-04,9.882595025809503e-05
2021-09-05,-0.0002146330505061946
2021-09-06,0.0022126714882010428
2021-09-07,-0.0027105666168102537
2021-09-08,-0.004261982529759767
2021-09-09,0.0002625857250945895
2021-09-10,-0.006396190978468091
2021-09-11,2.4117647460071403e-05
2021-09-12,0.000713570463823341
2021-09-13,-0.0011731553212753045
2021-09-14,-0.0009706919392089137
2021-09-15,0.002959524237739531
2021-09-16,-0.0035003905528282787
2021-09-17,-0.006244746278569999
2021-09-18,-0.006282771649658833
2021-09-19,-0.010146302531387433
2021-09-20,-0.005122562583626096
2021-09-21,0.0016848393940703133
2021-09-22,0.008651467909832032
2021-09-23,0.0021807544168096224
2021-09-24,0.001550458016419127
2021-09-25,-0.00014905600583568502
2021-09-26,0.002528826066119017
2021-09-27,-0.008760531923459264
2021-09-28,-0.011915415256270174
2021-09-29,-0.001293461721479874
2021-09-30,-0.0053633997873043715
2021-10-01,0.005656134579320365
2021-10-02,-0.00011480705697635189
2021-10-03,-0.0035117509631092487
2021-10-04,-0.004618765746764289
2021-10-05,0.0022619728830581653
2021-10-06,0.005278298010879762
2021-10-07,0.0030379683065897604
2021-10-08,-0.0023675813758951307
2021-10-09,-0.0003272504942641572
2021-10-10,0.00027204940119950456
2021-10-11,-0.0015244579657126207
2021-10-12,-0.001111502019559714
2021-10-13,0.005508985339883464
2021-10-14,0.007578137612184663
2021-10-15,0.00011856472457307614
2021-10-16,-0.0002573539060177403
2021-10-17,0.0004137260359389404
2021-10-18,7.938415045916781e-05
2021-10-19,0.0014054040308037316
2021-10-20,0.0017642577399046946
2021-10-21,0.0001229453069839234
2021-10-22,6.412227285922157e-05
2021-10-23,-0.00011867730236710815
2021-10-24,0.0014550199486688372
2021-10-25,0.005411037485411468
2021-10-26,-0.002226939920035995
2021-10-27,-0.0015871053158494801
2021-10-28,0.000457018794675358
2021-10-29,0.005518675387390479
2021-10-30,0.00014947177133147586
2021-10-31,0.0007734626811908551
2021-11-01,0.004996579747616119
2021-11-02,0.0051440826884721945
2021-11-03,0.0013559688946128625
2021-11-04,0.003388387421870215
2021-11-05,0.0028141725086692215
2021-11-06,-0.00030664540145618213
2021-11-07,-0.00019391042321128708
2021-11-08,-0.0019204016859159995
2021-11-09,0.00025915006732795906
2021-11-10,0.0018604616370777333
2021-11-11,0.0029633459402920352
2021-11-12,0.0023896040100054934
2021-11-13,-0.0001486729803267189
2021-11-14,-0.00021859554672565705
2021-11-15,0.0027300390183921954
2021-11-16,0.0013090100140685536
2021-11-17,-0.0006101448133819518
2021-11-18,0.0034024926225592425
2021-11-19,-0.0023466481661096137
2021-11-20,0.00020293098915674188
2021-11-21,-0.0009451551041374019
2021-11-22,0.0023464703799248757
2021-11-23,0.00031122502599485697
2021-11-24,0.001319578136619051
2021-11-25,-0.0065502493525750926
2021-11-26,-0.001985821368927329
2021-11-27,0.0010531866541910496
2021-11-28,0.0028756612929107133
2021-11-29,0.0014176080574138904
2021-11-30,-0.004712729114204872
2021-12-01,-0.005604145836376148
2021-12-02,0.00011278932570783003
2021-12-03,-0.003933010004334175
2021-12-04,0.0003881379217567244
2021-12-05,0.0017334185107609847
2021-12-06,0.003989916144757615
2021-12-07,0.002302846013788137
2021-12-08,-0.0016084170039649534
2021-12-09,0.001466105506116264
2021-12-10,0.0005781083606504684
2021-12-11,0.00048827670514109325
2021-12-12,-0.0008119724686018572
2021-12-13,-0.009620465051771682
2021-12-14,0.002833324781951853
2021-12-15,-0.0007429636632484459
2021-12-16,-0.009947024816726184
2021-12-17,0.00218011030809047
2021-12-18,-0.0008531893927197506
2021-12-19,-0.002160432203164322
2021-12-20,0.0023496040884501855
2021-12-21,0.00280817162923421
2021-12-22,0.0035913987157885586
2021-12-23,0.0015075736225232382
2021-12-24,0.0004416582588496218
2021-12-25,0.0002179399372793699
2021-12-26,0.0012612890412157713
2021-12-27,0.0020818506957073547
2021-12-28,-0.0005664050813396438
2021-12-29,-0.0020156804006795804
2021-12-30,0.001132092568557494
2021-12-31,0.0009789997274178763
2022-01-01,0.0004515323372530035
2022-01-02,0.0012793369559838562
2022-01-03,-0.0025095744006013933
2022-01-04,-0.004776241405563513
2022-01-05,-0.006735272110409292
2022-01-06,-0.0038583345243496142
2022-01-07,-0.003107063145259677
2022-01-08,0.0003176522442092183
2022-01-09,0.0006578811850931994
2022-01-10,-0.0023301429395587905
2022-01-11,0.002694873182756357
2022-01-12,-0.0025875297039414996
2022-01-13,-0.0036984984650637446
2022-01-14,0.0021651326652456565
2022-01-15,-0.0002186646337383338
2022-01-16,-0.0006677400647473006
2022-01-17,-0.0006667652805637175
2022-01-18,-0.0023411098501553
2022-01-19,-0.0056877052622693255
2022-01-20,-0.003785010073057364
2022-01-21,-0.0020476602407609817
2022-01-22,0.0003616053063284216
2022-01-23,0.0009217602763545462
2022-01-24,-0.00010201592985544559
2022-01-25,0.0013465234356528086
2022-01-26,-0.0006838798099807075
2022-01-27,0.003179805273624178
2022-01-28,0.0017260758042418685
2022-01-29,0.00010595199489992202
2022-01-30,0.000218797362510403
2022-01-31,-0.003884650782351632
2022-02-01,-0.000875006885686605
2022-02-02,-0.004316781599666467
2022-02-03,-0.006808480528082954
2022-02-04,0.00041127894378904973
2022-02-05,9.86928086348585e-05
2022-02-06,0.00011530282265935064
2022-02-07,-0.0005493392603571524
2022-02-08,0.00040500466953509494
2022-02-09,6.324874761822391e-05
2022-02-10,-0.001285452016407568
2022-02-11,0.005715057180853349
2022-02-12,7.867822913403944e-05
2022-02-13,-0.00011007132629590988
2022-02-14,0.0032356515525995364
2022-02-15,-0.003468522719455256
2022-02-16,0.0005807708040928319
2022-02-17,-0.0016901448104823026
2022-02-18,0.0013993711265684486
2022-02-19,-4.138485056613022e-05
2022-02-20,-0.0028423342797045236
2022-02-21,0.0022745553959301933
2022-02-22,0.008443009787007112
2022-02-23,0.004571400673009749
2022-02-24,0.00015127934666644085
2022-02-25,-0.0029323807976977334
2022-02-26,-0.0004647996481926276
2022-02-27,0.0074791576315915535
2022-02-28,-0.0016803742483902202
2022-03-01,0.007946755375132213
2022-03-02,0.00197867931341603
2022-03-03,0.0012840468686447363
2022-03-04,0.004951470262771525
2022-03-05,0.000540956646179392
2022-03-06,0.003948671817792097
2022-03-07,0.00017842672820962303
2022-03-08,-0.00025179465818970696
2022-03-09,-0.008849264826049473
2022-03-10,0.001031785326757788
2022-03-11,0.002528898250289165
2022-03-12,-0.00015143151690300005
2022-03-13,-0.001099476038150369
2022-03-14,-0.004201245000018675
2022-03-15,-0.0006446487714374371
2022-03-16,-0.00026809544460333216
2022-03-17,0.0012336510454327692
2022-03-18,0.0006841665155738143
2022-03-19,-6.744070958260295e-05
2022-03-20,0.0006342494450901243
2022-03-21,-3.684939766284237e-05
2022-03-22,-0.00046548777547939153
2022-03-23,0.0015422721195868943
2022-03-24,-0.002289470699995594
2022-03-25,0.001070099727948937
2022-03-26,-0.00011181218748275274
2022-03-27,-0.002234248933070271
2022-03-28,-0.00130833745620758
2022-03-29,-0.006047327619265788
2022-03-30,-0.002402712988388352
2022-03-31,0.0014302312388723107
2022-04-01,3.5661240799733854e-05
2022-04-02,-0.00013361901914000105
2022-04-03,0.0001962792374934946
2022-04-04,0.002900475409040685
2022-04-05,-0.003988512242730601
2022-04-06,-0.000764013721460739
2022-04-07,0.0015371559870498044
2022-04-08,0.00014492885481066892
2022-04-09,-8.610682085182894e-05
2022-04-10,-0.00010030046799853486
2022-04-11,0.00023105692021673071
2022-04-12,0.0008930175562075549
2022-04-13,-0.00049189615255011
2022-04-14,0.0022863252457574665
2022-04-15,-0.000261884297806736
2022-04-16,0.00018845727442207315
2022-04-17,0.00029849063984817905
2022-04-18,0.0010557345517949505
2022-04-19,-8.819448379372957e-05
2022-04-20,-0.0001879102728811914
2022-04-21,0.003080706255756257
2022-04-22,-0.0006277982198425148
2022-04-23,0.004343981814988783
2022-04-24,-0.0011155013731198298
2022-04-25,0.004578998756472246
2022-04-26,0.0011186457627753441
2022-04-27,0.0030488127357924237
2022-04-28,0.0025125365036497956
2022-04-29,-0.0014543545774853347
2022-04-30,-0.00012899695814177575
2022-05-01,-0.000706550731770657
2022-05-02,-0.0004284519239148304
2022-05-03,-0.0006226568702130069
2022-05-04,-0.0003723205446320249
2022-05-05,0.0031994003010808523
2022-05-06,-0.00010355297543617804
2022-05-07,6.543404340998669e-05
2022-05-08,0.005599397678352159
2022-05-09,-0.002623760951611191
2022-05-10,0.005920177808052534
2022-05-11,-0.0006393373457499368
2022-05-12,-9.904728484294584e-05
2022-05-13,-0.000803978397377915
2022-05-14,0.00016422588029801126
2022-05-15,0.0003905055470766176
2022-05-16,-0.0014564215827147272
2022-05-17,-0.000860003371996242
2022-05-18,-0.00011776922720597044
2022-05-19,-0.0021274411322215353
2022-05-20,-0.00032650267774641503
2022-05-21,-0.0002614704018237004
2022-05-22,-0.0010554890001000872
2022-05-23,-0.0013467120329382777
2022-05-24,-0.0022887277029789415
2022-05-25,-0.0009847717542691165
2022-05-26,-0.0029338034554836456
2022-05-27,0.0011204769150506193
2022-05-28,-0.00012045425429609135
2022-05-29,6.431769028381035e-06
2022-05-30,0.0016573547109104763
2022-05-31,0.0010456628887173572
2022-06-01,0.0017437521696582405
2022-06-02,-0.0002834145765355638
2022-06-03,0.00148940141306611
2022-06-04,-9.626672501970797e-05
2022-06-05,-6.950600006580109e-05
2022-06-06,0.003292396484210481
2022-06-07,0.0025404379304285983
2022-06-08,0.0028816964180281503
2022-06-09,-0.002016730252727592
2022-06-10,0.004129298970018901
2022-06-11,0.00043930188868219236
2022-06-12,0.0054903872068605575
2022-06-13,-6.880216019444297e-05
2022-06-14,-0.001259698188796079
2022-06-15,0.010860372571273038
2022-06-16,-0.002835731947915365
2022-06-17,0.00022488106583188477
2022-06-18,-5.733368546312093e-05
2022-06-19,-0.0011867883213604329
2022-06-20,8.767222376553905e-05
2022-06-21,0.00020695501909751698
2022-06-22,-0.0025867003369088497
2022-06-23,-0.0004152243452306523
2022-06-24,-0.0008435651481496408
2022-06-25,-2.5671784642981206e-05
2022-06-26,0.00032288658010130834
2022-06-27,0.0005241191984210573
2022-06-28,0.002231045648827446
2022-06-29,0.002755025182623418
2022-06-30,-0.003847227898224765
2022-07-01,0.00019398956993549885
2022-07-02,0.0001369348003203725
2022-07-03,-0.0005978808196821258
2022-07-04,-0.00017312006347707572
2022-07-05,-0.0003959533784261252
2022-07-06,0.003037124725759155
2022-07-07,-0.002159602091782852
2022-07-08,-2.372215029048481e-05
2022-07-09,0.00018859058216614893
2022-07-10,0.002886791431443123
2022-07-11,0.0035138156169697353
2022-07-12,0.0005071209375670573
2022-07-13,0.0014593687299185995
2022-07-14,0.0011111619831990832
2022-07-15,-0.0019557980688560067
2022-07-16,-4.101010349213583e-06
2022-07-17,-0.001026702520225808
2022-07-18,-0.00809539082699395
2022-07-19,-0.0037234686911322224
2022-07-20,0.0018400868997886356
2022-07-21,-0.001028192634806161
2022-07-22,-0.0033154920067163998
2022-07-23,3.4481187036673724e-05
2022-07-24,0.0005836918038240592
2022-07-25,-0.0007298931964455726
2022-07-26,0.003652119110706218
2022-07-27,-0.005790842071958685
2022-07-28,-0.0015974826236784365
2022-07-29,-0.002828972268965928
2022-07-30,6.056440609473794e-05
2022-07-31,-0.0012594298532082745
2022-08-01,-0.0034548891621810226
2022-08-02,0.005388532718306148
2022-08-03,0.0017167175797008797
2022-08-04,-0.0026011438186866217
2022-08-05,0.0038071740418470124
2022-08-06,-1.3959641130088692e-05
2022-08-07,0.00041715819928471226
2022-08-08,-0.0009399360851835387
2022-08-09,-0.0009869535949310147
2022-08-10,-0.003999521710656919
2022-08-11,-0.001012609096438158
2022-08-12,0.0016056417157843947
2022-08-13,-8.564937982090261e-06
2022-08-14,0.00025755264144494174
2022-08-15,0.002815217259149471
2022-08-16,0.00136935752476662
2022-08-17,0.0006752619978511774
2022-08-18,0.004242827959088296
2022-08-19,0.0027127532023233586
2022-08-20,5.062706711393281e-05
2022-08-21,0.0004299015070887936
2022-08-22,0.0030129362935329283
2022-08-23,-0.0010647418578725288
2022-08-24,-0.0018639456721364581
2022-08-25,0.0013705997579739329
2022-08-26,0.0017762834003848384
2022-08-27,0.00013292456157081034
2022-08-28,0.001990333211932593
2022-08-29,-0.002196653323940282
2022-08-30,-0.0011792308923041183
2022-08-31,0.010596197842978071
2022-09-01,0.0035393522728755012
2022-09-02,0.00014010241281017796
2022-09-03,4.524146291962919e-05
2022-09-04,0.0011393651761931686
2022-09-05,-0.0010463888020636352
2022-09-06,0.0067770121070943245
2022-09-07,-0.0024799018803239306
2022-09-08,-0.0034352577408484557
2022-09-09,0.001347126243128542
2022-09-10,-3.917170727305711e-05
2022-09-11,0.00036512585392164157
2022-09-12,0.0003530889073664186
2022-09-13,-0.003750631318957557
2022-09-14,-0.0014671050025521447
2022-09-15,0.0003071172323623096
2022-09-16,-0.001247859389999801
2022-09-17,8.843645342889968e-05
2022-09-18,0.0001997764123135602
2022-09-19,-0.0007009806319764543
2022-09-20,0.0036216054216388323
2022-09-21,0.004939955476236782
2022-09-22,0.0022103645611559176
2022-09-23,0.005457848617761343
2022-09-24,3.979306815117165e-05
2022-09-25,0.0014857166209936196
2022-09-26,0.0019558187443185332
2022-09-27,0.0021646792991570313
2022-09-28,-0.0045856492068996856
2022-09-29,-0.00250787238455051
2022-09-30,0.0005094291026753277
2022-10-01,0.005359675396585289
2022-10-02,-0.0013543450482303807
2022-10-03,-0.0011967041614548233
2022-10-04,-0.004529203135066964
2022-10-05,0.0010396581339997466
2022-10-06,0.003225702531131829
2022-10-07,0.0009464206283697942
2022-10-08,6.939583583213481e-05
2022-10-09,-0.00017711743610205222
2022-10-10,0.0017202972490852437
2022-10-11,0.0007954967181034808
2022-10-12,-5.88339965388606e-05
2022-10-13,-0.0004619716476350256
2022-10-14,0.0038203395203369158
2022-10-15,9.066450050205999e-05
2022-10-16,-0.001954687560575192
2022-10-17,-0.0013440631218740787
2022-10-18,0.0006091235981197901
2022-10-19,0.0021693768148114837
2022-10-20,9.272347638233075e-05
2022-10-21,-0.005817897324811105
2022-10-22,-0.00016914849799706447
2022-10-23,0.0017121554547723998
2022-10-24,-0.005667996899186287
2022-10-25,-0.0015639503316680296
2022-10-26,-0.0027419382929521944
2022-10-27,-0.0006794166762636327
2022-10-28,0.0019701265449454082
2022-10-29,6.492021902015495e-05
2022-10-30,0.0005342391782817415
2022-10-31,0.0030148185077072133
2022-11-01,-0.0007955251064197293
2022-11-02,-0.002069900644338457
2022-11-03,-7.527475892714701e-05
2022-11-04,-0.0005170910279283877
2022-11-05,-0.00012864736372039873
2022-11-06,0.0005711242640524618
2022-11-07,0.0019226392312815968
2022-11-08,-0.0035939624023541544
2022-11-09,-0.008536809567132344
2022-11-10,-0.009724130815644511
2022-11-11,-0.005116721714790691
2022-11-12,-9.507299168740695e-06
2022-11-13,0.000543432223678228
2022-11-14,-0.0027933208673450436
2022-11-15,-0.0003502852903604919
2022-11-16,-0.0016409712860519436
2022-11-17,-0.00016535712783895135
2022-11-18,0.0009221414149212545
2022-11-19,-4.642649539734151e-06
2022-11-20,0.0004061616267380021
2022-11-21,0.00259115968606559
2022-11-22,0.0007223774715348132
2022-11-23,-0.0024205997314209206
2022-11-24,-0.001167906932409381
2022-11-25,0.002031064237019222
2022-11-26,0.0001874677998268049
2022-11-27,-0.0017889025156475973
2022-11-28,-0.0025395132247145375
2022-11-29,-0.0032180997076072856
2022-11-30,0.0012027566261985174
2022-12-01,-0.004835419315510739
2022-12-02,0.0002632919818192908
2022-12-03,2.077707821695312e-05
2022-12-04,-0.0004446438065593526
2022-12-05,0.0015300386199998623
2022-12-06,0.00033727966692593213
2022-12-07,-0.0012495581572059722
2022-12-08,0.0012262879530293704
2022-12-09,5.136926707387761e-05
2022-12-10,-1.602051107976043e-05
2022-12-11,-0.00028855312144057427
2022-12-12,-0.006668209846204179
2022-12-13,0.001094959544302685
2022-12-14,-0.0010232091174779247
2022-12-15,-0.0021884296997211287
2022-12-16,-0.0007535870652520672
2022-12-17,-7.166847573592874e-05
2022-12-18,0.0013265067943834573
2022-12-19,-0.00022199053785563853
2022-12-20,-0.00010286358900737924
2022-12-21,0.0011513321992846408
2022-12-22,-0.0013599570975684554
2022-12-23,-0.00033833616858256545
2022-12-25,0.000164626729876112
2022-12-26,0.0007871631631760723
2022-12-27,-0.00026608431162329323
2022-12-28,-0.0007061329032955771
2022-12-29,0.001513293120277797
2022-12-30,0.001530221039758355
2023-01-01,-4.455872066756603e-05
2023-01-02,0.00034974526197001593
2023-01-03,-0.0015342187943019308
2023-01-04,0.0006381678853710038
2023-01-05,-0.004103762834855899
2023-01-06,0.004546626653977218
2023-01-07,-1.9581286317781863e-05
2023-01-08,0.0005492472099089872
2023-01-09,5.210320616618575e-05
2023-01-10,-0.0012244503157913113
2023-01-11,-0.0017793535773969287
2023-01-12,0.002446544249044072
2023-01-13,0.0005734250473540088
2023-01-14,-6.0729821045973824e-05
2023-01-15,0.0004145000103917164
2023-01-16,-0.0021793817128806857
2023-01-17,-0.0023772914828305144
2023-01-18,0.0044343622134192726
2023-01-19,-0.0014635397562495888
2023-01-20,0.0006645687159237367
2023-01-21,0.0002449045875045592
2023-01-22,-0.005134255347116437
2023-01-23,0.015105758970436124
2023-01-24,0.019051387591703824
2023-01-25,0.022689911879233114
2023-01-26,0.014400464702620417
2023-01-27,-4.344374907352087e-05
2023-01-28,0.00010201292350880851
2023-01-29,0.01598107033767986
2023-01-30,-0.00209160195942555
2023-01-31,0.0001824052936106521
2023-02-01,0.004613746956837213
2023-02-02,-0.0033056176655501396
2023-02-03,-0.003834867592572637
2023-02-04,9.034088357356729e-05
2023-02-05,-0.00027856733218772196
2023-02-06,-0.001851021207581054
2023-02-07,0.0007641342701134006
2023-02-08,-0.0018036406077166576
2023-02-09,-0.0005022523461451593
2023-02-10,-0.0006093932243205456
2023-02-11,4.450257188687719e-05
2023-02-12,-0.0012719147398867808
2023-02-13,-0.003800805836875126
2023-02-14,-0.007721644397519647
2023-02-15,-0.0054258544765792005
2023-02-16,-0.01543674030382031
2023-02-17,0.0025408339233272906
2023-02-18,-5.677632320745416e-06
2023-02-19,-0.007291562007112002
2023-02-20,-0.001105047122002318
2023-02-21,-0.003075733408424546
2023-02-22,-0.001172775743336745
2023-02-23,-0.00196951890615834
2023-02-24,-0.004353225270165185
2023-02-25,5.129492066774418e-05
2023-02-26,0.00027298646928637004
2023-02-27,-0.009302227386400979
2023-02-28,-0.010848775262480159
2023-03-01,-0.008775313855614466
2023-03-02,-0.008973385819987939
2023-03-03,0.004586236521367749
2023-03-04,3.7331946468187656e-05
2023-03-05,-0.007887040613499294
2023-03-06,0.00214895985309363
2023-03-07,-0.003264455778260446
2023-03-08,-0.0021005340388517927
2023-03-09,-0.006189761144763761
2023-03-10,0.005210140182455029
2023-03-11,-0.00028114125930635476
2023-03-12,0.0050911234019539245
2023-03-13,-0.00010788695434287315
2023-03-14,0.0009706757504756361
2023-03-15,2.1268794297534393e-05
2023-03-16,0.0019122079735556126
2023-03-17,0.004733517022859159
2023-03-18,-0.0001816956720314116
2023-03-19,-0.0001477291410244439
2023-03-20,0.0031020987324274297
2023-03-21,-0.0022067894140008013
2023-03-22,0.0075410756593215274
2023-03-23,0.00012252155698299881
2023-03-24,-0.0023797473562396105
2023-03-25,1.355551824434387e-05
2023-03-26,0.0009218538793030009
2023-03-27,-0.0015057746002418231
2023-03-28,-0.002791688781022582
2023-03-29,0.000425938920595821
2023-03-30,0.008925279938611185
2023-03-31,0.002524759374257132
2023-04-01,-6.009008666894505e-05
2023-04-02,-0.0071714253005208655
2023-04-03,0.0032454588360095794
2023-04-04,-0.0019186275290783348
2023-04-05,-0.011130994209635738
2023-04-06,0.006903377451601746
2023-04-08,9.823227838583378e-06
2023-04-09,0.003100789678678022
2023-04-10,0.003557404147736764
2023-04-11,-0.0025808803185879015
2023-04-12,-0.0023060047608655424
2023-04-13,0.004671583874502576
2023-04-14,0.0020257940452484136
2023-04-15,3.658857980588877e-05
2023-04-16,0.0002445878966222633
2023-04-17,0.001094772634389237
2023-04-18,0.0005107040930432569
2023-04-19,0.0004761168017781532
2023-04-20,-0.005080408455006525
2023-04-21,0.001312615438297764
2023-04-22,8.919741173895401e-05
2023-04-23,0.0009315099060771858
2023-04-24,0.0007717553836897604
2023-04-25,-0.008965871367373044
2023-04-26,0.0005348367658467888
2023-04-27,0.007622619009629027
2023-04-28,0.013965397116452906
2023-04-29,-0.00010323139909852178
2023-04-30,0.005411052950002818
2023-05-01,0.0008302435795293124
2023-05-02,-0.006451696854355196
2023-05-03,-0.004774193633491268
2023-05-04,-0.0060851961948113625
2023-05-05,0.00657789246476157
2023-05-06,3.728977669529234e-05
2023-05-07,0.0007537606247887884
2023-05-08,-0.00019137428383258402
2023-05-09,-0.001514597381575212
2023-05-10,-0.0018606696067789666
2023-05-11,-0.0007936935167756607
2023-05-12,-0.00044412690393704846
2023-05-13,0.0024958837275495106
2023-05-14,0.0013352711457396145
2023-05-15,0.0018980073493853446
2023-05-16,0.002444623293369999
2023-05-17,0.01130919934878768
2023-05-18,0.005678543057909437
2023-05-19,-0.0020159101807759104
2023-05-20,5.6101822458425675e-05
2023-05-21,-0.0007811204959644013
2023-05-22,0.006521004000611936
2023-05-23,-0.007094591224007253
2023-05-24,0.005137700775722658
2023-05-25,0.0027986877309263847
2023-05-26,0.009606809918704023
2023-05-27,-9.405188797009406e-05
2023-05-28,1.873381506268649e-05
2023-05-29,-0.002921170035157272
2023-05-30,-0.0009818087179812552
2023-05-31,-0.003773060479965775
2023-06-01,0.003246943265137594
2023-06-02,0.004657570135911707
2023-06-03,-7.189579909553973e-05
2023-06-04,-0.00010040445439800629
2023-06-05,6.140315343983582e-06
2023-06-06,-0.0037332974940359784
2023-06-07,-0.0012964290641511585
2023-06-08,0.006459990181562354
2023-06-09,0.00018280441688040962
2023-06-10,9.615870588217808e-05
2023-06-11,0.001646555698448156
2023-06-12,0.008661536731019437
2023-06-13,0.0062887011634688746
2023-06-14,0.007498469180045474
2023-06-15,0.010703700643805754
2023-06-16,0.003934244696840551
2023-06-17,3.687373144453312e-05
2023-06-18,0.0003438786854093972
2023-06-19,-0.004347011568948105
2023-06-20,-0.0007608276356216239
2023-06-21,0.0006508225294358674
2023-06-22,0.0022122121445355574
2023-06-23,-0.0019406683914495399
2023-06-24,5.753706525086313e-05
2023-06-25,0.000403044310524881
2023-06-26,-0.0038505195537900786
2023-06-27,0.009172441543290829
2023-06-28,0.00029021711221323973
2023-06-29,0.00020435344929156134
2023-06-30,0.005384153473111086
2023-07-01,2.746016868726143e-05
2023-07-02,0.0022122269147696193
2023-07-03,0.0002569860816448826
2023-07-04,-0.002648143911646713
2023-07-05,-0.005194905198812743
2023-07-06,-0.0017489423880804463
2023-07-07,-0.0032824098594360016
2023-07-08,-0.00012456782111309358
2023-07-09,0.0007534137192673669
2023-07-10,-0.002808366608742977
2023-07-11,-0.0007692457522961555
2023-07-12,0.00969516164451602
2023-07-13,0.020686972458578035
2023-07-14,0.0017479961610808634
2023-07-15,-9.818781161716838e-05
2023-07-16,-0.0011531574913059733
2023-07-17,0.004069969560527496
2023-07-18,0.004761550929900122
2023-07-19,-0.0010400151225877182
2023-07-20,-0.006755238940232872
2023-07-21,0.002606929007344467
2023-07-22,2.3112269303904628e-05
2023-07-23,-0.0003178062232023193
2023-07-24,-0.0012249951697711117
2023-07-25,-0.0003505207140314056
2023-07-26,0.0017470924526150496
2023-07-27,-0.010788056008301669
2023-07-28,0.012624829015340691
2023-07-29,-0.00017958184615092686
2023-07-30,0.001468283928489773
2023-07-31,0.0021203444228165723
2023-08-01,-0.0033968012102672173
2023-08-02,-0.008994944537538421
2023-08-03,-0.0010310722013108099
2023-08-04,-0.0028300141055840724
2023-08-05,0.0002883749914763141
2023-08-06,0.0024657529653207776
2023-08-07,0.003287957492834386
2023-08-08,-0.0029131032013381213
2023-08-09,-0.0009171487108288604
2023-08-10,0.0020050362246736824
2023-08-11,-0.003471793029521478
2023-08-12,-0.0002685414628282448
2023-08-13,-0.000790865559384934
2023-08-14,0.004314302454579651
2023-08-15,-0.0058539129677621735
2023-08-16,-0.004356772159765494
2023-08-17,-0.0037113933795795643
2023-08-18,-0.0015044144774305809
2023-08-19,-8.699284464256808e-06
2023-08-20,0.0022994168735005756
2023-08-21,0.006012811509151363
2023-08-22,-0.0009834417383787267
2023-08-23,0.0009268375664102498
2023-08-24,-0.007390516304496469
2023-08-25,0.003321926193290922
2023-08-26,1.3773766024152398e-05
2023-08-27,0.00210811194376986
2023-08-28,0.002868332990786568
2023-08-29,0.005266935482067236
2023-08-30,0.001917941734163128
2023-08-31,-0.0029268552971901227
2023-09-01,0.0002519411572636845
2023-09-02,-6.05406620839623e-06
2023-09-03,0.000940865408939628
2023-09-04,0.0016783407260972498
2023-09-05,0.0008224757626290399
2023-09-06,-0.001572895028286313
2023-09-07,-0.0036864753161375665
2023-09-08,0.001810648441461402
2023-09-09,-6.881761596311206e-05
2023-09-10,-0.003213564043334078
2023-09-11,0.002691313545604574
2023-09-12,0.0009140672077400398
2023-09-13,0.001571245666346391
2023-09-14,0.0005604048454432679
2023-09-15,-0.0016237898711723064
2023-09-16,-3.349140874710359e-06
2023-09-17,-0.0007898173806386488
2023-09-18,-0.0005577430999135163
2023-09-19,-0.005900135653527707
2023-09-20,-0.004663897579575646
2023-09-21,-0.0043503852214029325
2023-09-22,0.0023977195497267303
2023-09-23,4.6538170323793346e-05
2023-09-24,-0.0013495457221474984
2023-09-25,0.005494865559131363
2023-09-26,0.0009779540446324447
2023-09-27,0.006550366031772659
2023-09-28,-0.0038526813671463708
2023-09-29,0.0001353516973810674
2023-09-30,0.00021971888412302337
2023-10-01,0.005803117269316416
2023-10-02,0.00437851975566807
2023-10-03,-0.006162339173012529
2023-10-04,-0.009879362193316532
2023-10-05,0.00030615477208862984
2023-10-06,0.004853549834253632
2023-10-07,-0.00022003492459113887
2023-10-08,-0.0010356977326375382
2023-10-09,-0.004149021801950024
2023-10-10,-0.0001798617605160935
2023-10-11,0.004654834838215228
2023-10-12,0.00932785379726445
2023-10-13,-0.004404909908049504
2023-10-14,6.855376808264654e-05
2023-10-15,-0.0008487492429039379
2023-10-16,0.000565517985845551
2023-10-17,-0.0005692304511541925
2023-10-18,0.0014114959645010513
2023-10-19,-0.006279156854419369
2023-10-20,-0.002999815929812464
2023-10-21,0.00012623965041407023
2023-10-22,0.001458369825026876
2023-10-23,-0.009664475250468726
2023-10-24,0.006404266068670725
2023-10-25,0.008665296806447245
2023-10-26,-0.004573062753843751
2023-10-27,-0.009621717370530093
2023-10-28,0.00015626554743019497
2023-10-29,-2.3494982285869874e-05
2023-10-30,0.0042974087998582985
2023-10-31,0.02447415326496862
2023-11-01,-0.009325702616887825
2023-11-02,0.0006204571739807051
2023-11-03,-0.01147750275595792
2023-11-04,-3.078554023295849e-05
2023-11-05,0.0018637902644208079
2023-11-06,0.007243280922805267
2023-11-07,0.00322511961205503
2023-11-08,0.0035958128012222273
2023-11-09,0.003761388445121594
2023-11-10,0.0036917615135195502
2023-11-11,-0.00013779992075245922
2023-11-12,0.0016137541392446237
2023-11-13,0.0014608255922433785
2023-11-14,-0.011822184369137347
2023-11-15,0.005211215441071356
2023-11-16,-0.0047747235343463396
2023-11-17,-0.00820014647970846
2023-11-18,-5.460887666805447e-05
2023-11-19,-0.0032691258473118174
2023-11-20,-0.008017529753778079
2023-11-21,0.0045493699591456875
2023-11-22,0.005380394510530937
2023-11-23,0.0009642244668990168
2023-11-24,0.0007142586601374495
2023-11-25,-0.0001812488588334787
2023-11-26,-0.002792599129653467
2023-11-27,-0.005015298253334267
2023-11-28,-0.005019286097372665
2023-11-29,-0.0012008596788966159
2023-11-30,0.0050736923950544304
2023-12-01,-0.007193657549404163
2023-12-02,-9.636554631095856e-05
2023-12-03,-0.0008424309931667105
2023-12-04,-0.00039654935481286957
2023-12-05,0.001419080709919402
2023-12-06,-0.005650644388728043
2023-12-07,-0.016368247962756814
2023-12-08,-0.005409485417741378
2023-12-09,-0.00010588646065470235
2023-12-10,-0.002459832407592346
2023-12-11,0.002229617362184798
2023-12-12,0.004286348276120688
2023-12-13,0.020994759486676482
2023-12-14,0.0019363697783707945
2023-12-15,-0.003143178130597534
2023-12-16,3.1119806331913633e-07
2023-12-17,0.003359927616668819
2023-12-18,0.0013125936484643086
2023-12-19,0.002352084698469148
2023-12-20,-0.0016058807549842627
2023-12-21,0.003221102133659634
2023-12-22,0.0009398166317440112
2023-12-24,0.0005791021790140723
2023-12-25,0.0006704012023040615
2023-12-26,0.0007145150790970973
2023-12-27,0.005369784249782995
2023-12-28,-0.0021583696702080586
2023-12-29,-0.0005542132065059246
2023-12-31,5.2449563384973356e-05
2024-01-01,-0.0020661404758500774
2024-01-02,-0.0057199946234403895
2024-01-03,-0.007434912216426658
2024-01-04,-0.0036249767855940584
2024-01-05,0.0009184790228038384
2024-01-06,-3.754064874791175e-05
2024-01-07,0.000800489990417603
2024-01-08,0.007786806632745854
2024-01-09,-0.001135331497335253
2024-01-10,0.002576462678232812
2024-01-11,0.0014025563441923817
2024-01-12,0.0005214271764565234
2024-01-13,3.0986565560189146e-05
2024-01-14,0.0007291739274605261
2024-01-15,-0.0036389872921877746
2024-01-16,-0.002803862824312755
2024-01-17,-0.002976489462686161
2024-01-18,0.01055519001412161
2024-01-19,0.006576466878230326
2024-01-20,0.00473960691270642
2024-01-21,0.0016330864449753844
2024-01-22,5.4989574320691134e-05
2024-01-23,0.005751527406474847
2024-01-24,0.00017347060317574536
2024-01-25,-0.0020624401019544124
2024-01-26,0.00019856473016516645
2024-01-27,8.068502911461006e-05
2024-01-28,0.001674179680721091
2024-01-29,0.005435750737282453
2024-01-30,-0.004431863742032864
2024-01-31,-0.0001317910706001318
2024-02-01,0.006284274149431169
2024-02-02,-0.0007714133552042367
2024-02-03,-5.877210858906765e-05
2024-02-04,-0.0008661249400630722
2024-02-05,0.0004483254193224808
2024-02-06,0.0006527720437876734
2024-02-07,0.009286711395934497
2024-02-08,-0.0009437619223730578
2024-02-09,0.002733818878031797
2024-02-10,-0.00010865703080049459
2024-02-11,-0.00020212821538875657
2024-02-12,-0.0003382158261061761
2024-02-13,-0.004707549804548921
2024-02-14,0.004282465891627191
2024-02-15,0.0005274476931382224
2024-02-16,-0.0038580930219843787
2024-02-17,0.00026548616674923584
2024-02-18,0.0014799632647667766
2024-02-19,-0.00589598780600465
2024-02-20,-0.0013225196987599822
2024-02-21,0.007418672932805675
2024-02-22,0.006661402751744321
2024-02-23,-0.000973594862644306
2024-02-24,-7.716250512325005e-05
2024-02-25,-0.0012298744554095208
2024-02-26,-0.0017116171925636789
2024-02-27,0.002307319972664328
2024-02-28,-0.004917888424297973
2024-02-29,0.009046601249992538
2024-03-01,0.00396102092332044
2024-03-02,7.29529655634265e-05
2024-03-03,0.00045001091634817267
2024-03-04,-0.00010989673511050213
2024-03-05,-0.007889081211553885
2024-03-06,-0.009501896362911069
2024-03-07,0.0068112417259513025
2024-03-08,-0.009069499086925975
2024-03-09,-0.00029988272555707526
2024-03-10,-0.001534418548095588
2024-03-11,0.0035910029736306616
2024-03-12,0.0006687006470528925
2024-03-13,0.003028116731495902
2024-03-14,-0.005686148165577207
2024-03-15,0.0009521160137214819
2024-03-16,0.00023117926721851183
2024-03-17,0.003283734831906453
2024-03-18,0.005925075169208871
2024-03-19,0.013606485618271508
2024-03-20,0.011357754906248506
2024-03-21,0.0023569808712349295
2024-03-22,-0.002536315497772926
2024-03-23,1.8213684231990474e-05
2024-03-24,-0.0013805296162652558
2024-03-25,-0.0003536075795897119
2024-03-26,0.003129608982819208
2024-03-27,-0.0018833246619719786
2024-03-28,0.00020954195809427172
2024-03-29,0.000378060602128505
2024-03-30,0.0007190363852592848
2024-03-31,0.0008941252703911649
2024-04-01,-0.0033920371107661927
2024-04-02,-0.003564238895099872
2024-04-03,0.0008389954906863543
2024-04-04,-0.013721528998414934
2024-04-05,0.009503642216353785
2024-04-06,0.0011839796319670845
2024-04-07,0.0024132962908919434
2024-04-08,0.0007305888617597721
2024-04-09,0.0021701637639076985
2024-04-10,0.003873485232220951
2024-04-11,0.006922503826011707
2024-04-12,-0.009071038928294634
2024-04-13,0.0008276369299547464
2024-04-14,0.005195962757535436
2024-04-15,-0.00441896537886512
2024-04-16,0.0003273822277153309
2024-04-17,-0.005172175526491983
2024-04-18,-0.010634663678037193
2024-04-19,0.003690787775821676
2024-04-20,-0.0013686453807307672
2024-04-21,-0.0034624044187301227
2024-04-22,0.0008082802757085688
2024-04-23,0.007864428607679748
2024-04-24,0.00011980213324026758
2024-04-25,0.005208257848315383
2024-04-26,0.016815443462056184
2024-04-27,-0.0011296902074629045
2024-04-28,0.005586965297810679
2024-04-29,-0.011394999020976869
2024-04-30,-0.002223557732525153
2024-05-01,-0.004342732006292324
2024-05-02,-0.00531967603395709
2024-05-03,0.0037552879305648994
2024-05-04,0.0004516424177825406
2024-05-05,0.002479959366144961
2024-05-06,0.004336010019662993
2024-05-07,-8.848532532241018e-05
2024-05-08,0.002593799327562681
2024-05-09,0.002813509394817152
2024-05-10,0.0004675790794033569
2024-05-11,-9.04565931762027e-05
2024-05-12,-0.001161587681282293
2024-05-13,0.0014127519603435667
2024-05-14,0.00410385585706982
2024-05-15,0.0009906175029203753
2024-05-16,0.003538926621755844
2024-05-17,0.0007780685846036315
2024-05-18,0.0009443673288676586
2024-05-19,0.0017889195580980738
2024-05-20,0.0005838387818754548
2024-05-21,0.005839642823737311
2024-05-22,-0.0002613887274140038
2024-05-23,-0.004188910793383534
2024-05-24,0.0018774627211370278
2024-05-25,-0.00015647635803709087
2024-05-26,-0.00026461501008413595
2024-05-27,0.0015109727512791114
2024-05-28,-0.0007401882651289984
2024-05-29,-0.006285656923621041
2024-05-30,-0.0021641726293472998
2024-05-31,0.003690983533691342
2024-06-01,0.00035461604021939946
2024-06-02,0.000546999800026303
2024-06-03,-0.00024012570440109417
2024-06-04,0.005472880208618241
2024-06-05,0.006620966099441832
2024-06-06,0.0007296724041201457
2024-06-07,-0.0026778537477611603
2024-06-08,0.00046199664050449075
2024-06-09,0.0018412566289498903
2024-06-10,0.00732945354392572
2024-06-11,0.011259957837213081
2024-06-12,0.004914419332989571
2024-06-13,0.001197458212504355
2024-06-14,0.0004200711229697361
2024-06-15,9.793899527364616e-05
2024-06-16,0.00020239850085198148
2024-06-17,0.004559201245367214
2024-06-18,0.0020326045286809306
2024-06-19,-0.0011013963609929488
2024-06-20,0.0007469309883058509
2024-06-21,-0.0010493931020644557
2024-06-22,-0.0004919218547815776
2024-06-23,-0.0026892138222895877
2024-06-24,0.0012691453770880797
2024-06-25,0.005608293267323184
2024-06-26,-0.0004305199701700532
2024-06-27,0.00445295412129136
2024-06-28,-0.003141779959283602
2024-06-29,-0.0003672110071784094
2024-06-30,0.000366115138971914
2024-07-01,0.0035833238885719866
2024-07-02,0.008639105799160676
2024-07-03,0.0052480470297059404
2024-07-04,0.002521961119432004
2024-07-05,0.005759585461927672
2024-07-06,8.274290513662107e-05
2024-07-07,-0.00017200728441727224
2024-07-08,0.0045671210006720826
2024-07-09,0.003650432699283308
2024-07-10,0.003101776369606418
2024-07-11,-0.0179223740433369
2024-07-12,-0.0018572575296568238
2024-07-13,0.000499311710986034
2024-07-14,0.002486885474167581
2024-07-15,0.0049652639693831355
2024-07-16,-0.002507667048211307
2024-07-17,-0.019986612118559566
2024-07-18,-0.005600268711485293
2024-07-19,-0.0063950630004406045
2024-07-20,0.00012868152899643486
2024-07-21,-0.00016264417624322461
2024-07-22,0.001897597719802183
2024-07-23,-0.007621629586769694
2024-07-24,-0.020337747085916767
2024-07-25,-0.0025564976251525586
2024-07-26,0.0035551912438534605
2024-07-27,0.0003534160207909366
2024-07-28,0.0020179010574200205
2024-07-29,-0.0036574642978958634
2024-07-30,0.005427328468308827
2024-07-31,0.00610827505290271
2024-08-01,-0.012004776000644552
2024-08-02,-0.0030933603552017173
2024-08-03,-0.000634064276604098
2024-08-04,-0.0028123477027463414
2024-08-05,-0.0015833145142453873
2024-08-06,-0.0025479850843967396
2024-08-07,-0.0010044510970739396
2024-08-08,0.007295953894407828
2024-08-09,0.0013539653903120947
2024-08-10,9.555912436656113e-05
2024-08-11,-0.0002036052413542351
2024-08-12,0.0035183294866960057
2024-08-13,0.004579604634681293
2024-08-14,0.0021092050148851112
2024-08-15,0.003202011315251533
2024-08-16,0.005998847286430779
2024-08-17,8.544878283294994e-05
2024-08-18,0.00014665606716810482
2024-08-19,0.0018821095418408123
2024-08-20,0.0022390872037327835
2024-08-21,-0.001062678738635004
2024-08-22,-0.002678381684538419
2024-08-23,0.005407544872527739
2024-08-24,1.582510316042583e-05
2024-08-25,-3.8507271075412574e-05
2024-08-26,-0.0019642774514856023
2024-08-27,0.0017022923455011357
2024-08-28,-0.0026920174775261273
2024-08-29,0.0012696940506441807
2024-08-30,-0.0013335995250949423
2024-08-31,-0.0003520780455721757
2024-09-01,-0.0012350046145022274
2024-09-02,-0.0003373317316312152
2024-09-03,-0.005415872588206504
2024-09-04,0.0026921932549016222
2024-09-05,-0.0008722274579484164
2024-09-06,-0.006152818030084797
2024-09-07,1.3002085403459754e-05
2024-09-08,0.0008938645459626248
2024-09-09,0.0021572694994860995
2024-09-10,0.0032688042108630754
2024-09-11,0.0022529750868304963
2024-09-12,0.009375213131190352
2024-09-13,0.0020878354350245586
2024-09-14,0.00014013719426464113
2024-09-15,0.0007396786229453549
2024-09-16,-0.0011120480577578471
2024-09-17,-0.001057752663357734
2024-09-18,-0.0008072716045558482
2024-09-19,0.006966252771013118
2024-09-20,0.0022064737022201375
2024-09-21,0.00014491626640473443
2024-09-22,0.0016570769126963089
2024-09-23,0.00048299546147934997
2024-09-24,0.005753420107295528
2024-09-25,-0.001145683730182964
2024-09-26,0.0006924091760586537
2024-09-27,-0.00021589052914366974
2024-09-28,-0.00021923512669378868
2024-09-29,-0.001011095987335388
2024-09-30,-0.0003287268139025265
2024-10-01,-0.0006689455323815313
2024-10-02,-0.0018816599195920145
2024-10-03,0.0018639428279065525
2024-10-04,-0.0003022845420627588
2024-10-05,-0.0003557529328454635
2024-10-06,-0.0017374927854605245
2024-10-07,-0.004177586809181468
2024-10-08,0.0033938047153983762
2024-10-09,0.0059873772727234275
2024-10-10,0.005110403138535472
2024-10-11,0.0023687771219036793
2024-10-12,9.242764201878003e-05
2024-10-13,-0.0004714058827511292
2024-10-14,0.006008621134285525
2024-10-15,0.00014035375880085002
2024-10-16,0.005443733641922823
2024-10-17,0.00553014522751547
2024-10-18,0.004662518937163024
2024-10-19,0.0015166942179268687
2024-10-20,0.0031616780633289903
2024-10-21,-0.0023007329901220787
2024-10-22,-0.000404269522445951
2024-10-23,-0.0075202597300512335
2024-10-24,0.007259004882418055
2024-10-25,0.0029085727600967537
2024-10-26,-0.0034738317668309986
2024-10-27,0.003816596637212912
2024-10-28,0.01131791140735475
2024-10-29,0.009105854119629112
2024-10-30,-0.0135464898932833
2024-10-31,-0.014077856865934976
2024-11-01,-0.0008136807037968862
2024-11-02,-0.0015494019643219924
2024-11-03,0.0012135900179894115
2024-11-04,0.0009672784497964497
2024-11-05,0.0034048541669093714
2024-11-06,-0.003626171573216818
2024-11-07,0.006773531713768524
2024-11-08,-0.0010695924900296539
2024-11-09,-0.0006886833407566663
2024-11-10,-0.0011426580768011708
2024-11-11,-0.005921410530304509
2024-11-12,-0.0032402508686544917
2024-11-13,-0.0018070970105224064
2024-11-14,-0.0037067156801927027
2024-11-15,-0.01029952320330094
2024-11-16,0.0017406417866815491
2024-11-17,0.006323102588537084
2024-11-18,0.0042338334855917216
2024-11-19,0.0049817280771461215
2024-11-20,0.002259943216473427
2024-11-21,0.009179450545369847
2024-11-22,0.00442877326921512
2024-11-23,-0.0036235172908788333
2024-11-24,-0.0032237962074692446
2024-11-25,-0.005195779430739658
2024-11-26,0.0007602636296038014
2024-11-27,-0.0019723863008942934
2024-11-28,0.0013268908974324609
2024-11-29,0.0003670439876669479
2024-11-30,-0.0004527285139916227
2024-12-01,-0.0006314286308896641
2024-12-02,0.009023544113610709
2024-12-03,0.0020686316811152385
2024-12-04,0.002352290162834019
2024-12-05,0.0015328880525094944
2024-12-06,0.0018342657688549026
2024-12-07,0.0004727549012681193
2024-12-08,0.0005832373045084815
2024-12-09,0.000779737668140511
2024-12-10,0.001865751121079175
2024-12-11,0.007426834649103706
2024-12-12,-0.0038352055681777956
2024-12-13,-0.0022747877888498924
2024-12-14,6.259852271226801e-05
2024-12-15,0.005670489350392348
2024-12-16,0.003948037488882738
2024-12-17,-0.005900316836824599
2024-12-18,-0.016805967785186324
2024-12-19,4.452982273066542e-05
2024-12-20,0.004722641619501813
2024-12-21,-5.2419129496885756e-05
2024-12-22,0.00288591822877096
2024-12-23,0.00029556804735928193
2024-12-24,0.004290553459412566
2024-12-25,0.0012679363470868977
2024-12-26,-0.0009912871151540703
2024-12-27,-0.0031591878710676086
2024-12-28,-2.8079910635403354e-06
2024-12-29,-0.003522785284042928
2024-12-30,-0.004667070956806312
2024-12-31,0.001408337051047889
2025-01-01,0.0005145916984295391
2025-01-02,0.0005290523199843699
2025-01-03,0.001119292659721583
2025-01-04,-0.00023064944103327954
2025-01-05,-0.00016993470429134253
2025-01-06,0.001266113323207892
2025-01-07,-0.005513270487438539
2025-01-08,-0.0020420600002855685
2025-01-09,-0.0015656943162078384
2025-01-10,-0.002930745039625665
2025-01-11,0.00011390818452397616
2025-01-12,-0.0023985245801468975
2025-01-13,-5.5900439698573995e-05
2025-01-14,0.0015589065868634162
2025-01-15,0.004247613514580546
2025-01-16,0.0022275543709890985
2025-01-17,0.0029867967511660706
2025-01-18,-0.0004153710461545552
2025-01-19,-0.0008749356273480939
2025-01-20,0.0022762326787810643
2025-01-21,0.007673137987404378
2025-01-22,0.0035788745864157017
2025-01-23,0.0015479361122567605
2025-01-24,0.0023750441488852724
2025-01-25,-0.001536831141658847
2025-01-26,-0.013193906584560506
2025-01-27,-0.006819780891700734
2025-01-28,0.00747666810467671
2025-01-29,0.0003729978364753511
2025-01-30,0.006417883418630766
2025-01-31,-0.0021515754343559806
2025-02-01,-0.003980481884344378
2025-02-02,-0.011184192179426804
2025-02-03,0.01285246759807651
2025-02-04,0.004532800910490188
2025-02-05,0.004632100081471958
2025-02-06,0.00036087511361145795
2025-02-07,-0.004825085193005949
2025-02-08,0.001025728480570974
2025-02-09,0.0069435699609862395
2025-02-10,0.003230649508519086
2025-02-11,-0.0047774523022746165
2025-02-12,0.007748340183290744
2025-02-13,-0.0021152452347761026
2025-02-14,-0.005288742650342558
2025-02-15,0.0007604599272130287
2025-02-16,0.00429940171410326
2025-02-17,0.0028021707043689175
2025-02-18,0.002410073046804385
2025-02-19,-0.001365851218125458
2025-02-20,-0.000723918812259332
2025-02-21,-0.004362150740777759
2025-02-22,-0.0007343805398217837
2025-02-23,0.0022325736609876356
2025-02-24,-0.00553464459926257
2025-02-25,-0.0050653365660602466
2025-02-26,-0.012825024432454066
2025-02-27,-0.011917442508527124
2025-02-28,0.0018736566841870746
2025-03-01,-0.0001437326669685864
2025-03-02,0.002973709007153462
2025-03-03,-0.005223396950610144
2025-03-04,-0.002716788670271789
2025-03-05,0.0014714746460902715
2025-03-06,-0.005219434022913807
2025-03-07,0.0003729460665565658
2025-03-08,7.481092437999128e-05
2025-03-09,-0.002469606821451621
2025-03-10,-0.007473818937621848
2025-03-11,0.004019259086331423
2025-03-12,0.009886068730324587
2025-03-13,0.002973651433503937
2025-03-14,0.0010353851182681214
2025-03-15,0.00011551970586640714
2025-03-16,0.001188234154526697
2025-03-17,0.005500944266895301
2025-03-18,-0.001522694579738335
2025-03-19,0.006029688312437138
2025-03-20,-0.006547823639259574
2025-03-21,-0.00042631489379487206
2025-03-22,-0.002690222287847874
2025-03-23,0.0005589969729946561
2025-03-24,0.0019904394873295653
2025-03-25,0.003266950038932888
2025-03-26,0.005828455160802055
2025-03-27,0.012045264415355554
2025-03-28,-0.0014838124489943534
2025-03-29,0.0044916439979765825
2025-03-30,0.003599588112623481
2025-03-31,0.0009126297789442987
2025-04-01,0.005949018968678695
2025-04-02,0.014179778903381547
2025-04-03,0.001871676989632107
2025-04-04,-0.005051092296222766
2025-04-05,0.009131931276340934
2025-04-06,-0.009874092172242973
2025-04-07,0.001357676286507447
2025-04-08,-0.00499388540558839
2025-04-09,0.011551020877982498
2025-04-10,0.005534533648777987
2025-04-11,0.0009692034145494962
2025-04-12,-0.0007025332477116106
2025-04-13,0.00039980492442855456
2025-04-14,0.0006677114730109678
2025-04-15,0.003708013057649786
2025-04-16,0.0034994060274081418
2025-04-17,-0.0004260054886647646
2025-04-18,0.00014237166211374667
2025-04-19,0.00131872743342568
2025-04-20,0.004989055713772523
2025-04-21,0.00051138223794178
2025-04-22,-0.005602005947804717
2025-04-23,-0.0023197646435008357
2025-04-24,-0.0005941071244109199
2025-04-25,-0.0014280433983348728
2025-04-26,-0.00017849561868642257
2025-04-27,-0.0012236496420894106
2025-04-28,0.0022391884719991755
2025-04-29,-0.002344754719296323
2025-04-30,-0.0032510917722849346
2025-05-01,-0.0038117762716335024
2025-05-02,0.00029073902441163947
2025-05-03,0.00020687686444432687
2025-05-04,0.002854815140227837
2025-05-05,0.004644430017837577
2025-05-06,0.0019551992149134324
2025-05-07,-0.0012245502814769462
2025-05-08,-0.005827335776797019
2025-05-09,0.0009269058152930839
2025-05-10,-0.005859066312598219
2025-05-11,-0.0022805668000914097
2025-05-12,0.000742721749343214
2025-05-13,-2.202353876131716e-05
2025-05-14,-0.0022115349360118425
2025-05-15,0.0037181249262375187
2025-05-16,0.0009077981074203108
2025-05-17,0.00031969470263548916
2025-05-18,-0.0017602599235692433
2025-05-19,0.0018401850779174258
2025-05-20,0.004361180279940455
2025-05-21,-0.0024651018909163085
2025-05-22,-0.00043291630581798464
2025-05-23,0.00042412229014572795
2025-05-24,-0.0003511368229918413
2025-05-25,0.003080862143668691
2025-05-26,-0.0005957298141847958
2025-05-27,-0.001389384194951558
2025-05-28,0.00029300923392297637
2025-05-29,-0.0023893274400669834
2025-05-30,-0.0006849423902937009
2025-05-31,0.00017841492020787082
2025-06-01,0.0006999008598507998
2025-06-02,0.004872909258956835
2025-06-03,0.0011514128767924014
2025-06-04,0.0011076383160012523
2025-06-05,-0.0025969829689197394
2025-06-06,-0.0008395475259876603
2025-06-07,-0.00015388791003100556
2025-06-08,-0.000442724823444227
2025-06-09,0.002501027381351381
2025-06-10,0.0009921746497840987
2025-06-11,0.002085717699143105
2025-06-12,0.0006255706360860557
2025-06-13,0.0004837104832030742
2025-06-14,0.0001598100067637038
2025-06-15,-3.0500440848758475e-05
2025-06-16,0.0005897970247032621
2025-06-17,-0.0020404186022818004
2025-06-18,-0.0035996483837025836
2025-06-19,-0.0008061287238155398
2025-06-20,0.000665419051901558
2025-06-21,-4.8322982537151936e-05
2025-06-22,-0.00459985871946851
2025-06-23,0.007357030578002079
2025-06-24,0.0027127624921184394
2025-06-25,0.0024235333279614183
2025-06-26,0.004240258546739837
2025-06-27,4.1029798560680624e-05
2025-06-28,0.0002834615786537843
2025-06-29,0.005660426484352157
2025-06-30,0.00250855323503442
2025-07-01,0.0001807306030975858
2025-07-02,0.002940511221090117
2025-07-03,0.0036160985741845236
2025-07-04,-0.0031514923125498476
2025-07-05,-0.002729735459443632
2025-07-06,0.0026685041253109326
2025-07-07,-0.003632104774042085
2025-07-08,-0.0043862687748913495
2025-07-09,0.010383361961449336
2025-07-10,0.001993874689112054
2025-07-11,0.0016134241747251693
2025-07-12,0.0007080668844088773
2025-07-13,-0.003742117417304954
2025-07-14,0.004571121180883669
2025-07-15,-0.0033364824197449233
2025-07-16,0.001666839800149507
2025-07-17,0.014047108857976807
2025-07-18,-0.0002708797862935078
2025-07-19,0.0006373379872342072
2025-07-20,0.008449024177555695
2025-07-21,0.009120145049614944
2025-07-22,-0.0020882978301616424
2025-07-23,0.0006806284773598449
2025-07-24,-0.006128963276662508
2025-07-25,-0.0034115319795340374
2025-07-26,-0.0005501669546621441
2025-07-27,0.006969238081347065
2025-07-28,-0.002685257636817873
2025-07-29,0.0003469832872617147
2025-07-30,0.0025132836312905934
2025-07-31,-0.010125096911856776
2025-08-01,-0.0009331348133324721
2025-08-02,-0.0009345278142065397
2025-08-03,0.004276855237111795
2025-08-04,0.00895616733391557
2025-08-05,-0.004841768858306649
2025-08-06,0.006355414825519361
2025-08-07,0.00542141109152756
2025-08-08,0.0047477861033861
2025-08-09,-0.004026301961833982
2025-08-10,-0.003832259190459711
2025-08-11,-0.005596206291596218
2025-08-12,0.005781280483123173
2025-08-13,-0.0008200284692789
2025-08-14,-0.004690252422973279
2025-08-15,-0.0019596055819051735
2025-08-16,0.00012866005282219936
2025-08-17,0.0035783082297156693
2025-08-18,-0.0030998653241674835
2025-08-19,-0.004624041660060509
2025-08-20,0.0036448333414334727
2025-08-21,-0.004865473953161359
2025-08-22,0.011970561316219134
2025-08-23,-0.00014064162765261304
2025-08-24,0.001366193770433604
2025-08-25,-0.002419297976677657
2025-08-26,0.005016222638396339
2025-08-27,0.0017633977651848518
2025-08-28,0.012359631450489959
2025-08-29,0.0015358224621017374
2025-08-30,0.004846325604209096
2025-08-31,0.0069004684554335675
2025-09-01,0.009624501660800052
2025-09-02,6.778973099930003e-05
2025-09-03,0.0011540657125748226
2025-09-04,0.013643166472482468
2025-09-05,0.0027715562541411115
2025-09-06,3.131476463194375e-05
2025-09-07,0.009039996748274055
2025-09-08,0.00568878947029467
2025-09-09,-0.0007442207439259444
2025-09-10,-9.44696425801883e-05
2025-09-11,0.0037960464424325944
2025-09-12,-0.0001404866650769189
2025-09-13,-0.0005131629794227152
2025-09-14,0.006643121352714915
2025-09-15,0.00877701465366341
2025-09-16,-0.003566134620811706
2025-09-17,0.0013200943222906165
2025-09-18,0.0066310338214378385
2025-09-19,0.005505691341577435
2025-09-20,0.00044571735345409427
2025-09-21,0.004299295219245625
2025-09-22,0.012257358717060874
2025-09-23,-0.0027510902207686034
2025-09-24,0.0003887847537973798
2025-09-25,-0.003330861203739101
2025-09-26,0.004352332531254921
2025-09-27,0.002586459113023513
2025-09-28,0.009535595580833117
2025-09-29,0.00807893673416421
2025-09-30,-0.0031500493505324197
2025-10-01,0.002476489029014631
2025-10-02,0.005922479838235095
2025-10-03,0.0030702951257908246
2025-10-04,0.0023285333959386528
2025-10-05,0.01468499737688321
2025-10-06,0.013421588515229113
2025-10-07,0.0039711222629877545
2025-10-08,0.0026671255584347457
2025-10-09,-0.002720776205448462
2025-10-10,-0.015198509395815947
2025-10-11,-0.0011410436014408446
2025-10-12,0.015519006477452506
2025-10-13,0.015027538926140439
2025-10-14,0.004686807460359223
2025-10-15,0.012254149105975078
2025-10-16,-0.0023001025821000644
2025-10-17,-0.003217540090829731
2025-10-18,4.6320106168244854e-05
2025-10-19,0.005647695536192881
2025-10-20,-0.0011240059035465607
2025-10-21,-0.014182815762578214
2025-10-22,-0.0016831785479001203
2025-10-23,0.00588048401871605
2025-10-24,0.0016865142007809746
2025-10-25,-0.001132120910655724
2025-10-26,-0.0011415862872801883
2025-10-27,0.006111929187479412
2025-10-28,0.0009519394346283985
2025-10-29,0.0023601133234693998
2025-10-30,0.0008332975182301821
2025-10-31,-0.0014293004922940643
2025-11-01,7.926359697962416e-05
2025-11-02,0.0006447980558002085
2025-11-03,-0.0027608308264311368
2025-11-04,-0.006808433295619983
2025-11-05,0.0044770782399000935
2025-11-06,-0.008293453749522933
2025-11-07,0.000891092378233223
2025-11-08,0.0010191443590001291
2025-11-09,0.0075200331261760685
2025-11-10,0.004328113874946543
2025-11-11,0.002878273616795971
2025-11-12,0.0009063399719668235
2025-11-13,-0.014752870713632642
2025-11-14,-0.00435607114817833
2025-11-15,-0.0005757313242136107
2025-11-16,0.0008627424322248093
2025-11-17,-0.008517722259923567
2025-11-18,-0.0018338062257809108
2025-11-19,0.009037412084414592
2025-11-20,-0.0090578146929741
2025-11-21,0.0013746484315588314
2025-11-22,-0.0011008761034007354
2025-11-23,0.0017926044163580096
2025-11-24,0.005204103373051199
2025-11-25,0.002247330872467366
2025-11-26,0.0022918324584014797
2025-11-27,0.002481736853245459
2025-11-28,0.0018497012259371562
2025-11-29,0.0007399911322705006
2025-11-30,-0.0017928070123925937
2025-12-01,-0.0006938934111838213
2025-12-02,0.001111790026319953
2025-12-03,0.00016062137763929902
2025-12-04,0.0018514711445936332
2025-12-05,0.001423738018746779
2025-12-06,-0.001164489982299483
2025-12-07,-0.00178443974761682
2025-12-08,-0.0006792487540083765
2025-12-09,0.00020912098063805698
2025-12-10,0.0007214074517628613
2025-12-11,0.00503338096511771
2025-12-12,-0.001041747897178667
2025-12-13,0.0008688611842098302
2025-12-14,-0.002257801786376756
2025-12-15,-0.002439391536756117
2025-12-16,0.001844010594327782
2025-12-17,-0.0013170315045231552
2025-12-18,0.0018184368492079155
2025-12-19,0.003160835054010745
2025-12-20,0.001709771072872248
2025-12-21,0.005412351092879767
2025-12-22,0.004624703174530949
2025-12-23,0.0013468114944009642
2025-12-24,0.00025392934437204923
2025-12-25,0.003364907306620435
2025-12-26,0.0014317026072074887
2025-12-27,-0.0005502104064020766
2025-12-28,-0.007025591757091774
2025-12-29,-0.011334384428916735
2025-12-30,-0.0037697925659739063
2025-12-31,0.00016558804003804196
2026-01-01,0.005922669350150688
2026-01-02,-0.004981073570427445
2026-01-03,0.004501928982364053
2026-01-04,0.011103144738745267
2026-01-05,0.007809756136917074
2026-01-06,-0.0012183996735638514
2026-01-07,-0.002136830439675292
2026-01-08,0.007130836071212594
2026-01-09,0.008745102329047565
2026-01-10,0.0025871146905992732
2026-01-11,0.005837481638389575
2026-01-12,0.004401268760430631
2026-01-13,0.0019470457110987282
2026-01-14,-0.004932084693658969
2026-01-15,0.002530440978327516
2026-01-16,-0.0020633198965047447
2026-01-17,0.0027089201239100945
2026-01-18,0.004383416690297452
2026-01-19,0.010093015764095133
2026-01-20,0.013199788479512647
2026-01-21,0.006143420293783348
2026-01-22,0.014763149702609807
2026-01-23,-0.0015509512594622176
2026-01-24,0.0037654434610411894
2026-01-25,0.005855287344338484
2026-01-26,0.009403955785899941
2026-01-27,0.030595842787798602
2026-01-28,0.011666496245986556
2026-01-29,-0.022321857190958288
2026-01-30,-0.00829004946448913
2026-01-31,-0.002750956634533891
2026-02-01,-0.0045831787061241976
2026-02-02,0.010854349985986486
2026-02-03,-0.0024916897825841924
2026-02-04,-0.006049959151287803
2026-02-05,-0.0018483862481433932
2026-02-06,0.006765221347104129
2026-02-07,0.00032902362076136035
2026-02-08,0.000572048769294848
2026-02-09,0.001170857808139042
2026-02-10,0.00015231365267803112
2026-02-11,-0.0005935182430803249
2026-02-12,-0.0029258576247520192
2026-02-13,0.0011540657054593438
2026-02-14,-0.0005383518185050932
2026-02-15,-0.0011929960147924966
2026-02-16,-0.0014398820919439934
2026-02-17,0.0019510907305886464
2026-02-18,0.0011068863581342675
2026-02-19,0.000803577644303336
2026-02-20,0.003773653157193185
2026-02-21,0.0005621759211067106
2026-02-22,-6.613224223574537e-05
2026-02-23,0.0007629581087892222
2026-02-24,0.0030268624381768997
2026-02-25,0.0014256151275901584
2026-02-26,-3.4114730121773627e-05
2026-02-27,0.0016152076326559908
2026-02-28,0.0015230821263784492
2026-03-01,-0.0012814832655313796
2026-03-02,-0.004302778278251005
2026-03-03,-0.009533032642873234
2026-03-04,0.003595114630610735
2026-03-05,-0.0010030304235615522
2026-03-06,-0.0029262290368532915
2026-03-07,-0.0021773713746568164
2026-03-08,-0.006275094798227611
2026-03-09,0.0074060937302245595
2026-03-10,0.0036275341054819864
2026-03-11,-0.004279107566526931
2026-03-12,-0.002153952378755441
2026-03-13,-0.004065058852319818
2026-03-14,-0.00024200399528316965
2026-03-15,0.0007786314075977047
2026-03-16,-0.0004512214878750924
2026-03-17,-0.0014950958916643622
2026-03-18,-0.00898329294858443
2026-03-19,-0.00923583288673739
2026-03-20,-0.008803607530145516
2026-03-21,-0.0024102951498621047
2026-03-22,-0.004421081888357601
2026-03-23,0.0046281304038706455
2026-03-24,0.006724752980829106
2026-03-25,-0.0021098071311410217
2026-03-26,-0.0015936274253354954
2026-03-27,-0.0004847051090291818
2026-03-28,-0.00020718928205112647
2026-03-29,0.000796844752851908
2026-03-30,0.004040753477000957
2026-03-31,0.004009493293024081
2026-04-01,9.661372429917813e-05
2026-04-02,0.0008813325247316526
2026-04-03,-3.2835665003872024e-05
2026-04-04,-0.00036906815248109113
2026-04-05,-0.0005888471702359542
2026-04-06,0.001952261772998515
2026-04-07,0.003287043133947399
2026-04-08,-0.0014954068660772651
2026-04-09,0.0017692961150726615
2026-04-10,5.105412568807021e-05
2026-04-11,-0.00033324881869470363
2026-04-12,-0.0007617860101511186
2026-04-13,0.0046754295167154266
2026-04-14,0.003148188473351213
2026-04-15,0.0005526513169338529
2026-04-16,-0.0008289941197482883
2026-04-17,0.004069865065170396
2026-04-18,-0.0014994965637360228
2026-04-19,-0.0035529764152832607
2026-04-20,-0.00017270246031804036
2026-04-21,-0.005750615973451319
2026-04-22,-0.005066900294407306
2026-04-23,3.1643966760654124e-05
2026-04-24,0.0035985989318898922
2026-04-25,0.00040582587666642626
2026-04-26,-0.0009033879410334312
2026-04-27,-0.007104063547307842
2026-04-28,-0.006172282898410388
2026-04-29,0.007309037766012454
2026-04-30,0.010073276301650232
2026-05-01,-0.00019453872761773065
2026-05-02,-0.0005905573715922406
2026-05-03,0.006056197369152263
2026-05-04,-0.002457348729839765
2026-05-05,0.009435467488197288
2026-05-06,0.005038177456779738
2026-05-07,-0.002820852997276771
2026-05-08,0.0028667614470929757
2026-05-09,-0.0009507449841329213
2026-05-10,-0.002139144503495687
2026-05-11,0.005854951435988939
2026-05-12,0.0014673836346792864
2026-05-13,0.0028337185963373994
2026-05-14,-0.003397322741255593
2026-05-15,-0.007050078420232869
2026-05-16,-0.00010718696584573787
2026-05-17,0.002394455583739922
2026-05-18,0.000893232590333167
2026-05-19,-0.0005697580412232104
2026-05-20,0.011041642943905102
2026-05-21,0.004764005388736371
2026-05-22,-0.00023606740964503305
2026-05-23,0.0017334757131952402
2026-05-24,0.008738005739426439
2026-05-25,-0.0081669240997194
2026-05-26,-0.007775539255031772
2026-05-27,-0.007469487927242572
2026-05-28,0.005601144207945214
2026-05-29,0.002883305157335191
2026-05-30,-0.0007036858549849466
2026-05-31,-0.0046761952442353795
2026-06-01,-0.0002779073193710976
2026-06-02,0.00861174490513744
2026-06-03,-0.003859474708964014
2026-06-04,-0.00662559730315819
2026-06-05,-0.019173551007106444
2026-06-06,-0.0014691969139092721
2026-06-07,0.00641102110042184
2026-06-08,-0.0060620179823991545
2026-06-09,-0.014023721241696561
2026-06-10,0.01095951363637338
2026-06-11,3.762974502561577e-05
2026-06-12,3.576926258306085e-05
2026-06-13,0.002749537799722629
2026-06-14,0.006959594344411296
2026-06-15,-0.0026861946693502864
2026-06-16,0.0008641098943391833
2026-06-17,0.002280109846867484
2026-06-18,-0.003685312679868724
2026-06-19,0.0010579025821955519
2026-06-20,-0.00039639189277233035
2026-06-21,-0.001864592981857292
2026-06-22,-0.005598474902343548
2026-06-23,0.000143502870277401
2026-06-24,-0.0007345271673703022
2026-06-25,-0.005394902620666667
2026-06-26,-0.0033963082202124856
2026-06-27,0.003283542537124418
2026-06-28,0.004813940703876457
2026-06-29,0.008145608140553248
2026-06-30,-0.0012290106920759632
2026-07-01,-0.008543697363027578
2026-07-02,-0.00622751527078831
2026-07-03,0.00027477894983115594
2026-07-04,-0.00017724671431476645
2026-07-05,-0.0014037759908430661
2026-07-06,-0.000570041745598764
2026-07-07,-0.0017104977814765307
2026-07-08,0.003461309795879164
2026-07-09,0.00012113996867920535
2026-07-10,0.001805486132246212
2026-07-11,-0.0020113044188662423
2026-07-12,-0.0031160340886108384
2026-07-13,0.0004696822074492499
2026-07-14,-0.002815595817490132
2026-07-15,-0.009024678960672904
2026-07-16,-0.006393806611458889
2026-07-17,-0.0012100794152773654
2026-07-18,0.0008177747886700537
2026-07-19,-0.00046044708881417894
2026-07-20,0.0030271793193019677
2026-07-21,-0.00024256257246164188
2026-07-22,-0.002109977491507725
2026-07-23,2.5754021434301177e-05
2026-07-24,-0.0018029071705837993
2026-07-25,0.0011005989161929333
2026-07-26,0.001230430719410682
2026-07-27,0.0005051589320828241
2026-07-28,-0.003146931111607794
2026-07-29,-0.0015088029992208847
2026-07-30,0.0033680952038197356
2026-07-31,-7.7669908575605e-05
2026-08-01,0.001266925331387574
2026-08-02,0.005100153960273848
2026-08-03,0.006072296571001267
2026-08-04,-0.0007852797706891875
2026-08-05,-0.006751704974508509
2026-08-06,0.0010209375235125885
2026-08-07,-0.001589502816775265
2026-08-08,0.00034699354212274896
2026-08-09,0.0010248012798825742
2026-08-10,-0.006433637542922849
2026-08-11,-0.0013844297576745754
2026-08-12,-9.133514165735458e-05
2026-08-13,0.0008875714434857558
2026-08-14,-0.0025580801290013017
2026-08-15,0.00035363214566000705
2026-08-16,-0.004482722586567098
2026-08-17,-0.002853752176868436
2026-08-18,-0.0011800423979001547
2026-08-19,-0.006036744543498764
2026-08-20,-0.001421219941557181
2026-08-21,-0.0031202391930767325
2026-08-22,-0.0008835482136545533
2026-08-23,-0.0004691814544140176
2026-08-24,0.0005051842488897171
2026-08-25,0.002588995112530531
2026-08-26,0.0031931231902510896
2026-08-27,0.0028284622790990172
2026-08-28,0.0031788857558162236
2026-08-29,-0.0012415004868078846
2026-08-30,0.002357185482103968
2026-08-31,-0.002627984714121114
2026-09-01,0.003609524575232129
2026-09-02,-0.0023131110382052134
2026-09-03,0.001232980385068668
2026-09-04,0.001101925297354774
2026-09-06,0.0014846031646758731
2026-09-07,0.000751489046265343
2026-09-08,5.967901607074194e-05
2026-09-09,-0.0028172446098722664
2026-09-10,0.0003683295157200098
