,ret
2012-09-25,0.0
2012-09-26,0.0
2012-09-27,0.0
2012-09-30,0.0
2012-10-01,0.0
2012-10-02,0.0
2012-10-03,0.0
2012-10-04,0.0
2012-10-07,0.0
2012-10-08,0.0
2012-10-09,0.0
2012-10-10,0.0
2012-10-11,0.0
2012-10-14,0.0
2012-10-15,0.0
2012-10-16,0.0
2012-10-17,0.0
2012-10-18,0.0
2012-10-21,0.0
2012-10-22,0.0
2012-10-23,0.0
2012-10-24,0.0
2012-10-25,0.0
2012-10-28,0.0
2012-10-29,0.0
2012-10-30,0.0
2012-10-31,0.0
2012-11-01,0.0
2012-11-04,0.0
2012-11-05,0.0
2012-11-06,0.0
2012-11-07,0.0
2012-11-08,0.0
2012-11-11,0.0
2012-11-12,0.0
2012-11-13,0.0
2012-11-14,0.0
2012-11-15,0.0
2012-11-18,0.0
2012-11-19,0.0005251867303680964
2012-11-20,0.0005251867303680964
2012-11-21,0.0005251867303680964
2012-11-22,0.0005251867303680964
2012-11-25,0.0005251867303680964
2012-11-26,-0.0009654321649816327
2012-11-27,-0.0009654321649816327
2012-11-28,-0.0009654321649816327
2012-11-29,-0.0009654321649816327
2012-12-02,-0.0009654321649816327
2012-12-03,-0.00010485719679603014
2012-12-04,-0.00010485719679603014
2012-12-05,-0.00010485719679603014
2012-12-06,-0.00010485719679603014
2012-12-09,-0.00010485719679603014
2012-12-10,0.0
2012-12-11,0.0
2012-12-12,0.0
2012-12-13,0.0
2012-12-16,0.0
2012-12-17,0.0
2012-12-18,0.0
2012-12-19,0.0
2012-12-20,0.0
2012-12-23,0.0
2012-12-24,0.0
2012-12-25,0.0
2012-12-26,0.0
2012-12-27,0.0
2012-12-30,0.0
2012-12-31,0.0
2013-01-01,0.0
2013-01-02,0.0
2013-01-03,0.0
2013-01-06,0.0
2013-01-07,0.0
2013-01-08,0.0
2013-01-09,0.0
2013-01-10,0.0
2013-01-13,0.0
2013-01-14,0.0
2013-01-15,0.0
2013-01-16,0.0
2013-01-17,0.0
2013-01-20,0.0
2013-01-21,0.0
2013-01-22,0.0
2013-01-23,0.0
2013-01-24,0.0
2013-01-27,0.0
2013-01-28,0.0
2013-01-29,0.0
2013-01-30,0.0
2013-01-31,0.0
2013-02-03,0.0
2013-02-04,0.0
2013-02-05,0.0
2013-02-06,0.0
2013-02-07,0.0
2013-02-10,0.0
2013-02-11,0.0
2013-02-12,0.0
2013-02-13,0.0
2013-02-14,0.0
2013-02-17,0.0
2013-02-18,0.0
2013-02-19,0.0
2013-02-20,0.0
2013-02-21,0.0
2013-02-24,0.0
2013-02-25,0.0
2013-02-26,0.0
2013-02-27,0.0
2013-02-28,0.0
2013-03-03,0.0
2013-03-04,0.0
2013-03-05,0.0
2013-03-06,0.0
2013-03-07,0.0
2013-03-10,0.0
2013-03-11,0.0
2013-03-12,0.0
2013-03-13,0.0
2013-03-14,0.0
2013-03-17,0.0
2013-03-18,0.0
2013-03-19,0.0
2013-03-20,0.0
2013-03-21,0.0
2013-03-24,0.0
2013-03-25,0.0
2013-03-26,0.0
2013-03-27,0.0
2013-03-28,0.0
2013-03-31,0.0
2013-04-01,0.0
2013-04-02,0.0
2013-04-03,0.0
2013-04-04,0.0
2013-04-07,0.0
2013-04-08,0.0
2013-04-09,0.0
2013-04-10,0.0
2013-04-11,0.0
2013-04-14,0.0
2013-04-15,0.0
2013-04-16,0.0
2013-04-17,0.0
2013-04-18,0.0
2013-04-21,0.0
2013-04-22,0.0
2013-04-23,0.0
2013-04-24,0.0
2013-04-25,0.0
2013-04-28,0.0
2013-04-29,0.0
2013-04-30,0.0
2013-05-01,0.0
2013-05-02,0.0
2013-05-05,0.0
2013-05-06,0.0
2013-05-07,0.0
2013-05-08,0.0
2013-05-09,0.0
2013-05-12,0.0
2013-05-13,0.0
2013-05-14,0.0
2013-05-15,0.0
2013-05-16,0.0
2013-05-19,0.0
2013-05-20,0.0
2013-05-21,0.0
2013-05-22,0.0
2013-05-23,0.0
2013-05-26,0.0
2013-05-27,0.0
2013-05-28,0.0
2013-05-29,0.0
2013-05-30,0.0
2013-06-02,0.0
2013-06-03,0.0
2013-06-04,0.0
2013-06-05,0.0
2013-06-06,0.0
2013-06-07,0.0003629117393373332
2013-06-09,-0.00036433755735812564
2013-06-10,0.0014977719682608536
2013-06-11,0.0011241392089285298
2013-06-12,0.000621060425211229
2013-06-13,0.00027694411841943566
2013-06-14,-0.0004098106349872077
2013-06-16,-0.000498200611165303
2013-06-17,0.001019019771563623
2013-06-18,0.0017462257479224394
2013-06-19,-0.0028094473466778163
2013-06-20,0.0019594440799917973
2013-06-21,-0.003649766324672848
2013-06-23,0.0011104928768597543
2013-06-24,-0.00048700395239781183
2013-06-25,0.0059036476594692515
2013-06-26,0.0013382905496357293
2013-06-27,0.0033396859504645875
2013-06-28,-0.0016901705598494734
2013-06-30,-0.0009733523024276556
2013-07-01,-0.003155588183467437
2013-07-02,0.004026878426191264
2013-07-03,-0.0015154817829597926
2013-07-04,0.0042800491067426635
2013-07-05,0.004816562965520902
2013-07-07,0.00035767814328877895
2013-07-08,-0.004412690644247653
2013-07-09,0.0029723575545322453
2013-07-10,-0.014462226051053063
2013-07-11,-0.0003755158951796209
2013-07-12,-0.0003886283879445638
2013-07-14,-0.0005973877670693957
2013-07-15,0.0009523748371970627
2013-07-16,0.00026333715974526453
2013-07-17,0.0015066470653125026
2013-07-18,-0.001272964678533392
2013-07-19,-0.0007312455500592481
2013-07-21,-0.0018294299643101953
2013-07-22,-0.0023825543312354534
2013-07-23,-0.0005843551376905661
2013-07-24,0.0017693351967158258
2013-07-25,-0.00302233038305175
2013-07-26,0.0005821123893010818
2013-07-28,0.000114034747319308
2013-07-29,0.0006558650560091318
2013-07-30,-0.0005050928652321596
2013-07-31,0.0006700816565245943
2013-08-01,0.0023738076406500572
2013-08-02,-0.0015475481429506406
2013-08-04,-0.00018926484321495356
2013-08-05,0.00217540014999057
2013-08-06,0.0007458422317638929
2013-08-07,-0.0019961070941184756
2013-08-08,-0.0027602531927583946
2013-08-09,0.0007170127877908977
2013-08-11,-0.0010619953438457445
2013-08-12,6.478752789298752e-05
2013-08-13,0.0018785010240717657
2013-08-14,-0.0023388077326129187
2013-08-15,-0.002994473749558079
2013-08-16,-0.00045010061777235106
2013-08-18,-0.0004999900136253017
2013-08-19,0.0011264212201090148
2013-08-20,-0.0013391079637518329
2013-08-21,-0.0024125624249218486
2013-08-22,-0.0014144478448635826
2013-08-23,-0.0009864805297701736
2013-08-25,-0.0003240694630807165
2013-08-26,0.00039902621156054753
2013-08-27,0.0018378485187113553
2013-08-28,-0.0016241754221144095
2013-08-29,-0.0020812065307244066
2013-08-30,-0.001742289971832165
2013-09-01,1.2389073644955661e-05
2013-09-02,-0.0005032413930977109
2013-09-03,0.0012374257183819287
2013-09-04,-0.0014671019135598354
2013-09-05,0.0006195164108306707
2013-09-06,-0.0011285701467331087
2013-09-08,0.00026734566349575286
2013-09-09,0.002793795665608895
2013-09-10,0.0021582449376536333
2013-09-11,0.002137165260429537
2013-09-12,0.0030919349228574174
2013-09-13,0.0004489003307399031
2013-09-15,0.0012342299115442156
2013-09-16,0.0011793095512496543
2013-09-17,0.0029438828476195337
2013-09-18,-0.0036089211342336443
2013-09-19,0.0003561235036056326
2013-09-20,0.003355073460257569
2013-09-22,0.00031168877649716877
2013-09-23,-0.0009887708150296227
2013-09-24,-0.0010093447776570654
2013-09-25,0.002776821442008835
2013-09-26,-0.00242884420420414
2013-09-27,0.003270423994311893
2013-09-29,-0.0008784069956430401
2013-09-30,0.0004024231770889272
2013-10-01,-0.004271777247791635
2013-10-02,0.006339378637542683
2013-10-03,0.0014813260202453465
2013-10-04,-0.003944025797848795
2013-10-06,0.0006694005285073899
2013-10-07,0.0013473734219653242
2013-10-08,-0.0010065055221113468
2013-10-09,-0.004884848832428331
2013-10-10,0.000954195665770116
2013-10-11,-0.0017919083918673756
2013-10-13,0.0009571811222931461
2013-10-14,-0.0005454007565225268
2013-10-15,-0.00233665354550512
2013-10-16,0.0012109666896418386
2013-10-17,0.009145689310726289
2013-10-18,0.0007485761957338642
2013-10-20,-9.125202376490541e-05
2013-10-21,-0.0008527289424858548
2013-10-22,0.007344645093109139
2013-10-23,-0.00038120451393966964
2013-10-24,-0.0007239964979291334
2013-10-25,0.0009227317439465336
2013-10-27,0.00018020096100977866
2013-10-28,-0.0006505964749188886
2013-10-29,-0.002611538337480345
2013-10-30,-0.0007069981931990467
2013-10-31,-0.008084087020554662
2013-11-01,-0.0013326760039206968
2013-11-03,7.434852233350018e-05
2013-11-04,0.0006093532452349531
2013-11-05,0.00034432975453971753
2013-11-06,0.00019303354426828943
2013-11-07,-0.003840191846693097
2013-11-08,-0.0031644339518959548
2013-11-10,-0.00012561800264898225
2013-11-11,0.0016831791883901328
2013-11-12,0.002432007255845041
2013-11-13,-0.0011139612615188666
2013-11-14,-0.0005900365164742746
2013-11-15,0.0010415395994868805
2013-11-17,0.00016277488199166275
2013-11-18,0.0016834045106375803
2013-11-19,0.0012941893097564228
2013-11-20,-0.0011082216010743224
2013-11-21,0.0017464443815067804
2013-11-22,0.002533947468123686
2013-11-24,0.00020333447497934403
2013-11-25,-0.0019115314037238987
2013-11-26,0.002506174198282974
2013-11-27,0.0004307474535150824
2013-11-28,0.0003224958188393365
2013-11-29,-0.002430678333730021
2013-12-01,0.0015302026361655103
2013-12-02,0.003474861368025881
2013-12-03,0.0016107021295923309
2013-12-04,-0.00328195019867876
2013-12-05,0.004551153004405179
2013-12-06,0.0007678651360314851
2013-12-08,-4.6804527214433346e-05
2013-12-09,-0.0005439925685088291
2013-12-10,-0.0031064760452569323
2013-12-11,0.0017802294190162591
2013-12-12,0.00407452958854333
2013-12-13,-0.002163580224159927
2013-12-15,0.0012267625899830712
2013-12-16,-0.0008331912337975892
2013-12-17,0.0017997482693620133
2013-12-18,-0.001743823324646392
2013-12-19,0.0035432393251595587
2013-12-20,-1.0061137672969825e-05
2013-12-22,0.0005754464583117725
2013-12-23,0.0004781435170065268
2013-12-24,-0.000990379648640282
2013-12-25,0.0
2013-12-26,0.0006329353448991654
2013-12-27,1.4862035902205499e-05
2013-12-29,0.0003964533880049385
2013-12-30,0.004170162939592181
2013-12-31,-0.002525065519724031
2014-01-01,-0.0037818720304894334
2014-01-02,-0.004652700214456085
2014-01-03,-0.003786935426488792
2014-01-05,-0.0007003638803637253
2014-01-06,0.0012559328793306226
2014-01-07,0.002699156916145834
2014-01-08,-0.0017339429768254391
2014-01-09,-3.4233900273502064e-05
2014-01-10,-0.0008412453141920405
2014-01-12,4.2365374582631784e-05
2014-01-13,-0.0008827739386553689
2014-01-14,0.0008987769142095
2014-01-15,-0.0009833133745635974
2014-01-16,-0.00036428275061964164
2014-01-17,-0.005109116590828077
2014-01-19,-0.0009280663639985344
2014-01-20,0.0011849820065618182
2014-01-21,0.00272402594025204
2014-01-22,0.0004368558885426987
2014-01-23,0.002377542007798546
2014-01-24,-0.0019350026168725252
2014-01-26,3.174873025011058e-05
2014-01-27,0.0019126301495011326
2014-01-28,-0.0003395602681370884
2014-01-29,-0.001591151607220539
2014-01-30,-0.0009365139343734802
2014-01-31,-0.002627852138623148
2014-02-02,-0.00014606767945149032
2014-02-03,-0.0008554408242735569
2014-02-04,0.0006379072360954061
2014-02-05,6.86823312709905e-07
2014-02-06,0.002382618671649231
2014-02-07,0.0010257969504051695
2014-02-09,-0.0007609620249987715
2014-02-10,-0.0005576076982093285
2014-02-11,-0.001970907349254085
2014-02-12,-0.0014664585576644321
2014-02-13,0.005830301106563118
2014-02-14,0.0027574079470561413
2014-02-16,0.0017218225971314418
2014-02-17,-0.00030653020126010446
2014-02-18,0.0011907595814838157
2014-02-19,-0.00093889398691376
2014-02-20,-0.0006645595321855756
2014-02-21,0.002140827158403801
2014-02-23,-0.0005177505202231317
2014-02-24,0.002233431844742995
2014-02-25,0.0016567547273127728
2014-02-26,-0.004894730412137027
2014-02-27,0.0009744251661877294
2014-02-28,0.0042030589664469
2014-03-02,0.002761094136787823
2014-03-03,-1.748880975956731e-05
2014-03-04,-0.003127531329144913
2014-03-05,-0.00017053222801162403
2014-03-06,0.008321721668845481
2014-03-07,-0.0014278532200329523
2014-03-09,-0.0007562772678962161
2014-03-10,0.0006867415364931147
2014-03-11,0.0030072470856137815
2014-03-12,0.00442254379024482
2014-03-13,-0.001511563536577136
2014-03-14,0.0037507797560928854
2014-03-16,-0.00033671522959532953
2014-03-17,-0.0030244060822761662
2014-03-18,-0.0006758796881436899
2014-03-19,-0.008367705308595624
2014-03-20,-0.0016476155946100373
2014-03-21,0.0007572203995705746
2014-03-23,-0.0013468307726875212
2014-03-24,-0.0008348268491205998
2014-03-25,-0.0008597629897260131
2014-03-26,-0.0023545260478801166
2014-03-27,-0.0033573180315129222
2014-03-28,0.000455011186155508
2014-03-30,5.111995804788379e-05
2014-03-31,-0.00121728992970914
2014-04-01,0.0010549271306513556
2014-04-02,-0.0002041315615386775
2014-04-03,-0.0028636163601996516
2014-04-04,0.0030922526850411477
2014-04-06,-0.0004193312776060446
2014-04-07,0.0015614669172616428
2014-04-08,0.004246352260112979
2014-04-09,0.003000571472138404
2014-04-10,0.0025689701503927207
2014-04-11,-0.0006855645105439542
2014-04-13,0.00018892944014486636
2014-04-14,-0.0026491550325912104
2014-04-15,-0.004509845919785145
2014-04-16,0.0016045407308730047
2014-04-17,-0.0022502858201712663
2014-04-18,-0.000256117692779601
2014-04-20,-0.0017720786360343108
2014-04-21,0.0018459241039897557
2014-04-22,0.0026348065979918647
2014-04-23,0.0026375729661834925
2014-04-24,0.003924805551846327
2014-04-25,0.0017949067137221532
2014-04-27,0.00193469790037667
2014-04-28,0.00125478979488144
2014-04-29,-0.002629255322964461
2014-04-30,0.0039464971964565665
2014-05-01,-0.0022647703051981837
2014-05-02,0.0028104657702506574
2014-05-04,0.0010761816045419333
2014-05-05,0.002487789112449531
2014-05-06,-0.001647039280873864
2014-05-07,-0.0062634587385160985
2014-05-08,-0.006067468473491541
2014-05-09,-0.002935520545920984
2014-05-11,-0.00023240108761447817
2014-05-12,0.00634527548236539
2014-05-13,-0.002400451278106064
2014-05-14,0.0005206908473532956
2014-05-15,-0.005865900673229413
2014-05-16,-0.0012655541021033092
2014-05-18,0.0016015836093912481
2014-05-19,0.0032381458622419094
2014-05-20,-0.001960161729387622
2014-05-21,0.003677038158371079
2014-05-22,-0.0004357164513082626
2014-05-23,0.001092698589356554
2014-05-25,0.0007907783146507304
2014-05-26,0.004786498928572849
2014-05-27,0.010813436422417179
2014-05-28,-0.00017004330170595984
2014-05-29,0.0009680996354450963
2014-05-30,0.0061286973238334225
2014-06-01,-8.833074504803357e-05
2014-06-02,-0.0007367021205038922
2014-06-03,0.0005601218785826794
2014-06-04,0.0005902389004239859
2014-06-05,0.006115082788362721
2014-06-06,0.0007710688474853783
2014-06-08,-8.325894174119751e-06
2014-06-09,-0.0050995878884178905
2014-06-10,-0.007702954820610191
2014-06-11,-0.0019538726361455457
2014-06-12,-0.0092567431589255
2014-06-13,0.0016964339646819832
2014-06-15,-0.0030597496607344212
2014-06-16,0.003625084893753099
2014-06-17,0.002483897345161595
2014-06-18,-0.0024171652792667835
2014-06-19,-0.014236751329196766
2014-06-20,-9.699520150806989e-05
2014-06-22,0.0009124735839130635
2014-06-23,-0.0023530250033176967
2014-06-24,-0.00225273985798058
2014-06-25,-0.0004290204071842628
2014-06-26,-0.0001373408510291007
2014-06-27,0.0008669574353922588
2014-06-29,0.0004864537474691035
2014-06-30,0.0006219548400250654
2014-07-01,0.006463129318986465
2014-07-02,0.0015586115411764712
2014-07-03,0.008119678944675619
2014-07-04,0.001035633252303877
2014-07-06,0.00022025909384867278
2014-07-07,-0.004696968096720709
2014-07-08,-0.006195010014850219
2014-07-09,0.0014072229602806383
2014-07-10,0.0042437951070586335
2014-07-11,0.003423979240025216
2014-07-13,-4.03846218092447e-05
2014-07-14,-0.0031292373834804666
2014-07-15,0.00485063491140337
2014-07-16,0.0030923022042560542
2014-07-17,-0.011702546315134798
2014-07-18,0.011276183766855939
2014-07-20,-0.0011482185401930501
2014-07-21,0.0003208347708014118
2014-07-22,0.008151573396649162
2014-07-23,0.0026093515003526345
2014-07-24,-0.0036724681022577877
2014-07-25,0.004942775506933083
2014-07-27,-0.0012179827370404329
2014-07-28,0.00040715854054786636
2014-07-29,0.0006757974309500847
2014-07-30,0.0020089825944628902
2014-07-31,-0.010087530947251034
2014-08-01,-0.010280479852931991
2014-08-03,0.0027497739385196037
2014-08-04,0.0010914383687942774
2014-08-05,0.0008395628459287642
2014-08-06,-0.004520140999261997
2014-08-07,-0.005291131317207855
2014-08-08,0.0011628313922707881
2014-08-10,0.0026461128153857606
2014-08-11,0.0059827519276003166
2014-08-12,-2.501585335071762e-05
2014-08-13,0.006371845490730287
2014-08-14,0.0026730046366628853
2014-08-15,-0.004204089946176109
2014-08-17,0.0004353096538002967
2014-08-18,0.00718111704206272
2014-08-19,0.005284008950907292
2014-08-20,0.005548312630298718
2014-08-21,0.0009447340934794977
2014-08-22,0.0030530180304115338
2014-08-24,0.00511224652851306
2014-08-25,-0.0001273802808725603
2014-08-26,0.003944236813095004
2014-08-27,-0.005128600107812549
2014-08-28,0.002218425240901168
2014-08-29,0.006064704052488609
2014-08-31,0.0011056076705174339
2014-09-01,-0.0010931836018031283
2014-09-02,-0.00522614630094929
2014-09-03,-0.0023457806417428533
2014-09-04,0.015310431997674479
2014-09-05,0.0049291264993615354
2014-09-07,-0.0009537769730589198
2014-09-08,-0.0009470581260270748
2014-09-09,-0.006836591304572996
2014-09-10,0.0019355314899479636
2014-09-11,0.00498279189932483
2014-09-12,-0.004125377726484565
2014-09-14,-0.003052513953015986
2014-09-15,-0.0018757365508268984
2014-09-16,0.0037795684695358794
2014-09-17,0.009992346633159574
2014-09-18,0.003970591351459391
2014-09-19,0.0023185972446423545
2014-09-21,-0.0023346259378608956
2014-09-22,-0.005131217393516081
2014-09-23,-0.004270114471424603
2014-09-24,0.012079006045804704
2014-09-25,-0.012147888091423415
2014-09-26,0.0077490665124230395
2014-09-28,-0.000771833983318642
2014-09-29,-0.0007540474783383853
2014-09-30,0.007892725019198065
2014-10-01,-0.012522179721370093
2014-10-02,0.0019125428706990714
2014-10-03,0.01686983244735516
2014-10-05,0.0013909674295786243
2014-10-06,-0.008451325216511561
2014-10-07,-0.006863759190347293
2014-10-08,0.0010550340405289303
2014-10-09,-0.004438377013222048
2014-10-10,-0.004760602973929936
2014-10-12,-0.005008615216764397
2014-10-13,-0.0016263705825131096
2014-10-14,0.0028487897388010967
2014-10-15,-0.009356031441942388
2014-10-16,-0.00044945251576984093
2014-10-17,0.0033167989558178478
2014-10-19,0.0014212634099321946
2014-10-20,-0.0012122635414441984
2014-10-21,0.00746216724531848
2014-10-22,0.0015083060715824358
2014-10-23,0.0042912227311074575
2014-10-24,0.0023192211100441723
2014-10-26,-0.0010624978601919887
2014-10-27,4.9402669912177305e-05
2014-10-28,0.002371483987520988
2014-10-29,0.006278938361778297
2014-10-30,0.006447385994064012
2014-10-31,0.01028177920870599
2014-11-02,0.0014695989222329674
2014-11-03,0.0003001361920375858
2014-11-04,6.74316305355076e-05
2014-11-05,0.0046001932475869005
2014-11-06,0.007416176455157558
2014-11-07,-0.012377613270077756
2014-11-09,0.00038917213250528346
2014-11-10,0.006334853043471506
2014-11-11,-0.0036015900105084366
2014-11-12,0.0011742286408716366
2014-11-13,0.0008808395240930113
2014-11-14,-0.0055124646125133975
2014-11-16,-0.0014768565495946102
2014-11-17,0.0025694426400026745
2014-11-18,-0.0009647824228296889
2014-11-19,0.0006334464186187208
2014-11-20,-0.0006791535386956142
2014-11-21,0.003396178811395126
2014-11-23,-4.5306312228310836e-05
2014-11-24,0.0007194011178732846
2014-11-25,-0.0004187176840074406
2014-11-26,0.0014114217464623253
2014-11-27,0.0020901526688518355
2014-11-28,0.0021056299849411845
2014-11-30,0.0011105850634536996
2014-12-01,-0.008668184826947112
2014-12-02,0.003692360733673591
2014-12-03,0.0017760246303808649
2014-12-04,-0.001773433963480803
2014-12-05,0.003657131103820291
2014-12-07,-0.00032273741476898654
2014-12-08,-0.004417640847177226
2014-12-09,-0.004598525302046554
2014-12-10,-0.004396944481355513
2014-12-11,0.001072785487720612
2014-12-12,-0.0048932718655036195
2014-12-14,0.00197642337373074
2014-12-15,-0.0008294030200582846
2014-12-16,-0.005206259518251174
2014-12-17,0.00904249971317673
2014-12-18,0.010087664382383057
2014-12-19,0.0016584833040891177
2014-12-21,-0.00024771175958904603
2014-12-22,0.00250511934107338
2014-12-23,0.0018315495502707812
2014-12-24,-0.000854652395100819
2014-12-25,-0.0005329698237923783
2014-12-26,0.0016919084076811534
2014-12-28,-0.00031138426027167547
2014-12-29,0.002545340178150098
2014-12-30,-0.0035746220963346867
2014-12-31,-0.002547238810767674
2015-01-01,0.0037255845904046914
2015-01-02,-0.002094127377788139
2015-01-04,0.0020358320261748214
2015-01-05,-0.007976449905441437
2015-01-06,-0.0003660636086454415
2015-01-07,0.006560339526924873
2015-01-08,0.00456763995797287
2015-01-09,-0.004912678365463312
2015-01-11,-0.0007952837536564853
2015-01-12,-0.0007418183660487482
2015-01-13,-0.0009872453555822642
2015-01-14,0.0006026224782551626
2015-01-15,-0.004474457928443614
2015-01-16,0.011155696163139937
2015-01-18,-0.0004175296349621441
2015-01-19,-0.0070719347119489115
2015-01-20,-0.0019414205834645147
2015-01-21,-0.00647910383103415
2015-01-22,0.01155127888626507
2015-01-23,0.0037248649008792016
2015-01-25,-0.005603757734846948
2015-01-26,0.0005052838997230448
2015-01-27,-0.0011891563548870464
2015-01-28,-0.004200876340480667
2015-01-29,-0.0006288871010869834
2015-01-30,0.00036999526587114023
2015-02-01,0.0013310283468199082
2015-02-02,0.007542396382427256
2015-02-03,0.004950506841616645
2015-02-04,0.01101786672344503
2015-02-05,0.006513016769647765
2015-02-06,-0.0014932219091140539
2015-02-08,0.005951729474247432
2015-02-09,0.001060422417589261
2015-02-10,0.0014897889376412122
2015-02-11,-0.002972919365733318
2015-02-12,0.00046149730225830086
2015-02-13,0.002706066366183867
2015-02-15,-0.00034475878646149176
2015-02-16,0.00011138408521718733
2015-02-17,-0.003284905353331874
2015-02-18,0.0008667381824951717
2015-02-19,0.001376251055892442
2015-02-20,0.00041194548549862165
2015-02-22,0.0004533792388683001
2015-02-23,0.0013373363309430013
2015-02-24,0.000967968807759235
2015-02-25,-0.0009083315117934205
2015-02-26,0.005905928289363718
2015-02-27,0.0005723350879730573
2015-02-28,0.0
2015-03-01,0.008678138776266895
2015-03-02,-0.0027722414567301285
2015-03-03,-0.0007255810435957575
2015-03-04,0.002092413630711754
2015-03-05,0.00027091538422908067
2015-03-06,-0.005455683289265521
2015-03-07,0.0
2015-03-08,-0.001609290460153675
2015-03-09,0.00280153951216574
2015-03-10,-0.0012141852237208994
2015-03-11,0.006594612145094861
2015-03-12,-0.0029000392443165805
2015-03-13,0.0031490492783679356
2015-03-14,0.0
2015-03-15,-0.0013153270090621176
2015-03-16,0.001728020497873986
2015-03-17,2.625523728284085e-05
2015-03-18,-0.0032236667885941414
2015-03-19,0.003337769371874585
2015-03-20,-0.004180154268114879
2015-03-21,0.0
2015-03-22,0.0020786914495353206
2015-03-23,-0.0062366310379400654
2015-03-24,-0.0019241398400611576
2015-03-25,-0.01654434519280408
2015-03-26,0.004249940716897371
2015-03-27,-0.000748418797270228
2015-03-28,0.0
2015-03-29,0.0011165946522879685
2015-03-30,0.004801599367197731
2015-03-31,-0.0073799104336516545
2015-04-01,0.0024403068345975744
2015-04-02,-0.003942399314528251
2015-04-03,-0.009594726910537085
2015-04-04,0.0
2015-04-05,0.00168080675583154
2015-04-06,0.005513076889514824
2015-04-07,0.004597512960710062
2015-04-08,0.00581884145749635
2015-04-09,0.007945376848901342
2015-04-10,0.005769005528650498
2015-04-11,0.0
2015-04-12,-4.577330410202515e-05
2015-04-13,0.0004590950214655529
2015-04-14,-0.003728525366554854
2015-04-15,-7.696152230194452e-05
2015-04-16,-0.005233934733273914
2015-04-17,-0.011272472895447156
2015-04-18,0.0
2015-04-19,0.002036846152731684
2015-04-20,0.010370525029420756
2015-04-21,0.0012891765877521342
2015-04-22,0.003440082437356138
2015-04-23,0.0012107645246301549
2015-04-24,0.002278176097935111
2015-04-25,0.0
2015-04-26,-6.443386669173468e-05
2015-04-27,-0.005326098637684448
2015-04-28,-0.0057910735615355575
2015-04-29,-0.008773585602234487
2015-04-30,-0.006505940035985966
2015-05-01,0.007119152851912171
2015-05-02,0.0
2015-05-03,-0.0011263820857264587
2015-05-04,0.0026951107031883744
2015-05-05,-0.01054108216562112
2015-05-06,-0.0071954845460993205
2015-05-07,0.007800491444132685
2015-05-08,0.004517236732308435
2015-05-09,0.0
2015-05-10,0.0012378146165235423
2015-05-11,-0.0018854963144159383
2015-05-12,-0.00349295120222621
2015-05-13,-0.007499324396353842
2015-05-14,0.0034248845407265993
2015-05-15,-0.0018197403991395435
2015-05-16,0.0
2015-05-17,-0.00012510876023619558
2015-05-18,0.008057931422601706
2015-05-19,0.006290746853628468
2015-05-20,-7.196680397587682e-05
2015-05-21,0.0032572060325274
2015-05-22,0.00557935504117317
2015-05-23,0.0
2015-05-24,0.0014254882336640342
2015-05-25,0.0009892646281634088
2015-05-26,-0.0018827592393892622
2015-05-27,0.00526179612502637
2015-05-28,-0.0034520275479687605
2015-05-29,-0.005261897198035688
2015-05-30,0.0
2015-05-31,0.002902804336526497
2015-06-01,0.001750140251107867
2015-06-02,-0.01706424775773618
2015-06-03,-0.0012129069336016005
2015-06-04,-0.0002983122690286674
2015-06-05,0.0033551856173576443
2015-06-06,0.0
2015-06-07,-0.0006939422310444637
2015-06-08,-0.009374254624506079
2015-06-09,0.0010450484255370548
2015-06-10,0.002965007394952477
2015-06-11,0.0009552471796143705
2015-06-12,-0.002512553918590432
2015-06-13,0.0
2015-06-14,-0.0010200014607579112
2015-06-15,-0.0019694806823035414
2015-06-16,0.0021608317892312053
2015-06-17,-0.0034259483851587125
2015-06-18,0.004976722295806842
2015-06-19,-0.0016210143699209134
2015-06-20,0.0
2015-06-21,-0.00012240598345735772
2015-06-22,0.003968084398827711
2015-06-23,0.0020946202955938564
2015-06-24,-0.0024432566774369845
2015-06-25,-0.0010335646549926361
2015-06-26,6.672208197076686e-05
2015-06-27,-0.0005862387494797597
2015-06-28,-0.0015406787830557014
2015-06-29,-0.007855125467366636
2015-06-30,0.0021276072646431174
2015-07-01,0.002789005870159048
2015-07-02,-0.00011655475027514022
2015-07-03,-0.0016436532540519007
2015-07-04,0.0
2015-07-05,0.0011817400741449874
2015-07-06,0.0012747730676718658
2015-07-07,0.00018073310658450227
2015-07-08,-0.004784307677024106
2015-07-09,-9.407323231249597e-05
2015-07-10,-0.00019639353413167818
2015-07-11,0.0
2015-07-12,6.327274935792886e-05
2015-07-13,0.010300664066062592
2015-07-14,0.002506342936174506
2015-07-15,0.004735598278559473
2015-07-16,0.004500978340709111
2015-07-17,0.00709189942129776
2015-07-18,0.0
2015-07-19,0.004280357278655972
2015-07-20,0.0015502190736193873
2015-07-21,-0.007513550264369894
2015-07-22,0.00018640054730802112
2015-07-23,0.0002807385600468132
2015-07-24,-0.009255396495033392
2015-07-25,0.0
2015-07-26,-0.001132344412679699
2015-07-27,-0.0035883722217008892
2015-07-28,0.0013265730818555839
2015-07-29,0.005326598262747638
2015-07-30,0.0034967796344842674
2015-07-31,-0.003486098644999636
2015-08-01,0.0
2015-08-02,-0.00018738820142100152
2015-08-03,0.0013583876335260107
2015-08-04,0.002836732503591738
2015-08-05,0.00022642373857116761
2015-08-06,-0.006113157088144876
2015-08-07,-0.003537362574706759
2015-08-08,0.0
2015-08-09,0.0006311782619379825
2015-08-10,0.002393730209631931
2015-08-11,-0.01125104445389547
2015-08-12,-0.0016048469929375246
2015-08-13,-0.0010517088452476463
2015-08-14,0.0029911263115311552
2015-08-15,0.0
2015-08-16,0.0001138320281661805
2015-08-17,0.003546205196658622
2015-08-18,0.0007990394640501324
2015-08-19,-0.01200093653294039
2015-08-20,-0.016561780453519352
2015-08-21,0.0015508396616948693
2015-08-22,0.0
2015-08-23,0.009538860829890049
2015-08-24,0.007563510769699876
2015-08-25,0.009214788251684801
2015-08-26,-0.01999298099476807
2015-08-27,0.0019146154698382117
2015-08-28,0.001984330996039849
2015-08-29,0.0
2015-08-30,0.0016063119558294414
2015-08-31,0.011449250931293916
2015-09-01,0.010316919965248623
2015-09-02,0.006395435803961871
2015-09-03,0.008821705991680324
2015-09-04,0.00038903010768791014
2015-09-05,0.0
2015-09-06,0.008528064465678942
2015-09-07,0.0011676951485610804
2015-09-08,-0.0008488079322914223
2015-09-09,0.0047956587069798665
2015-09-10,0.00255802432708689
2015-09-11,0.001505811522399378
2015-09-12,0.0
2015-09-13,0.0018617921352451184
2015-09-14,-0.03156062581581695
2015-09-15,-0.019217382150477483
2015-09-16,-0.012174020216714996
2015-09-17,-0.005408859933521554
2015-09-18,-0.0023076484411632893
2015-09-19,0.0
2015-09-20,-0.005127005116261317
2015-09-21,0.0005645156391284925
2015-09-22,0.005273416625777991
2015-09-23,0.005442392527162192
2015-09-24,0.004215834241543117
2015-09-25,0.0011508964031805087
2015-09-26,0.0
2015-09-27,0.0054938149611995415
2015-09-28,0.005175171564184576
2015-09-29,0.0007999168314274691
2015-09-30,-0.002360736999380728
2015-10-01,0.0018114977851672034
2015-10-02,-0.0010532707410511846
2015-10-03,0.0
2015-10-04,0.0018858315844493866
2015-10-05,-0.0005408075754234812
2015-10-06,0.005148178520094727
2015-10-07,0.0018736009879668453
2015-10-08,0.0044314761296472245
2015-10-09,0.0030508434521348098
2015-10-10,0.0
2015-10-11,0.00436088910816122
2015-10-12,0.007773356286958112
2015-10-13,0.01002374272968422
2015-10-14,0.01244278023863567
2015-10-15,0.0008675262415929284
2015-10-16,-0.0012967003522631369
2015-10-17,0.0
2015-10-18,0.00937239251842792
2015-10-19,-0.0009505661273433151
2015-10-20,0.00047102894457904586
2015-10-21,-0.00026729155803409627
2015-10-22,-0.009517803522965003
2015-10-23,-0.002715329327302787
2015-10-24,0.0
2015-10-25,0.0004473860366706288
2015-10-26,0.0010740915630158283
2015-10-27,-0.0005791239074821765
2015-10-28,-0.002959912567474296
2015-10-29,0.001939568536033791
2015-10-30,0.0006619978123515288
2015-10-31,0.0
2015-11-01,0.0008685065414326603
2015-11-02,3.37882543317863e-05
2015-11-03,0.0033792080591412196
2015-11-04,0.0027037932145008497
2015-11-05,-0.0009396893549880572
2015-11-06,0.007562265708440338
2015-11-07,0.0
2015-11-08,-0.0013169083689784369
2015-11-09,-0.0026602391300962376
2015-11-10,-0.0008926997240065277
2015-11-11,0.00045619148810805267
2015-11-12,-0.0018214010699057247
2015-11-13,-0.000818895495074604
2015-11-14,0.0
2015-11-15,0.0018473393122305963
2015-11-16,0.0023434571267872233
2015-11-17,0.001929835690797917
2015-11-18,-0.0028445119880201215
2015-11-19,-0.00032905298121047656
2015-11-20,0.004279643529653757
2015-11-21,0.0009658321257400038
2015-11-22,0.0017303447338672885
2015-11-23,-0.001052472588881029
2015-11-24,-0.0020327787108372587
2015-11-25,0.002012846865194146
2015-11-26,0.0011103172297639138
2015-11-27,0.0011262212016937363
2015-11-28,0.0
2015-11-29,0.00043849522450919293
2015-11-30,-2.370638477263001e-05
2015-12-01,-0.0014349967854949473
2015-12-02,0.0030158974190381063
2015-12-03,-0.01949672772450055
2015-12-04,0.00029954352555536695
2015-12-05,0.0
2015-12-06,0.00044799430577560477
2015-12-07,9.21248469264172e-05
2015-12-08,9.907340256731198e-05
2015-12-09,-0.00381744931977722
2015-12-10,0.001786050151008487
2015-12-11,-0.0023224240965165864
2015-12-12,0.0
2015-12-13,0.0001049031057588382
2015-12-14,-0.0005905619422747646
2015-12-15,0.0005878866272888212
2015-12-16,0.001405175028364234
2015-12-17,7.571800148815271e-05
2015-12-18,-0.00035481210629472343
2015-12-19,0.0
2015-12-20,-0.00026701357374886333
2015-12-21,-0.002175605915654395
2015-12-22,-0.000952293372149064
2015-12-23,-0.0006213778512650048
2015-12-24,-0.0008937696650714945
2015-12-26,0.0
2015-12-27,8.100430824827357e-05
2015-12-28,0.0003496942162830554
2015-12-29,0.0028279801047159507
2015-12-30,-0.0006269629391128294
2015-12-31,0.0012243098831735198
2016-01-02,-0.0004231347612954981
2016-01-03,-0.002204120137516784
2016-01-04,0.00047716603278036426
2016-01-05,0.0013455638711425085
2016-01-06,-0.0034920686276345174
2016-01-07,-8.962615503273582e-05
2016-01-08,0.003660296676497094
2016-01-09,0.0
2016-01-10,0.0002816778056046138
2016-01-11,0.001924080299663653
2016-01-12,-0.0038827332131750134
2016-01-13,0.005674495179003402
2016-01-14,-0.0014478354885644452
2016-01-15,0.0022696146215792404
2016-01-16,0.0
2016-01-17,9.968659766701732e-05
2016-01-18,-0.0007249218443924317
2016-01-19,0.003686222945992801
2016-01-20,-0.0012968804349226296
2016-01-21,0.0010809149578511292
2016-01-22,-0.0035471206201138847
2016-01-23,0.0
2016-01-24,-0.001031922631418747
2016-01-25,0.0027182024545591814
2016-01-26,-0.001159511178698168
2016-01-27,-5.087224285487042e-05
2016-01-28,-0.0022665361240368476
2016-01-29,-0.0026058453339666728
2016-01-30,0.0
2016-01-31,0.0002349980887641088
2016-02-01,-0.0019025552278299932
2016-02-02,0.004236634268935306
2016-02-03,-0.007471246639048548
2016-02-04,0.0057364595582563415
2016-02-05,0.00494089614606102
2016-02-06,0.0
2016-02-07,-0.0020095201401772564
2016-02-08,0.021889381710537028
2016-02-09,0.01431019100355651
2016-02-10,0.012513953389516424
2016-02-11,0.011699277023392064
2016-02-12,-0.0033957683218042564
2016-02-13,0.0
2016-02-14,0.0075963057168485235
2016-02-15,-0.004991803247031803
2016-02-16,0.0024597947188897823
2016-02-17,-0.005519243789214582
2016-02-18,0.002054241543321975
2016-02-19,-0.00030965280740331656
2016-02-20,0.0
2016-02-21,-0.0014512510232434488
2016-02-22,0.008260423166680946
2016-02-23,0.013502976588245898
2016-02-24,0.007952657476936081
2016-02-25,0.008911011141418923
2016-02-26,0.004989841576082391
2016-02-27,0.0
2016-02-28,0.011133047196237927
2016-02-29,0.0009624382843590385
2016-03-01,0.005635254728183598
2016-03-02,3.504218552606032e-05
2016-03-03,-0.003408786086110161
2016-03-04,-0.0021607900655939293
2016-03-05,0.0
2016-03-06,0.00019062445713366626
2016-03-07,0.006816117879523368
2016-03-08,0.008467720554129324
2016-03-09,0.00888846052523136
2016-03-10,0.0028620128459590916
2016-03-11,0.0009110241432194868
2016-03-12,0.0
2016-03-13,0.008462861593369333
2016-03-14,-0.004503781259350833
2016-03-15,-0.0020402082189293017
2016-03-16,-0.0035120614911807284
2016-03-17,0.0004463204903655308
2016-03-18,-0.001799120353747092
2016-03-19,0.0
2016-03-20,-0.0032921186283924727
2016-03-21,0.0015768808228663281
2016-03-22,0.0009456959705800233
2016-03-23,-0.0019057850071022189
2016-03-24,0.0008551614621655189
2016-03-25,-8.073955137984395e-05
2016-03-26,0.0
2016-03-27,0.00047981668841143467
2016-03-28,-0.0016496940272681848
2016-03-29,0.0016692733363320492
2016-03-30,0.0006205219097792594
2016-03-31,0.001050101626541203
2016-04-01,0.004464202607110967
2016-04-02,0.0
2016-04-03,-5.6320012673434435e-05
2016-04-04,-0.0034225977220475744
2016-04-05,-0.00040642831546783834
2016-04-06,0.0030160610353787256
2016-04-07,-0.005899538464154476
2016-04-08,0.0015596508627178302
2016-04-09,0.0
2016-04-10,0.0004254384028379349
2016-04-11,-0.001052774475535861
2016-04-12,0.0033548401824423997
2016-04-13,-0.0005650172338757048
2016-04-14,0.00012227982165961978
2016-04-15,-0.0017622492256904464
2016-04-16,0.0
2016-04-17,-0.0027175313983339696
2016-04-18,0.003935663902018843
2016-04-19,-0.002702617421224261
2016-04-20,0.005783033672872736
2016-04-21,-0.005115437441470712
2016-04-22,0.0019374296289816518
2016-04-23,0.0
2016-04-24,-0.0018524694865148044
2016-04-25,-0.0006353359688688112
2016-04-26,-0.003765001840662676
2016-04-27,-0.0007445719566063901
2016-04-28,-0.007290483925776296
2016-04-29,0.0034712254891351856
2016-04-30,0.0
2016-05-01,0.0008487836614212692
2016-05-02,-0.0026649235190363122
2016-05-03,-0.0037506372162479933
2016-05-04,0.00018537340481880154
2016-05-05,0.0004551489861568005
2016-05-06,-0.004041156767293008
2016-05-07,0.0
2016-05-08,-0.0003308206973666278
2016-05-09,-0.006020954574560724
2016-05-10,-0.008452610621502578
2016-05-11,0.0009436883783642677
2016-05-12,-0.001883249680450614
2016-05-13,-0.0005095765471151474
2016-05-14,0.0
2016-05-15,-0.005117198362160578
2016-05-16,0.02381700648818478
2016-05-17,0.0319577540956572
2016-05-18,0.017993937664976506
2016-05-19,0.015902799647284034
2016-05-20,-0.0008570193193319108
2016-05-21,0.0
2016-05-22,0.014836343804180406
2016-05-23,-0.0007699759709572153
2016-05-24,-0.0017982894696198842
2016-05-25,0.0004648609080968677
2016-05-26,-0.00033194424103496177
2016-05-27,-0.0008407258265605845
2016-05-28,0.0
2016-05-29,-0.00014413589306916068
2016-05-30,0.0005367244978904733
2016-05-31,-0.0006706456306616785
2016-06-01,0.0010351584170752684
2016-06-02,-0.00036165461571868355
2016-06-03,0.002916215956184397
2016-06-04,0.0
2016-06-05,-0.00034419611363479955
2016-06-06,0.0007113364070775035
2016-06-07,0.0005429292401154672
2016-06-08,0.0015140258021053377
2016-06-09,-0.0024370461407692396
2016-06-10,-0.0014386786956256143
2016-06-11,0.0
2016-06-12,-0.0004887077046043236
2016-06-13,0.003446685297599976
2016-06-14,-0.0016690021242884588
2016-06-15,0.0016459443006699857
2016-06-16,-0.00014848867799182358
2016-06-17,0.0007223816567302187
2016-06-18,0.0
2016-06-19,0.0020311429721035527
2016-06-20,-0.00036899038753669433
2016-06-21,-0.00165898519781403
2016-06-22,0.0014029991713353817
2016-06-23,-0.007795533002677194
2016-06-24,0.0034619662230979515
2016-06-25,0.0
2016-06-26,0.00026633663453418284
2016-06-27,0.0005323101976282397
2016-06-28,-0.006998364231433218
2016-06-29,0.00043361598502520863
2016-06-30,0.0005296203325068381
2016-07-01,0.0005168510151805337
2016-07-02,0.0
2016-07-03,0.00024569201154473743
2016-07-04,-0.0005523563181657745
2016-07-05,-0.0006290980449651707
2016-07-06,-0.002749210255099661
2016-07-07,-0.0009787473574598147
2016-07-08,9.01461230533205e-05
2016-07-09,0.0
2016-07-10,0.0001344464036430428
2016-07-11,0.0012154967714460168
2016-07-12,4.162132513554017e-05
2016-07-13,0.0006758510050420996
2016-07-14,0.0015401746620114143
2016-07-15,-0.0026561723174033276
2016-07-16,0.0
2016-07-17,0.0013858171870440366
2016-07-18,0.0006790959902061597
2016-07-19,-0.0010803378043683577
2016-07-20,0.001770907396080343
2016-07-21,-0.0006878682385919302
2016-07-22,0.00017093417517186394
2016-07-23,0.0
2016-07-24,-0.00020355819091106179
2016-07-25,-5.434876664263698e-05
2016-07-26,0.0013294228476107743
2016-07-27,0.002000970902281196
2016-07-28,0.0006850093427231909
2016-07-29,0.0024117103764264396
2016-07-30,0.0
2016-07-31,0.0006479916846471532
2016-08-01,-0.0002634451246616288
2016-08-02,-0.0013256106036434877
2016-08-03,-0.0005707362283778765
2016-08-04,0.0010961285038777948
2016-08-05,0.0004843059380293257
2016-08-06,0.0
2016-08-07,0.0004506389738418461
2016-08-08,-0.000719272419924734
2016-08-09,-0.0009254375414210558
2016-08-10,-0.0010537438296546785
2016-08-11,0.0002815753907782917
2016-08-12,0.0004738367576715307
2016-08-13,0.0
2016-08-14,0.00046875452654534605
2016-08-15,-0.0006210284609688998
2016-08-16,-0.002941287648076663
2016-08-17,7.696554234300493e-06
2016-08-18,3.2613546486438805e-05
2016-08-19,-0.0002895757023488115
2016-08-20,0.0
2016-08-21,-0.0018080647911635828
2016-08-22,0.001996142193923017
2016-08-23,-0.000843234364276305
2016-08-24,-0.002318855768674645
2016-08-25,0.00018231651679353095
2016-08-26,-0.003391014144973743
2016-08-27,0.0
2016-08-28,-0.00011450801822427897
2016-08-29,0.0005522427961618541
2016-08-30,-0.0014159935106134631
2016-08-31,-0.0004983775712731743
2016-09-01,0.0012124151791127978
2016-09-02,-0.0003816259351558874
2016-09-03,0.0
2016-09-04,0.0007857670075854305
2016-09-05,-0.0006033797216123893
2016-09-06,0.009923271580927347
2016-09-07,-0.0005066348486189279
2016-09-08,-0.001596883990622499
2016-09-09,-0.01839696527919513
2016-09-10,0.0
2016-09-11,0.0001041405190174376
2016-09-12,0.0012153103338726225
2016-09-13,-0.002580217045023266
2016-09-14,0.00171382103601221
2016-09-15,0.00029231704001022804
2016-09-16,-0.0053079925319402445
2016-09-17,0.0
2016-09-18,0.0015111441326980902
2016-09-19,-0.0003757010074600249
2016-09-20,0.0009412998079031474
2016-09-21,0.004009841049867953
2016-09-22,0.0007368450824952259
2016-09-23,-0.001860677372003591
2016-09-24,0.0
2016-09-25,-0.0009394217012548613
2016-09-26,0.00025819704322335214
2016-09-27,-0.0021434284736322434
2016-09-28,0.001872510183584468
2016-09-29,-0.0022701024447669116
2016-09-30,0.0007970362503290894
2016-10-01,0.0
2016-10-02,0.0003618351408773172
2016-10-03,-0.0004930922714613596
2016-10-04,-0.0059406031401540915
2016-10-05,0.000636879040439169
2016-10-06,0.002260965856747406
2016-10-07,-0.0033170032303983885
2016-10-08,0.0
2016-10-09,0.0010469011201600944
2016-10-10,0.0024947872364739806
2016-10-11,0.001891204269852116
2016-10-12,-0.0007686009054783992
2016-10-13,-0.0002737139940209573
2016-10-14,0.0021577226994409504
2016-10-15,0.0
2016-10-16,-0.0006296605220081248
2016-10-17,-0.0006086662643896878
2016-10-18,0.0013966040153837714
2016-10-19,0.0012977489686235195
2016-10-20,0.001779201346762432
2016-10-21,0.0008952744221332519
2016-10-22,0.0
2016-10-23,0.0026535943302785935
2016-10-24,0.00033542959339004407
2016-10-25,-0.0001019286288524703
2016-10-26,-0.0014127915042397802
2016-10-27,-0.00011323808270945174
2016-10-28,-0.001671531345899992
2016-10-29,0.0
2016-10-30,0.000505407252728945
2016-10-31,-0.00051013258987611
2016-11-01,-0.0010513359676428715
2016-11-02,0.0005374350826287105
2016-11-03,4.179858273873549e-05
2016-11-04,3.3620870847441495e-05
2016-11-05,0.0
2016-11-06,-0.0007881380959062523
2016-11-07,-7.852954353090532e-05
2016-11-08,0.0007741870444013159
2016-11-09,-0.002431521575687097
2016-11-10,0.0003145104903067541
2016-11-11,0.0019632599412235606
2016-11-12,0.0
2016-11-13,0.0010233630743810575
2016-11-14,-0.0007034493078874725
2016-11-15,0.00028684211806813344
2016-11-16,0.0004780590930335151
2016-11-17,0.0014730443927386486
2016-11-18,2.6150188619855915e-05
2016-11-19,0.0
2016-11-20,-0.00011465256577049482
2016-11-21,-2.563761592913472e-05
2016-11-22,0.00017444175169230918
2016-11-23,0.0016159305029410428
2016-11-24,0.00043752212405387256
2016-11-25,-0.0003332067118967746
2016-11-26,0.0
2016-11-27,-0.0009767772040555677
2016-11-28,0.0002535908370158364
2016-11-29,0.00013863733609948746
2016-11-30,0.0001449930299524001
2016-12-01,-0.0015331113174740984
2016-12-02,-5.6006826443116286e-05
2016-12-03,0.0
2016-12-04,0.00021760553440736905
2016-12-05,0.00021723467334583172
2016-12-06,0.0005948734659357817
2016-12-07,-0.0002039106833433612
2016-12-08,0.0013221717547110532
2016-12-09,0.001203002626967128
2016-12-10,0.0
2016-12-11,7.579508883241856e-05
2016-12-12,-0.0007219833947556683
2016-12-13,0.0005991190849753401
2016-12-14,0.0017876023331749498
2016-12-15,0.0012016197912701422
2016-12-16,-0.0006498831612112715
2016-12-17,0.0
2016-12-18,-0.00034744023822503824
2016-12-19,0.0005896653454358689
2016-12-20,4.6403422729763564e-05
2016-12-21,0.0003213011298585829
2016-12-22,-0.00015191290120070315
2016-12-23,-0.00018838126701930692
2016-12-25,-1.4666726220995274e-05
2016-12-26,0.002481040844143664
2016-12-27,-0.000270293618700407
2016-12-28,-0.0010043693191928403
2016-12-29,-0.0010497512365769922
2016-12-30,0.0002056491632308063
2017-01-01,0.0
2017-01-02,-1.578136681029585e-05
2017-01-03,0.0003970670707594057
2017-01-04,-0.0012867813519674266
2017-01-05,0.004238360444326315
2017-01-06,0.0007823826940729771
2017-01-07,0.0
2017-01-08,-4.812548062384385e-05
2017-01-09,-0.0009339287263733469
2017-01-10,0.0002036349178183496
2017-01-11,-0.00046872457205985273
2017-01-12,8.937710273609747e-05
2017-01-13,-4.300882110636622e-05
2017-01-14,0.0
2017-01-15,-0.00023027088442488405
2017-01-16,-0.00022585147624449805
2017-01-17,-0.0006151361757792072
2017-01-18,0.0007223375665999245
2017-01-19,-0.0002958609671778704
2017-01-20,-0.00020273646353079656
2017-01-21,0.0
2017-01-22,-0.0016954500621851137
2017-01-23,9.079651135781078e-05
2017-01-24,0.0033274383199273744
2017-01-25,0.00536964033008125
2017-01-26,0.0012795703589736488
2017-01-27,-0.0011293475953765854
2017-01-28,0.0
2017-01-29,-0.0017191617154674965
2017-01-30,-0.00262292134126437
2017-01-31,-0.0008280595161927405
2017-02-01,-0.0013491482828303684
2017-02-02,0.0004995448107931921
2017-02-03,0.0006613419554035648
2017-02-04,0.0
2017-02-05,-0.0004312703741622846
2017-02-06,-0.0008319134530126179
2017-02-07,0.0007565694023963124
2017-02-08,-0.0002485170418902494
2017-02-09,0.004013297011491528
2017-02-10,0.00011350370444157419
2017-02-11,0.0
2017-02-12,0.0011444520374437668
2017-02-13,0.002144505661856678
2017-02-14,0.0027320424510998797
2017-02-15,0.0021315788603348093
2017-02-16,-0.0022270839534025847
2017-02-17,0.0029357035291261583
2017-02-19,-6.719180509655111e-05
2017-02-20,0.000352604399619275
2017-02-21,-5.431930043868174e-05
2017-02-22,-0.00027807689860300205
2017-02-23,-0.0013196945186979775
2017-02-24,-0.00039244511999980594
2017-02-25,0.0
2017-02-26,0.004103089207367643
2017-02-27,-0.0002074191456419034
2017-02-28,0.0006094754810569249
2017-03-01,0.004896962435984911
2017-03-02,-0.0024026205590742676
2017-03-03,0.000813731248282744
2017-03-04,0.0
2017-03-05,-0.001441770805049419
2017-03-06,0.0014952919212070862
2017-03-07,-0.0018858570696786653
2017-03-08,0.0029025600635566064
2017-03-09,0.002571436618663958
2017-03-10,-0.0019125023270471797
2017-03-11,0.0
2017-03-12,-0.000688870455933871
2017-03-13,0.0018103475215922155
2017-03-14,-8.648233156163262e-05
2017-03-15,-0.0010114711276353505
2017-03-16,-0.0018821376766786763
2017-03-17,-0.0007129255789742309
2017-03-18,0.0
2017-03-19,-0.0017706220256434309
2017-03-20,0.0031442285929545962
2017-03-21,-0.0137245770927579
2017-03-22,0.0023918995326742028
2017-03-23,0.00015440412658718035
2017-03-24,-0.00041851216052344106
2017-03-25,0.0
2017-03-26,-0.003580773827675072
2017-03-27,0.002159592730816464
2017-03-28,0.001784362872538666
2017-03-29,0.0015806389013353285
2017-03-30,0.0012406072912653863
2017-03-31,-0.0007255949078673392
2017-04-01,0.0
2017-04-02,0.00014686966791213057
2017-04-03,-0.0012213773073955385
2017-04-04,0.0004137840204413169
2017-04-05,-0.0019300718830134176
2017-04-06,-0.0006773406367528192
2017-04-07,0.00257782689968525
2017-04-08,0.0
2017-04-09,0.00045760017737752083
2017-04-10,-0.0010664119130411767
2017-04-11,-0.002965851772845578
2017-04-12,-0.0005203261617147624
2017-04-13,-0.0005453423072884178
2017-04-14,2.023558039699389e-05
2017-04-15,0.0
2017-04-16,2.3504811239262842e-05
2017-04-17,0.001230907258321348
2017-04-18,-0.0004154910899313842
2017-04-19,-0.0007943584339014111
2017-04-20,0.0020303453281113005
2017-04-21,-0.0002553190793112375
2017-04-22,0.0
2017-04-23,0.0005701675471799606
2017-04-24,0.0007840557328806354
2017-04-25,0.000392679677370015
2017-04-26,-6.0706063886495437e-05
2017-04-27,0.00110534477802354
2017-04-28,-0.0011309659944839763
2017-04-29,0.0
2017-04-30,-0.0003179927325598445
2017-05-01,0.0026105175367292844
2017-05-02,-0.0002600452587083792
2017-05-03,0.002245359154235973
2017-05-04,0.0014741818603721019
2017-05-05,0.0015261065515960936
2017-05-06,0.0
2017-05-07,-0.0007883806798304352
2017-05-08,0.0002994610967415138
2017-05-09,0.0014281681158280013
2017-05-10,0.0005793904982302117
2017-05-11,-0.001893207784040186
2017-05-12,0.00041724240545607975
2017-05-13,0.0
2017-05-14,9.857435135331608e-05
2017-05-15,-0.0007816116545656769
2017-05-16,-0.0032284714195704996
2017-05-17,-0.006365336907270368
2017-05-18,0.0018749813194828835
2017-05-19,0.0014202806612098962
2017-05-20,0.0
2017-05-21,0.0005035028216372259
2017-05-22,0.0028364787127451124
2017-05-23,-0.0010717630097983716
2017-05-24,0.002733229662444126
2017-05-25,0.0005829511796020683
2017-05-26,0.0017499755290213963
2017-05-27,0.0
2017-05-28,5.2160643326308426e-05
2017-05-29,-4.363913182379305e-05
2017-05-30,-0.0013394891120742305
2017-05-31,0.0020464898153362107
2017-06-01,0.0015289435225648543
2017-06-02,0.005367450699647444
2017-06-03,0.0
2017-06-04,-9.604102946675962e-05
2017-06-05,0.00023294916477186234
2017-06-06,0.0008140294878695777
2017-06-07,-0.00025725484625062936
2017-06-08,-0.0018726339356030823
2017-06-09,-0.008324429013750549
2017-06-10,0.0
2017-06-11,-0.00017765703163689065
2017-06-12,-0.0001247629294155706
2017-06-13,0.0003825926095800752
2017-06-14,-0.0027301672928654024
2017-06-15,-0.0015793562961151553
2017-06-16,-0.00022924089502285267
2017-06-17,0.0
2017-06-18,0.0005586131552631959
2017-06-19,0.0013149044252897995
2017-06-20,-0.00314843235124457
2017-06-21,0.0024999845528800514
2017-06-22,9.79881790940769e-06
2017-06-23,0.0012230980837117148
2017-06-24,0.0
2017-06-25,0.002774383965634379
2017-06-26,-0.0028553574530868543
2017-06-27,-0.004098862188201364
2017-06-28,0.003294970024433598
2017-06-29,-0.005082277919532468
2017-06-30,-0.0007215830677341331
2017-07-01,0.0
2017-07-02,-0.00022318169022743424
2017-07-03,-0.004326554339086309
2017-07-04,0.0007254819877872222
2017-07-05,0.0007046887098854307
2017-07-06,-0.0025368106725693683
2017-07-07,0.0005028096854909006
2017-07-08,0.0
2017-07-09,0.0006043861357997004
2017-07-10,1.0442197889468273e-06
2017-07-11,0.00156966654960021
2017-07-12,0.0029705791328252405
2017-07-13,-0.0008456799148340613
2017-07-14,0.0038012985449022937
2017-07-15,0.001896236200479184
2017-07-16,0.002623557074699866
2017-07-17,0.0012142540604085784
2017-07-18,0.0017644510226611462
2017-07-19,0.0004899594092694018
2017-07-20,0.0015399540858452474
2017-07-21,0.0017250242462172282
2017-07-22,0.0
2017-07-23,0.0021081857331218317
2017-07-24,0.0005789262167049815
2017-07-25,-0.0009797471927411963
2017-07-26,0.004265400510642834
2017-07-27,-0.0036180168889023696
2017-07-28,0.003006884857174675
2017-07-29,0.0
2017-07-30,-0.0004913159762399575
2017-07-31,0.0011470620203212368
2017-08-01,-0.00021411044389235142
2017-08-02,-0.0011810337010256299
2017-08-03,0.000575257110422596
2017-08-04,-0.0018818319507397144
2017-08-05,0.0
2017-08-06,0.0008344528254752837
2017-08-07,0.0003737001760971528
2017-08-08,-0.0011970780946337336
2017-08-09,0.002654320523625724
2017-08-10,-0.0036702997545235184
2017-08-11,0.002082756503729233
2017-08-12,0.0
2017-08-13,0.0007225426364055866
2017-08-14,-0.0001166516999056173
2017-08-15,-0.0015838770623683408
2017-08-16,0.0009612916938035526
2017-08-17,-0.0034561453451378804
2017-08-18,-0.001056088103109998
2017-08-19,0.0
2017-08-20,-0.0014898186054652656
2017-08-21,0.0014687652663986715
2017-08-22,0.0011179623642967099
2017-08-23,-0.0005057995359727716
2017-08-24,-8.504966698910623e-05
2017-08-25,0.000827059645753366
2017-08-26,0.0
2017-08-27,-0.001307543739072615
2017-08-28,0.0012272986442131322
2017-08-29,0.001813713499438834
2017-08-30,-0.0001612914746094399
2017-08-31,0.006089449373086783
2017-09-01,0.000456771733062942
2017-09-02,0.0
2017-09-03,2.9194532265331628e-05
2017-09-04,0.0005694976745906647
2017-09-05,-0.0006270650952427271
2017-09-06,-6.778852815709404e-06
2017-09-07,0.002804433789581568
2017-09-08,-0.0017519465205500055
2017-09-09,0.0
2017-09-10,0.0007260630040964803
2017-09-11,0.00031889304467239425
2017-09-12,0.001520519081922587
2017-09-13,-0.0014658897796435881
2017-09-14,-0.0001853139881287162
2017-09-15,0.0007839290242995519
2017-09-16,0.0
2017-09-17,0.0004979145048517124
2017-09-18,-0.0018088144783388754
2017-09-19,0.0009116853631448294
2017-09-20,-0.0022092351785957137
2017-09-21,-0.00286794421345819
2017-09-22,0.0011000055205457394
2017-09-23,0.0
2017-09-24,-0.0022482783427752204
2017-09-25,-0.0004377784850155186
2017-09-26,-0.0010565367502556428
2017-09-27,0.0006236512309822758
2017-09-28,0.0003538593792027424
2017-09-29,0.0020015867066365766
2017-09-30,0.0
2017-10-01,-6.46379823830722e-05
2017-10-02,9.594152067868591e-05
2017-10-03,0.001123468179861642
2017-10-04,0.00418123274193986
2017-10-05,0.002661349983164794
2017-10-06,0.0001314137330331201
2017-10-07,0.0
2017-10-08,0.0013534605676538585
2017-10-09,-0.0003265094364093224
2017-10-10,0.0006980666287598327
2017-10-11,0.001434631362636578
2017-10-12,-0.0002626791809463247
2017-10-13,0.0018026120091731677
2017-10-14,0.0
2017-10-15,0.0006749671429913738
2017-10-16,-0.0005610616468471578
2017-10-17,-0.00010725448610733848
2017-10-18,-0.000647973466843835
2017-10-19,0.00027389927788450206
2017-10-20,0.0001194410204436297
2017-10-21,0.0
2017-10-22,0.0004240467204347727
2017-10-23,-0.002663869718363417
2017-10-24,-0.0006808553549313557
2017-10-25,-0.001156930318441784
2017-10-26,0.005514310438687469
2017-10-27,0.006612030271905961
2017-10-28,0.0
2017-10-29,-0.0004092221356432351
2017-10-30,0.0004500090229921496
2017-10-31,0.0022168662101082945
2017-11-01,-0.0025851102669177855
2017-11-02,0.0025400904178718778
2017-11-03,0.001419371377420759
2017-11-04,0.0
2017-11-05,-0.0008535518790267765
2017-11-06,0.0047749107103053955
2017-11-07,-0.002002384848773483
2017-11-08,0.0027672765327452853
2017-11-09,-0.0020318476260335785
2017-11-10,-0.0024210536843521863
2017-11-11,0.0
2017-11-12,0.0017580150398980201
2017-11-13,-0.0015081661397464189
2017-11-14,-0.002552156097068588
2017-11-15,-0.00019707278932927627
2017-11-16,0.006149260652213881
2017-11-17,-0.001997837747977571
2017-11-18,0.0
2017-11-19,-0.0017451134459945524
2017-11-20,0.0016639036733316185
2017-11-21,0.005645437339824841
2017-11-22,0.001225411229942211
2017-11-23,0.0008470742759205105
2017-11-24,0.0013763801462056083
2017-11-25,0.0
2017-11-26,-0.0007474816162789709
2017-11-27,0.015147568322995745
2017-11-28,0.019620797464105475
2017-11-29,0.004679557578323385
2017-11-30,0.01718345598614599
2017-12-01,8.669224555220016e-05
2017-12-02,0.0
2017-12-03,0.016440492999921397
2017-12-04,0.0052693541517346365
2017-12-05,0.00818946470889887
2017-12-06,0.016906912290003302
2017-12-07,0.015420243342307053
2017-12-08,0.0015633768946393856
2017-12-09,0.0
2017-12-10,0.012628422128840452
2017-12-11,0.002887266292565806
2017-12-12,-0.0010843179250360532
2017-12-13,-0.0006117346185032355
2017-12-14,0.0038133756532647395
2017-12-15,0.005178498194116263
2017-12-16,0.0
2017-12-17,0.0010452278341253896
2017-12-18,-0.004499101930643105
2017-12-19,-0.00659310451659454
2017-12-20,-0.006160566137759954
2017-12-21,-0.003631593654068759
2017-12-22,-0.000339329580936587
2017-12-24,-0.0046513556831622805
2017-12-25,0.021148088653573933
2017-12-26,0.01881937731808684
2017-12-27,0.015841696426446634
2017-12-28,0.013992645219804282
2017-12-29,-0.0016961109515355869
2017-12-31,0.012344864695154773
2018-01-01,0.0011289386966005287
2018-01-02,0.002566515041576719
2018-01-03,0.0012747832292194189
2018-01-04,0.0016658508799753202
2018-01-05,0.0013103867701670464
2018-01-06,0.0
2018-01-07,0.00015931802874612403
2018-01-08,-6.32269976694947e-05
2018-01-09,-0.00023255745969609859
2018-01-10,0.0004306835952423954
2018-01-11,0.0024651914285352522
2018-01-12,0.002732748100684723
2018-01-13,0.0
2018-01-14,0.00109845958360385
2018-01-15,2.755480572773805e-05
2018-01-16,-0.0019445917217162877
2018-01-17,0.002267275655518048
2018-01-18,-0.0007648859923827154
2018-01-19,0.0029190742432828832
2018-01-20,0.0
2018-01-21,-0.0008518838693787302
2018-01-22,0.007288126140598708
2018-01-23,0.0015189054954867114
2018-01-24,0.0018780653429682887
2018-01-25,0.0001535937608205583
2018-01-26,0.004941788298795975
2018-01-27,0.0
2018-01-28,-0.00020979416529927532
2018-01-29,-0.007274817273017815
2018-01-30,0.0005023108794434954
2018-01-31,0.0012657524127380037
2018-02-01,-0.0026474408186757258
2018-02-02,-0.012422903724277734
2018-02-03,0.0
2018-02-04,-0.0008335398365795889
2018-02-05,-0.02233324342102714
2018-02-06,0.003169281021702101
2018-02-07,-0.0032002777054512383
2018-02-08,-0.0022920904984543226
2018-02-09,0.0008720529918070037
2018-02-10,0.0
2018-02-11,0.001243522333600564
2018-02-12,0.01755723031526129
2018-02-13,0.01482038707135798
2018-02-14,0.014770414339059429
2018-02-15,0.011287882060735287
2018-02-16,-0.0012163720387701224
2018-02-17,0.0
2018-02-18,0.00949919642996379
2018-02-19,-0.005246358038608588
2018-02-20,-0.005413151856671561
2018-02-21,-0.0047436306417523106
2018-02-22,-0.0030739275235090097
2018-02-23,0.0008857722073479578
2018-02-24,0.0
2018-02-25,-0.003456107716597074
2018-02-26,0.000488767037270651
2018-02-27,-0.0019396047716903784
2018-02-28,-0.0007778638239838004
2018-03-01,-0.0007777300628122255
2018-03-02,0.0007652256705810244
2018-03-03,0.0
2018-03-04,-0.0002608130373503561
2018-03-05,0.0010489249486381738
2018-03-06,0.00017289611434446623
2018-03-07,0.0006793544858596152
2018-03-08,0.003587581053468779
2018-03-09,0.0010585906041614532
2018-03-10,0.004080255910588572
2018-03-11,0.0004744780346820485
2018-03-12,-0.0001237935726511542
2018-03-13,-0.0015811453577343937
2018-03-14,0.00031399092358988035
2018-03-15,0.0006897092719065293
2018-03-16,5.951052106083839e-05
2018-03-17,0.0
2018-03-18,-0.0002736941785893821
2018-03-19,-0.0018392901941068644
2018-03-20,0.0005537771161029921
2018-03-21,-0.006458648485001838
2018-03-22,-0.003442128606654077
2018-03-23,-0.0005474588320198909
2018-03-24,0.0
2018-03-25,0.000702216232224998
2018-03-26,0.002940703574561846
2018-03-27,-0.0033097821616550976
2018-03-28,-0.0024343839052886535
2018-03-29,0.0007816723172531906
2018-03-30,2.1526307836159433e-05
2018-03-31,0.0
2018-04-01,0.00014245853339621672
2018-04-02,0.010283286327743587
2018-04-03,0.012154689066668327
2018-04-04,0.014205684456692635
2018-04-05,0.011028894067413062
2018-04-06,-0.0007123178036478913
2018-04-07,0.0
2018-04-08,0.01214847010421969
2018-04-09,-0.0032243739503095737
2018-04-10,-0.004032728398404043
2018-04-11,-0.003613736647576156
2018-04-12,-0.0047361669862401
2018-04-13,0.00031980248577581383
2018-04-14,0.0
2018-04-15,-0.0037208920977156988
2018-04-16,-0.003575042614460678
2018-04-17,-0.003202388480764748
2018-04-18,-0.003394718769458571
2018-04-19,-0.010011329750761503
2018-04-20,-0.003396798367188281
2018-04-21,0.0
2018-04-22,-0.003457230675005862
2018-04-23,0.01231887117457428
2018-04-24,0.010269188254817393
2018-04-25,0.017369361477504633
2018-04-26,0.016496815269644312
2018-04-27,-0.00041471245934885764
2018-04-28,0.0
2018-04-29,0.011484407655407978
2018-04-30,0.004271243503195662
2018-05-01,0.0077320423948003935
2018-05-02,0.003577704982418307
2018-05-03,0.007613141738600115
2018-05-04,0.002931057444972741
2018-05-05,0.0
2018-05-06,0.008025347095622899
2018-05-07,-0.002775953609901672
2018-05-08,-0.0031029309237392637
2018-05-09,-0.0001257752452247352
2018-05-10,-0.0007888114353599919
2018-05-11,-3.214573551210403e-05
2018-05-12,0.0
2018-05-13,-0.0019431353214816847
2018-05-14,-0.0017594473398319307
2018-05-15,-0.003928834052767418
2018-05-16,0.001491044064695332
2018-05-17,-0.0005527678670795911
2018-05-18,-0.0015453716262937014
2018-05-19,0.0
2018-05-20,0.0016051935814589506
2018-05-21,-0.00019525025645016216
2018-05-22,-0.001389540908739643
2018-05-23,0.002356636374561561
2018-05-24,0.0018083512541715576
2018-05-25,-0.0006166935006232023
2018-05-26,0.0
2018-05-27,0.00029988690552291584
2018-05-28,-0.00017350574469703279
2018-05-29,-0.0015976890247653397
2018-05-30,0.0018279616217314115
2018-05-31,0.00780222068728182
2018-06-01,0.0030863514900033753
2018-06-02,0.0
2018-06-03,0.0003523735076415106
2018-06-04,0.001308317391191053
2018-06-05,0.0016765567956599438
2018-06-06,0.0019815785602577333
2018-06-07,-0.0030285943536184344
2018-06-08,0.0009511945799552398
2018-06-09,0.0
2018-06-10,-0.0006480848354674124
2018-06-11,0.0019212272929814368
2018-06-12,0.002557445481146245
2018-06-13,-0.0027886881704342267
2018-06-14,0.005226449842887664
2018-06-15,-0.004368159635619398
2018-06-16,0.0
2018-06-17,-0.0026802563800052384
2018-06-18,-0.0032943654217864765
2018-06-19,0.002577171807806702
2018-06-20,0.007865360426231921
2018-06-21,-0.00784147773742898
2018-06-22,-0.0014855714699323315
2018-06-23,0.0
2018-06-24,-0.002209477564610958
2018-06-25,-0.008470994345540172
2018-06-26,-0.0005235893383895834
2018-06-27,-0.0037675358600286687
2018-06-28,0.0048906206664257705
2018-06-29,-0.002317941377803757
2018-06-30,0.0
2018-07-01,0.0006343663289635586
2018-07-02,0.0031846472059138776
2018-07-03,-0.005978127645039055
2018-07-04,0.0004040887569861971
2018-07-05,0.004950313725357457
2018-07-06,0.007673980795621047
2018-07-07,0.0
2018-07-08,0.019158768983641068
2018-07-09,0.003912257563553096
2018-07-10,-0.004072498771230707
2018-07-11,0.003570737491800255
2018-07-12,0.006730986455786991
2018-07-13,-3.1078830883429804e-05
2018-07-14,0.0
2018-07-15,0.00023647596619908497
2018-07-16,-0.004038184113926892
2018-07-17,0.007992959172708727
2018-07-18,-0.00017379829678884458
2018-07-19,-0.0029573194750488314
2018-07-20,-0.0010174554039386525
2018-07-21,0.0
2018-07-22,-0.0023044014720308807
2018-07-23,0.0030353618270362198
2018-07-24,-0.0016676276518644948
2018-07-25,0.0003772426357647453
2018-07-26,0.0033047148026913806
2018-07-27,-0.007373585622844736
2018-07-28,0.0
2018-07-29,-0.0017006881536240144
2018-07-30,-0.002051746226078822
2018-07-31,0.0008326169826569484
2018-08-01,0.001382471651928209
2018-08-02,0.0031246372637436697
2018-08-03,-0.0009920555016190561
2018-08-04,0.0
2018-08-05,4.8195370241767334e-05
2018-08-06,0.015593739665139446
2018-08-07,0.0012601271809120993
2018-08-08,-0.0003761941568507691
2018-08-09,-0.0009005268422435863
2018-08-10,-0.0012041057743897997
2018-08-11,0.0
2018-08-12,-0.0026058404641305256
2018-08-13,0.002886634388594518
2018-08-14,0.002217111006423122
2018-08-15,-0.0010992069753509883
2018-08-16,0.0005759536162558283
2018-08-17,-2.2749675286330565e-05
2018-08-18,0.0
2018-08-19,-3.3625106780676495e-05
2018-08-20,-0.0007898617009779803
2018-08-21,-0.0009025280017773991
2018-08-22,0.0022650687181576083
2018-08-23,0.0013398507579323049
2018-08-24,0.0016907667950873508
2018-08-25,0.0
2018-08-26,0.0014801404112993208
2018-08-27,0.003458173567223898
2018-08-28,0.0078040886518152925
2018-08-29,0.00273393261426703
2018-08-30,-0.0012695225814565686
2018-08-31,0.0019247480773068235
2018-09-01,0.0
2018-09-02,-0.00010340070179749362
2018-09-03,0.0003462992431627816
2018-09-04,-0.0024350604319799338
2018-09-05,-0.005691344700104715
2018-09-06,-0.005736685994352557
2018-09-07,0.0002923171224764631
2018-09-08,0.0
2018-09-09,0.0017042307583303594
2018-09-10,0.000765121935395473
2018-09-11,-0.001574749810410047
2018-09-12,-0.002736492036307602
2018-09-13,0.005428953883321531
2018-09-14,-0.00015254958778883782
2018-09-15,0.0
2018-09-16,-0.004159752852795847
2018-09-17,-0.006781841771279864
2018-09-18,0.004665551006783485
2018-09-19,0.005461179397609795
2018-09-20,0.006121831525681928
2018-09-21,-0.0020549250339542773
2018-09-22,-0.003097445116001578
2018-09-23,-0.0009555426801630094
2018-09-24,0.0014627775530784795
2018-09-25,0.0013069624262727494
2018-09-26,-0.0008769200305332325
2018-09-27,0.004596626131841847
2018-09-28,-0.0006436869632410862
2018-09-29,0.0058250656599061635
2018-09-30,0.0029157846739751954
2018-10-01,-0.002837732738494469
2018-10-02,-0.000501630626165043
2018-10-03,-0.001538364256414887
2018-10-04,-0.006201408948759484
2018-10-05,-0.004404796911978004
2018-10-06,0.0
2018-10-07,-3.540401931235369e-05
2018-10-08,-0.00044501486479182293
2018-10-09,-0.0011540457602217974
2018-10-10,-0.028217164197394923
2018-10-11,0.0002092524561600727
2018-10-12,0.0020097888289030163
2018-10-13,0.0
2018-10-14,-0.0008668227580833897
2018-10-15,-0.0008043696607372717
2018-10-16,0.0045552153541202475
2018-10-17,-0.0008603939804371992
2018-10-18,-0.0018025984146007926
2018-10-19,-0.0011274817284418238
2018-10-20,0.0
2018-10-21,0.00011714359595301208
2018-10-22,-0.0004437055598754824
2018-10-23,-0.0001969725507317446
2018-10-24,-0.004032994005179176
2018-10-25,-0.00010910746251438996
2018-10-26,1.049963113351285e-05
2018-10-27,0.0
2018-10-28,0.00039557874093058734
2018-10-29,-0.0016027475923419004
2018-10-30,0.0017462492053146917
2018-10-31,0.0026801295162130804
2018-11-01,-0.000569473070487687
2018-11-02,-0.0005974640768812223
2018-11-03,0.0
2018-11-04,-0.00019108935876709405
2018-11-05,0.00021067644642500823
2018-11-06,0.0012638069484933842
2018-11-07,0.0031038569858534886
2018-11-08,-0.0001572467675096383
2018-11-09,-0.0013057660415946785
2018-11-10,0.0
2018-11-11,0.0007952517820609628
2018-11-12,-0.0026421487219003823
2018-11-13,-0.00040528941059608185
2018-11-14,-0.0009816520894962027
2018-11-15,-0.0010095325724606933
2018-11-16,-0.000918889968101059
2018-11-17,0.0
2018-11-18,0.00013185170358812724
2018-11-19,-0.0003485902520415482
2018-11-20,0.0009807362731912065
2018-11-21,-0.00034833636973211567
2018-11-22,0.00012613711361934317
2018-11-23,0.0006401229655904363
2018-11-24,0.0
2018-11-25,-0.0005075111562368149
2018-11-26,-0.00048056444134605286
2018-11-27,5.093071138940221e-05
2018-11-28,-0.002014271847046819
2018-11-29,1.102009529297718e-05
2018-11-30,0.0006565877658707909
2018-12-01,0.0
2018-12-02,-9.468140506667334e-05
2018-12-03,-0.0019160234075301106
2018-12-04,-0.0022740996805022
2018-12-05,-0.0036591460489473985
2018-12-06,-0.0010622458535787993
2018-12-07,0.0008562621332349549
2018-12-08,0.0
2018-12-09,5.056139280137272e-05
2018-12-10,-0.0002869671886781121
2018-12-11,-0.00020432830007201643
2018-12-12,-0.00044785605534517696
2018-12-13,0.0008252199912740561
2018-12-14,0.0010227389340763933
2018-12-15,0.0
2018-12-16,0.0059363939181458535
2018-12-17,0.000713820645699771
2018-12-18,-0.0003526089938048686
2018-12-19,0.0030717040983297738
2018-12-20,-0.00012241075053790493
2018-12-21,0.005218852396303794
2018-12-22,0.0
2018-12-23,-0.0010679989828869722
2018-12-24,0.004857335463398319
2018-12-25,0.0010066650097551304
2018-12-26,-0.009994988992515916
2018-12-27,-0.001324968136373239
2018-12-28,0.0008397957535276417
2018-12-29,0.0
2018-12-30,-0.0005864274213889113
2018-12-31,-0.0003026126127158456
2019-01-01,0.0008210479726810891
2019-01-02,0.0010833516412422476
2019-01-03,0.0006131068975457908
2019-01-04,-0.003360005850568483
2019-01-05,0.0
2019-01-06,-0.00022505816222906857
2019-01-07,-0.0008190015972454639
2019-01-08,-0.0006141415581578421
2019-01-09,-4.0688160488183765e-05
2019-01-10,-0.00024363829046454352
2019-01-11,0.00014529854477656493
2019-01-12,0.0
2019-01-13,0.0004727463373095196
2019-01-14,-0.0038432191529529734
2019-01-15,-0.0001416103728728843
2019-01-16,0.000395733626017908
2019-01-17,-0.0008389084284219909
2019-01-18,-0.0007175587784331902
2019-01-19,0.0
2019-01-20,2.6448915958373698e-05
2019-01-21,0.0002908488633694031
2019-01-22,0.0005383764556951055
2019-01-23,-0.00018071857326458962
2019-01-24,-9.308337882583625e-05
2019-01-25,-0.00025185583332075213
2019-01-26,0.0
2019-01-27,1.7305008692578109e-06
2019-01-28,0.0017916915652687539
2019-01-29,0.0011637852820630692
2019-01-30,-0.0007132591842751695
2019-01-31,0.0012294800028906376
2019-02-01,-0.0001416076347092806
2019-02-02,0.0
2019-02-03,0.00105029916970688
2019-02-04,0.010746049724782616
2019-02-05,0.010963153409845347
2019-02-06,0.01108498748976749
2019-02-07,0.012078554351679082
2019-02-08,-2.2037702974334704e-05
2019-02-09,0.0
2019-02-10,0.010818339565949884
2019-02-11,0.0004723836442834844
2019-02-12,-0.00079873706044137
2019-02-13,0.0010735268985636271
2019-02-14,0.0009005721320024151
2019-02-15,-0.0004665893528376791
2019-02-16,0.0
2019-02-17,0.00035872948545837826
2019-02-18,0.005438807406172962
2019-02-19,0.00552520207213028
2019-02-20,0.004353334458599823
2019-02-21,0.005755028170435312
2019-02-22,-0.0008435014436569237
2019-02-23,0.0
2019-02-24,0.005414418268218805
2019-02-25,-5.2073297236485073e-05
2019-02-26,-0.0009290280185467773
2019-02-27,-0.0004343152093448616
2019-02-28,-0.0006088281647061435
2019-03-01,-0.0006926686041676746
2019-03-02,0.0
2019-03-03,-0.000629228889232868
2019-03-04,0.00089644035872506
2019-03-05,0.00036722938303816537
2019-03-06,0.00047192896332011913
2019-03-07,0.005202884802779795
2019-03-08,-0.0011111961496908824
2019-03-09,0.0
2019-03-10,-0.00014693907272064383
2019-03-11,-0.004380037479830213
2019-03-12,-0.0007133263865638698
2019-03-13,-0.0011515958689765893
2019-03-14,-0.0002286625169012291
2019-03-15,0.0005694416947655122
2019-03-16,0.0
2019-03-17,-0.0003935476582583589
2019-03-18,-0.0002821761024714677
2019-03-19,0.00042225768749766155
2019-03-20,-0.00048634259534239226
2019-03-21,0.002702931984321088
2019-03-22,0.00040355605067381346
2019-03-23,0.0
2019-03-24,0.0014583582023150788
2019-03-25,-0.000753080086657512
2019-03-26,0.0002873441444835185
2019-03-27,-0.00018022635061442217
2019-03-28,-0.004601548074892716
2019-03-29,0.0002948210879468359
2019-03-30,0.0
2019-03-31,-0.0003027578855491661
2019-04-01,0.0008715521921129567
2019-04-02,0.0008011071563624639
2019-04-03,-0.00010217371455847307
2019-04-04,-5.46229776988842e-05
2019-04-05,0.0007786966223283709
2019-04-06,0.0
2019-04-07,-0.00027271346216774527
2019-04-08,-0.0005274606352095915
2019-04-09,-0.0001749842638108229
2019-04-10,0.0014605636246093916
2019-04-11,-0.0017553341770962388
2019-04-12,0.0006995449442737404
2019-04-13,0.0
2019-04-14,-0.0005514374406894416
2019-04-15,0.0005384360922201593
2019-04-16,0.0014959542723922783
2019-04-17,-0.0008988049680440171
2019-04-18,0.003978516827992262
2019-04-19,-4.673576537117849e-05
2019-04-20,0.0
2019-04-21,-0.0009084391296941005
2019-04-22,0.0016804677648518164
2019-04-23,0.007419410526140939
2019-04-24,0.005092032015680107
2019-04-25,-0.003355023442878472
2019-04-26,0.0026168822285804966
2019-04-27,0.0
2019-04-28,-0.0005410909224500145
2019-04-29,-0.0034266375400704954
2019-04-30,0.0024126675992634785
2019-05-01,-0.004855041164930215
2019-05-02,0.00044590908426842777
2019-05-03,0.00463201718680198
2019-05-04,0.0
2019-05-05,-0.009282087905202335
2019-05-06,0.0030174516245130563
2019-05-07,-0.0034042557648819444
2019-05-08,-0.003509137497623084
2019-05-09,-0.0006281626694916431
2019-05-10,0.0007215893722699026
2019-05-11,0.0
2019-05-12,-0.004376262399091658
2019-05-13,0.0014615684721654588
2019-05-14,0.0009642272594731147
2019-05-15,0.00023259036512163355
2019-05-16,-0.000427391004564623
2019-05-17,-0.001633403456780423
2019-05-18,0.0
2019-05-19,-0.0025720985102699436
2019-05-20,-0.0010771192134902024
2019-05-21,-0.00010196446609535894
2019-05-22,-0.00027907647013496824
2019-05-23,0.0004477720206439369
2019-05-24,-0.0008841675776869093
2019-05-26,0.0
2019-05-27,0.0007461202252740069
2019-05-28,-0.0005313817850439977
2019-05-29,0.0006952688296313622
2019-05-30,0.002593619997252437
2019-05-31,0.0008850481393302998
2019-06-01,0.0
2019-06-02,0.0020406621435081836
2019-06-03,0.0024357818194190354
2019-06-04,-0.004608469154962283
2019-06-05,0.0012171437715741825
2019-06-06,-0.0014379562795362071
2019-06-07,-0.0023644034778333234
2019-06-08,0.0
2019-06-09,-0.0012873929168570352
2019-06-10,0.0001872686286977721
2019-06-11,-7.951654227833093e-05
2019-06-12,0.0013363916170761022
2019-06-13,0.0012783062940356824
2019-06-14,0.001203811741574364
2019-06-15,0.0
2019-06-16,-0.0002654377821403931
2019-06-17,-0.0004699754983526919
2019-06-18,0.0024927007721589215
2019-06-19,0.004341549590241741
2019-06-20,0.0033579267263834024
2019-06-21,-0.0028722674845833877
2019-06-22,0.0
2019-06-23,0.0011749061150500566
2019-06-24,0.0026674571884787186
2019-06-25,-0.003272238189884942
2019-06-26,8.078515743133343e-06
2019-06-27,0.0015825912085128916
2019-06-28,-0.001244956158946527
2019-06-29,0.0
2019-06-30,-0.0018558980852479271
2019-07-01,0.0012966722634469073
2019-07-02,0.008886756602576167
2019-07-03,-2.1963383139989414e-05
2019-07-04,-0.0001279990534928954
2019-07-05,-0.0008795623680282184
2019-07-06,0.0
2019-07-07,-0.00021094177208568586
2019-07-08,-0.00015566085363358836
2019-07-09,0.00033449069961025737
2019-07-10,0.0018496961194388142
2019-07-11,-0.0013165382709716142
2019-07-12,0.0006841093904220261
2019-07-13,0.0
2019-07-14,-0.000483881923126262
2019-07-15,0.0006628062031558454
2019-07-16,-0.00010984682402619106
2019-07-17,0.000749738308198447
2019-07-18,0.002496268943658699
2019-07-19,-0.001682545658499563
2019-07-20,0.0
2019-07-21,0.0002676550922009796
2019-07-22,-9.546632253121782e-05
2019-07-23,0.0018467993535980823
2019-07-24,0.0006572837859484044
2019-07-25,-0.0009269134199136381
2019-07-26,0.0007676064590872905
2019-07-27,0.0
2019-07-28,0.00014436437140441673
2019-07-29,0.00010684807020141326
2019-07-30,3.340684686850066e-05
2019-07-31,-0.0010232888203200487
2019-08-01,0.0010505850686853679
2019-08-02,-0.00014389456789150638
2019-08-03,0.0
2019-08-04,0.00015633622172323559
2019-08-05,-0.001796204989569779
2019-08-06,0.002758709858051771
2019-08-07,0.002234747640540328
2019-08-08,0.0010523670434806308
2019-08-09,-0.0010124054469390804
2019-08-10,0.0
2019-08-11,-0.00017315945616350043
2019-08-12,0.0019389683209390617
2019-08-13,-0.0008824770753765131
2019-08-14,0.002469134276167892
2019-08-15,0.0007188460579655622
2019-08-16,-0.00028488211475324686
2019-08-17,0.0
2019-08-18,-0.0004318520198135226
2019-08-19,-0.0015257163111496567
2019-08-20,0.0006126317121942691
2019-08-21,0.000146145450295802
2019-08-22,-0.0058780892250144545
2019-08-23,0.002189811782512028
2019-08-24,0.0
2019-08-25,0.0016178958103632167
2019-08-26,-0.0005714505612024769
2019-08-27,0.00131068130869672
2019-08-28,0.001092413821854322
2019-08-29,-0.0013547537754560399
2019-08-30,0.0005513273139339794
2019-08-31,0.0
2019-09-01,0.0006968419632791941
2019-09-02,0.0010903206292446762
2019-09-03,0.002437978341832694
2019-09-04,-0.0011515142935725996
2019-09-05,-0.004341018401836607
2019-09-06,-0.0009031052675613638
2019-09-07,0.0
2019-09-08,0.0004578368126044759
2019-09-09,-0.003430143897481811
2019-09-10,0.00011410517861669573
2019-09-11,0.0015076439200935301
2019-09-12,-0.0007572235210778856
2019-09-13,-0.0013714339025311514
2019-09-14,0.0
2019-09-15,0.0017594661568735832
2019-09-16,0.0009426674624459859
2019-09-17,-0.0007187887247627179
2019-09-18,-0.0007080686086586963
2019-09-19,0.001164166388942199
2019-09-20,0.002785184619794025
2019-09-21,0.0
2019-09-22,6.685967668207255e-05
2019-09-23,-0.00040171983354258894
2019-09-24,-0.0011372822219205333
2019-09-25,-0.002295227631736263
2019-09-26,-0.001964260945441861
2019-09-27,-0.0020849208818539775
2019-09-28,0.0
2019-09-29,0.000893192627619117
2019-09-30,0.001365242131846757
2019-10-01,-0.005196379877448426
2019-10-02,-0.0027985806614398956
2019-10-03,0.0015927620926969115
2019-10-04,0.002664428937717299
2019-10-05,0.0
2019-10-06,-0.0009466115250722439
2019-10-07,-0.002103739133257827
2019-10-08,-0.002675693743704035
2019-10-09,0.0007640941262637257
2019-10-10,0.001053207434099725
2019-10-11,0.0011562339720978523
2019-10-12,0.0
2019-10-13,0.0004667889289554767
2019-10-14,0.00040519872688581565
2019-10-15,0.0011736880610082752
2019-10-16,-0.000922964466369166
2019-10-17,-0.0011525955878158732
2019-10-18,-0.002513203536253568
2019-10-19,0.0
2019-10-20,0.0008960209638977483
2019-10-21,0.0013823625133224636
2019-10-22,-0.0025898644617645223
2019-10-23,0.0020752412662277575
2019-10-24,0.0017330258857607178
2019-10-25,0.003564704082762973
2019-10-26,0.0025450897837786877
2019-10-27,0.0034065932535605097
2019-10-28,0.00037843699711399023
2019-10-29,-0.0019708307347691347
2019-10-30,0.0009420432314408172
2019-10-31,0.0007373815777532724
2019-11-01,0.001456438563395179
2019-11-02,0.0
2019-11-03,0.0006086166983126563
2019-11-04,0.001971278924093573
2019-11-05,-0.0009441390831936231
2019-11-06,0.00016874105669312687
2019-11-07,-0.0007670472444248673
2019-11-08,0.001982660475900058
2019-11-09,0.0
2019-11-10,-0.0006480674390546919
2019-11-11,-0.0003577962352821805
2019-11-12,0.000810841709740572
2019-11-13,0.0009827496852625568
2019-11-14,0.0006651093008538328
2019-11-15,0.00010364902082357553
2019-11-16,0.0
2019-11-17,-0.0006072570771785385
2019-11-18,0.00101706649567046
2019-11-19,-0.0010068318409183533
2019-11-20,-0.002111202669077226
2019-11-21,0.0009674927394312902
2019-11-22,0.0009214199039917679
2019-11-23,0.0
2019-11-24,0.0007764333827809467
2019-11-25,0.0029322466307040154
2019-11-26,0.0012841812352360092
2019-11-27,0.000608078114961215
2019-11-28,-0.00021787143695764375
2019-11-29,0.00017428291239203586
2019-11-30,0.0
2019-12-01,0.000526292502605992
2019-12-02,-0.006408168192104092
2019-12-03,-0.00046221666833063334
2019-12-04,0.000380554376588911
2019-12-05,4.239044680522561e-05
2019-12-06,0.002513304849003833
2019-12-07,0.0
2019-12-08,-0.00045822748708933974
2019-12-09,-0.0008672705621985358
2019-12-10,-0.0006634847926564529
2019-12-11,0.0009803311734902216
2019-12-12,0.0017615846636526464
2019-12-13,0.0018160252605890323
2019-12-14,0.0
2019-12-15,0.0004840983233206377
2019-12-16,0.0019456210922539202
2019-12-17,0.00021592156055060896
2019-12-18,0.0007316878750425933
2019-12-19,0.002994706865044591
2019-12-20,0.0029696442549770564
2019-12-21,0.0
2019-12-22,0.0006293073302654608
2019-12-23,0.0008615000755270795
2019-12-24,0.0016172831769778538
2019-12-25,0.0007116643607186376
2019-12-26,0.003945816442995124
2019-12-27,-0.0036639277005286945
2019-12-28,0.0
2019-12-29,0.0008821548059137912
2019-12-30,-0.0008971056385584726
2019-12-31,-0.0005237720575923361
2020-01-01,0.0014831421125921548
2020-01-02,0.006307418982444409
2020-01-03,0.0022138164567591817
2020-01-04,0.0
2020-01-05,0.0035411282423020397
2020-01-06,-0.005515452540163541
2020-01-07,0.010922522647724725
2020-01-08,-0.006813159168001055
2020-01-09,-0.0012901657897745882
2020-01-10,0.002227333000702011
2020-01-11,0.0
2020-01-12,-0.0013469920889166286
2020-01-13,-0.003232741072292062
2020-01-14,-0.000423025957388842
2020-01-15,0.0008129425475323268
2020-01-16,0.0012108366530736955
2020-01-17,0.0025414256801105355
2020-01-18,0.0
2020-01-19,0.00020643719893364862
2020-01-20,-0.0010627933902001576
2020-01-21,-0.0015148055118209293
2020-01-22,-0.0008703701963177554
2020-01-23,0.0019525657187129972
2020-01-24,0.0017271549050250064
2020-01-25,0.0
2020-01-26,0.00035518428441150133
2020-01-27,7.011154300803608e-05
2020-01-28,-0.0017676597416006721
2020-01-29,0.0020031929337915276
2020-01-30,-0.0003992474546124535
2020-01-31,-1.713026650692847e-05
2020-02-01,0.0
2020-02-02,-0.00116678217768203
2020-02-03,-9.72885295643782e-05
2020-02-04,-0.002677256895790953
2020-02-05,0.0009305942508738684
2020-02-06,0.002873721934325068
2020-02-07,0.0017266827614357578
2020-02-08,0.0
2020-02-09,2.701422506076833e-06
2020-02-10,0.0013900361030295058
2020-02-11,-0.0005328259605206296
2020-02-12,0.002183546439641221
2020-02-13,0.0032724199274098242
2020-02-14,0.0003410065885584997
2020-02-15,0.0
2020-02-16,0.0008276099070807953
2020-02-17,-0.0023355548415221524
2020-02-18,0.00455007564170976
2020-02-19,0.0017055174561387888
2020-02-20,-0.002357519458011214
2020-02-21,-0.0036801055091305254
2020-02-22,0.0
2020-02-23,0.0035123985447542646
2020-02-24,-0.002601490635363608
2020-02-25,-0.0036160500554454616
2020-02-26,0.00017270638969362406
2020-02-27,-0.005152649513898097
2020-02-28,-0.009301326856904634
2020-02-29,0.0
2020-03-01,0.001461064296908031
2020-03-02,-0.0010056069678327716
2020-03-03,0.005271629775504556
2020-03-04,0.00013384564867077495
2020-03-05,0.003554738553585752
2020-03-06,-0.0010445295727113052
2020-03-07,0.0
2020-03-08,-0.0010300503497556114
2020-03-09,-0.0015246348696862121
2020-03-10,-0.0004994874427291642
2020-03-11,0.00542206809915002
2020-03-12,0.001067398538462579
2020-03-13,-0.01834872808553601
2020-03-14,0.0
2020-03-15,0.0032334229505055828
2020-03-16,-0.0014189268147868017
2020-03-17,0.0029154098571924575
2020-03-18,-0.001247678984248456
2020-03-19,-0.0014487102484318263
2020-03-20,0.001662407236918287
2020-03-21,0.0
2020-03-22,0.0013024053792439969
2020-03-23,-0.002283646789585739
2020-03-24,-0.0003919021025678678
2020-03-25,-0.0014836690919599275
2020-03-26,-0.0014619348288067782
2020-03-27,0.00096472453369492
2020-03-28,0.0
2020-03-29,3.802661402896987e-05
2020-03-30,-0.0023662587892876816
2020-03-31,-0.00024110022284615543
2020-04-01,0.000741847970356998
2020-04-02,0.0011389700895407823
2020-04-03,0.0005877765060177247
2020-04-04,0.0
2020-04-05,-0.0011837097911669503
2020-04-06,0.0005771297321339635
2020-04-07,-0.00035946261630522724
2020-04-08,-0.0012593359706374347
2020-04-09,0.0006502753941455519
2020-04-10,2.2535202051959382e-06
2020-04-11,0.0
2020-04-12,0.00039919589255869495
2020-04-13,0.0010765265712239821
2020-04-14,-0.00032703888332348124
2020-04-15,0.0007008402651877819
2020-04-16,-0.001659353672696438
2020-04-17,-0.001043632866979121
2020-04-18,0.0
2020-04-19,-4.202272674080187e-05
2020-04-20,0.0012241698895521143
2020-04-21,0.00033672313607246453
2020-04-22,0.0006306349704432334
2020-04-23,0.0007904544765984038
2020-04-24,-0.0005944081784947881
2020-04-25,0.0
2020-04-26,-0.00028903521525582633
2020-04-27,-0.0010715998822789176
2020-04-28,-0.00024042061902599776
2020-04-29,7.853229442961888e-05
2020-04-30,-0.0013748739683985696
2020-05-01,0.0007576662486224722
2020-05-02,0.0
2020-05-03,0.0003124837910053744
2020-05-04,-0.0004512571919059187
2020-05-05,0.0002752695076062915
2020-05-06,-0.0001999507640163277
2020-05-07,0.00015975810590825599
2020-05-08,-0.0009319358752372157
2020-05-09,0.0
2020-05-10,0.0003631575074762158
2020-05-11,-0.00020399130241254988
2020-05-12,-0.0010199215080207173
2020-05-13,0.00019290869106311102
2020-05-14,0.000982246867514032
2020-05-15,0.0002440171731853039
2020-05-16,0.0
2020-05-17,0.0010105510953873167
2020-05-18,-0.0008125484012875711
2020-05-19,0.0002752975618348852
2020-05-20,3.2135113376911785e-05
2020-05-21,-0.000886159373858253
2020-05-22,0.0009844359412370652
2020-05-23,0.0
2020-05-24,-8.25525422107115e-07
2020-05-25,0.0014349515412295935
2020-05-26,-0.00313038971946999
2020-05-27,-0.0010809540451379865
2020-05-28,0.0001367334328898559
2020-05-29,0.0028820695606284123
2020-05-30,0.0
2020-05-31,0.0005521726592643976
2020-06-01,2.396863411802893e-05
2020-06-02,0.0002933051453244339
2020-06-03,-0.003726251781514589
2020-06-04,-0.0002233321134453251
2020-06-05,0.00010566213828573083
2020-06-06,0.0
2020-06-07,0.0010531719332605635
2020-06-08,0.002123891354658122
2020-06-09,0.0046515291947323
2020-06-10,0.0026739085446198913
2020-06-11,-0.010524821849920195
2020-06-12,-9.207537679190004e-05
2020-06-13,0.0
2020-06-14,0.00034221816097714886
2020-06-15,0.0015151620095726233
2020-06-16,-0.00018694466481738873
2020-06-17,-0.0004375624850105205
2020-06-18,0.002986061151345185
2020-06-19,0.0015988611211660226
2020-06-20,0.0
2020-06-21,0.0025514812829795204
2020-06-22,0.002168165673412299
2020-06-23,0.005386180409248548
2020-06-24,-0.005847518311736723
2020-06-25,0.0004576497070273501
2020-06-26,-0.00395224892870698
2020-06-27,0.0
2020-06-28,-0.000363213310039463
2020-06-29,0.0010180722454468305
2020-06-30,0.006484431664300094
2020-07-01,-0.0008141379067414258
2020-07-02,0.003734269255494804
2020-07-03,-0.0009314407297645663
2020-07-04,0.0
2020-07-05,0.0028820646532837025
2020-07-06,0.0049770538072461045
2020-07-07,0.002449467291472159
2020-07-08,0.006189934045240453
2020-07-09,-0.0008913342799368655
2020-07-10,0.0025373864380552704
2020-07-11,0.0
2020-07-12,0.002753503086946402
2020-07-13,-0.007841359917673887
2020-07-14,0.004674352617401739
2020-07-15,-0.00186285801617548
2020-07-16,-0.0038126854285140347
2020-07-17,0.004153546334093388
2020-07-18,0.0
2020-07-19,-0.0014691580499940717
2020-07-20,0.010897408561658222
2020-07-21,0.011557610670623141
2020-07-22,0.00047526040510470274
2020-07-23,0.0026794523740117397
2020-07-24,0.00183344219079113
2020-07-25,0.0
2020-07-26,0.008170597956353665
2020-07-27,0.011533224596225859
2020-07-28,-0.005959052454436248
2020-07-29,0.005227594515903234
2020-07-30,0.0033660154949528166
2020-07-31,0.0013905511273175084
2020-08-01,0.0
2020-08-02,6.223168084233856e-05
2020-08-03,0.001600229093197078
2020-08-04,0.010709245950839538
2020-08-05,0.006210612075928819
2020-08-06,0.007965376034730891
2020-08-07,-0.008880521597617022
2020-08-08,0.0
2020-08-09,-0.0013287009654656076
2020-08-10,-0.0019338486884833
2020-08-11,-0.028350618609714693
2020-08-12,0.005161589611193446
2020-08-13,0.0011995671485709914
2020-08-14,-0.0005773882280605967
2020-08-15,0.0
2020-08-16,0.0002821648192744826
2020-08-17,0.0041401725251476946
2020-08-18,0.0015463275540011472
2020-08-19,-0.0039057594709891418
2020-08-20,0.0022453359789259128
2020-08-21,-0.00030192620722532636
2020-08-22,0.0010971428358178303
2020-08-23,0.00011542261361300145
2020-08-24,0.0008524683125645193
2020-08-25,0.001961348793383747
2020-08-26,0.0027489394881274353
2020-08-27,0.00046166915737797285
2020-08-28,0.0019324901113564137
2020-08-29,0.0
2020-08-30,0.001444316588595496
2020-08-31,0.0021534129475006356
2020-09-01,0.0001730125531669612
2020-09-02,-0.0013710131635859984
2020-09-03,-0.010209589831354778
2020-09-04,-0.0007268677233223089
2020-09-05,0.0
2020-09-06,-0.0003863869476796917
2020-09-07,-0.019457659754121677
2020-09-08,-0.018722266406113033
2020-09-09,-0.0039526081478885615
2020-09-10,-0.010572483525237835
2020-09-11,-0.002050969019471521
2020-09-12,0.0
2020-09-13,-0.0014781432993384576
2020-09-14,0.005823546045058981
2020-09-15,0.008341147462627312
2020-09-16,0.0023543713090240607
2020-09-17,0.01184671265160934
2020-09-18,-0.0006822411112118352
2020-09-19,0.0
2020-09-20,0.010758075247637708
2020-09-21,-0.004622647392089182
2020-09-22,-0.0016531047729372139
2020-09-23,-0.003025178524398707
2020-09-24,0.0018996809499668298
2020-09-25,-0.000413012458312101
2020-09-26,0.0
2020-09-27,0.0009917008088244535
2020-09-28,0.019136942633929538
2020-09-29,0.016241209378717307
2020-09-30,0.01286736134501651
2020-10-01,0.012656010345340389
2020-10-02,-0.0014173077379984556
2020-10-03,0.0
2020-10-04,0.012525461631928268
2020-10-05,-0.0048077360643699754
2020-10-06,-0.008663099679119159
2020-10-07,-0.00372899077362927
2020-10-08,-0.0029377285808884716
2020-10-09,0.002304524650865737
2020-10-10,0.0
2020-10-11,-0.004442926329471179
2020-10-12,0.0008358839952302835
2020-10-13,-0.0010600049516222409
2020-10-14,-0.0018367370662843532
2020-10-15,0.0004574165976642723
2020-10-16,-0.0011689423821596631
2020-10-17,0.0
2020-10-18,0.0008300119562558096
2020-10-19,-0.00066900277851731
2020-10-20,0.0030649331975739547
2020-10-21,-0.000717146955031349
2020-10-22,-0.004164927346104924
2020-10-23,0.0004372222318945278
2020-10-24,0.0
2020-10-25,-0.0016760603757932527
2020-10-26,0.001797077131080133
2020-10-27,-0.0008044153844650731
2020-10-28,-0.010827716949900718
2020-10-29,-0.004370215878463545
2020-10-30,-0.0017875178602821298
2020-10-31,0.0
2020-11-01,0.0005493551926015549
2020-11-02,0.0033556488174402363
2020-11-03,0.006100444458286043
2020-11-04,0.007472504290319239
2020-11-05,0.01252524564271186
2020-11-06,0.006751981624056827
2020-11-07,0.0007221413872133435
2020-11-08,0.006534924161674417
2020-11-09,-0.03370249929379356
2020-11-10,-0.0010065912057321217
2020-11-11,-0.0009335355430124668
2020-11-12,0.0017771825205256423
2020-11-13,0.0016205898920053914
2020-11-14,0.0
2020-11-15,0.001601840190242943
2020-11-16,-0.0011030969357615583
2020-11-17,-0.0013367828574272357
2020-11-18,-0.0023317385031362855
2020-11-19,0.0027471894742505574
2020-11-20,-0.0012677623354964609
2020-11-21,0.0
2020-11-22,0.0009742629561796479
2020-11-23,-0.006403495102282865
2020-11-24,0.00022408043593456314
2020-11-25,0.0021550928834642106
2020-11-26,-0.00042785663807487175
2020-11-27,1.4573241124735346e-06
2020-11-28,0.0
2020-11-29,-0.0013394915426598415
2020-11-30,0.00262348631076093
2020-12-01,0.0066914989522052545
2020-12-02,0.002939230496957992
2020-12-03,0.0018789278231191497
2020-12-04,-0.0005620640296701559
2020-12-05,0.0
2020-12-06,0.0005802526159092535
2020-12-07,0.006184438587640787
2020-12-08,0.0009293432079090658
2020-12-09,-0.009437872999006225
2020-12-10,0.0015182604292158413
2020-12-11,-0.0011925573207107756
2020-12-12,0.0
2020-12-13,0.0013652183107357879
2020-12-14,0.000362913173877144
2020-12-15,0.006716805157281547
2020-12-16,0.005150202820775514
2020-12-17,0.0027713294428165997
2020-12-18,0.00039028260771944897
2020-12-19,0.0
2020-12-20,0.0004886225073840432
2020-12-21,-0.003018234473596399
2020-12-22,-0.002476404691608146
2020-12-23,0.0011404831697221893
2020-12-24,0.0011365038827203734
2020-12-25,-0.00026352855578784366
2020-12-26,0.0
2020-12-27,0.004325504646732663
2020-12-28,0.003568653124196845
2020-12-29,0.002365731406491167
2020-12-30,-0.000666045975381736
2020-12-31,0.0005393276438579128
2021-01-02,0.0
2021-01-03,0.0031447767954949826
2021-01-04,-0.003712738580840633
2021-01-05,-0.0003734201091153868
2021-01-06,0.0007171363086485266
2021-01-07,0.010335726633305944
2021-01-08,-0.004403544491724858
2021-01-09,0.0
2021-01-10,-0.004842407985959441
2021-01-11,-0.0015927773591259491
2021-01-12,0.0027687478835631382
2021-01-13,-0.0022551656674853677
2021-01-14,-0.0023742986557487604
2021-01-15,-0.0057258880532348125
2021-01-16,0.0
2021-01-17,-0.0002695262250187733
2021-01-18,0.0055162571786293284
2021-01-19,0.006592566301586919
2021-01-20,0.009400714832141313
2021-01-21,0.00031049099722602037
2021-01-22,-0.00010615474699733229
2021-01-23,0.0
2021-01-24,0.0073996345559828895
2021-01-25,-0.0047753226787662865
2021-01-26,0.007033662630110954
2021-01-27,-0.019717578792197078
2021-01-28,-0.0013616574965656496
2021-01-29,-0.002928659636788551
2021-01-30,0.0
2021-01-31,-0.0018581393504665113
2021-02-01,0.0077442828535606665
2021-02-02,0.005714773406203064
2021-02-03,0.0007828814197017097
2021-02-04,0.009119345598718086
2021-02-05,-0.0017094998766938878
2021-02-06,0.003201374460636041
2021-02-07,0.004860117247502174
2021-02-08,-0.005343472974925335
2021-02-09,0.00173512024261349
2021-02-10,0.00034112406260385786
2021-02-11,0.0035577592716637607
2021-02-12,0.001443114891726065
2021-02-13,0.0
2021-02-14,0.0013518968461117109
2021-02-15,0.0005927506922710817
2021-02-16,0.0035757248989632786
2021-02-17,-0.0008971280368975555
2021-02-18,0.004174618049590807
2021-02-19,-0.0033926438822373408
2021-02-20,0.0
2021-02-21,-0.0006699372860943235
2021-02-22,-0.010196693461730376
2021-02-23,-0.0023889430445677624
2021-02-24,0.006159248436559161
2021-02-25,-0.0027792572207870287
2021-02-26,0.0064488230882299765
2021-02-27,0.0
2021-02-28,-0.0016701307895996588
2021-03-01,0.02980828348947705
2021-03-02,0.010322519161812633
2021-03-03,0.01427566339046486
2021-03-04,0.013103449803502806
2021-03-05,0.0002998096121755945
2021-03-06,0.0
2021-03-07,0.007705571254388405
2021-03-08,0.003196194899115043
2021-03-09,-0.0022008822322887333
2021-03-10,-0.0014353385574152498
2021-03-11,0.0037265086014222687
2021-03-12,-0.002085814905443955
2021-03-13,0.0
2021-03-14,3.3086598773451795e-05
2021-03-15,0.00012346762035840296
2021-03-16,-0.0008598479858156214
2021-03-17,-0.0005018386589889289
2021-03-18,-0.0011544884439439501
2021-03-19,-0.0017442284102469475
2021-03-20,0.0
2021-03-21,0.0010085369003617797
2021-03-22,0.003241781082236595
2021-03-23,-0.0010151781930429545
2021-03-24,-0.003833572168027699
2021-03-25,0.0038175759903487103
2021-03-26,-0.00018251939282634103
2021-03-27,0.0
2021-03-28,-0.0007653231411549302
2021-03-29,0.006446643686357254
2021-03-30,0.005760605968678697
2021-03-31,-0.006227417391748427
2021-04-01,-9.687892986641629e-05
2021-04-02,-0.0002775989739843207
2021-04-03,0.0
2021-04-04,0.0005048648361248261
2021-04-05,0.0015381798665211415
2021-04-06,0.00033509175316833286
2021-04-07,0.0014602527918728967
2021-04-08,-0.0014775482542272616
2021-04-09,0.0023599954280220155
2021-04-10,0.0
2021-04-11,0.00028951645157670406
2021-04-12,0.001538231099099878
2021-04-13,0.0012509760922541557
2021-04-14,-0.0005640736468541742
2021-04-15,-0.0025384825091486554
2021-04-16,-0.0010973792090947787
2021-04-17,0.0
2021-04-18,-0.001363028493644978
2021-04-19,0.0037547943958615264
2021-04-20,-0.006800033037540406
2021-04-21,0.0009479217967267199
2021-04-22,-0.0011741881659020458
2021-04-23,0.006232417550711997
2021-04-24,0.0
2021-04-25,6.465976222581283e-05
2021-04-26,0.0006560031261101764
2021-04-27,0.0012643849807087056
2021-04-28,-0.0009600825133841832
2021-04-29,0.0019290105251319777
2021-04-30,-0.0033004064284261145
2021-05-01,0.0
2021-05-02,-0.0003779963718140867
2021-05-03,-0.005189788670690863
2021-05-04,-0.0007507461814771915
2021-05-05,-0.003978602248502412
2021-05-06,0.0006380518765585057
2021-05-07,0.0018225942482822067
2021-05-08,0.0
2021-05-09,-4.206925565394714e-05
2021-05-10,-0.01020604594437292
2021-05-11,0.0006303404186237968
2021-05-12,-0.004867864678012811
2021-05-13,0.0033247411578454632
2021-05-14,0.0014650594623523156
2021-05-15,0.0
2021-05-16,-0.0034695320171532406
2021-05-17,-0.003900497178050826
2021-05-18,-0.005230740303488691
2021-05-19,-0.002614070243480326
2021-05-20,0.008601627535714385
2021-05-21,-0.0013048547880749276
2021-05-22,0.0
2021-05-23,0.0004958275561521025
2021-05-24,0.007528359788808266
2021-05-25,-0.007335008512199224
2021-05-26,-0.0035347535661927627
2021-05-27,0.0013379758270340996
2021-05-28,0.000612961775041473
2021-05-29,0.0
2021-05-30,0.0013381281397364633
2021-05-31,-9.17098270533917e-05
2021-06-01,-0.0018858219402476553
2021-06-02,0.0013888235678521789
2021-06-03,-0.009044444144235995
2021-06-04,0.008040332279605855
2021-06-05,0.0
2021-06-06,-0.0007819072363151805
2021-06-07,0.0023175005122109517
2021-06-08,-8.711064783319664e-06
2021-06-09,-0.0013775726787449531
2021-06-10,0.0044931008046504494
2021-06-11,-0.0033992509795620885
2021-06-12,0.0
2021-06-13,-8.457711381522738e-05
2021-06-14,0.0011222840202677403
2021-06-15,-0.0029883197621068205
2021-06-16,0.002675772760428013
2021-06-17,0.01782122494212273
2021-06-18,0.0005416403009410451
2021-06-19,0.0
2021-06-20,-0.004711719605136349
2021-06-21,0.002332327217096253
2021-06-22,0.004048446433941011
2021-06-23,0.0017462061975087166
2021-06-24,0.001537147165109055
2021-06-25,-0.0013052573396643288
2021-06-26,0.0
2021-06-27,0.016906892858845925
2021-06-28,0.003923542881393073
2021-06-29,0.005402561180208993
2021-06-30,-0.001363967578535685
2021-07-01,-0.0012878875501158293
2021-07-02,0.0027277624958185333
2021-07-03,0.0
2021-07-04,-0.0002077975706890643
2021-07-05,-0.002878649924923331
2021-07-06,0.0025349526463419514
2021-07-07,0.0014161482697686782
2021-07-08,-0.006539726673731655
2021-07-09,0.003353641994106023
2021-07-10,0.0
2021-07-11,0.00020548008270612536
2021-07-12,0.0005539063652833709
2021-07-13,0.0008995097509059067
2021-07-14,-0.0033118449485848326
2021-07-15,-0.0033159659001815987
2021-07-16,0.0006233767985510193
2021-07-17,0.0
2021-07-18,-0.0010000612161341947
2021-07-19,-0.0017749825271104471
2021-07-20,0.00555374546254409
2021-07-21,0.005633397101578753
2021-07-22,0.0030763222907448542
2021-07-23,0.004520876268264127
2021-07-24,0.0
2021-07-25,-0.0017672739762107366
2021-07-26,0.0010705669230840903
2021-07-27,-0.0061182555063511125
2021-07-28,-0.0037068144109386725
2021-07-29,-0.004966426511476097
2021-07-30,0.005835287810155841
2021-07-31,0.0
2021-08-01,0.002450705055746898
2021-08-02,-0.003174948152687025
2021-08-03,0.0028871520022372642
2021-08-04,0.0029001016847173423
2021-08-05,0.005163867355792881
2021-08-06,0.008722893848064276
2021-08-07,0.0
2021-08-08,0.002737919553002495
2021-08-09,0.002766641512613724
2021-08-10,0.00045413767763259524
2021-08-11,-0.004667317703591835
2021-08-12,0.0009362828749974857
2021-08-13,-0.004654285503798926
2021-08-14,0.0
2021-08-15,-0.0014797182993692634
2021-08-16,0.0008366295587331038
2021-08-17,-0.0030315998747575527
2021-08-18,-0.003698290955570444
2021-08-19,0.0005912261857438281
2021-08-20,0.006293474375550493
2021-08-21,0.0
2021-08-22,0.005729292594595848
2021-08-23,0.002280748289856106
2021-08-24,0.0005954269012446085
2021-08-25,-0.0015278167984899798
2021-08-26,9.198698789217828e-05
2021-08-27,0.003421204352134421
2021-08-28,0.0
2021-08-29,0.011649574203574053
2021-08-30,0.006205937111391276
2021-08-31,0.0011384940849422395
2021-09-01,-0.003206175638215145
2021-09-02,0.0007877653058404079
2021-09-03,0.0006110567555463332
2021-09-04,0.0
2021-09-05,2.0126911544460085e-05
2021-09-06,0.0011081429065611006
2021-09-07,-0.0024465900310898436
2021-09-08,-0.004745306697557757
2021-09-09,-0.00024738444896730004
2021-09-10,-0.006910579430488004
2021-09-11,0.0
2021-09-12,0.0007020734762034719
2021-09-13,-0.00013471807827242715
2021-09-14,-0.003323993477464449
2021-09-15,0.0041898464866502935
2021-09-16,-0.0010184509228467367
2021-09-17,-0.007211985514123971
2021-09-18,-0.007258322743615376
2021-09-19,-0.007522871382657228
2021-09-20,-0.006511941238587142
2021-09-21,-0.0014407026855182622
2021-09-22,0.007947487879208875
2021-09-23,0.0023866245700079813
2021-09-24,0.0018385472517891191
2021-09-25,0.0
2021-09-26,0.0029403811727268174
2021-09-27,-0.009097931241538768
2021-09-28,-0.011217791265107007
2021-09-29,0.0037229086498120527
2021-09-30,-0.007744523549298457
2021-10-01,0.005045076866159336
2021-10-02,0.0
2021-10-03,-0.0009472831425639103
2021-10-04,-0.004998536121523883
2021-10-05,0.0016917685293080815
2021-10-06,0.00839594530455712
2021-10-07,0.0012179782709086455
2021-10-08,-0.002982065511667182
2021-10-09,0.0
2021-10-10,-0.0007723588758498452
2021-10-11,-0.0016175136801004843
2021-10-12,-0.00018508711733294364
2021-10-13,0.002845409886323465
2021-10-14,0.005165458399796496
2021-10-15,-0.00020421624998363678
2021-10-16,0.0
2021-10-17,0.00027368752417366064
2021-10-18,-0.00021487578479619426
2021-10-19,0.002214795299279832
2021-10-20,0.00040982446862785444
2021-10-21,0.0021775709112693315
2021-10-22,-0.00045562694039096637
2021-10-23,0.0
2021-10-24,-6.254354065902857e-05
2021-10-25,0.00671175738766105
2021-10-26,-0.0027841052616300313
2021-10-27,0.001226081476148214
2021-10-28,-0.002331048611565292
2021-10-29,0.005573791977009801
2021-10-30,0.0
2021-10-31,0.0006668999510028618
2021-11-01,0.004953787682266097
2021-11-02,0.007881600345737632
2021-11-03,0.0016348214928657385
2021-11-04,0.005775996366030785
2021-11-05,0.0025044956915680726
2021-11-06,0.0
2021-11-07,-0.00047110959017953517
2021-11-08,-0.0005828567812635603
2021-11-09,-0.001557656714435452
2021-11-10,0.0040547426212208726
2021-11-11,0.00286254360859674
2021-11-12,0.0030915993376015786
2021-11-13,0.0
2021-11-14,-0.0011170124096733568
2021-11-15,0.0031411546101056177
2021-11-16,0.002955269587658212
2021-11-17,0.000774763537850947
2021-11-18,0.001401358374167489
2021-11-19,-0.0002129569233295307
2021-11-20,0.0
2021-11-21,0.0004062961359572114
2021-11-22,0.0023785950275010126
2021-11-23,0.0005832388111954501
2021-11-24,0.0032130552571235337
2021-11-25,-0.00689204752366708
2021-11-26,-0.006750567195581406
2021-11-27,0.0
2021-11-28,0.003995175121025681
2021-11-29,0.002195968323627647
2021-11-30,-0.004498748498658236
2021-12-01,-0.008357058726346471
2021-12-02,0.0024443282972328047
2021-12-03,-0.005865246119672411
2021-12-04,0.0
2021-12-05,0.0018693547607869212
2021-12-06,0.002963091948738967
2021-12-07,0.004832283353598384
2021-12-08,-0.0014521917526529122
2021-12-09,6.0690798910795615e-05
2021-12-10,0.0013631109158659324
2021-12-11,0.0
2021-12-12,0.0012346507493984046
2021-12-13,-0.012463580356813025
2021-12-14,0.0003178248193412276
2021-12-15,0.0032381890076292157
2021-12-16,-0.013694132717486115
2021-12-17,0.00330366175952009
2021-12-18,0.0
2021-12-19,-0.0037334090032045634
2021-12-20,0.0019258274754218835
2021-12-21,0.0032180388679695906
2021-12-22,0.003759863830707013
2021-12-23,0.0021005720341893625
2021-12-24,0.0006385676614594825
2021-12-25,0.0
2021-12-26,0.00035024459244510924
2021-12-27,0.00300046833007985
2021-12-28,1.9399011696265032e-05
2021-12-29,-0.002505429442021823
2021-12-30,0.002311076003328039
2021-12-31,-0.00047309340934269186
2022-01-01,0.0
2022-01-02,0.0011586135474789111
2022-01-03,-0.001238040218643921
2022-01-04,-0.0031850237414463027
2022-01-05,-0.009701527773701374
2022-01-06,-0.002278423162235442
2022-01-07,-0.004050479001553961
2022-01-08,0.0
2022-01-09,0.0012122332041093228
2022-01-10,-0.003173894884786351
2022-01-11,0.0024313943948567783
2022-01-12,-0.002301655288466175
2022-01-13,-0.004840274058242916
2022-01-14,0.002208959317333136
2022-01-15,0.0
2022-01-16,-0.0007917889307267935
2022-01-17,-2.757161999884868e-05
2022-01-18,-0.0013635560573726161
2022-01-19,-0.005775425156167617
2022-01-20,-0.002430030813912734
2022-01-21,-0.0021542558226522643
2022-01-22,0.0
2022-01-23,0.0013481774467217086
2022-01-24,0.0016729747677561232
2022-01-25,0.0017646026045703277
2022-01-26,0.0013346261058030792
2022-01-27,0.0030125620465472633
2022-01-28,0.0011347999259093283
2022-01-29,0.0
2022-01-30,-0.0008458130661291647
2022-01-31,-0.007417178327684798
2022-02-01,-0.0017875441514626504
2022-02-02,-0.003963099156301485
2022-02-03,-0.0104576674780801
2022-02-04,0.0005083905367348871
2022-02-05,0.0
2022-02-06,8.623381633026143e-05
2022-02-07,-0.0002997807582251302
2022-02-08,0.00047681762385465943
2022-02-09,0.0007820968665954794
2022-02-10,0.00036753832592693593
2022-02-11,0.0049256091252731
2022-02-12,0.0
2022-02-13,-0.000571223256557466
2022-02-14,0.003413684124431456
2022-02-15,-0.0037820566644407084
2022-02-16,0.00210208470107783
2022-02-17,0.0004868153857506389
2022-02-18,0.0025789622540924105
2022-02-19,0.0
2022-02-20,-0.0023179691891633174
2022-02-21,0.004039981675885092
2022-02-22,0.011045627267144129
2022-02-23,0.0064565652315575804
2022-02-24,-0.003254419833942427
2022-02-25,-0.0034186994136778523
2022-02-26,0.0
2022-02-27,0.006915793855618066
2022-02-28,-0.0027175408904353566
2022-03-01,0.00440347796804446
2022-03-02,4.015185249728972e-05
2022-03-03,0.003647467449806188
2022-03-04,0.006124822419745742
2022-03-05,0.0
2022-03-06,0.0035647772061715463
2022-03-07,0.0012269748908251752
2022-03-08,0.0019234324047912974
2022-03-09,-0.011110342144332763
2022-03-10,0.002518889274892252
2022-03-11,0.0030414993588872745
2022-03-12,0.0
2022-03-13,-0.00044331593956929396
2022-03-14,-0.002774657558797606
2022-03-15,-0.002443406515905718
2022-03-16,-0.002255398423155192
2022-03-17,-0.0011792952963630842
2022-03-18,-0.0003833219884732284
2022-03-19,0.0
2022-03-20,0.0002588145759915784
2022-03-21,-0.0015688662727122975
2022-03-22,-0.0014772561930959589
2022-03-23,0.0014554379548113747
2022-03-24,-0.003593967937021232
2022-03-25,0.0013712210540337692
2022-03-26,0.0
2022-03-27,-0.0024107337156120067
2022-03-28,-0.0027694313200311723
2022-03-29,-0.003966271892647186
2022-03-30,-0.0018745024073769853
2022-03-31,0.0030141394245369476
2022-04-01,0.0004041201255075947
2022-04-02,0.0
2022-04-03,-0.00036656268364201677
2022-04-04,0.0015255388189519164
2022-04-05,-0.0004993874006965863
2022-04-06,0.00047965360949567086
2022-04-07,0.0017343419631138087
2022-04-08,0.0011265317988219518
2022-04-09,0.0
2022-04-10,-3.6455497455226245e-05
2022-04-11,0.0014169194068092438
2022-04-12,0.0016777594077690475
2022-04-13,-0.002263931208164321
2022-04-14,0.0038064797806164766
2022-04-15,-0.000262796441309815
2022-04-16,0.0
2022-04-17,0.0010197174323866988
2022-04-18,0.0002909800748167668
2022-04-19,-0.0034429372504459865
2022-04-20,1.3930994796106416e-05
2022-04-21,0.005348012954858437
2022-04-22,0.0015880346651178845
2022-04-23,0.0057941060161514416
2022-04-24,0.0005524800191513143
2022-04-25,0.0032982759554233323
2022-04-26,0.006273787576056753
2022-04-27,0.0010198363388862761
2022-04-28,0.0009285626791924737
2022-04-29,0.0015271513626233366
2022-04-30,0.0
2022-05-01,0.0002539102538735079
2022-05-02,-0.0033999663016541686
2022-05-03,1.70633432630184e-05
2022-05-04,-0.0054844065295853875
2022-05-05,0.007512849793466155
2022-05-06,0.0017010252950832995
2022-05-07,0.0
2022-05-08,0.007638973976970702
2022-05-09,0.0001428261554079544
2022-05-10,0.004377439967713287
2022-05-11,0.006416350843992638
2022-05-12,0.002285115487596642
2022-05-13,-0.005264017378175882
2022-05-14,0.0
2022-05-15,0.0009764228605233786
2022-05-16,-0.0017587165120110022
2022-05-17,-0.007533950949881223
2022-05-18,0.009008987890211576
2022-05-19,-0.004048312110011643
2022-05-20,0.0016918453714158904
2022-05-21,0.0
2022-05-22,-0.002930648075506006
2022-05-23,-0.0023524544526486112
2022-05-24,-0.0020140017368829983
2022-05-25,-0.0012402197229759132
2022-05-26,-0.006627964596385331
2022-05-27,-0.004948203027630774
2022-05-28,0.0
2022-05-29,-0.0010083352803111892
2022-05-30,-0.000448434987928215
2022-05-31,0.0012737688412593048
2022-06-01,0.004771831126051624
2022-06-02,-0.006563180962461495
2022-06-03,0.0034906295417411
2022-06-04,0.0
2022-06-05,-0.000619805738664365
2022-06-06,0.0021396423330853017
2022-06-07,-0.002267373091876122
2022-06-08,0.0003618532146201481
2022-06-09,0.006910129265748227
2022-06-10,0.011698646424099818
2022-06-11,0.0
2022-06-12,0.009495000667051837
2022-06-13,0.003997976710985373
2022-06-14,-0.0015199211808048709
2022-06-15,0.010293904514903631
2022-06-16,0.002843201657552735
2022-06-17,0.0007102198819631105
2022-06-18,0.0
2022-06-19,-0.0011879123554052894
2022-06-20,-0.0022573689602826416
2022-06-21,0.00019534636850275218
2022-06-22,-0.002881660192194962
2022-06-23,-0.0021269869206825475
2022-06-24,-0.0036839692448702175
2022-06-25,0.0
2022-06-26,-0.00026509285029873103
2022-06-27,-9.970809637044749e-05
2022-06-28,0.0042439938512176985
2022-06-29,0.003304674013225757
2022-06-30,0.00045869663523255945
2022-07-01,-0.0004794165551539467
2022-07-02,0.0
2022-07-03,0.0004474839086444177
2022-07-04,-0.001152529704710567
2022-07-05,0.0030969754574829388
2022-07-06,0.001837847464374921
2022-07-07,-0.0035704169009904215
2022-07-08,-0.0013182955011234862
2022-07-09,0.0
2022-07-10,0.002477837573496757
2022-07-11,0.006911029439717797
2022-07-12,-0.00017152901308222683
2022-07-13,0.0015366685214464888
2022-07-14,-0.0011277930021656038
2022-07-15,-0.0037370342138923515
2022-07-16,0.0
2022-07-17,-0.0013933497624883354
2022-07-18,-0.010752957004082749
2022-07-19,-0.009657702998926002
2022-07-20,0.001392064410727487
2022-07-21,-0.0011909097638724453
2022-07-22,8.501271137071811e-05
2022-07-23,0.0
2022-07-24,0.00018254992368172735
2022-07-25,-0.0004267858426830577
2022-07-26,0.004247650896873819
2022-07-27,-0.006045280253005926
2022-07-28,-0.0034724615382931588
2022-07-29,-0.002162193307489659
2022-07-30,0.0
2022-07-31,-0.00023239037820813272
2022-08-01,-0.0011630034686332463
2022-08-02,0.004142132294212316
2022-08-03,-0.0019785768879543152
2022-08-04,-0.004048361076660998
2022-08-05,0.003449556523050837
2022-08-06,0.0
2022-08-07,9.70885171830578e-05
2022-08-08,-0.0007210073386419936
2022-08-09,-2.5901071144467855e-05
2022-08-10,-0.0065021232055579095
2022-08-11,-0.00070993612909257
2022-08-12,3.8605939642651516e-05
2022-08-13,0.0
2022-08-14,0.000925590776378725
2022-08-15,0.0024695018905220058
2022-08-16,-7.996712430673072e-05
2022-08-17,0.0009446475690915474
2022-08-18,0.003972636490410972
2022-08-19,0.004391960636821713
2022-08-20,0.0
2022-08-21,-0.00020032713714237578
2022-08-22,0.00758696691324196
2022-08-23,0.0011219846438474785
2022-08-24,-0.0032230406270412695
2022-08-25,-0.0012633791012373011
2022-08-26,0.006579147305018409
2022-08-27,0.0
2022-08-28,0.0031016543733594286
2022-08-29,-0.0034217844073178576
2022-08-30,-0.0002942129708816132
2022-08-31,0.018760688946680298
2022-09-01,0.0016742403219577391
2022-09-02,0.0015813455253453515
2022-09-03,0.0
2022-09-04,0.001928641229406353
2022-09-05,-0.003065042436856411
2022-09-06,0.005890263059209526
2022-09-07,-0.008033139361370373
2022-09-08,-0.004426700443891598
2022-09-09,-0.0010341486456381256
2022-09-10,0.0
2022-09-11,-0.0014018763113490098
2022-09-12,-0.003273549207462106
2022-09-13,0.010521376947629614
2022-09-14,-0.00021208549078981394
2022-09-15,0.0018182514654785118
2022-09-16,-0.0008606556041393545
2022-09-17,0.0
2022-09-18,0.0008157112340874225
2022-09-19,-0.0024351965890598002
2022-09-20,0.0037819008858120855
2022-09-21,0.007785809895553962
2022-09-22,0.008164527378815739
2022-09-23,0.006329610910046376
2022-09-24,0.0
2022-09-25,0.0013304307601182323
2022-09-26,0.0005392605621384201
2022-09-27,0.004183793545575159
2022-09-28,-0.007110650506863282
2022-09-29,-0.002106855286699222
2022-09-30,0.0012255148591154147
2022-10-01,0.008149777579686391
2022-10-02,0.000659347326564377
2022-10-03,-0.004151215425712957
2022-10-04,-0.005344403636960989
2022-10-05,0.00042721374062724103
2022-10-06,0.0035916991481483563
2022-10-07,0.004582404732805764
2022-10-08,0.0
2022-10-09,0.00012954481370166962
2022-10-10,0.002092311063817207
2022-10-11,-1.106713081839562e-05
2022-10-12,0.00034166544512192717
2022-10-13,-0.004702695575179389
2022-10-14,0.004303359885121288
2022-10-15,0.0
2022-10-16,-0.0007532018038201945
2022-10-17,-0.005001325527483491
2022-10-18,-0.0015579426626039596
2022-10-19,0.0036794136869139934
2022-10-20,-9.653450285962725e-05
2022-10-21,-0.004172490172117057
2022-10-22,0.0
2022-10-23,7.26498982437346e-05
2022-10-24,-0.009394565690419411
2022-10-25,-0.0018756317664534606
2022-10-26,-0.002486848591892318
2022-10-27,0.0034847764876517885
2022-10-28,-0.0028149729206228486
2022-10-29,0.0
2022-10-30,0.00016805269338173806
2022-10-31,0.0018194501645379792
2022-11-01,0.0010342185045686947
2022-11-02,0.004132900963932391
2022-11-03,0.002786825291646118
2022-11-04,-0.004737653734814864
2022-11-05,0.0
2022-11-06,0.0003256733573464464
2022-11-07,-0.0022034909443688177
2022-11-08,-0.0016628036972865447
2022-11-09,-0.006045369614683136
2022-11-10,-0.011874698835780595
2022-11-11,-0.003365767135923011
2022-11-12,0.0
2022-11-13,0.0008519884689268992
2022-11-14,-0.004073367618796753
2022-11-15,-0.0005794643383256707
2022-11-16,0.00012298494489427169
2022-11-17,0.0002843831175060767
2022-11-18,0.0005311852804059483
2022-11-19,0.0
2022-11-20,0.0007981267919705362
2022-11-21,0.0006321438584546958
2022-11-22,-0.0018177331803136084
2022-11-23,-0.00314968039902317
2022-11-24,0.0004205330751699712
2022-11-25,0.00108384010359969
2022-11-26,0.0
2022-11-27,0.0012099551079878211
2022-11-28,-0.00021478393956529736
2022-11-29,-0.0022555445795800957
2022-11-30,-0.0046657928390873155
2022-12-01,-0.001461331687295255
2022-12-02,-7.369529497010659e-05
2022-12-03,0.0
2022-12-04,-0.0009082478162055457
2022-12-05,0.0027643289720382016
2022-12-06,0.0017761415321730896
2022-12-07,-1.289219839929848e-05
2022-12-08,-0.0027682129555240053
2022-12-09,0.001684104830397055
2022-12-10,0.0
2022-12-11,0.0004142927680631105
2022-12-12,-0.008836530790731196
2022-12-13,-0.003050456214961649
2022-12-14,0.0007706257115071194
2022-12-15,0.002414963221086513
2022-12-16,-0.0003977582014449894
2022-12-17,0.0
2022-12-18,0.00013471629076380616
2022-12-19,0.0026535446138498133
2022-12-20,-0.0016217314874869613
2022-12-21,-0.0007560092771199424
2022-12-22,0.0016613358824137101
2022-12-23,2.246224328583418e-05
2022-12-25,0.00022039941616285925
2022-12-26,-0.00045930238185602
2022-12-27,0.001818983552663129
2022-12-28,0.0010586865351111354
2022-12-29,-0.0016485774768827842
2022-12-30,0.0011085229700238213
2023-01-01,-0.0001347818254816491
2023-01-02,-0.0007671011428993243
2023-01-03,-0.0019284188367457928
2023-01-04,0.0005777661983475345
2023-01-05,-0.0010953012169580064
2023-01-06,0.0006496021854416059
2023-01-07,0.0
2023-01-08,0.00039688750989878195
2023-01-09,0.0015715412132835188
2023-01-10,-0.0015263009071762234
2023-01-11,-0.0051115107739819155
2023-01-12,0.0020123482959918974
2023-01-13,-0.0012277030647954198
2023-01-14,0.0
2023-01-15,0.0004787925447189782
2023-01-16,0.00038966562865406606
2023-01-17,-0.0025520970870202735
2023-01-18,0.0042439299244764386
2023-01-19,0.003020455964624431
2023-01-20,-0.0024616476113479306
2023-01-21,0.0
2023-01-22,-0.004775944989356867
2023-01-23,0.017229967760233424
2023-01-24,0.023572346715308504
2023-01-25,0.023872673436994694
2023-01-26,0.013812227289390883
2023-01-27,-0.0011400825521441303
2023-01-28,0.0
2023-01-29,0.015592627381378213
2023-01-30,0.00017728310981744464
2023-01-31,-0.0005388242129006866
2023-02-01,0.0029325038675761337
2023-02-02,-0.005293329020036729
2023-02-03,-0.0027237751217066
2023-02-04,0.0
2023-02-05,0.00036411835730037367
2023-02-06,-0.0015575535559783835
2023-02-07,-0.0009481100289837738
2023-02-08,0.0002687476935433064
2023-02-09,0.00021429781599761313
2023-02-10,-0.0010321792908258636
2023-02-11,0.0
2023-02-12,1.1567996608403357e-05
2023-02-13,-0.004037022318375564
2023-02-14,-0.006119739511054288
2023-02-15,-0.006878307211778188
2023-02-16,-0.01017017497297128
2023-02-17,0.0026085932355130927
2023-02-18,0.0
2023-02-19,-0.007745073145351954
2023-02-20,-0.0010026789008031804
2023-02-21,5.340020810522909e-05
2023-02-22,-0.0023528221688148034
2023-02-23,-0.004278394196893603
2023-02-24,-0.002098167365828834
2023-02-25,0.0
2023-02-26,-3.680354332918414e-05
2023-02-27,-0.009704224228050793
2023-02-28,-0.010641549713804354
2023-03-01,-0.006990522028657149
2023-03-02,-0.012772714226626111
2023-03-03,0.0011068955523076596
2023-03-04,0.0
2023-03-05,-0.008937025512005212
2023-03-06,0.0023760816057826948
2023-03-07,-0.008150485186321759
2023-03-08,-0.0022567664293763907
2023-03-09,-0.0026522924071060235
2023-03-10,0.0043292118007397925
2023-03-11,0.0
2023-03-12,0.0011576171936752363
2023-03-13,0.0010941595152893198
2023-03-14,4.879930457850671e-05
2023-03-15,-0.006186399324905713
2023-03-16,0.0020803559541561793
2023-03-17,0.0031517368800822094
2023-03-18,0.0
2023-03-19,-0.00025922391187970423
2023-03-20,0.0015076700857950826
2023-03-21,0.0010571391119329789
2023-03-22,0.004920151781531076
2023-03-23,-0.00215804989290831
2023-03-24,-0.002275166754634578
2023-03-25,0.0
2023-03-26,0.000744312811442987
2023-03-27,0.0006580486443447468
2023-03-28,0.0008008934639363531
2023-03-29,0.0012470015920606585
2023-03-30,0.00947526302248148
2023-03-31,-0.000772347151507588
2023-04-01,0.0
2023-04-02,-0.0035023273222564186
2023-04-03,0.0059362789971006726
2023-04-04,0.00368305826675034
2023-04-05,-0.00588629252867837
2023-04-06,0.003243856784199882
2023-04-08,0.0
2023-04-09,-0.001038151232802295
2023-04-10,-0.00017926373827486527
2023-04-11,0.00101584228832381
2023-04-12,0.001885581940397983
2023-04-13,0.007212002603952436
2023-04-14,-0.0052656029513579285
2023-04-15,0.0
2023-04-16,-0.00030243400177972906
2023-04-17,-0.002684630495899741
2023-04-18,0.002369830230427197
2023-04-19,-0.0020022600186509875
2023-04-20,0.00026992017577863025
2023-04-21,0.0006642695044042963
2023-04-22,0.0
2023-04-23,-0.0009220282233501085
2023-04-24,0.0016860219479504965
2023-04-25,-0.005763412685319084
2023-04-26,0.0037119761229115634
2023-04-27,0.0018420437723216906
2023-04-28,0.0022324875833673093
2023-04-29,0.0
2023-04-30,0.004572017220649529
2023-05-01,-0.0018795488957304882
2023-05-02,0.0011501103298618524
2023-05-03,0.0033385308921117084
2023-05-04,-0.0040964502932215536
2023-05-05,0.0016761450013830523
2023-05-06,0.0
2023-05-07,0.001063976044854255
2023-05-08,-0.0021777934762203066
2023-05-09,-0.0017752195365259276
2023-05-10,0.0017282032416865033
2023-05-11,-0.0038292332371230972
2023-05-12,-0.005643666701558809
2023-05-13,0.00453388019027485
2023-05-14,0.000509984249152413
2023-05-15,0.0025806344340353936
2023-05-16,-0.00038903183398376754
2023-05-17,0.012918164951973319
2023-05-18,-0.0003786479074268658
2023-05-19,0.0005662022802989147
2023-05-20,0.0
2023-05-21,0.0012305700802692397
2023-05-22,-6.955152592455494e-06
2023-05-23,-0.0044847587495818785
2023-05-24,-6.053795661867303e-05
2023-05-25,0.0011544972936899025
2023-05-26,0.005468441153356627
2023-05-27,0.0
2023-05-28,0.0005094697043822081
2023-05-29,-0.0009016481754764164
2023-05-30,-0.0003978486494000611
2023-05-31,-0.0024822428368827857
2023-06-01,0.009214874996347005
2023-06-02,-0.0034294625157216935
2023-06-03,0.0
2023-06-04,-0.001573451045576281
2023-06-05,0.0030240984453882907
2023-06-06,-0.0021001677113657055
2023-06-07,-0.005772350545072525
2023-06-08,0.01068390105036351
2023-06-09,-0.0008269378791716728
2023-06-10,0.0
2023-06-11,0.00041042901023033256
2023-06-12,0.010425082482057337
2023-06-13,0.004346639594704422
2023-06-14,0.003406448438259325
2023-06-15,0.017445480780672686
2023-06-16,-0.0015892771701769834
2023-06-17,0.0
2023-06-18,0.0004067471041648159
2023-06-19,-0.003235527448005153
2023-06-20,-0.0010557899355224183
2023-06-21,0.0002600814567351617
2023-06-22,-0.001934995385590348
2023-06-23,-0.006460451987676158
2023-06-24,0.0
2023-06-25,0.002639755771139965
2023-06-26,-0.004164332794182132
2023-06-27,0.006859510803482691
2023-06-28,-0.00305291088243936
2023-06-29,-0.0020629174421878116
2023-06-30,0.009799386401889628
2023-07-01,0.0
2023-07-02,0.0001217678064128619
2023-07-03,0.0006473422291544805
2023-07-04,-0.002631860506012374
2023-07-05,-0.0034986150551464595
2023-07-06,2.0855760887280716e-05
2023-07-07,0.0075109328468916
2023-07-08,0.0
2023-07-09,-0.0023834342808826525
2023-07-10,0.007013194919886037
2023-07-11,0.00408991876658588
2023-07-12,0.016986029673100908
2023-07-13,0.03013154324870077
2023-07-14,-0.0009004578762426389
2023-07-15,0.0
2023-07-16,-0.0006344488046225754
2023-07-17,0.0040081509083678395
2023-07-18,0.0025534908793091796
2023-07-19,-0.000534081465384893
2023-07-20,-0.010169729127515813
2023-07-21,-0.0018234983323669833
2023-07-22,0.0
2023-07-23,0.00018705363366036876
2023-07-24,-0.00144044604601111
2023-07-25,0.0001871595888930353
2023-07-26,0.004029794176137329
2023-07-27,-0.00870580155925431
2023-07-28,0.006254388781156154
2023-07-29,0.0
2023-07-30,-0.0007970803883342359
2023-07-31,0.00040331878224685464
2023-08-01,-0.0035923084529329375
2023-08-02,-0.00770297701789572
2023-08-03,0.0019511210334057511
2023-08-04,-0.0010768491372477728
2023-08-05,0.0
2023-08-06,0.0017827194592030622
2023-08-07,-6.659846078864005e-05
2023-08-08,-0.002665002287008503
2023-08-09,-0.004671441179299373
2023-08-10,-0.00017111566543691006
2023-08-11,-0.005264128110123136
2023-08-12,0.0
2023-08-13,-0.002821819500837553
2023-08-14,0.005715350614312436
2023-08-15,-0.006497809084917968
2023-08-16,-0.007098420391188601
2023-08-17,-0.002343122447008787
2023-08-18,-0.001626808893036275
2023-08-19,0.0
2023-08-20,0.0013301486067331942
2023-08-21,0.005396830229431663
2023-08-22,-0.002395760435365365
2023-08-23,0.005169046044444904
2023-08-24,-0.014467828533688845
2023-08-25,0.00199078842169058
2023-08-26,0.0
2023-08-27,0.0016585889687382848
2023-08-28,0.003523236780737732
2023-08-29,0.007093069146771371
2023-08-30,0.0048167154940923634
2023-08-31,-0.005508544575245196
2023-09-01,-0.005119849239562331
2023-09-02,0.0
2023-09-03,0.0013441596658603557
2023-09-04,-0.0006251040697997075
2023-09-05,-0.0038992946925975693
2023-09-06,-0.00230387996479614
2023-09-07,-0.001359214617123895
2023-09-08,-0.0011136062984549208
2023-09-09,0.0
2023-09-10,0.001937975208747025
2023-09-11,0.0032928149834203584
2023-09-12,-0.0028162962654976953
2023-09-13,0.0010137290124198602
2023-09-14,-0.004991804426495601
2023-09-15,-0.002266555503372596
2023-09-16,0.0
2023-09-17,-0.00023615723443869778
2023-09-18,-0.0010324494990517686
2023-09-19,-0.00800844780481659
2023-09-20,-0.006868180645860092
2023-09-21,-0.004024001857974996
2023-09-22,0.0005144234931543608
2023-09-23,0.0
2023-09-24,-0.0036767447901690144
2023-09-25,0.0065508837973786895
2023-09-26,0.0010724501008719772
2023-09-27,0.007903340981234564
2023-09-28,-0.0066382083015234595
2023-09-29,0.002293576518843641
2023-09-30,0.0
2023-10-01,0.0012624181457655628
2023-10-02,0.012907440065782165
2023-10-03,-0.002275833644293366
2023-10-04,-0.004808401869687902
2023-10-05,-0.0021554697402457446
2023-10-06,-0.003236511547373204
2023-10-07,0.0
2023-10-08,-0.0013741990563617239
2023-10-09,-0.00012866112437685416
2023-10-10,-0.003212775235363263
2023-10-11,-0.0019753008320979705
2023-10-12,0.006970050739843721
2023-10-13,-0.0024270286079434334
2023-10-14,0.0
2023-10-15,-0.0008483958441752606
2023-10-16,-0.0018270238782398269
2023-10-17,-0.0037335479031446587
2023-10-18,0.0015719799582375696
2023-10-19,-0.011576643089539162
2023-10-20,-0.0032979177570562823
2023-10-21,0.0
2023-10-22,-0.0003094043207165758
2023-10-23,-0.009843457169395789
2023-10-24,0.006697828640602536
2023-10-25,-0.0001040556472684046
2023-10-26,-0.001554951227346272
2023-10-27,0.00018301895634160632
2023-10-28,0.0
2023-10-29,0.00062764844548533
2023-10-30,-0.0023374753867315165
2023-10-31,0.003218337628722598
2023-11-01,0.0011659986302951003
2023-11-02,0.00015177572306086638
2023-11-03,-0.003682413216942895
2023-11-04,0.0
2023-11-05,-0.0006502492412205844
2023-11-06,0.00219726691648134
2023-11-07,0.0029087935139694055
2023-11-08,-0.00034174444475791214
2023-11-09,0.00012952817951820804
2023-11-10,0.004901699195454798
2023-11-11,0.0
2023-11-12,-0.0011457707263419097
2023-11-13,0.005358380072236599
2023-11-14,-0.009019130255520817
2023-11-15,0.0011685417933610274
2023-11-16,-0.00039785142348559616
2023-11-17,-0.0030022500540065177
2023-11-18,0.0
2023-11-19,-7.456969990926065e-05
2023-11-20,0.003995479968059921
2023-11-21,-0.0030566277316280022
2023-11-22,0.00045311368596524055
2023-11-23,0.00017599643385070172
2023-11-24,0.0009097801648720188
2023-11-25,0.0
2023-11-26,-2.352727276085971e-05
2023-11-27,0.0008344684515452
2023-11-28,0.003394665566842607
2023-11-29,-0.00156049715958236
2023-11-30,-0.0034345377163835797
2023-12-01,0.0006456413915662215
2023-12-02,0.0
2023-12-03,-0.0006185253127364467
2023-12-04,-0.003978669922193515
2023-12-05,-0.0004837795471237797
2023-12-06,-0.0032274124330533803
2023-12-07,0.00351415279676622
2023-12-08,-0.000740594905580048
2023-12-09,0.0
2023-12-10,-0.00046784777577798316
2023-12-11,0.0023827245783823252
2023-12-12,0.008659111544540328
2023-12-13,0.009423958784280727
2023-12-14,0.003090217222966137
2023-12-15,-0.0039514667353841345
2023-12-16,0.0
2023-12-17,0.007663188024968603
2023-12-18,0.00851943284008883
2023-12-19,0.003198020283140832
2023-12-20,-0.0037225544225411443
2023-12-21,0.002848065393091808
2023-12-22,0.0012952319999841398
2023-12-24,-0.0003358787283568637
2023-12-25,0.0016949733904885135
2023-12-26,0.0014431772147192542
2023-12-27,0.0037173088493729196
2023-12-28,-0.002268484123119123
2023-12-29,-0.0026008275755934262
2023-12-31,0.0
2024-01-01,-0.00012571676056224827
2024-01-02,-0.006824664347264007
2024-01-03,-0.004103977599905076
2024-01-04,-0.001251917097775775
2024-01-05,0.0005299472870634979
2024-01-06,0.0
2024-01-07,-0.0008190319080175404
2024-01-08,0.0065603634207618165
2024-01-09,-0.0002713693338012796
2024-01-10,0.004894432672583401
2024-01-11,-0.0010621953323635969
2024-01-12,-0.0002041254988566174
2024-01-13,0.0
2024-01-14,0.0002597246530282279
2024-01-15,-0.0004818211727637175
2024-01-16,0.001488835170183795
2024-01-17,-0.003000903209594652
2024-01-18,0.01530712756512199
2024-01-19,0.0058003555962924825
2024-01-20,0.0075586655547874885
2024-01-21,0.0013368031164176324
2024-01-22,-0.0009408127839069583
2024-01-23,0.012110988819694173
2024-01-24,-0.0005355828683870292
2024-01-25,0.0005003967082278158
2024-01-26,6.879873611539497e-05
2024-01-27,0.0
2024-01-28,0.0008348952404339711
2024-01-29,0.005614848973334136
2024-01-30,-0.0043219663684490334
2024-01-31,-0.002086991359385579
2024-02-01,0.0015915832966109955
2024-02-02,0.007178654260717677
2024-02-03,0.0
2024-02-04,-0.0006391943830666373
2024-02-05,0.002530071298716007
2024-02-06,-0.001389372674775986
2024-02-07,0.010634425651189234
2024-02-08,0.000870173929588196
2024-02-09,0.0025132162557177985
2024-02-10,0.0
2024-02-11,-0.0007987026905414024
2024-02-12,0.0002362335805523342
2024-02-13,-0.0027062025108017494
2024-02-14,0.0031569231007091236
2024-02-15,-0.00042496922481374713
2024-02-16,-0.004853614124610559
2024-02-17,0.0
2024-02-18,0.0010857101175037818
2024-02-19,-0.005583283576877351
2024-02-20,-0.005245680035748437
2024-02-21,0.004408938775803813
2024-02-22,0.006660409631207155
2024-02-23,-0.0005793650195571006
2024-02-24,0.0
2024-02-25,-0.0008321517770633917
2024-02-26,-0.0032893434639203363
2024-02-27,0.002509874951393129
2024-02-28,-0.0011737964844506295
2024-02-29,0.0033887696031660672
2024-03-01,0.008287175259616976
2024-03-02,0.0
2024-03-03,0.0007290491165675615
2024-03-04,0.0005911688143808059
2024-03-05,-0.004215214964392899
2024-03-06,-0.0018567313137413744
2024-03-07,0.016261348724752538
2024-03-08,-0.0023632016183416918
2024-03-09,0.0
2024-03-10,-0.0006719649833972381
2024-03-11,0.0006195308391042723
2024-03-12,5.8936717083023975e-05
2024-03-13,0.0017879834635351488
2024-03-14,-0.012308893478918101
2024-03-15,-0.004236483906677297
2024-03-16,0.0
2024-03-17,0.0001058346450713451
2024-03-18,0.002295213153720969
2024-03-19,0.0017792582771953473
2024-03-20,0.02303631541950363
2024-03-21,-0.006654966344212537
2024-03-22,-0.0014999434097612342
2024-03-23,0.0
2024-03-24,0.0006429878348422695
2024-03-25,-0.0004916694453126958
2024-03-26,-0.00023854363495647653
2024-03-27,0.002115975533186846
2024-03-28,0.0018100315711571105
2024-03-29,0.00042090394961198446
2024-03-30,0.0
2024-03-31,0.004858206919564582
2024-04-01,-0.003992307356816506
2024-04-02,-0.003150846054741376
2024-04-03,0.0001035054464003671
2024-04-04,-0.012767295865144175
2024-04-05,0.009213213580488131
2024-04-06,0.0
2024-04-07,0.0027218108418541804
2024-04-08,-0.0005491480122614968
2024-04-09,0.0020375062917591703
2024-04-10,-0.006430392846231275
2024-04-11,0.011081262269149806
2024-04-12,-0.011783371594312112
2024-04-13,0.0
2024-04-14,-0.0005398598886036023
2024-04-15,-0.004489645391797485
2024-04-16,-0.0020657144453216803
2024-04-17,-0.007263412618801984
2024-04-18,-0.003857196068305238
2024-04-19,-0.0018327375003754412
2024-04-20,0.0
2024-04-21,-0.001224029732120896
2024-04-22,-0.00672367197606328
2024-04-23,0.008428099462861126
2024-04-24,-0.0039195612620685355
2024-04-25,0.005534344959484634
2024-04-26,0.0012575661576016872
2024-04-27,0.0
2024-04-28,-0.00023553472423008034
2024-04-29,0.0007003337660912998
2024-04-30,-0.010205972714005645
2024-05-01,0.0036767774689807652
2024-05-02,0.0009503139012728058
2024-05-03,0.00395427479940001
2024-05-04,0.0
2024-05-05,0.0006415630477810783
2024-05-06,0.004082670127532598
2024-05-07,3.9091895523091984e-05
2024-05-08,-0.0009236476259379157
2024-05-09,0.004949388460665902
2024-05-10,0.0013315586965805077
2024-05-11,0.0
2024-05-12,1.0725068909420003e-05
2024-05-13,-0.0016560409201465637
2024-05-14,0.004075900623491522
2024-05-15,0.007636026201827855
2024-05-16,-0.002507356901790528
2024-05-17,0.0036507175635456805
2024-05-18,0.0
2024-05-19,0.0025898255495823575
2024-05-20,-0.0013618512923249991
2024-05-21,0.013294190723099255
2024-05-22,-0.0027622362544692312
2024-05-23,-0.006661823512437493
2024-05-24,0.002561738668862182
2024-05-25,0.0
2024-05-26,-1.8389347672565274e-05
2024-05-27,0.001355044649563624
2024-05-28,-0.00041894054912576864
2024-05-29,-0.004996631643181506
2024-05-30,-0.003111004802256844
2024-05-31,0.0018176388838838662
2024-06-01,0.0
2024-06-02,0.0013077107073191005
2024-06-03,-0.00018701785936720374
2024-06-04,0.008052549699392115
2024-06-05,0.009349674057254702
2024-06-06,2.0257515583994666e-05
2024-06-07,-0.004988370804447037
2024-06-08,0.0
2024-06-09,0.0010152187199555021
2024-06-10,0.007349232311532356
2024-06-11,0.017034320570421035
2024-06-12,0.006065393219842654
2024-06-13,0.0004693194937932123
2024-06-14,0.002674261660318658
2024-06-15,0.0
2024-06-16,-0.0002953890609352646
2024-06-17,0.005020548348700164
2024-06-18,0.0012537347167424434
2024-06-19,0.0010413896287387089
2024-06-20,-0.0017577963903932714
2024-06-21,-0.002976522495981876
2024-06-22,0.0
2024-06-23,-0.001381944079079383
2024-06-24,-0.004063749434214474
2024-06-25,0.005413699572293918
2024-06-26,-0.0029824997739898245
2024-06-27,0.008043984122445481
2024-06-28,-0.006024398516524804
2024-06-29,0.0
2024-06-30,0.00010675554315976836
2024-07-01,-0.000342094745751138
2024-07-02,0.008534898200637162
2024-07-03,0.007277405332301672
2024-07-04,-0.00031178400499023816
2024-07-05,0.009321290057135254
2024-07-06,0.0
2024-07-07,-0.0009122726369076757
2024-07-08,0.0036393758225537875
2024-07-09,0.0005967118945974191
2024-07-10,0.00906656240432321
2024-07-11,-0.015082533547884717
2024-07-12,0.003988679074864297
2024-07-13,0.0
2024-07-14,0.0013853551420810787
2024-07-15,0.005447748225209393
2024-07-16,0.0028033295124823385
2024-07-17,-0.01721762276332763
2024-07-18,-0.006807229713741488
2024-07-19,-0.009001672875577934
2024-07-20,0.0
2024-07-21,0.0014331831138692504
2024-07-22,0.00302609937643074
2024-07-23,-0.000736947812910746
2024-07-24,-0.017066311858881175
2024-07-25,-0.0022390702059410235
2024-07-26,0.003720239116606571
2024-07-27,0.0
2024-07-28,0.002269144375924116
2024-07-29,-0.003222789936349338
2024-07-30,0.002116640625039523
2024-07-31,0.00925487375781642
2024-08-01,-0.011640782770391718
2024-08-02,-0.00587240340198978
2024-08-03,0.0
2024-08-04,-0.00391903087204851
2024-08-05,-0.002919719397748589
2024-08-06,-0.002041894941562132
2024-08-07,-0.0032167697512757013
2024-08-08,0.010155232194289885
2024-08-09,0.0011406255428506114
2024-08-10,0.0
2024-08-11,-0.00012057467130024621
2024-08-12,0.003999229091088629
2024-08-13,0.004493306918179586
2024-08-14,0.0007136035625636433
2024-08-15,0.005104431386626213
2024-08-16,0.006067186984579369
2024-08-17,0.0
2024-08-18,6.978110234872441e-05
2024-08-19,0.0018396669131628786
2024-08-20,0.0018201396216036931
2024-08-21,-0.0018116219741503687
2024-08-22,-0.0033954766045859903
2024-08-23,0.00521034265735935
2024-08-24,0.0
2024-08-25,-3.9387330331439225e-05
2024-08-26,-0.0017362543407532436
2024-08-27,0.001413624866276336
2024-08-28,-0.0034934112300981325
2024-08-29,0.0018294940339620715
2024-08-30,-0.0009236642375316704
2024-08-31,0.0
2024-09-01,-0.0018013384280512823
2024-09-02,0.0003729272095287351
2024-09-03,-0.005802518854645156
2024-09-04,0.001240698628767518
2024-09-05,-0.0007473101243440153
2024-09-06,-0.007456998738774395
2024-09-07,0.0
2024-09-08,0.0006040177163482894
2024-09-09,0.0022582937717673655
2024-09-10,0.0032930718093597752
2024-09-11,0.002329461702595318
2024-09-12,0.010481491539260477
2024-09-13,0.0028194579691337945
2024-09-14,0.0
2024-09-15,0.001349955899933345
2024-09-16,-0.0007852800664673505
2024-09-17,-0.000818623211350725
2024-09-18,-0.0007267643705326554
2024-09-19,0.006205417993710981
2024-09-20,0.0047151071935036485
2024-09-21,0.0
2024-09-22,0.0016378010850661554
2024-09-23,-0.00018724018634708948
2024-09-24,0.007680576338464065
2024-09-25,-0.0008789066249073636
2024-09-26,0.001744434862687033
2024-09-27,-0.0025037051527075286
2024-09-28,0.0
2024-09-29,-0.0010331707921291458
2024-09-30,-0.0018974736170026406
2024-10-01,0.001479227846208633
2024-10-02,-0.0008869209254717517
2024-10-03,0.0017770568629157987
2024-10-04,9.898078965783522e-05
2024-10-05,0.0
2024-10-06,-0.0018117666922381024
2024-10-07,-0.003991508261025453
2024-10-08,0.0037257050556582503
2024-10-09,0.006533872690194974
2024-10-10,0.005457224826108289
2024-10-11,0.003970396089627841
2024-10-12,0.0
2024-10-13,-0.0005510270273628274
2024-10-14,0.0034676472045002396
2024-10-15,0.00034526741204126484
2024-10-16,0.0036916312825633194
2024-10-17,0.008842781485884167
2024-10-18,0.0056991536322145205
2024-10-19,0.0
2024-10-20,0.0029326144939056252
2024-10-21,-0.0009867364167484077
2024-10-22,0.004183981982771967
2024-10-23,-0.00848072286055617
2024-10-24,0.001616131137643834
2024-10-25,0.007730125538871088
2024-10-26,0.0
2024-10-27,-0.002751199082725033
2024-10-28,0.009682933340776568
2024-10-29,0.013753330188994732
2024-10-30,-0.0047285583800957005
2024-10-31,-0.018696917009185788
2024-11-01,-0.0020779704082181058
2024-11-02,0.0
2024-11-03,0.0013055952026658872
2024-11-04,-0.003864359108329566
2024-11-05,0.012964622720317998
2024-11-06,-0.009916684753052218
2024-11-07,0.007647639998885609
2024-11-08,-8.021852566296161e-05
2024-11-09,0.0
2024-11-10,-0.0005556630282238137
2024-11-11,-0.005671528473227088
2024-11-12,-0.002043687820762606
2024-11-13,-0.0028313268320018024
2024-11-14,-0.0036195601689194934
2024-11-15,-0.006335805634634262
2024-11-16,0.0
2024-11-17,0.0047239439801782645
2024-11-18,0.003354223123166099
2024-11-19,0.0034452260729747226
2024-11-20,0.000621730830798286
2024-11-21,0.009706041254283041
2024-11-22,0.006048926937079028
2024-11-23,0.0
2024-11-24,-0.0034889044305923813
2024-11-25,-0.005963553869556498
2024-11-26,0.003807708831117149
2024-11-27,-0.003979517621039628
2024-11-28,0.004597573545306144
2024-11-29,0.0004188641536497279
2024-11-30,0.0
2024-12-01,-0.002502440734775894
2024-12-02,0.012267348092031765
2024-12-03,0.002577124028646071
2024-12-04,0.0029465588617135496
2024-12-05,0.0033860399861860057
2024-12-06,0.0020779968742223984
2024-12-07,0.0
2024-12-08,0.0005325832656151522
2024-12-09,-0.0006594439539724202
2024-12-10,0.0009767396441077974
2024-12-11,0.009823205891408655
2024-12-12,-0.0034507211701920674
2024-12-13,-0.004898154667826422
2024-12-14,0.0
2024-12-15,0.007210638051012057
2024-12-16,0.0049855171650585945
2024-12-17,-0.002479164326734532
2024-12-18,-0.02453264966127339
2024-12-19,-0.0030311012761425503
2024-12-20,0.00602684755160029
2024-12-21,0.0
2024-12-22,0.001698832944289477
2024-12-23,0.0006812967011422586
2024-12-24,0.0037332148197109084
2024-12-25,0.0012266538635625087
2024-12-26,-0.0007657821448079364
2024-12-27,-0.004297433927475914
2024-12-28,0.0
2024-12-29,-0.003775539475666915
2024-12-30,-0.004678528377664439
2024-12-31,0.0006316763292817095
2025-01-01,-0.0015572339836617138
2025-01-02,0.002658222735865699
2025-01-03,0.0008977732560185068
2025-01-04,0.0
2025-01-05,-0.0002698958122743048
2025-01-06,0.0017705301059570138
2025-01-07,-0.007355687268033242
2025-01-08,3.580707230014343e-05
2025-01-09,-0.0022857058414833685
2025-01-10,-0.003530621406854218
2025-01-11,0.0
2025-01-12,-0.0016756124194192582
2025-01-13,0.0007438363746199605
2025-01-14,-0.0016681037644441738
2025-01-15,0.010677218453464197
2025-01-16,0.0008427051113270963
2025-01-17,0.003821319258236752
2025-01-18,0.0
2025-01-19,-0.00019989301347051732
2025-01-20,0.0023702359469542347
2025-01-21,0.008232646087341467
2025-01-22,0.0014387760787148724
2025-01-23,0.004113728246527228
2025-01-24,-0.0024727171983480877
2025-01-25,0.0
2025-01-26,-0.011328310860921812
2025-01-27,-0.005042687888125857
2025-01-28,0.008127813156601065
2025-01-29,0.0003805867227987507
2025-01-30,0.007718766313431906
2025-01-31,-0.0025491198137786823
2025-02-01,-0.0034099147100482463
2025-02-02,-0.01108417513250443
2025-02-03,0.012232426867740787
2025-02-04,0.007779224847119465
2025-02-05,0.005682544726359404
2025-02-06,0.0005043663907282007
2025-02-07,-0.0032217738803126668
2025-02-08,0.0
2025-02-09,0.0050657235850760105
2025-02-10,0.008754784411423367
2025-02-11,-0.00668090261270657
2025-02-12,0.005489275040513157
2025-02-13,0.0040939952782012515
2025-02-14,-0.008251613643640179
2025-02-15,0.0
2025-02-16,0.0032627913214690286
2025-02-17,0.0024116422254043955
2025-02-18,0.0034053488696733705
2025-02-19,0.001350554405844894
2025-02-20,-0.0035212370985523863
2025-02-21,-0.0036864049472454152
2025-02-22,0.0
2025-02-23,0.001416161957276338
2025-02-24,-0.0037264825384901432
2025-02-25,-0.006838988298968009
2025-02-26,-0.01570793466171407
2025-02-27,-0.015297468621678805
2025-02-28,0.0037380004929694942
2025-03-01,0.0
2025-03-02,0.0022919498701035866
2025-03-03,-0.0036421688717762826
2025-03-04,-0.00015110920164452244
2025-03-05,-0.0008269151578327435
2025-03-06,-0.009815944614073924
2025-03-07,0.0008433060206059079
2025-03-08,0.0
2025-03-09,-0.0011699821839418348
2025-03-10,-0.012908619951225251
2025-03-11,0.0022213700970394263
2025-03-12,0.0075271330596791905
2025-03-13,0.009886781493569162
2025-03-14,0.0005865798514934761
2025-03-15,0.0
2025-03-16,-0.0004181981425788371
2025-03-17,0.006747712898431768
2025-03-18,0.002364940578026225
2025-03-19,0.004329988965638945
2025-03-20,-0.005059525768756614
2025-03-21,-0.0016225189220225688
2025-03-22,0.0
2025-03-23,-0.000648899044162159
2025-03-24,0.0031061142850929797
2025-03-25,0.002302875989498452
2025-03-26,-0.00034821847161353595
2025-03-27,0.008927395204233492
2025-03-28,0.0067869146334613994
2025-03-29,0.0
2025-03-30,0.006527043332705755
2025-03-31,0.006968845882619299
2025-04-01,-0.005464749094852708
2025-04-02,0.021687948331133803
2025-04-03,-0.004931914736497126
2025-04-04,0.011012021470082694
2025-04-05,0.004608424606337126
2025-04-06,0.006270501594893004
2025-04-07,-0.014211174921970566
2025-04-08,0.00580973248872353
2025-04-09,-0.004080894487262449
2025-04-10,0.009665994541582684
2025-04-11,-0.0004588735077523108
2025-04-12,0.0
2025-04-13,-0.0010584325124313575
2025-04-14,6.835255511711201e-06
2025-04-15,0.003245488010204113
2025-04-16,0.005141316522599482
2025-04-17,-0.0004815902047440558
2025-04-18,2.4249079434123664e-05
2025-04-19,0.0
2025-04-20,0.004440639233802059
2025-04-21,0.005998959119721205
2025-04-22,-0.009657945424734572
2025-04-23,-0.0009466533813486926
2025-04-24,-0.0020879952769485193
2025-04-25,-0.0024940369317601207
2025-04-26,0.0
2025-04-27,-0.0018805038840028366
2025-04-28,0.0020399181176697897
2025-04-29,-0.0008059878824883696
2025-04-30,-0.005878345971137174
2025-05-01,-0.0020727396829884654
2025-05-02,-0.0009011070339819778
2025-05-03,0.0
2025-05-04,0.0021547103076853596
2025-05-05,0.006793518713687225
2025-05-06,0.002332082576372051
2025-05-07,0.0006696112337938435
2025-05-08,-0.0075626991235912145
2025-05-09,0.0011811292954590049
2025-05-10,-0.006655017840610847
2025-05-11,-0.004277306703857508
2025-05-12,-0.0020376678520422934
2025-05-13,0.001406109462396924
2025-05-14,-0.005821370148283041
2025-05-15,0.004813081174983435
2025-05-16,-0.000483971906097244
2025-05-17,0.0
2025-05-18,0.0011025385490369354
2025-05-19,-0.0009219493216498329
2025-05-20,0.006603697927932967
2025-05-21,0.001720787978236354
2025-05-22,-0.002929900267477394
2025-05-23,0.003246045980897272
2025-05-24,0.0
2025-05-25,0.0003054266132831812
2025-05-26,-0.0003646862849241119
2025-05-27,-0.0017985406778721338
2025-05-28,-0.0011559176273486158
2025-05-29,0.0004568319559141452
2025-05-30,-0.00048437250842592474
2025-05-31,0.0
2025-06-01,0.000820971257224142
2025-06-02,0.004864456078994273
2025-06-03,0.0005652541825535005
2025-06-04,0.0005063882977385805
2025-06-05,-0.0009021201706317528
2025-06-06,-0.002728470896909334
2025-06-07,0.0
2025-06-08,-0.0004988786609201188
2025-06-09,0.0010557915062917127
2025-06-10,0.00177643564040805
2025-06-11,0.0020712148423185027
2025-06-12,0.0035973001085414054
2025-06-13,-0.0006454400142215753
2025-06-14,0.0
2025-06-15,0.0005415037517687046
2025-06-16,-0.002987906556640194
2025-06-17,-0.0014903559304494818
2025-06-18,-0.0008369580872496106
2025-06-19,-0.0023976768816848858
2025-06-20,0.002316002138006921
2025-06-21,0.0
2025-06-22,-0.0006626590724969801
2025-06-23,-0.0008670693587639999
2025-06-24,0.0008166665117700447
2025-06-25,0.0020748544382821602
2025-06-26,0.0018289114224463725
2025-06-27,-0.0034091830135932477
2025-06-28,0.0
2025-06-29,0.003982928787441496
2025-06-30,0.005076438180325601
2025-07-01,0.002257053595774282
2025-07-02,0.005779549474002002
2025-07-03,0.0016095109120955755
2025-07-04,-0.0029778146909949844
2025-07-05,0.0
2025-07-06,-0.0034780065770819396
2025-07-07,0.004065519349452974
2025-07-08,-0.01114927281216347
2025-07-09,0.010859584927624323
2025-07-10,0.004476318294488591
2025-07-11,0.004109845506823742
2025-07-12,0.0
2025-07-13,-0.00286088264687833
2025-07-14,0.005246226099078698
2025-07-15,-0.008395693302302611
2025-07-16,0.005392858387251244
2025-07-17,0.013707925457444536
2025-07-18,0.0016864745431514215
2025-07-19,0.0
2025-07-20,0.008438849741692166
2025-07-21,0.01036099229911425
2025-07-22,0.007304244340271931
2025-07-23,-0.005856051521169708
2025-07-24,-0.002980216849011818
2025-07-25,-0.006854165976017238
2025-07-26,0.0
2025-07-27,0.0036212275818975547
2025-07-28,-0.0020861897107925247
2025-07-29,0.0018467155573529057
2025-07-30,0.0024649045446506874
2025-07-31,-0.01593338532177913
2025-08-01,0.00583978309516895
2025-08-02,0.0
2025-08-03,-0.0003675584534753248
2025-08-04,0.013633650844869004
2025-08-05,-0.002222608302163331
2025-08-06,0.001974729979586433
2025-08-07,0.0033576385214325144
2025-08-08,0.007783282081881028
2025-08-09,0.0
2025-08-10,-0.007255825053922806
2025-08-11,-0.007305118684617477
2025-08-12,0.0039755236031275365
2025-08-13,0.003343884846343251
2025-08-14,-0.003897418688277734
2025-08-15,-0.005994152962254213
2025-08-16,0.0
2025-08-17,0.0029070039291426287
2025-08-18,-0.0025157037710016356
2025-08-19,-0.010083574590106616
2025-08-20,0.008206349477706097
2025-08-21,-0.0040515356718869066
2025-08-22,0.013667952857755317
2025-08-23,0.0
2025-08-24,-0.0021866434888365652
2025-08-25,0.00301479688084002
2025-08-26,0.003229411958834645
2025-08-27,0.0018512398358832291
2025-08-28,0.00741541701979527
2025-08-29,0.01026571974674308
2025-08-30,0.0
2025-08-31,0.010963021417580862
2025-09-01,0.003447436118560912
2025-09-02,0.009508744422793142
2025-09-03,0.0008681763984424236
2025-09-04,0.007297828933776452
2025-09-05,0.009412946008069734
2025-09-06,0.0
2025-09-07,0.001969609211331364
2025-09-08,0.01641053882603929
2025-09-09,-0.0025163143621245556
2025-09-10,0.0001618523899222017
2025-09-11,0.0037726877409091555
2025-09-12,-0.0004987457440871111
2025-09-13,0.0
2025-09-14,0.005864578878345507
2025-09-15,0.011356597924803733
2025-09-16,0.0009918846782960968
2025-09-17,0.0026868681236237924
2025-09-18,0.0028579668041182824
2025-09-19,0.010740916202686336
2025-09-20,0.0
2025-09-21,0.00017094022834280908
2025-09-22,0.015181469404983185
2025-09-23,0.001461076257221213
2025-09-24,-0.004550656784736871
2025-09-25,-0.0024920358406791423
2025-09-26,0.006277066687773509
2025-09-27,0.0
2025-09-28,0.008282324874208321
2025-09-29,0.012468421730384057
2025-09-30,0.0026235753387037005
2025-10-01,0.003571232074347229
2025-10-02,-0.0028992286070989703
2025-10-03,0.006717984484357176
2025-10-04,0.0
2025-10-05,0.008448336600293935
2025-10-06,0.010682294847608674
2025-10-07,0.010669657170016783
2025-10-08,0.004308163047664619
2025-10-09,-0.006775098957031415
2025-10-10,-0.013361881986249493
2025-10-11,0.0
2025-10-12,0.00786262650497031
2025-10-13,0.020527987886634822
2025-10-14,0.0038920964147847355
2025-10-15,0.010422718352283634
2025-10-16,0.011092762640451226
2025-10-17,-0.009871045551708289
2025-10-18,0.0
2025-10-19,0.0007298704183883862
2025-10-20,0.011391523868729008
2025-10-21,-0.01906076254894792
2025-10-22,-0.0026262107284256387
2025-10-23,0.006550811707080894
2025-10-24,0.0016827531763395544
2025-10-25,0.0
2025-10-26,0.000418265862212103
2025-10-27,0.006223174561567362
2025-10-28,0.0006066924263424336
2025-10-29,-0.0001277362307852233
2025-10-30,0.00045617649248731973
2025-10-31,-0.0013504355671690152
2025-11-01,0.0
2025-11-02,0.0009484234889990848
2025-11-03,-0.002603300734530353
2025-11-04,-0.004605308490716932
2025-11-05,0.0032445138222102214
2025-11-06,-0.006480769092751225
2025-11-07,0.00019932372169000228
2025-11-08,0.0
2025-11-09,0.004569869971251402
2025-11-10,0.007739578614570735
2025-11-11,-0.0012053745389718133
2025-11-12,0.0037013328858035398
2025-11-13,-0.012701224778219396
2025-11-14,-0.00811109946556267
2025-11-15,0.0
2025-11-16,0.0008127045738889999
2025-11-17,-0.013022790743667564
2025-11-18,0.002874765341972999
2025-11-19,0.00428879688851258
2025-11-20,-0.007546205547554651
2025-11-21,0.0014966139169291343
2025-11-22,0.0
2025-11-23,-0.0006908714933114658
2025-11-24,0.00857230161587337
2025-11-25,0.0031038914372080984
2025-11-26,0.00018828438331548535
2025-11-27,0.0026845483991945127
2025-11-28,0.002841361857739642
2025-11-29,0.0
2025-11-30,-0.000229208118879388
2025-12-01,-0.0009251924655745093
2025-12-02,0.0019705588140771398
2025-12-03,-0.0014803954023856136
2025-12-04,0.0019213562794939245
2025-12-05,0.0017934417388954951
2025-12-06,0.0
2025-12-07,-0.0017448326358507063
2025-12-08,-0.0024032897523182974
2025-12-09,0.0011233132498506791
2025-12-10,-0.00035769243175254973
2025-12-11,0.00564469079067782
2025-12-12,-0.0007243344778686678
2025-12-13,0.0
2025-12-14,-0.0009019418103054246
2025-12-15,-0.0048213423856181565
2025-12-16,0.0033031402243240008
2025-12-17,-0.001929631265105068
2025-12-18,0.0012174231809217297
2025-12-19,0.003060450657860107
2025-12-20,0.0
2025-12-21,0.005078632550121617
2025-12-22,0.006710867182343145
2025-12-23,0.0023402517010169006
2025-12-24,-0.00045239411649848415
2025-12-25,0.0024086393454603406
2025-12-26,0.0018655704354218366
2025-12-27,0.0
2025-12-28,-0.0015899977163945393
2025-12-29,-0.014658139965195632
2025-12-30,-0.0037552126643042084
2025-12-31,-0.0037776660640288493
2026-01-01,0.008947765363372698
2026-01-02,-0.006652277122669554
2026-01-03,0.0
2026-01-04,0.011306859985103274
2026-01-05,0.008746015013478558
2026-01-06,0.0022789978113364378
2026-01-07,-0.005149689053427326
2026-01-08,0.005109051707250429
2026-01-09,0.009326381833400196
2026-01-10,0.0
2026-01-11,0.005621671864559781
2026-01-12,0.0053751722088104005
2026-01-13,0.002966661578996083
2026-01-14,-0.007112105695318767
2026-01-15,0.0041899665323426715
2026-01-16,-0.0016093109607491019
2026-01-17,0.0
2026-01-18,0.004827385461333266
2026-01-19,0.003737856747732247
2026-01-20,0.022690667615861814
2026-01-21,-0.0029879423539882653
2026-01-22,0.01862016018197669
2026-01-23,0.001413859340163884
2026-01-24,0.0
2026-01-25,0.008169857928532557
2026-01-26,0.0029568347951384184
2026-01-27,0.018837166676935704
2026-01-28,0.025922511601578054
2026-01-29,-0.018072728620086284
2026-01-30,-0.009966050972218143
2026-01-31,0.0
2026-02-01,-0.007818774310140279
2026-02-02,0.00792046507028182
2026-02-03,-0.00046017677666450427
2026-02-04,-0.0067620412593872095
2026-02-05,-0.004134649184138075
2026-02-06,0.006208545300472777
2026-02-07,0.0
2026-02-08,0.0009731309970140086
2026-02-09,0.0008169528176893162
2026-02-10,0.00011853397170998016
2026-02-11,0.0004554990237491265
2026-02-12,-0.0044327103487943895
2026-02-13,0.0011994803654703516
2026-02-14,0.0
2026-02-15,-0.000884332935032486
2026-02-16,-0.0012013072284095365
2026-02-17,0.0006652000582297173
2026-02-18,0.0016973911428729126
2026-02-19,0.00027709008072316005
2026-02-20,0.004437153579148361
2026-02-21,0.0
2026-02-22,-0.0003739443713063782
2026-02-23,0.0005486326974201575
2026-02-24,0.0020906644207877778
2026-02-25,0.0024969681662432054
2026-02-26,-0.0028867148013889486
2026-02-27,0.0033126489499838044
2026-02-28,0.0
2026-03-01,-0.0016548666061040173
2026-03-02,0.0002653477780925831
2026-03-03,-0.010401461949611616
2026-03-04,0.004063018191023408
2026-03-05,-0.0026559566462859667
2026-03-06,-0.0025091327138612356
2026-03-07,-0.002481937121210589
2026-03-08,-0.007323431146370754
2026-03-09,0.0072787517941699
2026-03-10,0.003268322783863216
2026-03-11,-0.00422016675418044
2026-03-12,-0.0017206779555007286
2026-03-13,-0.005084311012059243
2026-03-15,0.0008223817142937444
2026-03-16,4.027022989441358e-05
2026-03-17,-0.0021089526383279615
2026-03-18,-0.0035539035421707056
2026-03-19,-0.003616209609155066
2026-03-20,-0.006411849273754821
2026-03-22,-0.003644116961678639
2026-03-23,-0.000295563856682459
2026-03-24,0.0060702234395718846
2026-03-25,-0.0012099176488866547
2026-03-26,-0.0018993149591989668
2026-03-27,0.0015551286450623193
2026-03-29,-0.00030720453194591103
2026-03-30,0.002372177984474541
2026-03-31,0.0025473658552069875
2026-04-01,0.00014630512506595074
2026-04-02,-0.00024321825773766513
2026-04-03,0.0001030886919477205
2026-04-05,-0.0007819524369300538
2026-04-06,2.534349837796744e-05
2026-04-07,0.003559609300613307
2026-04-08,-0.0021338057759575113
2026-04-09,0.000820619022627641
2026-04-10,-0.0003428188650754696
2026-04-12,-0.0012386195870703648
2026-04-13,0.0030699254987280335
2026-04-14,0.0027293174119830317
2026-04-15,-7.064395556285246e-05
2026-04-16,-0.0024859915147449905
2026-04-17,0.003211761924466328
2026-04-19,-0.0023915059807569435
2026-04-20,0.0008690219189825934
2026-04-21,-0.0042650130570475175
2026-04-22,-0.004836789618303
2026-04-23,-0.0019248224500715719
2026-04-24,0.002803698903596408
2026-04-26,0.0008861473278433774
2026-04-27,-0.0022600919212150327
2026-04-28,-0.003922355521977386
2026-04-29,0.0068996342872886356
2026-04-30,0.01490128992600133
2026-05-01,-0.0004013238992588219
2026-05-03,0.011368044471568362
2026-05-04,-0.007083434297909061
2026-05-05,0.0038442398563044264
2026-05-06,0.0015899414923743619
2026-05-07,-0.0021767841285995847
2026-05-08,0.00019995585627499384
2026-05-10,-0.004094759272486101
2026-05-11,0.007893911528279984
2026-05-12,0.003006226419689728
2026-05-13,0.005127551522502104
2026-05-14,0.0013622814656430342
2026-05-15,-0.00472991238114253
2026-05-17,0.005590567293438942
2026-05-18,0.0048655441678496945
2026-05-19,-0.0008459302957999409
2026-05-20,0.00775671532035755
2026-05-21,0.0035332042080073204
2026-05-22,-0.0007888147949172198
2026-05-24,0.007093450297078828
2026-05-25,-0.007543260065405228
2026-05-26,-0.007044262267808059
2026-05-27,-0.01136148963786845
2026-05-28,0.0004921409229117039
2026-05-29,0.0018838666510605014
2026-05-31,-0.005709200372907626
2026-06-01,0.003186544470120586
2026-06-02,0.005485400202970845
2026-06-03,0.005335860871036213
2026-06-04,0.0032479464909954078
2026-06-05,-0.009714011697112985
2026-06-07,0.004958681979403872
2026-06-08,-0.0004970461718146663
2026-06-09,-0.013920074750474973
2026-06-10,0.004450088659450825
2026-06-11,-0.010380934540587732
2026-06-12,-0.0014821085272635642
2026-06-14,0.004597966191663734
2026-06-15,-0.005913906956159194
2026-06-16,-0.004344210326099577
2026-06-17,-0.005116880208939188
2026-06-18,-0.013419687468355236
2026-06-19,0.0012824988156822461
2026-06-21,-0.005897252082271946
2026-06-22,0.003162083953123894
2026-06-23,0.006425941647011519
2026-06-24,0.00530991698664699
2026-06-25,-0.0004955181247866705
2026-06-26,-0.006896160017971403
2026-06-28,0.0
2026-06-29,0.0
2026-06-30,0.0
2026-07-01,0.0
2026-07-02,0.0
2026-07-05,0.0
2026-07-06,0.0
2026-07-07,0.0
2026-07-08,0.0
2026-07-09,0.0
2026-07-12,0.0
2026-07-13,0.0
2026-07-14,0.0
2026-07-15,0.0
2026-07-16,0.0
2026-07-19,0.0
2026-07-20,0.0
2026-07-21,0.0
2026-07-22,0.0
2026-07-23,0.0
2026-07-26,0.0
2026-07-27,0.0
2026-07-28,0.0
2026-07-29,0.0
2026-07-30,0.0
2026-08-02,0.0
2026-08-03,0.0
2026-08-04,0.0
2026-08-05,0.0
2026-08-06,0.0
2026-08-09,0.0
2026-08-10,0.0
2026-08-11,0.0
2026-08-12,0.0
2026-08-13,0.0
2026-08-16,0.0
2026-08-17,0.0
2026-08-18,0.0
2026-08-19,0.0
2026-08-20,0.0
2026-08-23,0.0
