,ret
2012-09-25,0.0
2012-09-26,0.0
2012-09-27,0.0
2012-09-30,0.0
2012-10-01,0.0
2012-10-02,0.0
2012-10-03,0.0
2012-10-04,0.0
2012-10-07,0.0
2012-10-08,0.0
2012-10-09,0.0
2012-10-10,0.0
2012-10-11,0.0
2012-10-14,0.0
2012-10-15,0.0
2012-10-16,0.0
2012-10-17,0.0
2012-10-18,0.0
2012-10-21,0.0
2012-10-22,0.0
2012-10-23,0.0
2012-10-24,0.0
2012-10-25,0.0
2012-10-28,0.0
2012-10-29,0.0
2012-10-30,0.0
2012-10-31,0.0
2012-11-01,0.0
2012-11-04,0.0
2012-11-05,0.0
2012-11-06,0.0
2012-11-07,0.0
2012-11-08,0.0
2012-11-11,0.0
2012-11-12,0.0
2012-11-13,0.0
2012-11-14,0.0
2012-11-15,0.0
2012-11-18,0.0
2012-11-19,0.0003342097375069703
2012-11-20,0.0003342097375069703
2012-11-21,0.0003342097375069703
2012-11-22,0.0003342097375069703
2012-11-25,0.0003342097375069703
2012-11-26,-0.0006143659231701297
2012-11-27,-0.0006143659231701297
2012-11-28,-0.0006143659231701297
2012-11-29,-0.0006143659231701297
2012-12-02,-0.0006143659231701297
2012-12-03,-6.672730705201916e-05
2012-12-04,-6.672730705201916e-05
2012-12-05,-6.672730705201916e-05
2012-12-06,-6.672730705201916e-05
2012-12-09,-6.672730705201916e-05
2012-12-10,0.0
2012-12-11,0.0
2012-12-12,0.0
2012-12-13,0.0
2012-12-16,0.0
2012-12-17,0.0
2012-12-18,0.0
2012-12-19,0.0
2012-12-20,0.0
2012-12-23,0.0
2012-12-24,0.0
2012-12-25,0.0
2012-12-26,0.0
2012-12-27,0.0
2012-12-30,0.0
2012-12-31,0.0
2013-01-01,0.0
2013-01-02,0.0
2013-01-03,0.0
2013-01-06,0.0
2013-01-07,0.0
2013-01-08,0.0
2013-01-09,0.0
2013-01-10,0.0
2013-01-13,0.0
2013-01-14,0.0
2013-01-15,0.0
2013-01-16,0.0
2013-01-17,0.0
2013-01-20,0.0
2013-01-21,0.0
2013-01-22,0.0
2013-01-23,0.0
2013-01-24,0.0
2013-01-27,0.0
2013-01-28,0.0
2013-01-29,0.0
2013-01-30,0.0
2013-01-31,0.0
2013-02-03,0.0
2013-02-04,0.0
2013-02-05,0.0
2013-02-06,0.0
2013-02-07,0.0
2013-02-10,0.0
2013-02-11,0.0
2013-02-12,0.0
2013-02-13,0.0
2013-02-14,0.0
2013-02-17,0.0
2013-02-18,0.0
2013-02-19,0.0
2013-02-20,0.0
2013-02-21,0.0
2013-02-24,0.0
2013-02-25,0.0
2013-02-26,0.0
2013-02-27,0.0
2013-02-28,0.0
2013-03-03,0.0
2013-03-04,0.0
2013-03-05,0.0
2013-03-06,0.0
2013-03-07,0.0
2013-03-10,0.0
2013-03-11,0.0
2013-03-12,0.0
2013-03-13,0.0
2013-03-14,0.0
2013-03-17,0.0
2013-03-18,0.0
2013-03-19,0.0
2013-03-20,0.0
2013-03-21,0.0
2013-03-24,0.0
2013-03-25,0.0
2013-03-26,0.0
2013-03-27,0.0
2013-03-28,0.0
2013-03-31,0.0
2013-04-01,0.0
2013-04-02,0.0
2013-04-03,0.0
2013-04-04,0.0
2013-04-07,0.0
2013-04-08,0.0
2013-04-09,0.0
2013-04-10,0.0
2013-04-11,0.0
2013-04-14,0.0
2013-04-15,0.0
2013-04-16,0.0
2013-04-17,0.0
2013-04-18,0.0
2013-04-21,0.0
2013-04-22,0.0
2013-04-23,0.0
2013-04-24,0.0
2013-04-25,0.0
2013-04-28,0.0
2013-04-29,0.0
2013-04-30,0.0
2013-05-01,0.0
2013-05-02,0.0
2013-05-05,0.0
2013-05-06,0.0
2013-05-07,0.0
2013-05-08,0.0
2013-05-09,0.0
2013-05-12,0.0
2013-05-13,0.0
2013-05-14,0.0
2013-05-15,0.0
2013-05-16,0.0
2013-05-19,0.0
2013-05-20,0.0
2013-05-21,0.0
2013-05-22,0.0
2013-05-23,0.0
2013-05-26,0.0
2013-05-27,0.0
2013-05-28,0.0
2013-05-29,0.0
2013-05-30,0.0
2013-06-02,0.0
2013-06-03,0.0
2013-06-04,0.0
2013-06-05,0.0
2013-06-06,0.0
2013-06-07,0.0013753421149253202
2013-06-09,1.3291352815607835e-05
2013-06-10,0.0007572621023482444
2013-06-11,-0.0004268758932399475
2013-06-12,-0.0008991476933339607
2013-06-13,2.3865041896185166e-05
2013-06-14,0.0006301067050251235
2013-06-16,-0.0007054998006664289
2013-06-17,0.00031136269937963844
2013-06-18,0.00036014411443347145
2013-06-19,0.0004108494275869422
2013-06-20,0.001499825618335419
2013-06-21,-0.0009942942979278056
2013-06-23,0.0011759038703565068
2013-06-24,-0.0010231123525882427
2013-06-25,0.0032705963794826694
2013-06-26,0.0005379508131114046
2013-06-27,0.0032375864902553057
2013-06-28,-0.0007555742573429551
2013-06-30,-0.0003616452106422441
2013-07-01,-0.0013522143726068198
2013-07-02,0.002934631868376585
2013-07-03,-0.0015182914979338146
2013-07-04,0.0027001648746689463
2013-07-05,0.003462306059413021
2013-07-07,0.00023538967573258086
2013-07-08,-0.0024433259850314267
2013-07-09,0.0016339781582999087
2013-07-10,-0.010570559651379208
2013-07-11,-0.0005332349140417496
2013-07-12,-8.936442881688868e-05
2013-07-14,-0.00037038230173877214
2013-07-15,5.566665007176043e-05
2013-07-16,-0.00014477503472800032
2013-07-17,0.0010862644118148229
2013-07-18,-0.0003286084610566795
2013-07-19,0.0001371297490567792
2013-07-21,-0.0016341904948049563
2013-07-22,-0.0015750457464890003
2013-07-23,-0.00018238162706158233
2013-07-24,0.0004410917513580271
2013-07-25,-0.002862677151770502
2013-07-26,0.0007622572582581967
2013-07-28,0.00057647537860258
2013-07-29,4.758751440193704e-06
2013-07-30,-0.0003531335721089964
2013-07-31,0.0005204977348074033
2013-08-01,0.0024091993789002444
2013-08-02,-0.0012885439935464774
2013-08-04,-0.00020211301080778739
2013-08-05,0.00026837158615622235
2013-08-06,0.0008286298063053494
2013-08-07,-0.00026577587779342946
2013-08-08,-0.0014192986935309265
2013-08-09,0.0007557415789066145
2013-08-11,-0.0008642787479985864
2013-08-12,-0.0006185725118912511
2013-08-13,0.00011525243178291957
2013-08-14,-0.0009551482825128468
2013-08-15,-0.0011201714719653983
2013-08-16,-0.0004115616540114426
2013-08-18,-0.00020663900630647802
2013-08-19,0.00025720163865907645
2013-08-20,-7.448351346137974e-05
2013-08-21,-0.0026972726232777342
2013-08-22,-0.0018992222440932685
2013-08-23,-0.0001750513332104668
2013-08-25,-9.206658333900223e-05
2013-08-26,0.0007162769029632214
2013-08-27,0.0027624028713712457
2013-08-28,-0.0013736826672990454
2013-08-29,-0.00218487964723933
2013-08-30,-0.0009445179741455105
2013-09-01,-0.0005644726942486608
2013-09-02,-0.0015447185731348708
2013-09-03,0.0004392920932541759
2013-09-04,-0.0010404804837567479
2013-09-05,0.0003407946867665247
2013-09-06,0.00043371326686991393
2013-09-08,-0.0006165821246332853
2013-09-09,0.0014880586319026997
2013-09-10,0.0024847008615855423
2013-09-11,-0.00026143278451186766
2013-09-12,0.001906553745286964
2013-09-13,-0.0002627861795574753
2013-09-15,-0.00011105273006133934
2013-09-16,0.0012974125450928048
2013-09-17,0.0015023926625384895
2013-09-18,-0.003287710856420578
2013-09-19,0.0021433447770655366
2013-09-20,0.0017191861216701756
2013-09-22,-0.000270140306919935
2013-09-23,-0.0011730073859312976
2013-09-24,-0.0009478688580862239
2013-09-25,0.0009817591121193878
2013-09-26,-0.0018755631058885711
2013-09-27,0.0010429765092264578
2013-09-29,-0.0014480676120464447
2013-09-30,-0.0010206212714754508
2013-10-01,-0.0010026362581430756
2013-10-02,0.004043066494689168
2013-10-03,0.0016964786941427727
2013-10-04,-0.0028388088995150414
2013-10-06,0.001182246890089075
2013-10-07,0.0012450456253262818
2013-10-08,-0.001486755575328093
2013-10-09,-0.003739608755052314
2013-10-10,-0.0008194464382319901
2013-10-11,-0.0010810772337698092
2013-10-13,0.0011917825710929543
2013-10-14,-0.0007259177051880312
2013-10-15,-0.001280574005159435
2013-10-16,0.00037777396951666094
2013-10-17,0.006449643764899771
2013-10-18,0.0011223053238238005
2013-10-20,-0.0005652538388417147
2013-10-21,-0.0012156489073118074
2013-10-22,0.005048704368886596
2013-10-23,0.000995157880103367
2013-10-24,-0.00027551041553968087
2013-10-25,0.0002013014429531274
2013-10-27,-0.0002339666396569492
2013-10-28,-0.00039061460004565586
2013-10-29,-0.0027533567704896974
2013-10-30,0.00012524124994577304
2013-10-31,-0.0051437001543933655
2013-11-01,0.00035277415060170426
2013-11-03,0.00014202165728188115
2013-11-04,0.0009417461384815104
2013-11-05,-0.0002824399405882928
2013-11-06,0.000181393977310471
2013-11-07,-0.0032749188334319198
2013-11-08,0.000470411973862371
2013-11-10,-0.00021664814664919496
2013-11-11,0.0020831956280171877
2013-11-12,0.0011707945182162078
2013-11-13,-0.00019635547808137912
2013-11-14,0.0008824651408980893
2013-11-15,0.0005066370474848346
2013-11-17,-0.00011321923626137418
2013-11-18,0.00020312749946379996
2013-11-19,0.0012782473520831135
2013-11-20,0.0002950912690821643
2013-11-21,0.002679909539222863
2013-11-22,0.0017229850897500188
2013-11-24,0.0014123555974530557
2013-11-25,-0.0019270791161621111
2013-11-26,0.0017002348104461812
2013-11-27,0.0012422836110500802
2013-11-28,0.0009006527667552329
2013-11-29,-0.0009322791432772063
2013-12-01,0.0007214256079330783
2013-12-02,0.00441835573261453
2013-12-03,-0.0009346055296401937
2013-12-04,-0.0024862642546320153
2013-12-05,0.0019498566879858
2013-12-06,0.0029065002664820845
2013-12-08,0.000206117198215858
2013-12-09,0.00044140780011233294
2013-12-10,-0.0028785358445120217
2013-12-11,0.0006018030537359831
2013-12-12,0.005022031281846074
2013-12-13,-0.002345024873700939
2013-12-15,-0.0001348451289462029
2013-12-16,-6.179520428867764e-05
2013-12-17,0.000849556561020861
2013-12-18,0.0007951986344826223
2013-12-19,0.002584598691962129
2013-12-20,-0.0005853631582503535
2013-12-22,0.00019848458726398684
2013-12-23,0.0009004776435023573
2013-12-24,-0.0006732658987198086
2013-12-25,0.0
2013-12-26,0.0015161556334504509
2013-12-27,0.0008537189974428264
2013-12-29,0.0004141736102175237
2013-12-30,0.00177490949121863
2013-12-31,-0.0008756497151134244
2014-01-01,-0.0019628994883880554
2014-01-02,-0.004954411104760364
2014-01-03,-0.0011400475792005243
2014-01-05,-0.001233766996257126
2014-01-06,0.0010173387369406977
2014-01-07,0.0022620488531532594
2014-01-08,-0.0012986937301113126
2014-01-09,0.0002602286127352622
2014-01-10,-0.0014486094168122384
2014-01-12,-0.0012638041915700976
2014-01-13,-0.0007257102726755661
2014-01-14,0.002135202459057565
2014-01-15,-0.00010423139953149088
2014-01-16,-0.0007384372214766458
2014-01-17,-0.0031121998859027526
2014-01-19,-0.0008980670810454043
2014-01-20,0.0016163628887210816
2014-01-21,0.0007852054556165167
2014-01-22,0.00025609570737150194
2014-01-23,0.00041645905098315774
2014-01-24,-0.002289722286615577
2014-01-26,0.00023214110177683351
2014-01-27,0.0012047615060871817
2014-01-28,0.0004750614886295168
2014-01-29,-0.0018361252881147416
2014-01-30,-0.0010142105555562152
2014-01-31,-0.002077030058107463
2014-02-02,0.00030747966380697335
2014-02-03,-0.0017337479989694058
2014-02-04,0.0005513698212583963
2014-02-05,0.0002681948560403969
2014-02-06,0.002270416601088356
2014-02-07,0.0012348228265150224
2014-02-09,-0.0003494552340450418
2014-02-10,-0.00025912485169416995
2014-02-11,-0.0007275036508614901
2014-02-12,-0.001403778362884031
2014-02-13,0.0028598123983517064
2014-02-14,0.001410934083572005
2014-02-16,0.0005921758940348753
2014-02-17,0.0013180401042649514
2014-02-18,0.0005436651245257272
2014-02-19,-0.0009458748250957046
2014-02-20,0.0002163044017925727
2014-02-21,0.0011683083360617928
2014-02-23,-0.0006700172646108584
2014-02-24,0.0015455867872922653
2014-02-25,0.00042766256289445315
2014-02-26,-0.0026493626474834815
2014-02-27,-0.000640135965608373
2014-02-28,0.003015603751299205
2014-03-02,0.0005554431630312792
2014-03-03,-0.0007707436027358796
2014-03-04,-0.0026008773352224767
2014-03-05,-0.0009817442008556636
2014-03-06,0.005285544497162226
2014-03-07,-0.001193220545907502
2014-03-09,-0.000748850695946703
2014-03-10,0.0008533597625752717
2014-03-11,0.0008587709009169559
2014-03-12,0.001809342087138221
2014-03-13,0.000860516988599056
2014-03-14,0.002756596238888485
2014-03-16,-0.0005201617248158705
2014-03-17,-0.0018862230852037557
2014-03-18,0.0003804652473460928
2014-03-19,-0.006592286146018655
2014-03-20,-0.0008418978849406551
2014-03-21,0.000533604940822732
2014-03-23,-0.0010628549395883993
2014-03-24,0.00024245473905212323
2014-03-25,-0.0006672125166556084
2014-03-26,-0.00033405396670918276
2014-03-27,-0.002400361548450716
2014-03-28,-0.00113482554252134
2014-03-30,-7.729739620759516e-05
2014-03-31,-0.0012868601939515505
2014-04-01,-0.0004090697207133605
2014-04-02,-0.00044849697117815195
2014-04-03,-0.0015901034988750951
2014-04-04,0.0028117229046265967
2014-04-06,-0.0002223577696678464
2014-04-07,0.001707539390478261
2014-04-08,0.004391157999234961
2014-04-09,0.0017942473374901213
2014-04-10,0.0021653370737858934
2014-04-11,-0.00048312796042598627
2014-04-13,-2.9612701404758812e-05
2014-04-14,-0.00211099774529426
2014-04-15,-0.0029745999246435628
2014-04-16,0.0015448388523067228
2014-04-17,-0.002227868497506296
2014-04-18,-0.00022405293702273897
2014-04-20,-0.0012664028757430918
2014-04-21,0.0011431415585778405
2014-04-22,0.0021500567092140595
2014-04-23,0.001956197490972552
2014-04-24,0.0017325685031925025
2014-04-25,0.0027590338939529157
2014-04-27,0.0010316732384449824
2014-04-28,-0.000547706252503957
2014-04-29,-0.002571493569101083
2014-04-30,0.001441922742891613
2014-05-01,-0.0020283894088341825
2014-05-02,0.0028714745066080773
2014-05-04,0.0019671348177842194
2014-05-05,0.00018743393047070686
2014-05-06,-0.003918380734901172
2014-05-07,-0.0026674844470003655
2014-05-08,-0.004514639068303396
2014-05-09,-0.0021100006498961333
2014-05-11,0.000577398349023027
2014-05-12,0.004598828280879329
2014-05-13,0.0003299977184204392
2014-05-14,0.0010557914067098994
2014-05-15,-0.0007623230909949199
2014-05-16,-0.001825535600905309
2014-05-18,7.041077749217104e-05
2014-05-19,0.002160872180557893
2014-05-20,0.0001413931078698348
2014-05-21,0.005213032079502528
2014-05-22,-1.677503025541082e-05
2014-05-23,0.001348894275354924
2014-05-25,-0.0001966866455298412
2014-05-26,0.004298474649713535
2014-05-27,0.0053930843847880125
2014-05-28,-0.0013094980797503806
2014-05-29,-0.00013998572301022216
2014-05-30,0.004285726081256533
2014-06-01,-5.042577442351123e-05
2014-06-02,-0.000563525782654025
2014-06-03,0.0007969648180533534
2014-06-04,0.0009126621229819532
2014-06-05,0.0026303094557743557
2014-06-06,0.0011610259779826532
2014-06-08,-0.00019175261903116203
2014-06-09,-0.007134062589889463
2014-06-10,-0.004805000354801021
2014-06-11,-0.0006476094328652534
2014-06-12,-0.00016522864179987161
2014-06-13,0.0004241648039153054
2014-06-15,-0.00042309468241751453
2014-06-16,0.00020540812578559821
2014-06-17,0.0023332655918532224
2014-06-18,-0.0008379526090623337
2014-06-19,-0.008720087082282337
2014-06-20,0.002056498995727859
2014-06-22,0.0005921328537639125
2014-06-23,-0.004063517245997465
2014-06-24,0.0003363158508209286
2014-06-25,0.00044831247446643703
2014-06-26,-0.0013423086098900874
2014-06-27,0.0009260571312259738
2014-06-29,-6.0192881411774346e-05
2014-06-30,0.0017337790743651724
2014-07-01,0.0027337210733009093
2014-07-02,-0.0035540626880284226
2014-07-03,0.0034328677486692772
2014-07-04,0.0008576542409754398
2014-07-06,-0.00022190269544904143
2014-07-07,-0.0024988941765257916
2014-07-08,-0.0029981241223497835
2014-07-09,0.004531084366891545
2014-07-10,0.000910810328995481
2014-07-11,0.006171581203915115
2014-07-13,-0.0005022898327618813
2014-07-14,-0.0020383679155322014
2014-07-15,0.004236802371430326
2014-07-16,-0.0009352145772959783
2014-07-17,-0.011008445956533865
2014-07-18,0.006023442441986524
2014-07-20,-0.0004722645319395065
2014-07-21,-0.0006366350462140525
2014-07-22,0.0038489043655362872
2014-07-23,-0.0008047782097102373
2014-07-24,-0.004729783838411585
2014-07-25,0.002908910223052273
2014-07-27,0.0007845217799765995
2014-07-28,0.0005379938454069571
2014-07-29,0.0003477694615913205
2014-07-30,9.968085875872862e-05
2014-07-31,-0.003802985716650788
2014-08-01,-0.007902217264630203
2014-08-03,0.0019038942038716365
2014-08-04,-0.001095863612493764
2014-08-05,-0.000732457894527808
2014-08-06,-0.0036799024205239157
2014-08-07,-0.00868529812875248
2014-08-08,0.0010930756595344613
2014-08-10,0.0019446875540316347
2014-08-11,0.004689382754791176
2014-08-12,0.0007884490969153479
2014-08-13,0.0055894248851330736
2014-08-14,0.0033609004575853203
2014-08-15,-0.005156358311500432
2014-08-17,0.00029915614452300963
2014-08-18,0.00688495196381501
2014-08-19,0.00996889200507551
2014-08-20,0.007623800863598264
2014-08-21,2.9955305177803598e-05
2014-08-22,0.0025591774684852525
2014-08-24,0.003780695897964261
2014-08-25,-0.001889242024278726
2014-08-26,0.0023522294173754857
2014-08-27,-0.004402956931744475
2014-08-28,-0.0004342805426101245
2014-08-29,0.0037870304239608034
2014-08-31,0.0010840834254134337
2014-09-01,0.0034952068816621767
2014-09-02,0.0025476457909732863
2014-09-03,-0.005417729294892019
2014-09-04,0.010493604500152584
2014-09-05,0.0031382868768158943
2014-09-07,-0.0005805287398353497
2014-09-08,0.004196619248114128
2014-09-09,-0.004083852791860633
2014-09-10,0.004721724983547996
2014-09-11,0.003595484839363669
2014-09-12,-0.001866500962206773
2014-09-14,-0.00127342214998943
2014-09-15,-0.003038073720986469
2014-09-16,0.0005269904919201344
2014-09-17,0.011440640704268102
2014-09-18,0.0061318617520197335
2014-09-19,0.001508393593700035
2014-09-21,-0.0013208350586703828
2014-09-22,-0.0026697094585121156
2014-09-23,-0.0031246004508415984
2014-09-24,0.00772804614544202
2014-09-25,-0.007113765594886283
2014-09-26,0.004950227966364802
2014-09-28,0.00010198964231042225
2014-09-29,-0.0038936494556268825
2014-09-30,0.010300551107592005
2014-10-01,-0.011640840537356069
2014-10-02,0.0017177716196456296
2014-10-03,0.01209405174086376
2014-10-05,0.0006965937558188854
2014-10-06,-0.007225861437337256
2014-10-07,-0.0025777776871677063
2014-10-08,0.0007739491452970057
2014-10-09,0.0018931796015588742
2014-10-10,-0.0037815546013129225
2014-10-12,-0.003228049607420606
2014-10-13,-0.0019867572308275355
2014-10-14,0.005834013773359215
2014-10-15,-0.00665197621348436
2014-10-16,-0.0013039369221567792
2014-10-17,0.002020460786257853
2014-10-19,0.0004479077368006638
2014-10-20,-8.605851568645543e-05
2014-10-21,0.003812077542282779
2014-10-22,0.0032616750465994946
2014-10-23,0.0019387843564006382
2014-10-24,0.001109400823563871
2014-10-26,-0.000288322555730614
2014-10-27,0.0006180238606860491
2014-10-28,-0.0006912737801600361
2014-10-29,0.003705695796441868
2014-10-30,0.0038212139436293677
2014-10-31,0.0145536709489754
2014-11-02,0.0014255437994091223
2014-11-03,0.003047831551169606
2014-11-04,0.0015384057381385668
2014-11-05,0.00045413956188403994
2014-11-06,0.006544046200428937
2014-11-07,-0.008564075576077352
2014-11-09,-0.0006156430636824954
2014-11-10,0.007132457721162835
2014-11-11,-0.0014456691735379174
2014-11-12,0.000955878793279149
2014-11-13,0.0040100992443889115
2014-11-14,-0.004218066181589601
2014-11-16,-0.0017898773090508626
2014-11-17,0.00280381669705091
2014-11-18,0.0014237138151518382
2014-11-19,0.00044770037735495245
2014-11-20,-0.0025429334143606255
2014-11-21,0.0017469487925377322
2014-11-23,-6.135694522211053e-05
2014-11-24,0.0014369806961431941
2014-11-25,0.001370866786910907
2014-11-26,0.0014630753292659566
2014-11-27,0.006522262266413336
2014-11-28,0.004271267293097573
2014-11-30,0.0022736965004257715
2014-12-01,-0.00841810675003868
2014-12-02,0.0034576483547137534
2014-12-03,0.0014341188452600428
2014-12-04,0.00048518643111252374
2014-12-05,0.0038499417365387106
2014-12-07,-7.393863464686071e-05
2014-12-08,-0.001766448961290573
2014-12-09,-0.004812844580728872
2014-12-10,-0.0018836156303444426
2014-12-11,0.0030444878040301947
2014-12-12,-0.0018283887780641765
2014-12-14,0.0003115702841424493
2014-12-15,-0.00023302535111204519
2014-12-16,-0.0026973246435086228
2014-12-17,0.0058344651478971134
2014-12-18,0.00825250563804843
2014-12-19,-0.001308610515517899
2014-12-21,-0.0005250961121819618
2014-12-22,0.003858539346778517
2014-12-23,0.0006167388573837322
2014-12-24,0.0003345460732170698
2014-12-25,-0.0005819520535612011
2014-12-26,0.0020941252957260353
2014-12-28,-0.0011626868367190948
2014-12-29,0.0027338295967280317
2014-12-30,-0.003377091648376353
2014-12-31,-0.0018774235096462376
2015-01-01,0.0030503203670184512
2015-01-02,-0.0005405141200786772
2015-01-04,0.002191893577372065
2015-01-05,-0.00539641497519681
2015-01-06,0.0016371199186483686
2015-01-07,0.0036906887544528376
2015-01-08,0.00203072478781347
2015-01-09,-0.0032845204573523014
2015-01-11,-0.00027202987625652184
2015-01-12,0.002358651944159111
2015-01-13,-0.002180837347192833
2015-01-14,-0.0006176526241559264
2015-01-15,-0.004170099994880104
2015-01-16,0.006981292069094856
2015-01-18,-0.0009021710058231172
2015-01-19,-0.0019440124545445148
2015-01-20,-0.0010336821766284688
2015-01-21,-0.004068790861647607
2015-01-22,0.007725936726544756
2015-01-23,0.002333012673383149
2015-01-25,-0.0030172306437546517
2015-01-26,0.0026415885200934464
2015-01-27,-0.0005043390954639521
2015-01-28,-0.0015599501933941373
2015-01-29,0.00020615466335074817
2015-01-30,-0.007597328045613068
2015-02-01,0.0022793188808192194
2015-02-02,0.0030709256377511045
2015-02-03,0.00336483503078982
2015-02-04,0.00698663260913607
2015-02-05,0.0032165591836690404
2015-02-06,0.0005588393827557599
2015-02-08,0.0024184083217714735
2015-02-09,-0.0014151521689967604
2015-02-10,0.00587636123520358
2015-02-11,0.0002020284516865142
2015-02-12,-0.0016711921124711515
2015-02-13,0.0020806889188995418
2015-02-15,-0.0009120217299143699
2015-02-16,-0.0012098431300339445
2015-02-17,-8.67781212187486e-05
2015-02-18,0.003009938577125492
2015-02-19,0.0005494930968124666
2015-02-20,0.0018348730532523874
2015-02-22,-0.00024508735557943277
2015-02-23,0.000909406630008667
2015-02-24,0.001047942837616002
2015-02-25,0.0013144658059255447
2015-02-26,0.003966383293921742
2015-02-27,0.002324433027823373
2015-02-28,0.0
2015-03-01,0.0070131825079705595
2015-03-02,-0.0014398514796883262
2015-03-03,-0.001392952423279195
2015-03-04,0.0033354206017735064
2015-03-05,0.0019879445969850666
2015-03-06,-0.003405638587650614
2015-03-07,0.0
2015-03-08,-0.0011586922174072784
2015-03-09,0.003643110821789686
2015-03-10,-0.002537024443787153
2015-03-11,0.007603366577091442
2015-03-12,-0.0010491485590619148
2015-03-13,0.0013574369437633314
2015-03-14,0.0
2015-03-15,-0.0003028925059665076
2015-03-16,0.00544312433587431
2015-03-17,-0.001318746592769272
2015-03-18,-0.007334077834915836
2015-03-19,0.0018799218228523894
2015-03-20,-0.000846480273101095
2015-03-21,0.0
2015-03-22,0.002707662976189567
2015-03-23,-0.007668120748471224
2015-03-24,-0.0010875075530234913
2015-03-25,-0.01717570856725926
2015-03-26,0.006154185773068843
2015-03-27,-0.0018600864783359726
2015-03-28,0.0
2015-03-29,0.002029852846286712
2015-03-30,0.007144211106204192
2015-03-31,-0.010824619413364284
2015-04-01,0.0024229882591448536
2015-04-02,-0.0019055547103450131
2015-04-03,-0.007335654753173899
2015-04-04,0.0
2015-04-05,0.0012301370064562785
2015-04-06,0.004113509030553901
2015-04-07,0.0050993834380649965
2015-04-08,0.0036865045426063897
2015-04-09,0.0072990842309777725
2015-04-10,0.006035389094642102
2015-04-11,0.0
2015-04-12,-0.0012298905283363475
2015-04-13,-0.001648829213207581
2015-04-14,-0.0020356634152036207
2015-04-15,-0.0009262835199417658
2015-04-16,-0.007879296718252667
2015-04-17,-0.012877837752380175
2015-04-18,0.0
2015-04-19,0.003596685576708457
2015-04-20,0.011908544806783324
2015-04-21,0.003354650492399162
2015-04-22,0.0036223311940514055
2015-04-23,-0.00232019357962045
2015-04-24,-0.000685056041146882
2015-04-25,0.0
2015-04-26,-0.0008373038993408973
2015-04-27,-0.0015649936331476478
2015-04-28,-0.00733806708004891
2015-04-29,-0.008094615297753838
2015-04-30,-0.002776359338204709
2015-05-01,0.0072992100605417075
2015-05-02,0.0
2015-05-03,-0.0018606077780871783
2015-05-04,0.00380329045262742
2015-05-05,-0.008950493923617197
2015-05-06,-0.007032248044429531
2015-05-07,0.003965746476796749
2015-05-08,0.006618722500775317
2015-05-09,0.0
2015-05-10,0.0004872699701493911
2015-05-11,-0.0016259792154449011
2015-05-12,8.467250372474947e-05
2015-05-13,-0.008590883016617073
2015-05-14,0.0020722843817818936
2015-05-15,-0.0004905775788839626
2015-05-16,0.0
2015-05-17,0.0013201337871765033
2015-05-18,0.008851185023909658
2015-05-19,0.0060573369894993566
2015-05-20,0.0023982932072479928
2015-05-21,0.0022741619766234056
2015-05-22,0.005536011684300299
2015-05-23,0.0
2015-05-24,0.00170880187429446
2015-05-25,0.0006791119740679315
2015-05-26,-4.9908805628985815e-05
2015-05-27,0.007318387081164746
2015-05-28,-0.0028189453378150773
2015-05-29,-0.00044176774970410134
2015-05-30,0.0
2015-05-31,0.001233462446781527
2015-06-01,0.003985543650607718
2015-06-02,-0.011514223306200722
2015-06-03,-0.0003541779367299705
2015-06-04,-0.004007073037803238
2015-06-05,0.008148005925281115
2015-06-06,0.0
2015-06-07,-0.002764614903970331
2015-06-08,-0.008708736650313903
2015-06-09,0.00397864179745548
2015-06-10,0.0006521796015223694
2015-06-11,0.0004833194538942154
2015-06-12,-0.0033536957994378764
2015-06-13,0.0
2015-06-14,-0.0012910783670515773
2015-06-15,-0.0011686862453497626
2015-06-16,0.00039999419691702986
2015-06-17,-0.004103546386988057
2015-06-18,0.005053838886274662
2015-06-19,-0.003549659530925412
2015-06-20,0.0
2015-06-21,0.0026989503415676287
2015-06-22,0.00701296500586512
2015-06-23,0.0008685310634693837
2015-06-24,-0.003977405191127769
2015-06-25,-0.0035167123381358145
2015-06-26,0.0021863762267768628
2015-06-27,-0.00047147784900610797
2015-06-28,-0.008661073739491872
2015-06-29,-0.0063851957969755825
2015-06-30,0.0010304056013223744
2015-07-01,0.007962824922293655
2015-07-02,-0.0006020629660044021
2015-07-03,0.0008174821438456147
2015-07-04,0.0
2015-07-05,-0.0009107108351599035
2015-07-06,0.005735525897295406
2015-07-07,-0.0007518608982175947
2015-07-08,-0.0073106888493847605
2015-07-09,0.0009044553938909964
2015-07-10,0.0032493950358143393
2015-07-11,0.0
2015-07-12,0.001469220316706901
2015-07-13,0.008495420272162761
2015-07-14,-0.0015614487066210863
2015-07-15,0.006154487255813006
2015-07-16,0.0053676418726535495
2015-07-17,0.004563522830370046
2015-07-18,0.0
2015-07-19,0.0028008585708122506
2015-07-20,0.0026113758308245485
2015-07-21,-0.005170337285326233
2015-07-22,0.0028573663807687478
2015-07-23,0.0009979202612976396
2015-07-24,-0.004744542121488025
2015-07-25,0.0
2015-07-26,-0.0007549201430019539
2015-07-27,8.729292777004864e-05
2015-07-28,-0.0016936128921948774
2015-07-29,0.0022740030478647557
2015-07-30,0.0031730613499560806
2015-07-31,0.0020398863319192684
2015-08-01,0.0
2015-08-02,-0.00039021054382925717
2015-08-03,0.004649516528609794
2015-08-04,0.0009018382587860616
2015-08-05,0.003965549507352507
2015-08-06,-0.0031190970667162444
2015-08-07,0.0002042377858016404
2015-08-08,0.0
2015-08-09,0.0015717773996291216
2015-08-10,-0.0010419150172423079
2015-08-11,-0.0018398402710797313
2015-08-12,-0.002661707044591487
2015-08-13,0.0034252335685420335
2015-08-14,0.0009523520670960731
2015-08-15,0.0
2015-08-16,0.0008866260104648145
2015-08-17,0.002050198058028802
2015-08-18,-0.003100750128990822
2015-08-19,-0.003726904475085278
2015-08-20,-0.012730331150898385
2015-08-21,-0.0024390162975447397
2015-08-22,0.0
2015-08-23,0.004561791539941387
2015-08-24,0.005306912863542547
2015-08-25,-0.0008231802543231269
2015-08-26,-0.008717408339195222
2015-08-27,-0.011121960128108491
2015-08-28,-0.0024416653625790484
2015-08-29,0.0
2015-08-30,0.0012480491681764196
2015-08-31,0.0028749813856100716
2015-09-01,0.011784085536764096
2015-09-02,0.005394050819372498
2015-09-03,0.006281566660140418
2015-09-04,-0.00020395933627346828
2015-09-05,0.0
2015-09-06,0.010057907385052186
2015-09-07,0.002022070847921225
2015-09-08,0.0007718773384971081
2015-09-09,0.006664284601643818
2015-09-10,0.0001761935075884443
2015-09-11,0.0014917617869147056
2015-09-12,0.0
2015-09-13,0.001833927423999327
2015-09-14,-0.028008793195142604
2015-09-15,-0.0206247847938517
2015-09-16,-0.01327177789635498
2015-09-17,-0.007304236451686093
2015-09-18,-0.0008558929247579403
2015-09-19,0.0
2015-09-20,-0.005576649928679759
2015-09-21,0.0016994841869267694
2015-09-22,0.0027583877621132537
2015-09-23,0.004015675048468406
2015-09-24,0.0043350385346303455
2015-09-25,0.0010679850205356227
2015-09-26,0.0
2015-09-27,0.004588728165015133
2015-09-28,0.0019452342435435001
2015-09-29,0.0006047529488691434
2015-09-30,-0.00226442926543422
2015-10-01,0.0016611014978769646
2015-10-02,-0.0008813420297298206
2015-10-03,0.0
2015-10-04,0.0014944199649146875
2015-10-05,0.0005557070688698618
2015-10-06,0.007066771990340954
2015-10-07,0.0007033871618778208
2015-10-08,0.005732571435074275
2015-10-09,0.0012168993095115104
2015-10-10,0.0
2015-10-11,0.003609916112680412
2015-10-12,0.003132610065504733
2015-10-13,0.005017693507330173
2015-10-14,0.007314360275893161
2015-10-15,0.0027979585360571936
2015-10-16,-0.0005194065541273903
2015-10-17,0.0
2015-10-18,0.00663053013248784
2015-10-19,-0.0015790656171980864
2015-10-20,0.0005952940506959242
2015-10-21,0.0007875177280392454
2015-10-22,-0.003570894329999607
2015-10-23,0.0009339214693103675
2015-10-24,0.0
2015-10-25,-0.00034699214987658804
2015-10-26,0.0010569996659595576
2015-10-27,-0.0001310430811565438
2015-10-28,-0.005097843378642048
2015-10-29,0.0016708983798604299
2015-10-30,0.0004891188853064409
2015-10-31,0.0
2015-11-01,-0.00027304230145694933
2015-11-02,0.0017281203693883635
2015-11-03,0.0017640776393593415
2015-11-04,0.0010700362862290397
2015-11-05,-0.0009026161983139154
2015-11-06,0.007656911334771338
2015-11-07,0.0
2015-11-08,0.00032275219736057487
2015-11-09,-0.0015421877260386025
2015-11-10,-0.00016217710154773474
2015-11-11,0.0015028560385692597
2015-11-12,0.0005197579668924912
2015-11-13,-0.00036507008698647044
2015-11-14,0.0
2015-11-15,0.0002960366879806833
2015-11-16,0.005042563808249428
2015-11-17,0.0027651778717952603
2015-11-18,0.0003839848770296092
2015-11-19,-0.004557353584540061
2015-11-20,0.00514429640212965
2015-11-21,0.0006975026307711152
2015-11-22,0.0035838070236226044
2015-11-23,-0.004369777060185448
2015-11-24,-0.005084316888800268
2015-11-25,0.0019202573469418273
2015-11-26,0.002425280603545274
2015-11-27,0.0029574470595047243
2015-11-28,0.0
2015-11-29,-0.0006591799916024395
2015-11-30,0.0014693924572164135
2015-12-01,0.0008897169547746388
2015-12-02,0.005183345095630929
2015-12-03,-0.02447874115852796
2015-12-04,0.008422522065364235
2015-12-05,0.0
2015-12-06,0.003006114809089322
2015-12-07,0.0047256159952077355
2015-12-08,-0.004102948836645986
2015-12-09,-0.0034114750770982767
2015-12-10,0.005599606774609192
2015-12-11,-0.004019263151973291
2015-12-12,0.0
2015-12-13,-0.0003109527406574223
2015-12-14,-0.002783270400594126
2015-12-15,-0.004239406713411591
2015-12-16,0.009216191758810128
2015-12-17,0.0011857749643646883
2015-12-18,-0.00298569304759583
2015-12-19,0.0
2015-12-20,-0.0049686415326855755
2015-12-21,-0.0021444461618152664
2015-12-22,-0.0014217074678106083
2015-12-23,-0.004152301783140251
2015-12-24,-0.0026208702044028336
2015-12-26,0.0
2015-12-27,0.0007566761321703479
2015-12-28,0.003485257007046856
2015-12-29,0.0006820931314476772
2015-12-30,0.0017103188648838498
2015-12-31,-0.0009312397602135751
2016-01-02,-0.0002588546019119958
2016-01-03,-0.004163248443994695
2016-01-04,0.0026416484031835676
2016-01-05,0.00431415349245845
2016-01-06,0.010665843788771522
2016-01-07,-0.0028738722261933136
2016-01-08,0.008444846148406258
2016-01-09,0.0
2016-01-10,0.0008225960194107255
2016-01-11,0.007580614383051928
2016-01-12,-0.00532991656833784
2016-01-13,0.007332965357736176
2016-01-14,-0.001704120414882037
2016-01-15,0.0065918897842147245
2016-01-16,0.0
2016-01-17,0.002254836554904207
2016-01-18,-0.0025000056653266553
2016-01-19,0.005707971655460905
2016-01-20,0.002233233623384269
2016-01-21,-0.008394910062800005
2016-01-22,-0.012299901801840209
2016-01-23,0.0
2016-01-24,-0.0010003907331524974
2016-01-25,0.010990756245930548
2016-01-26,-0.005665809914570018
2016-01-27,-0.0028422808990032876
2016-01-28,-0.006625691502959143
2016-01-29,-0.0018638677544958323
2016-01-30,0.0
2016-01-31,0.0014571277584989818
2016-02-01,0.0023752738685038012
2016-02-02,0.005236054234273721
2016-02-03,-0.011647615451098261
2016-02-04,0.006466010421304071
2016-02-05,0.004098308843469527
2016-02-06,0.0
2016-02-07,-0.0026378463712915866
2016-02-08,0.02118763964681059
2016-02-09,0.011551350575357179
2016-02-10,0.010240979306983597
2016-02-11,0.006313964333721723
2016-02-12,-0.004770684942016536
2016-02-13,0.0
2016-02-14,0.0035901847597165464
2016-02-15,-0.006167804408404482
2016-02-16,0.004579943173188798
2016-02-17,-0.006844731877136019
2016-02-18,0.0031411512958349807
2016-02-19,0.0008218412470380145
2016-02-20,0.0
2016-02-21,-0.004557205098863015
2016-02-22,0.005467692508742399
2016-02-23,0.011659867197617859
2016-02-24,0.004705877791247662
2016-02-25,0.005876288711496734
2016-02-26,0.002571669812555462
2016-02-27,0.0
2016-02-28,0.009427517087104511
2016-02-29,0.0019184601508138567
2016-03-01,0.0021486393264093942
2016-03-02,0.0006981878065515212
2016-03-03,-0.002307199809721144
2016-03-04,7.112221560524045e-05
2016-03-05,0.0
2016-03-06,0.0005449529717710353
2016-03-07,0.00698999641771725
2016-03-08,0.0063286964534788465
2016-03-09,0.00784608058766535
2016-03-10,0.003663581667470112
2016-03-11,-0.0002891803575634996
2016-03-12,0.0
2016-03-13,0.006430159714493419
2016-03-14,-0.004819319831671201
2016-03-15,-0.0013525296336733953
2016-03-16,-0.0006792881698896246
2016-03-17,0.0025876630114825038
2016-03-18,-0.00238333986141793
2016-03-19,0.0
2016-03-20,-0.0008387116420723482
2016-03-21,0.0007872739884349099
2016-03-22,-2.5824331948090687e-05
2016-03-23,-0.002705449944688212
2016-03-24,0.0006083215552620833
2016-03-25,-6.26027003059802e-05
2016-03-26,0.0
2016-03-27,-8.988242035445956e-05
2016-03-28,-0.0018017962184002866
2016-03-29,0.0006748139288294788
2016-03-30,-0.000373046901153519
2016-03-31,0.0023993551971822646
2016-04-01,0.0016632164568789257
2016-04-02,0.0
2016-04-03,-0.00037868435665862023
2016-04-04,-0.0021437561955222027
2016-04-05,0.0017099490205296855
2016-04-06,0.004386406431015108
2016-04-07,-0.003645878471603081
2016-04-08,0.0036196165233677237
2016-04-09,0.0
2016-04-10,0.0012174253843407405
2016-04-11,-0.0011466409218884072
2016-04-12,0.002184452381044242
2016-04-13,-0.0038607311908782473
2016-04-14,8.811096314578244e-05
2016-04-15,-0.0024565565035476987
2016-04-16,0.0
2016-04-17,-0.004200390385800187
2016-04-18,0.0023773825154917243
2016-04-19,0.0006748707427996721
2016-04-20,0.006710040839652658
2016-04-21,-0.0035440093399846944
2016-04-22,-0.0010609184538148226
2016-04-23,0.0
2016-04-24,-0.0014387061845245025
2016-04-25,-0.00023601827223761597
2016-04-26,-0.00017704581108661475
2016-04-27,-0.0005469980979958063
2016-04-28,0.0030404836706366635
2016-04-29,0.0038119986944806536
2016-04-30,0.0
2016-05-01,-0.0008007225811313424
2016-05-02,-0.0022301371588109168
2016-05-03,-0.006560846633803278
2016-05-04,0.0029231161041515068
2016-05-05,-0.0015870654360356953
2016-05-06,-0.0019167062878585443
2016-05-07,0.0
2016-05-08,0.0018582976387482753
2016-05-09,-0.011055093022987064
2016-05-10,-0.0039406249885234656
2016-05-11,0.004500475391425135
2016-05-12,-0.0013306658998010086
2016-05-13,0.00017508344209526166
2016-05-14,0.0
2016-05-15,-0.0035124553012783354
2016-05-16,0.020058628558886724
2016-05-17,0.023434270174688052
2016-05-18,0.014702681033737699
2016-05-19,0.01818789485136072
2016-05-20,-0.0018261820576367062
2016-05-21,0.0
2016-05-22,0.013658043146406451
2016-05-23,-0.000702143222268934
2016-05-24,-0.0011095842382413607
2016-05-25,0.0012689656772611904
2016-05-26,-0.001449681620650924
2016-05-27,-0.0005104139723186693
2016-05-28,0.0
2016-05-29,-0.0007733173830155053
2016-05-30,0.0005025432696021846
2016-05-31,-0.0015303735836896476
2016-06-01,0.0025104002625259197
2016-06-02,-8.965580645277955e-05
2016-06-03,0.00331557325734965
2016-06-04,0.0
2016-06-05,-0.00029619319206015325
2016-06-06,0.0008069744829161788
2016-06-07,0.0027436001512989912
2016-06-08,0.003881547163652497
2016-06-09,-0.004790107059939505
2016-06-10,-0.00402417470796319
2016-06-11,0.0
2016-06-12,-0.0003176131940745201
2016-06-13,0.0028695990101200285
2016-06-14,-0.003296716828384315
2016-06-15,0.0024240279900518465
2016-06-16,-0.003318884905884869
2016-06-17,0.005855968791079696
2016-06-18,0.0
2016-06-19,0.0004222734259834544
2016-06-20,0.0032478774974819442
2016-06-21,-0.0009596257694878061
2016-06-22,-0.0006192869097460813
2016-06-23,-0.005477842127236797
2016-06-24,0.0020843396711464784
2016-06-25,0.0
2016-06-26,-0.00042060540318487806
2016-06-27,-0.0010204117164300316
2016-06-28,-0.0015376872237170792
2016-06-29,0.0029031829853027403
2016-06-30,-0.0025057808904090997
2016-07-01,0.0027052946363613525
2016-07-02,0.0
2016-07-03,-0.0014567729812026992
2016-07-04,-0.0013704141125604158
2016-07-05,-0.004999739730866412
2016-07-06,-0.006119838743951079
2016-07-07,0.005275367136904198
2016-07-08,0.0004209108864686585
2016-07-09,0.0
2016-07-10,-0.0006954025762830364
2016-07-11,-0.0033718612770218277
2016-07-12,-0.006055192251241091
2016-07-13,0.003361715357974141
2016-07-14,-0.0016759686981461532
2016-07-15,-0.0024741359374876055
2016-07-16,0.0
2016-07-17,0.000856840206222966
2016-07-18,0.0025520945815504827
2016-07-19,-0.0017630825337981485
2016-07-20,-0.0013078944322415416
2016-07-21,0.0038673732024989515
2016-07-22,0.001917006818681859
2016-07-23,0.0
2016-07-24,8.070715070007594e-05
2016-07-25,0.004436836907393127
2016-07-26,0.0012790331973201827
2016-07-27,0.004865720694720987
2016-07-28,0.0038265748785188372
2016-07-29,0.001998272298051302
2016-07-30,0.0
2016-07-31,-0.0017685768222043439
2016-08-01,0.006094665010259133
2016-08-02,0.0022842446645472006
2016-08-03,-0.005720033569292759
2016-08-04,-0.001754300401080383
2016-08-05,-0.0016052859848572367
2016-08-06,0.0
2016-08-07,0.000305563753880172
2016-08-08,-0.003953237176845775
2016-08-09,0.0002036152545294722
2016-08-10,0.003912102004604073
2016-08-11,-0.00846781228089826
2016-08-12,-0.002199823143110603
2016-08-13,0.0
2016-08-14,-0.0006121063223979233
2016-08-15,-0.0010368821577800883
2016-08-16,-0.0038928102734463285
2016-08-17,-0.00091352248350777
2016-08-18,-0.003712847263195235
2016-08-19,-0.0020889671721770857
2016-08-20,0.0
2016-08-21,-0.003159103579033435
2016-08-22,-0.0025652601108875363
2016-08-23,-0.0025433796049725444
2016-08-24,-0.003567031828827614
2016-08-25,0.001541807355606612
2016-08-26,-0.0032780951502553576
2016-08-27,0.0
2016-08-28,-0.0012652862888036008
2016-08-29,0.0004710093829137449
2016-08-30,-0.003609205828714052
2016-08-31,-0.004209388245782457
2016-09-01,0.004035373221977315
2016-09-02,-0.0029416562864386197
2016-09-03,0.0
2016-09-04,0.0010110650545353116
2016-09-05,-0.003579680328782874
2016-09-06,0.00827525749179526
2016-09-07,0.0026313806896343505
2016-09-08,0.001388316396576644
2016-09-09,-0.015399565759153029
2016-09-10,0.0
2016-09-11,-0.001313467277877685
2016-09-12,0.003691663292673165
2016-09-13,-0.004649769458861045
2016-09-14,-0.0015260409638706645
2016-09-15,0.0001894271078245124
2016-09-16,-0.00467587056108181
2016-09-17,0.0
2016-09-18,0.0028869396488953865
2016-09-19,-0.0011149732789246599
2016-09-20,0.006484585095737458
2016-09-21,0.006155946754689599
2016-09-22,0.00028200845404808243
2016-09-23,-0.005543956584325936
2016-09-24,0.0
2016-09-25,0.0005325334732570161
2016-09-26,0.00287718574190921
2016-09-27,-0.004008504890962713
2016-09-28,0.005012712659248739
2016-09-29,-0.00027151117723199557
2016-09-30,0.0013576301055020562
2016-10-01,0.0
2016-10-02,-0.00030251694719064196
2016-10-03,-0.0007051193690116391
2016-10-04,-0.003310235734862488
2016-10-05,-0.0002026950045511352
2016-10-06,0.0027817055739818067
2016-10-07,-0.0016062455010365983
2016-10-08,0.0
2016-10-09,-0.00017859864635772009
2016-10-10,0.0023631963531334076
2016-10-11,0.001304090582365911
2016-10-12,-0.002882176371440824
2016-10-13,0.0015349910908587676
2016-10-14,-0.0006141466671332685
2016-10-15,0.0
2016-10-16,-0.0007644421216568284
2016-10-17,0.000569098991299498
2016-10-18,0.0011413573078088767
2016-10-19,0.0025824358331775696
2016-10-20,-0.0032387991387650156
2016-10-21,0.0023622267973376658
2016-10-22,0.0
2016-10-23,3.262801497942204e-05
2016-10-24,-0.0007857572174598301
2016-10-25,-0.002616791956351031
2016-10-26,-0.0014901731410578618
2016-10-27,0.0003747617481002016
2016-10-28,-0.0031185606155500695
2016-10-29,0.0
2016-10-30,-0.000418020024811725
2016-10-31,-0.004185888399034583
2016-11-01,-0.0011086908321125796
2016-11-02,0.00011552833480455091
2016-11-03,-0.0026680731261149683
2016-11-04,-0.0013194110648427693
2016-11-05,0.0
2016-11-06,-0.0013870973093657775
2016-11-07,-0.002007900501494153
2016-11-08,0.007257825011849381
2016-11-09,-0.009753242754615064
2016-11-10,-0.0019358540170563707
2016-11-11,0.0045249316721264095
2016-11-12,0.0
2016-11-13,-0.00033971935419238884
2016-11-14,-0.0027895584996762202
2016-11-15,-0.0042504432862870735
2016-11-16,0.0007917623069161805
2016-11-17,0.0017114301945332687
2016-11-18,-0.002819614328529927
2016-11-19,0.0
2016-11-20,-0.0016493921123325616
2016-11-21,-0.004310252295788144
2016-11-22,0.002106716862048489
2016-11-23,0.0008445597895596243
2016-11-24,0.001276911637962229
2016-11-25,0.0034873686767584126
2016-11-26,0.0
2016-11-27,-0.001209532277078436
2016-11-28,-0.0014825051119569325
2016-11-29,0.002816577828755778
2016-11-30,-0.008635462239469613
2016-12-01,-0.002443477153165657
2016-12-02,0.0009514148654851183
2016-12-03,0.0
2016-12-04,-0.00038858819649936863
2016-12-05,-0.00011206157199601363
2016-12-06,0.0010135668602723005
2016-12-07,-0.0009817463772800025
2016-12-08,-0.000509744587112386
2016-12-09,0.0016515644896474778
2016-12-10,0.0
2016-12-11,0.00358397013814103
2016-12-12,-0.0023347760112469333
2016-12-13,0.00011552230501521757
2016-12-14,-0.00015969076821468998
2016-12-15,0.001403269782246189
2016-12-16,0.0006176542235454662
2016-12-17,0.0
2016-12-18,9.785931602334279e-05
2016-12-19,0.0013609941765088344
2016-12-20,0.0007211021384956402
2016-12-21,-0.0009903905502789947
2016-12-22,-7.191975811884418e-06
2016-12-23,0.0006678953644272637
2016-12-25,-2.8520745693395586e-05
2016-12-26,0.00152298323017797
2016-12-27,0.0007980484897644842
2016-12-28,-0.0009398580906008656
2016-12-29,-0.0003399937450920455
2016-12-30,2.4601098692452323e-05
2017-01-01,0.0
2017-01-02,0.0006702993861742709
2017-01-03,-0.0013296182736178411
2017-01-04,-0.0003349817280030741
2017-01-05,0.0035569409192037233
2017-01-06,0.0007033336069375971
2017-01-07,0.0
2017-01-08,0.00015312085099370167
2017-01-09,-0.0028603572312032133
2017-01-10,-0.0009372164296554338
2017-01-11,0.0009898772401335668
2017-01-12,0.0009554435561747702
2017-01-13,-0.0005698528858697041
2017-01-14,0.0
2017-01-15,-0.00021981786441272792
2017-01-16,-0.000418253712581729
2017-01-17,-0.00025138695020326593
2017-01-18,-0.00044085969339078315
2017-01-19,0.0005955266173202755
2017-01-20,0.0009615717334712957
2017-01-21,0.0
2017-01-22,-0.0014324392343130785
2017-01-23,-0.0005986755429931704
2017-01-24,0.0026598158391959122
2017-01-25,0.0049182042041089
2017-01-26,0.001627759878708659
2017-01-27,-0.0013146321584562965
2017-01-28,0.0
2017-01-29,-0.0016551611523469895
2017-01-30,-0.002073582855694528
2017-01-31,-0.0010654727545986434
2017-02-01,-5.650633720840938e-05
2017-02-02,0.0005254654592134005
2017-02-03,0.0007510956515754308
2017-02-04,0.0
2017-02-05,-0.00018727342710388615
2017-02-06,-0.0018821134019173101
2017-02-07,-0.0009095299461334013
2017-02-08,-0.0011041643624068156
2017-02-09,0.0032447243669584255
2017-02-10,0.000746876427367312
2017-02-11,0.0
2017-02-12,0.0010095899285834287
2017-02-13,0.000753579026112801
2017-02-14,0.002475498395646889
2017-02-15,0.0013868873331148327
2017-02-16,-0.0021805571151921246
2017-02-17,0.002006497221583989
2017-02-19,-1.0253711502840475e-05
2017-02-20,0.0003095525157482162
2017-02-21,-5.3385175453348835e-05
2017-02-22,-0.0002061729851132146
2017-02-23,-0.0007740994900332805
2017-02-24,-0.0003140789383004959
2017-02-25,0.0
2017-02-26,0.0024492102477144213
2017-02-27,5.2340790086080473e-05
2017-02-28,0.0004279420607861402
2017-03-01,0.00455407663928619
2017-03-02,-0.0018597927121344507
2017-03-03,0.00021341574893551628
2017-03-04,0.0
2017-03-05,-0.0012680974120436903
2017-03-06,0.0008003945710379268
2017-03-07,-0.0020355276074974114
2017-03-08,0.003662408586503255
2017-03-09,0.003229229048965348
2017-03-10,-0.00010710519766399934
2017-03-11,0.0
2017-03-12,0.00015243267026597804
2017-03-13,0.0006776318524126894
2017-03-14,-0.00032087105292170844
2017-03-15,-0.0013813750705993296
2017-03-16,-0.000707799262420446
2017-03-17,-0.00025304485022211576
2017-03-18,0.0
2017-03-19,-0.0006663831272726591
2017-03-20,0.0007587849854028508
2017-03-21,-0.00879530633508502
2017-03-22,0.0010376209402088632
2017-03-23,0.0014378275710332802
2017-03-24,-0.0007136072422647757
2017-03-25,0.0
2017-03-26,-0.00202212918667679
2017-03-27,0.0011002931290718517
2017-03-28,0.0007644871463282488
2017-03-29,-0.0004499866895517438
2017-03-30,0.00013290620657105
2017-03-31,-0.0013121420148984994
2017-04-01,0.0
2017-04-02,0.00038362025429577686
2017-04-03,-0.0007201898712226448
2017-04-04,-0.0008214503569061972
2017-04-05,-0.0015170176830623624
2017-04-06,-0.00228640990331951
2017-04-07,0.0022303321089818884
2017-04-08,0.0
2017-04-09,0.0003298950777660072
2017-04-10,-0.0016257818972792639
2017-04-11,-0.0019210764217941296
2017-04-12,-0.0011787742925219373
2017-04-13,-0.0002994790890735776
2017-04-14,-0.00011063260355427567
2017-04-15,0.0
2017-04-16,3.954664676862387e-05
2017-04-17,0.0011600061087136788
2017-04-18,-0.00032774092796289004
2017-04-19,0.0007608312821145838
2017-04-20,0.001977280740707566
2017-04-21,0.0011416043127718623
2017-04-22,0.0
2017-04-23,0.0005042253483601206
2017-04-24,0.0016910224184325362
2017-04-25,0.0006092025773858394
2017-04-26,-3.0023582062554785e-05
2017-04-27,0.0006982957839492724
2017-04-28,-0.0010027265016960012
2017-04-29,0.0
2017-04-30,-2.1470031063920566e-05
2017-05-01,0.0010896314645532296
2017-05-02,-0.0009702672446677986
2017-05-03,0.0019415755739164108
2017-05-04,0.004340849517030744
2017-05-05,-1.1138147391363502e-05
2017-05-06,0.0
2017-05-07,-0.0008275929356772606
2017-05-08,0.000364340130851788
2017-05-09,0.0014349878561680362
2017-05-10,-0.0013222528213207136
2017-05-11,-0.0017641797710364036
2017-05-12,0.00030518948954064205
2017-05-13,0.0
2017-05-14,7.591868189045429e-05
2017-05-15,4.666783049695373e-05
2017-05-16,-0.003159814069226089
2017-05-17,-0.005968753975242605
2017-05-18,0.00044943240534271766
2017-05-19,-0.00011020244058854743
2017-05-20,0.0
2017-05-21,0.00046091010146985815
2017-05-22,0.001583079900907232
2017-05-23,-0.0011382893062113599
2017-05-24,0.001733643803884865
2017-05-25,0.002905990467331543
2017-05-26,-0.00012055941001156887
2017-05-27,0.0
2017-05-28,0.000215506707172081
2017-05-29,-0.0003178099180115608
2017-05-30,-0.0005317880697688504
2017-05-31,0.002117453059858585
2017-06-01,0.0019166427512834186
2017-06-02,0.0044646223108347855
2017-06-03,0.0
2017-06-04,-0.0002002171707660146
2017-06-05,0.0008403790085625165
2017-06-06,-0.0013207456592884397
2017-06-07,0.0018446782269311674
2017-06-08,-0.0007718037931128223
2017-06-09,-0.005468434720648976
2017-06-10,0.0
2017-06-11,-0.0002021595014669658
2017-06-12,-0.0005874856447606773
2017-06-13,0.00035115154447801314
2017-06-14,-0.0002770041009925057
2017-06-15,-0.0014933112986838845
2017-06-16,-0.0001543637092038635
2017-06-17,0.0
2017-06-18,0.0004922492501298265
2017-06-19,0.001475056866656554
2017-06-20,-0.0009949436426688575
2017-06-21,0.0027756713895225773
2017-06-22,-0.0006275806893169145
2017-06-23,0.0002710932736977288
2017-06-24,0.0
2017-06-25,0.0019732097637113035
2017-06-26,-0.0018941742979415315
2017-06-27,-0.004133267097367755
2017-06-28,0.0010114400255785217
2017-06-29,-0.0046101787082944365
2017-06-30,-0.0019498356741809615
2017-07-01,0.0
2017-07-02,-0.00012604287798888096
2017-07-03,-0.00338116883574005
2017-07-04,0.0001520629305550423
2017-07-05,0.0024621773861258954
2017-07-06,-0.001723112953539822
2017-07-07,0.0012541110947546254
2017-07-08,0.0
2017-07-09,-6.504193857418655e-05
2017-07-10,0.00019224349695506522
2017-07-11,8.400888358003092e-05
2017-07-12,0.002709787264628385
2017-07-13,-0.0012388757750223193
2017-07-14,0.0017867503293082319
2017-07-15,0.0017163850078772225
2017-07-16,0.002371442796807829
2017-07-17,0.0012516568071535878
2017-07-18,0.00040023199482035405
2017-07-19,-0.0006060132507414392
2017-07-20,0.0013133845931827925
2017-07-21,0.002069953738663785
2017-07-22,0.0
2017-07-23,0.0017043355789419807
2017-07-24,-0.0006640870722687822
2017-07-25,0.0014265630021048185
2017-07-26,0.0034841356378804574
2017-07-27,-0.002311362807733975
2017-07-28,0.0032152139436390256
2017-07-29,0.0
2017-07-30,-0.00019422261879142963
2017-07-31,0.0012319618313181423
2017-08-01,-0.0019092643949014355
2017-08-02,-0.00010032026193880427
2017-08-03,-0.00034369106624939424
2017-08-04,8.873376110701534e-05
2017-08-05,0.0
2017-08-06,0.0005417709064625836
2017-08-07,-0.00030784868848180563
2017-08-08,-0.0012129415643386146
2017-08-09,0.002235011259554885
2017-08-10,-0.004576726233523824
2017-08-11,0.001939152178450998
2017-08-12,0.0
2017-08-13,0.0005036026638634821
2017-08-14,-0.0011919039650533359
2017-08-15,-0.0010540646672147931
2017-08-16,-0.0006233199050794954
2017-08-17,-0.002449482701825054
2017-08-18,0.0016034796897063197
2017-08-19,0.0
2017-08-20,-0.0017231543607946407
2017-08-21,-0.00023894256011077638
2017-08-22,0.0010526881074340091
2017-08-23,0.00025744649070030834
2017-08-24,-0.0008219149121024844
2017-08-25,0.0007512294747638794
2017-08-26,0.0
2017-08-27,-0.001329237202044043
2017-08-28,-0.0005217695078846949
2017-08-29,0.00010591602188821244
2017-08-30,-0.00043567737884522357
2017-08-31,0.004083475928955488
2017-09-01,0.0006316985440413513
2017-09-02,0.0
2017-09-03,-3.1993875404443504e-06
2017-09-04,0.00036141682676329025
2017-09-05,2.0332009369034026e-05
2017-09-06,0.000673941687446811
2017-09-07,0.0020968252687471704
2017-09-08,-0.001924460283141159
2017-09-09,0.0
2017-09-10,0.0006643711574919863
2017-09-11,0.0006633176595040786
2017-09-12,0.0009366041765161547
2017-09-13,-0.0013262400771096464
2017-09-14,-0.00029885058587925725
2017-09-15,0.00041868968794487444
2017-09-16,0.0
2017-09-17,0.00029461366647467996
2017-09-18,-0.0011222315481236767
2017-09-19,0.0007848372581738027
2017-09-20,-0.0009936901916494313
2017-09-21,-0.0022166681857000324
2017-09-22,0.0008652752212191185
2017-09-23,0.0
2017-09-24,-0.0019805449092496156
2017-09-25,-0.0001503932890011465
2017-09-26,-0.0003428838997690665
2017-09-27,0.0010181008046625311
2017-09-28,0.0002449684395956147
2017-09-29,0.0022798400315518818
2017-09-30,0.0
2017-10-01,-7.159548338746957e-07
2017-10-02,0.00016233638419195796
2017-10-03,0.000542747794059947
2017-10-04,0.003970827949551973
2017-10-05,0.002578320848003254
2017-10-06,-0.0008526039437828534
2017-10-07,0.0
2017-10-08,0.0010145768402008055
2017-10-09,-0.0002194525455945238
2017-10-10,0.0013546562870753362
2017-10-11,0.0011542561948138794
2017-10-12,-0.000245101405077007
2017-10-13,0.0018081713114025833
2017-10-14,0.0
2017-10-15,0.0008039277628823385
2017-10-16,-0.0003687392255545499
2017-10-17,0.0002570083726147282
2017-10-18,7.167615972070301e-05
2017-10-19,-0.00040004933897744516
2017-10-20,0.0003887804699614594
2017-10-21,0.0
2017-10-22,0.0004819050973190179
2017-10-23,-0.0017800554494514975
2017-10-24,0.00038273591182883156
2017-10-25,-0.0015851223776059996
2017-10-26,0.006881225318188422
2017-10-27,0.0060957286281474645
2017-10-28,0.0
2017-10-29,-0.0005543017584770291
2017-10-30,0.00019920410794262372
2017-10-31,0.0033365753920190588
2017-11-01,0.0006567413219408913
2017-11-02,0.0021878151782780434
2017-11-03,0.0019026126555410341
2017-11-04,0.0
2017-11-05,-0.0007093514940517984
2017-11-06,0.0055564782050997776
2017-11-07,-0.0026942620851773103
2017-11-08,0.00259742303535711
2017-11-09,-0.004849697017084091
2017-11-10,-0.00274191121944706
2017-11-11,0.0
2017-11-12,0.0012955636352532075
2017-11-13,-0.0015042885150183467
2017-11-14,-0.004791915776164021
2017-11-15,3.493874312502021e-05
2017-11-16,0.005526033809943462
2017-11-17,-0.0014323138571621591
2017-11-18,0.0
2017-11-19,-0.0012962131230476372
2017-11-20,0.0016962490869795025
2017-11-21,0.005838299897413156
2017-11-22,-0.0011206616790609158
2017-11-23,0.0016547370425038694
2017-11-24,0.001956864964558181
2017-11-25,0.0
2017-11-26,-0.0013448701133895761
2017-11-27,0.01355021144615687
2017-11-28,0.01737366757500912
2017-11-29,0.0050770489828656715
2017-11-30,0.01535632641413316
2017-12-01,-0.0011093983869978673
2017-12-02,0.0
2017-12-03,0.014941123471242214
2017-12-04,0.006075624007933502
2017-12-05,0.006794894969193962
2017-12-06,0.015313127175174872
2017-12-07,0.01768967097866766
2017-12-08,0.002793335863845485
2017-12-09,0.0
2017-12-10,0.011653641548576536
2017-12-11,0.003448546936601314
2017-12-12,-0.0020261463363080135
2017-12-13,-0.0027612762581555603
2017-12-14,0.0034656304169844933
2017-12-15,0.00531830648286831
2017-12-16,0.0
2017-12-17,0.0012947047011141403
2017-12-18,-0.0027480399468816485
2017-12-19,-0.0064061817108261535
2017-12-20,-0.006496861219467364
2017-12-21,-0.00343519741615031
2017-12-22,-0.00017614108286672847
2017-12-24,-0.004426848909623483
2017-12-25,0.02018524874351233
2017-12-26,0.019318417383407206
2017-12-27,0.015644768170288943
2017-12-28,0.013934524661613016
2017-12-29,-0.0019962933275798505
2017-12-31,0.01289103486069544
2018-01-01,0.00125431529254408
2018-01-02,0.0019670996107059016
2018-01-03,0.0028938686478799606
2018-01-04,0.002082067927313443
2018-01-05,0.0015991938105840075
2018-01-06,0.0
2018-01-07,0.0002633296631214094
2018-01-08,0.00014718796561821924
2018-01-09,0.00037833700876946185
2018-01-10,-0.00015097006845433871
2018-01-11,0.0021535526707529783
2018-01-12,0.002845354192441195
2018-01-13,0.0
2018-01-14,0.0008306680951292369
2018-01-15,9.897668389562361e-05
2018-01-16,-0.0022527510233810383
2018-01-17,0.0023508575888500807
2018-01-18,-0.0011368995013937172
2018-01-19,0.0034567559341005913
2018-01-20,0.0
2018-01-21,-0.0010115235294328854
2018-01-22,0.006954143799274061
2018-01-23,0.001607133908886813
2018-01-24,0.001712301097379723
2018-01-25,-0.0017422641658540827
2018-01-26,0.0053350033537868675
2018-01-27,0.0
2018-01-28,-0.0005452309242849165
2018-01-29,-0.008121985308831531
2018-01-30,-0.0006740698856476798
2018-01-31,0.0014049345000936224
2018-02-01,-0.0029142958909090452
2018-02-02,-0.012057235489087244
2018-02-03,0.0
2018-02-04,-0.0014245585879651876
2018-02-05,-0.020693015095947433
2018-02-06,0.0031165325201681924
2018-02-07,-0.004138593328239906
2018-02-08,-0.002662395467214429
2018-02-09,0.0005259971100154671
2018-02-10,0.0
2018-02-11,0.0011992381531460829
2018-02-12,0.017559864874867676
2018-02-13,0.015682010266193324
2018-02-14,0.014480934948276606
2018-02-15,0.011551734823253472
2018-02-16,-0.0011566234620374151
2018-02-17,0.0
2018-02-18,0.009069732465931775
2018-02-19,-0.005483802584743033
2018-02-20,-0.005860431720453207
2018-02-21,-0.004409823653993403
2018-02-22,-0.002897662264995753
2018-02-23,0.0010128281682699727
2018-02-24,0.0
2018-02-25,-0.0032592849351501755
2018-02-26,0.0002757602014184465
2018-02-27,-0.0021131302393028553
2018-02-28,-0.000545333143552373
2018-03-01,-0.0006206990898326332
2018-03-02,0.0008847494727097817
2018-03-03,0.0
2018-03-04,-8.640687164291945e-05
2018-03-05,0.0002579675694992225
2018-03-06,0.0007782481252998622
2018-03-07,0.0002796311020823219
2018-03-08,0.0029589763617865854
2018-03-09,0.0005811321205782646
2018-03-10,0.0038147108799290196
2018-03-11,0.000497240109741341
2018-03-12,0.00022782232188629694
2018-03-13,-0.0014870465105644365
2018-03-14,0.00044136231407618205
2018-03-15,0.00034296963852865946
2018-03-16,-0.0001886021118942885
2018-03-17,0.0
2018-03-18,-4.560680828303037e-05
2018-03-19,-0.002151081776046264
2018-03-20,0.0002088992226901059
2018-03-21,-0.005319143351675991
2018-03-22,-0.002430337447178612
2018-03-23,3.9026956405428455e-05
2018-03-24,0.0
2018-03-25,0.0003389519118250832
2018-03-26,0.0014750481923476145
2018-03-27,-0.002349956674491267
2018-03-28,-0.0030886201637978106
2018-03-29,0.0008568660044471289
2018-03-30,-2.5721986997308305e-05
2018-03-31,0.0
2018-04-01,0.00012384628490672838
2018-04-02,0.010138763111301718
2018-04-03,0.011003640350480983
2018-04-04,0.01301019569696001
2018-04-05,0.010429000333595126
2018-04-06,-0.0003529624334560609
2018-04-07,0.0
2018-04-08,0.011732654673000349
2018-04-09,-0.0035332080479396036
2018-04-10,-0.004236042457353031
2018-04-11,-0.0033736653990226904
2018-04-12,-0.005358365731140996
2018-04-13,0.0003142307439053432
2018-04-14,0.0
2018-04-15,-0.0039075306356922005
2018-04-16,-0.00376571985730007
2018-04-17,-0.003942976789224759
2018-04-18,-0.003538759934113785
2018-04-19,-0.009486657649283308
2018-04-20,-0.002633854712577902
2018-04-21,0.0
2018-04-22,-0.003914538765432476
2018-04-23,0.0131155447205277
2018-04-24,0.01224426161144198
2018-04-25,0.016542434373615543
2018-04-26,0.01547050186258233
2018-04-27,-0.0001666016461522026
2018-04-28,0.0
2018-04-29,0.011128521844236055
2018-04-30,0.004813773124720674
2018-05-01,0.007028291520077691
2018-05-02,0.003718317226441435
2018-05-03,0.008022576104398322
2018-05-04,0.0024421807078172536
2018-05-05,0.0
2018-05-06,0.007915372534267363
2018-05-07,-0.0025715024909538876
2018-05-08,-0.003406287274607992
2018-05-09,-0.0007736578237646934
2018-05-10,-0.0009170448510119677
2018-05-11,-0.00024183596168944916
2018-05-12,0.0
2018-05-13,-0.0021441203757927574
2018-05-14,-0.0014384169782199337
2018-05-15,-0.0034271177714640896
2018-05-16,0.0015146960563397118
2018-05-17,-0.00027953147611066166
2018-05-18,-0.001433704798008481
2018-05-19,0.0
2018-05-20,0.001559746456335992
2018-05-21,-6.458060811683505e-05
2018-05-22,-0.0014104518727280188
2018-05-23,0.0007012892681722935
2018-05-24,0.0005682491354609449
2018-05-25,-0.0009571250986365253
2018-05-26,0.0
2018-05-27,0.00012289278226108386
2018-05-28,-0.0003145665251914306
2018-05-29,-0.0020899114025624923
2018-05-30,0.0006085924253506488
2018-05-31,0.007331928749684366
2018-06-01,0.001852834381436249
2018-06-02,0.0
2018-06-03,0.0003258402043804986
2018-06-04,0.001123701042361253
2018-06-05,0.0012738956276359182
2018-06-06,0.0024114797099847847
2018-06-07,-0.003487507456956147
2018-06-08,0.0004438021739765636
2018-06-09,0.0
2018-06-10,-0.00022831170486925075
2018-06-11,0.001760081284661335
2018-06-12,0.0022659903690106635
2018-06-13,-0.002786882670791917
2018-06-14,0.00486795620963457
2018-06-15,-0.0030960243427643965
2018-06-16,0.0
2018-06-17,-0.0029328406939904393
2018-06-18,-0.004275271387524046
2018-06-19,0.0008300941031707442
2018-06-20,0.00807463253388439
2018-06-21,-0.007681526755124391
2018-06-22,-0.001732239127316255
2018-06-23,0.0
2018-06-24,-0.001648304488760879
2018-06-25,-0.007675121500884521
2018-06-26,-0.0015819470017796955
2018-06-27,-0.003609152212072092
2018-06-28,0.004122925129618915
2018-06-29,-0.0018606373950180645
2018-06-30,0.0
2018-07-01,0.00015444151559610973
2018-07-02,0.001040739311326018
2018-07-03,-0.004701422969433061
2018-07-04,9.997464642002385e-05
2018-07-05,0.0039136244418305904
2018-07-06,0.0068035123502746975
2018-07-07,0.0
2018-07-08,0.018246027438470938
2018-07-09,0.003474307578525108
2018-07-10,-0.004086319326994236
2018-07-11,0.002223259825468951
2018-07-12,0.005878231744095275
2018-07-13,0.0003355972629285543
2018-07-14,0.0
2018-07-15,0.00025116114444302944
2018-07-16,-0.0035052532954519735
2018-07-17,0.007057076912407442
2018-07-18,-5.3136941756105914e-05
2018-07-19,-0.003086093150878836
2018-07-20,-0.001419034086102293
2018-07-21,0.0
2018-07-22,-0.0022567481655081548
2018-07-23,0.0027975240012094614
2018-07-24,-0.0008567328864636061
2018-07-25,0.0001168890188394455
2018-07-26,0.003012679405524211
2018-07-27,-0.006040988101989577
2018-07-28,0.0
2018-07-29,-0.0015135667111133158
2018-07-30,-0.0016531955038178812
2018-07-31,0.001046919597153001
2018-08-01,0.0008746309408834352
2018-08-02,0.00238775683799563
2018-08-03,-0.0007635979255690925
2018-08-04,0.0
2018-08-05,0.00018531981889606427
2018-08-06,0.014158679083191936
2018-08-07,0.0013763059997279543
2018-08-08,-0.0011816963458202063
2018-08-09,-0.0007153760122707112
2018-08-10,-0.001931751793541756
2018-08-11,0.0
2018-08-12,-0.0015943270862440466
2018-08-13,0.0019392135527030608
2018-08-14,0.0019432750336644633
2018-08-15,-0.0008150000980608627
2018-08-16,0.00012308668945603657
2018-08-17,-0.0001923680213370289
2018-08-18,0.0
2018-08-19,0.00015405509941881604
2018-08-20,-0.0007558092458437761
2018-08-21,-0.0008446191064206575
2018-08-22,0.0014162227166003415
2018-08-23,0.0009586140026041906
2018-08-24,0.0012603523583012036
2018-08-25,0.0
2018-08-26,0.0014291489332448027
2018-08-27,0.0029340238662557533
2018-08-28,0.007437696350932197
2018-08-29,0.002060853113443165
2018-08-30,-0.0016118757715892858
2018-08-31,0.0017974387739551224
2018-09-01,0.0
2018-09-02,-0.0002732440487525669
2018-09-03,0.0003787282536692223
2018-09-04,-0.0022998828317993447
2018-09-05,-0.005026934543558904
2018-09-06,-0.0060848423821471456
2018-09-07,0.00030338685174688
2018-09-08,0.0
2018-09-09,0.0014568136533391301
2018-09-10,0.00039751412786847434
2018-09-11,-0.0024758266462436545
2018-09-12,-0.0034428702747903318
2018-09-13,0.004940391534667288
2018-09-14,0.00017189904911976345
2018-09-15,0.0
2018-09-16,-0.00375899064172235
2018-09-17,-0.005866098756732086
2018-09-18,0.004875073474048321
2018-09-19,0.004360211537353102
2018-09-20,0.005105294978198581
2018-09-21,-0.0017239376677720502
2018-09-22,-0.0024917754529778773
2018-09-23,-0.0007670880909608183
2018-09-24,0.0019215877861041698
2018-09-25,0.0015607289507092357
2018-09-26,-0.0004123556289880111
2018-09-27,0.004580533003103668
2018-09-28,4.9252368123289266e-05
2018-09-29,0.004850240975531336
2018-09-30,0.002949634923143806
2018-10-01,-0.002159971062130513
2018-10-02,-0.0005816214288210675
2018-10-03,-0.0014080530451290423
2018-10-04,-0.006513796611567116
2018-10-05,-0.00414624704775015
2018-10-06,0.0
2018-10-07,7.537311688172001e-05
2018-10-08,-0.0007260160917612634
2018-10-09,-0.0013875320114834942
2018-10-10,-0.02643758748473239
2018-10-11,0.00022723911556883598
2018-10-12,0.0015129124967890397
2018-10-13,0.0
2018-10-14,-0.0004919854691808992
2018-10-15,-0.0008223049090092028
2018-10-16,0.0032494654447061773
2018-10-17,-0.0007778698613109514
2018-10-18,-0.0010354507036145768
2018-10-19,-0.0010153771875182247
2018-10-20,0.0
2018-10-21,4.9061575437394576e-05
2018-10-22,-7.570229706498676e-05
2018-10-23,-0.00027761882091948656
2018-10-24,-0.002304382004065872
2018-10-25,4.025626696510521e-05
2018-10-26,-0.00023249907631986134
2018-10-27,0.0
2018-10-28,0.00023944206963353394
2018-10-29,-0.0010175993370588087
2018-10-30,0.001142174987499354
2018-10-31,0.0019417568817170787
2018-11-01,-0.00047803430341478495
2018-11-02,-0.00029980299784403624
2018-11-03,0.0
2018-11-04,-5.309322361590729e-05
2018-11-05,-2.1541483918648265e-05
2018-11-06,0.0008257992979976221
2018-11-07,0.00206239554181675
2018-11-08,0.0004204487324595369
2018-11-09,-0.0007129961204089136
2018-11-10,0.0
2018-11-11,0.00033081567512557804
2018-11-12,-0.0009226784371720875
2018-11-13,-4.104704205976162e-05
2018-11-14,-0.0009754735598486444
2018-11-15,-0.0008770429328281732
2018-11-16,-0.000822939366773734
2018-11-17,0.0
2018-11-18,4.537235134382778e-05
2018-11-19,-0.00044436078810034923
2018-11-20,0.001130582853778131
2018-11-21,-0.0002124480498849793
2018-11-22,0.00017223913898138974
2018-11-23,0.0006185040321635173
2018-11-24,0.0
2018-11-25,-0.0007205163805001738
2018-11-26,-0.0005994641827644013
2018-11-27,-4.583240126034302e-05
2018-11-28,-0.0013792811438573934
2018-11-29,1.461353098048496e-05
2018-11-30,0.0006955043149687172
2018-12-01,0.0
2018-12-02,-0.00021617181935925669
2018-12-03,-0.0019911658258092452
2018-12-04,-0.0016195945028098437
2018-12-05,-0.0027381193793610393
2018-12-06,-0.000766305901640855
2018-12-07,0.0008729304522344602
2018-12-08,0.0
2018-12-09,-0.00025677184021091434
2018-12-10,3.784259965355173e-05
2018-12-11,0.0003301781008459632
2018-12-12,-4.332298071804572e-05
2018-12-13,-3.588124132513574e-05
2018-12-14,0.0007126995394455731
2018-12-15,0.0
2018-12-16,0.00501897674761592
2018-12-17,0.0007519801627291763
2018-12-18,1.8232035003042427e-05
2018-12-19,0.002796309612559559
2018-12-20,5.333582427780808e-06
2018-12-21,0.003958276480972428
2018-12-22,0.0
2018-12-23,-0.0008979032513178492
2018-12-24,0.004176106346707999
2018-12-25,0.0010133076643696034
2018-12-26,-0.008803535287654242
2018-12-27,-0.0008681063555143955
2018-12-28,0.00046153419669599043
2018-12-29,0.0
2018-12-30,-0.0004110425213608698
2018-12-31,-0.00023972250031080366
2019-01-01,0.0009885843440544586
2019-01-02,0.0012754916067909754
2019-01-03,0.00021981774269398801
2019-01-04,-0.003648882363250455
2019-01-05,0.0
2019-01-06,-0.0001403450967593025
2019-01-07,-0.0008587616766622966
2019-01-08,-0.0008253434780127628
2019-01-09,0.0003301399735186627
2019-01-10,-0.00044790032148781634
2019-01-11,0.00023135246154369082
2019-01-12,0.0
2019-01-13,0.000642424933415605
2019-01-14,-0.003830157185316582
2019-01-15,-2.193536153604322e-05
2019-01-16,0.00020677384158243186
2019-01-17,-0.00091432740006942
2019-01-18,-0.0011102841205303312
2019-01-19,0.0
2019-01-20,0.0001334927389389246
2019-01-21,0.0004272703698074509
2019-01-22,0.00038483981693507524
2019-01-23,-6.30600083394432e-06
2019-01-24,-0.0004600590059719603
2019-01-25,-0.00020369281171446892
2019-01-26,0.0
2019-01-27,0.00013709689781562763
2019-01-28,0.001900938467687447
2019-01-29,0.0010898900027376693
2019-01-30,-0.0003431604593523995
2019-01-31,0.0013875794838315086
2019-02-01,-0.00036823562921905367
2019-02-02,0.0
2019-02-03,0.0009858332718947053
2019-02-04,0.011275888819189363
2019-02-05,0.011581399213569954
2019-02-06,0.011213282193534388
2019-02-07,0.012844345400164658
2019-02-08,-5.328351703660645e-07
2019-02-09,0.0
2019-02-10,0.010253802125991545
2019-02-11,-0.00047136134667304384
2019-02-12,-0.0011465936165097547
2019-02-13,0.0008269715802578294
2019-02-14,0.0009979939512302814
2019-02-15,-0.001045009799982467
2019-02-16,0.0
2019-02-17,0.0002937272651031367
2019-02-18,0.00527862071848951
2019-02-19,0.005278965773723177
2019-02-20,0.004067205639982326
2019-02-21,0.005764097188376934
2019-02-22,-0.0006860349612931053
2019-02-23,0.0
2019-02-24,0.005468840172996876
2019-02-25,-0.00017745839313937942
2019-02-26,-0.0008196212634301906
2019-02-27,-0.000247780819391067
2019-02-28,-0.000782061814364695
2019-03-01,-0.0008337809945134235
2019-03-02,0.0
2019-03-03,-0.0005291855852408275
2019-03-04,0.0008561507905059308
2019-03-05,0.0002916989094804077
2019-03-06,0.0005129618630141153
2019-03-07,0.004618839644296879
2019-03-08,-0.0009989520826602773
2019-03-09,0.0
2019-03-10,-0.00021207887360976915
2019-03-11,-0.0033851917558668
2019-03-12,-0.00015404121486390949
2019-03-13,-0.000552724600225705
2019-03-14,-0.00024775049067970995
2019-03-15,0.00028256193811963587
2019-03-16,0.0
2019-03-17,-0.0003699169200970714
2019-03-18,-5.966210730352194e-05
2019-03-19,-9.91719837595737e-05
2019-03-20,0.0009959585904461812
2019-03-21,0.0020601821510775886
2019-03-22,0.001027453245516282
2019-03-23,0.0
2019-03-24,0.0015436968124104432
2019-03-25,-0.0014834616489127145
2019-03-26,0.0002327621503370036
2019-03-27,0.00015610009333390536
2019-03-28,-0.003936483003554236
2019-03-29,0.00020602694024047589
2019-03-30,0.0
2019-03-31,-0.0008802688869059895
2019-04-01,0.0011625374696681123
2019-04-02,0.000774397420894977
2019-04-03,-0.000521465778287164
2019-04-04,-0.0005510817498833569
2019-04-05,0.0013372100339187148
2019-04-06,0.0
2019-04-07,9.366175915932787e-05
2019-04-08,-2.106667731542585e-05
2019-04-09,-0.00014849855643631648
2019-04-10,0.0011449883129941185
2019-04-11,-0.0018231468453015895
2019-04-12,0.00045544135726914944
2019-04-13,0.0
2019-04-14,-0.0003255163572168887
2019-04-15,0.00028344654615396116
2019-04-16,0.0012732316745030624
2019-04-17,-0.001105893252019114
2019-04-18,0.002870090608037533
2019-04-19,-1.4044283483856755e-05
2019-04-20,0.0
2019-04-21,-4.36756817576642e-05
2019-04-22,0.0013656890174587812
2019-04-23,0.005365078522119649
2019-04-24,0.0037026171048092195
2019-04-25,-0.0023348124001236637
2019-04-26,0.001061557773500049
2019-04-27,0.0
2019-04-28,-0.0005317347438467002
2019-04-29,-0.002377785189786978
2019-04-30,0.0014460992594788923
2019-05-01,-0.003344185255655417
2019-05-02,-0.00016693569538974264
2019-05-03,0.0031084026932023095
2019-05-04,0.0
2019-05-05,-0.00578842528623217
2019-05-06,0.0021908735633076972
2019-05-07,-0.0010882531271328552
2019-05-08,-0.0020603813448460766
2019-05-09,-0.0002650220008238219
2019-05-10,5.108898171727934e-05
2019-05-11,0.0
2019-05-12,-0.0033845372917418585
2019-05-13,0.0007599910876184412
2019-05-14,0.0006613909720700446
2019-05-15,0.0007600547339563852
2019-05-16,-0.0005304124549224996
2019-05-17,-0.0012908954901227623
2019-05-18,0.0
2019-05-19,-0.002292146676841903
2019-05-20,-0.0006968614206119456
2019-05-21,-0.0005304359198995396
2019-05-22,-0.00024213207439490188
2019-05-23,0.0001422028247430953
2019-05-24,-0.0007315181587043098
2019-05-26,-0.00019688643601645895
2019-05-27,0.00042581693984679813
2019-05-28,9.349862926196773e-05
2019-05-29,0.0009433693485857512
2019-05-30,0.0013168893255475166
2019-05-31,0.0010896376066920185
2019-06-01,0.0
2019-06-02,0.00125896733774009
2019-06-03,0.0009810499464571968
2019-06-04,-0.0038042120628276888
2019-06-05,0.0010232154645643523
2019-06-06,-0.0015327616875085556
2019-06-07,-0.0020726229416185298
2019-06-08,0.0
2019-06-09,-0.0011618266371068986
2019-06-10,9.368848325129602e-05
2019-06-11,0.00013874343999508207
2019-06-12,0.0016268281938603424
2019-06-13,0.0005477399494224898
2019-06-14,0.001013923144960133
2019-06-15,0.0
2019-06-16,-0.000413195922548346
2019-06-17,8.191545138412754e-06
2019-06-18,0.0011573748524571492
2019-06-19,0.0032864293812255104
2019-06-20,0.0025336385422759303
2019-06-21,-0.0023286974408296586
2019-06-22,0.0
2019-06-23,0.0007987814799246029
2019-06-24,0.002182856623489235
2019-06-25,-0.002650524684337769
2019-06-26,-0.0005212215369232827
2019-06-27,0.0015113857729290507
2019-06-28,-0.0012727737688251798
2019-06-29,0.0
2019-06-30,-0.0018552442888860896
2019-07-01,0.0008761346801100509
2019-07-02,0.008243846310731568
2019-07-03,-0.00016343591342857756
2019-07-04,-9.682852580765108e-05
2019-07-05,-0.0008532920145119893
2019-07-06,0.0
2019-07-07,-8.962733382041924e-05
2019-07-08,-0.0002391990893709296
2019-07-09,0.00016816718684288203
2019-07-10,0.0008149582344636209
2019-07-11,-0.001096514757496879
2019-07-12,0.0004110330684569222
2019-07-13,0.0
2019-07-14,-0.0003863680570164596
2019-07-15,0.0006734508013514708
2019-07-16,0.00022823424598361825
2019-07-17,0.0008440442757456902
2019-07-18,0.0017075243152759835
2019-07-19,-0.0011865919208243268
2019-07-20,0.0
2019-07-21,3.7887158406947686e-05
2019-07-22,-0.00034219848347246106
2019-07-23,0.0011465342244292183
2019-07-24,0.0005807167283791248
2019-07-25,-0.0008969711882514601
2019-07-26,0.0006080979668864916
2019-07-27,0.0
2019-07-28,0.0002013379955380562
2019-07-29,-0.00015658769708229054
2019-07-30,-0.0002057328588845955
2019-07-31,-0.0005320447390200127
2019-08-01,0.001955917537142317
2019-08-02,0.00013723146489079074
2019-08-03,0.0
2019-08-04,0.0007411066875465972
2019-08-05,-0.0008249751852831002
2019-08-06,0.002144233977187912
2019-08-07,0.0017208301570961102
2019-08-08,0.0006730323446166844
2019-08-09,-0.0008218860122231296
2019-08-10,0.0
2019-08-11,-0.0001760918313354836
2019-08-12,0.0015744669327779515
2019-08-13,-0.0012240624858742611
2019-08-14,0.0023976218855127265
2019-08-15,0.0004839590672516075
2019-08-16,-0.00039869345082061325
2019-08-17,0.0
2019-08-18,-0.0003895906025600344
2019-08-19,-0.0014396797591793038
2019-08-20,0.0005220617273137753
2019-08-21,0.000287285939494647
2019-08-22,-0.005060618308736973
2019-08-23,0.0026735078670971292
2019-08-24,0.0
2019-08-25,0.0011115000723738934
2019-08-26,-0.0007078410480640736
2019-08-27,0.000840124890647365
2019-08-28,0.000809449633954499
2019-08-29,-0.0015349029412891706
2019-08-30,0.0009585790011074353
2019-08-31,0.0
2019-09-01,0.0005486268921496863
2019-09-02,0.0008780048845979
2019-09-03,0.0017361308924521114
2019-09-04,-0.0008267224904060439
2019-09-05,-0.003443503997219488
2019-09-06,-0.000554143321043132
2019-09-07,0.0
2019-09-08,0.00042418883072781947
2019-09-09,-0.00245301688383177
2019-09-10,-0.00016417467479614418
2019-09-11,0.0006135310122147596
2019-09-12,-0.0010298018125204644
2019-09-13,-0.0009156213467460252
2019-09-14,0.0
2019-09-15,0.00213530872773747
2019-09-16,0.0011212408783986515
2019-09-17,-0.0009424491221449613
2019-09-18,-0.0004172662969804477
2019-09-19,0.0010081709480021105
2019-09-20,0.0018926260186473297
2019-09-21,0.0
2019-09-22,0.00019810634355342172
2019-09-23,-0.000552233121500664
2019-09-24,-0.0014457991122766279
2019-09-25,-0.0017654152722190158
2019-09-26,-0.0017465073626123857
2019-09-27,-0.0015083853212592379
2019-09-28,0.0
2019-09-29,0.0007539554142853074
2019-09-30,0.0014883961217939511
2019-10-01,-0.004493430594739128
2019-10-02,-0.0025353797929726176
2019-10-03,0.0012333297358701671
2019-10-04,0.0021049372809338134
2019-10-05,0.0
2019-10-06,-0.0008216486978609727
2019-10-07,-0.0016092887779814464
2019-10-08,-0.0020199276561613908
2019-10-09,0.00065931816964098
2019-10-10,0.0007230628573200412
2019-10-11,0.0014094998623067772
2019-10-12,0.0
2019-10-13,0.0002647854643804874
2019-10-14,0.0005359208630216486
2019-10-15,0.001411626794489562
2019-10-16,-0.0006356820367835571
2019-10-17,-0.000991773094441394
2019-10-18,-0.0018041112897535805
2019-10-19,0.0
2019-10-20,0.000717137093369521
2019-10-21,0.0012935342317136548
2019-10-22,-0.002176115026946197
2019-10-23,0.0016516123270910088
2019-10-24,0.0012223618011637705
2019-10-25,0.0024098763517921267
2019-10-26,0.002121933618566833
2019-10-27,0.0028801191581023454
2019-10-28,0.00046642801067574725
2019-10-29,-0.001474101644697635
2019-10-30,0.0005479045773094974
2019-10-31,0.000625825676345156
2019-11-01,0.0008545681931789834
2019-11-02,0.0
2019-11-03,0.0005231107525149166
2019-11-04,0.0019420121581495864
2019-11-05,-0.0007465374160625134
2019-11-06,0.00017296611620101602
2019-11-07,-0.0003577020225955794
2019-11-08,0.0013456425392404767
2019-11-09,0.0
2019-11-10,-0.0006116805676070633
2019-11-11,-0.00020820547810842765
2019-11-12,0.00042882749212702143
2019-11-13,0.0005867661685378019
2019-11-14,0.0004088985843913585
2019-11-15,0.0002861204661062643
2019-11-16,0.0
2019-11-17,-0.0004976292494602028
2019-11-18,0.000436379769858615
2019-11-19,-0.0010943548054815821
2019-11-20,-0.0015023772244739692
2019-11-21,0.001098206744865679
2019-11-22,0.0006941218855047869
2019-11-23,0.0
2019-11-24,0.0006687855371402142
2019-11-25,0.0022013041998076473
2019-11-26,0.0010948799552572975
2019-11-27,0.0003628515809327318
2019-11-28,-0.00022821573891516818
2019-11-29,-0.0005873353650013762
2019-11-30,0.0
2019-12-01,0.000809481874183
2019-12-02,-0.0051656562444983515
2019-12-03,-0.0005433946840694302
2019-12-04,0.0010965624426704536
2019-12-05,-0.00013971344481747942
2019-12-06,0.0019271862819490147
2019-12-07,0.0
2019-12-08,-0.00039775589282871126
2019-12-09,-0.0006267775317123507
2019-12-10,-0.0004485830665455667
2019-12-11,0.0007172298935240632
2019-12-12,0.0026835126153738767
2019-12-13,0.0012233271374719502
2019-12-14,0.0
2019-12-15,0.0004217043130209288
2019-12-16,0.0015103072856134498
2019-12-17,-2.1070711445441188e-06
2019-12-18,0.0005546948116450266
2019-12-19,0.001996497586774216
2019-12-20,0.0019244581258385095
2019-12-21,0.0
2019-12-22,0.0003615347708588243
2019-12-23,0.0006732145747894463
2019-12-24,0.0013612123933948702
2019-12-25,0.0007192444073780796
2019-12-26,0.0029497580172407403
2019-12-27,-0.002871972359356186
2019-12-28,0.0
2019-12-29,0.0003961714489870144
2019-12-30,-0.0012716385864653202
2019-12-31,-0.0005761670456389738
2020-01-01,0.00136177426684058
2020-01-02,0.005050911395700202
2020-01-03,0.0011895540796263632
2020-01-04,0.0
2020-01-05,0.0026639071385039024
2020-01-06,-0.004100694953534043
2020-01-07,0.007519349173041219
2020-01-08,-0.004572344767672491
2020-01-09,-0.0009084264943404
2020-01-10,0.001516587039675138
2020-01-11,0.0
2020-01-12,-0.0009622633174725133
2020-01-13,-0.002431972076495845
2020-01-14,-0.0005995837003745181
2020-01-15,0.0005318017372544433
2020-01-16,0.0010728054845349421
2020-01-17,0.0020575462311461434
2020-01-18,0.0
2020-01-19,0.00018559444187397073
2020-01-20,-0.0011561179192760872
2020-01-21,-0.0010374569254547287
2020-01-22,-0.0006782263642482743
2020-01-23,0.0014312338034288064
2020-01-24,0.0015342975867931692
2020-01-25,0.0
2020-01-26,0.000301687437065931
2020-01-27,-0.00017549785688051762
2020-01-28,-0.0013084786283274039
2020-01-29,0.0013998934612925022
2020-01-30,-0.0005267795797617917
2020-01-31,-0.0004266877199343557
2020-02-01,0.0
2020-02-02,-0.0008018898948639077
2020-02-03,0.00016423225118272669
2020-02-04,-0.0017052995899264245
2020-02-05,0.0009036589317465175
2020-02-06,0.0021868134968589916
2020-02-07,0.0013608739304674525
2020-02-08,0.0
2020-02-09,7.663697486739315e-07
2020-02-10,0.00113007770309328
2020-02-11,-0.0004508776307371369
2020-02-12,0.001638898071876572
2020-02-13,0.0024890788897206067
2020-02-14,2.2977048042647816e-05
2020-02-15,0.0
2020-02-16,0.000682027792040792
2020-02-17,-0.0018818480500922706
2020-02-18,0.0033435977327134227
2020-02-19,0.001468273106083713
2020-02-20,-0.001922534579874371
2020-02-21,-0.003280283878270358
2020-02-22,0.0
2020-02-23,0.002573624439711642
2020-02-24,-0.002134924785576835
2020-02-25,-0.0026556913777516494
2020-02-26,2.9044662651437318e-05
2020-02-27,-0.00411385330703582
2020-02-28,-0.0067677162393782655
2020-02-29,0.0
2020-03-01,0.0008487581976257252
2020-03-02,-0.0010998206026736844
2020-03-03,0.004017063566170196
2020-03-04,0.0001922234474520308
2020-03-05,0.0029099542039616767
2020-03-06,-0.0003260176636731799
2020-03-07,0.0
2020-03-08,0.0008637625890107038
2020-03-09,-0.001768587733617011
2020-03-10,-0.00042357098680815804
2020-03-11,0.006112779924644315
2020-03-12,0.0018419759197277079
2020-03-13,-0.015739128023703083
2020-03-14,0.0
2020-03-15,0.002910933286688912
2020-03-16,-0.0007643536997167417
2020-03-17,0.002335997866466542
2020-03-18,-0.00025624321501545213
2020-03-19,-0.0019551062538919386
2020-03-20,0.0016019059628286604
2020-03-21,0.0
2020-03-22,0.001142833991960282
2020-03-23,-0.0017406658988204722
2020-03-24,-0.0005984660278949184
2020-03-25,-0.0010600094855224987
2020-03-26,-0.0012323588216822732
2020-03-27,0.0009449641077712846
2020-03-28,0.0
2020-03-29,0.00022622420103789254
2020-03-30,-0.002050201785383545
2020-03-31,0.00010235115724039353
2020-04-01,0.000609854858726616
2020-04-02,0.00045444330327583355
2020-04-03,8.89021447558306e-05
2020-04-04,0.0
2020-04-05,-0.0009302073140598482
2020-04-06,0.00024535712948950487
2020-04-07,-0.0001384739947664082
2020-04-08,-0.0011028985706917243
2020-04-09,0.000504325891126816
2020-04-10,-8.32808237397678e-06
2020-04-11,0.0
2020-04-12,0.00031587612485604584
2020-04-13,0.0008351641587348119
2020-04-14,-7.502996692450016e-05
2020-04-15,0.0006275751013820831
2020-04-16,-0.0013989137843527127
2020-04-17,-0.0005813784301012666
2020-04-18,0.0
2020-04-19,-0.000684996737925901
2020-04-20,0.0012481846257396503
2020-04-21,0.0010408830742964852
2020-04-22,0.00020336423155639525
2020-04-23,0.0001930766526662348
2020-04-24,-0.0004966809818923034
2020-04-25,0.0
2020-04-26,-0.0001355944417181856
2020-04-27,-0.0003541644221912398
2020-04-28,-0.0006358828504580223
2020-04-29,-0.0003216036382514114
2020-04-30,-0.0012042239521715475
2020-05-01,0.000669794943991572
2020-05-02,0.0
2020-05-03,0.0004122067248814971
2020-05-04,-0.000745807556250535
2020-05-05,3.510451921056687e-06
2020-05-06,-0.0001867040175410619
2020-05-07,-1.5865243488790828e-06
2020-05-08,-0.0006886458883606773
2020-05-09,0.0
2020-05-10,0.00026168560394032657
2020-05-11,-0.00019632267363393766
2020-05-12,-0.0006014550802514575
2020-05-13,0.0001922203139492904
2020-05-14,0.0007911120351901535
2020-05-15,0.0002702439682852289
2020-05-16,0.0
2020-05-17,0.0007268347431170787
2020-05-18,-0.0006756819353853042
2020-05-19,0.00017313471567629037
2020-05-20,0.00011564284343533954
2020-05-21,-0.0006701272893121599
2020-05-22,0.0007192389596496292
2020-05-23,0.0
2020-05-24,-4.329008448087269e-05
2020-05-25,0.0010319972443422279
2020-05-26,-0.0021209784357496984
2020-05-27,-0.0009764022660553494
2020-05-28,0.0003803139097773166
2020-05-29,0.002018706490737509
2020-05-30,0.0
2020-05-31,0.0005265175965308767
2020-06-01,0.00010466694135717586
2020-06-02,3.507511116630276e-05
2020-06-03,-0.002566968255576347
2020-06-04,0.0001644729809711164
2020-06-05,0.0007414791256571392
2020-06-06,0.0
2020-06-07,0.0007984874149012269
2020-06-08,0.0003761303285686879
2020-06-09,0.0029212101447597173
2020-06-10,0.0012168084922841143
2020-06-11,-0.008251796555702375
2020-06-12,0.00039009626473108085
2020-06-13,0.0
2020-06-14,-5.5822544196730697e-05
2020-06-15,0.0068012557217551894
2020-06-16,-7.414300765856105e-05
2020-06-17,-0.0005230298533692299
2020-06-18,0.0024132787064449217
2020-06-19,0.0014519541280602786
2020-06-20,0.0
2020-06-21,0.0020553516599471186
2020-06-22,0.0014543543614778424
2020-06-23,0.004380231840529077
2020-06-24,-0.004928768577912799
2020-06-25,0.0005751444385463545
2020-06-26,-0.002619780445337537
2020-06-27,0.0
2020-06-28,-0.0003967191952389295
2020-06-29,0.0008228605784546214
2020-06-30,0.004598149946473474
2020-07-01,-0.0008755661156748284
2020-07-02,0.0027881775912142383
2020-07-03,-0.0006747100996716431
2020-07-04,0.0
2020-07-05,0.002281967771065652
2020-07-06,0.0036764288619336293
2020-07-07,0.0019277495580753141
2020-07-08,0.004822856914798062
2020-07-09,-0.0020827193624344494
2020-07-10,0.003123755373625929
2020-07-11,0.0
2020-07-12,0.0018535670044528807
2020-07-13,-0.006966819937606148
2020-07-14,0.005136821122112305
2020-07-15,-0.0007015894687646625
2020-07-16,-0.0033952970501942206
2020-07-17,0.0028003808977697248
2020-07-18,0.0
2020-07-19,-0.0014675917988081204
2020-07-20,0.008830494447844167
2020-07-21,0.010508725864791367
2020-07-22,0.0004047723557244234
2020-07-23,0.0014164283974710415
2020-07-24,0.0017826492364840056
2020-07-25,0.0
2020-07-26,0.006076005638665332
2020-07-27,0.0093535140619663
2020-07-28,-0.005294916259206675
2020-07-29,0.004217043934452457
2020-07-30,0.0012062448000278285
2020-07-31,0.000992828482731113
2020-08-01,0.0
2020-08-02,-0.0007793871760756182
2020-08-03,0.00211029021403584
2020-08-04,0.009801633494580736
2020-08-05,0.005098971580362935
2020-08-06,0.005758246194769224
2020-08-07,-0.007452061873697663
2020-08-08,0.0
2020-08-09,-0.0007038096630581798
2020-08-10,-0.0005198615316104883
2020-08-11,-0.021930897355349272
2020-08-12,0.006265554803615717
2020-08-13,0.00019448730348980539
2020-08-14,-0.0004456846608392388
2020-08-15,0.0
2020-08-16,0.0006429884067772339
2020-08-17,0.004662690821805193
2020-08-18,0.002038157960569538
2020-08-19,-0.0039025918108153835
2020-08-20,0.0026720696378306815
2020-08-21,-0.00197349342317159
2020-08-22,0.0010810957561935956
2020-08-23,0.0002803214144465171
2020-08-24,0.0010644848923254634
2020-08-25,0.004009202070002351
2020-08-26,0.0023512035732834017
2020-08-27,-0.0006060719052008526
2020-08-28,0.001544150807273577
2020-08-29,0.0
2020-08-30,0.001429357480110309
2020-08-31,0.001149613665632496
2020-09-01,0.0004516415179569598
2020-09-02,-0.006204706627352842
2020-09-03,-0.009731994722221665
2020-09-04,-0.004208228026221503
2020-09-05,0.0
2020-09-06,-7.828175236596924e-05
2020-09-07,-0.017721306070672224
2020-09-08,-0.0026292729505884216
2020-09-09,-0.015409304393061377
2020-09-10,-0.0019490142649117971
2020-09-11,-0.004523724082714702
2020-09-12,0.0
2020-09-13,-0.0019620327323991897
2020-09-14,0.005602070492009209
2020-09-15,-0.00021328283591084922
2020-09-16,8.924713305728959e-05
2020-09-17,0.007582258922554011
2020-09-18,0.0024075951574552778
2020-09-19,0.0
2020-09-20,0.010805173676571161
2020-09-21,0.005182759490276546
2020-09-22,-0.002041225528499484
2020-09-23,-0.0010523875916755821
2020-09-24,-0.0007886890252251455
2020-09-25,0.00022506144798998642
2020-09-26,0.0
2020-09-27,0.0009311078517461082
2020-09-28,0.011107085868315108
2020-09-29,0.017989289644017317
2020-09-30,0.011892449521934707
2020-10-01,0.016555372630304207
2020-10-02,0.000621487301725754
2020-10-03,0.0
2020-10-04,0.011320719037192738
2020-10-05,-0.010166865062101535
2020-10-06,-0.008306912912568102
2020-10-07,-0.005968113216163001
2020-10-08,-0.005482434063134489
2020-10-09,0.0025940500637608153
2020-10-10,0.0
2020-10-11,-0.00412292110608303
2020-10-12,0.0009223450495580071
2020-10-13,-0.00040022409639193634
2020-10-14,-0.0027021086223502568
2020-10-15,0.002028042220780554
2020-10-16,-0.0024311808640252943
2020-10-17,0.0
2020-10-18,0.0006473215538802657
2020-10-19,0.0007472835022580052
2020-10-20,0.0009511709340311386
2020-10-21,-0.000304702371131513
2020-10-22,-0.002067876214046696
2020-10-23,-0.00208709324516974
2020-10-24,0.0
2020-10-25,-0.002018823546246959
2020-10-26,0.0049717504602632325
2020-10-27,0.002620752129849784
2020-10-28,-0.006039439075156059
2020-10-29,-0.00426178142529584
2020-10-30,-0.001690015367801882
2020-10-31,0.0
2020-11-01,0.0018036899049329745
2020-11-02,-0.003070077907468868
2020-11-03,0.0003239047126647702
2020-11-04,0.005384567153737405
2020-11-05,0.009352131591879384
2020-11-06,0.005336476743117407
2020-11-07,0.0005646010411377434
2020-11-08,0.004939619857547499
2020-11-09,-0.03262658463025319
2020-11-10,0.00018136668848318135
2020-11-11,-0.0011162102638396403
2020-11-12,0.0016024932557544536
2020-11-13,0.0009081214666617495
2020-11-14,0.0
2020-11-15,0.001089056578994868
2020-11-16,-0.00044510923723638577
2020-11-17,-0.0012417393145245194
2020-11-18,-0.0017328595039097722
2020-11-19,0.002303645693310848
2020-11-20,-0.00032287630357627636
2020-11-21,0.0
2020-11-22,0.0010366421224970186
2020-11-23,-0.003858940264660433
2020-11-24,0.0020349176574393025
2020-11-25,0.002530973349565374
2020-11-26,-0.0009403790236494162
2020-11-27,0.0005019623029806236
2020-11-28,0.0
2020-11-29,-0.001865940047547776
2020-11-30,0.0031217743206427323
2020-12-01,0.0027162469289202713
2020-12-02,0.003173968058631381
2020-12-03,0.003214448079595431
2020-12-04,-0.0011814810659558823
2020-12-05,0.0
2020-12-06,9.953145319253226e-06
2020-12-07,0.003994770899767303
2020-12-08,0.0012506407106620352
2020-12-09,-0.007371457987453804
2020-12-10,0.0024260964373567745
2020-12-11,-0.0009398681864139072
2020-12-12,0.0
2020-12-13,0.0018010491958760147
2020-12-14,-0.00035267341929965903
2020-12-15,0.006312643989455594
2020-12-16,0.004876029671442111
2020-12-17,0.0019483378207793783
2020-12-18,0.0017419671115111496
2020-12-19,0.0
2020-12-20,-0.0014025127210252515
2020-12-21,-0.001962131019412042
2020-12-22,-0.003549004613638133
2020-12-23,0.0025424392901227076
2020-12-24,0.000656745165004625
2020-12-25,-0.00015091333291993267
2020-12-26,0.0
2020-12-27,0.0033880459160212954
2020-12-28,0.0032023438952995726
2020-12-29,0.0023845326058802175
2020-12-30,-0.000270635765016396
2020-12-31,0.0004794399880925514
2021-01-02,0.0
2021-01-03,0.0030071021432454886
2021-01-04,-0.004424318995034141
2021-01-05,0.0019354484199547142
2021-01-06,0.001183718852946947
2021-01-07,0.008862680681003194
2021-01-08,-0.0009289789026037938
2021-01-09,0.0
2021-01-10,-0.005086049457563763
2021-01-11,-0.00038827501004181915
2021-01-12,0.00469579539409238
2021-01-13,-0.002381378888931766
2021-01-14,-0.0018903736914484845
2021-01-15,-0.005511777524245495
2021-01-16,0.0
2021-01-17,-0.0003651225989741767
2021-01-18,0.0045114428323293505
2021-01-19,0.006559512491816076
2021-01-20,0.007057380940040793
2021-01-21,-0.00043739343041182923
2021-01-22,-0.0001509248890622388
2021-01-23,0.0
2021-01-24,0.006622496172895929
2021-01-25,-0.00314120159521611
2021-01-26,0.006074631812422239
2021-01-27,-0.015598806861005492
2021-01-28,-0.0027865311381924905
2021-01-29,-0.0009980602819891612
2021-01-30,0.0
2021-01-31,-0.0006956122369625929
2021-02-01,0.007698541917843026
2021-02-02,0.004730533863686183
2021-02-03,0.0016468779682935178
2021-02-04,0.007594219168987858
2021-02-05,-0.0008127653046004626
2021-02-06,0.002987033434219073
2021-02-07,0.005193011510560819
2021-02-08,-0.003533872071538219
2021-02-09,0.0015303644951178298
2021-02-10,0.0008713463705218748
2021-02-11,0.0013540307283989173
2021-02-12,0.003378653734150091
2021-02-13,0.0
2021-02-14,0.002897254898510441
2021-02-15,-0.0007074219201376761
2021-02-16,0.0020171425408328915
2021-02-17,0.0015914292913920389
2021-02-18,-0.0001756248068532934
2021-02-19,-0.0030216724910791496
2021-02-20,0.0
2021-02-21,0.0008578971526920322
2021-02-22,-0.003925660433112872
2021-02-23,-0.003910475409855935
2021-02-24,0.006428649282672468
2021-02-25,-0.0014711937826876944
2021-02-26,0.002695149963433984
2021-02-27,0.0
2021-02-28,0.00031955520600766005
2021-03-01,0.022675935475691696
2021-03-02,0.010735743012310619
2021-03-03,0.016710639153726076
2021-03-04,0.017385266143499764
2021-03-05,0.00207693773210476
2021-03-06,0.0
2021-03-07,0.009482791624323491
2021-03-08,0.0002882785116272101
2021-03-09,-0.004283619831770705
2021-03-10,0.00021127338700797875
2021-03-11,0.004171303120406775
2021-03-12,-0.002090542732490952
2021-03-13,0.0
2021-03-14,0.0007646367107717522
2021-03-15,-0.0009550159205177762
2021-03-16,-0.0011972665633797257
2021-03-17,-0.0010720169233547985
2021-03-18,-0.005758335547333615
2021-03-19,-0.0002723635932824244
2021-03-20,0.0
2021-03-21,0.00021960191660041204
2021-03-22,0.002368083046497316
2021-03-23,-0.004957246158918995
2021-03-24,-4.134380666654813e-05
2021-03-25,0.001742070906449795
2021-03-26,0.0016625960158741836
2021-03-27,0.0
2021-03-28,-0.001017998261744666
2021-03-29,0.0059356490190217125
2021-03-30,0.003305091557163185
2021-03-31,-0.005530481212854631
2021-04-01,-0.002350482419008867
2021-04-02,-1.9221093944205207e-06
2021-04-03,0.0
2021-04-04,3.794784391276991e-05
2021-04-05,-0.001460991013989445
2021-04-06,-3.922112935939124e-05
2021-04-07,0.0008089582783837507
2021-04-08,-0.0017846465716956261
2021-04-09,0.0016443089499692475
2021-04-10,0.0
2021-04-11,-0.0002849001908450324
2021-04-12,0.0011582723189574584
2021-04-13,-0.0008072800279360204
2021-04-14,-0.002502268992574039
2021-04-15,-0.002134427260172961
2021-04-16,-0.001842009620230129
2021-04-17,0.0
2021-04-18,-0.0013647516513126106
2021-04-19,0.003357204406453569
2021-04-20,-0.006075185445638706
2021-04-21,-0.0007666516418951546
2021-04-22,-0.0017965063176688357
2021-04-23,0.004470663753055263
2021-04-24,0.0
2021-04-25,-4.905057872841985e-05
2021-04-26,0.0006704603728406033
2021-04-27,0.0009802376616703382
2021-04-28,-0.0018562223584240314
2021-04-29,0.0012293372418518895
2021-04-30,-0.0007314492785298257
2021-05-01,0.0
2021-05-02,8.279822876424e-05
2021-05-03,-0.005614790372268055
2021-05-04,-0.0007204138873042031
2021-05-05,-0.004363840829476823
2021-05-06,0.00016546390538876775
2021-05-07,0.0004039285628165134
2021-05-08,0.0
2021-05-09,0.000758766387451957
2021-05-10,-0.008332781824190366
2021-05-11,0.0017348946311504922
2021-05-12,-0.0026368216727185125
2021-05-13,0.00037774457303226563
2021-05-14,0.0009684747986904727
2021-05-15,0.0
2021-05-16,-0.002740870099430841
2021-05-17,-0.00181071441657286
2021-05-18,-0.005693384095696838
2021-05-19,-0.0019073054058259221
2021-05-20,0.004516605785470552
2021-05-21,0.0007422280969594905
2021-05-22,0.0
2021-05-23,0.0005109655680727517
2021-05-24,0.007741512917855898
2021-05-25,-0.005731681971244697
2021-05-26,-0.0026245525649216473
2021-05-27,0.004038310600857059
2021-05-28,0.00025228604508692904
2021-05-29,0.0
2021-05-30,0.0007348718847445265
2021-05-31,-2.5801848477842503e-05
2021-06-01,0.00010117630649875819
2021-06-02,0.0032696892916534125
2021-06-03,-0.0073544824795370774
2021-06-04,0.006797571367191236
2021-06-05,0.0
2021-06-06,-0.0004899919484519173
2021-06-07,0.00048738147156354315
2021-06-08,0.0028471817799854433
2021-06-09,-0.002714759791597176
2021-06-10,0.0038280913262851864
2021-06-11,-0.0001692374271385011
2021-06-12,0.0
2021-06-13,0.0008073324245817819
2021-06-14,0.0011624913411674767
2021-06-15,0.00018139254547985188
2021-06-16,0.0011417316625897357
2021-06-17,0.012669035377545095
2021-06-18,-0.00017306503103545827
2021-06-19,0.0
2021-06-20,-0.0034637183540770274
2021-06-21,0.004934325459214352
2021-06-22,0.0035621297537178293
2021-06-23,0.0008032220116450848
2021-06-24,0.002227922248576579
2021-06-25,-0.00018407171173513102
2021-06-26,0.0
2021-06-27,0.01460172551701936
2021-06-28,-1.6074224942928226e-05
2021-06-29,0.005719584232793056
2021-06-30,-0.0008931892445355905
2021-07-01,0.0024239377937414516
2021-07-02,0.0009103563968089006
2021-07-03,0.0
2021-07-04,-0.0002765803613441835
2021-07-05,-2.9884956842160457e-05
2021-07-06,-0.004553926986257059
2021-07-07,-0.0001501196223736097
2021-07-08,-0.005970673630327482
2021-07-09,0.0059678121341573045
2021-07-10,0.0
2021-07-11,0.00012580331140583698
2021-07-12,0.0007843800182011829
2021-07-13,0.0011286909789193682
2021-07-14,-0.005628030733028445
2021-07-15,-0.0039043166601898673
2021-07-16,-0.00020154007090322627
2021-07-17,0.0
2021-07-18,-0.0017767563108195327
2021-07-19,-0.007513510316115795
2021-07-20,0.00463851306462688
2021-07-21,0.002946792546366465
2021-07-22,0.00373529994438134
2021-07-23,0.004489933088879421
2021-07-24,0.0
2021-07-25,-0.0017795657180211105
2021-07-26,0.0012276873383013688
2021-07-27,-0.005316880954543153
2021-07-28,-0.0019258587589749982
2021-07-29,-0.0032495440342026737
2021-07-30,0.004576145863261861
2021-07-31,0.0
2021-08-01,0.0012166733487160356
2021-08-02,-0.003777791711126745
2021-08-03,0.0033102110586590923
2021-08-04,0.0036835466032471044
2021-08-05,0.003615742498785789
2021-08-06,0.008190280344705942
2021-08-07,0.0
2021-08-08,0.0031440042650136193
2021-08-09,0.0022157216763386885
2021-08-10,-0.00044414530899464027
2021-08-11,-0.004290533048951711
2021-08-12,0.0015938732413506697
2021-08-13,-0.003790833306083585
2021-08-14,0.0
2021-08-15,-0.0007488828295950348
2021-08-16,0.00032460727493655354
2021-08-17,-0.00209500532388432
2021-08-18,-0.00033573801700030316
2021-08-19,-0.0005553891725537662
2021-08-20,0.006878672380553976
2021-08-21,0.0
2021-08-22,0.004017468028213465
2021-08-23,-0.0009323613160994004
2021-08-24,-0.000589620616257437
2021-08-25,-0.0016804208732233987
2021-08-26,-0.000106523651898223
2021-08-27,0.002492642558516122
2021-08-28,0.0
2021-08-29,0.010534214833818716
2021-08-30,0.004312006789687909
2021-08-31,0.0010018590086497629
2021-09-01,-0.001174615411446421
2021-09-02,-0.0004835528565709929
2021-09-03,0.0007184954626107063
2021-09-04,0.0
2021-09-05,-0.00046092756301997946
2021-09-06,0.0021386490382193923
2021-09-07,-0.0021774718059799094
2021-09-08,-0.004913556312425346
2021-09-09,0.000600570472983904
2021-09-10,-0.006247311620773525
2021-09-11,0.0
2021-09-12,0.00032053336968986657
2021-09-13,0.00022786357022040637
2021-09-14,-0.0026028366178228843
2021-09-15,0.0009107468957497878
2021-09-16,-0.0006788403994737013
2021-09-17,-0.005801833300547469
2021-09-18,-0.006748550604873653
2021-09-19,-0.006773141922759311
2021-09-20,-0.005855686445229517
2021-09-21,0.00024150559989352693
2021-09-22,0.006798522845101088
2021-09-23,0.0021124660854598557
2021-09-24,0.0014963693984632116
2021-09-25,0.0
2021-09-26,0.0032465245169455217
2021-09-27,-0.006574877881276969
2021-09-28,-0.011164826048914755
2021-09-29,0.003496510674595945
2021-09-30,-0.005212986762428483
2021-10-01,0.004595924175900285
2021-10-02,0.0
2021-10-03,-0.0010507521046286383
2021-10-04,-0.0011883156804368324
2021-10-05,0.0029703867701061128
2021-10-06,0.002766342590127111
2021-10-07,0.004609951010021249
2021-10-08,-0.0020434455152765433
2021-10-09,0.0
2021-10-10,0.0010432786445984479
2021-10-11,-0.001369617913696583
2021-10-12,-0.00024339019892261743
2021-10-13,0.003242958038751252
2021-10-14,0.006086029961857589
2021-10-15,0.0011271676888421405
2021-10-16,0.0
2021-10-17,0.0010855380194400382
2021-10-18,-0.0025167076134649754
2021-10-19,0.0019982973957338554
2021-10-20,0.0020475667570530667
2021-10-21,-0.0001846535129337962
2021-10-22,0.0013512568207909004
2021-10-23,0.0
2021-10-24,0.0008518921719577663
2021-10-25,0.004155460612473394
2021-10-26,-0.0013577563326933573
2021-10-27,-0.003077982754765301
2021-10-28,0.0003649495877894215
2021-10-29,0.00513331696130775
2021-10-30,0.0
2021-10-31,0.0007041095113911846
2021-11-01,0.005680654463478667
2021-11-02,0.005138573962679802
2021-11-03,-0.0010453355230204374
2021-11-04,0.003512363109849702
2021-11-05,0.00350724934552354
2021-11-06,0.0
2021-11-07,0.0008965568674978847
2021-11-08,-0.0016272476066161578
2021-11-09,0.001125025867989122
2021-11-10,0.0015273164448913175
2021-11-11,0.0022651306525246755
2021-11-12,0.0018490214509749294
2021-11-13,0.0
2021-11-14,-0.0012238522506999349
2021-11-15,0.0027844793244273186
2021-11-16,0.001832107501666549
2021-11-17,-0.0017617089652305275
2021-11-18,0.0025925363608734
2021-11-19,-0.0038659311007732955
2021-11-20,0.0
2021-11-21,0.00013420851388426685
2021-11-22,0.0023376977248217396
2021-11-23,-0.001491366384962085
2021-11-24,0.002518258751315846
2021-11-25,-0.004165073492294993
2021-11-26,-0.002973895832826281
2021-11-27,0.0
2021-11-28,0.0014067680707380912
2021-11-29,0.0022329867756847887
2021-11-30,-0.0028133740789211365
2021-12-01,-0.0057061949100609445
2021-12-02,0.0015654883522269324
2021-12-03,-0.004272465921402694
2021-12-04,0.0
2021-12-05,0.0007152865695005283
2021-12-06,0.001528127734175617
2021-12-07,0.0034223497481306385
2021-12-08,-0.0016781484442104592
2021-12-09,0.0008324408593087337
2021-12-10,0.00045061112561755326
2021-12-11,0.0
2021-12-12,0.0006093059598310085
2021-12-13,-0.009772470910778824
2021-12-14,0.000929348496882717
2021-12-15,0.0017236457678989582
2021-12-16,-0.010979191867633143
2021-12-17,0.0028590428319724753
2021-12-18,0.0
2021-12-19,-0.0019340363869888735
2021-12-20,0.0009424210321354253
2021-12-21,0.0022352388435082507
2021-12-22,0.0027622271082594434
2021-12-23,0.0016308000047397595
2021-12-24,0.00046493339680206706
2021-12-25,0.0
2021-12-26,0.0006447439235972036
2021-12-27,0.0015291055118912167
2021-12-28,-0.00012133083792875788
2021-12-29,-0.002373636004432039
2021-12-30,0.002291165713527823
2021-12-31,0.00031968131030620786
2022-01-01,0.0
2022-01-02,0.0006923063870646756
2022-01-03,-0.0011205533000726116
2022-01-04,-0.0020459889550555367
2022-01-05,-0.007471090321807155
2022-01-06,-0.0032132086159161895
2022-01-07,-0.0037014836449978895
2022-01-08,0.0
2022-01-09,0.0009510939882745672
2022-01-10,-0.0031555395892348677
2022-01-11,0.002932393068079383
2022-01-12,-0.001263570270280469
2022-01-13,-0.004208341006167751
2022-01-14,0.0022904868036541163
2022-01-15,0.0
2022-01-16,-0.0005355407988531044
2022-01-17,0.00037807280363798447
2022-01-18,-0.0013688570244207228
2022-01-19,-0.005199583086019597
2022-01-20,-0.0026534456376789578
2022-01-21,-0.0018852924286849489
2022-01-22,0.0
2022-01-23,0.0011627728125529918
2022-01-24,0.00047642617418597083
2022-01-25,0.002225229288953755
2022-01-26,0.0006966981767259784
2022-01-27,0.0017812496955532289
2022-01-28,0.0009151480770958755
2022-01-29,0.0
2022-01-30,-0.0003266522950464042
2022-01-31,-0.005418777577908301
2022-02-01,-0.0012470059876638195
2022-02-02,-0.003284389878625069
2022-02-03,-0.0072251800712959
2022-02-04,0.0008429244740748885
2022-02-05,0.0
2022-02-06,0.00012902077982881338
2022-02-07,-0.0010755724809370629
2022-02-08,-0.0009906205310434883
2022-02-09,0.0013009530238572726
2022-02-10,0.00014463424663384552
2022-02-11,0.006379890641201902
2022-02-12,0.0
2022-02-13,-6.584213141725213e-05
2022-02-14,0.0029611677957067806
2022-02-15,-0.005490680047729993
2022-02-16,0.0017683507771191188
2022-02-17,-0.0009268288379239464
2022-02-18,0.00236444722787671
2022-02-19,0.0
2022-02-20,-0.0021190778919879865
2022-02-21,0.0032636148050677774
2022-02-22,0.009198951202418728
2022-02-23,0.008458984782136837
2022-02-24,-0.003932414914274021
2022-02-25,-0.005271574437474929
2022-02-26,0.0
2022-02-27,0.008102179152901004
2022-02-28,-0.0020773097655623096
2022-03-01,0.009827052592422118
2022-03-02,0.0010663828226478318
2022-03-03,0.002607173262648242
2022-03-04,0.006998908072854069
2022-03-05,0.0
2022-03-06,0.005507683483814541
2022-03-07,0.0015230044214100493
2022-03-08,0.0014463606949062806
2022-03-09,-0.012618718722338523
2022-03-10,0.0021791647190283064
2022-03-11,0.0030864969390249444
2022-03-12,0.0
2022-03-13,-0.00038305775758943684
2022-03-14,-0.0032110135464136816
2022-03-15,-0.002326367175043184
2022-03-16,-0.002748158144644276
2022-03-17,0.0009857968105149281
2022-03-18,-0.0007092852709809794
2022-03-19,0.0
2022-03-20,0.0007115653452481186
2022-03-21,-2.3308959707954106e-05
2022-03-22,-0.0010220348663643295
2022-03-23,0.0021084730431180127
2022-03-24,-0.0030166719351393755
2022-03-25,0.001240202986570268
2022-03-26,0.0
2022-03-27,-0.0009616514671976077
2022-03-28,-0.002158834519936473
2022-03-29,-0.005427124910935261
2022-03-30,-0.0011132086882225261
2022-03-31,0.002893783490660365
2022-04-01,-0.00021168958142920308
2022-04-02,0.0
2022-04-03,-9.253211889620136e-05
2022-04-04,0.0011976058788773114
2022-04-05,0.0009285229408319824
2022-04-06,0.000708718052147628
2022-04-07,0.0010305854166992256
2022-04-08,0.0012249768684427023
2022-04-09,0.0
2022-04-10,0.0006772450091682391
2022-04-11,0.002120866474313531
2022-04-12,0.0006321260706732385
2022-04-13,-0.002166939013704704
2022-04-14,0.0044373892915673
2022-04-15,-0.00029380116938437415
2022-04-16,0.0
2022-04-17,0.0012149996282943552
2022-04-18,0.0015375417314686453
2022-04-19,-0.0006833790157095089
2022-04-20,-0.0005787120679057499
2022-04-21,0.005158265801067503
2022-04-22,0.00146957419679249
2022-04-23,0.005102542074739078
2022-04-24,0.00045911594093090476
2022-04-25,0.002671913924250803
2022-04-26,0.004870606866157503
2022-04-27,0.001625928353709921
2022-04-28,0.002085410096843201
2022-04-29,0.000703290916421875
2022-04-30,0.0
2022-05-01,0.0006324241725412946
2022-05-02,-0.0025321886883625153
2022-05-03,-0.0001247252561473047
2022-05-04,-0.005089631964843501
2022-05-05,0.007847539637894356
2022-05-06,0.0014923538582241789
2022-05-07,0.0
2022-05-08,0.0070228124385732366
2022-05-09,0.0012459895516667371
2022-05-10,0.0037774250894677583
2022-05-11,0.0036928339114838627
2022-05-12,-0.0005456284191309397
2022-05-13,-0.004268303133131499
2022-05-14,0.0
2022-05-15,0.0006222777043844207
2022-05-16,-0.00031260014696076795
2022-05-17,-0.005622987076140789
2022-05-18,0.005882777192602609
2022-05-19,-0.0035410636415790656
2022-05-20,0.0011002434543968525
2022-05-21,0.0
2022-05-22,-0.0025285458336702926
2022-05-23,-0.0013047387548795189
2022-05-24,-0.0015722379620913681
2022-05-25,-0.0005956770554569184
2022-05-26,-0.0050443937791313275
2022-05-27,-0.0037786913729976196
2022-05-28,0.0
2022-05-29,-0.0006614841294492669
2022-05-30,0.0014069950913811774
2022-05-31,0.0014706276527727043
2022-06-01,0.003934016582051721
2022-06-02,-0.004446989736278782
2022-06-03,0.00482808303598618
2022-06-04,0.0
2022-06-05,-0.001038149521059947
2022-06-06,0.003249032369296625
2022-06-07,-0.0006863885673851479
2022-06-08,0.0032322065445633003
2022-06-09,0.003907574545983818
2022-06-10,0.009228063064050067
2022-06-11,0.0
2022-06-12,0.007946128969682232
2022-06-13,0.003968902931193034
2022-06-14,-6.782046505078923e-05
2022-06-15,0.006581847262403129
2022-06-16,0.0029286726797240043
2022-06-17,-2.9394084985865645e-05
2022-06-18,0.0
2022-06-19,-0.0006585486719177736
2022-06-20,-0.001648173957258621
2022-06-21,0.00016566873913246931
2022-06-22,-0.0021226757110965073
2022-06-23,-0.0028373278430146504
2022-06-24,-0.004311055326649607
2022-06-25,0.0
2022-06-26,-0.00024363081296375854
2022-06-27,0.001523263605932434
2022-06-28,0.004334629255855461
2022-06-29,0.002864264564251877
2022-06-30,-0.0026625130677095836
2022-07-01,-0.0016600466790927485
2022-07-02,0.0
2022-07-03,0.000291349066649757
2022-07-04,0.0003239343380977782
2022-07-05,-0.0021144432375748063
2022-07-06,0.0019608904834449636
2022-07-07,-0.004117941521864263
2022-07-08,-0.00041611111844216736
2022-07-09,0.0
2022-07-10,0.004160673699324276
2022-07-11,0.005396303072229723
2022-07-12,0.0006433540297095126
2022-07-13,0.0029005090479912402
2022-07-14,0.0013990538416469858
2022-07-15,-0.004106660806490403
2022-07-16,0.0
2022-07-17,-0.001728222504027569
2022-07-18,-0.008234169334937157
2022-07-19,-0.007376829608688175
2022-07-20,0.0018212051970965429
2022-07-21,-0.003044987198716187
2022-07-22,-0.0040604038537691185
2022-07-23,0.0
2022-07-24,0.0007330965264873439
2022-07-25,-0.000388175018573105
2022-07-26,0.004708993760274575
2022-07-27,-0.009182975570904717
2022-07-28,-0.004709793890051315
2022-07-29,-0.004186994850635904
2022-07-30,0.0
2022-07-31,-0.0016841831617882001
2022-08-01,-0.003148313404285095
2022-08-02,0.006774035170145949
2022-08-03,0.0002089040946444638
2022-08-04,-0.003122891293087488
2022-08-05,0.0050019863803988825
2022-08-06,0.0
2022-08-07,0.00027108310588786166
2022-08-08,-0.0012273393582374753
2022-08-09,0.00040391521825675417
2022-08-10,-0.007482313240561452
2022-08-11,-0.0007756098769086976
2022-08-12,0.0001272907496140703
2022-08-13,0.0
2022-08-14,0.0005631856058053307
2022-08-15,0.002210729355626904
2022-08-16,0.001645848231295829
2022-08-17,0.0017234087000186538
2022-08-18,0.004063018380490403
2022-08-19,0.004306159102344444
2022-08-20,0.0
2022-08-21,0.0005647786511775366
2022-08-22,0.00474619835359673
2022-08-23,-0.000245894896198663
2022-08-24,-0.0026381014520613037
2022-08-25,-0.0009563961783253662
2022-08-26,0.006695132453575399
2022-08-27,0.0
2022-08-28,0.0031149203795672116
2022-08-29,-0.0028366971606093557
2022-08-30,-0.0009586709798355556
2022-08-31,0.017773874296271423
2022-09-01,0.002355494803277677
2022-09-02,0.0013298027482031654
2022-09-03,0.0
2022-09-04,0.0010964157386392523
2022-09-05,-0.0017257973696853935
2022-09-06,0.009991199226527806
2022-09-07,-0.004884393084283473
2022-09-08,-0.003914309033218064
2022-09-09,-0.0025968336986025185
2022-09-10,0.0
2022-09-11,-0.00023714730166966052
2022-09-12,-0.002747183579145197
2022-09-13,0.008244002430049854
2022-09-14,-0.001841752942317811
2022-09-15,0.0025084954565066965
2022-09-16,-0.001117384711946457
2022-09-17,0.0
2022-09-18,0.0007490867877407766
2022-09-19,-0.001773101878310925
2022-09-20,0.004224375983600899
2022-09-21,0.006594502994475048
2022-09-22,0.003959797792614991
2022-09-23,0.007314936870250303
2022-09-24,0.0
2022-09-25,0.002079228607634679
2022-09-26,0.0010982121964060402
2022-09-27,0.00457111960117303
2022-09-28,-0.007284782443165997
2022-09-29,5.258146644994687e-05
2022-09-30,0.0012290800233227895
2022-10-01,0.006584750548803839
2022-10-02,-0.0005428238364717627
2022-10-03,-0.00545830689531038
2022-10-04,-0.005422552820706209
2022-10-05,-0.0004493544240334287
2022-10-06,0.0031189841495289257
2022-10-07,0.00319385090841763
2022-10-08,0.0
2022-10-09,0.00033215634376080965
2022-10-10,0.0020797109058951807
2022-10-11,0.000954411308223295
2022-10-12,0.0016162679008398283
2022-10-13,-0.004475675804106201
2022-10-14,0.006624748488189317
2022-10-15,0.0
2022-10-16,-0.0007136671966241626
2022-10-17,-0.003144386725145486
2022-10-18,-0.0008458968887258759
2022-10-19,0.0036734965646207213
2022-10-20,0.000671237594742616
2022-10-21,-0.008211260233972322
2022-10-22,0.0
2022-10-23,0.001954863833395507
2022-10-24,-0.007233908113802886
2022-10-25,-0.00266835119215496
2022-10-26,-0.0033868116034889337
2022-10-27,0.002386659005538099
2022-10-28,-0.0005379550379503113
2022-10-29,0.0
2022-10-30,0.0005492314541154539
2022-10-31,0.002098231258750019
2022-11-01,-0.0013783889146788248
2022-11-02,0.0018589984417180655
2022-11-03,0.00250831050156175
2022-11-04,-0.0036910350942257007
2022-11-05,0.0
2022-11-06,0.0006721031974994961
2022-11-07,-0.001414084559924021
2022-11-08,-0.003592061024191749
2022-11-09,-0.0052267727522701665
2022-11-10,-0.015044475718591185
2022-11-11,-0.004272984214030477
2022-11-12,0.0
2022-11-13,0.0009412864299091018
2022-11-14,-0.0034715229452619498
2022-11-15,-0.0005682194553712698
2022-11-16,-0.0010198981572021688
2022-11-17,-7.590646668503101e-05
2022-11-18,0.00020580774253692237
2022-11-19,0.0
2022-11-20,0.0007155802941237222
2022-11-21,0.001588996972422808
2022-11-22,-0.001137471490968728
2022-11-23,-0.003309759638964435
2022-11-24,-0.00043358658296872155
2022-11-25,0.002179750268135517
2022-11-26,0.0
2022-11-27,0.0010407205611822048
2022-11-28,-0.0026328738596059762
2022-11-29,-0.0018630414487796863
2022-11-30,-0.004235318530170205
2022-12-01,-0.0012071665914446758
2022-12-02,0.0008090944456373266
2022-12-03,0.0
2022-12-04,-0.0005835614874917743
2022-12-05,0.0012262236866409672
2022-12-06,0.0017538276944020928
2022-12-07,0.0007130304991716414
2022-12-08,-4.0939084248062454e-05
2022-12-09,0.0006053671624145481
2022-12-10,0.0
2022-12-11,8.050610159824582e-07
2022-12-12,-0.00792997656964612
2022-12-13,-0.0002977685893575946
2022-12-14,-0.000507001401267132
2022-12-15,-0.0004403978933880594
2022-12-16,0.00038685544636312877
2022-12-17,0.0
2022-12-18,-9.001296413143619e-05
2022-12-19,0.0027234668484229603
2022-12-20,-0.0006373470646910726
2022-12-21,-0.0010726869854264557
2022-12-22,0.0001290382668695958
2022-12-23,-0.0005767079479065179
2022-12-25,0.0004558892981081052
2022-12-26,-0.001173063044374515
2022-12-27,0.0006921937189376717
2022-12-28,0.0016567697020734551
2022-12-29,-0.0003518646185690618
2022-12-30,0.0018284753971855772
2023-01-01,9.905508539806918e-05
2023-01-02,0.0013180877770739997
2023-01-03,-0.0015164170088981547
2023-01-04,0.0001637350521528991
2023-01-05,-0.0028520835646985714
2023-01-06,0.00218552200454599
2023-01-07,0.0
2023-01-08,7.41349078943334e-05
2023-01-09,0.0011584592158550512
2023-01-10,-0.0018370225766227454
2023-01-11,-0.0041839918170896995
2023-01-12,0.00375514507951514
2023-01-13,0.00045743378348454496
2023-01-14,0.0
2023-01-15,0.00027381340519374485
2023-01-16,-0.0010419937709625637
2023-01-17,-0.00520476988676206
2023-01-18,0.006401055822888606
2023-01-19,0.00028729964767649374
2023-01-20,-0.002360836062017927
2023-01-21,0.0
2023-01-22,-0.004384256598683774
2023-01-23,0.012865046454964684
2023-01-24,0.01876711129681244
2023-01-25,0.023596589237814013
2023-01-26,0.01401377435632701
2023-01-27,-0.0013500658644588115
2023-01-28,0.0
2023-01-29,0.015924522671339477
2023-01-30,-0.0007824542777393035
2023-01-31,-0.00020642972594309597
2023-02-01,0.0028391662648558492
2023-02-02,-0.004084558016386802
2023-02-03,-0.003940092364080514
2023-02-04,0.0
2023-02-05,-8.538873162250069e-05
2023-02-06,-0.0019188153999698176
2023-02-07,-0.00020407864833304196
2023-02-08,-3.957773007604425e-07
2023-02-09,0.0002622491603934853
2023-02-10,-0.0007747375164643324
2023-02-11,0.0
2023-02-12,-0.0008414758493440812
2023-02-13,-0.004276058594208232
2023-02-14,-0.007050556937717804
2023-02-15,-0.007415802778187666
2023-02-16,-0.010474972926905789
2023-02-17,0.0028306369456426025
2023-02-18,0.0
2023-02-19,-0.006897504341240042
2023-02-20,-0.0012667451549318914
2023-02-21,-0.0013350733116945335
2023-02-22,-0.00173233626077007
2023-02-23,-0.0021239320472350217
2023-02-24,-0.004495870683905824
2023-02-25,0.0
2023-02-26,9.88500886025695e-05
2023-02-27,-0.00849078040221005
2023-02-28,-0.00994745481429944
2023-03-01,-0.006870203020585762
2023-03-02,-0.010301787153691245
2023-03-03,0.002607470599594026
2023-03-04,0.0
2023-03-05,-0.007599675815249774
2023-03-06,0.0019197945963845987
2023-03-07,-0.002768488154649778
2023-03-08,-0.0033523398996677966
2023-03-09,-0.002239187119439149
2023-03-10,0.005741371241032051
2023-03-11,0.0
2023-03-12,0.002216587595248288
2023-03-13,0.0011347978320815858
2023-03-14,-0.0005462625771383671
2023-03-15,0.0006623067541299313
2023-03-16,-0.00036906437973256625
2023-03-17,0.00640062303414249
2023-03-18,0.0
2023-03-19,-0.0003908550715255001
2023-03-20,0.00374595381803838
2023-03-21,-0.0036382657282187257
2023-03-22,0.00833845389848803
2023-03-23,-0.0005845378188727531
2023-03-24,-0.0027898643283769905
2023-03-25,0.0
2023-03-26,0.0007433827788008815
2023-03-27,0.00010861474416465661
2023-03-28,-0.0027657651103205018
2023-03-29,-0.0021137695548341037
2023-03-30,0.006531931352980299
2023-03-31,0.0002437421838969158
2023-04-01,0.0
2023-04-02,-0.005280377293978005
2023-04-03,0.002243365337245564
2023-04-04,-0.002118736778736882
2023-04-05,-0.007569811367579721
2023-04-06,0.004561729204179394
2023-04-08,0.0
2023-04-09,0.0034625829649390536
2023-04-10,0.0036844737974895325
2023-04-11,-0.001108543110213519
2023-04-12,-0.0012028544941606629
2023-04-13,0.002381122915071261
2023-04-14,0.0020594644949664506
2023-04-15,0.0
2023-04-16,0.00013083307963727378
2023-04-17,0.0015413517386510497
2023-04-18,0.0004520912198051057
2023-04-19,0.0007663817733549818
2023-04-20,-0.004555648929158298
2023-04-21,0.0012620756948516323
2023-04-22,0.0
2023-04-23,0.0011831559859713035
2023-04-24,0.00011092144172735946
2023-04-25,-0.008487404313982982
2023-04-26,0.0013160511644569604
2023-04-27,0.004895964476829461
2023-04-28,0.011875976243335435
2023-04-29,0.0
2023-04-30,0.005733198195514646
2023-05-01,0.0005600269685220086
2023-05-02,-0.006404061075621643
2023-05-03,-0.004476048625588582
2023-05-04,-0.004643517160610883
2023-05-05,0.0057196622129445695
2023-05-06,0.0
2023-05-07,0.00051824231775739
2023-05-08,-2.65277497245235e-05
2023-05-09,-0.001151672809983902
2023-05-10,-0.0031167749564148233
2023-05-11,-0.0007579340506984186
2023-05-12,0.0006139270254620706
2023-05-13,0.0027759779012977194
2023-05-14,0.0013032477078011111
2023-05-15,0.0016365803089689926
2023-05-16,0.0024219810077409478
2023-05-17,0.012744160531775389
2023-05-18,0.004657036685891545
2023-05-19,-0.0012721505559767042
2023-05-20,0.0
2023-05-21,-0.0005300514969499017
2023-05-22,0.005624037400488327
2023-05-23,-0.006764787993450884
2023-05-24,0.004976150713192423
2023-05-25,0.0029143746853332276
2023-05-26,0.00835718941122606
2023-05-27,0.0
2023-05-28,-0.0004293692047216107
2023-05-29,-0.0035677124148708627
2023-05-30,-0.001222407926760238
2023-05-31,-0.0035494908182350246
2023-06-01,0.003447259840908946
2023-06-02,0.005459533571475783
2023-06-03,0.0
2023-06-04,-3.597835110445192e-05
2023-06-05,-0.00021403216281739223
2023-06-06,-0.0032671600876301816
2023-06-07,-0.001814373571611353
2023-06-08,0.005702771751018744
2023-06-09,0.0005319080251207031
2023-06-10,0.0
2023-06-11,0.001331221124708388
2023-06-12,0.008742436958332272
2023-06-13,0.006567582742952268
2023-06-14,0.007911779597561511
2023-06-15,0.008626941402220638
2023-06-16,0.004160874597870168
2023-06-17,0.0
2023-06-18,0.00034875787562385705
2023-06-19,-0.005049932721760679
2023-06-20,-0.00033945982938432784
2023-06-21,7.905724791606788e-05
2023-06-22,0.0014262573639214837
2023-06-23,-0.002124743764179117
2023-06-24,0.0
2023-06-25,0.0009308996309669866
2023-06-26,-0.004195893895363401
2023-06-27,0.00895050257521927
2023-06-28,0.0007434457606556893
2023-06-29,-0.0003279415034210902
2023-06-30,0.006043970683312751
2023-07-01,0.0
2023-07-02,0.0021483629536520233
2023-07-03,4.759248161558049e-06
2023-07-04,-0.003050774569985109
2023-07-05,-0.005252759481152812
2023-07-06,-0.003195346940139333
2023-07-07,-0.0033477289528728482
2023-07-08,0.0
2023-07-09,0.0009058355222515413
2023-07-10,-0.003963127560797797
2023-07-11,-0.0010681510548277628
2023-07-12,0.009538245807113334
2023-07-13,0.020701178850348088
2023-07-14,0.0015430186714263227
2023-07-15,0.0
2023-07-16,-0.001519809483947975
2023-07-17,0.0037086986028859255
2023-07-18,0.004766127650042289
2023-07-19,-0.0009798602837952572
2023-07-20,-0.006125673337954893
2023-07-21,0.003330980745886952
2023-07-22,0.0
2023-07-23,-0.000553710565453497
2023-07-24,-0.0019301307161765943
2023-07-25,-0.0004538313404436034
2023-07-26,0.0004905467261287141
2023-07-27,-0.009733305016847531
2023-07-28,0.012822322348194769
2023-07-29,0.0
2023-07-30,0.00117615405631438
2023-07-31,0.002539393206078588
2023-08-01,-0.003471413596865651
2023-08-02,-0.009490937958457783
2023-08-03,-0.0006465624653973769
2023-08-04,-0.0024719850575874755
2023-08-05,0.0
2023-08-06,0.0023745226764572427
2023-08-07,0.004048202887831723
2023-08-08,-0.0025183527204396734
2023-08-09,-0.0004897559995283479
2023-08-10,0.002977652942886203
2023-08-11,-0.0036420349225156695
2023-08-12,0.0
2023-08-13,-0.002341493008799955
2023-08-14,0.005192077791718088
2023-08-15,-0.005869914935837624
2023-08-16,-0.0031729799271415166
2023-08-17,-0.004104943466829589
2023-08-18,-0.001347041441954655
2023-08-19,0.0
2023-08-20,0.0016140230741818603
2023-08-21,0.005117261613489025
2023-08-22,-0.0023182643901237124
2023-08-23,0.0009633296389272943
2023-08-24,-0.00726360493943163
2023-08-25,0.0032493694887192233
2023-08-26,0.0
2023-08-27,0.002070205049798552
2023-08-28,0.0022279125667481396
2023-08-29,0.005127813512313463
2023-08-30,0.00127916862780205
2023-08-31,-0.00311948674681046
2023-09-01,0.00016125022965705242
2023-09-02,0.0
2023-09-03,0.0011003795899284588
2023-09-04,0.001586867750925083
2023-09-05,0.0019006526376727996
2023-09-06,-0.0012926070061531928
2023-09-07,-0.004602458247210849
2023-09-08,0.0022203298750403675
2023-09-09,0.0
2023-09-10,-0.003839805864632368
2023-09-11,0.0030976644233584164
2023-09-12,0.0009942935541874028
2023-09-13,0.0007232432017794651
2023-09-14,0.00170210786583142
2023-09-15,-0.001366498602045179
2023-09-16,0.0
2023-09-17,-0.0007528773352505222
2023-09-18,-0.0007809528921508526
2023-09-19,-0.005189531560859291
2023-09-20,-0.0035890102065648543
2023-09-21,-0.004265938667580624
2023-09-22,0.002589560249082932
2023-09-23,0.0
2023-09-24,-0.0014967640160492212
2023-09-25,0.0060832886156612365
2023-09-26,0.001291368644256064
2023-09-27,0.0071075425910682635
2023-09-28,-0.004255345279123408
2023-09-29,0.0002561010400134289
2023-09-30,0.0
2023-10-01,0.0055822414690316294
2023-10-02,0.005069247965550103
2023-10-03,-0.006283916535777241
2023-10-04,-0.01124186013154564
2023-10-05,-0.00011692306577655664
2023-10-06,0.004516532095586224
2023-10-07,0.0
2023-10-08,-0.0018927946763597396
2023-10-09,-0.005472552746098852
2023-10-10,-0.0006100409003026654
2023-10-11,0.004904051770995437
2023-10-12,0.01007810129269153
2023-10-13,-0.004296958561958491
2023-10-14,0.0
2023-10-15,-0.0013578582346917686
2023-10-16,0.0005394520839281011
2023-10-17,8.996028144870097e-05
2023-10-18,0.0023014513601587044
2023-10-19,-0.005485273281868578
2023-10-20,-0.0021310482368367364
2023-10-21,0.0
2023-10-22,0.001589402742623601
2023-10-23,-0.010406072450912322
2023-10-24,0.006831767627452243
2023-10-25,0.010025214145477334
2023-10-26,-0.004859959006119745
2023-10-27,-0.010230404905684262
2023-10-28,0.0
2023-10-29,3.006751089081939e-06
2023-10-30,0.0035045538909694056
2023-10-31,0.025030673732270345
2023-11-01,-0.010035188062597506
2023-11-02,0.0009447202488274797
2023-11-03,-0.012133123556134235
2023-11-04,0.0
2023-11-05,0.0016834393434778446
2023-11-06,0.006643102534667794
2023-11-07,0.0027294490448899387
2023-11-08,0.00348334542057257
2023-11-09,0.0036583417615534746
2023-11-10,0.0031675062535362363
2023-11-11,0.0
2023-11-12,0.0016411421399572502
2023-11-13,0.0014618113463089847
2023-11-14,-0.012539185277277199
2023-11-15,0.005203538585005344
2023-11-16,-0.004620058854293459
2023-11-17,-0.008041009364360502
2023-11-18,0.0
2023-11-19,-0.003289240675805241
2023-11-20,-0.00795152046542749
2023-11-21,0.004430509416667459
2023-11-22,0.005252871481379004
2023-11-23,0.001113873902585163
2023-11-24,0.0007575571623018124
2023-11-25,0.0
2023-11-26,-0.0028631109144062307
2023-11-27,-0.005080904743594133
2023-11-28,-0.005425230729226377
2023-11-29,-0.0011722978307517767
2023-11-30,0.004949815806308711
2023-12-01,-0.007906840052539868
2023-12-02,0.0
2023-12-03,0.10168233463598444
2023-12-04,-0.00012857222961753338
2023-12-05,0.0003093931553616537
2023-12-06,-0.0011808455448449164
2023-12-07,-0.003627137015963289
2023-12-08,-0.0010343821623255624
2023-12-09,0.0
2023-12-10,-0.0005462411405288717
2023-12-11,0.0003160934802688093
2023-12-12,0.000885751838585781
2023-12-13,0.003934347630725455
2023-12-14,0.00041162585200307073
2023-12-15,-0.0007624843952484156
2023-12-16,0.0
2023-12-17,0.0008844382076804285
2023-12-18,0.0004510635894008463
2023-12-19,0.000636370450665248
2023-12-20,-0.00039920439703654585
2023-12-21,0.0006134036671143845
2023-12-22,0.00019309327147069467
2023-12-24,0.00011348291723784942
2023-12-25,0.00029580081014404346
2023-12-26,0.0006339586484262955
2023-12-27,0.004530611363342994
2023-12-28,-0.0017789665711881396
2023-12-29,-0.00015186121101939108
2023-12-31,0.0
2024-01-01,-0.0012612395272816508
2024-01-02,-0.0038612822459719517
2024-01-03,-0.005506229093679533
2024-01-04,-0.0029731787892843236
2024-01-05,0.0006986564302575952
2024-01-06,0.0
2024-01-07,-0.00012806834276059715
2024-01-08,0.005266531805729861
2024-01-09,-0.000841584305254312
2024-01-10,0.002333023344996326
2024-01-11,0.00137716030044122
2024-01-12,0.00038440493155488746
2024-01-13,0.0
2024-01-14,0.0006196827305837828
2024-01-15,-0.0029741466331748975
2024-01-16,-0.0018651612214455114
2024-01-17,-0.003205154356750505
2024-01-18,0.007615493619573101
2024-01-19,0.004724655350719542
2024-01-20,0.004027593311971901
2024-01-21,0.0013600421120075518
2024-01-22,-0.00021704668329790942
2024-01-23,0.00495458372858335
2024-01-24,0.00028405216995539147
2024-01-25,-0.001630724305938495
2024-01-26,-9.819955679209983e-05
2024-01-27,0.0
2024-01-28,0.0010290908148493998
2024-01-29,0.004311900463583632
2024-01-30,-0.002729137226145527
2024-01-31,0.00041741109131909873
2024-02-01,0.002607762545643859
2024-02-02,-0.0009295313121338569
2024-02-03,0.0
2024-02-04,-0.0006934982735006503
2024-02-05,0.0007609370291557655
2024-02-06,-0.00020353830570361668
2024-02-07,0.007602011763466443
2024-02-08,-0.0012665880798631698
2024-02-09,0.002061276218938202
2024-02-10,0.0
2024-02-11,-5.377980768862201e-05
2024-02-12,0.0009123083189727926
2024-02-13,-0.0037653564558697873
2024-02-14,0.003202162758651334
2024-02-15,0.007183598845569978
2024-02-16,-0.0044215851920265505
2024-02-17,0.0
2024-02-18,0.0018908373872031565
2024-02-19,-0.007057872759293461
2024-02-20,-0.00017700733826121845
2024-02-21,0.013565036047210686
2024-02-22,0.017183398060257607
2024-02-23,-0.0003694150593634818
2024-02-24,0.0
2024-02-25,-0.0028792926927101946
2024-02-26,-0.0005490736445197865
2024-02-27,0.012120323090768055
2024-02-28,-0.003234352255028679
2024-02-29,0.014393975332546789
2024-03-01,0.0013377935923288762
2024-03-02,0.0
2024-03-03,0.0014608637716125121
2024-03-04,-0.0008755748298049365
2024-03-05,-0.004317583719659488
2024-03-06,-0.009587176431498225
2024-03-07,0.010636071419056576
2024-03-08,-0.010126012635260829
2024-03-09,0.0
2024-03-10,-0.0015720680116845227
2024-03-11,0.004767761636836561
2024-03-12,0.002955826311443285
2024-03-13,0.0022788039690214536
2024-03-14,-0.004329993514519347
2024-03-15,0.003534527065003177
2024-03-16,0.0
2024-03-17,0.0024065576193858158
2024-03-18,0.002384811401728402
2024-03-19,0.015032115451091179
2024-03-20,0.013626663434149686
2024-03-21,0.0005511445328509271
2024-03-22,0.00042979125977357863
2024-03-23,0.0
2024-03-24,-0.00047235254539777945
2024-03-25,0.0006497774456069175
2024-03-26,0.006425228393425786
2024-03-27,0.002046805799130496
2024-03-28,0.00027841383175293674
2024-03-29,0.00034109882583477293
2024-03-30,0.0
2024-03-31,0.004400221495868752
2024-04-01,-0.002645669240589207
2024-04-02,-0.011416151954108616
2024-04-03,0.005387150754335526
2024-04-04,-0.016695246103858
2024-04-05,0.008434430089301632
2024-04-06,0.0
2024-04-07,0.002842401968271208
2024-04-08,0.0009867968693313069
2024-04-09,-0.00040649442790870183
2024-04-10,0.0008869588546969923
2024-04-11,0.008337071618783635
2024-04-12,-0.01009257287631986
2024-04-13,0.0
2024-04-14,0.003456819741449745
2024-04-15,-0.0009743660810789443
2024-04-16,0.0009855504768033591
2024-04-17,-0.008005062838344514
2024-04-18,-0.008746343210081135
2024-04-19,0.005239172058771139
2024-04-20,0.0
2024-04-21,0.000672320270123194
2024-04-22,-0.001534790054492272
2024-04-23,0.007894905097972464
2024-04-24,-0.0004164938196458204
2024-04-25,0.003163454789667097
2024-04-26,0.0191620749835938
2024-04-27,0.0
2024-04-28,0.00461906779335054
2024-04-29,-0.010728886005206585
2024-04-30,-0.003919542681214067
2024-05-01,-0.0030442592081082634
2024-05-02,-0.0065266241880925025
2024-05-03,0.0029816938055931023
2024-05-04,0.0
2024-05-05,0.002293379312799662
2024-05-06,0.004931313123007696
2024-05-07,0.0017795136295878093
2024-05-08,0.0010964537721115744
2024-05-09,0.004361179001830675
2024-05-10,0.0010621851241324062
2024-05-11,0.0
2024-05-12,1.1409930520299572e-05
2024-05-13,-0.00016583300135701215
2024-05-14,0.003487739127303175
2024-05-15,0.0007480754546641917
2024-05-16,0.00026755924788675507
2024-05-17,0.0021087842655394917
2024-05-18,0.0
2024-05-19,0.0032236676315645797
2024-05-20,-0.0006471495408205113
2024-05-21,0.007939718615693403
2024-05-22,-0.0011168021151880848
2024-05-23,-0.004754551707768244
2024-05-24,0.002021829049603126
2024-05-25,0.0
2024-05-26,-0.0005632281919321408
2024-05-27,0.001799848922780784
2024-05-28,-0.0005381612143193677
2024-05-29,-0.005606851219900359
2024-05-30,-0.0022674647227024073
2024-05-31,0.0035734888123472685
2024-06-01,0.0
2024-06-02,0.0013342534086605278
2024-06-03,-0.0020309332868955667
2024-06-04,0.0028016432871421333
2024-06-05,0.007336795732809938
2024-06-06,2.2858885838216935e-05
2024-06-07,-0.0026870952258024115
2024-06-08,0.0
2024-06-09,0.001398424682945702
2024-06-10,0.0055810594703186575
2024-06-11,0.009785958924387274
2024-06-12,0.0046190159251033565
2024-06-13,-0.001263116033999601
2024-06-14,-0.000877457922902577
2024-06-15,0.0
2024-06-16,-0.0007097528421972611
2024-06-17,0.004717461989615878
2024-06-18,0.0014331817441409966
2024-06-19,-2.246073446043667e-05
2024-06-20,0.00203191546480311
2024-06-21,-0.001247083318053334
2024-06-22,0.0
2024-06-23,-0.0005577488130261075
2024-06-24,-0.001873085315843207
2024-06-25,0.006151156839160474
2024-06-26,-0.002733422588515051
2024-06-27,0.007445647785033321
2024-06-28,-0.003397049040932547
2024-06-29,0.0
2024-06-30,0.0004173319784950796
2024-07-01,0.0008311825115092843
2024-07-02,0.007286335266752659
2024-07-03,0.006675584131789303
2024-07-04,0.0006427840983704516
2024-07-05,0.005911546242238691
2024-07-06,0.0
2024-07-07,-0.001445737497754387
2024-07-08,0.0045628204992255745
2024-07-09,0.0009190536550513601
2024-07-10,0.010147357476128617
2024-07-11,-0.018828635482601826
2024-07-12,-0.0013050290003730008
2024-07-13,0.0
2024-07-14,0.0018609101813331184
2024-07-15,0.004549977653791225
2024-07-16,0.0007727403813343744
2024-07-17,-0.02037709495450385
2024-07-18,-0.00399683418918139
2024-07-19,-0.006758970715252585
2024-07-20,0.0
2024-07-21,0.0004521943443889729
2024-07-22,0.002671220520458831
2024-07-23,-0.002725543701389368
2024-07-24,-0.018137095900167648
2024-07-25,-0.0028853695166792944
2024-07-26,0.004004330753762378
2024-07-27,0.0
2024-07-28,0.0020543402749622175
2024-07-29,-0.004279773573375658
2024-07-30,0.0037702797400989514
2024-07-31,0.008309615646502972
2024-08-01,-0.012178939227862047
2024-08-02,-0.0034008338393979663
2024-08-03,0.0
2024-08-04,-0.0021485953188043407
2024-08-05,-0.0029565089819345858
2024-08-06,-0.0017745477571719116
2024-08-07,-0.0017544329446909073
2024-08-08,0.00711481148180232
2024-08-09,0.0014746438278466396
2024-08-10,0.0
2024-08-11,-6.750936652442929e-05
2024-08-12,0.0023739100633626744
2024-08-13,0.004187901827910331
2024-08-14,0.0007004416827404778
2024-08-15,0.004244981937432616
2024-08-16,0.006128370223324473
2024-08-17,0.0
2024-08-18,0.0004429143735710122
2024-08-19,0.0023256213282545567
2024-08-20,0.002097997799372916
2024-08-21,-0.0006642550287363191
2024-08-22,-0.002282925526079007
2024-08-23,0.005723271683506956
2024-08-24,0.0
2024-08-25,-0.0002568089088445931
2024-08-26,-0.0015532202800744277
2024-08-27,0.0018218354052723263
2024-08-28,-0.001973551753999023
2024-08-29,0.0017194794305170757
2024-08-30,-0.0014066507272140617
2024-08-31,0.0
2024-09-01,-0.001625196633508743
2024-09-02,-0.0001309911989925464
2024-09-03,-0.005797450875155718
2024-09-04,0.0020779774263161277
2024-09-05,-0.000289040855619598
2024-09-06,-0.007059502741348153
2024-09-07,0.0
2024-09-08,0.00043335939977552705
2024-09-09,0.0020281461086600846
2024-09-10,0.0027380020687740856
2024-09-11,0.0019088323859948408
2024-09-12,0.009353448132684938
2024-09-13,0.0025802889418707906
2024-09-14,0.0
2024-09-15,0.0013406722567851411
2024-09-16,-0.0010560718903292895
2024-09-17,-0.0008976611278255314
2024-09-18,-0.0005420812396366133
2024-09-19,0.005756434798108101
2024-09-20,0.0018805286950575161
2024-09-21,0.0
2024-09-22,0.001311894092560732
2024-09-23,0.00010229113198115486
2024-09-24,0.006352106260926961
2024-09-25,-0.001065847134639772
2024-09-26,0.0024150187123084675
2024-09-27,-0.0003553535851957813
2024-09-28,0.0
2024-09-29,-0.0002614040718382275
2024-09-30,-0.0025126898203059384
2024-10-01,0.00015233061936213677
2024-10-02,-0.003043859278791625
2024-10-03,0.0012587986934260653
2024-10-04,-2.546636397942042e-05
2024-10-05,0.0
2024-10-06,-0.0014526820495049746
2024-10-07,-0.004202471478115418
2024-10-08,0.0035800280745288088
2024-10-09,0.005940955631220203
2024-10-10,0.004412659357782385
2024-10-11,0.0038136519830792226
2024-10-12,0.0
2024-10-13,-0.0007815173817287293
2024-10-14,0.004179619506557517
2024-10-15,-0.0013354849143563784
2024-10-16,0.002020464265431035
2024-10-17,0.006727339482880188
2024-10-18,0.005330834123795117
2024-10-19,0.0
2024-10-20,0.0023050294473876743
2024-10-21,-0.003960633615406947
2024-10-22,0.0019390518790870733
2024-10-23,-0.0071135970870583485
2024-10-24,0.001486950517371203
2024-10-25,0.005402179641237241
2024-10-26,0.0
2024-10-27,-0.002271346530351362
2024-10-28,0.008943201962475309
2024-10-29,0.009922748706153155
2024-10-30,-0.004942760186886671
2024-10-31,-0.014941964432902972
2024-11-01,-0.0008634759316404059
2024-11-02,0.0
2024-11-03,0.0004965939321120544
2024-11-04,-0.0034721845007721188
2024-11-05,0.011760583024010061
2024-11-06,-0.010902845910575047
2024-11-07,0.008033106439402067
2024-11-08,-0.001986493408533313
2024-11-09,0.0
2024-11-10,0.0007494344622930116
2024-11-11,-0.004811707248215429
2024-11-12,-0.003102104193519478
2024-11-13,-0.002378259040890811
2024-11-14,-0.0005981872645611888
2024-11-15,-0.00773476225351666
2024-11-16,0.0
2024-11-17,0.005087726231378448
2024-11-18,0.0026121155377560805
2024-11-19,0.0018470099320777931
2024-11-20,-0.00015298328598628807
2024-11-21,0.00785324913863595
2024-11-22,0.0065883787893633436
2024-11-23,0.0
2024-11-24,-0.0028353730527013155
2024-11-25,-0.007146610271635307
2024-11-26,0.0014811087223229765
2024-11-27,-0.0036514551597057934
2024-11-28,0.0024560333860082243
2024-11-29,0.0012512152195839044
2024-11-30,0.0
2024-12-01,-0.0020415694852549777
2024-12-02,0.009902361101710692
2024-12-03,0.0026345098205091755
2024-12-04,0.003549204879773426
2024-12-05,0.0029250394260123456
2024-12-06,0.0010572498523575735
2024-12-07,0.0
2024-12-08,1.0578828447878636e-05
2024-12-09,-0.00020047942718240443
2024-12-10,0.001515878569938564
2024-12-11,0.00691291744245454
2024-12-12,-0.000635836868356957
2024-12-13,-0.003040786671315943
2024-12-14,0.0
2024-12-15,0.0058112510531355445
2024-12-16,0.0029377333476089114
2024-12-17,-0.0038371888188540363
2024-12-18,-0.016019424059467248
2024-12-19,-0.001017207119235135
2024-12-20,0.0037989660555444536
2024-12-21,0.0
2024-12-22,0.002401034709813755
2024-12-23,0.0005651002880738711
2024-12-24,0.00440715467834092
2024-12-25,0.00020684307446552168
2024-12-26,-0.0027132744373660096
2024-12-27,-0.0021594503870534455
2024-12-28,0.0
2024-12-29,-0.0027592626233499634
2024-12-30,-0.005276492755703598
2024-12-31,0.0017072883554135336
2025-01-01,-0.001109080655141593
2025-01-02,0.0037902990019632724
2025-01-03,-0.0011482157736729095
2025-01-04,0.0
2025-01-05,0.0015661079830415368
2025-01-06,0.0002822152529590175
2025-01-07,-0.004032684634502351
2025-01-08,-0.0012293353933463896
2025-01-09,-0.0006625550619454323
2025-01-10,-0.0029360931581483302
2025-01-11,0.0
2025-01-12,-0.0006633908625356628
2025-01-13,0.0004999227488374833
2025-01-14,-0.0007881776238519983
2025-01-15,0.007168570171397803
2025-01-16,0.0009851806117060324
2025-01-17,0.004200689360770925
2025-01-18,0.0
2025-01-19,-0.0006806832223933842
2025-01-20,0.0007991070827401037
2025-01-21,0.005717801643463321
2025-01-22,0.004057366322329542
2025-01-23,0.003411824451290373
2025-01-24,-0.0005443399177212619
2025-01-25,0.0
2025-01-26,-0.01086863975436364
2025-01-27,-0.005656862157964012
2025-01-28,0.006954863845275036
2025-01-29,0.0010014311235398677
2025-01-30,0.006133280862422623
2025-01-31,-0.0022851570043198265
2025-02-01,-0.002760848854464187
2025-02-02,-0.013078722561977552
2025-02-03,0.010575925640056624
2025-02-04,0.002823833472824678
2025-02-05,0.00469068086869522
2025-02-06,0.002005493463231392
2025-02-07,-0.0038149429316563853
2025-02-08,0.0
2025-02-09,0.004262285073691747
2025-02-10,0.006974044310732046
2025-02-11,-0.005087778602612696
2025-02-12,0.0075720491336665925
2025-02-13,0.0019625919625664507
2025-02-14,-0.006292685536326712
2025-02-15,0.0
2025-02-16,0.0030895729140015165
2025-02-17,0.0038364207485125815
2025-02-18,0.0021550922752476684
2025-02-19,-0.0011184237670163394
2025-02-20,-0.0033714023441780783
2025-02-21,-0.003622369467999698
2025-02-22,0.0
2025-02-23,0.0022747871456630328
2025-02-24,-0.0034148621166377124
2025-02-25,-0.003001578350094828
2025-02-26,-0.012530796536005967
2025-02-27,-0.010339903271862112
2025-02-28,0.0013975378202515868
2025-03-01,0.0
2025-03-02,0.001768293957041304
2025-03-03,-0.0001491873749819917
2025-03-04,-0.002887546790682994
2025-03-05,0.0011731784360492787
2025-03-06,-0.0030739568150634894
2025-03-07,-0.0008212748405112889
2025-03-08,0.0
2025-03-09,-0.00019367073126223017
2025-03-10,-0.008723530325199076
2025-03-11,-0.0009073193111533952
2025-03-12,0.0049431561371850495
2025-03-13,0.0068430367765920765
2025-03-14,0.00019995828801067957
2025-03-15,0.0
2025-03-16,-0.0004815327996983573
2025-03-17,0.003778130342341427
2025-03-18,0.0029230695440793926
2025-03-19,0.0036227115502438325
2025-03-20,-0.005406676757372718
2025-03-21,-0.000689014577637814
2025-03-22,0.0
2025-03-23,-0.001104162944530551
2025-03-24,0.0004824030405588038
2025-03-25,0.0021382355486992783
2025-03-26,1.2698309254969675e-05
2025-03-27,0.008052196207121195
2025-03-28,0.007510030901200718
2025-03-29,0.0
2025-03-30,0.007161874400536052
2025-03-31,0.003632585069928064
2025-04-01,-0.0030502537924272173
2025-04-02,0.02054235987437648
2025-04-03,-0.0012232903415137328
2025-04-04,0.007542373586225287
2025-04-05,0.0035231913226450675
2025-04-06,0.005675873480681002
2025-04-07,-0.013691929112473437
2025-04-08,0.006312712268112911
2025-04-09,-0.005402833084527844
2025-04-10,0.009505326640262568
2025-04-11,-0.0007997575684206848
2025-04-12,0.0
2025-04-13,-0.0008693718283824787
2025-04-14,1.0484762707705873e-05
2025-04-15,0.0031896827259720356
2025-04-16,0.004144528284818069
2025-04-17,-0.0004332868230829542
2025-04-18,0.00014100379255377075
2025-04-19,0.0
2025-04-20,0.0042964246299520845
2025-04-21,0.0050053830814285015
2025-04-22,-0.008354056132832207
2025-04-23,-0.0013305880844700804
2025-04-24,-0.0019179660811115727
2025-04-25,-0.0022827061376569555
2025-04-26,0.0
2025-04-27,-0.001386627576721339
2025-04-28,0.0022808430434196336
2025-04-29,-0.0003997134533441016
2025-04-30,-0.004758747776612865
2025-05-01,-0.0033746184253070216
2025-05-02,-0.00024831600387455595
2025-05-03,0.0
2025-05-04,0.002161426034068474
2025-05-05,0.005461458254154004
2025-05-06,0.002434047122422053
2025-05-07,-8.13736138003905e-05
2025-05-08,-0.00728423016778948
2025-05-09,0.0013129660456442016
2025-05-10,-0.004932209993587597
2025-05-11,-0.0034088907659030913
2025-05-12,-0.0025827838360379645
2025-05-13,0.001340721151800945
2025-05-14,-0.003951890704270319
2025-05-15,0.0045269738180430275
2025-05-16,-5.4454256398937025e-05
2025-05-17,0.0
2025-05-18,0.000655002520681539
2025-05-19,-3.637902586219796e-05
2025-05-20,0.005596856143977189
2025-05-21,0.001185635458625031
2025-05-22,-0.0020521949523984247
2025-05-23,0.0019855559576491613
2025-05-24,0.0
2025-05-25,0.0012220410233719108
2025-05-26,-0.0002693110963499085
2025-05-27,-0.0024439252620098066
2025-05-28,-0.001475992154816499
2025-05-29,0.00014606287580000207
2025-05-30,-0.0003080310674396904
2025-05-31,0.0
2025-06-01,0.000863718075025379
2025-06-02,0.0034755169119967417
2025-06-03,1.4060890983085472e-05
2025-06-04,0.0012654715455748997
2025-06-05,-0.0012461828438108827
2025-06-06,-0.002344367397959784
2025-06-07,0.0
2025-06-08,-0.0002834264220386065
2025-06-09,0.00036594512686381677
2025-06-10,0.0006596448364867503
2025-06-11,0.0017192156900018387
2025-06-12,0.0022788623619121482
2025-06-13,-0.000670792899176807
2025-06-14,0.0
2025-06-15,0.00031182679633539814
2025-06-16,-0.0017677008931279363
2025-06-17,-0.0014367595303269257
2025-06-18,-0.0010001316789753378
2025-06-19,-0.0017983545957264908
2025-06-20,0.001746883153627701
2025-06-21,0.0
2025-06-22,-0.001594971643960469
2025-06-23,0.004500607642145949
2025-06-24,0.002769225494278009
2025-06-25,0.0008077551876141257
2025-06-26,0.00615425966424835
2025-06-27,0.0014872982470408604
2025-06-28,0.0
2025-06-29,0.0036484533441098377
2025-06-30,0.0012873284050257904
2025-07-01,-0.000666654238359804
2025-07-02,0.0043257468027170535
2025-07-03,0.0013871012628370485
2025-07-04,-0.0031195668079457752
2025-07-05,0.0
2025-07-06,-0.002138799479618204
2025-07-07,0.004093675845266613
2025-07-08,-0.005949802817994816
2025-07-09,0.010536242604802602
2025-07-10,0.00028404131205029843
2025-07-11,0.001403861691397774
2025-07-12,0.0
2025-07-13,-0.0035870696133797077
2025-07-14,0.004844578555422044
2025-07-15,-0.007078208958176516
2025-07-16,0.004818260184707087
2025-07-17,0.012122540398915098
2025-07-18,-0.0011171697747781534
2025-07-19,0.0
2025-07-20,0.006007213806640988
2025-07-21,0.006623919874187628
2025-07-22,0.006595056915174099
2025-07-23,-0.00011440550626608778
2025-07-24,-0.004183663057841107
2025-07-25,-0.004823231017300442
2025-07-26,0.0
2025-07-27,0.0036408639638815074
2025-07-28,-0.0054734640270108935
2025-07-29,0.0023273352212211645
2025-07-30,0.0023585447694129207
2025-07-31,-0.012212589882324033
2025-08-01,-0.0010433129892282085
2025-08-02,0.0
2025-08-03,0.0004055455088451926
2025-08-04,0.011088918889074512
2025-08-05,-0.000779075987717225
2025-08-06,0.002166987123393761
2025-08-07,0.004742383774173035
2025-08-08,0.005905670752705267
2025-08-09,0.0
2025-08-10,-0.00500562078143931
2025-08-11,-0.004237743787671004
2025-08-12,0.0026569142088859895
2025-08-13,0.0005299330867199238
2025-08-14,-0.001824815993481207
2025-08-15,-0.003602240318327362
2025-08-16,0.0
2025-08-17,0.0027203380437238697
2025-08-18,-0.0020153603164296432
2025-08-19,-0.00817200119923917
2025-08-20,0.005902294937374408
2025-08-21,-0.002426445534290567
2025-08-22,0.008765628726858921
2025-08-23,0.0
2025-08-24,-0.0018202101319393907
2025-08-25,0.0010206668264322249
2025-08-26,0.0027286764808835207
2025-08-27,0.0007140149400884681
2025-08-28,0.004523089081362286
2025-08-29,0.006545991458176084
2025-08-30,0.0
2025-08-31,0.007351416768758812
2025-09-01,0.00372514684792118
2025-09-02,0.005388646453300114
2025-09-03,0.0003765060081090737
2025-09-04,0.006397340096576765
2025-09-05,0.006006555314744807
2025-09-06,0.0
2025-09-07,0.0026470041635446788
2025-09-08,0.01199853784772386
2025-09-09,-0.0018342316435208108
2025-09-10,0.0002568214897279168
2025-09-11,0.0034801984754972326
2025-09-12,-0.0005095222437996321
2025-09-13,0.0
2025-09-14,0.004502001750464703
2025-09-15,0.008306423189268927
2025-09-16,-0.0007231325401445956
2025-09-17,0.0033265089949149115
2025-09-18,0.004143905227619233
2025-09-19,0.006422529616060724
2025-09-20,0.0
2025-09-21,0.0009054350690785957
2025-09-22,0.010060772356188392
2025-09-23,0.0003000251735143438
2025-09-24,-0.001656000093053567
2025-09-25,-0.0020094481982617187
2025-09-26,0.004621882879827193
2025-09-27,0.0
2025-09-28,0.005450689865512348
2025-09-29,0.009286462706761455
2025-09-30,0.0017096266618153938
2025-10-01,0.004693921924546473
2025-10-02,0.0003993062869929984
2025-10-03,0.005311693763886889
2025-10-04,0.0
2025-10-05,0.010221845363386838
2025-10-06,0.00952847785088965
2025-10-07,0.007941784288960866
2025-10-08,0.0047555443799089155
2025-10-09,-0.005217829569935965
2025-10-10,-0.016306776422101467
2025-10-11,0.0
2025-10-12,0.009171048562929683
2025-10-13,0.019033272073982668
2025-10-14,0.002622454758038924
2025-10-15,0.008834181821751745
2025-10-16,0.008968723038354028
2025-10-17,-0.008793277006512301
2025-10-18,0.0
2025-10-19,0.001526587517445051
2025-10-20,0.01259727931583953
2025-10-21,-0.017971609444315265
2025-10-22,-0.003003253507475007
2025-10-23,0.006875890385236789
2025-10-24,0.0012591805155885327
2025-10-25,0.0
2025-10-26,0.0010022407401646457
2025-10-27,0.005450092771916406
2025-10-28,0.0006475553566849579
2025-10-29,0.00014008790889210123
2025-10-30,0.0010687361072023093
2025-10-31,-0.0015121908521526669
2025-11-01,0.0
2025-11-02,0.0008909091531672949
2025-11-03,-0.0019284615492069375
2025-11-04,-0.0063039189942625355
2025-11-05,0.004429467487247344
2025-11-06,-0.007428281779611026
2025-11-07,0.0007667777709416422
2025-11-08,0.0
2025-11-09,0.0039648500451949335
2025-11-10,0.006546024047293499
2025-11-11,-0.00040707837945918766
2025-11-12,0.0047073577017481254
2025-11-13,-0.012325711778490747
2025-11-14,-0.008071504970148002
2025-11-15,0.0
2025-11-16,0.000349285424207179
2025-11-17,-0.013778710351774257
2025-11-18,0.003304209565566636
2025-11-19,0.0031813071248999896
2025-11-20,-0.0043656855286639
2025-11-21,-0.00014220289449561586
2025-11-22,0.0
2025-11-23,-0.0008552948914949067
2025-11-24,0.007151785558511322
2025-11-25,0.001233724505228098
2025-11-26,-7.280949708431643e-05
2025-11-27,0.0025591066588955386
2025-11-28,0.0022206394180752337
2025-11-29,0.0
2025-11-30,-0.00012326242124884653
2025-12-01,-0.0005398582806870865
2025-12-02,0.0012472646010111784
2025-12-03,-0.001129541788057012
2025-12-04,0.0007406901393641746
2025-12-05,0.0016169112740550772
2025-12-06,0.0
2025-12-07,-0.001932989744297272
2025-12-08,-0.001777433216044201
2025-12-09,0.0008196696080075955
2025-12-10,-0.0002177261346856414
2025-12-11,0.0033782121605568254
2025-12-12,-0.0009008708238357232
2025-12-13,0.0
2025-12-14,-0.0009595897400928103
2025-12-15,-0.005355221378336285
2025-12-16,0.002685189078692172
2025-12-17,-0.0018620728919599224
2025-12-18,0.0021386444584618283
2025-12-19,0.004485913761603172
2025-12-20,0.0
2025-12-21,0.004307761434736126
2025-12-22,0.0049781376701775746
2025-12-23,0.0019004683281326426
2025-12-24,-0.000482027109908107
2025-12-25,0.0028594668927929526
2025-12-26,0.001954610483857441
2025-12-27,0.0
2025-12-28,-0.001651815364417101
2025-12-29,-0.013403635481079425
2025-12-30,-0.002063363294272969
2025-12-31,-0.003212276615805933
2026-01-01,0.008125484633778235
2026-01-02,-0.004617715736098625
2026-01-03,0.0
2026-01-04,0.011726573165879767
2026-01-05,0.0089007540286921
2026-01-06,0.0010399042005611902
2026-01-07,-0.003986271650281643
2026-01-08,0.0060511315511506325
2026-01-09,0.011168810732117163
2026-01-10,0.0
2026-01-11,0.0054304143075995966
2026-01-12,0.005956062994204215
2026-01-13,0.00350449561693255
2026-01-14,-0.006957293195706457
2026-01-15,0.0024762180020080383
2026-01-16,-0.0015984567681859726
2026-01-17,0.0
2026-01-18,0.0017353405872935904
2026-01-19,0.0017812425850948362
2026-01-20,0.017230503897875837
2026-01-21,0.0005723522875008524
2026-01-22,0.016104964321331912
2026-01-23,-0.0027552502341449
2026-01-24,0.0
2026-01-25,0.006709278237046942
2026-01-26,0.004604703352434155
2026-01-27,0.01604865796207298
2026-01-28,0.028543241475425165
2026-01-29,-0.0206795606595221
2026-01-30,-0.009642846688663845
2026-01-31,0.0
2026-02-01,-0.008258275742436623
2026-02-02,0.011047670592555788
2026-02-03,-0.00023559826088052305
2026-02-04,-0.00655806730233664
2026-02-05,-0.0036477746742375563
2026-02-06,0.007690257568682509
2026-02-07,0.0
2026-02-08,0.0007889122330461892
2026-02-09,0.0014322783193089217
2026-02-10,-0.0002023389476893784
2026-02-11,0.00026246614502318014
2026-02-12,-0.00369646886911416
2026-02-13,0.0012370452718669979
2026-02-14,0.0
2026-02-15,-0.0010664643357042125
2026-02-16,-0.001986031910228971
2026-02-17,0.002002832803155504
2026-02-18,0.0016112757587970839
2026-02-19,-0.0010651547980650518
2026-02-20,0.004501379429025142
2026-02-21,0.0
2026-02-22,-0.0010877170646524947
2026-02-23,0.000479491050012758
2026-02-24,0.0027026449905431325
2026-02-25,0.0022044454557999115
2026-02-26,-0.0004995762735066513
2026-02-27,0.0013931226507136985
2026-02-28,0.0
2026-03-01,-0.003354367509062603
2026-03-02,-0.004996004222701617
2026-03-03,-0.014479746006686967
2026-03-04,0.0019102051549614797
2026-03-05,-0.0030114241185028733
2026-03-06,-0.003979909202569429
2026-03-07,-0.0018496490162222298
2026-03-08,-0.0011708614687457178
2026-03-09,0.0014937400873266155
2026-03-10,0.0017672163491471292
2026-03-11,-0.005843506880946817
2026-03-12,-0.0023615907456222066
2026-03-13,-0.0028387982278407246
2026-03-15,-0.0001790483230129792
2026-03-16,4.914085183881396e-05
2026-03-17,-0.002328868585896491
2026-03-18,-0.004860250952660455
2026-03-19,-0.0031626989310102886
2026-03-20,-0.00294023723171223
2026-03-22,-0.0022434587366951665
2026-03-23,-0.0016842745804898198
2026-03-24,0.00467400046513934
2026-03-25,-0.0003895899122269899
2026-03-26,-0.001237268828881378
2026-03-27,0.0022411723621517743
2026-03-29,-0.0007257103051967115
2026-03-30,0.0008246819599609177
2026-03-31,0.0011606909486303854
2026-04-01,0.0007225845050665944
2026-04-02,-0.00027192512467022603
2026-04-03,-2.03477860443627e-05
2026-04-05,-0.000434854438729352
2026-04-06,0.00038426020664647634
2026-04-07,0.0002613183205006902
2026-04-08,-0.0010232632667278667
2026-04-09,0.0018522400965650136
2026-04-10,0.000328567740866133
2026-04-12,-4.667951662451734e-05
2026-04-13,0.0013100584898190983
2026-04-14,0.001947293285878242
2026-04-15,-0.0005347687695965124
2026-04-16,-0.0037505066645718297
2026-04-17,0.0010809614098403403
2026-04-19,-0.0029676054156757906
2026-04-20,0.0011174118231944321
2026-04-21,-0.0035075114490753243
2026-04-22,-0.004520905357756
2026-04-23,-0.0012680750078316815
2026-04-24,0.002295489897180864
2026-04-26,0.0009885886173186713
2026-04-27,-0.0019451231057994551
2026-04-28,-0.0033741391195148246
2026-04-29,0.007379289849126579
2026-04-30,0.008039293422979155
2026-05-01,-0.0006012295459637842
2026-05-03,0.010255573854757645
2026-05-04,-0.00668844891948117
2026-05-05,0.004121202009316439
2026-05-06,0.002108551530630995
2026-05-07,-0.0024533900018599286
2026-05-08,0.0007694085224222743
2026-05-10,-0.004462639769811647
2026-05-11,0.007156194806209405
2026-05-12,0.0025840880097152082
2026-05-13,0.0047932272499173366
2026-05-14,0.0006242433144101501
2026-05-15,-0.00457557029038579
2026-05-17,0.004303383123470642
2026-05-18,0.003756071037376255
2026-05-19,-0.0014318491129445227
2026-05-20,0.008092380632395372
2026-05-21,0.004361990869324748
2026-05-22,-0.000521338793128177
2026-05-24,0.008143645938688509
2026-05-25,-0.006718088917047098
2026-05-26,-0.005428517570329236
2026-05-27,-0.010858548886474017
2026-05-28,0.001236517045301298
2026-05-29,0.0017072157982542509
2026-05-31,-0.004295270905289651
2026-06-01,0.0018745142966011981
2026-06-02,0.0077670999312486515
2026-06-03,0.0030759916728472373
2026-06-04,0.002830053991325532
2026-06-05,-0.010878222550002538
2026-06-07,0.0053171313369599705
2026-06-08,-0.0003388522372849668
2026-06-09,-0.011805090258217514
2026-06-10,0.002296905180262311
2026-06-11,-0.00626086002258351
2026-06-12,-0.0008206479812692013
2026-06-14,0.005877190451150345
2026-06-15,-0.006244364245502684
2026-06-16,-0.003958990826225802
2026-06-17,-0.003737765506811928
2026-06-18,-0.010348499369720798
2026-06-19,0.0014008799558884704
2026-06-21,-0.004587245340472587
2026-06-22,0.0016634409074380212
2026-06-23,0.0025519705437367203
2026-06-24,0.006316043533723935
2026-06-25,-0.0022477150850083987
2026-06-26,-0.005379109354118188
2026-06-28,-0.0002380205170341125
2026-06-29,0.0008324939486419823
2026-06-30,0.0007356920166469226
2026-07-01,-0.0002938088294533718
2026-07-02,0.0002564929335450295
2026-07-03,0.0005567375407658839
2026-07-05,-0.00040742010784367965
2026-07-06,-0.00014600591898318303
2026-07-07,-0.0011284203700599835
2026-07-08,-0.0008614505580605564
2026-07-09,0.0008532527221731573
2026-07-10,0.00011855451478736972
2026-07-12,-0.0012491411993635598
2026-07-13,-0.00027918285722573424
2026-07-14,0.0005718143493150038
2026-07-15,-0.0008018338785792369
2026-07-16,-0.0015660334434570498
2026-07-17,0.00040455057182889657
2026-07-19,1.9500382521686987e-05
2026-07-20,0.0005449608791090187
2026-07-21,0.0012256285244518629
2026-07-22,-0.0007496333297691361
2026-07-23,-0.0003898180978635115
2026-07-24,-0.0004692668288171291
2026-07-26,0.00014280022780431434
2026-07-27,-0.0013424633894464093
2026-07-28,-0.0006780343646568328
2026-07-29,0.0003676784004914754
2026-07-30,-0.00019561313803874133
2026-07-31,-0.0017929019993959735
2026-08-02,0.0007957731049308319
2026-08-03,0.0006197078311640117
2026-08-04,0.0026652822544838916
2026-08-05,-0.0007445083020354966
2026-08-06,-0.00044862995511608836
2026-08-07,0.0013275010052689977
2026-08-09,0.0002872162578240467
2026-08-10,0.0003414884137491335
2026-08-11,0.00024456312802887065
2026-08-12,0.0010558821037350136
2026-08-13,6.297263140640117e-05
2026-08-14,1.296037545232277e-05
2026-08-16,8.255446105109324e-05
2026-08-17,-0.0011197113924859977
2026-08-18,-0.0019720588499460103
2026-08-19,-0.0001023123596091621
2026-08-20,-0.0002349274846281052
2026-08-21,0.00030062525938708175
2026-08-23,8.090691182942294e-05
2026-08-24,-0.00034109190599519273
2026-08-25,0.0010939141582444315
2026-08-26,9.366239532661354e-05
2026-08-27,0.0006615974852039977
2026-08-28,-0.00011569407297039177
