,ret
2012-09-24,0.0
2012-09-25,0.0
2012-09-26,0.0
2012-09-27,0.0
2012-09-30,0.0
2012-10-01,0.0
2012-10-02,0.0
2012-10-03,0.0
2012-10-04,0.0
2012-10-07,0.0
2012-10-08,0.0
2012-10-09,0.0
2012-10-10,0.0
2012-10-11,0.0
2012-10-14,0.0
2012-10-15,0.0
2012-10-16,0.0
2012-10-17,0.0
2012-10-18,0.0
2012-10-21,0.0
2012-10-22,0.0
2012-10-23,0.0
2012-10-24,0.0
2012-10-25,0.0
2012-10-28,0.0
2012-10-29,0.0
2012-10-30,0.0
2012-10-31,0.0
2012-11-01,0.0
2012-11-04,0.0
2012-11-05,0.0
2012-11-06,0.0
2012-11-07,0.0
2012-11-08,0.0
2012-11-11,0.0
2012-11-12,0.0
2012-11-13,0.0
2012-11-14,0.0
2012-11-15,0.0
2012-11-18,0.0
2012-11-19,0.003676307112576674
2012-11-20,0.003676307112576674
2012-11-21,0.003676307112576674
2012-11-22,0.003676307112576674
2012-11-25,0.003676307112576674
2012-11-26,-0.006758025154871428
2012-11-27,-0.006758025154871428
2012-11-28,-0.006758025154871428
2012-11-29,-0.006758025154871428
2012-12-02,-0.006758025154871428
2012-12-03,-0.0007340003775722109
2012-12-04,-0.0007340003775722109
2012-12-05,-0.0007340003775722109
2012-12-06,-0.0007340003775722109
2012-12-09,-0.0007340003775722109
2012-12-10,0.0
2012-12-11,0.0
2012-12-12,0.0
2012-12-13,0.0
2012-12-16,0.0
2012-12-17,0.0
2012-12-18,0.0
2012-12-19,0.0
2012-12-20,0.0
2012-12-23,0.0
2012-12-24,0.0
2012-12-25,0.0
2012-12-26,0.0
2012-12-27,0.0
2012-12-30,0.0
2012-12-31,0.0
2013-01-01,0.0
2013-01-02,0.0
2013-01-03,0.0
2013-01-06,0.0
2013-01-07,0.0
2013-01-08,0.0
2013-01-09,0.0
2013-01-10,0.0
2013-01-13,0.0
2013-01-14,0.0
2013-01-15,0.0
2013-01-16,0.0
2013-01-17,0.0
2013-01-20,0.0
2013-01-21,0.0
2013-01-22,0.0
2013-01-23,0.0
2013-01-24,0.0
2013-01-27,0.0
2013-01-28,0.0
2013-01-29,0.0
2013-01-30,0.0
2013-01-31,0.0
2013-02-03,0.0
2013-02-04,0.0
2013-02-05,0.0
2013-02-06,0.0
2013-02-07,0.0
2013-02-10,0.0
2013-02-11,0.0
2013-02-12,0.0
2013-02-13,0.0
2013-02-14,0.0
2013-02-17,0.0
2013-02-18,0.0
2013-02-19,0.0
2013-02-20,0.0
2013-02-21,0.0
2013-02-24,0.0
2013-02-25,0.0
2013-02-26,0.0
2013-02-27,0.0
2013-02-28,0.0
2013-03-03,0.0
2013-03-04,0.0
2013-03-05,0.0
2013-03-06,0.0
2013-03-07,0.0
2013-03-10,0.0
2013-03-11,0.0
2013-03-12,0.0
2013-03-13,0.0
2013-03-14,0.0
2013-03-17,0.0
2013-03-18,0.0
2013-03-19,0.0
2013-03-20,0.0
2013-03-21,0.0
2013-03-24,0.0
2013-03-25,0.0
2013-03-26,0.0
2013-03-27,0.0
2013-03-28,0.0
2013-03-31,0.0
2013-04-01,0.0
2013-04-02,0.0
2013-04-03,0.0
2013-04-04,0.0
2013-04-07,0.0
2013-04-08,0.0
2013-04-09,0.0
2013-04-10,0.0
2013-04-11,0.0
2013-04-14,0.0
2013-04-15,0.0
2013-04-16,0.0
2013-04-17,0.0
2013-04-18,0.0
2013-04-21,0.0
2013-04-22,0.0
2013-04-23,0.0
2013-04-24,0.0
2013-04-25,0.0
2013-04-28,0.0
2013-04-29,0.0
2013-04-30,0.0
2013-05-01,0.0
2013-05-02,0.0
2013-05-05,0.0
2013-05-06,0.0
2013-05-07,0.0
2013-05-08,0.0
2013-05-09,0.0
2013-05-12,0.0
2013-05-13,0.0
2013-05-14,0.0
2013-05-15,0.0
2013-05-16,0.0
2013-05-19,0.0
2013-05-20,0.0
2013-05-21,0.0
2013-05-22,0.0
2013-05-23,0.0
2013-05-26,0.0
2013-05-27,0.0
2013-05-28,0.0
2013-05-29,0.0
2013-05-30,0.0
2013-06-02,0.0
2013-06-03,0.0
2013-06-04,0.0
2013-06-05,0.0
2013-06-06,0.0
2013-06-07,0.001270191087680666
2013-06-09,-0.001457350229432503
2013-06-10,0.005697687952215063
2013-06-11,0.003288409489392859
2013-06-12,0.0016942525055601207
2013-06-13,0.0008401215483361448
2013-06-14,-0.0018645712551401687
2013-06-16,-0.0014940805815515485
2013-06-17,0.0030350836944884746
2013-06-18,0.004993861415334126
2013-06-19,-0.007159736808606751
2013-06-20,0.005864440561268624
2013-06-21,-0.015789908732883027
2013-06-23,0.002988590223363326
2013-06-24,-0.001298731787071325
2013-06-25,0.015833567872218245
2013-06-26,0.003284376520490949
2013-06-27,0.008222193603883352
2013-06-28,-0.006169262606294559
2013-06-30,-0.0025164930727572836
2013-07-01,-0.008068879401853612
2013-07-02,0.009509929434172577
2013-07-03,-0.0032863449015103716
2013-07-04,0.009237457211027639
2013-07-05,0.014485955928617485
2013-07-07,0.0006615525313014656
2013-07-08,-0.0081619848026343
2013-07-09,0.00533603710938408
2013-07-10,-0.02593745784643066
2013-07-11,-0.0005715884297350357
2013-07-12,-0.0008919452683700713
2013-07-14,-0.0009214894443277178
2013-07-15,0.0014789737381711151
2013-07-16,0.00042779256894344246
2013-07-17,0.002432590374174701
2013-07-18,-0.002052019425866678
2013-07-19,-0.0018627432902122685
2013-07-21,-0.003112591077038715
2013-07-22,-0.0041185099068939204
2013-07-23,-0.0010106617006113848
2013-07-24,0.003060624230168301
2013-07-25,-0.005229061027730482
2013-07-26,0.001549717696501525
2013-07-28,0.00020175108899430968
2013-07-29,0.001202204715180936
2013-07-30,-0.0010257752922557233
2013-07-31,0.0013660295966833789
2013-08-01,0.004904677591066491
2013-08-02,-0.004829114668474572
2013-08-04,-0.0005548700272256517
2013-08-05,0.006375377397377727
2013-08-06,0.002181818538335293
2013-08-07,-0.005814622311905829
2013-08-08,-0.008055848170749355
2013-08-09,0.003149525597522269
2013-08-11,-0.0031087631308098396
2013-08-12,0.00018881266264163675
2013-08-13,0.005471807359093157
2013-08-14,-0.0068300387239641535
2013-08-15,-0.008764611511960813
2013-08-16,-0.0019827384198672212
2013-08-18,-0.0014649719100728214
2013-08-19,0.003300270439092104
2013-08-20,-0.003918449777199423
2013-08-21,-0.007025336244416397
2013-08-22,-0.004127917633104935
2013-08-23,-0.004318575265391696
2013-08-25,-0.0009392476216985238
2013-08-26,0.0011563347392546566
2013-08-27,0.005326701577250985
2013-08-28,-0.004709891347094379
2013-08-29,-0.0060433998735227494
2013-08-30,-0.0075743358154870925
2013-09-01,3.593919839197012e-05
2013-09-02,-0.001458741960565694
2013-09-03,0.003587193627154385
2013-09-04,-0.004229661200034291
2013-09-05,0.0017724184367208917
2013-09-06,-0.004787699773070688
2013-09-08,0.0007471087641171084
2013-09-09,0.0078070412102577156
2013-09-10,0.006049311187529927
2013-09-11,0.005988987387563344
2013-09-12,0.008688508763012342
2013-09-13,0.0018580394628456714
2013-09-15,0.0034060909096291273
2013-09-16,0.003234970545579719
2013-09-17,0.00801347818973099
2013-09-18,-0.009853251480420724
2013-09-19,0.0008491876377938962
2013-09-20,0.01199827026513512
2013-09-22,0.0007385291686588863
2013-09-23,-0.0023426512364248587
2013-09-24,-0.0023879099979427026
2013-09-25,0.006570475219675639
2013-09-26,-0.005758433452901219
2013-09-27,0.01165458893691735
2013-09-29,-0.002097063037627859
2013-09-30,0.0009600659509344621
2013-10-01,-0.010151993767752039
2013-10-02,0.014932727104864159
2013-10-03,0.0032771243712460974
2013-10-04,-0.013177711083819592
2013-10-06,0.0013205220733173424
2013-10-07,0.0027239133214919664
2013-10-08,-0.002031010496725804
2013-10-09,-0.009828196141867585
2013-10-10,0.001818014305973569
2013-10-11,-0.005222048895932115
2013-10-13,0.0019006832498961411
2013-10-14,-0.0010807171184252942
2013-10-15,-0.004965567961475048
2013-10-16,0.002549178012773792
2013-10-17,0.01914424731334258
2013-10-18,0.001995618997284704
2013-10-20,-0.00016383128992563197
2013-10-21,-0.0015515339285386706
2013-10-22,0.013967203063140289
2013-10-23,-0.0006623075624986794
2013-10-24,-0.00125636238687055
2013-10-25,0.0024936175408517584
2013-10-27,0.0003482358038574936
2013-10-28,-0.00126099905365811
2013-10-29,-0.005554853870982899
2013-10-30,-0.0014675680431153846
2013-10-31,-0.01682377482403858
2013-11-01,-0.003581293437186245
2013-11-03,0.00013771814808456766
2013-11-04,0.0011307862285927913
2013-11-05,0.0006481115297530245
2013-11-06,0.00036330748005230444
2013-11-07,-0.007289298132255966
2013-11-08,-0.008842191542188209
2013-11-10,-0.00022474745409542998
2013-11-11,0.003700718366941317
2013-11-12,0.0053149803656108085
2013-11-13,-0.002350755829712247
2013-11-14,-0.0012413953230782995
2013-11-15,0.004132056806380367
2013-11-17,0.0004292199099242068
2013-11-18,0.0044192013950899115
2013-11-19,0.003365435422826547
2013-11-20,-0.002826107488708562
2013-11-21,0.004335528105908575
2013-11-22,0.009331068589630726
2013-11-24,0.0004634149201620049
2013-11-25,-0.0048968914227939765
2013-11-26,0.006403756236903671
2013-11-27,0.001100746085631892
2013-11-28,0.000763422836652592
2013-11-29,-0.008623545957438824
2013-12-01,0.003627984353921341
2013-12-02,0.008245175239445906
2013-12-03,0.0037888211684190738
2013-12-04,-0.00770139162746696
2013-12-05,0.010724709223840152
2013-12-06,0.0026908268066311307
2013-12-08,-0.00010952043611061718
2013-12-09,-0.0012747392881919811
2013-12-10,-0.007351036796366429
2013-12-11,0.004213102588520256
2013-12-12,0.009630297621855225
2013-12-13,-0.007837696781061127
2013-12-15,0.002959454316413009
2013-12-16,-0.0020085247774958783
2013-12-17,0.004343614942887851
2013-12-18,-0.0042079928600954174
2013-12-19,0.00866272521649761
2013-12-20,-3.718425220566781e-05
2013-12-22,0.001422725985221125
2013-12-23,0.0011819784298958958
2013-12-24,-0.0024507200473895554
2013-12-25,0.0
2013-12-26,0.00156780483935439
2013-12-27,5.567385730021737e-05
2013-12-29,0.0009902922302583066
2013-12-30,0.010411434970979782
2013-12-31,-0.0062526309441335
2014-01-01,-0.009351630653849795
2014-01-02,-0.011503503874335463
2014-01-03,-0.013981694729953132
2014-01-05,-0.0016211821057083217
2014-01-06,0.0030696719258921346
2014-01-07,0.006599349334570016
2014-01-08,-0.004228968040868864
2014-01-09,-8.376974209578908e-05
2014-01-10,-0.0030981383700193774
2014-01-12,0.00010465727328220695
2014-01-13,-0.0021814023674901544
2014-01-14,0.0022200349061305357
2014-01-15,-0.0024434689844400766
2014-01-16,-0.0009063593779134611
2014-01-17,-0.01908813848950134
2014-01-19,-0.002085833658733975
2014-01-20,0.002686595870059536
2014-01-21,0.006094459981258985
2014-01-22,0.0009365264169804819
2014-01-23,0.005547930055020047
2014-01-24,-0.0068050414475385205
2014-01-26,7.51385582605621e-05
2014-01-27,0.004790792671451679
2014-01-28,-0.0008606348059049538
2014-01-29,-0.004039816962574241
2014-01-30,-0.0023814035480171636
2014-01-31,-0.010123414324919805
2014-02-02,-0.0003747037677853099
2014-02-03,-0.0021903796337042806
2014-02-04,0.0016321416418463616
2014-02-05,1.7631683477434094e-06
2014-02-06,0.005667941301107437
2014-02-07,0.003675742116239478
2014-02-09,-0.0018149538407052329
2014-02-10,-0.0013294681805520036
2014-02-11,-0.004730588665978904
2014-02-12,-0.0035165282811508744
2014-02-13,0.013999371026060458
2014-02-14,0.009789436558000178
2014-02-16,0.004086243371342849
2014-02-17,-0.0007259997367856252
2014-02-18,0.0028123822018039576
2014-02-19,-0.002234401544725677
2014-02-20,-0.0016072946171767223
2014-02-21,0.007796865444769108
2014-02-23,-0.0012587818659573393
2014-02-24,0.005430131428545777
2014-02-25,0.004029478072282484
2014-02-26,-0.01190277862965237
2014-02-27,0.002363841934495549
2014-02-28,0.015226840053797649
2014-03-02,0.006534137558776035
2014-03-03,-4.144165253823733e-05
2014-03-04,-0.007446493629710369
2014-03-05,-0.00038779637245120284
2014-03-06,0.018975595899041922
2014-03-07,-0.004308481709878392
2014-03-09,-0.0015062283403073221
2014-03-10,0.0014355179677931406
2014-03-11,0.006479634781110423
2014-03-12,0.009656313331802025
2014-03-13,-0.003162479838177704
2014-03-14,0.011556146253716733
2014-03-16,-0.0006567854176298769
2014-03-17,-0.005914317590464365
2014-03-18,-0.0012850934071466642
2014-03-19,-0.015946990583816267
2014-03-20,-0.0025768350365314003
2014-03-21,0.0018094362916217027
2014-03-23,-0.0022409552105226585
2014-03-24,-0.0013802667760668438
2014-03-25,-0.0015225202994169269
2014-03-26,-0.0042244320403996595
2014-03-27,-0.005943363007690384
2014-03-28,0.001202927007448492
2014-03-30,9.046136676424415e-05
2014-03-31,-0.0025782268113191294
2014-04-01,0.0022569818615701914
2014-04-02,-0.00043505057648775546
2014-04-03,-0.006147403290443419
2014-04-04,0.010161543228100405
2014-04-06,-0.0009143415889091491
2014-04-07,0.003409261245690141
2014-04-08,0.0105717129001802
2014-04-09,0.006740580625729763
2014-04-10,0.0055190648221036705
2014-04-11,-0.002153271132494056
2014-04-13,0.00046257068395156274
2014-04-14,-0.006517029677451429
2014-04-15,-0.011067978552530984
2014-04-16,0.003941752579767717
2014-04-17,-0.005520138315249094
2014-04-18,-0.0018712606612008766
2014-04-20,-0.004344164269717037
2014-04-21,0.0041737112561585216
2014-04-22,0.006418796145659641
2014-04-23,0.006175437137143194
2014-04-24,0.009323964318019993
2014-04-25,0.006476814637988966
2014-04-27,0.00448970276752598
2014-04-28,0.00203060292286628
2014-04-29,-0.0032842602509917693
2014-04-30,0.0052855410624802895
2014-05-01,-0.0022306277461001177
2014-05-02,0.0023918821069003173
2014-05-04,0.001029487041367181
2014-05-05,0.003782811537619689
2014-05-06,-0.004735889410900562
2014-05-07,-0.007298477021966631
2014-05-08,-0.005998840895412025
2014-05-09,-0.0013472824367278514
2014-05-11,0.0001361502287391968
2014-05-12,0.010402801682140778
2014-05-13,-0.001633716649036163
2014-05-14,-0.0015281823215155118
2014-05-15,-0.009680060543750533
2014-05-16,0.0002080365007402076
2014-05-18,0.0015609898366415757
2014-05-19,0.0038519777180018324
2014-05-20,-0.004608413143400778
2014-05-21,0.006681762082063653
2014-05-22,0.00040993092544528803
2014-05-23,0.0033194469175376502
2014-05-25,0.0010098538857716407
2014-05-26,0.005794666411475081
2014-05-27,0.014523232738214263
2014-05-28,0.0003922300110291874
2014-05-29,0.0019956116794004777
2014-05-30,0.008989967703401523
2014-06-01,-0.0005217391304347827
2014-06-02,-4.072623678049572e-05
2014-06-03,0.00037519022550254146
2014-06-04,0.002047910194437744
2014-06-05,0.008745470659887289
2014-06-06,0.003128275013924977
2014-06-08,-1.1283332444535545e-05
2014-06-09,-0.0053721380423026556
2014-06-10,-0.00795392414498324
2014-06-11,-0.002328738666226768
2014-06-12,-0.013652794768791157
2014-06-13,0.0027553970274346276
2014-06-15,-0.0049154235619861585
2014-06-16,0.0071145295334994335
2014-06-17,0.0029500623638450308
2014-06-18,0.0007895615213884808
2014-06-19,-0.018354780155839023
2014-06-20,-0.001478963236812828
2014-06-22,0.0020094313152543976
2014-06-23,-0.004781334917889523
2014-06-24,-0.003561900494005078
2014-06-25,0.0024495638783061015
2014-06-26,-0.0009759841211092467
2014-06-27,0.003947367070178795
2014-06-29,0.0006662397206094646
2014-06-30,0.002878356958851735
2014-07-01,0.013012357695969734
2014-07-02,0.0013993753334963757
2014-07-03,0.011691602259591859
2014-07-04,0.0006872813597104553
2014-07-06,0.00011181383813076438
2014-07-07,-0.007109402595644073
2014-07-08,-0.010844123023158988
2014-07-09,0.00401556818765176
2014-07-10,0.002778354296716969
2014-07-11,0.006457658602422284
2014-07-13,0.0006331765462999007
2014-07-14,-0.0007296442655732992
2014-07-15,0.0037080008556293954
2014-07-16,0.003987766776374273
2014-07-17,-0.020526621630026193
2014-07-18,0.021004208574366384
2014-07-20,-0.0010861864416044653
2014-07-21,0.000202137138746927
2014-07-22,0.007420978761476214
2014-07-23,0.004237656034195016
2014-07-24,-0.003917138014620969
2014-07-25,0.003092307484998422
2014-07-27,-0.0011083823899887741
2014-07-28,0.000502381941098639
2014-07-29,0.0002586029414984534
2014-07-30,0.0015560603976827769
2014-07-31,-0.015839123059957872
2014-08-01,-0.011357234762231582
2014-08-03,0.0026163013813342833
2014-08-04,0.0015654892781059178
2014-08-05,-0.0018979099306576824
2014-08-06,-0.0027359452144789095
2014-08-07,-0.006504881588628567
2014-08-08,0.005238520882647713
2014-08-10,0.002298740408149681
2014-08-11,0.005931105561360037
2014-08-12,-0.0005925208957910197
2014-08-13,0.008595650396437995
2014-08-14,0.0037887585125661333
2014-08-15,-0.0030645908260026064
2014-08-17,0.0011798097169163824
2014-08-18,0.008128002949357208
2014-08-19,0.005307414781190236
2014-08-20,0.005231998863225222
2014-08-21,0.0016525622283054542
2014-08-22,0.0029932723204738575
2014-08-24,0.004579694964248309
2014-08-25,8.652250404022107e-06
2014-08-26,0.0060206196100823575
2014-08-27,-0.006287220536452196
2014-08-28,0.0028567156398527313
2014-08-29,0.009194792280841255
2014-08-31,0.0018507959003428165
2014-09-01,-0.0007605842048597402
2014-09-02,-0.004594591726262834
2014-09-03,-0.0055454724556820685
2014-09-04,0.01849566535100172
2014-09-05,0.009710238966570138
2014-09-07,-0.001889337824609284
2014-09-08,0.0007900220574919007
2014-09-09,-0.012106915937334211
2014-09-10,0.005318303699429499
2014-09-11,0.004924980649522528
2014-09-12,-0.009820097479861253
2014-09-14,-0.003940224921017732
2014-09-15,-0.0025611670986627685
2014-09-16,0.006481933509610095
2014-09-17,0.010621948138418333
2014-09-18,0.006924929521138012
2014-09-19,-0.00024765567938468886
2014-09-21,-0.003915704116989537
2014-09-22,-0.006720658916527521
2014-09-23,-0.004899196082826478
2014-09-24,0.013866298803323188
2014-09-25,-0.014189291641542374
2014-09-26,0.009056082927127234
2014-09-28,-0.0009923527480054644
2014-09-29,-0.0008404648929659358
2014-09-30,0.0059958486794910405
2014-10-01,-0.012484896424373995
2014-10-02,0.0016236558812082074
2014-10-03,0.01709979487034183
2014-10-05,0.0014779525561178092
2014-10-06,-0.007124365649733035
2014-10-07,-0.007400982583959817
2014-10-08,0.003440458740963891
2014-10-09,-0.0060393589785037016
2014-10-10,-0.007960660377915872
2014-10-12,-0.0043833287099855345
2014-10-13,-0.0014873149952524208
2014-10-14,0.0018470872462047667
2014-10-15,-0.008495043766847659
2014-10-16,-0.0007857200083560937
2014-10-17,0.004634486888054363
2014-10-19,0.0016317356121764645
2014-10-20,-0.0002018169361284894
2014-10-21,0.009054748562891245
2014-10-22,0.0005307764631992568
2014-10-23,0.0039582093202164765
2014-10-24,0.003672142059650819
2014-10-26,-0.0009008905132950204
2014-10-27,4.004996078633596e-05
2014-10-28,0.003283060644062753
2014-10-29,0.005132613772982651
2014-10-30,0.006672779130142078
2014-10-31,0.012644963230675025
2014-11-02,0.0012137318540426849
2014-11-03,0.0005640400918020414
2014-11-04,0.00014072056402873742
2014-11-05,0.004716058711686595
2014-11-06,0.009313760662169341
2014-11-07,-0.016691317129027446
2014-11-09,0.0006044976800675499
2014-11-10,0.007476962011137359
2014-11-11,-0.004010121540396726
2014-11-12,0.0015689993560166168
2014-11-13,0.0010269632817297828
2014-11-14,-0.006878155127844859
2014-11-16,-0.0019778300856003856
2014-11-17,0.002796370416042092
2014-11-18,-0.0003833773325711794
2014-11-19,0.0005949735148448237
2014-11-20,-0.00020828637615427718
2014-11-21,0.003916847960313207
2014-11-23,4.967128220801712e-06
2014-11-24,0.0013370558282192848
2014-11-25,0.00024731904077215797
2014-11-26,0.0026628012975070843
2014-11-27,0.0027357110251550426
2014-11-28,0.003658548995144513
2014-11-30,0.001326837193558198
2014-12-01,-0.013861103687918772
2014-12-02,0.005525790222054219
2014-12-03,0.002232923343212426
2014-12-04,-0.002352579217494109
2014-12-05,0.0059580342775878165
2014-12-07,-0.0005033740660608378
2014-12-08,-0.007909060492879235
2014-12-09,-0.006344294271139753
2014-12-10,-0.007891910855155696
2014-12-11,0.0009429303294529096
2014-12-12,-0.010116817961329103
2014-12-14,0.0032683071459785203
2014-12-15,-0.0023526949461151686
2014-12-16,-0.009782990593045885
2014-12-17,0.015238768499307678
2014-12-18,0.017349094179181082
2014-12-19,0.0022106118012461744
2014-12-21,-8.860081137567452e-05
2014-12-22,0.0030416300334709604
2014-12-23,0.0018600930949534598
2014-12-24,-0.0010954238495897702
2014-12-25,-0.0001524264525935248
2014-12-26,0.0032499237629059733
2014-12-28,-0.00021246413031359945
2014-12-29,0.003095378661853341
2014-12-30,-0.005241534171761738
2014-12-31,-0.006023055724858277
2015-01-01,0.005586456262080427
2015-01-02,-0.005062326803990128
2015-01-04,0.002660518840146251
2015-01-05,-0.012867725482934803
2015-01-06,-0.0021464182082615397
2015-01-07,0.009687961842300695
2015-01-08,0.006562880350898498
2015-01-09,-0.008063735686098767
2015-01-11,-0.000988998794057532
2015-01-12,-0.002231746527028255
2015-01-13,-0.002643640885042931
2015-01-14,0.001031916629976315
2015-01-15,-0.010317207177574369
2015-01-16,0.022017938152364584
2015-01-18,-0.0005188521269966185
2015-01-19,-0.0031353316376108572
2015-01-20,0.0019188440969493132
2015-01-21,-0.0033268254881398747
2015-01-22,0.015623399654151422
2015-01-23,0.0041105633825066715
2015-01-25,-0.0038649843483520544
2015-01-26,0.000116808548396591
2015-01-27,-0.0028455046246186775
2015-01-28,-0.006605971413616829
2015-01-29,-0.0013312654868427678
2015-01-30,-0.000682123877958827
2015-02-01,0.0005162759985013124
2015-02-02,0.005286002463302816
2015-02-03,0.002352232478503475
2015-02-04,0.00892851003351084
2015-02-05,0.0037821985160410012
2015-02-06,-0.0026149167354170095
2015-02-08,0.003285551625255754
2015-02-09,0.0013067170248057549
2015-02-10,0.0022382970922502315
2015-02-11,-0.004243369743431325
2015-02-12,0.00107635375979841
2015-02-13,0.00456576385586939
2015-02-15,-0.00042399518788446784
2015-02-16,5.066947611427518e-05
2015-02-17,-0.004240428599607081
2015-02-18,0.0011271864451831881
2015-02-19,0.002804449041429627
2015-02-20,0.0016073332627665527
2015-02-22,0.000518111566676052
2015-02-23,0.0018573379849531142
2015-02-24,0.0010565422124418865
2015-02-25,-0.0013564134114321161
2015-02-26,0.007912519870403721
2015-02-27,0.000510174677345756
2015-02-28,0.0
2015-03-01,0.005782282737481051
2015-03-02,-0.0034643172534766366
2015-03-03,-0.0009522666123239011
2015-03-04,0.002614544804671676
2015-03-05,0.0007288363870187122
2015-03-06,-0.008089146166593914
2015-03-07,0.0
2015-03-08,-0.0019603940248861993
2015-03-09,0.0035186433917594106
2015-03-10,-0.002841840595800909
2015-03-11,0.0063593849477050724
2015-03-12,-0.0015864876374574054
2015-03-13,0.0022438070922501953
2015-03-14,0.0
2015-03-15,-0.0014730286391426907
2015-03-16,0.005400569919871903
2015-03-17,0.001502127827789279
2015-03-18,-0.003097446244172525
2015-03-19,0.003147717894579465
2015-03-20,-0.007438196217961777
2015-03-21,0.0
2015-03-22,0.002647668797488126
2015-03-23,-0.007879167206302837
2015-03-24,-0.0035187142671103734
2015-03-25,-0.0209040986266817
2015-03-26,0.0038554350286656883
2015-03-27,-0.0021105188614825065
2015-03-28,0.0
2015-03-29,0.0005310043582219329
2015-03-30,0.002695167786527878
2015-03-31,-0.011870245477984402
2015-04-01,0.0013528540954552881
2015-04-02,-0.0024148611993488364
2015-04-03,-0.014329494523462832
2015-04-04,0.0
2015-04-05,0.004232155651365284
2015-04-06,0.006047155554628744
2015-04-07,0.0019689138847109955
2015-04-08,0.004552378345883096
2015-04-09,0.006951288078469674
2015-04-10,0.0051233968882517565
2015-04-11,0.0
2015-04-12,-7.686898744228225e-05
2015-04-13,0.000789261112788663
2015-04-14,-0.0013753741285180952
2015-04-15,-0.00019871105269123496
2015-04-16,-0.0034482492049826147
2015-04-17,-0.02122926325838661
2015-04-18,0.0
2015-04-19,0.0022592147041344997
2015-04-20,0.011925934478039312
2015-04-21,0.0006826346124908585
2015-04-22,0.00517309653027008
2015-04-23,0.005063499844550786
2015-04-24,0.010819435263408976
2015-04-25,0.0
2015-04-26,-0.000989784121082779
2015-04-27,-0.00964082567304916
2015-04-28,-0.005128765876945915
2015-04-29,-0.005410028920422661
2015-04-30,-0.0018689741948806657
2015-05-01,0.013093139708048384
2015-05-02,0.0
2015-05-03,-0.002028447996797858
2015-05-04,0.0014651122030619882
2015-05-05,-0.01096304046303184
2015-05-06,-0.00361948608153299
2015-05-07,0.005644277264295375
2015-05-08,0.0065661285780319635
2015-05-09,0.0
2015-05-10,0.0002073618258317898
2015-05-11,-0.001547418746866673
2015-05-12,-0.003403180033436518
2015-05-13,-0.00882694391804686
2015-05-14,0.004749584316229319
2015-05-15,-0.0022941028648967724
2015-05-16,0.0
2015-05-17,-0.0006365671415612699
2015-05-18,0.0066973310186427696
2015-05-19,0.0063392884735525516
2015-05-20,-0.0011256326450912217
2015-05-21,0.005320391972667227
2015-05-22,0.00533809882381892
2015-05-23,0.0
2015-05-24,0.0013713420319999528
2015-05-25,-0.0001466712729774469
2015-05-26,-0.008439178793867734
2015-05-27,0.008043778261049832
2015-05-28,-0.002736883697464138
2015-05-29,-0.009027433999043318
2015-05-30,0.0
2015-05-31,0.002503824973193341
2015-06-01,0.0019552924062564403
2015-06-02,-0.013992003223798835
2015-06-03,0.005635598765308117
2015-06-04,-0.000826743179668233
2015-06-05,0.0036023553091515093
2015-06-06,0.0
2015-06-07,-0.002236404465692614
2015-06-08,-0.006080792365418199
2015-06-09,0.000752730079558852
2015-06-10,0.008239509011659455
2015-06-11,-0.0007000241688829681
2015-06-12,-0.00565272283139534
2015-06-13,0.0
2015-06-14,-0.0037539879535425646
2015-06-15,0.00013033920933269716
2015-06-16,0.0025144968516860886
2015-06-17,-0.0006363975645535678
2015-06-18,0.011497912720321616
2015-06-19,-0.004876656842059942
2015-06-20,0.0
2015-06-21,0.0006048066514742501
2015-06-22,-9.31257575212555e-05
2015-06-23,-0.000834814109753971
2015-06-24,-0.003201463908652246
2015-06-25,-0.002540780831240895
2015-06-26,-0.0003703650431390241
2015-06-27,-0.01218006149244899
2015-06-28,-0.011498301120132963
2015-06-29,-0.0034171606560052547
2015-06-30,0.0013151634190956662
2015-07-01,0.0028683589628582733
2015-07-02,0.001040994591230926
2015-07-03,-0.003168007508152997
2015-07-04,0.0
2015-07-05,0.0009221624313472963
2015-07-06,-0.00031584871009478086
2015-07-07,0.002168263249770657
2015-07-08,-0.005279571313331233
2015-07-09,0.00037382814582350603
2015-07-10,0.002623806469466772
2015-07-11,0.0
2015-07-12,-0.0006065660552093488
2015-07-13,0.013167726152561987
2015-07-14,0.00372015190434376
2015-07-15,0.007322659367509543
2015-07-16,0.0052155117879168844
2015-07-17,0.018334605575690173
2015-07-18,0.0
2015-07-19,0.016631778323216755
2015-07-20,0.0033350972500838347
2015-07-21,-0.005748525663039872
2015-07-22,0.00021321193440902985
2015-07-23,0.005216988551890417
2015-07-24,-0.02499028350413445
2015-07-25,0.0
2015-07-26,-0.0003399792158863784
2015-07-27,-0.0013389993039446349
2015-07-28,0.0015004665908649275
2015-07-29,0.003534017921925019
2015-07-30,0.0040062320693291355
2015-07-31,-0.006170670215814338
2015-08-01,0.0
2015-08-02,-0.0004185471616898965
2015-08-03,0.0022331693943233636
2015-08-04,8.072967352190283e-05
2015-08-05,0.0020288820234967797
2015-08-06,-0.007084736865360657
2015-08-07,-0.005559779523414469
2015-08-08,0.0
2015-08-09,0.0008711107109006075
2015-08-10,0.003728909725412831
2015-08-11,-0.016821955116231958
2015-08-12,0.00015745468963756286
2015-08-13,0.00026465820388284195
2015-08-14,0.004436336386061541
2015-08-15,0.0
2015-08-16,-0.0011921055885803342
2015-08-17,0.0050297441663838495
2015-08-18,-0.0011604779232982359
2015-08-19,-0.02199162265740077
2015-08-20,-0.01829238565526286
2015-08-21,0.009513310791542105
2015-08-22,0.0
2015-08-23,0.008031372564007978
2015-08-24,0.00436048379834207
2015-08-25,0.007428652463822999
2015-08-26,-0.013583666117194481
2015-08-27,-0.0014949621303209633
2015-08-28,0.00010499024958210881
2015-08-29,0.0
2015-08-30,0.0011169782590752762
2015-08-31,0.004164034795540673
2015-09-01,0.0030323017233239683
2015-09-02,-0.0008196593109456971
2015-09-03,0.0024450435476584226
2015-09-04,0.0018805391092451959
2015-09-05,0.0
2015-09-06,0.0007173567420397166
2015-09-07,0.00021788867809911151
2015-09-08,-0.003706388769463554
2015-09-09,0.007116821758403306
2015-09-10,-0.00029900213938075155
2015-09-11,0.002836100390491784
2015-09-12,0.0
2015-09-13,0.00016086845633784289
2015-09-14,-0.008581670685998438
2015-09-15,-0.010962337788687408
2015-09-16,-0.011701128107083585
2015-09-17,-0.00444010787952513
2015-09-18,-0.004311817851155267
2015-09-19,0.0
2015-09-20,-0.0045447995154334255
2015-09-21,-0.0006287956843792353
2015-09-22,0.009724576359172
2015-09-23,0.004098296220677219
2015-09-24,0.0018437758387622317
2015-09-25,0.004224353742029648
2015-09-26,0.0
2015-09-27,0.01142558247907042
2015-09-28,0.014965255870413807
2015-09-29,0.0009015730429644295
2015-09-30,-0.005515793975219717
2015-10-01,0.0025315510014254404
2015-10-02,-0.010544552939271184
2015-10-03,0.0
2015-10-04,0.0019883671265084907
2015-10-05,-0.0033107561406519226
2015-10-06,0.002049922926932104
2015-10-07,-0.0001402101182714047
2015-10-08,0.00187724298336272
2015-10-09,0.00013498334679500713
2015-10-10,0.0
2015-10-11,-0.000168245707186669
2015-10-12,0.0032374261432352746
2015-10-13,0.0002376564245070325
2015-10-14,0.0038105297028561045
2015-10-15,-0.004030723904486998
2015-10-16,-0.001173287590748489
2015-10-17,0.0
2015-10-18,0.004018181118838232
2015-10-19,-0.00010767150731428156
2015-10-20,-0.0010313772297205475
2015-10-21,0.0019710248238109357
2015-10-22,-0.008169830044855114
2015-10-23,-0.00037607841988536136
2015-10-24,0.0
2015-10-25,0.00032049775975317464
2015-10-26,0.0009108063797287791
2015-10-27,-0.0007157593670550613
2015-10-28,-0.0017672629994121643
2015-10-29,0.005006760831201746
2015-10-30,0.0018170141410743493
2015-10-31,0.0
2015-11-01,0.0005808237940012087
2015-11-02,0.0027286765086601875
2015-11-03,0.00803776107258192
2015-11-04,0.005106978227229539
2015-11-05,-0.000654384070821633
2015-11-06,0.018415675091211153
2015-11-07,0.0
2015-11-08,-0.002041650795091196
2015-11-09,-0.005543196705820397
2015-11-10,-0.0008794432431625353
2015-11-11,0.002234320927151392
2015-11-12,-0.001672674100419493
2015-11-13,-0.006982454234186928
2015-11-14,0.0
2015-11-15,-0.0024509253951935303
2015-11-16,0.009045102465808722
2015-11-17,0.0061338138887198695
2015-11-18,-0.0014350117396522248
2015-11-19,-0.002083000299764122
2015-11-20,0.00853925313841426
2015-11-21,0.023882470319684046
2015-11-22,0.0030159268940086288
2015-11-23,-0.001325255360718682
2015-11-24,-0.0032690276395274725
2015-11-25,0.0025981100080340338
2015-11-26,0.0025753364225455815
2015-11-27,0.0053555684413445085
2015-11-28,0.0
2015-11-29,0.0009232429495687695
2015-11-30,-0.004484618195434418
2015-12-01,0.0005802997439106987
2015-12-02,0.007596497631599226
2015-12-03,-0.01828626847051435
2015-12-04,-0.004758384779660589
2015-12-05,0.0
2015-12-06,0.0002648853358053191
2015-12-07,0.0017191015601829454
2015-12-08,-2.911984198304788e-05
2015-12-09,-0.003702924994415798
2015-12-10,0.002530767786780691
2015-12-11,-0.008556346839831147
2015-12-12,0.0
2015-12-13,0.00012459371109016596
2015-12-14,0.004694556575469337
2015-12-15,0.0012774118822576547
2015-12-16,-0.0005649542583244875
2015-12-17,0.0009145408695363551
2015-12-18,-0.007429231312042
2015-12-19,0.0
2015-12-20,-0.0005304378309547528
2015-12-21,-0.002604116695108604
2015-12-22,0.0007338147272738207
2015-12-23,-0.0003896706006906637
2015-12-24,-0.0013941470651342713
2015-12-26,0.0
2015-12-27,0.0013475528423333803
2015-12-28,0.0010545678712392081
2015-12-29,0.004517233489982515
2015-12-30,1.1276986130442973e-05
2015-12-31,-0.00029419201248582035
2016-01-02,-0.012272210399426609
2016-01-03,-0.005780838987200302
2016-01-04,-0.0050481631231575055
2016-01-05,-0.0023673602760143865
2016-01-06,-0.010469539235728556
2016-01-07,-0.0007674422867327864
2016-01-08,0.012734556971025757
2016-01-09,0.0
2016-01-10,0.00021487786491532644
2016-01-11,0.0027307267677554752
2016-01-12,-0.006877123184961684
2016-01-13,0.0023288291355634807
2016-01-14,-0.0005868022640798011
2016-01-15,0.004639680587817009
2016-01-16,0.0
2016-01-17,-0.0009539747100135599
2016-01-18,-0.0008236483450250435
2016-01-19,0.0074830028815228555
2016-01-20,-0.005126685310649471
2016-01-21,-0.00016447092557761247
2016-01-22,-0.008404017234202327
2016-01-23,0.0
2016-01-24,-0.0015377309314518709
2016-01-25,0.003759425794016243
2016-01-26,-0.0003565155594142837
2016-01-27,0.0004414029048065331
2016-01-28,-0.003526024381065712
2016-01-29,-0.008656472694275396
2016-01-30,0.0
2016-01-31,0.0019986635384546185
2016-02-01,-0.0002584437867959002
2016-02-02,0.0067289040033607335
2016-02-03,-0.004159124465230119
2016-02-04,0.009655785697366989
2016-02-05,0.018339689854528225
2016-02-06,0.0
2016-02-07,-0.003964365222868799
2016-02-08,0.021108212832178255
2016-02-09,0.0038698243420563585
2016-02-10,0.005905400644581686
2016-02-11,0.006799673690725835
2016-02-12,-0.0042744235842365474
2016-02-13,0.0
2016-02-14,-0.0028801556807138175
2016-02-15,-0.009683580315908661
2016-02-16,0.004341927696527918
2016-02-17,-0.007326361628298195
2016-02-18,0.004538434160447077
2016-02-19,-0.0008625461163883124
2016-02-20,0.0
2016-02-21,-0.0034611259205086235
2016-02-22,0.0010231538744194196
2016-02-23,0.005674332347941928
2016-02-24,-0.0003643790321022846
2016-02-25,0.00047427891322792336
2016-02-26,0.00521444317212696
2016-02-27,0.0
2016-02-28,0.003570591163854241
2016-02-29,0.002027514871756051
2016-03-01,0.005248160728783897
2016-03-02,0.001510566611135812
2016-03-03,0.0003721534824699158
2016-03-04,-0.004357295895692918
2016-03-05,0.0
2016-03-06,0.0006469455470948843
2016-03-07,0.0014877560314911578
2016-03-08,0.0006709981427508999
2016-03-09,0.0020954587966549427
2016-03-10,-0.0009505529979180142
2016-03-11,-0.0031740205278260824
2016-03-12,0.0
2016-03-13,0.0031395781286330444
2016-03-14,-0.007170957316696326
2016-03-15,0.0006596497808277911
2016-03-16,0.0009144755320924543
2016-03-17,0.003704763569781818
2016-03-18,-0.004168365488577138
2016-03-19,0.0
2016-03-20,-0.001970200249429939
2016-03-21,0.0008806725506944936
2016-03-22,0.0011468326786629437
2016-03-23,-0.005949227000428888
2016-03-24,0.0014285853996715257
2016-03-25,-0.0006270255573184263
2016-03-26,0.0
2016-03-27,-0.0005942348110005478
2016-03-28,-0.000599684590241487
2016-03-29,0.004135517834718787
2016-03-30,-0.001435029856901769
2016-03-31,0.0014397898876731335
2016-04-01,0.0037783575304733545
2016-04-02,0.0
2016-04-03,-0.0006408592302075902
2016-04-04,-0.0033207295730627168
2016-04-05,0.00021487509974957167
2016-04-06,0.0033389811749255914
2016-04-07,-0.005965578654447588
2016-04-08,0.0025275045419479026
2016-04-09,0.0
2016-04-10,0.002367432323769288
2016-04-11,-0.0003892231773298856
2016-04-12,0.004275576957957697
2016-04-13,-0.0024651751476017095
2016-04-14,-0.000541451709010708
2016-04-15,-0.0013836144716090216
2016-04-16,0.0
2016-04-17,-0.0029657617646775968
2016-04-18,0.0035566079165096106
2016-04-19,0.001959072324471361
2016-04-20,0.006519351196444334
2016-04-21,-0.006087680003205679
2016-04-22,-0.003047039733608508
2016-04-23,0.0
2016-04-24,-0.002024969550711675
2016-04-25,0.0008851866483457387
2016-04-26,-0.0035468024871284864
2016-04-27,-0.007427390421052604
2016-04-28,0.005582565177493113
2016-04-29,0.01720934186797655
2016-04-30,0.0
2016-05-01,0.0017692230578096968
2016-05-02,-0.006714254193165429
2016-05-03,-0.0054166952796687665
2016-05-04,0.0004191184396712093
2016-05-05,0.003213513394754491
2016-05-06,-0.007135972308234586
2016-05-07,0.0
2016-05-08,-0.0009558022456110684
2016-05-09,-0.011059434759972136
2016-05-10,-0.010172672592393656
2016-05-11,0.007965525042311202
2016-05-12,0.002614650688851009
2016-05-13,0.002211153409766544
2016-05-14,0.0
2016-05-15,-0.003337711519714475
2016-05-16,-0.0016036445767315074
2016-05-17,0.014473255563584067
2016-05-18,-0.000890317969605582
2016-05-19,0.0016257502569771128
2016-05-20,-0.007198858426164081
2016-05-21,0.0
2016-05-22,0.007001840850572151
2016-05-23,-0.006351830218819679
2016-05-24,-0.017771935009633668
2016-05-25,0.002163001096908293
2016-05-26,-0.0065601627191061935
2016-05-27,-0.005894540031006461
2016-05-28,0.0
2016-05-29,-0.0030804613259965714
2016-05-30,0.004356456641084876
2016-05-31,-0.0014382559066058215
2016-06-01,0.005303888723463896
2016-06-02,-0.003961023135064085
2016-06-03,0.03028158719857034
2016-06-04,0.0
2016-06-05,-0.0010325477126040615
2016-06-06,0.0009991383617362227
2016-06-07,0.0020782637016060227
2016-06-08,0.00419009720363528
2016-06-09,-0.0015153510109025701
2016-06-10,0.0014821310695222094
2016-06-11,0.0
2016-06-12,0.00018547179111146932
2016-06-13,0.004221051205806472
2016-06-14,-0.0016971686736627434
2016-06-15,0.005467638751549029
2016-06-16,-0.004179459027991143
2016-06-17,0.008343360354463671
2016-06-18,0.0
2016-06-19,-0.0013684640481944823
2016-06-20,0.0005129267300224762
2016-06-21,-0.0047751074334165065
2016-06-22,0.0006854791211979332
2016-06-23,-0.00019651221366349318
2016-06-24,0.012518002722560609
2016-06-25,0.0
2016-06-26,0.002647734650817809
2016-06-27,0.0002753088202959762
2016-06-28,-0.01365316511090356
2016-06-29,-0.000992644492182385
2016-06-30,0.0019265421434907428
2016-07-01,0.002918670196343539
2016-07-02,0.0
2016-07-03,0.0006960070545891114
2016-07-04,-0.0020348382167543894
2016-07-05,0.0039367935201422765
2016-07-06,-0.00514407258861954
2016-07-07,-0.003301967958327603
2016-07-08,0.0004121832932227438
2016-07-09,0.0
2016-07-10,2.1775551688988374e-05
2016-07-11,0.004907507484776185
2016-07-12,-0.0028923367311474535
2016-07-13,0.0008428083547617665
2016-07-14,0.0006079958567579527
2016-07-15,-0.0029419948992427955
2016-07-16,0.0
2016-07-17,0.0004953432516815097
2016-07-18,0.0010406406130666274
2016-07-19,-0.0004409113893368404
2016-07-20,-0.00019055047694100296
2016-07-21,0.0013639256917869318
2016-07-22,-0.00033735107545320033
2016-07-23,0.0
2016-07-24,-0.0010838193734738744
2016-07-25,-0.0004356677280185784
2016-07-26,0.0021982557176839406
2016-07-27,0.006019937538613495
2016-07-28,0.0008120039366833913
2016-07-29,0.0064856455244667755
2016-07-30,0.0
2016-07-31,0.0008586702160358116
2016-08-01,-0.00046143126762161513
2016-08-02,-0.00036119460690622077
2016-08-03,-0.0013261043840950561
2016-08-04,0.003614468639052087
2016-08-05,-0.00464535645781723
2016-08-06,0.0
2016-08-07,0.00045955527317025936
2016-08-08,-0.0011611502800134635
2016-08-09,0.0014755440771948552
2016-08-10,-0.0028118394523731
2016-08-11,0.0005931571987550032
2016-08-12,-0.0005828590653661287
2016-08-13,0.0
2016-08-14,0.0011577373974056427
2016-08-15,0.0008798626821741009
2016-08-16,-0.002953179456079141
2016-08-17,0.0023895735637321134
2016-08-18,-0.0015551270623001385
2016-08-19,-0.0027261086195724668
2016-08-20,0.0
2016-08-21,-0.003971320620083907
2016-08-22,0.0030976840830575607
2016-08-23,-0.00023987087044342938
2016-08-24,-0.005728484329504254
2016-08-25,-0.0008742618629464796
2016-08-26,-0.00634379424441592
2016-08-27,0.0
2016-08-28,-0.0011279681178442366
2016-08-29,0.0030132616289485136
2016-08-30,-0.003931222147186558
2016-08-31,-0.002183550005102315
2016-09-01,0.0017280394577639873
2016-09-02,0.00830409108672801
2016-09-03,0.0
2016-09-04,0.0008048334542961501
2016-09-05,0.0005780192174962493
2016-09-06,0.021493291329170317
2016-09-07,-0.002269730067289828
2016-09-08,-0.005998295369172867
2016-09-09,-0.04434704347001134
2016-09-10,0.0
2016-09-11,-0.0003894634202847107
2016-09-12,0.003231641864924115
2016-09-13,-0.004639051338866566
2016-09-14,0.001414877589130394
2016-09-15,-0.001969588799922431
2016-09-16,-0.006500521344919083
2016-09-17,0.0
2016-09-18,0.002516689711399361
2016-09-19,-0.0009426556405301747
2016-09-20,0.0004619644168641334
2016-09-21,0.009102907502415988
2016-09-22,0.0016944567895223004
2016-09-23,-0.002557025093845894
2016-09-24,0.0
2016-09-25,-0.0014041162960394106
2016-09-26,-0.00014063309834732042
2016-09-27,-0.0030880072220747894
2016-09-28,0.0021692682766604877
2016-09-29,-0.003266001744156181
2016-09-30,-4.474919362044416e-05
2016-10-01,0.0
2016-10-02,0.0014559109070790127
2016-10-03,-0.002125811103604169
2016-10-04,-0.02215134395772676
2016-10-05,0.00018473748271772823
2016-10-06,0.0024095552507703926
2016-10-07,-0.008901301911053674
2016-10-08,0.0
2016-10-09,0.003909129011644875
2016-10-10,0.003948560717694013
2016-10-11,0.0007064256003940993
2016-10-12,-0.006341695142984083
2016-10-13,0.00010738322373753764
2016-10-14,0.004580737467453655
2016-10-15,0.0
2016-10-16,-0.0020376086502747674
2016-10-17,0.0017377069389952794
2016-10-18,0.0049944940060331665
2016-10-19,0.005857386982206394
2016-10-20,0.0012063462461413571
2016-10-21,0.0033828649647963255
2016-10-22,0.0
2016-10-23,0.013786275027203764
2016-10-24,0.005649754402765783
2016-10-25,-0.0029924226225728568
2016-10-26,-0.005866664056774529
2016-10-27,-0.0026409521911896954
2016-10-28,-0.008933424031132968
2016-10-29,0.0
2016-10-30,0.0024615911815484537
2016-10-31,-0.002621807933301127
2016-11-01,-0.008856347873829055
2016-11-02,-0.00223885363369513
2016-11-03,0.0005010172806095525
2016-11-04,-0.0029847184855990245
2016-11-05,0.0
2016-11-06,0.003981647636204236
2016-11-07,0.002854608997610027
2016-11-08,-0.013760653759318824
2016-11-09,0.0016405650225043554
2016-11-10,-0.0042090506379514276
2016-11-11,0.007616962444167331
2016-11-12,0.0
2016-11-13,0.005221720097236211
2016-11-14,-0.0033671468044865374
2016-11-15,0.004636320996352176
2016-11-16,0.0024408436963029158
2016-11-17,0.006435078197297801
2016-11-18,-0.00022118013187759415
2016-11-19,0.0
2016-11-20,6.27957236669741e-06
2016-11-21,0.0021627458806049884
2016-11-22,0.0004155137949165255
2016-11-23,0.004030666526378568
2016-11-24,0.0005616409005444355
2016-11-25,-0.00016603994887789023
2016-11-26,0.0
2016-11-27,-0.004199525120662079
2016-11-28,0.0017494894596875726
2016-11-29,1.6538862386278985e-05
2016-11-30,-0.0034516822345828
2016-12-01,-0.009498931784074741
2016-12-02,0.0003910289623685854
2016-12-03,0.0
2016-12-04,0.001424735977096019
2016-12-05,0.000722135068877656
2016-12-06,0.002789221948819159
2016-12-07,0.0019915189749751838
2016-12-08,0.006472573024738508
2016-12-09,0.007748408978327887
2016-12-10,0.0
2016-12-11,8.971236959959721e-05
2016-12-12,-0.003440070555518319
2016-12-13,0.004220916951561697
2016-12-14,0.0064992616275023046
2016-12-15,0.004916694708769604
2016-12-16,-0.004774052099735321
2016-12-17,0.0
2016-12-18,-0.0010386757712085974
2016-12-19,0.0036042881445401734
2016-12-20,0.0006483607775712924
2016-12-21,1.9198358355899986e-05
2016-12-22,-0.0007766091421726375
2016-12-23,-0.00068892970573206
2016-12-25,-0.00024903322426088093
2016-12-26,0.012524035893991228
2016-12-27,-7.988742393811247e-05
2016-12-28,-0.005516860647827364
2016-12-29,-0.003824357409331134
2016-12-30,-0.003417422198683388
2017-01-01,0.0
2017-01-02,0.0026872997312228897
2017-01-03,0.004697495642118176
2017-01-04,-0.004623851298798478
2017-01-05,0.012628562901203299
2017-01-06,0.007321164943690409
2017-01-07,0.0
2017-01-08,0.0005117072593629873
2017-01-09,-0.0047398864072272905
2017-01-10,0.00250564369267657
2017-01-11,-0.0020324358630732686
2017-01-12,9.189782059736381e-05
2017-01-13,0.0004056548648828156
2017-01-14,0.0
2017-01-15,-0.000503119677034719
2017-01-16,-0.0011634547110726636
2017-01-17,-0.0033028841738082793
2017-01-18,0.0035339939505508447
2017-01-19,-0.001413889502976912
2017-01-20,-0.0016805230258400577
2017-01-21,0.0
2017-01-22,-0.00916015499613736
2017-01-23,0.0016061527692356945
2017-01-24,0.02014588163085364
2017-01-25,0.020127456261563193
2017-01-26,0.0050169066329176825
2017-01-27,-0.0027188909630752045
2017-01-28,0.0
2017-01-29,-0.0073489901791748205
2017-01-30,-0.009748136780485308
2017-01-31,-0.0018392166749493424
2017-02-01,-0.0045537793444841886
2017-02-02,0.0025210454957464695
2017-02-03,0.009536042302255989
2017-02-04,0.0
2017-02-05,-0.0011756148090776852
2017-02-06,2.591305293766279e-05
2017-02-07,0.0037413060111341646
2017-02-08,-0.0004509951408457912
2017-02-09,0.01290331076248288
2017-02-10,0.0011709973445934397
2017-02-11,0.0
2017-02-12,0.0031127518641336062
2017-02-13,0.005614009538414881
2017-02-14,0.00847769312037337
2017-02-15,0.0040665777804644
2017-02-16,-0.009191581623478901
2017-02-17,0.015709201777975846
2017-02-19,-0.0007869064801450518
2017-02-20,0.0048442893327192834
2017-02-21,0.0024466347490276186
2017-02-22,-0.0033547482022309562
2017-02-23,-0.011277785958377178
2017-02-24,-0.0026942294351323
2017-02-25,0.0
2017-02-26,0.009425147120070594
2017-02-27,-0.001334771335617917
2017-02-28,0.004707761218105429
2017-03-01,0.011800147888847768
2017-03-02,-0.00318874095231707
2017-03-03,-0.004792961381453212
2017-03-04,0.0
2017-03-05,-0.0018688107701247368
2017-03-06,0.004702907561319406
2017-03-07,-0.0022077762299843573
2017-03-08,0.008581443410468922
2017-03-09,0.0017629120067867775
2017-03-10,-0.010941301929711074
2017-03-11,0.0
2017-03-12,-0.002621443600075966
2017-03-13,0.006694017369299626
2017-03-14,0.001476245204586584
2017-03-15,-0.00507023367322668
2017-03-16,-0.007202335048279721
2017-03-17,0.0006853557692957007
2017-03-18,0.0
2017-03-19,-0.006081091725405786
2017-03-20,0.008900720132580728
2017-03-21,-0.036769759388240654
2017-03-22,0.006146164027050782
2017-03-23,0.0008397770924976802
2017-03-24,-0.00257684787269868
2017-03-25,0.0
2017-03-26,-0.008036184071440477
2017-03-27,0.004593351122137601
2017-03-28,0.004540665472584547
2017-03-29,0.00561328285246801
2017-03-30,0.0036474558300305772
2017-03-31,-8.088373385345636e-05
2017-04-01,0.0
2017-04-02,-0.0004479861485899498
2017-04-03,-0.0015783358915275407
2017-04-04,0.0005211856658852218
2017-04-05,-0.003916154615322569
2017-04-06,0.0005266409290658237
2017-04-07,0.008293823553214499
2017-04-08,0.0
2017-04-09,0.0009472861582358965
2017-04-10,-0.0020031904748143516
2017-04-11,-0.008110291335181461
2017-04-12,-0.006951765808512332
2017-04-13,0.001356911656846115
2017-04-14,0.0011812529868815776
2017-04-15,0.0
2017-04-16,-0.0009621194790381474
2017-04-17,0.004384999516014594
2017-04-18,-0.00543153681553213
2017-04-19,0.00018572127170145974
2017-04-20,0.007737897515399205
2017-04-21,-0.003721590916844966
2017-04-22,0.0
2017-04-23,0.002373544486372619
2017-04-24,0.0022672174193158422
2017-04-25,0.0022189362686861796
2017-04-26,0.0001016831149077605
2017-04-27,0.002987110951152118
2017-04-28,-0.005515416372831233
2017-04-29,0.0
2017-04-30,0.00026971351515312603
2017-05-01,0.00838563329962925
2017-05-02,-0.00011841442952373823
2017-05-03,0.004447177929981471
2017-05-04,0.0011435359424368733
2017-05-05,0.005026127268426583
2017-05-06,0.0
2017-05-07,-0.002758394677011237
2017-05-08,-0.0004207680192866311
2017-05-09,0.004684104244845472
2017-05-10,0.0018851719979606021
2017-05-11,-0.00464351495589291
2017-05-12,0.0004184387405756848
2017-05-13,0.0
2017-05-14,0.000592004160231704
2017-05-15,-0.003522896689169793
2017-05-16,-0.01149640117652761
2017-05-17,-0.016864506477665513
2017-05-18,0.0036973543168264946
2017-05-19,0.010144112847847778
2017-05-20,0.0
2017-05-21,0.0009512113875356411
2017-05-22,0.007296982513083144
2017-05-23,-0.0017607924838885934
2017-05-24,0.0076490911738941875
2017-05-25,0.001110859966853853
2017-05-26,0.0028436027537935248
2017-05-27,0.0
2017-05-28,-0.0001714561754122012
2017-05-29,-0.002424808801301329
2017-05-30,0.0013810511751637209
2017-05-31,0.0041049521651734784
2017-06-01,0.006874686735200294
2017-06-02,0.013379119532377998
2017-06-03,0.0
2017-06-04,-0.000992928509274098
2017-06-05,-0.0005927655643698706
2017-06-06,-0.0007478493160148218
2017-06-07,0.001019648545955338
2017-06-08,-0.001982864920406464
2017-06-09,-0.026502416304830485
2017-06-10,0.0
2017-06-11,-0.00038486068897375164
2017-06-12,-0.000629407382137116
2017-06-13,0.002318714874773115
2017-06-14,-0.00534427476723581
2017-06-15,-0.0004913690763387069
2017-06-16,-0.0004927654844414162
2017-06-17,0.0
2017-06-18,0.0017852456867163418
2017-06-19,0.005733197127637593
2017-06-20,-0.007980199873627329
2017-06-21,0.0054396102121204515
2017-06-22,0.00046485932533368244
2017-06-23,0.003079913994562195
2017-06-24,0.0
2017-06-25,0.004722696990261632
2017-06-26,-0.0036049814635105795
2017-06-27,-0.008289708650898807
2017-06-28,0.012256694256941633
2017-06-29,-0.009624401845670046
2017-06-30,0.00045973948340717537
2017-07-01,0.0
2017-07-02,0.0006357098665571504
2017-07-03,-0.009339171265418509
2017-07-04,0.0006145320743542387
2017-07-05,0.0029131880810534783
2017-07-06,-0.0031292827584291495
2017-07-07,0.004862797899420632
2017-07-08,0.0
2017-07-09,0.0022092656796318675
2017-07-10,0.0002343107363922806
2017-07-11,0.004726604012279924
2017-07-12,0.00691009298496515
2017-07-13,-0.0013905929085059278
2017-07-14,0.012402354781821353
2017-07-15,0.022645822845058113
2017-07-16,0.002601999056584065
2017-07-17,0.002324742656668751
2017-07-18,0.0037504489879141094
2017-07-19,0.0014293602452945956
2017-07-20,0.004405954852425702
2017-07-21,0.0034313999578809515
2017-07-22,0.0
2017-07-23,0.00213012200470188
2017-07-24,0.0010609476999214472
2017-07-25,-6.167013404347587e-05
2017-07-26,0.00906012036612012
2017-07-27,-0.011074857934449714
2017-07-28,0.00847287759097579
2017-07-29,0.0
2017-07-30,-0.0015146221261398195
2017-07-31,0.004762236442125116
2017-08-01,0.00057222912687411
2017-08-02,-0.0010438069465951738
2017-08-03,0.00047534830319525233
2017-08-04,-0.0061795559530996086
2017-08-05,0.0
2017-08-06,0.003099533338454435
2017-08-07,0.0012027582568799394
2017-08-08,-0.006784387967034075
2017-08-09,0.0033581618683042485
2017-08-10,-0.013363636704409793
2017-08-11,0.010106524166838243
2017-08-12,0.0
2017-08-13,0.0030723081592954277
2017-08-14,0.004091548157423826
2017-08-15,-0.00518592767946424
2017-08-16,0.0027698859291062053
2017-08-17,-0.011707709986868745
2017-08-18,-0.0021479004047717885
2017-08-19,0.0
2017-08-20,-0.0020447751234992546
2017-08-21,0.005289636489702223
2017-08-22,0.0032266553173496727
2017-08-23,-0.0008947281369515373
2017-08-24,-0.000211687464765322
2017-08-25,0.005953429269759546
2017-08-26,0.0
2017-08-27,-0.0019840269618083576
2017-08-28,0.0017140884250115315
2017-08-29,0.0067352651112444805
2017-08-30,0.00024197791442507572
2017-08-31,0.011509301704495692
2017-09-01,-0.0016865435115050145
2017-09-02,0.0
2017-09-03,-0.0008728957256803595
2017-09-04,0.0016214357881118686
2017-09-05,-0.0023701462221645065
2017-09-06,0.00129361203439605
2017-09-07,0.0077336969459288136
2017-09-08,-0.00683987178580568
2017-09-09,0.0
2017-09-10,0.0038134068064246455
2017-09-11,-0.00043406971297092555
2017-09-12,0.0028241771625393468
2017-09-13,-0.0039243173320373205
2017-09-14,-0.001906788526417414
2017-09-15,0.007013621693938069
2017-09-16,0.0
2017-09-17,0.0015441423536003745
2017-09-18,-0.002201678827929106
2017-09-19,0.0024287170684462772
2017-09-20,-0.006298825345773072
2017-09-21,-0.005513529634214401
2017-09-22,0.004238925754462351
2017-09-23,0.0
2017-09-24,-0.0022920129471646036
2017-09-25,-0.007606478040796142
2017-09-26,-0.0031138611875643576
2017-09-27,0.0008518983244524311
2017-09-28,0.0014120098055758249
2017-09-29,0.009082564349084863
2017-09-30,0.0
2017-10-01,-0.00026718457519117687
2017-10-02,-0.001696795257429197
2017-10-03,0.003487014020290448
2017-10-04,0.004254610994224843
2017-10-05,0.005669010943448088
2017-10-06,-1.6747965361709957e-05
2017-10-07,0.0
2017-10-08,0.0030229596224480956
2017-10-09,-0.0003321497509373209
2017-10-10,0.0020225546491478338
2017-10-11,0.004767113356525454
2017-10-12,-0.001085105803495197
2017-10-13,0.003990682288009419
2017-10-14,0.0
2017-10-15,0.0014310714826518407
2017-10-16,-0.001629021225126664
2017-10-17,-0.00041866755780655285
2017-10-18,4.0724467962122095e-05
2017-10-19,0.00045820760901976113
2017-10-20,-0.00018347498885359372
2017-10-21,0.0
2017-10-22,0.001346581601288291
2017-10-23,-0.009068207833808904
2017-10-24,-0.000666532953683093
2017-10-25,-0.002105572576082335
2017-10-26,0.006719909517726973
2017-10-27,0.025397192946859475
2017-10-28,0.0
2017-10-29,-0.0005904177332768412
2017-10-30,0.0013842696136426283
2017-10-31,0.005946492585871684
2017-11-01,-0.006449539473055394
2017-11-02,0.0064541264751634105
2017-11-03,0.003801449452043262
2017-11-04,0.0
2017-11-05,-0.0017120696729363896
2017-11-06,0.009330604533727367
2017-11-07,-0.003989961095143331
2017-11-08,0.004786921922327361
2017-11-09,-0.002694021882524079
2017-11-10,-0.004066780371207395
2017-11-11,0.0
2017-11-12,0.002910722771581004
2017-11-13,-0.0023883599987899154
2017-11-14,-0.0024184340550806715
2017-11-15,3.993783165295691e-05
2017-11-16,0.011925637597158848
2017-11-17,-0.009241511596832582
2017-11-18,0.0
2017-11-19,-0.005322927386310869
2017-11-20,0.0062259739211435365
2017-11-21,0.011873070340026064
2017-11-22,0.004457994722115657
2017-11-23,0.0019346472948503957
2017-11-24,0.008202615439386789
2017-11-25,0.0
2017-11-26,-0.0019322521996815896
2017-11-27,0.003022732875116891
2017-11-28,0.011104451234845913
2017-11-29,-0.009967890333360721
2017-11-30,0.013713048125194645
2017-12-01,-0.0013942171955740668
2017-12-02,0.0
2017-12-03,0.00861405155868405
2017-12-04,-0.008337590983272518
2017-12-05,-0.004875747133986016
2017-12-06,0.00807609322176469
2017-12-07,0.010852535302722914
2017-12-08,0.0039793758245149
2017-12-09,0.0
2017-12-10,0.0046706205888601094
2017-12-11,0.006547374172256209
2017-12-12,-0.0026303490881980497
2017-12-13,-0.0006970894924043931
2017-12-14,0.005246728861330042
2017-12-15,0.011648531676049647
2017-12-16,0.0
2017-12-17,0.0023841917048000464
2017-12-18,-0.0009430272478765904
2017-12-19,-0.002523822012440245
2017-12-20,-0.0034670225651653053
2017-12-21,-0.0004374128071079525
2017-12-22,-0.00017965061219049928
2017-12-24,-0.0056621165310272135
2017-12-25,0.007328328691546414
2017-12-26,0.00782859012560017
2017-12-27,0.008864141522331715
2017-12-28,0.007397237748288028
2017-12-29,-0.005537100794180324
2017-12-31,0.020300337526607874
2018-01-01,0.004845652702109654
2018-01-02,0.011496813095385586
2018-01-03,0.004266592200531168
2018-01-04,0.0070950104356553995
2018-01-05,0.004560004755467975
2018-01-06,0.0
2018-01-07,0.0004721885069587452
2018-01-08,-0.002781173578713187
2018-01-09,-0.002143731307259454
2018-01-10,0.001420088902924062
2018-01-11,0.012710421327050019
2018-01-12,0.019368851475798747
2018-01-13,0.0
2018-01-14,0.0029104692976542742
2018-01-15,0.0018882497316124632
2018-01-16,-0.004880496623286941
2018-01-17,0.0038773796319820524
2018-01-18,0.0006821274854863934
2018-01-19,0.003893706444722298
2018-01-20,0.0
2018-01-21,-0.0011933815501414967
2018-01-22,0.013250033929991046
2018-01-23,0.004392527357805531
2018-01-24,0.004704129525345417
2018-01-25,0.000848940604943829
2018-01-26,0.011199164156165693
2018-01-27,0.0
2018-01-28,-0.0006155092207876901
2018-01-29,-0.011643060173981439
2018-01-30,0.0022509329541240243
2018-01-31,0.0017618094292868641
2018-02-01,-0.0021238008353913216
2018-02-02,-0.02893481559281681
2018-02-03,0.0
2018-02-04,-0.000798314956284289
2018-02-05,-0.0318144962280268
2018-02-06,0.003615878206669369
2018-02-07,-0.004336541604144369
2018-02-08,-0.00311767939588527
2018-02-09,0.0015951227429377504
2018-02-10,0.0
2018-02-11,0.00148407668358404
2018-02-12,0.0036283330872731545
2018-02-13,0.004275497724774428
2018-02-14,0.0068965609463159825
2018-02-15,0.004750875298787159
2018-02-16,-0.004548625954141287
2018-02-17,0.0
2018-02-18,0.0024360833331613326
2018-02-19,-0.002140680866330505
2018-02-20,-0.0028813410727413255
2018-02-21,-0.002491454646497807
2018-02-22,0.0008775391355439305
2018-02-23,0.0022750437281843553
2018-02-24,0.0
2018-02-25,-2.4459569208767652e-05
2018-02-26,0.0023955170215763663
2018-02-27,-0.007409968521672968
2018-02-28,-0.0028600569276671377
2018-03-01,-0.0006618218064134797
2018-03-02,0.004227015177454897
2018-03-03,0.0
2018-03-04,-0.000790220402059804
2018-03-05,0.00415107331114499
2018-03-06,0.0014609707707054901
2018-03-07,0.001753445062341128
2018-03-08,0.0011999286027581052
2018-03-09,0.002935966673707305
2018-03-10,0.02386516650158299
2018-03-11,0.0014218306018165387
2018-03-12,1.6250905585338135e-05
2018-03-13,-0.00251213168909548
2018-03-14,0.00039782365446755323
2018-03-15,0.0009468501611548957
2018-03-16,-0.00012538319699372343
2018-03-17,0.0
2018-03-18,-0.0008538917248958332
2018-03-19,-0.0027754939720167657
2018-03-20,-0.0004083043738603189
2018-03-21,-0.006223555358941099
2018-03-22,-0.007531631137173013
2018-03-23,-0.0010818997451327336
2018-03-24,0.0
2018-03-25,0.0020144280724882636
2018-03-26,0.007056941316263721
2018-03-27,-0.007488880764265788
2018-03-28,-0.006915556463877732
2018-03-29,0.0009369032764437514
2018-03-30,0.0014876879756761724
2018-03-31,0.0
2018-04-01,0.0004615207708418033
2018-04-02,-0.00027979326195089194
2018-04-03,0.0022901724252619364
2018-04-04,0.007428552478520038
2018-04-05,9.320580795967533e-05
2018-04-06,-0.0012218231622057266
2018-04-07,0.0
2018-04-08,0.004143712170757388
2018-04-09,0.0028329689799492836
2018-04-10,0.001032759581956682
2018-04-11,0.001063485224093806
2018-04-12,-0.0032401403063328994
2018-04-13,0.0013249568447101514
2018-04-14,0.0
2018-04-15,0.00017191417876768016
2018-04-16,0.0011793708286351387
2018-04-17,0.001158002817581645
2018-04-18,0.0012923972027086943
2018-04-19,-0.011080683460932864
2018-04-20,-0.012935769826646381
2018-04-21,0.0
2018-04-22,-0.0007347443278190928
2018-04-23,-0.0011403869605572628
2018-04-24,-0.005976233142145703
2018-04-25,0.00672543578539214
2018-04-26,0.008504863349058922
2018-04-27,-0.00013133058799261605
2018-04-28,0.0
2018-04-29,0.003629542594592698
2018-04-30,-0.008450448189100216
2018-05-01,0.0017793291348005503
2018-05-02,-0.005458282440901685
2018-05-03,0.004925995233830736
2018-05-04,0.011203187325348475
2018-05-05,0.0
2018-05-06,0.006211493004350037
2018-05-07,-0.003643243185228868
2018-05-08,-0.005117626361545401
2018-05-09,0.006617501766871706
2018-05-10,0.007752937961734132
2018-05-11,0.0009081933052384472
2018-05-12,0.0
2018-05-13,0.003384190906317128
2018-05-14,-0.006190166976768663
2018-05-15,-0.016530161288606328
2018-05-16,0.003371850838536377
2018-05-17,-0.002782220749652166
2018-05-18,-0.005055704459302774
2018-05-19,0.0
2018-05-20,0.0021924445803989073
2018-05-21,0.0012696405764456233
2018-05-22,-0.003564486210108687
2018-05-23,0.007636455780197052
2018-05-24,0.005152318335623052
2018-05-25,0.0021163508073989957
2018-05-26,0.0
2018-05-27,-0.002796850936122772
2018-05-28,0.003579709000861236
2018-05-29,0.001104076434256244
2018-05-30,-0.0013986894294285835
2018-05-31,0.00348762031628835
2018-06-01,0.00860430190994153
2018-06-02,0.0
2018-06-03,-0.0004995036406825879
2018-06-04,0.0022444856754927933
2018-06-05,0.0037507906567739815
2018-06-06,0.0005564653241644698
2018-06-07,-0.0063775251047398585
2018-06-08,0.004410727044981329
2018-06-09,0.0
2018-06-10,-0.001980122404126791
2018-06-11,0.004146593337982431
2018-06-12,0.004537720155033831
2018-06-13,-0.005644657660758149
2018-06-14,0.0033195487921594056
2018-06-15,-0.024438665076149085
2018-06-16,0.0
2018-06-17,-0.0037423990535651775
2018-06-18,-0.005791166916793185
2018-06-19,0.0038987819797103836
2018-06-20,0.011098582928833407
2018-06-21,-0.010903116161724439
2018-06-22,-0.0035823054150152496
2018-06-23,0.0
2018-06-24,-0.002801261180458609
2018-06-25,-0.013279106193220978
2018-06-26,0.0011745594622594303
2018-06-27,-0.0030573877553380707
2018-06-28,0.006061142083932064
2018-06-29,-0.0060125523803247405
2018-06-30,0.0
2018-07-01,0.0014900511925077804
2018-07-02,0.00659390850614179
2018-07-03,-0.011258619190937806
2018-07-04,0.001091329727665144
2018-07-05,0.00569493392534327
2018-07-06,0.012209892585944595
2018-07-07,0.0
2018-07-08,0.009045936886367397
2018-07-09,0.00437976130714407
2018-07-10,-0.002647464519802498
2018-07-11,0.006719722715815742
2018-07-12,0.0074102650188473795
2018-07-13,0.0004642031364910226
2018-07-14,0.0
2018-07-15,0.0006108380062730557
2018-07-16,-0.005483140483532943
2018-07-17,0.014459562862127105
2018-07-18,0.0006917574854543532
2018-07-19,-0.002543112458947038
2018-07-20,-0.006667123268380518
2018-07-21,0.0
2018-07-22,-0.0035983623411398615
2018-07-23,0.005562796764481508
2018-07-24,-0.002461610887790708
2018-07-25,-0.002141527869907116
2018-07-26,0.007911906893413081
2018-07-27,-0.014625452499221283
2018-07-28,0.0
2018-07-29,-0.001409454620725653
2018-07-30,-0.004263426230600204
2018-07-31,0.0013344252618116808
2018-08-01,0.003316468680976828
2018-08-02,0.008480805703434617
2018-08-03,-0.0035730882213919914
2018-08-04,0.0
2018-08-05,-0.00025481074577475023
2018-08-06,0.0103455804271007
2018-08-07,0.0001967134962069545
2018-08-08,-0.001411145583236437
2018-08-09,0.0015854815448009575
2018-08-10,0.0028841851296600935
2018-08-11,0.0
2018-08-12,-0.002777583644580765
2018-08-13,0.006654132967666303
2018-08-14,0.007444540524768342
2018-08-15,0.0010640399710932897
2018-08-16,0.0001227981598918501
2018-08-17,-0.004193086063601343
2018-08-18,0.0
2018-08-19,2.099131038157408e-05
2018-08-20,-0.005469315377440964
2018-08-21,-0.002895547017284251
2018-08-22,0.004928167474434828
2018-08-23,0.0028861828036258466
2018-08-24,-0.005196720140155935
2018-08-25,0.0
2018-08-26,0.0017708642092071245
2018-08-27,0.0031798429718432686
2018-08-28,0.0056814355778790045
2018-08-29,0.003742520668603636
2018-08-30,3.6234692249767375e-05
2018-08-31,0.00807684276789861
2018-09-01,0.0
2018-09-02,0.0003126043046676805
2018-09-03,0.0004142577240211545
2018-09-04,-0.0026802626524085583
2018-09-05,-0.01164033490809
2018-09-06,-0.008509673031910131
2018-09-07,0.006885584913374003
2018-09-08,0.0
2018-09-09,0.00343626024403748
2018-09-10,-6.891624961352507e-05
2018-09-11,0.0013361357980388232
2018-09-12,-0.009319484267641146
2018-09-13,0.0069534292868855185
2018-09-14,0.006428308958181908
2018-09-15,0.0
2018-09-16,-0.0027964152373865605
2018-09-17,-0.013829244143894961
2018-09-18,0.009394276583386407
2018-09-19,-0.00018098988756552864
2018-09-20,0.007407880554252626
2018-09-21,-0.00020505328246619677
2018-09-22,-0.011839604383844378
2018-09-23,-0.00045367100927615103
2018-09-24,0.0016877391399807414
2018-09-25,0.0006584204051827597
2018-09-26,0.00014653240164493023
2018-09-27,0.015758076445416786
2018-09-28,-0.0016500998943200188
2018-09-29,0.021472987000702826
2018-09-30,0.004480530236027698
2018-10-01,-0.0036528280095883573
2018-10-02,-0.004401047680882983
2018-10-03,0.0028061969094249884
2018-10-04,-0.009794455102188614
2018-10-05,-0.009808938405264249
2018-10-06,0.0
2018-10-07,0.0013908668875106868
2018-10-08,0.00110399722564864
2018-10-09,-0.001902717494009219
2018-10-10,-0.04244481679162288
2018-10-11,-0.0032934024092701503
2018-10-12,0.004240889674133332
2018-10-13,0.0
2018-10-14,-0.0011519670103162314
2018-10-15,-0.0014520218220408516
2018-10-16,0.004984833002716158
2018-10-17,-0.00013455615923159853
2018-10-18,-0.0016211090653913682
2018-10-19,-0.002241575367065263
2018-10-20,0.0
2018-10-21,-1.199083981996075e-05
2018-10-22,0.0005958413923541489
2018-10-23,-0.0010906526973360267
2018-10-24,-0.0038273639430238533
2018-10-25,0.0008764813272624912
2018-10-26,-0.0006928228325269815
2018-10-27,0.0
2018-10-28,0.0003910872318429765
2018-10-29,-0.0010020197260698699
2018-10-30,0.0032426988841820453
2018-10-31,0.007551225770351994
2018-11-01,-0.006497364935485579
2018-11-02,-0.0015326455321279385
2018-11-03,0.0
2018-11-04,-0.0003815435912545443
2018-11-05,0.0008773192356028925
2018-11-06,0.0005588772808413278
2018-11-07,0.009769828914798261
2018-11-08,0.003657288076192135
2018-11-09,-0.0004628272861949615
2018-11-10,0.0
2018-11-11,0.0019850105737613433
2018-11-12,-0.001667493513270206
2018-11-13,-0.0023868454543066373
2018-11-14,-0.006459764941220988
2018-11-15,-0.002211565851441656
2018-11-16,-0.009054873933909134
2018-11-17,0.0
2018-11-18,0.0013779935469519996
2018-11-19,-0.004648553341714232
2018-11-20,0.00449543520795983
2018-11-21,-0.002375573776935955
2018-11-22,-0.00107746536463239
2018-11-23,0.007355802329225581
2018-11-24,0.0
2018-11-25,-0.0016333363539552724
2018-11-26,0.00044106550693440497
2018-11-27,0.0035423799141444104
2018-11-28,-0.008886967004042018
2018-11-29,-0.00013920660135709214
2018-11-30,0.007815581328282676
2018-12-01,0.0
2018-12-02,-0.0014731626024202286
2018-12-03,-0.007767852922346268
2018-12-04,-0.003059898732960407
2018-12-05,-0.0053257305681362116
2018-12-06,-0.002786128049616016
2018-12-07,-0.001189236924072861
2018-12-08,0.0
2018-12-09,-0.0021815549685802057
2018-12-10,0.0024103920151234515
2018-12-11,0.0020915462173843663
2018-12-12,-0.0020836934612134743
2018-12-13,0.001946328679347933
2018-12-14,0.006349684394710481
2018-12-15,0.0
2018-12-16,0.0031554990049488247
2018-12-17,-0.0036272023416110163
2018-12-18,-0.0025926842140456116
2018-12-19,0.008088557080089898
2018-12-20,-0.005247630824999397
2018-12-21,0.02122232396081528
2018-12-22,0.0
2018-12-23,-0.005614389563350988
2018-12-24,0.008345158949957018
2018-12-25,0.0033947910207006425
2018-12-26,-0.021043204063725462
2018-12-27,-0.0021060759569970656
2018-12-28,0.0034717980790788215
2018-12-29,0.0
2018-12-30,-0.0009750076726380436
2018-12-31,-0.0007128982358596864
2019-01-01,0.0019667624136582534
2019-01-02,0.005104820841116339
2019-01-03,0.0017525305056728159
2019-01-04,-0.010610949391630885
2019-01-05,0.0
2019-01-06,-0.000154626803178015
2019-01-07,-0.002682437378464156
2019-01-08,-0.0014386798486622939
2019-01-09,0.0001926419103069776
2019-01-10,-0.00011954616865357166
2019-01-11,0.0011266153811012544
2019-01-12,0.0
2019-01-13,0.0012377198128033294
2019-01-14,-0.0023282022277252576
2019-01-15,0.0021682064324888284
2019-01-16,0.0020429361662476176
2019-01-17,-0.001553423299570044
2019-01-18,-0.0045372060071108816
2019-01-19,0.0
2019-01-20,-0.0006354250950786676
2019-01-21,2.784339417995677e-05
2019-01-22,0.002229368859711869
2019-01-23,-0.0016483220060100885
2019-01-24,0.002629306298492854
2019-01-25,0.004357295748499639
2019-01-26,0.0
2019-01-27,-0.0006093830876504147
2019-01-28,0.000703627379392683
2019-01-29,0.0024838648825796362
2019-01-30,-0.002919566078497773
2019-01-31,0.002505375532634868
2019-02-01,-0.0013541115261107312
2019-02-02,0.0
2019-02-03,-0.0003856706385865767
2019-02-04,0.0036420088202374417
2019-02-05,0.004070810057075451
2019-02-06,0.0022688401784797013
2019-02-07,0.007109536370515418
2019-02-08,0.0027489929904487504
2019-02-09,0.0
2019-02-10,0.0022450532536598864
2019-02-11,0.001233048081064721
2019-02-12,-0.003446774843669316
2019-02-13,0.002152752942389333
2019-02-14,0.0014300511018251016
2019-02-15,0.001346131672347171
2019-02-16,0.0
2019-02-17,-0.0003357867034234371
2019-02-18,0.002385632065337837
2019-02-19,0.004406723482570521
2019-02-20,-0.0015144632672634813
2019-02-21,-0.0007263753699682263
2019-02-22,-0.0009233203038120313
2019-02-23,0.0
2019-02-24,0.0013892766457261167
2019-02-25,-0.0009014848590804715
2019-02-26,-0.002469128362044853
2019-02-27,-0.002328607589288291
2019-02-28,-0.001801894676397915
2019-03-01,-0.006650785339645045
2019-03-02,0.0
2019-03-03,-0.0005174862061973869
2019-03-04,0.0022134830484972874
2019-03-05,0.0020665960794014394
2019-03-06,0.0006825196129280592
2019-03-07,0.015459489446632651
2019-03-08,-0.002324312023961469
2019-03-09,0.0
2019-03-10,-0.00048906879602799
2019-03-11,-0.010973642431246353
2019-03-12,-8.6929532152314e-05
2019-03-13,-0.005790044972109733
2019-03-14,-0.0019808283628727115
2019-03-15,-0.00046604234689896567
2019-03-16,0.0
2019-03-17,-0.0018072336903743739
2019-03-18,-0.0009905847468442471
2019-03-19,0.0009531412886528455
2019-03-20,-0.002852682209344638
2019-03-21,-0.001331618524147477
2019-03-22,0.020255717857931343
2019-03-23,0.0
2019-03-24,0.004726841266709711
2019-03-25,-0.003503246724882609
2019-03-26,0.0018877444227031791
2019-03-27,0.001402709179382338
2019-03-28,-0.013479720874263895
2019-03-29,-0.0002464561306102783
2019-03-30,0.0
2019-03-31,-0.0038794278335926393
2019-04-01,0.0009770894300923597
2019-04-02,-0.0015767864325017945
2019-04-03,-0.0017380357911112785
2019-04-04,0.0001525059513942714
2019-04-05,0.00013838211886216533
2019-04-06,0.0
2019-04-07,0.0005011740057174276
2019-04-08,-0.0032999148597636367
2019-04-09,0.0029309979895150323
2019-04-10,0.0024186019964433157
2019-04-11,-0.006946316684635444
2019-04-12,-0.0013285254162815595
2019-04-13,0.0
2019-04-14,-0.002164862584069861
2019-04-15,0.0011755941134129705
2019-04-16,0.002013519687905928
2019-04-17,-0.00426452519208756
2019-04-18,0.014607218805808555
2019-04-19,-0.002109537557743783
2019-04-20,0.0
2019-04-21,-0.0014250346103703991
2019-04-22,0.0026038837752863707
2019-04-23,0.01593147907541938
2019-04-24,0.011194250332925117
2019-04-25,-0.004962082304161143
2019-04-26,0.010986129817079216
2019-04-27,0.0
2019-04-28,-0.0013542337695637567
2019-04-29,-0.008895664853011053
2019-04-30,0.005000946125567252
2019-05-01,-0.012154292883022336
2019-05-02,0.001083972484336681
2019-05-03,0.014410267569364874
2019-05-04,0.0
2019-05-05,-0.015057863285490894
2019-05-06,0.004401722442078293
2019-05-07,-0.004109843402429563
2019-05-08,-0.005281289484035436
2019-05-09,-0.0021645680323711222
2019-05-10,0.003164677419839012
2019-05-11,0.0
2019-05-12,-0.005092664988621601
2019-05-13,-0.00019893822825665475
2019-05-14,0.003800125894379617
2019-05-15,0.001043954891900371
2019-05-16,0.001689002852131309
2019-05-17,-0.005530623997025575
2019-05-18,0.0
2019-05-19,-0.0007306544564897145
2019-05-20,-0.0038515012568032148
2019-05-21,0.0006605847132643088
2019-05-22,-0.002615222871231535
2019-05-23,-0.0005491786093827823
2019-05-24,-0.0031597298595321954
2019-05-26,0.0
2019-05-27,0.0029441932612592667
2019-05-28,-0.006470060519287697
2019-05-29,0.00018748049599447307
2019-05-30,0.0057889993257758164
2019-05-31,-5.6127475873270564e-05
2019-06-01,0.0
2019-06-02,0.0006899282091251213
2019-06-03,0.0007308910285152342
2019-06-04,0.005416588994897119
2019-06-05,0.006295442930268669
2019-06-06,-0.0009824494281035758
2019-06-07,-0.001403552092089267
2019-06-08,0.0
2019-06-09,-0.0023400847070005524
2019-06-10,0.0027142381544768383
2019-06-11,-0.0012791829150880483
2019-06-12,0.0030458914946331246
2019-06-13,0.007870957694236593
2019-06-14,0.0034143525578325786
2019-06-15,0.0
2019-06-16,0.0003791215765812313
2019-06-17,-0.0008132524028108103
2019-06-18,0.008897197173502952
2019-06-19,0.012440460217573463
2019-06-20,0.0066536395612039195
2019-06-21,-0.009886445017579145
2019-06-22,0.0
2019-06-23,0.003782272082692977
2019-06-24,0.0043769388800548046
2019-06-25,-0.010429358389514214
2019-06-26,0.0007562847144462926
2019-06-27,0.0029823425778907594
2019-06-28,-0.0003049751703563915
2019-06-29,0.0
2019-06-30,-0.0015072097606507395
2019-07-01,0.0043490012755017324
2019-07-02,0.01248798306682024
2019-07-03,0.0023128911325203225
2019-07-04,0.00035758081501801686
2019-07-05,-0.0031514253212224703
2019-07-06,0.0
2019-07-07,-0.0011777001286473045
2019-07-08,-0.00180622381559814
2019-07-09,0.002383304002308142
2019-07-10,0.005771487188004108
2019-07-11,-0.002264645129127244
2019-07-12,0.0025977527952807133
2019-07-13,0.0
2019-07-14,-0.0007492477118055438
2019-07-15,0.00198570022257443
2019-07-16,-0.0009626711410886989
2019-07-17,-0.002204102067426826
2019-07-18,0.008487102474334247
2019-07-19,-0.00942200944284684
2019-07-20,0.0
2019-07-21,0.00043887087410837304
2019-07-22,0.0025928453470499923
2019-07-23,0.006545023185274362
2019-07-24,0.0033999521011793712
2019-07-25,-0.0027835544266254096
2019-07-26,0.003967864949089239
2019-07-27,0.0
2019-07-28,-0.00023457181057036938
2019-07-29,0.000622465524287256
2019-07-30,-0.0011415120325728328
2019-07-31,-0.005133918711162712
2019-08-01,-0.0025087474853335502
2019-08-02,-0.003909695869500223
2019-08-03,0.0
2019-08-04,-0.004513451956842338
2019-08-05,-0.01787524740994243
2019-08-06,0.010988061070285993
2019-08-07,0.007614328320983044
2019-08-08,0.006957186245336971
2019-08-09,-0.004227871840638344
2019-08-10,0.0
2019-08-11,0.00033309680941619066
2019-08-12,0.00010938211328632935
2019-08-13,0.0032653310010459327
2019-08-14,-0.0025590790549900174
2019-08-15,0.0031199787091966196
2019-08-16,0.003293525359955741
2019-08-17,0.0
2019-08-18,0.0007354428335439423
2019-08-19,-0.00019930215821696622
2019-08-20,-0.000980396017692942
2019-08-21,0.002403105585797933
2019-08-22,-0.005177223094475894
2019-08-23,-0.008029311635186508
2019-08-24,0.0
2019-08-25,0.0012545265464898598
2019-08-26,0.0046657194439126675
2019-08-27,0.0018757986861368575
2019-08-28,0.001874322456039252
2019-08-29,0.004223197529572572
2019-08-30,0.0022337691909900623
2019-08-31,0.0
2019-09-01,-0.00010821855036614113
2019-09-02,0.004424403382404549
2019-09-03,0.00362205815988269
2019-09-04,0.0009192806466215385
2019-09-05,-0.007610389965652679
2019-09-06,-0.0025078719914047713
2019-09-07,0.0
2019-09-08,0.0014472817484431782
2019-09-09,-0.008951885314995037
2019-09-10,-0.0001206353282234239
2019-09-11,0.007815492312171
2019-09-12,-0.003201299167470926
2019-09-13,-0.005747084496001506
2019-09-14,0.0
2019-09-15,0.002234338363309428
2019-09-16,0.004647127984828521
2019-09-17,-0.002190295247848511
2019-09-18,-0.0011042600704789989
2019-09-19,0.0030317504135867995
2019-09-20,0.007366960467904695
2019-09-21,0.0
2019-09-22,0.0009027882199350313
2019-09-23,0.0025015109979937
2019-09-24,-0.0033194239850902916
2019-09-25,-0.0023753482724211293
2019-09-26,-0.0013407201941882426
2019-09-27,-0.008840144711274166
2019-09-28,0.0
2019-09-29,0.002658960452086633
2019-09-30,0.0029498309826633652
2019-10-01,-0.011256041610969004
2019-10-02,-0.007290376576218695
2019-10-03,0.0043129701722690724
2019-10-04,0.00972964802221311
2019-10-05,0.0
2019-10-06,-0.002231871441672912
2019-10-07,-0.0026827030400772083
2019-10-08,-0.004833935081333489
2019-10-09,0.0014218261749371487
2019-10-10,0.0012415307920795018
2019-10-11,0.002396748771671445
2019-10-12,0.0
2019-10-13,0.0010637505500097864
2019-10-14,0.0012760219903312068
2019-10-15,0.0021210571052474934
2019-10-16,-0.003298778525101754
2019-10-17,-0.0035282941433606176
2019-10-18,-0.01006922597395029
2019-10-19,0.0
2019-10-20,0.0027339535186202612
2019-10-21,0.003247108061557614
2019-10-22,-0.004689139583329039
2019-10-23,0.004770743036996398
2019-10-24,0.0052354681042634564
2019-10-25,0.012077540850619161
2019-10-26,0.023944833061337434
2019-10-27,0.004233833355151165
2019-10-28,0.00028336571711542563
2019-10-29,-0.004398195134663284
2019-10-30,0.0013849595262276806
2019-10-31,0.0013553041812080046
2019-11-01,0.005751749343857033
2019-11-02,0.0
2019-11-03,0.0018665459305093747
2019-11-04,0.005467951348421331
2019-11-05,-0.0025159025966048068
2019-11-06,0.001002814372855643
2019-11-07,-0.0021287858372644954
2019-11-08,0.007177830745207213
2019-11-09,0.0
2019-11-10,-0.0019320768746152975
2019-11-11,-0.0011953562991794575
2019-11-12,0.002322177774680363
2019-11-13,0.003846897395205623
2019-11-14,0.0030216712369772044
2019-11-15,0.001571285891239335
2019-11-16,0.0
2019-11-17,-0.0018711951316726283
2019-11-18,0.002878953932621923
2019-11-19,-0.002845784800513306
2019-11-20,-0.006165245093868982
2019-11-21,0.00282611912309556
2019-11-22,0.004993193836178563
2019-11-23,0.0
2019-11-24,0.002267220184241105
2019-11-25,0.007591158147725465
2019-11-26,0.004751730512306031
2019-11-27,0.0010468069836543758
2019-11-28,-0.0004206742584081001
2019-11-29,0.0008905048774795748
2019-11-30,0.0
2019-12-01,0.001995679201669524
2019-12-02,-0.0199103576241841
2019-12-03,-0.0037955680791533805
2019-12-04,0.0029263290355625083
2019-12-05,0.0007944425111663249
2019-12-06,0.01511154341505333
2019-12-07,0.0
2019-12-08,-0.0017887131375839739
2019-12-09,-0.0029064261765321437
2019-12-10,-0.0024365947827621206
2019-12-11,0.003049954019720887
2019-12-12,0.008417636008004886
2019-12-13,0.0079714601502582
2019-12-14,0.0
2019-12-15,0.0020882616179698854
2019-12-16,0.006526880171026811
2019-12-17,0.0004966861135489824
2019-12-18,0.0022750527704442722
2019-12-19,0.009457811336223294
2019-12-20,0.014512407595318855
2019-12-21,0.0
2019-12-22,0.0018581935217641529
2019-12-23,0.0023303070232586873
2019-12-24,0.004184584640989636
2019-12-25,0.0022085750063194276
2019-12-26,0.013645405956651707
2019-12-27,-0.01791895525299476
2019-12-28,0.0
2019-12-29,0.0018532503769951806
2019-12-30,-0.006222550319514937
2019-12-31,0.0006884442166047988
2020-01-01,0.0042400729194756095
2020-01-02,0.012549654599156896
2020-01-03,0.0038180164400414785
2020-01-04,0.0
2020-01-05,0.0008126030330233573
2020-01-06,-0.0006278582105144173
2020-01-07,0.008990320139423176
2020-01-08,0.004712492453275627
2020-01-09,0.003615161906514912
2020-01-10,-0.001959307385991144
2020-01-11,0.0
2020-01-12,-0.0003664116929882613
2020-01-13,-0.00033894098922546405
2020-01-14,-0.0020923245104378474
2020-01-15,0.0027975218280506067
2020-01-16,0.007108887589578573
2020-01-17,0.01141951749381354
2020-01-18,0.0
2020-01-19,0.00012409589887060974
2020-01-20,-0.004456396405631972
2020-01-21,0.0045522054585654574
2020-01-22,-0.004140169687408211
2020-01-23,0.008677155864490152
2020-01-24,-0.0037387291397791636
2020-01-25,0.0
2020-01-26,-0.005420111185258941
2020-01-27,-0.0006142247552992839
2020-01-28,0.004191491493536765
2020-01-29,-0.002241327344009573
2020-01-30,0.005995985891072915
2020-01-31,-0.01824301156403255
2020-02-01,0.0
2020-02-02,0.0011367307501692222
2020-02-03,0.003799757891500013
2020-02-04,-0.0007167167139175681
2020-02-05,0.007875054296712824
2020-02-06,0.0036604106082572152
2020-02-07,0.004203645383848352
2020-02-08,0.0
2020-02-09,-0.0007463261267488856
2020-02-10,0.008249245684554714
2020-02-11,-0.0008331879783994056
2020-02-12,0.005560133131621771
2020-02-13,0.007237261211264658
2020-02-14,0.001120508788170744
2020-02-15,0.0
2020-02-16,0.0011343320843110389
2020-02-17,-0.0036552703024413697
2020-02-18,0.00905627287971735
2020-02-19,0.0028905241782883158
2020-02-20,-0.00415940774214687
2020-02-21,-0.01182093621126457
2020-02-22,0.0
2020-02-23,0.001248463501929243
2020-02-24,-0.009373767919839838
2020-02-25,-0.014260205901708078
2020-02-26,-0.008908369368173196
2020-02-27,-0.02047338491201145
2020-02-28,-0.01168694928323147
2020-02-29,0.0
2020-03-01,0.0003845885265559471
2020-03-02,0.000144272911031006
2020-03-03,0.005099051201986717
2020-03-04,0.0012076118999898187
2020-03-05,0.0032723869664923796
2020-03-06,0.0001131307472232358
2020-03-07,0.0
2020-03-08,-0.0017443448033438152
2020-03-09,-0.0015539979798812114
2020-03-10,-0.002634632624717389
2020-03-11,-0.003955657555569012
2020-03-12,0.0034082010135229345
2020-03-13,-0.036933978175208854
2020-03-14,0.0
2020-03-15,0.002475414511650874
2020-03-16,0.0001246225992580552
2020-03-17,0.0007073274757371296
2020-03-18,0.0010889253837242957
2020-03-19,-0.0005222947378671446
2020-03-20,0.003525153431909524
2020-03-21,0.0
2020-03-22,0.0016128310122721424
2020-03-23,-0.005861841437832798
2020-03-24,-0.0010033185100248316
2020-03-25,-0.0026814513873878987
2020-03-26,-0.003836825378752175
2020-03-27,0.002652487055559719
2020-03-28,0.0
2020-03-29,-0.00026026070446897583
2020-03-30,-0.0037362383038961684
2020-03-31,-0.0005831784368536558
2020-04-01,0.0002836038763772052
2020-04-02,0.0017647370628456425
2020-04-03,0.00270746492243719
2020-04-04,0.0
2020-04-05,-0.0028765114264979645
2020-04-06,0.0015173657252999658
2020-04-07,-0.0012899581252767132
2020-04-08,-0.0015027040517172734
2020-04-09,0.00014101546659246953
2020-04-10,0.0001269189419332191
2020-04-11,0.0
2020-04-12,0.0004095336107525502
2020-04-13,0.002251737535516195
2020-04-14,-0.00047577036702517027
2020-04-15,0.0022628631229920184
2020-04-16,-0.0014301821852145402
2020-04-17,-0.0025400181429481353
2020-04-18,0.0
2020-04-19,3.586455732436476e-05
2020-04-20,0.002097516715313815
2020-04-21,-0.0002070861638944935
2020-04-22,0.0018904267236935976
2020-04-23,0.0016856442794372245
2020-04-24,-0.001610908355518777
2020-04-25,0.0
2020-04-26,-0.00037256287944629964
2020-04-27,-0.0017869153859311662
2020-04-28,-0.0006983185942112696
2020-04-29,0.000189459908913844
2020-04-30,-0.0030861296229420807
2020-05-01,0.0006867606377302865
2020-05-02,0.0
2020-05-03,0.000753318324600838
2020-05-04,0.00040299731207809117
2020-05-05,0.001502596450082676
2020-05-06,0.0005557066388924992
2020-05-07,-7.715458228087602e-05
2020-05-08,-0.0014146095821079678
2020-05-09,0.0
2020-05-10,0.0003365355072139786
2020-05-11,-0.00014053849198129205
2020-05-12,-0.002784086269309521
2020-05-13,0.0004932253793334971
2020-05-14,0.001526306166832914
2020-05-15,0.0002532067657770862
2020-05-16,0.0
2020-05-17,0.0012845395614579649
2020-05-18,-0.0034662836259776258
2020-05-19,-0.00014735908276233245
2020-05-20,-0.00018570284494534833
2020-05-21,-0.0014027607279471115
2020-05-22,0.003907766286100995
2020-05-23,0.0
2020-05-24,0.00038534503980615684
2020-05-25,0.0027540844301490778
2020-05-26,-0.005236999701510552
2020-05-27,-0.0017401092760808486
2020-05-28,0.0022705027374979024
2020-05-29,0.007959560258967217
2020-05-30,0.0
2020-05-31,0.0017039554908479572
2020-06-01,-0.0009055387128026048
2020-06-02,0.00595625110042903
2020-06-03,-0.002912398160084143
2020-06-04,0.005287179294472629
2020-06-05,0.005037609933148541
2020-06-06,0.0
2020-06-07,0.001996772926610923
2020-06-08,0.004958651142436258
2020-06-09,0.010759621281929702
2020-06-10,0.003154296170023444
2020-06-11,-0.03147532194484827
2020-06-12,-0.003041793356475368
2020-06-13,0.0
2020-06-14,-0.002699959936413874
2020-06-15,0.014975474799608778
2020-06-16,-0.0023640215861804514
2020-06-17,-0.002464801296953685
2020-06-18,0.003724497469161024
2020-06-19,-0.0030182044732637715
2020-06-20,0.0
2020-06-21,0.0031937897586613003
2020-06-22,0.006514144717206008
2020-06-23,0.00564034042078043
2020-06-24,-0.010470359474192923
2020-06-25,0.0015958582372506186
2020-06-26,-0.010070638453514106
2020-06-27,0.0
2020-06-28,9.140833870567306e-05
2020-06-29,0.0032159732440626755
2020-06-30,0.00599029317364254
2020-07-01,0.0032865919625583175
2020-07-02,0.003330212068783209
2020-07-03,-0.0015378370485820555
2020-07-04,0.0
2020-07-05,0.006813337637563959
2020-07-06,0.0067796565040773625
2020-07-07,-0.0006426434625477324
2020-07-08,0.008419194594571052
2020-07-09,-0.0025556802224859553
2020-07-10,0.010481825267670834
2020-07-11,0.0
2020-07-12,0.0034710263601571887
2020-07-13,-0.011705978348174838
2020-07-14,0.006955056453568359
2020-07-15,-0.0033259995527703257
2020-07-16,-0.0024039003106353218
2020-07-17,0.007020845920822589
2020-07-18,0.0
2020-07-19,-0.003147881601360153
2020-07-20,0.02132059706170506
2020-07-21,0.007651824352930927
2020-07-22,-0.001036610972492765
2020-07-23,-0.0035282328024442
2020-07-24,-0.0013905496775608644
2020-07-25,0.0
2020-07-26,0.006935346585463957
2020-07-27,0.01029994099926046
2020-07-28,-0.007113240645484039
2020-07-29,0.006386562978762125
2020-07-30,0.00691044981264658
2020-07-31,-0.0011818047936887595
2020-08-01,0.0
2020-08-02,0.0003844872326883642
2020-08-03,0.003683871018931953
2020-08-04,0.006433320863043674
2020-08-05,0.003910001572366654
2020-08-06,0.00638921805781072
2020-08-07,-0.008400187331342948
2020-08-08,0.0
2020-08-09,-0.000539990896249269
2020-08-10,-0.0011859823523686875
2020-08-11,-0.021068760891926903
2020-08-12,0.009221312339138671
2020-08-13,0.0018716204019542386
2020-08-14,-0.0016731147738018894
2020-08-15,0.0
2020-08-16,0.0015098161641882851
2020-08-17,0.004883208853585262
2020-08-18,0.004157831262740425
2020-08-19,-0.006462778915537923
2020-08-20,0.007748973625123508
2020-08-21,-0.0003494578536151764
2020-08-22,0.019933145510426367
2020-08-23,0.0008457778529263315
2020-08-24,0.0037143972636277714
2020-08-25,0.0033836742623444137
2020-08-26,0.0061482269405927735
2020-08-27,0.003207240445290259
2020-08-28,0.002761011568335477
2020-08-29,0.0
2020-08-30,0.003624465260691853
2020-08-31,0.0022515558261482433
2020-09-01,0.004653287632279436
2020-09-02,0.001496206661895817
2020-09-03,-0.03338943570809645
2020-09-04,-0.0026034473286312694
2020-09-05,0.0
2020-09-06,-0.0011447754819693325
2020-09-07,-0.0026716088993282813
2020-09-08,-0.01141008808074736
2020-09-09,0.0030719316896186876
2020-09-10,-0.005371676876658947
2020-09-11,-0.003084693643335453
2020-09-12,0.0
2020-09-13,0.00022359574085050528
2020-09-14,0.006729148800686342
2020-09-15,0.006206244716524695
2020-09-16,-0.004028366617343595
2020-09-17,0.004970051036601869
2020-09-18,-0.002636641296657537
2020-09-19,0.0
2020-09-20,0.004079874580501941
2020-09-21,-0.005119508519811951
2020-09-22,-0.0009711323641891283
2020-09-23,-0.005373061706486232
2020-09-24,0.003104887152373642
2020-09-25,0.0029079869942985675
2020-09-26,0.0
2020-09-27,0.0012247636042927814
2020-09-28,0.011863272927651113
2020-09-29,0.0067035199196516715
2020-09-30,0.007802216165081524
2020-10-01,0.005134846525400881
2020-10-02,-0.007830923725877613
2020-10-03,0.0
2020-10-04,0.0075151591789236714
2020-10-05,0.002130732159274672
2020-10-06,-0.010090941935528092
2020-10-07,0.004426370705809838
2020-10-08,0.002038362411448561
2020-10-09,0.007844520664441312
2020-10-10,0.0
2020-10-11,-0.0019058626796193544
2020-10-12,0.005940226860667218
2020-10-13,-0.0013516547859895695
2020-10-14,-0.006777264979766334
2020-10-15,0.0007945413507669963
2020-10-16,-0.0043604501768756965
2020-10-17,0.0
2020-10-18,0.0029318824578816074
2020-10-19,-0.004057219803861685
2020-10-20,0.0047524156268167455
2020-10-21,-0.0024906509608417855
2020-10-22,-0.0018178039468366278
2020-10-23,0.0018913026088195402
2020-10-24,0.0
2020-10-25,-0.0024212184936340747
2020-10-26,-0.0015463352652983267
2020-10-27,-0.0015009600101167965
2020-10-28,-0.011847363503401319
2020-10-29,-0.0049375506764648925
2020-10-30,-0.0056381232146776985
2020-10-31,0.0
2020-11-01,5.000706700957235e-05
2020-11-02,0.00038140266647231975
2020-11-03,0.011402133066804177
2020-11-04,0.012611152718585154
2020-11-05,0.009719002213774933
2020-11-06,0.010221985741133463
2020-11-07,0.024032120518622246
2020-11-08,0.006316441642073301
2020-11-09,-0.022021446223310183
2020-11-10,-0.00044266091093981576
2020-11-11,-0.0005949498475049147
2020-11-12,0.001599505555233295
2020-11-13,0.0035393158298474598
2020-11-14,0.0
2020-11-15,0.0022408422525597264
2020-11-16,-0.0008622409706637398
2020-11-17,-0.0011179746416765393
2020-11-18,-0.0031496358387251466
2020-11-19,0.003350395677561907
2020-11-20,-0.0034467562344470686
2020-11-21,0.0
2020-11-22,0.0016921522990377127
2020-11-23,-0.0022519790283809763
2020-11-24,0.002617341498002259
2020-11-25,0.002032414777375912
2020-11-26,-0.000582089297041457
2020-11-27,0.0023080086267287807
2020-11-28,0.0
2020-11-29,-0.0017587731155794296
2020-11-30,0.0042279102854985
2020-12-01,0.0079740187069049
2020-12-02,0.0029581888078947624
2020-12-03,0.002463743160981481
2020-12-04,0.0008189787239172807
2020-12-05,0.0
2020-12-06,0.0006421971788170389
2020-12-07,0.006773202258378112
2020-12-08,0.003618601300870183
2020-12-09,-0.01351806861162738
2020-12-10,0.001972008272337019
2020-12-11,-0.002488185947306604
2020-12-12,0.0
2020-12-13,0.0030313196502460443
2020-12-14,-0.0011665058348696406
2020-12-15,0.010129592060412933
2020-12-16,0.006849072307073029
2020-12-17,0.0027754826533028473
2020-12-18,0.0015415774144573035
2020-12-19,0.0
2020-12-20,-0.0008639974560395501
2020-12-21,-0.004124953676759851
2020-12-22,-0.0022654552244558237
2020-12-23,0.0017125484123675326
2020-12-24,0.0018365342678089665
2020-12-25,-0.002139690099315642
2020-12-26,0.0
2020-12-27,0.005958384026487783
2020-12-28,0.007452215562053765
2020-12-29,0.0020287317251248623
2020-12-30,-0.0017168410661417709
2020-12-31,0.0018921199566543773
2021-01-02,0.0
2021-01-03,0.0030706041500182806
2021-01-04,-0.008903248672631424
2021-01-05,-0.0007378508937382238
2021-01-06,0.0063777348485892825
2021-01-07,0.016035902258065764
2021-01-08,-0.0016253893037343676
2021-01-09,0.0
2021-01-10,-0.007370161215180437
2021-01-11,-0.0035547612086026534
2021-01-12,0.004379370630637824
2021-01-13,-0.0016495493067193192
2021-01-14,-0.0058889025040797195
2021-01-15,-0.011709348303207516
2021-01-16,0.0
2021-01-17,-0.000225215632990486
2021-01-18,0.010000643201014653
2021-01-19,0.009089561438750322
2021-01-20,0.016182616896868552
2021-01-21,-0.0002485541429173332
2021-01-22,0.0004095333313125296
2021-01-23,0.0
2021-01-24,0.008645672053435468
2021-01-25,-0.006847789634476117
2021-01-26,0.008933122050576872
2021-01-27,-0.02725415844034031
2021-01-28,-0.0005084291321013688
2021-01-29,-0.004579221683189414
2021-01-30,0.0
2021-01-31,0.0003354913888827743
2021-02-01,0.008448544160816933
2021-02-02,0.004997283044834186
2021-02-03,-0.0012227112112174773
2021-02-04,0.006239836033789396
2021-02-05,0.0012545902146695455
2021-02-06,0.013450137591643716
2021-02-07,0.0029493562904748995
2021-02-08,-0.0018221888852015208
2021-02-09,0.0019324995759280074
2021-02-10,-0.0006822580776054202
2021-02-11,0.0018593492834551731
2021-02-12,0.002758697755168135
2021-02-13,0.0
2021-02-14,0.0012712568804802249
2021-02-15,0.0009294996770687125
2021-02-16,-0.0005063776319407969
2021-02-17,-0.003326300057292025
2021-02-18,0.002947859193673171
2021-02-19,-0.003061919987908315
2021-02-20,0.0
2021-02-21,-0.0008776208968207054
2021-02-22,-0.010113766953695348
2021-02-23,-0.004977897249060021
2021-02-24,0.009455493963978778
2021-02-25,-0.012653930984414708
2021-02-26,0.005050800609729735
2021-02-27,0.0
2021-02-28,0.0017408456264776991
2021-03-01,0.01846181947426856
2021-03-02,0.006359567391545632
2021-03-03,-0.0020125655834700436
2021-03-04,0.0028733834369781496
2021-03-05,0.005825573140845295
2021-03-06,0.0
2021-03-07,0.0036161636182275064
2021-03-08,0.003972409112951277
2021-03-09,0.0004778857499384154
2021-03-10,0.0014015631311963424
2021-03-11,0.006836480772534941
2021-03-12,-0.004566066466189004
2021-03-13,0.0
2021-03-14,0.00030186813842555255
2021-03-15,0.0014556021413268385
2021-03-16,-0.00187775644773588
2021-03-17,0.0017318170235846723
2021-03-18,-0.0066544519513263315
2021-03-19,-0.002962261625954799
2021-03-20,0.0
2021-03-21,0.0013725719580796201
2021-03-22,0.005220541638103457
2021-03-23,-0.003309017574230607
2021-03-24,-0.005543856565679485
2021-03-25,0.0045962767414909275
2021-03-26,0.0030817354346384614
2021-03-27,0.0
2021-03-28,-0.0015515624968484422
2021-03-29,0.003967771933277581
2021-03-30,0.0016374732756488863
2021-03-31,-0.0011928004638717888
2021-04-01,0.005024722123892081
2021-04-02,-0.0010661746719239243
2021-04-03,0.0
2021-04-04,0.00025254565408533447
2021-04-05,0.005305249428913325
2021-04-06,0.00174249544900593
2021-04-07,0.002744588358403133
2021-04-08,0.0008301445324517302
2021-04-09,0.0034449418681850716
2021-04-10,0.0
2021-04-11,-0.00026567110158806954
2021-04-12,0.002110292085273249
2021-04-13,0.003932603594759765
2021-04-14,-0.001853610568553269
2021-04-15,-3.2984787135262685e-05
2021-04-16,0.0010509430766912984
2021-04-17,0.0
2021-04-18,-0.0018623956240229687
2021-04-19,0.005090532205150907
2021-04-20,-0.00928087045275855
2021-04-21,0.003937625243398433
2021-04-22,-0.0030926726903993083
2021-04-23,0.012561865618671852
2021-04-24,0.0
2021-04-25,0.0008706891377212299
2021-04-26,0.0003851216661757178
2021-04-27,0.0011548230746688364
2021-04-28,0.0012425405640552277
2021-04-29,5.687635546938341e-05
2021-04-30,-0.007773228490407111
2021-05-01,0.0
2021-05-02,1.2709286323327601e-05
2021-05-03,-0.004927626151134619
2021-05-04,-0.002446081198254588
2021-05-05,-0.005006087010158658
2021-05-06,0.004242727295040123
2021-05-07,0.00730389283148417
2021-05-08,0.0
2021-05-09,0.00023112547573025062
2021-05-10,-0.016719341380953382
2021-05-11,-0.0004104416259924182
2021-05-12,-0.009755363975740162
2021-05-13,0.006664137789423754
2021-05-14,0.009934045674546726
2021-05-15,0.0
2021-05-16,-0.0045692936107213766
2021-05-17,-0.0037315126548202
2021-05-18,-0.009275482708752272
2021-05-19,-0.0034844957194478357
2021-05-20,0.015198274821485528
2021-05-21,-0.00454154302373155
2021-05-22,0.0
2021-05-23,0.0004291346228020173
2021-05-24,0.011478212669671282
2021-05-25,-0.006819614696995937
2021-05-26,-0.003839520898528686
2021-05-27,0.00262271752978682
2021-05-28,-0.0005941214397344109
2021-05-29,0.0
2021-05-30,0.0009736062972502524
2021-05-31,-0.0003706795758851343
2021-06-01,-0.0011057651835112835
2021-06-02,0.00137924966220655
2021-06-03,-0.010028215591098026
2021-06-04,0.014901535623801782
2021-06-05,0.0
2021-06-06,-0.000760554783464217
2021-06-07,0.002376417481601931
2021-06-08,0.00018305706212834948
2021-06-09,-0.0013692586312268435
2021-06-10,0.00558450423500645
2021-06-11,-0.0040162105138286715
2021-06-12,0.0
2021-06-13,0.001524345461913848
2021-06-14,0.0017634261074907043
2021-06-15,-0.0036588152839166234
2021-06-16,-0.002652018934800355
2021-06-17,0.023157761479432735
2021-06-18,-0.0020770905692907874
2021-06-19,0.0
2021-06-20,-0.005292472630305278
2021-06-21,0.0046454956510408605
2021-06-22,0.004708188599259649
2021-06-23,0.0015366789289336872
2021-06-24,0.0018884262869433475
2021-06-25,-0.001636438199271854
2021-06-26,0.0
2021-06-27,0.01163392258010352
2021-06-28,0.005225235908912347
2021-06-29,0.006820102147597948
2021-06-30,-0.00034040657152912374
2021-07-01,-0.0010796899351214774
2021-07-02,0.00601178755416607
2021-07-03,0.0
2021-07-04,-0.00023585539812070547
2021-07-05,-0.0035488155996545763
2021-07-06,0.0039735655135188595
2021-07-07,0.00226992527888162
2021-07-08,-0.009799653093242423
2021-07-09,0.00767727110278664
2021-07-10,0.0
2021-07-11,8.451390050660739e-05
2021-07-12,0.0014306518509361228
2021-07-13,0.002405250217328158
2021-07-14,-0.0045642682331897095
2021-07-15,-0.004999841030716918
2021-07-16,6.653532885265902e-05
2021-07-17,0.0
2021-07-18,-0.0017468761799284901
2021-07-19,-0.003141048173388166
2021-07-20,0.00925330622317956
2021-07-21,0.00927665376003961
2021-07-22,0.005070973894922643
2021-07-23,0.010230776125581579
2021-07-24,0.0
2021-07-25,-0.002859788483502696
2021-07-26,0.0019008827633553973
2021-07-27,-0.009322041251907465
2021-07-28,-0.005733735781312261
2021-07-29,-0.007572272330595527
2021-07-30,0.012832305884556972
2021-07-31,0.0
2021-08-01,0.003958027288455783
2021-08-02,-0.005255912472870336
2021-08-03,0.004839251024090012
2021-08-04,0.004620007647018353
2021-08-05,0.008064932265716892
2021-08-06,0.019063770619032968
2021-08-07,0.0
2021-08-08,0.0032341736149561775
2021-08-09,0.003562496794503829
2021-08-10,0.0008870447016890091
2021-08-11,-0.005896933486824509
2021-08-12,0.0013677978419867854
2021-08-13,-0.009312307381628946
2021-08-14,0.0
2021-08-15,-0.001998006777278782
2021-08-16,0.0014255886556202371
2021-08-17,-0.0035393062503518225
2021-08-18,-0.005255551965858435
2021-08-19,0.0007093393848306514
2021-08-20,0.014094488973032272
2021-08-21,0.0
2021-08-22,0.002816182039122081
2021-08-23,0.0031930096410985273
2021-08-24,0.0007809748285466464
2021-08-25,-0.0021383892115675778
2021-08-26,0.00015207442121299144
2021-08-27,0.006302099409276276
2021-08-28,0.0
2021-08-29,0.005959848570865453
2021-08-30,0.008820289828288544
2021-08-31,0.001748453774232113
2021-09-01,-0.005134565391376372
2021-09-02,0.0004159356225616883
2021-09-03,0.0013586255830166688
2021-09-04,0.0
2021-09-05,0.00010654413127275673
2021-09-06,0.001323915917312466
2021-09-07,-0.0034492213834878905
2021-09-08,-0.006358221943003018
2021-09-09,-6.279135456611863e-05
2021-09-10,-0.0131251182880335
2021-09-11,0.0
2021-09-12,0.0013441891227504378
2021-09-13,-0.00036351950272167345
2021-09-14,-0.004465763616107857
2021-09-15,0.005504025849506067
2021-09-16,-0.00154248504326181
2021-09-17,-0.013436788382243641
2021-09-18,-0.024123461614328656
2021-09-19,-0.006726487655574518
2021-09-20,-0.008718005476081007
2021-09-21,-0.0022104695973495787
2021-09-22,0.011866090802395436
2021-09-23,0.003088181975794321
2021-09-24,0.0034376245653067205
2021-09-25,0.0
2021-09-26,0.003319629496565921
2021-09-27,-0.0073910365543423135
2021-09-28,-0.012197753143250232
2021-09-29,0.005137247595891448
2021-09-30,-0.009579368006209768
2021-10-01,0.009176138505472775
2021-10-02,0.0
2021-10-03,-0.0010026543724959561
2021-10-04,-0.005506220838478946
2021-10-05,0.002062428950283514
2021-10-06,0.008956739178597474
2021-10-07,0.001345036714258046
2021-10-08,-0.003970826369959633
2021-10-09,0.0
2021-10-10,-0.0010514592071410992
2021-10-11,-0.002541876949834227
2021-10-12,-0.0003294759211090054
2021-10-13,0.003377804327566153
2021-10-14,0.0074115624232337605
2021-10-15,0.002017900167063139
2021-10-16,0.0
2021-10-17,0.00016389649857817865
2021-10-18,-0.0006615699011120682
2021-10-19,0.0037971581814628787
2021-10-20,-8.401292017065195e-05
2021-10-21,0.004178139947958647
2021-10-22,-0.001489649056906048
2021-10-23,0.0
2021-10-24,-0.000491073083540363
2021-10-25,0.011522434116232546
2021-10-26,-0.003487452172634646
2021-10-27,0.0005547787887905863
2021-10-28,-0.004331134536719046
2021-10-29,0.01641473714693471
2021-10-30,0.0
2021-10-31,0.001099281566941073
2021-11-01,0.0004486329380192331
2021-11-02,0.0061267407525742385
2021-11-03,0.003022703231336125
2021-11-04,0.009331367673067109
2021-11-05,0.004474348873698153
2021-11-06,0.0
2021-11-07,-0.0009631351085673887
2021-11-08,-0.0014330420862545801
2021-11-09,-0.002908087922962737
2021-11-10,0.006488272986796791
2021-11-11,0.004459286711018825
2021-11-12,0.007125213249026052
2021-11-13,0.0
2021-11-14,-0.0015547539181888393
2021-11-15,0.004778225354767296
2021-11-16,0.005655402458547736
2021-11-17,0.00039930112694402
2021-11-18,0.0026514908160196124
2021-11-19,0.0005924883870877765
2021-11-20,0.0
2021-11-21,0.0009267864298030804
2021-11-22,0.0015730304746881202
2021-11-23,0.00036350026296359155
2021-11-24,0.005720407842479632
2021-11-25,-0.008580067810065036
2021-11-26,-0.01680355514572348
2021-11-27,0.0
2021-11-28,0.007333324696883223
2021-11-29,0.004122447973222066
2021-11-30,-0.004873834869844842
2021-12-01,-0.012281194659888337
2021-12-02,0.004029738682976504
2021-12-03,-0.013802651377350757
2021-12-04,0.0
2021-12-05,0.003145992524203359
2021-12-06,0.0051257740375737874
2021-12-07,0.010532034393641436
2021-12-08,-0.002286516994312572
2021-12-09,-0.000991477783626256
2021-12-10,0.004331784681220514
2021-12-11,0.0
2021-12-12,0.00228219862416864
2021-12-13,-0.010942321076184919
2021-12-14,-0.0012773073667368868
2021-12-15,0.007192343507051897
2021-12-16,-0.01627094307981854
2021-12-17,0.003904974917208069
2021-12-18,0.0
2021-12-19,-0.005235162373379544
2021-12-20,0.002508529728321276
2021-12-21,0.004611874864241149
2021-12-22,0.005056302746587919
2021-12-23,0.0035446046017252627
2021-12-24,0.004767220261350799
2021-12-25,0.0
2021-12-26,0.0007022718202768804
2021-12-27,0.005327686991689002
2021-12-28,0.0003516578805161652
2021-12-29,-0.0029694951752385836
2021-12-30,0.0014991444983664416
2021-12-31,-0.0019444357300357324
2022-01-01,0.0
2022-01-02,0.0022760453642689886
2022-01-03,0.0007248781578713626
2022-01-04,-0.00555814956032106
2022-01-05,-0.017269687252432237
2022-01-06,0.00010155307559849796
2022-01-07,-0.009074964061870649
2022-01-08,0.0
2022-01-09,0.001859430898946844
2022-01-10,-0.0041288633349512455
2022-01-11,0.005630227031900499
2022-01-12,-0.0022909475088488313
2022-01-13,-0.00920363424554052
2022-01-14,0.004315798162784672
2022-01-15,0.0
2022-01-16,-0.0016841288551433813
2022-01-17,-0.0006526279496379227
2022-01-18,-0.006468932793538599
2022-01-19,-0.0059493519774675065
2022-01-20,-0.008314001585166455
2022-01-21,-0.005755282916751601
2022-01-22,0.0
2022-01-23,0.002646870080207645
2022-01-24,-0.0007934040081250556
2022-01-25,0.0027130912985314413
2022-01-26,-0.003171408584729126
2022-01-27,0.0033997084859526314
2022-01-28,0.005545666750374664
2022-01-29,0.0
2022-01-30,7.190510234911606e-05
2022-01-31,-0.006247257000351941
2022-02-01,0.00022793410439883414
2022-02-02,-0.006357318505198191
2022-02-03,-0.010311479966656292
2022-02-04,-0.0005526167071023983
2022-02-05,0.0
2022-02-06,3.017179548971558e-05
2022-02-07,-0.0014695325772471175
2022-02-08,0.0024601300828250186
2022-02-09,0.0020510270335894233
2022-02-10,-0.003400988113258732
2022-02-11,0.008313075928184447
2022-02-12,0.0
2022-02-13,-0.0006675899719521111
2022-02-14,0.0038274026167682165
2022-02-15,-0.0027264880856937403
2022-02-16,0.0026244546770647875
2022-02-17,-0.0005809048638029003
2022-02-18,0.0011789640594146178
2022-02-19,0.0
2022-02-20,-0.0021576441340170247
2022-02-21,0.00134255256174768
2022-02-22,0.006579818263810613
2022-02-23,0.0009196077629106482
2022-02-24,-0.0034720056370235687
2022-02-25,-0.001301495019735531
2022-02-26,0.0
2022-02-27,0.00528834134794449
2022-02-28,0.0007227270116954208
2022-03-01,0.004727737045147535
2022-03-02,-0.0001127567560454012
2022-03-03,0.0029537147900943334
2022-03-04,0.011074063330688654
2022-03-05,0.0
2022-03-06,0.005153563850705304
2022-03-07,0.0004483774563273916
2022-03-08,0.006564462423935741
2022-03-09,-0.018880701083381617
2022-03-10,0.0033599915069983796
2022-03-11,0.004898512366803701
2022-03-12,0.0
2022-03-13,-0.0009451242112361554
2022-03-14,-0.0043612356665775395
2022-03-15,-0.005971262656163234
2022-03-16,-0.0007537613874477595
2022-03-17,-0.0005996395812323365
2022-03-18,0.0029248862023992656
2022-03-19,0.0
2022-03-20,5.754699219211439e-05
2022-03-21,0.0005944025686015877
2022-03-22,-0.0003809206305711118
2022-03-23,0.0009703361338710312
2022-03-24,-0.0006139560406887649
2022-03-25,0.002546287386474148
2022-03-26,0.0
2022-03-27,-0.001927329461245321
2022-03-28,-0.004125059902530084
2022-03-29,-0.003741876029233941
2022-03-30,-0.002429560622527829
2022-03-31,0.0023291529454024
2022-04-01,-0.00030631851557069175
2022-04-02,0.0
2022-04-03,-0.0008439488059182416
2022-04-04,0.0030860986543201933
2022-04-05,-0.0013108036017780273
2022-04-06,0.00012736839943089512
2022-04-07,0.0030021645512837594
2022-04-08,0.003411056830751535
2022-04-09,0.0
2022-04-10,-0.0005820146884812398
2022-04-11,0.0017735106364640714
2022-04-12,0.0032507742861706576
2022-04-13,-0.0020425379803928182
2022-04-14,0.0044200373547872
2022-04-15,-0.0018419842419435965
2022-04-16,0.0
2022-04-17,0.001439940008949236
2022-04-18,0.00049035635643517
2022-04-19,-0.005280699160806472
2022-04-20,0.0007534018185642034
2022-04-21,0.002010181471999756
2022-04-22,0.0018988876769810655
2022-04-23,0.023890752353073808
2022-04-24,0.0007748338985410797
2022-04-25,-0.0043274589131882596
2022-04-26,0.009109721892565755
2022-04-27,-0.0016717397094514685
2022-04-28,0.0014866808230167715
2022-04-29,0.00494567245230371
2022-04-30,0.0
2022-05-01,-0.00032290631913818824
2022-05-02,-0.008066564309744456
2022-05-03,0.0002729114451501852
2022-05-04,-0.006755386883620302
2022-05-05,0.0122812010124537
2022-05-06,0.005598292045538623
2022-05-07,0.0
2022-05-08,0.00491745931138055
2022-05-09,0.0024708638159329083
2022-05-10,-0.0015947424342359234
2022-05-11,0.011465544894423516
2022-05-12,-0.0012697015087381508
2022-05-13,-0.011694266638142582
2022-05-14,0.0
2022-05-15,0.0014782191261611779
2022-05-16,-0.0018798490508429328
2022-05-17,-0.011393944833887618
2022-05-18,0.015375321055878221
2022-05-19,-0.00440873349079337
2022-05-20,0.0034222375799161393
2022-05-21,0.0
2022-05-22,-0.003840490525666034
2022-05-23,-0.0012426940305551542
2022-05-24,-0.002255799358880248
2022-05-25,-0.002971482811268799
2022-05-26,-0.009333193302211686
2022-05-27,-0.012567925945689569
2022-05-28,0.0
2022-05-29,-0.0006792826668590738
2022-05-30,-0.0012292309778864485
2022-05-31,-0.0003876260357660128
2022-06-01,0.007008261028878576
2022-06-02,-0.004590484602955563
2022-06-03,0.004851805672136726
2022-06-04,0.0
2022-06-05,-0.0005342805550599538
2022-06-06,0.0010667999874628454
2022-06-07,-0.0029487320190681116
2022-06-08,0.002487934880032365
2022-06-09,0.008837472308372457
2022-06-10,0.028084278836303593
2022-06-11,0.0
2022-06-12,0.005883938274954905
2022-06-13,0.0007020079087156108
2022-06-14,-0.0021037010983299682
2022-06-15,0.0029248000973230576
2022-06-16,0.00789581337883122
2022-06-17,-0.0006905397383961869
2022-06-18,0.0
2022-06-19,-0.0008009707296454665
2022-06-20,-0.0033138990032101304
2022-06-21,-0.0014882966578092947
2022-06-22,-0.0020381170627494696
2022-06-23,-0.005582539715967462
2022-06-24,-0.008095646051527546
2022-06-25,0.0
2022-06-26,0.00024352945430251974
2022-06-27,0.00023511265919302208
2022-06-28,0.005413147613013573
2022-06-29,0.0025882873763167493
2022-06-30,0.0004816623092192683
2022-07-01,-0.0045351489686733535
2022-07-02,0.0
2022-07-03,0.0012559211994525993
2022-07-04,-0.002825142514281027
2022-07-05,-0.0037057660438288126
2022-07-06,0.002142227271701999
2022-07-07,-0.0037659709594529576
2022-07-08,-0.0030510876435692856
2022-07-09,0.0
2022-07-10,0.003743717755986773
2022-07-11,0.008832210126324212
2022-07-12,0.0007862455204104173
2022-07-13,0.002489926155336339
2022-07-14,-0.0008260573069473811
2022-07-15,-0.007865287255305432
2022-07-16,0.0
2022-07-17,-0.0023689627531454844
2022-07-18,-0.00245738473679157
2022-07-19,-0.015093210106588284
2022-07-20,0.002285003180553979
2022-07-21,-0.004913893237761173
2022-07-22,0.0009344320655395269
2022-07-23,0.0
2022-07-24,0.00031340562295435997
2022-07-25,0.0009603622318838777
2022-07-26,0.005027508420124624
2022-07-27,-0.012052591212505325
2022-07-28,-0.010854909606141378
2022-07-29,-0.005774181218462592
2022-07-30,0.0
2022-07-31,0.000683404016425708
2022-08-01,-0.0009775874376721052
2022-08-02,0.0040447009165487805
2022-08-03,-0.008150205073478013
2022-08-04,-0.006592630432699426
2022-08-05,0.009294550526657671
2022-08-06,0.0
2022-08-07,2.3187567792706983e-05
2022-08-08,-0.0009264678115609729
2022-08-09,0.0032171698901096277
2022-08-10,-0.013786632253206279
2022-08-11,0.000585622182239763
2022-08-12,-0.008356362924573707
2022-08-13,0.0
2022-08-14,0.0018758437068994867
2022-08-15,3.7702231946281943e-05
2022-08-16,0.0005949080050925794
2022-08-17,0.005127695381266302
2022-08-18,0.002621332141635972
2022-08-19,0.013870601765750529
2022-08-20,0.0
2022-08-21,0.0008211019534581608
2022-08-22,0.014078872734215583
2022-08-23,0.00317476477452094
2022-08-24,-0.00712199489808748
2022-08-25,-0.005569198805317079
2022-08-26,0.03264642392911917
2022-08-27,0.0
2022-08-28,0.004700849579186532
2022-08-29,-0.003104312247428748
2022-08-30,0.0021785624445761526
2022-08-31,0.011879968040889779
2022-09-01,-0.0005262430772046525
2022-09-02,0.004059063063464531
2022-09-03,0.0
2022-09-04,0.0013017274993246074
2022-09-05,-0.0036567864535605303
2022-09-06,0.008541422754150672
2022-09-07,-0.010896641565508146
2022-09-08,-0.0043319455802414576
2022-09-09,-0.0052623533003734995
2022-09-10,0.0
2022-09-11,-0.0007238297819726864
2022-09-12,-0.004739219699273988
2022-09-13,0.016836882922722674
2022-09-14,-0.0007478548289381213
2022-09-15,0.005650476976107576
2022-09-16,-0.0016033779228082003
2022-09-17,0.0
2022-09-18,0.0012975478251034617
2022-09-19,-0.004042194191895481
2022-09-20,0.004421077801427407
2022-09-21,0.00968618760241157
2022-09-22,0.0027409810862837475
2022-09-23,0.010200594228800815
2022-09-24,0.0
2022-09-25,0.0015342634694645108
2022-09-26,-0.00012326220281741544
2022-09-27,0.005396314587667257
2022-09-28,-0.01057863519809496
2022-09-29,0.0027396567276304876
2022-09-30,0.0044056728262470354
2022-10-01,0.015223823476389486
2022-10-02,0.0016520418147864247
2022-10-03,-0.009274512972465234
2022-10-04,-0.007131438761362791
2022-10-05,-0.0011453834914377072
2022-10-06,0.004564460668140715
2022-10-07,0.013108576330852635
2022-10-08,0.0
2022-10-09,0.0006016825207685912
2022-10-10,0.0036930598444846825
2022-10-11,0.00045846333677068696
2022-10-12,0.0005106293836928809
2022-10-13,-0.007261579154727033
2022-10-14,0.011343963185930585
2022-10-15,0.0
2022-10-16,-0.0009722803688696676
2022-10-17,-0.007213983776282916
2022-10-18,-0.0024278823917577696
2022-10-19,0.005965526387850157
2022-10-20,0.00014547029404223005
2022-10-21,-0.009749706256520075
2022-10-22,0.0
2022-10-23,-0.0003926913912118831
2022-10-24,-0.0038500911902831563
2022-10-25,-0.0022234132250307497
2022-10-26,-0.002057291669408082
2022-10-27,0.005711954553315566
2022-10-28,-0.009811894678186744
2022-10-29,0.0
2022-10-30,0.0004754350214823128
2022-10-31,0.0023976687775786212
2022-11-01,0.0014153295938810469
2022-11-02,0.00797291319304383
2022-11-03,0.0044889534957195465
2022-11-04,-0.012143960894789094
2022-11-05,0.0
2022-11-06,0.0008001440563084787
2022-11-07,-0.003977527981237384
2022-11-08,-0.004832276656877988
2022-11-09,0.0027843392661048108
2022-11-10,-0.022061521146519308
2022-11-11,-0.007595019483754646
2022-11-12,0.0
2022-11-13,0.0016269032526945982
2022-11-14,-0.0018002027029362805
2022-11-15,-0.0010026703110934813
2022-11-16,0.001370430356984257
2022-11-17,0.000594337614196706
2022-11-18,0.001261890935250532
2022-11-19,0.0
2022-11-20,0.0012573665787436285
2022-11-21,0.001266061861688839
2022-11-22,-0.003002513312874032
2022-11-23,-0.006304988402715057
2022-11-24,0.00031371461644992245
2022-11-25,0.003959812934191979
2022-11-26,0.0
2022-11-27,0.002975276864242499
2022-11-28,0.00020946746958728626
2022-11-29,0.0013580022219792218
2022-11-30,-0.012449589260296708
2022-12-01,-0.00296471576165563
2022-12-02,0.0001248768498866845
2022-12-03,0.0
2022-12-04,-0.0021051360215677438
2022-12-05,0.008043352013363397
2022-12-06,0.005287380219679409
2022-12-07,0.00048303563242125185
2022-12-08,-0.006742570361998135
2022-12-09,0.005050877979385672
2022-12-10,0.0
2022-12-11,0.0013157974295908996
2022-12-12,-0.007386807650911736
2022-12-13,-0.008543647565454606
2022-12-14,0.004986119860582318
2022-12-15,0.008277299838250958
2022-12-16,-0.00020451009339815044
2022-12-17,0.0
2022-12-18,-0.00033843603111101986
2022-12-19,0.00822256611045938
2022-12-20,-0.006803323841044618
2022-12-21,-0.003984766310703128
2022-12-22,0.008642954992273466
2022-12-23,-0.0008972863595184618
2022-12-25,0.000690026947845606
2022-12-26,-0.0025899895953308515
2022-12-27,0.005111928300501126
2022-12-28,0.003939857035433173
2022-12-29,-0.006486720762147106
2022-12-30,0.0013118413949457168
2023-01-01,-0.0004891353919335885
2023-01-02,-0.002901723586146771
2023-01-03,-0.002507761729634747
2023-01-04,0.001359865990210002
2023-01-05,-0.002297411989243441
2023-01-06,0.0015958229802708346
2023-01-07,0.0
2023-01-08,0.0010096914476805973
2023-01-09,0.002424438340140826
2023-01-10,-0.004333673267814678
2023-01-11,-0.007085360679298365
2023-01-12,0.004341895793874011
2023-01-13,-0.0020821807354380857
2023-01-14,0.0
2023-01-15,0.0003690540049218543
2023-01-16,-0.0003097733079257766
2023-01-17,-0.007813757760581514
2023-01-18,0.011189056607244095
2023-01-19,0.006625892542172667
2023-01-20,-0.012115343518510246
2023-01-21,0.0
2023-01-22,0.00021223850191275394
2023-01-23,-0.005484035884532065
2023-01-24,0.014587400219783513
2023-01-25,0.008349422740838405
2023-01-26,-0.0051758490828843215
2023-01-27,-0.008651648182427932
2023-01-28,0.0
2023-01-29,0.009938210520082699
2023-01-30,0.004824884970916836
2023-01-31,-0.004903516318952285
2023-02-01,-0.0007496019483135148
2023-02-02,-0.015342662728570187
2023-02-03,-0.010973040107262627
2023-02-04,0.0
2023-02-05,0.0025553474748610124
2023-02-06,-0.0020880148882842513
2023-02-07,-0.006159123052798262
2023-02-08,0.002458811244337256
2023-02-09,0.002650757123049079
2023-02-10,-0.0009739435193480848
2023-02-11,0.0
2023-02-12,0.0008705402846167213
2023-02-13,-0.006236686350678918
2023-02-14,-0.004357108626229914
2023-02-15,-0.0035489588944324977
2023-02-16,-0.009444513023406854
2023-02-17,0.004376393407490586
2023-02-18,0.0
2023-02-19,-0.0025304299427651796
2023-02-20,-0.0018759930053031636
2023-02-21,0.0013315676083234186
2023-02-22,-0.004317431976767162
2023-02-23,-0.003027661093123655
2023-02-24,0.001239890720204579
2023-02-25,0.0
2023-02-26,0.00023566506291104137
2023-02-27,-0.001508985235674219
2023-02-28,-0.003592289154392748
2023-03-01,-0.001984592178900489
2023-03-02,-0.006989801870240983
2023-03-03,0.00938960053674891
2023-03-04,0.0
2023-03-05,-0.002827607457412835
2023-03-06,0.0006691009797464312
2023-03-07,-0.004585810765064642
2023-03-08,-0.0016451044432580209
2023-03-09,0.006884357686926533
2023-03-10,0.01883022770053023
2023-03-11,0.0
2023-03-12,-0.004069184769004154
2023-03-13,0.0075527509025388045
2023-03-14,-0.005724289905141116
2023-03-15,-0.00043125435000732515
2023-03-16,0.002545833986766291
2023-03-17,0.01918206375276647
2023-03-18,0.0
2023-03-19,-0.0018914162906235501
2023-03-20,6.978333501547639e-05
2023-03-21,-0.005208554088510355
2023-03-22,0.0013269540799596589
2023-03-23,0.0013141171809808846
2023-03-24,-0.0008260127389982616
2023-03-25,0.0
2023-03-26,0.0011125908703263096
2023-03-27,-0.0024663904780870215
2023-03-28,0.0004237539053674857
2023-03-29,0.0037367624061573363
2023-03-30,0.01129340899825808
2023-03-31,0.005098205037161284
2023-04-01,0.0
2023-04-02,-0.0044985119446761925
2023-04-03,0.00542153617492136
2023-04-04,0.003739063365638707
2023-04-05,-0.005974803009473713
2023-04-06,0.0029268933783415836
2023-04-08,0.0
2023-04-09,-0.0014772114471561027
2023-04-10,0.0012384467033178124
2023-04-11,-0.00018843613668675843
2023-04-12,-0.0020130710334455215
2023-04-13,0.010415984980290652
2023-04-14,-0.010307095641373836
2023-04-15,0.0
2023-04-16,0.000489483643384626
2023-04-17,-0.0012724631364277158
2023-04-18,0.0017479927479027689
2023-04-19,-0.0030719189912437983
2023-04-20,0.0012375430749129
2023-04-21,-0.004139765850596107
2023-04-22,0.0
2023-04-23,-0.0006950879235127078
2023-04-24,0.0024306002830130832
2023-04-25,-0.0028424828424500823
2023-04-26,0.001085730409882249
2023-04-27,0.003537129580720854
2023-04-28,0.003327944227591688
2023-04-29,0.0
2023-04-30,0.0022216121693509083
2023-05-01,-0.0014698101993106613
2023-05-02,0.003967724951148269
2023-05-03,0.004371485224032177
2023-05-04,-0.0024241650173236137
2023-05-05,0.0010182252314797579
2023-05-06,0.0
2023-05-07,0.0009137716464897439
2023-05-08,-0.0003757996037710207
2023-05-09,-0.0008797311617785965
2023-05-10,0.0013285887432513582
2023-05-11,-0.004331857003304729
2023-05-12,-0.006090391191668235
2023-05-13,0.017166962849869183
2023-05-14,0.0008798105393560141
2023-05-15,0.0021309554967186557
2023-05-16,-0.0019041253961500683
2023-05-17,0.004000815712449988
2023-05-18,0.0017248446633944486
2023-05-19,0.001537767844859252
2023-05-20,0.0
2023-05-21,0.0008831920659651407
2023-05-22,-0.0027527065652449526
2023-05-23,0.0019967361170791366
2023-05-24,0.00023295793684884983
2023-05-25,-0.0011360820705831
2023-05-26,0.000652306597207521
2023-05-27,0.0
2023-05-28,-0.0008187935672054267
2023-05-29,-0.00040439294117234487
2023-05-30,0.0033911047470902987
2023-05-31,0.001445389154861892
2023-06-01,0.005145156611808624
2023-06-02,-0.010052789629255833
2023-06-03,0.0
2023-06-04,-0.0020061985448629575
2023-06-05,0.004385083041623313
2023-06-06,-0.0003442120843799833
2023-06-07,-0.009589878429946361
2023-06-08,0.01190955645724644
2023-06-09,0.00015060156344767775
2023-06-10,0.0
2023-06-11,0.00030043252565009154
2023-06-12,0.011584686619711789
2023-06-13,0.0032772046438002893
2023-06-14,0.0012489438844116771
2023-06-15,0.016485036046315783
2023-06-16,-0.0020866004479946467
2023-06-17,0.0
2023-06-18,4.5980576065426464e-05
2023-06-19,-0.003741135608636766
2023-06-20,-0.0025821527129459257
2023-06-21,-0.00327941564259521
2023-06-22,-0.0025043669476467363
2023-06-23,-0.005263641640805674
2023-06-24,0.0
2023-06-25,0.003344150203876313
2023-06-26,-0.00627887502255534
2023-06-27,0.005484653948617462
2023-06-28,-0.0006039847016829266
2023-06-29,0.0005922854804302472
2023-06-30,0.01685288478115613
2023-07-01,0.0
2023-07-02,-0.0003092809473604991
2023-07-03,0.0020598867756384948
2023-07-04,-0.0008764923849860946
2023-07-05,-0.0032572861373976305
2023-07-06,-0.004783216826813783
2023-07-07,0.005989555521300302
2023-07-08,0.0
2023-07-09,-0.002671219495327234
2023-07-10,0.0056970640617644884
2023-07-11,0.007119498733553416
2023-07-12,0.016551122132514046
2023-07-13,0.021607009479978484
2023-07-14,-0.002321958426539871
2023-07-15,0.0
2023-07-16,-0.0013029220790472284
2023-07-17,0.006057556628234721
2023-07-18,0.006518699510897475
2023-07-19,0.00014983255102897096
2023-07-20,-0.012048584175486246
2023-07-21,-0.004757821674919119
2023-07-22,0.0
2023-07-23,0.00016796582523931138
2023-07-24,0.0008322142187208167
2023-07-25,0.002979230212406032
2023-07-26,0.005347643461975288
2023-07-27,-0.010022175542431032
2023-07-28,0.013515237045793674
2023-07-29,0.0
2023-07-30,-0.001583371030196415
2023-07-31,0.002570485577277551
2023-08-01,-0.006984017930690503
2023-08-02,-0.010703546879274032
2023-08-03,0.001108383533694254
2023-08-04,-0.005920166264121535
2023-08-05,0.0
2023-08-06,0.002564776243759923
2023-08-07,0.0002551939425546543
2023-08-08,-0.002886609309034614
2023-08-09,-0.004723570567391407
2023-08-10,-0.0014960866229437363
2023-08-11,-0.005923940462647042
2023-08-12,0.0
2023-08-13,-0.004124489525537436
2023-08-14,0.011772729390152014
2023-08-15,-0.010128121409444463
2023-08-16,-0.009529750681870574
2023-08-17,-0.006240809097784667
2023-08-18,-0.002196529946210045
2023-08-19,0.0
2023-08-20,0.001795968423542702
2023-08-21,0.009335198833547092
2023-08-22,0.002251047843025964
2023-08-23,0.021162976396595326
2023-08-24,-0.01838784254430282
2023-08-25,0.004713637573265286
2023-08-26,0.0
2023-08-27,0.0010597080066646126
2023-08-28,0.0040580288422301875
2023-08-29,0.01008939516810069
2023-08-30,0.0032933867492347148
2023-08-31,-0.0016781721026305815
2023-09-01,-0.0020569543959074615
2023-09-02,0.0
2023-09-03,0.0014707598187902113
2023-09-04,-0.0019927337316688522
2023-09-05,-0.0031113270186644043
2023-09-06,-0.004404083512160143
2023-09-07,-0.0008211523517478923
2023-09-08,-0.0010450520011322955
2023-09-09,0.0
2023-09-10,0.0014350344050043605
2023-09-11,0.003557223463579907
2023-09-12,-0.006293344861042816
2023-09-13,0.003251893502973205
2023-09-14,0.0029440873737605136
2023-09-15,-0.010515038337376412
2023-09-16,0.0
2023-09-17,0.0012019284736513088
2023-09-18,-0.00011683264467293863
2023-09-19,-0.005637673058479474
2023-09-20,-0.011123657207841546
2023-09-21,-0.00824473872761962
2023-09-22,-5.031263489478667e-05
2023-09-23,0.0
2023-09-24,-0.0009634519005913409
2023-09-25,0.00608376495148009
2023-09-26,8.133581389669331e-05
2023-09-27,0.011650829765654529
2023-09-28,0.0010235870169181497
2023-09-29,0.006605359299520689
2023-09-30,0.0
2023-10-01,0.004206612928451028
2023-10-02,0.01131237077896574
2023-10-03,-0.010395799386640928
2023-10-04,0.0025377917987473735
2023-10-05,-0.0017906825677267482
2023-10-06,0.004585671960393228
2023-10-07,0.0
2023-10-08,-0.006823971619365368
2023-10-09,0.0039635272534203365
2023-10-10,0.0002728282445114936
2023-10-11,-0.0004889401710955711
2023-10-12,0.0025451014913545106
2023-10-13,-0.02073602513645765
2023-10-14,0.0
2023-10-15,0.0019537298216447327
2023-10-16,0.002259754364092139
2023-10-17,-0.004591267671389152
2023-10-18,-0.005032533091052017
2023-10-19,-0.012363940010946838
2023-10-20,-0.00889570723803237
2023-10-21,0.0
2023-10-22,0.0010815753425578176
2023-10-23,-0.005108945369318627
2023-10-24,0.006285578876701761
2023-10-25,-0.011512168794116977
2023-10-26,-0.0008127343448781125
2023-10-27,-0.000656890301576208
2023-10-28,0.0
2023-10-29,0.0017604535918319005
2023-10-30,-0.0017270500654965682
2023-10-31,0.006291230468015346
2023-11-01,0.006504883985540149
2023-11-02,0.004015257538785772
2023-11-03,0.003394591949137344
2023-11-04,0.0
2023-11-05,-0.0014174345928614327
2023-11-06,0.0031985467255163935
2023-11-07,0.00563537520951143
2023-11-08,0.0014339217563417612
2023-11-09,-0.003195755708205947
2023-11-10,0.0185545779759164
2023-11-11,0.0
2023-11-12,-0.002790943801763915
2023-11-13,0.004169764570917485
2023-11-14,-0.0005206269707470231
2023-11-15,0.0006741772768220538
2023-11-16,-0.0010256168164875581
2023-11-17,-0.003946651498049769
2023-11-18,0.0
2023-11-19,-0.0007878635662347895
2023-11-20,0.006804819565538641
2023-11-21,-0.003288376740616606
2023-11-22,0.0020311671957232796
2023-11-23,0.0003331691167009788
2023-11-24,-0.00011554177257040339
2023-11-25,0.0
2023-11-26,-0.0008727420780402725
2023-11-27,0.0017909237286436812
2023-11-28,0.005523508634180184
2023-11-29,-0.0011628197551917707
2023-11-30,-0.0030252415586769616
2023-12-01,0.007848981469608541
2023-12-02,0.0
2023-12-03,-0.0006036904110977463
2023-12-04,-0.009447810205324115
2023-12-05,0.00369233472917237
2023-12-06,-0.005766060498730373
2023-12-07,0.00773234851727735
2023-12-08,0.00012484586014919024
2023-12-09,0.0
2023-12-10,-0.001527625565977323
2023-12-11,0.005230973510295857
2023-12-12,0.0076491632163681236
2023-12-13,0.017175770200570938
2023-12-14,-0.00039260469536903493
2023-12-15,-0.002822838661811588
2023-12-16,0.0
2023-12-17,0.0051695283643251105
2023-12-18,0.006259219755274417
2023-12-19,0.006111183041717806
2023-12-20,-0.008481530758609393
2023-12-21,0.0049458333532567695
2023-12-22,0.0033048756408621143
2023-12-24,-0.0008487176728322245
2023-12-25,0.003559506197871931
2023-12-26,0.002472578881968213
2023-12-27,0.005525286763738847
2023-12-28,-0.003306162317002529
2023-12-29,-0.006350065369094142
2023-12-31,0.0
2024-01-01,0.0009419268026460963
2024-01-02,-0.012037266577934963
2024-01-03,-0.008617202058923478
2024-01-04,-0.003242923599699541
2024-01-05,0.0016638578016578698
2024-01-06,0.0
2024-01-07,-0.0021087013713637207
2024-01-08,0.016284261234658343
2024-01-09,0.000555458508871856
2024-01-10,0.009166177906214348
2024-01-11,-0.0023546548083441584
2024-01-12,0.0026469011908161768
2024-01-13,0.0
2024-01-14,0.0014123247795833343
2024-01-15,-0.0021045509036558387
2024-01-16,0.0006510330986144493
2024-01-17,-0.007531664590340368
2024-01-18,0.020242009151279217
2024-01-19,0.015491550461522625
2024-01-20,0.017696980899016748
2024-01-21,0.0016682408480752646
2024-01-22,-0.0011345669047605653
2024-01-23,0.007616787390953925
2024-01-24,-0.0011174939539747141
2024-01-25,0.00028350986749211247
2024-01-26,0.0006201001303163582
2024-01-27,0.0
2024-01-28,0.0014324402671328136
2024-01-29,0.009261363562344341
2024-01-30,-0.006750572114202495
2024-01-31,-0.0035857789891540017
2024-02-01,0.007225172487001358
2024-02-02,0.009981913056787473
2024-02-03,0.0
2024-02-04,-0.0015498519692049683
2024-02-05,0.002082940760355415
2024-02-06,-0.0007596339558558538
2024-02-07,0.006780676123953591
2024-02-08,0.0009102952473068074
2024-02-09,0.005066708338584087
2024-02-10,0.0
2024-02-11,-0.0011570508900219398
2024-02-12,-0.0013424651316375983
2024-02-13,-0.010833934351644484
2024-02-14,0.006956687037833883
2024-02-15,0.0027076776932626456
2024-02-16,-0.009026311263431638
2024-02-17,0.0
2024-02-18,0.0025421744828938537
2024-02-19,-0.004421554802186169
2024-02-20,-0.005863157237395143
2024-02-21,0.00778567313731358
2024-02-22,0.01045025954841999
2024-02-23,0.00014498291577453025
2024-02-24,0.0
2024-02-25,-0.0017451850324882116
2024-02-26,-0.0036620808177266115
2024-02-27,0.0029227845590942413
2024-02-28,-0.0008387209896430064
2024-02-29,0.007750044313558251
2024-03-01,0.02683081831472815
2024-03-02,0.0
2024-03-03,0.0005514929212366981
2024-03-04,0.0028980020875966988
2024-03-05,-0.005335386397503444
2024-03-06,0.00035446175326696647
2024-03-07,0.01373439763489852
2024-03-08,-0.00432501846450617
2024-03-09,0.0
2024-03-10,-0.0012860271865979059
2024-03-11,0.0013036265688723132
2024-03-12,0.0017738132685217267
2024-03-13,0.0009778480887071672
2024-03-14,-0.009795497916316221
2024-03-15,-0.006857046145744428
2024-03-16,0.0
2024-03-17,0.00025324116454719046
2024-03-18,0.0025503964914156243
2024-03-19,0.002114992050861081
2024-03-20,0.019918862338343304
2024-03-21,-0.006355389488821903
2024-03-22,-0.0027990457894422564
2024-03-23,0.0
2024-03-24,0.0009076262539788344
2024-03-25,-0.00034488198080573145
2024-03-26,-0.0001877368568400225
2024-03-27,0.0025348069938770177
2024-03-28,0.001877806400253777
2024-03-29,0.005671347591650745
2024-03-30,0.0
2024-03-31,0.00496028233247282
2024-04-01,-0.005372268515339159
2024-04-02,-0.002135288373822745
2024-04-03,0.004915741682471125
2024-04-04,-0.01373236356291125
2024-04-05,0.01362629353021488
2024-04-06,0.0
2024-04-07,0.0030205034031905004
2024-04-08,-0.00022236119165574043
2024-04-09,0.0018608770116952942
2024-04-10,-0.009350265780682855
2024-04-11,0.012265628997702126
2024-04-12,-0.020481169877541092
2024-04-13,0.0
2024-04-14,0.0013095532547651608
2024-04-15,-0.004003579117135262
2024-04-16,8.73267693467235e-05
2024-04-17,-0.003571852804411776
2024-04-18,-0.004030302830809539
2024-04-19,-0.0007270943217617896
2024-04-20,0.0
2024-04-21,-0.000709092701621882
2024-04-22,-0.005676829282695623
2024-04-23,0.007834061529799223
2024-04-24,-0.002925300917861931
2024-04-25,0.004935839933010426
2024-04-26,0.0005709801947663218
2024-04-27,0.0
2024-04-28,0.00021564300920543712
2024-04-29,0.0004888178195702635
2024-04-30,-0.01090807073808215
2024-05-01,0.005237275489798403
2024-05-02,0.0008834586712634536
2024-05-03,0.007321694678572713
2024-05-04,0.0
2024-05-05,0.0011822982986040252
2024-05-06,0.0048259801430245415
2024-05-07,-0.0006975996945878456
2024-05-08,-0.001017088115402355
2024-05-09,0.00758062055505522
2024-05-10,0.002271158991338739
2024-05-11,0.0
2024-05-12,1.7652325187226034e-05
2024-05-13,-0.0020552591653427332
2024-05-14,0.006024395328725843
2024-05-15,0.010729303607528736
2024-05-16,-0.00385421436687924
2024-05-17,0.008065636454475274
2024-05-18,0.0
2024-05-19,0.0035839553207737064
2024-05-20,-0.0026269438696833467
2024-05-21,0.008286517686243137
2024-05-22,-0.005469667646113273
2024-05-23,-0.007539329929737498
2024-05-24,0.002360087930199043
2024-05-25,0.0
2024-05-26,-9.21486057262095e-05
2024-05-27,0.0006566347554479618
2024-05-28,0.0006390829943804033
2024-05-29,-0.004079739116298089
2024-05-30,-0.004194311168899339
2024-05-31,0.0009388536333203676
2024-06-01,0.0
2024-06-02,0.0011289007928058385
2024-06-03,-0.00243225650978079
2024-06-04,0.006668878551015787
2024-06-05,0.010972906400555009
2024-06-06,-0.00017997604791238235
2024-06-07,-0.01394259228630847
2024-06-08,0.0
2024-06-09,0.002504989904450031
2024-06-10,0.005092328144250042
2024-06-11,0.013023487298840656
2024-06-12,0.00463133642179415
2024-06-13,-0.002040592639237351
2024-06-14,0.006642883108788934
2024-06-15,0.0
2024-06-16,-0.00044913417656020175
2024-06-17,0.004844782269769352
2024-06-18,0.0009117464036930772
2024-06-19,0.0011682735060107325
2024-06-20,-0.0010512566997848056
2024-06-21,-0.003012758057986423
2024-06-22,0.0
2024-06-23,-0.0015011416564084262
2024-06-24,-0.007347657480795388
2024-06-25,0.00799182887121029
2024-06-26,-0.0022704049056242745
2024-06-27,0.008746278513205943
2024-06-28,-0.010652286991904979
2024-06-29,0.0
2024-06-30,-0.0023656302932626052
2024-07-01,0.0006653042898052718
2024-07-02,0.009252099588946253
2024-07-03,0.005641914881029281
2024-07-04,-0.002113792636210241
2024-07-05,0.012852494306449766
2024-07-06,0.0
2024-07-07,-0.0004371378174275234
2024-07-08,0.0036307210854881673
2024-07-09,0.0012777780152452938
2024-07-10,0.008712621223429128
2024-07-11,-0.017461849446777544
2024-07-12,0.0025943185926874056
2024-07-13,0.0
2024-07-14,0.0021758379568669176
2024-07-15,0.005511699787275077
2024-07-16,0.0015662256989013585
2024-07-17,-0.019928948343629464
2024-07-18,-0.0040473901223051535
2024-07-19,-0.012148199153548943
2024-07-20,0.0
2024-07-21,0.000847301145386071
2024-07-22,0.002967126066240966
2024-07-23,0.0007218649453959742
2024-07-24,-0.016822997061785055
2024-07-25,-0.0031756607877736183
2024-07-26,0.005473437015690827
2024-07-27,0.0
2024-07-28,0.0020590184211500863
2024-07-29,-0.001627645403642216
2024-07-30,0.0013476231207847267
2024-07-31,0.012070477489105353
2024-08-01,-0.011724899776666388
2024-08-02,-0.01363605507024088
2024-08-03,0.0
2024-08-04,-0.003879610028620035
2024-08-05,-0.0008052216939351474
2024-08-06,-0.0016593836413529592
2024-08-07,-0.003359610212707806
2024-08-08,0.008549695629916115
2024-08-09,0.000977822724077374
2024-08-10,0.0
2024-08-11,0.00017384205951038531
2024-08-12,0.002640092673541455
2024-08-13,0.0061070696870279394
2024-08-14,0.0015756535291307269
2024-08-15,0.004451686096426351
2024-08-16,0.006172538112638914
2024-08-17,0.0
2024-08-18,0.0005388096962208331
2024-08-19,0.0029610994607374578
2024-08-20,0.0019751167368501047
2024-08-21,-0.0006018076794278925
2024-08-22,-0.003881886130201684
2024-08-23,0.011997215797240364
2024-08-24,0.0
2024-08-25,-0.00020906628734374054
2024-08-26,-0.0028029793854357074
2024-08-27,0.0014022979127839336
2024-08-28,-0.005594244137886224
2024-08-29,-0.000258486952437705
2024-08-30,-0.0020432956133684113
2024-08-31,0.0
2024-09-01,-0.00139225574455817
2024-09-02,0.0007598533231533141
2024-09-03,-0.007540240458283346
2024-09-04,0.0024732740719329636
2024-09-05,0.0018971983450625904
2024-09-06,-0.012766156480649077
2024-09-07,0.0
2024-09-08,0.0006986912814338486
2024-09-09,0.0007441667761570701
2024-09-10,0.003048920793277513
2024-09-11,0.002358204496184723
2024-09-12,0.011835362832541028
2024-09-13,0.0031270090861545445
2024-09-14,0.0
2024-09-15,0.0017982526302141207
2024-09-16,0.0007214153733825847
2024-09-17,-0.0005231004976253855
2024-09-18,-0.0013245421498753653
2024-09-19,0.008273485083671924
2024-09-20,0.005940351781056212
2024-09-21,0.0
2024-09-22,0.0017901737277404239
2024-09-23,-0.002408232414389683
2024-09-24,0.009917107323814331
2024-09-25,-0.00201944572405357
2024-09-26,0.0023377893992910484
2024-09-27,-0.0036504957486097637
2024-09-28,0.0
2024-09-29,-0.0009650399071784095
2024-09-30,-0.0019551463282116884
2024-10-01,-0.0016325210185086736
2024-10-02,-0.0016631791254391407
2024-10-03,0.001630248234200316
2024-10-04,-0.0009054625272210566
2024-10-05,0.0
2024-10-06,-0.0016763184693753322
2024-10-07,-0.0041328984663243345
2024-10-08,0.002049226418700009
2024-10-09,0.0039680838361344384
2024-10-10,0.004968526028106609
2024-10-11,0.005805893345913178
2024-10-12,0.0
2024-10-13,-0.0008914145141907408
2024-10-14,0.0035185720396473676
2024-10-15,-8.910510076403059e-05
2024-10-16,0.0030151792556338997
2024-10-17,0.008793997880578676
2024-10-18,0.009742089825555262
2024-10-19,0.0
2024-10-20,0.0030270676551944374
2024-10-21,-0.0026212689652763926
2024-10-22,0.004088978203104634
2024-10-23,-0.009665735968897441
2024-10-24,0.0028837127006449623
2024-10-25,0.010615090910852023
2024-10-26,0.0
2024-10-27,-0.002378134270497691
2024-10-28,0.007975464640789093
2024-10-29,0.015236158756968089
2024-10-30,-0.005306359374008895
2024-10-31,-0.020403543400868928
2024-11-01,-0.0035116210818623463
2024-11-02,0.0
2024-11-03,0.0031147960214878206
2024-11-04,-0.004600702712812475
2024-11-05,0.01216012756560047
2024-11-06,-0.010559574173109505
2024-11-07,0.005732802756961033
2024-11-08,-0.002121224782812143
2024-11-09,0.0
2024-11-10,-0.0006051403104636259
2024-11-11,-0.003761646751365335
2024-11-12,-0.0012719979884148198
2024-11-13,-0.0011462691664201221
2024-11-14,-0.0031231085628269893
2024-11-15,-0.008527438089010884
2024-11-16,0.0
2024-11-17,0.005051635129645788
2024-11-18,0.0021517822546088684
2024-11-19,0.0032959714395153386
2024-11-20,0.002449475328132159
2024-11-21,0.012921962656798238
2024-11-22,0.010784482004335034
2024-11-23,0.0
2024-11-24,-0.005391593942513117
2024-11-25,-0.005499913461101569
2024-11-26,0.003456207550186196
2024-11-27,-0.007032059636654058
2024-11-28,0.004278422973418345
2024-11-29,6.206729262456198e-05
2024-11-30,0.0
2024-12-01,-0.0006240907638989675
2024-12-02,0.011572500038518339
2024-12-03,0.0014832170911182685
2024-12-04,0.002282705514087422
2024-12-05,-0.001305201045455052
2024-12-06,0.002971446406669468
2024-12-07,0.0
2024-12-08,0.002052278162037396
2024-12-09,-0.0008586882572194603
2024-12-10,0.0026449111498014076
2024-12-11,0.010472668276234944
2024-12-12,-0.0015492925232094485
2024-12-13,-0.009911159046187909
2024-12-14,0.0
2024-12-15,0.003900017823134434
2024-12-16,0.004955036503641559
2024-12-17,-0.002301121613776768
2024-12-18,-0.01980513670938026
2024-12-19,-0.0029245236887914697
2024-12-20,0.007088506849582545
2024-12-21,0.0
2024-12-22,0.0014357251031772286
2024-12-23,0.002491834669961228
2024-12-24,0.003973583394706246
2024-12-25,0.0016928768597406548
2024-12-26,-0.0012033780929934807
2024-12-27,-0.007852758750614227
2024-12-28,0.0
2024-12-29,-0.002418766109764728
2024-12-30,-0.00479537940206396
2024-12-31,0.0027892171418300938
2025-01-01,-0.00023255869283813187
2025-01-02,0.0068603695310002115
2025-01-03,-0.00029312028331072575
2025-01-04,0.0
2025-01-05,-0.0006145265468304845
2025-01-06,-0.0007820388558610889
2025-01-07,-0.005398107693209925
2025-01-08,0.0010054001408381402
2025-01-09,-0.00025230337134848874
2025-01-10,-0.00447853495648649
2025-01-11,0.0
2025-01-12,-0.0009025867940847654
2025-01-13,-0.00032784993510719986
2025-01-14,-0.004032342885889612
2025-01-15,0.013596198650816764
2025-01-16,-0.0002211511158874822
2025-01-17,0.00945174536631686
2025-01-18,0.0
2025-01-19,-0.0017813846706800551
2025-01-20,-0.0016482112656754065
2025-01-21,0.007769198441740954
2025-01-22,0.002206586620856561
2025-01-23,0.00212755645427577
2025-01-24,-0.006723536827959481
2025-01-25,0.0
2025-01-26,-0.010126918893566194
2025-01-27,-0.004226617518796749
2025-01-28,0.00889173721091643
2025-01-29,0.00157285210892011
2025-01-30,0.007940660659044776
2025-01-31,-0.0036402572989131026
2025-02-01,-0.012024731196342842
2025-02-02,-0.007416689528471255
2025-02-03,0.008474484303415068
2025-02-04,0.0038801556577173248
2025-02-05,0.00561462315497083
2025-02-06,0.0011773845053776326
2025-02-07,-0.0019301540467821128
2025-02-08,0.0
2025-02-09,0.0055773364162872785
2025-02-10,0.008835180710544765
2025-02-11,-0.008246135373780493
2025-02-12,0.0023228828514380577
2025-02-13,0.0038097623984705902
2025-02-14,-0.013037855582564055
2025-02-15,0.0
2025-02-16,0.0029310129487572834
2025-02-17,0.0035423232573375757
2025-02-18,0.0033104333998390896
2025-02-19,0.0018723381540881696
2025-02-20,-0.006082039805711789
2025-02-21,-0.0038297797296123815
2025-02-22,0.0
2025-02-23,-0.0007764993015623638
2025-02-24,-0.0022525481281714397
2025-02-25,-0.006788185267933864
2025-02-26,-0.007400185947439686
2025-02-27,-0.010627676208014991
2025-02-28,0.00691087736356739
2025-03-01,0.0
2025-03-02,0.0003700129979015515
2025-03-03,-0.006618258170131572
2025-03-04,-0.0063131957455324446
2025-03-05,-0.006888977568932216
2025-03-06,-0.009188419074036653
2025-03-07,0.00047543136116603356
2025-03-08,0.0
2025-03-09,-0.0013596451108925198
2025-03-10,-0.01370403851210757
2025-03-11,0.000181698833580625
2025-03-12,0.006619512209951624
2025-03-13,0.008800879963980043
2025-03-14,0.0008272231998521645
2025-03-15,0.0
2025-03-16,-0.0009203805296468581
2025-03-17,0.005780513439919683
2025-03-18,0.0003081357932036353
2025-03-19,0.004419937180559467
2025-03-20,-0.002065936524765972
2025-03-21,-0.0010025844127850025
2025-03-22,0.0
2025-03-23,-0.0006005768544276784
2025-03-24,0.004025419641328705
2025-03-25,0.0029084630033901523
2025-03-26,-0.0012698960073059171
2025-03-27,0.006617234051009794
2025-03-28,0.00858527994751678
2025-03-29,0.0
2025-03-30,0.004812723557723894
2025-03-31,0.005353503893896715
2025-04-01,-0.0037020855752763876
2025-04-02,0.008877853977626918
2025-04-03,-0.008149168363671026
2025-04-04,0.02941507961594077
2025-04-05,0.020061092808856523
2025-04-06,0.007268381793145215
2025-04-07,-0.013987290092098578
2025-04-08,0.005731143447668194
2025-04-09,-0.00825035070016256
2025-04-10,0.002186880449112906
2025-04-11,-0.0011611569270283343
2025-04-12,0.0
2025-04-13,-0.0008916100148840403
2025-04-14,6.655846931025901e-05
2025-04-15,0.0019381856799596893
2025-04-16,0.0037368200704981226
2025-04-17,-0.00015335485684201165
2025-04-18,0.00140945148142812
2025-04-19,0.0
2025-04-20,0.00398302454063414
2025-04-21,0.003645535190210366
2025-04-22,-0.007556647483730881
2025-04-23,-0.0009757395042151334
2025-04-24,-0.0022241310332562513
2025-04-25,-0.001974038488559611
2025-04-26,0.0
2025-04-27,-0.0009186620997840752
2025-04-28,0.0017291846724342777
2025-04-29,-0.000964242478455903
2025-04-30,-0.006679827353527749
2025-05-01,-0.0017443972642452142
2025-05-02,-0.0012065971996756367
2025-05-03,0.0
2025-05-04,0.002165606742509921
2025-05-05,0.00346689181126688
2025-05-06,0.0019702310615449465
2025-05-07,-7.546729719919024e-05
2025-05-08,-0.005980030904447669
2025-05-09,0.0016165514903299402
2025-05-10,-0.024066524816528823
2025-05-11,-0.002569889694474297
2025-05-12,-0.0024456687395602414
2025-05-13,0.0029254601935786934
2025-05-14,-0.002950176252101876
2025-05-15,0.0029870766638970237
2025-05-16,-0.0011505664745087734
2025-05-17,0.0
2025-05-18,0.0005831000734801444
2025-05-19,0.0009457293758353998
2025-05-20,0.005309792055788719
2025-05-21,0.000632889862072355
2025-05-22,-0.0020309407191768593
2025-05-23,0.0030506974803417367
2025-05-24,0.0
2025-05-25,0.0017550194135162957
2025-05-26,-0.0005379200557510815
2025-05-27,-0.002023777446932999
2025-05-28,-0.0010510738003143153
2025-05-29,0.001334508272002027
2025-05-30,-0.00042019481373710237
2025-05-31,0.0
2025-06-01,0.0006059869998612316
2025-06-02,0.004299917560137514
2025-06-03,-0.00012814016283022245
2025-06-04,0.0011395964016832183
2025-06-05,-0.0003980899567565193
2025-06-06,-0.0026206342646642724
2025-06-07,0.0
2025-06-08,2.4829161951885146e-05
2025-06-09,0.0007332664418410808
2025-06-10,0.0012136419165094789
2025-06-11,0.0027050403358466176
2025-06-12,0.0021049305063561246
2025-06-13,-0.0004500735392175805
2025-06-14,0.0
2025-06-15,3.197676319568971e-06
2025-06-16,-0.0004614369843989761
2025-06-17,-0.002606290901908799
2025-06-18,-0.0018196482309948152
2025-06-19,-0.0001670588931454468
2025-06-20,0.0025469398609283744
2025-06-21,0.0
2025-06-22,-0.001176057683662026
2025-06-23,0.0033664076920489035
2025-06-24,0.0033564785670574396
2025-06-25,0.0045463097509452375
2025-06-26,0.004331184913298788
2025-06-27,-0.001394101482075847
2025-06-28,0.0
2025-06-29,0.004053938555246118
2025-06-30,0.006118397372982069
2025-07-01,0.0011874134300070113
2025-07-02,0.005124137475247287
2025-07-03,0.0021364060839767192
2025-07-04,-0.004676721248181692
2025-07-05,0.0
2025-07-06,-0.0019057899576391344
2025-07-07,0.0013335344760125186
2025-07-08,-0.009620323629096277
2025-07-09,0.010625192446084581
2025-07-10,0.0003779619522247193
2025-07-11,0.004633377223884599
2025-07-12,0.0
2025-07-13,-0.003912938687516398
2025-07-14,0.006860594333487275
2025-07-15,-0.009560583308698413
2025-07-16,0.004684230615953087
2025-07-17,0.013252271801271535
2025-07-18,0.0002619963628206535
2025-07-19,0.0
2025-07-20,0.005513035379464214
2025-07-21,0.011133164577345669
2025-07-22,0.006662798643510748
2025-07-23,0.0001495140770089958
2025-07-24,-0.003545394812673695
2025-07-25,-0.007105782323790655
2025-07-26,0.0
2025-07-27,0.004870718876643313
2025-07-28,-0.008297370089009019
2025-07-29,-0.0003010274887597823
2025-07-30,0.0012369619890060634
2025-07-31,-0.017226485316494556
2025-08-01,0.004209699026513162
2025-08-02,0.0
2025-08-03,0.0004938106326507081
2025-08-04,0.013017437621953277
2025-08-05,-0.0026833619568238437
2025-08-06,0.005958264168926113
2025-08-07,0.002876268670986501
2025-08-08,0.009134505401436477
2025-08-09,0.0
2025-08-10,-0.004424298539806585
2025-08-11,-0.006991698453795836
2025-08-12,0.006181898116855369
2025-08-13,0.003136602264161902
2025-08-14,-0.0037299785066087082
2025-08-15,-0.005601670643024737
2025-08-16,0.0
2025-08-17,0.002316983288438037
2025-08-18,-0.003606627544837892
2025-08-19,-0.009450626622396242
2025-08-20,0.006431939067444853
2025-08-21,-0.004924076698028791
2025-08-22,0.021561989297131073
2025-08-23,0.0
2025-08-24,-0.0019666558819024394
2025-08-25,0.00026915313033370856
2025-08-26,0.002438955410864671
2025-08-27,0.0015644298494703166
2025-08-28,0.0055347640001240294
2025-08-29,0.009306658465862906
2025-08-30,0.0
2025-08-31,0.0074819574043380145
2025-09-01,0.00158804046186971
2025-09-02,0.003248999892324522
2025-09-03,0.0022424420182639826
2025-09-04,0.0065858457882896244
2025-09-05,0.009681065029776108
2025-09-06,0.0
2025-09-07,0.0015819700551890391
2025-09-08,0.012241203063146284
2025-09-09,-0.0029407661540269115
2025-09-10,-9.237884916094303e-05
2025-09-11,0.0043744223902378995
2025-09-12,0.00027128878481880067
2025-09-13,0.0
2025-09-14,0.003186551451805436
2025-09-15,0.010480264777275237
2025-09-16,0.0028882006433638583
2025-09-17,0.0001895319835873482
2025-09-18,8.902495063326957e-05
2025-09-19,0.00995080029155892
2025-09-20,0.0
2025-09-21,-0.0003079275446357709
2025-09-22,0.013845154708745038
2025-09-23,0.00024276170535861286
2025-09-24,-0.004814900183378693
2025-09-25,-0.004696711274725972
2025-09-26,0.008261372310052913
2025-09-27,0.0
2025-09-28,0.0068960055565451
2025-09-29,0.008816807165063872
2025-09-30,0.0020339189966123903
2025-10-01,0.0039388558283819574
2025-10-02,-0.0019677244106380714
2025-10-03,0.006253258569984902
2025-10-04,0.0
2025-10-05,0.005945729508866066
2025-10-06,0.006906336478433542
2025-10-07,0.004476010501743057
2025-10-08,0.004718961340654042
2025-10-09,-0.007056733529554005
2025-10-10,-0.020577825271069765
2025-10-11,0.0
2025-10-12,0.0068774088438249
2025-10-13,0.011090875152422632
2025-10-14,0.004231369309527524
2025-10-15,0.00930721874119264
2025-10-16,0.007331632406877823
2025-10-17,-0.01067081819607965
2025-10-18,0.0
2025-10-19,0.0012652808408589826
2025-10-20,0.008809928176745578
2025-10-21,-0.014999236542807647
2025-10-22,-0.003244874427229005
2025-10-23,0.005821192555585451
2025-10-24,0.004005156623837266
2025-10-25,0.0
2025-10-26,0.001400259353605268
2025-10-27,0.004843474142013353
2025-10-28,0.00046000391259741924
2025-10-29,-0.0005091668817496486
2025-10-30,-0.00178891656748801
2025-10-31,-0.0044462443344477675
2025-11-01,0.0
2025-11-02,0.001158283380276194
2025-11-03,-0.004327796098688783
2025-11-04,-0.006923834788850064
2025-11-05,0.004903598026213092
2025-11-06,-0.005622578525506194
2025-11-07,0.0023751011144927843
2025-11-08,0.0
2025-11-09,0.004998158356978537
2025-11-10,0.007853369270461338
2025-11-11,0.00040782585756000966
2025-11-12,0.0041810156395118165
2025-11-13,-0.008863374766987907
2025-11-14,-0.008725024401522136
2025-11-15,0.0
2025-11-16,0.00035433699283708605
2025-11-17,-0.011204339863613228
2025-11-18,2.7188483125486456e-05
2025-11-19,0.0018512284375138046
2025-11-20,-0.00784090014293672
2025-11-21,0.0004700181458035445
2025-11-22,0.0
2025-11-23,0.0003281374856448129
2025-11-24,0.006882822258010491
2025-11-25,0.007440269674431739
2025-11-26,0.0017224450855516749
2025-11-27,0.0011683033303574416
2025-11-28,0.00394150598767416
2025-11-29,0.0
2025-11-30,-0.0010065624796349027
2025-12-01,0.0004534978375745892
2025-12-02,0.0042897977088165225
2025-12-03,9.62943479943232e-05
2025-12-04,0.00135126292367577
2025-12-05,0.00028517819227651207
2025-12-06,0.0
2025-12-07,0.00017574915773568015
2025-12-08,-0.0026015257779578743
2025-12-09,-0.0006595799437160479
2025-12-10,0.0035909912342331914
2025-12-11,0.007236557204266662
2025-12-12,-0.0023534445083934212
2025-12-13,0.0
2025-12-14,-0.00043381069248731626
2025-12-15,-0.0032960980707115463
2025-12-16,0.001172640294873071
2025-12-17,-0.0016387980004809962
2025-12-18,0.000396563809344873
2025-12-19,0.003605323093957346
2025-12-20,0.0
2025-12-21,0.004291679285351506
2025-12-22,0.008492203240908687
2025-12-23,0.003235787962074503
2025-12-24,-0.0008168953390652427
2025-12-25,0.0021467358505208225
2025-12-26,-0.00011326469797996903
2025-12-27,0.0
2025-12-28,-0.00134562514126573
2025-12-29,-0.008569173490794068
2025-12-30,-0.006515669492823019
2025-12-31,-0.002508059299981168
2026-01-01,0.007187281691604872
2026-01-02,-0.010804002975890407
2026-01-03,0.0
2026-01-04,0.01046839300900404
2026-01-05,0.0023130744248514084
2026-01-06,0.005559055091888286
2026-01-07,-0.0027956407866490543
2026-01-08,0.004864539564891615
2026-01-09,0.012556439251628571
2026-01-10,0.0
2026-01-11,8.475868304838076e-05
2026-01-12,0.003665499227911599
2026-01-13,0.002690902113920677
2026-01-14,-0.005044051925546936
2026-01-15,0.00606021321643767
2026-01-16,-0.0010894331671931635
2026-01-17,0.0
2026-01-18,-0.00228722254864471
2026-01-19,0.003922475223877524
2026-01-20,0.014451122308200452
2026-01-21,-0.0001966039806163072
2026-01-22,0.01620321095394097
2026-01-23,0.007159505435627156
2026-01-24,0.0
2026-01-25,0.006533798008382034
2026-01-26,0.005903418573874553
2026-01-27,0.020737010049290065
2026-01-28,0.01764204410820337
2026-01-29,-0.019281641471990067
2026-01-30,-0.015388740273331205
2026-01-31,0.0
2026-02-01,-0.00799736149359403
2026-02-02,0.009251003534262076
2026-02-03,-0.0022954107913667767
2026-02-04,-0.007548373635258147
2026-02-05,-0.005733110806664615
2026-02-06,0.011378194405632081
2026-02-07,0.0
2026-02-08,0.0011103233246143535
2026-02-09,0.002428489900476851
2026-02-10,-4.111877326353445e-06
2026-02-11,-0.0004128148744778922
2026-02-12,-0.005001395910474849
2026-02-13,0.0012840611049079222
2026-02-14,0.0
2026-02-15,-0.00044612542470110156
2026-02-16,-0.0018527831009760368
2026-02-17,0.0013971826420490973
2026-02-18,0.0003630696810256765
2026-02-19,-0.00077386880744894
2026-02-20,0.0055142773237159045
2026-02-21,0.0
2026-02-22,-0.0006616059470707947
2026-02-23,-0.000992558530214148
2026-02-24,0.0028052704870563834
2026-02-25,0.003658514940612007
2026-02-26,-0.0037902277754763925
2026-02-27,0.002024219024622283
2026-02-28,0.0
2026-03-01,-0.0044051053634868885
2026-03-02,-0.004809044233058035
2026-03-03,-0.012038080251607056
2026-03-04,0.0037729455693041145
2026-03-05,-0.003709040864617256
2026-03-06,-0.0076573150191541085
2026-03-07,-0.012047744879256195
2026-03-08,-0.008464112460130532
2026-03-09,0.00850399806212439
2026-03-10,0.00311931517848763
2026-03-11,-0.0027473205175406416
2026-03-12,-0.0006561736953599574
2026-03-13,-0.002758633451229197
2026-03-15,0.0008117132216430191
2026-03-16,-0.0013300887590830925
2026-03-17,-0.004056929374666537
2026-03-18,0.0005465781259932009
2026-03-19,-0.008538542704117781
2026-03-20,-0.010259547834278569
2026-03-22,-0.0020873580380681945
2026-03-23,-0.0024187532076144044
2026-03-24,0.004486814617166969
2026-03-25,0.0009460042140589306
2026-03-26,-3.477558725978874e-05
2026-03-27,0.005114129699640254
2026-03-29,-0.0005954995248787857
2026-03-30,0.004340055871477136
2026-03-31,-0.0032498096305860775
2026-04-01,0.001428018523691024
2026-04-02,0.00040661205857473115
2026-04-03,0.004963762474244963
2026-04-05,-0.001412320336725733
2026-04-06,-0.0005714329281790323
2026-04-07,-0.006067104032791479
2026-04-08,-0.001477074558144522
2026-04-09,-0.0009370229355414823
2026-04-10,-0.0036895161223713647
2026-04-12,-0.003685671054829649
2026-04-13,0.008067578176732126
2026-04-14,0.004170433573048904
2026-04-15,0.002302713738210231
2026-04-16,-0.005216660595681238
2026-04-17,0.002997071958237044
2026-04-19,-0.0026166480123608377
2026-04-20,0.0024244423703486447
2026-04-21,-0.006955236372622797
2026-04-22,-0.00771688804599478
2026-04-23,-0.003163732241478224
2026-04-24,0.008441354568017239
2026-04-26,0.0013492625408691894
2026-04-27,0.01719326751188246
2026-04-28,0.016473996471952194
2026-04-29,0.014544795891972091
2026-04-30,0.02244575783088963
2026-05-01,-0.001702438536222631
2026-05-03,0.010740615374942154
2026-05-04,-0.00760508464485252
2026-05-05,0.0044488390565891175
2026-05-06,0.0029847205369423397
2026-05-07,-0.00317979155556291
2026-05-08,0.004059094174435658
2026-05-10,-0.004475771317245598
2026-05-11,0.0067735489356416986
2026-05-12,0.0013744655403849896
2026-05-13,0.002675052818901498
2026-05-14,-0.002319823228182791
2026-05-15,-0.008299803518216414
2026-05-17,0.003370117004568401
2026-05-18,0.004862224025178484
2026-05-19,-0.004231269293466253
2026-05-20,0.004421115758158562
2026-05-21,0.001596536780450322
2026-05-22,-0.0017083083397276223
2026-05-24,0.00812098116610787
2026-05-25,-0.00689318388870175
2026-05-26,-0.005629934487569499
2026-05-27,-0.01438647694012527
2026-05-28,0.005087502011336958
2026-05-29,0.004516570308017382
2026-05-31,-0.005975962879663664
2026-06-01,0.0009572804780733996
2026-06-02,0.0042797583271032775
2026-06-03,0.0024213846216685248
2026-06-04,0.00222634402466307
2026-06-05,-0.03251238930089013
2026-06-07,0.001561306301782228
2026-06-08,-0.0002815233454747946
2026-06-09,-0.011136919611214003
2026-06-10,0.003658864300406785
2026-06-11,-0.008549581988527198
2026-06-12,-0.0013392716295469844
2026-06-14,0.0008746773932993367
2026-06-15,-0.002708407201521377
2026-06-16,-0.0041615996805715256
2026-06-17,0.005231863072312508
2026-06-18,-0.00350625708739913
2026-06-19,-0.00030932623520485794
2026-06-21,-0.00413068272175734
2026-06-22,0.00484749794131928
2026-06-23,0.008300809148903784
2026-06-24,0.003269024798556109
2026-06-25,3.628724218002334e-05
2026-06-26,-0.008564620901509494
2026-06-28,0.0
2026-06-29,0.0
2026-06-30,0.0
2026-07-01,0.0
2026-07-02,0.0
2026-07-05,0.0
2026-07-06,0.0
2026-07-07,0.0
2026-07-08,0.0
2026-07-09,0.0
2026-07-12,0.0
2026-07-13,0.0
2026-07-14,0.0
2026-07-15,0.0
2026-07-16,0.0
2026-07-19,0.0
2026-07-20,0.0
2026-07-21,0.0
2026-07-22,0.0
2026-07-23,0.0
2026-07-26,0.0
2026-07-27,0.0
2026-07-28,0.0
2026-07-29,0.0
2026-07-30,0.0
2026-08-02,0.0
2026-08-03,0.0
2026-08-04,0.0
2026-08-05,0.0
2026-08-06,0.0
2026-08-09,0.0
2026-08-10,0.0
2026-08-11,0.0
2026-08-12,0.0
2026-08-13,0.0
2026-08-16,0.0
2026-08-17,0.0
2026-08-18,0.0
2026-08-19,0.0
2026-08-20,0.0
2026-08-23,0.0
