ts,ret
2011-02-16,0.0
2011-02-17,0.0
2011-02-18,0.0
2011-02-20,0.0
2011-02-21,0.0
2011-02-22,-0.0
2011-02-23,0.013164984181216302
2011-02-24,-0.0035231670735591273
2011-02-25,0.001666999594115733
2011-02-27,-0.0002727923816099427
2011-02-28,-0.0
2011-03-01,0.0
2011-03-02,0.0
2011-03-03,-0.0010483166987742445
2011-03-04,0.011131058876769137
2011-03-06,0.003449133583704131
2011-03-07,-0.003897563282094861
2011-03-08,-0.0024108497499513073
2011-03-09,0.006811482017925498
2011-03-10,-0.008526915511221879
2011-03-11,-0.006747516293010001
2011-03-13,-0.0002467584023901552
2011-03-14,-0.0
2011-03-15,-0.0
2011-03-16,0.002199042424360864
2011-03-17,-0.00023796950736745335
2011-03-18,-0.0
2011-03-20,0.0
2011-03-21,-0.0
2011-03-22,0.0
2011-03-23,0.0
2011-03-24,0.0
2011-03-25,0.0
2011-03-27,-0.0
2011-03-28,-0.0
2011-03-29,0.0
2011-03-30,0.0
2011-03-31,0.0
2011-04-01,0.0
2011-04-03,0.0002467440237784536
2011-04-04,-0.0010766344001611119
2011-04-05,-0.0002163194131988786
2011-04-06,0.0
2011-04-07,0.0
2011-04-08,0.006664243790655781
2011-04-10,-0.0013290195413021132
2011-04-11,-0.014083960046773621
2011-04-12,-0.00672068516920268
2011-04-13,0.005974754404819013
2011-04-14,0.0023556800134874943
2011-04-15,0.004062489813702645
2011-04-17,-0.00021699057023636946
2011-04-18,-0.0
2011-04-19,0.0
2011-04-20,0.010470942401105321
2011-04-21,-0.00021307676540631356
2011-04-24,0.0
2011-04-25,-0.0
2011-04-26,0.0
2011-04-27,0.0
2011-04-28,-0.0031811501828742867
2011-04-29,0.004144829681999987
2011-05-01,-0.0002147709641491923
2011-05-02,0.0
2011-05-03,-0.007392960553849982
2011-05-04,-0.006970435401474142
2011-05-05,-0.026663254104611518
2011-05-06,-0.008158284349822643
2011-05-08,0.0012439629041594309
2011-05-09,0.008335071851358646
2011-05-10,0.008674160626800799
2011-05-11,-0.011511206173762679
2011-05-12,-0.0025110844614547557
2011-05-13,0.002228605079759248
2011-05-15,-0.0002229722075083392
2011-05-16,-0.0
2011-05-17,0.0
2011-05-18,0.008264206362639857
2011-05-19,-0.00022561863034409492
2011-05-20,0.0
2011-05-22,-0.0029546395382527854
2011-05-23,-0.0034866574127305674
2011-05-24,-0.00022855918907878768
2011-05-25,0.0
2011-05-26,-0.0
2011-05-27,0.0
2011-05-29,-0.0
2011-05-30,0.0
2011-05-31,0.0
2011-06-01,-0.0
2011-06-02,0.0015249127189999711
2011-06-03,0.00016811552920554021
2011-06-05,-0.0016492308008697225
2011-06-06,0.004590760171068378
2011-06-07,-0.0002400227793220168
2011-06-08,-0.011291100474067154
2011-06-09,-0.0021885677771415206
2011-06-10,0.010158678051569961
2011-06-12,-0.0005312697812153392
2011-06-13,0.006070202064936584
2011-06-14,-0.006482283440514736
2011-06-15,0.012124250865025329
2011-06-16,0.0022650361824412646
2011-06-17,-0.0002368026686098058
2011-06-19,0.0
2011-06-20,-0.0
2011-06-21,0.0
2011-06-22,-0.0
2011-06-23,0.0
2011-06-24,0.0019762220360185173
2011-06-26,-0.0002556046214737908
2011-06-27,-0.0
2011-06-28,-0.0
2011-06-29,-0.0
2011-06-30,0.00079210425822214
2011-07-01,-0.0002421227735476323
2011-07-03,-0.0
2011-07-04,0.0
2011-07-05,-0.0
2011-07-06,-0.0
2011-07-07,-0.0
2011-07-08,0.006357855444892035
2011-07-10,0.002192288751095096
2011-07-11,0.004834825388767285
2011-07-12,-0.008531340345132359
2011-07-13,-0.005330775641641782
2011-07-14,0.006200717481433226
2011-07-15,-0.0042068352281321485
2011-07-17,-0.00026560347273507363
2011-07-18,0.0
2011-07-19,-0.0
2011-07-20,0.0
2011-07-21,-0.005692290324160438
2011-07-22,-0.00028205147236179943
2011-07-24,0.0
2011-07-25,-0.0
2011-07-26,0.0
2011-07-27,0.008387148298907155
2011-07-28,-0.0002982073852643036
2011-07-29,-0.00029865172818943023
2011-07-31,-0.0
2011-08-01,0.007343566100226327
2011-08-02,0.00793867162702311
2011-08-03,0.005732926538068825
2011-08-04,0.02577047237267439
2011-08-05,-0.0034934110958500437
2011-08-07,0.012219793735850325
2011-08-08,0.030345502614002835
2011-08-09,-0.020614004803594373
2011-08-10,-0.0025945319750658447
2011-08-11,-0.008645749800491103
2011-08-12,-0.0007563924471365988
2011-08-14,-0.00022809877826894173
2011-08-15,-0.0
2011-08-16,0.0
2011-08-17,-0.0
2011-08-18,0.0
2011-08-19,-0.0
2011-08-21,-0.0
2011-08-22,-0.0
2011-08-23,-0.0
2011-08-24,0.0
2011-08-25,0.0
2011-08-26,-0.0
2011-08-28,0.0
2011-08-29,-0.0
2011-08-30,-0.0
2011-08-31,-0.0
2011-09-01,0.0
2011-09-02,0.0
2011-09-04,0.0
2011-09-05,0.005208124395950553
2011-09-06,-0.006950908042450837
2011-09-07,-0.009980272910825982
2011-09-08,0.00035077657957028127
2011-09-09,0.006846697494889295
2011-09-11,0.0031200993034945536
2011-09-12,-0.008348272524894639
2011-09-13,-0.0017123282692480843
2011-09-14,0.0018001754090935223
2011-09-15,-0.0029553663515729444
2011-09-16,-0.0002062870281151021
2011-09-18,0.0
2011-09-19,0.0
2011-09-20,-0.0
2011-09-21,0.0
2011-09-22,0.009550179185475459
2011-09-23,0.0037060846925816805
2011-09-25,9.638152254217743e-05
2011-09-26,-0.006634281953142128
2011-09-27,-0.00360620245522272
2011-09-28,-0.0002209273440876176
2011-09-29,-0.0
2011-09-30,0.0118048117560649
2011-10-02,0.0012755517805202344
2011-10-03,0.005090677508898604
2011-10-04,-0.0033292846502064664
2011-10-05,-0.005945955856501163
2011-10-06,-0.009284499608540551
2011-10-07,-0.00034996985960313525
2011-10-09,-0.00207361481252827
2011-10-10,-0.0054564184891769075
2011-10-11,-0.00019622844326534886
2011-10-12,-0.0003362715961024631
2011-10-13,-0.00019785511892907897
2011-10-14,-0.009650624028951109
2011-10-16,-0.00020075894474311993
2011-10-17,0.0
2011-10-18,-0.0
2011-10-19,0.0
2011-10-20,-0.0
2011-10-21,-0.004277177132380823
2011-10-23,-0.00023754112572861827
2011-10-24,-0.0
2011-10-25,-0.005557164414063862
2011-10-26,0.003685319981470777
2011-10-27,-0.004794191865369146
2011-10-28,-0.0006028523448775309
2011-10-30,-0.00024072837224685772
2011-10-31,0.0
2011-11-01,0.0
2011-11-02,0.0003161809410015404
2011-11-03,-0.00024037133180244253
2011-11-04,0.0
2011-11-06,0.0
2011-11-07,0.0
2011-11-08,0.004481508348318551
2011-11-09,-0.0045706231695479245
2011-11-10,0.008495045247837268
2011-11-11,0.0036018367743288
2011-11-13,-0.00022292161830852792
2011-11-14,-0.0
2011-11-15,0.0026709758662773757
2011-11-16,0.011854185659079922
2011-11-17,-0.011234095534057255
2011-11-18,-0.00023397120861328607
2011-11-20,-0.0008885898332384929
2011-11-21,-0.002118921598769593
2011-11-22,-0.0002327057427909916
2011-11-23,-0.00223838196045135
2011-11-24,-0.00023810946112232844
2011-11-25,0.0
2011-11-27,0.0
2011-11-28,-0.0
2011-11-29,0.005627201263893662
2011-11-30,0.004965047732228551
2011-12-01,-0.00023283955358712605
2011-12-02,0.0
2011-12-04,0.0
2011-12-05,-0.0
2011-12-06,0.0
2011-12-07,-0.0
2011-12-08,-0.009121444501513021
2011-12-09,0.005994712129525251
2011-12-11,-0.0027882039261506292
2011-12-12,-0.004971749385774802
2011-12-13,-0.0002759201948565532
2011-12-14,-0.017065435561282705
2011-12-15,-0.005260277056768636
2011-12-16,-0.0002788470933926266
2011-12-18,-0.0
2011-12-19,0.0
2011-12-20,0.0
2011-12-21,0.0
2011-12-22,0.0
2011-12-23,-0.0
2011-12-26,-0.0
2011-12-27,0.0
2011-12-28,-0.0
2011-12-29,0.0
2011-12-30,-0.0
2012-01-02,0.0
2012-01-03,0.0
2012-01-04,0.001380510665971729
2012-01-05,-0.0062427382103712546
2012-01-06,0.0014181063174471178
2012-01-08,-0.0037044648571424076
2012-01-09,0.0032552041357076017
2012-01-10,0.0004079659330884574
2012-01-11,-0.0016797511496532264
2012-01-12,-0.005215669612579436
2012-01-13,-0.00370344394673144
2012-01-15,-0.0010886698707958727
2012-01-16,0.006044533546021871
2012-01-17,0.004585504216190926
2012-01-18,0.00012346398134689403
2012-01-19,-0.0030342784704255566
2012-01-20,-0.0003003377645807335
2012-01-22,-0.0018688263947057428
2012-01-23,0.007598944067174599
2012-01-24,-0.0003028280533626376
2012-01-25,0.0
2012-01-26,-0.0011931797286060066
2012-01-27,-0.0002990652595831227
2012-01-29,-0.0
2012-01-30,0.0
2012-01-31,-0.0
2012-02-01,-0.005994783010575063
2012-02-02,-0.0050133159669937585
2012-02-03,0.006895887692819743
2012-02-05,-0.0024898140654228606
2012-02-06,-0.00192144216240435
2012-02-07,-0.0003308740625270025
2012-02-08,0.0015902800753425322
2012-02-09,0.002704312289651539
2012-02-10,-0.0023042459406445257
2012-02-12,0.0029968192398195075
2012-02-13,0.0041156052390055224
2012-02-14,-0.00032458800749072533
2012-02-15,-0.0010154004575704994
2012-02-16,-0.0003205420358741139
2012-02-17,0.0
2012-02-19,0.0
2012-02-20,-0.0
2012-02-21,0.0
2012-02-22,-0.0013347010803464448
2012-02-23,-0.00031503014899611644
2012-02-24,0.005199849426191497
2012-02-26,-0.0003136951195681988
2012-02-27,-0.0
2012-02-28,-0.005123025118800495
2012-02-29,-0.0002080800914708373
2012-03-01,0.0073727912401050765
2012-03-02,-0.010766298083010264
2012-03-04,0.001974950526275034
2012-03-05,-0.0020026166002789394
2012-03-06,-0.0003955195068664628
2012-03-07,0.00722193091370215
2012-03-08,0.0025878526732886742
2012-03-09,0.002793926151517042
2012-03-11,-0.0031774021384081627
2012-03-12,0.0006741159342754025
2012-03-13,-0.0003953092317316573
2012-03-14,-0.0
2012-03-15,-0.0
2012-03-16,0.009470647714271285
2012-03-18,-0.00042063505907227614
2012-03-19,0.0
2012-03-20,-0.0
2012-03-21,-0.0020885474612710123
2012-03-22,-0.0004221147110132621
2012-03-23,0.006577912369438596
2012-03-25,-0.0004224093525573981
2012-03-26,0.0
2012-03-27,-0.0
2012-03-28,-0.0
2012-03-29,-0.011790216540389878
2012-03-30,-0.0034272164002941367
2012-04-01,-0.00042857948939544
2012-04-02,0.0
2012-04-03,-0.007975088501763455
2012-04-04,-0.00045820152177735454
2012-04-05,0.006214513126995524
2012-04-08,-0.0004484513912194725
2012-04-09,-0.0
2012-04-10,-0.0
2012-04-11,-0.011862114279282741
2012-04-12,0.0032424178509599293
2012-04-13,-0.0025401068185124656
2012-04-15,-0.0004270673529388132
2012-04-16,0.0
2012-04-17,0.007310460809978426
2012-04-18,-0.00043412036081619357
2012-04-19,-0.0
2012-04-20,0.0
2012-04-22,-0.0
2012-04-23,-0.0
2012-04-24,0.0
2012-04-25,0.0
2012-04-26,0.00037432396228731995
2012-04-27,-0.0004329121847280772
2012-04-29,-0.0
2012-04-30,0.0
2012-05-01,0.0
2012-05-02,-0.005453726799516839
2012-05-03,-0.015170688766474398
2012-05-04,-0.02567287917948192
2012-05-06,0.010071069310908252
2012-05-07,-0.006841274118523682
2012-05-08,-0.00822049702150036
2012-05-09,-0.003340548387579155
2012-05-10,0.003807665078018645
2012-05-11,0.0020922666605370423
2012-05-13,-0.00042121348736889696
2012-05-14,0.0
2012-05-15,0.0
2012-05-16,-0.0019496818817078337
2012-05-17,0.003353425402406837
2012-05-18,-0.0004526440434889034
2012-05-20,-0.0
2012-05-21,-0.0
2012-05-22,0.0
2012-05-23,0.0
2012-05-24,0.0
2012-05-25,-0.0
2012-05-27,-0.0
2012-05-28,0.0
2012-05-29,0.0
2012-05-30,0.017886886602335145
2012-05-31,0.007861870908688923
2012-06-01,0.019201662370039754
2012-06-03,0.006106405908752573
2012-06-04,-0.016436616818109016
2012-06-05,0.0002609035100521493
2012-06-06,-0.0004023929271823711
2012-06-07,0.013099065350391648
2012-06-08,-0.007595363481326776
2012-06-10,-0.00886250773952937
2012-06-11,0.02308900536302276
2012-06-12,-0.005681947717887877
2012-06-13,-0.0003103582683550951
2012-06-14,-0.01049552294303959
2012-06-15,-0.00035397245144708043
2012-06-17,-0.0
2012-06-18,0.0
2012-06-19,-0.0
2012-06-20,0.0
2012-06-21,0.008011247425022416
2012-06-22,-0.007503197312972151
2012-06-24,-0.00034182476788813086
2012-06-25,0.0
2012-06-26,-0.0
2012-06-27,-0.0
2012-06-28,0.0
2012-06-29,-0.028968523860979898
2012-07-01,0.0034955452557373116
2012-07-02,-0.00027247213853566114
2012-07-03,-0.012815521081069611
2012-07-04,0.00179014823973019
2012-07-05,0.0007605090714747489
2012-07-06,0.009842830248862136
2012-07-08,-0.00025966422486605807
2012-07-09,0.0
2012-07-10,0.0
2012-07-11,-0.0
2012-07-12,-0.0
2012-07-13,-0.0
2012-07-15,0.0
2012-07-16,-0.0
2012-07-17,-0.0
2012-07-18,-0.0
2012-07-19,-0.0
2012-07-20,0.0
2012-07-22,0.0
2012-07-23,0.0
2012-07-24,-0.0010114573647091014
2012-07-25,-0.0014331129573896
2012-07-26,-0.0029893926394811564
2012-07-27,-0.0002395627048679548
2012-07-29,0.0
2012-07-30,0.0
2012-07-31,0.0
2012-08-01,-0.003467192726152744
2012-08-02,0.004609522297265533
2012-08-03,-0.013523679367791178
2012-08-05,0.0006376865354990629
2012-08-06,-0.0029852483053885363
2012-08-07,-0.00022194637701154497
2012-08-08,-0.0010748743891055984
2012-08-09,0.0005103333885618203
2012-08-10,0.00012846961707921954
2012-08-12,-0.00022613388745033533
2012-08-13,0.0
2012-08-14,-0.0015693776440023803
2012-08-15,-0.00023456959759716745
2012-08-16,-0.00287234484829151
2012-08-17,-0.00022988995187981541
2012-08-19,0.0
2012-08-20,0.0
2012-08-21,0.0
2012-08-22,0.0
2012-08-23,-0.0
2012-08-24,0.0
2012-08-26,0.0
2012-08-27,-0.0
2012-08-28,0.0015612772089112028
2012-08-29,-0.0002549347720881383
2012-08-30,-0.0
2012-08-31,0.0
2012-09-02,-0.0008561786703967506
2012-09-03,0.0035844980712119692
2012-09-04,-0.00693063102628115
2012-09-05,0.002601572043487149
2012-09-06,-0.004719965640721739
2012-09-07,0.005822886808165182
2012-09-09,-5.2707965403034683e-05
2012-09-10,-2.3123358148617815e-06
2012-09-11,-0.0003237625051712285
2012-09-12,0.0
2012-09-13,0.0
2012-09-14,-4.7815706389044035e-05
2012-09-16,0.0007937037248221579
2012-09-17,-0.011159298852067743
2012-09-18,-0.007233095021876243
2012-09-19,-0.0003726958802710792
2012-09-20,0.0
2012-09-21,0.0
2012-09-23,-0.0
2012-09-24,0.0
2012-09-25,-0.0
2012-09-26,-0.0
2012-09-27,0.01018647627235016
2012-09-28,-0.000350993829172092
2012-09-30,-0.0
2012-10-01,0.0
2012-10-02,-0.0
2012-10-03,-0.0
2012-10-04,0.01587804702542426
2012-10-05,-0.007332383930230558
2012-10-07,-0.002141617867377118
2012-10-08,0.0031005711457027427
2012-10-09,-0.00032528775699505703
2012-10-10,-0.001919654212598625
2012-10-11,0.0033435123038627395
2012-10-12,-0.002829721346230619
2012-10-14,-0.00033369834215862874
2012-10-15,0.0
2012-10-16,0.0017527786378656865
2012-10-17,-0.00035869590462532606
2012-10-18,0.0
2012-10-19,-0.0
2012-10-21,0.0
2012-10-22,0.0
2012-10-23,0.010122119144051117
2012-10-24,0.00593056460526593
2012-10-25,-0.00026693150199526945
2012-10-26,-0.000370109989661386
2012-10-28,0.0
2012-10-29,0.0
2012-10-30,-0.0
2012-10-31,-0.0
2012-11-01,-0.0
2012-11-02,0.0
2012-11-04,-0.0021526630778654263
2012-11-05,-0.00222755247523097
2012-11-06,-0.0003650799309292815
2012-11-07,0.017605987451418118
2012-11-08,-0.002235898531577875
2012-11-09,-0.003227775533690791
2012-11-11,-0.0008897056828503049
2012-11-12,0.00608134916060701
2012-11-13,-0.0021380901036353412
2012-11-14,-0.004543130065804268
2012-11-15,-0.0003478597198454596
2012-11-16,-0.0
2012-11-18,-0.0033284210492357754
2012-11-19,-0.006549696509893223
2012-11-20,-0.00034348319868947406
2012-11-21,-0.0041376313156622
2012-11-22,-0.0003313236285195629
2012-11-23,-0.0
2012-11-25,0.0
2012-11-26,-0.0
2012-11-27,0.0
2012-11-28,0.0
2012-11-29,-0.0
2012-11-30,-0.006554451960180833
2012-12-02,-0.00034741210164825124
2012-12-03,0.0
2012-12-04,-0.0011916418322023125
2012-12-05,-0.00035160216524226417
2012-12-06,0.0
2012-12-07,0.0022305903839692984
2012-12-09,-0.0008873815477774646
2012-12-10,0.0028676533724001723
2012-12-11,-0.0003667399841909002
2012-12-12,-0.0
2012-12-13,-0.00022054956935816335
2012-12-14,-0.0020346624452685547
2012-12-16,-0.00018457613748279304
2012-12-17,-0.005430619430885981
2012-12-18,-0.00041107994102972177
2012-12-19,-0.0
2012-12-20,0.00214954452633539
2012-12-21,-0.0004102107998614045
2012-12-23,0.0
2012-12-24,-0.0
2012-12-26,-0.0
2012-12-27,-0.0
2012-12-28,0.0
2012-12-30,-0.0
2012-12-31,0.0
2013-01-01,-0.0
2013-01-02,0.0
2013-01-03,-0.004070805499766163
2013-01-04,-0.006068531257055168
2013-01-06,-0.0021576235830668626
2013-01-07,0.0017488579229060115
2013-01-08,-0.0011046983793856027
2013-01-09,0.002986147308306123
2013-01-10,0.0021569092757379826
2013-01-11,-0.0006975122211621744
2013-01-13,0.002505979540814344
2013-01-14,-0.0018968707705910187
2013-01-15,-0.0015185890604849021
2013-01-16,0.0013992448405431971
2013-01-17,0.01119259689882482
2013-01-18,-0.000455110503614485
2013-01-20,-0.0
2013-01-21,0.0
2013-01-22,0.0
2013-01-23,-0.008554346263554577
2013-01-24,0.002244464202130483
2013-01-25,0.0015817063756363872
2013-01-27,-0.0005278852135583683
2013-01-28,0.0
2013-01-29,0.0
2013-01-30,0.001473885550858439
2013-01-31,-0.000543035859245229
2013-02-01,8.718872377637746e-05
2013-02-03,-0.0010468768530418776
2013-02-04,-0.012493614134676591
2013-02-05,-0.0006249455990308709
2013-02-06,0.0
2013-02-07,-0.006565385799683717
2013-02-08,-0.002638680190788555
2013-02-10,-0.0009917166029642381
2013-02-11,0.011450732876465964
2013-02-12,0.006275742713606758
2013-02-13,-0.004497346667148185
2013-02-14,0.0017551226533021047
2013-02-15,-0.000623298355261693
2013-02-17,-0.0
2013-02-18,-0.0
2013-02-19,0.0
2013-02-20,-0.0
2013-02-21,-0.009338597201983505
2013-02-22,0.0008837829756989026
2013-02-24,-0.000568249643407781
2013-02-25,-0.0
2013-02-26,0.0
2013-02-27,0.0
2013-02-28,-0.0
2013-03-01,-0.0
2013-03-03,-0.005145853378115864
2013-03-04,-0.00016844866296742876
2013-03-05,0.005583901669217828
2013-03-06,-0.000583998604935269
2013-03-07,0.008492369076322415
2013-03-08,0.004724565233280469
2013-03-10,-0.0005997866579383481
2013-03-11,0.0
2013-03-12,0.0
2013-03-13,-0.004314620445904576
2013-03-14,0.007608226869336507
2013-03-15,-0.0005973313511128561
2013-03-17,-0.0
2013-03-18,0.0
2013-03-19,-0.0
2013-03-20,0.0
2013-03-21,-0.006781713654244276
2013-03-22,0.01034385553355195
2013-03-24,-0.0005439695021444325
2013-03-25,0.0
2013-03-26,0.010551792067820542
2013-03-27,0.0030304997788997484
2013-03-28,-0.000501760477789171
2013-03-31,-0.0
2013-04-01,0.0
2013-04-02,-0.0
2013-04-03,-0.017932396997204388
2013-04-04,-0.007327227581384048
2013-04-05,-0.002411647300803203
2013-04-07,-0.0016871943799090469
2013-04-08,-0.006611523288244034
2013-04-09,-0.0005086965289736044
2013-04-10,0.003771000206946307
2013-04-11,-0.00846918799528607
2013-04-12,-0.0005269072178813571
2013-04-14,0.008676922944843972
2013-04-15,0.018483757616791913
2013-04-16,-0.013062203186427361
2013-04-17,0.01670697724281081
2013-04-18,-0.011947991478323252
2013-04-19,-0.00043535635214983487
2013-04-21,-0.0
2013-04-22,0.0
2013-04-23,-0.0
2013-04-24,-0.015576131937116208
2013-04-25,-0.00813440387288615
2013-04-26,0.002352142893513334
2013-04-28,-0.0003777302620390249
2013-04-29,-0.0
2013-04-30,0.0
2013-05-01,0.009488804278111307
2013-05-02,-0.014145412078404541
2013-05-03,-0.00864526869899249
2013-05-05,-0.004994151731770971
2013-05-06,0.003176781538820099
2013-05-07,0.0009474458954249125
2013-05-08,-0.005359162543601337
2013-05-09,0.0029047219162924892
2013-05-10,-0.0016347502210048858
2013-05-12,0.0026934596941790793
2013-05-13,-0.0007584208919250871
2013-05-14,0.005353586018663632
2013-05-15,-0.00035870969768794016
2013-05-16,-0.005194229692397835
2013-05-17,-0.004639742031555085
2013-05-19,-0.00034933572894743273
2013-05-20,-0.0
2013-05-21,0.0
2013-05-22,0.0
2013-05-23,-0.002625440278119296
2013-05-24,0.0012826417587830333
2013-05-26,-0.0003477822684945644
2013-05-27,-0.0
2013-05-28,0.0
2013-05-29,-0.0
2013-05-30,0.002118303337909633
2013-05-31,-0.010237358302669043
2013-06-02,-0.0011137015092436524
2013-06-03,-0.006604551991946305
2013-06-04,0.0029292327272756394
2013-06-05,-2.1950790089312858e-07
2013-06-06,0.005319861732463401
2013-06-07,0.006799733169548097
2013-06-09,-5.057589143415246e-05
2013-06-10,-0.001676602779879566
2013-06-11,-0.00034034053320142557
2013-06-12,0.0
2013-06-13,0.0
2013-06-14,0.0
2013-06-16,-0.0
2013-06-17,0.0
2013-06-18,0.0
2013-06-19,-0.0
2013-06-20,-0.0
2013-06-21,-0.007066334478729189
2013-06-23,-0.0016542991026267993
2013-06-24,0.006620934346203457
2013-06-25,-0.000998505625783606
2013-06-26,-0.00035849728611643295
2013-06-27,0.006024206120608701
2013-06-28,-0.004078373953906074
2013-06-30,-0.0003892396630041869
2013-07-01,-0.0
2013-07-02,0.0
2013-07-03,-0.00403998066885266
2013-07-04,-0.0004060279681539618
2013-07-05,0.012043857015214815
2013-07-07,-0.000341580577257458
2013-07-08,-0.0
2013-07-09,0.0
2013-07-10,0.008770656357306925
2013-07-11,-0.006718772929646897
2013-07-12,0.0066309092438926786
2013-07-14,-0.00034578328886989383
2013-07-15,0.0
2013-07-16,-0.0
2013-07-17,0.0
2013-07-18,0.0
2013-07-19,0.0
2013-07-21,-0.0
2013-07-22,-0.0
2013-07-23,-0.0006882742201140839
2013-07-24,-0.00035084402370668793
2013-07-25,0.0027203735785041303
2013-07-26,-0.004682637334537787
2013-07-28,-0.0003487603005304867
2013-07-29,-0.0
2013-07-30,-0.0
2013-07-31,0.0
2013-08-01,0.015623690120685593
2013-08-02,-0.008295858394662141
2013-08-04,0.00041489181949408655
2013-08-05,-0.0028555277163015013
2013-08-06,-0.00033232615878174234
2013-08-07,-0.004074706357301213
2013-08-08,-0.001995746748361336
2013-08-09,0.009489081383716236
2013-08-11,-0.00039434042444130347
2013-08-12,0.0004858095610611902
2013-08-13,0.0019056839982899113
2013-08-14,0.0026853750658430674
2013-08-15,0.00038853586025994885
2013-08-16,-0.00033822659231554677
2013-08-18,-0.0
2013-08-19,-0.0
2013-08-20,-0.0
2013-08-21,-0.0058007305224533545
2013-08-22,0.006821383330488374
2013-08-23,-0.0003402387870343403
2013-08-25,0.00257434703946641
2013-08-26,-0.002510444154264774
2013-08-27,-0.0003250444451205348
2013-08-28,-0.007384087527875058
2013-08-29,-0.008410807319412758
2013-08-30,-0.00030240077685188954
2013-09-01,-0.0
2013-09-02,0.0
2013-09-03,0.006695919153235704
2013-09-04,-0.003385225943760207
2013-09-05,-0.0003030847938411747
2013-09-06,0.0
2013-09-08,1.8901243819505371e-07
2013-09-09,-0.007110098928480141
2013-09-10,-0.007297482744090785
2013-09-11,0.003016234751247692
2013-09-12,-0.000322228925179544
2013-09-13,-0.0
2013-09-15,-0.0
2013-09-16,-0.0
2013-09-17,-0.0017192654175931302
2013-09-18,0.014238816419980512
2013-09-19,-0.0003381933079725912
2013-09-20,-0.0
2013-09-22,-0.0012961550330136827
2013-09-23,-0.005656005585111261
2013-09-24,-0.00032879902141063505
2013-09-25,-0.004581199731186112
2013-09-26,-0.00032874002097914534
2013-09-27,0.0
2013-09-29,-0.0
2013-09-30,0.0
2013-10-01,-0.0
2013-10-02,0.0
2013-10-03,-0.0026668805111256955
2013-10-04,-0.0003275063811540852
2013-10-06,-0.0
2013-10-07,-0.0
2013-10-08,-0.0021228648918879007
2013-10-09,-0.0003349304599706407
2013-10-10,-0.005643660986855214
2013-10-11,0.00477364984486985
2013-10-13,-5.419007689172429e-05
2013-10-14,-0.0020841814013512067
2013-10-15,-0.0003577978686500063
2013-10-16,-0.005104567798249562
2013-10-17,-0.00035928650666765944
2013-10-18,-0.0007604099159213408
2013-10-20,-0.0003547781169467223
2013-10-21,0.0
2013-10-22,0.0
2013-10-23,0.0029276120545991295
2013-10-24,0.0007376034275372774
2013-10-25,-0.0029571151416853737
2013-10-27,-0.00036826342673082144
2013-10-28,-0.0
2013-10-29,0.0
2013-10-30,0.0
2013-10-31,0.0011792330095317873
2013-11-01,0.009199466660667507
2013-11-03,0.00038417563195519044
2013-11-04,-0.00022278188787657223
2013-11-05,-0.0003901362894511893
2013-11-06,-0.005880617057578068
2013-11-07,0.002375320744488152
2013-11-08,0.00018819802305508236
2013-11-10,-0.002304667202713074
2013-11-11,-0.0006034352774871134
2013-11-12,-0.00047283252306825143
2013-11-13,-0.00619866819448889
2013-11-14,-0.0016110992855170592
2013-11-15,0.0033647415618251273
2013-11-17,-0.0004753840516331419
2013-11-18,0.0
2013-11-19,-0.0
2013-11-20,0.0
2013-11-21,-0.0
2013-11-22,0.0
2013-11-24,0.005648044848200854
2013-11-25,-0.0032367883778613073
2013-11-26,0.006488942565587437
2013-11-27,-0.0004951103347066513
2013-11-28,-0.0
2013-11-29,-0.0
2013-12-01,-0.0
2013-12-02,-0.0
2013-12-03,-0.026137980786672715
2013-12-04,-0.0012043718007879018
2013-12-05,-0.0002712077523763298
2013-12-06,-0.00046863651324541517
2013-12-08,-0.0
2013-12-09,0.0005403279764727248
2013-12-10,-0.0004703929180219135
2013-12-11,0.0064826131856787865
2013-12-12,-0.0005778848543300738
2013-12-13,-0.0004951296944883214
2013-12-15,0.0002107742300795245
2013-12-16,-0.006911179354727291
2013-12-17,-0.0004887269462039539
2013-12-18,-0.0
2013-12-19,-0.0
2013-12-20,-0.0
2013-12-22,-0.0
2013-12-23,0.0
2013-12-24,-0.0
2013-12-26,-0.0
2013-12-27,-0.0
2013-12-29,-0.0
2013-12-30,0.0
2013-12-31,0.0
2014-01-01,-0.0
2014-01-02,0.0
2014-01-03,0.007857657380550812
2014-01-05,0.0012338820332282662
2014-01-06,0.0029777125758578796
2014-01-07,-0.0022252742280567377
2014-01-08,0.009326735636136617
2014-01-09,0.0009719623758838084
2014-01-10,-0.0025429412335178725
2014-01-12,0.0029458569665339026
2014-01-13,0.0033129819334256497
2014-01-14,-0.004134523968126697
2014-01-15,-0.012204810501830596
2014-01-16,0.0010841123672359048
2014-01-17,-0.0004806294304854554
2014-01-19,0.0
2014-01-20,-0.0
2014-01-21,-0.0
2014-01-22,-0.007720354213213045
2014-01-23,-0.006979183650674601
2014-01-24,0.00413873421376138
2014-01-26,0.0011360003191050727
2014-01-27,0.005847482727726516
2014-01-28,-0.009835945332166885
2014-01-29,-0.0004633962554954106
2014-01-30,-0.0
2014-01-31,0.0
2014-02-02,0.0009547664088620234
2014-02-03,-0.0056187222586352725
2014-02-04,0.00747259364546911
2014-02-05,-0.0004794975127591904
2014-02-06,-6.832245691644684e-05
2014-02-07,0.017138640977053934
2014-02-09,-0.002030913837630603
2014-02-10,0.001947930626637429
2014-02-11,0.002137231730808882
2014-02-12,-0.0004546623848926218
2014-02-13,0.0024055830519809107
2014-02-14,-0.0005069979273561847
2014-02-16,0.0
2014-02-17,0.0
2014-02-18,0.0
2014-02-19,-0.0
2014-02-20,0.0
2014-02-21,-0.0
2014-02-23,0.0
2014-02-24,-0.0
2014-02-25,-0.0
2014-02-26,0.0
2014-02-27,-0.0
2014-02-28,0.0
2014-03-02,0.0
2014-03-03,0.0
2014-03-04,-0.009648192211176024
2014-03-05,-0.015136957614471848
2014-03-06,0.0054879233111289226
2014-03-07,0.00446457605096475
2014-03-09,-0.0007711846849876712
2014-03-10,-0.0086171995594909
2014-03-11,-0.010557644710607479
2014-03-12,-0.00918027817863453
2014-03-13,0.00012063759378308748
2014-03-14,0.006305021743465948
2014-03-16,-0.0004948490986713509
2014-03-17,-0.0
2014-03-18,0.0
2014-03-19,-0.0
2014-03-20,-0.0
2014-03-21,0.006853486871535659
2014-03-23,-0.0004902754327883061
2014-03-24,0.0
2014-03-25,-0.0
2014-03-26,0.0
2014-03-27,0.0
2014-03-28,0.0
2014-03-30,-0.0
2014-03-31,-0.0
2014-04-01,-0.0
2014-04-02,0.002236750942941839
2014-04-03,0.005758807140076614
2014-04-04,-0.00048785534649532216
2014-04-06,-0.0
2014-04-07,0.0
2014-04-08,0.00982549456596233
2014-04-09,0.005931150130225924
2014-04-10,-7.159429513833745e-05
2014-04-11,0.001101824104161498
2014-04-13,0.00593236836611718
2014-04-14,-0.006269527091230339
2014-04-15,0.0029431385405909063
2014-04-16,-0.0004762134557140525
2014-04-17,0.003438767527926162
2014-04-20,-0.00048069058266123364
2014-04-21,-0.0
2014-04-22,-0.0
2014-04-23,-0.0005026728753604716
2014-04-24,0.00215602525005186
2014-04-25,-0.0005082441734292424
2014-04-27,0.0
2014-04-28,0.0
2014-04-29,-0.0
2014-04-30,-0.0
2014-05-01,-0.002414042727210299
2014-05-02,-0.0005264080058941985
2014-05-04,-0.0
2014-05-05,-0.0
2014-05-06,0.0
2014-05-07,0.005440465943656321
2014-05-08,-0.003247899250389941
2014-05-09,-0.002676907390284889
2014-05-11,0.0001489519946364585
2014-05-12,0.003523268502784785
2014-05-13,-0.0005155607113407068
2014-05-14,-7.318549690822358e-05
2014-05-15,-0.0005144166646232695
2014-05-16,0.0007989127523989769
2014-05-18,-0.0005573304775154062
2014-05-19,0.0
2014-05-20,0.0
2014-05-21,0.008608318094158738
2014-05-22,-0.0022621029729676455
2014-05-23,-0.0005805065929230873
2014-05-25,-0.0
2014-05-26,0.0
2014-05-27,-0.0
2014-05-28,-0.0
2014-05-29,0.003178638188655554
2014-05-30,-0.0006355818214276456
2014-06-02,-0.0
2014-06-03,0.0
2014-06-04,-0.0
2014-06-05,-0.0012138185545480132
2014-06-06,-0.0027081692202046937
2014-06-08,-0.0002940276756489644
2014-06-09,-0.018227315389284966
2014-06-10,-0.003242750825923225
2014-06-11,0.0016020781284495913
2014-06-12,-0.0006070585710326105
2014-06-13,-0.004533485208798757
2014-06-15,0.004463364144170926
2014-06-16,-0.005401352929570424
2014-06-17,-0.0005844272143037867
2014-06-18,-0.0033466839874094095
2014-06-19,-0.0005883858353516637
2014-06-20,0.0
2014-06-22,0.003729755083509869
2014-06-23,-0.01290404935834655
2014-06-24,-0.0006046444234501129
2014-06-25,-0.0
2014-06-26,-0.007243120069594132
2014-06-27,-0.0005937122697126477
2014-06-29,-0.0
2014-06-30,0.0
2014-07-01,-0.002379546277525199
2014-07-02,-0.011566001737253374
2014-07-03,-0.0009053824187443746
2014-07-04,-0.0006243059011157853
2014-07-06,0.0
2014-07-07,-0.0
2014-07-08,0.0
2014-07-09,-0.015743240667342978
2014-07-10,0.009352585965739863
2014-07-11,-0.018936210950719318
2014-07-13,-0.0028024329630092076
2014-07-14,-0.0007558550580757458
2014-07-15,0.005190510498539949
2014-07-16,-0.00956900574118643
2014-07-17,-0.018764138155934685
2014-07-18,0.006000077836666534
2014-07-20,-0.0005323117200184402
2014-07-21,0.0
2014-07-22,0.0
2014-07-23,-0.008427872236131015
2014-07-24,0.009125916927672839
2014-07-25,-0.0005386188117102149
2014-07-27,-0.0031764504229452057
2014-07-28,0.0009814666147642604
2014-07-29,-0.0005336894239271875
2014-07-30,-0.010960530388884344
2014-07-31,0.011741767282461336
2014-08-01,0.002273352615268001
2014-08-03,-0.0020594834844387027
2014-08-04,-0.004432760680762139
2014-08-05,-0.0005361944723859074
2014-08-06,0.0
2014-08-07,-0.009577078719456482
2014-08-08,0.005525289628835523
2014-08-10,-0.003605816926666774
2014-08-11,0.0014901897043955758
2014-08-12,-0.0005265297234682204
2014-08-13,-0.0
2014-08-14,0.0
2014-08-15,-0.011916332498699814
2014-08-17,0.002109847672969529
2014-08-18,0.0008519604097371603
2014-08-19,-0.0005189289493522516
2014-08-20,-0.0
2014-08-21,-0.0
2014-08-22,0.0
2014-08-24,-0.0
2014-08-25,-0.0
2014-08-26,-0.0
2014-08-27,0.0
2014-08-28,-0.0
2014-08-29,-0.008400875417990079
2014-08-31,0.00019367604571054428
2014-09-01,-0.0004698037843022352
2014-09-02,0.01752864687179454
2014-09-03,-0.012691712475110882
2014-09-04,0.004441871460457393
2014-09-05,0.006581557688635348
2014-09-07,0.001014953860828645
2014-09-08,0.001847704805445659
2014-09-09,0.0001915800933172239
2014-09-10,0.006843540449477805
2014-09-11,-0.00616006767152646
2014-09-12,0.0032946612806655606
2014-09-14,0.007011850376103613
2014-09-15,-0.009748920012208043
2014-09-16,-0.012695047668985507
2014-09-17,0.0049147038352319
2014-09-18,0.005079856333618869
2014-09-19,-0.00042039465133059307
2014-09-21,0.0
2014-09-22,0.0
2014-09-23,-0.0
2014-09-24,-0.0
2014-09-25,0.0007325684671803123
2014-09-26,-0.0004249569039244799
2014-09-28,0.002327162986172699
2014-09-29,-0.00872334114902985
2014-09-30,0.017586585056243123
2014-10-01,0.00367790941912857
2014-10-02,-0.003092901169229232
2014-10-03,0.009842769430400343
2014-10-05,0.00011430029019755315
2014-10-06,-0.0032688445241582844
2014-10-07,-0.0004295796697563057
2014-10-08,0.004795797383467253
2014-10-09,0.019959693755990753
2014-10-10,-0.007598336459631401
2014-10-12,0.004156610167441106
2014-10-13,-0.001690128777809412
2014-10-14,-0.0004225849100023088
2014-10-15,0.006087481740624784
2014-10-16,-0.013501446161134788
2014-10-17,0.0009026656158247036
2014-10-19,-0.0003768878635344904
2014-10-20,0.0
2014-10-21,-0.0
2014-10-22,0.0
2014-10-23,-0.007563667507300322
2014-10-24,0.0008425897230154887
2014-10-26,-0.0003713957526358568
2014-10-27,0.0
2014-10-28,-0.0
2014-10-29,-0.0
2014-10-30,0.0
2014-10-31,0.0
2014-11-02,0.0
2014-11-03,0.0
2014-11-04,0.006610831218301292
2014-11-05,-0.010299267196506335
2014-11-06,0.007012862158892414
2014-11-07,-0.00038872675247642984
2014-11-09,-0.0028255498949226517
2014-11-10,0.010610799295928652
2014-11-11,-0.002056806012769495
2014-11-12,0.001904755665939513
2014-11-13,0.01623556780827846
2014-11-14,-0.009441989573375359
2014-11-16,0.002463577297520259
2014-11-17,0.0011605377681668198
2014-11-18,-0.00039391222140073087
2014-11-19,-0.0
2014-11-20,-0.0
2014-11-21,-0.0
2014-11-23,-0.0
2014-11-24,0.0
2014-11-25,0.0
2014-11-26,0.0
2014-11-27,0.0
2014-11-28,0.0
2014-11-30,0.006888455561540362
2014-12-01,-0.021515091401950563
2014-12-02,0.00433356245798755
2014-12-03,-0.0019464790166878047
2014-12-04,-0.0003465048663440809
2014-12-05,0.0
2014-12-07,0.0
2014-12-08,0.0
2014-12-09,-0.002848306062352549
2014-12-10,0.007936984373665544
2014-12-11,0.011189817361717985
2014-12-12,0.009971501449624219
2014-12-14,-0.004026788146152405
2014-12-15,0.013772190610432727
2014-12-16,0.003742680603090326
2014-12-17,-0.008679844078253503
2014-12-18,-0.000392523401365218
2014-12-19,-0.0
2014-12-21,-0.0008863012819114219
2014-12-22,0.009776605778181647
2014-12-23,-0.0003510597271771581
2014-12-24,0.0
2014-12-25,-0.0
2014-12-26,0.0
2014-12-28,-0.0
2014-12-29,0.0
2014-12-30,-0.0
2014-12-31,-0.0
2015-01-01,-0.0
2015-01-02,0.0
2015-01-04,0.0
2015-01-05,0.0
2015-01-06,0.012523598848481973
2015-01-07,-0.007296671319224195
2015-01-08,-0.000682725091144114
2015-01-09,0.005552861855024021
2015-01-11,0.0037128302745369204
2015-01-12,0.01291239297118336
2015-01-13,-0.0009019768605482287
2015-01-14,-0.015064048742047455
2015-01-15,0.00679076432039099
2015-01-16,-0.009821457712824258
2015-01-18,-0.0003705348993821027
2015-01-19,0.0
2015-01-20,0.0
2015-01-21,-0.003269429983634028
2015-01-22,-0.00037367866714164586
2015-01-23,0.009440763555506822
2015-01-25,0.001507269340263382
2015-01-26,-0.0011796705158454545
2015-01-27,-0.00038899039456462265
2015-01-28,0.0
2015-01-29,-0.0
2015-01-30,-0.0
2015-02-01,0.003566140885109927
2015-02-02,-0.014931710975566729
2015-02-03,-0.01132858171034145
2015-02-04,0.01677535831339611
2015-02-05,-0.01204770748171155
2015-02-06,-0.0039492744736734356
2015-02-08,7.647085810814592e-05
2015-02-09,-0.0001983853562061718
2015-02-10,0.0069557169168090105
2015-02-11,0.004246384267697063
2015-02-12,-0.009732250474907776
2015-02-13,-0.003740621825567959
2015-02-15,-0.00027573802607425607
2015-02-16,-0.0
2015-02-17,-0.0
2015-02-18,0.00998656375097111
2015-02-19,-0.0002808328581186398
2015-02-20,0.0
2015-02-22,-0.0
2015-02-23,0.0
2015-02-24,0.0005473925349642318
2015-02-25,-0.0002891998878186422
2015-02-26,0.0
2015-02-27,-0.0018319455164475266
2015-03-01,-0.00029652276820990413
2015-03-02,-0.0
2015-03-03,-0.0028271429107341365
2015-03-04,-0.0002944059600245595
2015-03-05,0.002386544038127843
2015-03-06,-0.00030540500571988
2015-03-08,0.0009967404550327548
2015-03-09,-0.0032324012854203035
2015-03-10,0.0056870208934095895
2015-03-11,0.00296781146945017
2015-03-12,0.004801769578763241
2015-03-13,-0.00033629399632266943
2015-03-15,0.0028724308313570614
2015-03-16,-0.0003395613935148727
2015-03-17,0.0
2015-03-18,-0.0
2015-03-19,-0.0
2015-03-20,-0.0
2015-03-22,0.0018315431477486054
2015-03-23,-0.004498627546160937
2015-03-24,-0.000313902774388337
2015-03-25,-0.0
2015-03-26,0.004041601689300236
2015-03-27,0.007534475327083344
2015-03-29,0.0014330952550556516
2015-03-30,0.00039323747295428045
2015-03-31,-0.0003113223879297553
2015-04-01,-0.010290115732570772
2015-04-02,0.0004957869534152275
2015-04-05,-0.0020114656802003874
2015-04-06,-0.007584444316766347
2015-04-07,-0.00027755705017303993
2015-04-08,-0.008100836620697207
2015-04-09,0.0007126978530696173
2015-04-10,0.003456539354164871
2015-04-12,0.000554370973807077
2015-04-13,0.0023757394565367494
2015-04-14,-0.00027898160907908613
2015-04-15,0.010059105752600158
2015-04-16,-0.00019929128108367485
2015-04-17,-0.000277782886682441
2015-04-19,0.0
2015-04-20,0.0
2015-04-21,-0.0
2015-04-22,0.0
2015-04-23,0.0
2015-04-24,-0.0011692467396647956
2015-04-26,-0.00030504003634616704
2015-04-27,-0.0
2015-04-28,0.0
2015-04-29,0.0
2015-04-30,0.004038085364464912
2015-05-01,-0.00029769100045001935
2015-05-03,-0.0
2015-05-04,-0.0
2015-05-05,0.0
2015-05-06,-0.002934794393589492
2015-05-07,-0.0067052927757515115
2015-05-08,0.0026108562078900155
2015-05-10,-0.0006388567090759993
2015-05-11,-0.0004992955890674012
2015-05-12,0.009409787554919571
2015-05-13,-0.004810777468464934
2015-05-14,-0.001974607088131797
2015-05-15,0.0012855438574461795
2015-05-17,-0.0003103437784329829
2015-05-18,0.0
2015-05-19,-0.0
2015-05-20,0.002274287239626809
2015-05-21,-0.0003073649125320237
2015-05-22,-0.0
2015-05-24,-0.0
2015-05-25,-0.0
2015-05-26,-0.0
2015-05-27,-0.003417399505395472
2015-05-28,-0.00033667403762722194
2015-05-29,0.009458182543373599
2015-05-31,-0.0022049175339467443
2015-06-01,0.0015452910392994394
2015-06-02,-0.00033198785565574055
2015-06-03,-0.0071759758288613895
2015-06-04,-0.0071569136147343615
2015-06-05,0.00511824096364252
2015-06-07,-0.0024497730828077903
2015-06-08,-0.000804083357202998
2015-06-09,0.014137939944448627
2015-06-10,0.0016725202320341391
2015-06-11,-0.0034901310976387496
2015-06-12,-0.00037691364332763854
2015-06-14,-0.0
2015-06-15,0.0
2015-06-16,-0.0
2015-06-17,-0.0
2015-06-18,0.0043884740287469005
2015-06-19,-0.0004273340438603094
2015-06-21,0.0
2015-06-22,0.0
2015-06-23,0.0
2015-06-24,-0.005544874284470978
2015-06-25,-0.0004271841192092883
2015-06-26,-0.0
2015-06-28,-0.0
2015-06-29,-0.0
2015-06-30,0.004694287773330222
2015-07-01,-0.011852131102493132
2015-07-02,-0.002357888859770664
2015-07-03,-0.007715311853857423
2015-07-05,-0.0036516573211515376
2015-07-06,-0.013098125553443307
2015-07-07,-0.00705649542829029
2015-07-08,0.0004216177784297506
2015-07-09,0.008081451734240408
2015-07-10,-0.0029158298007793187
2015-07-12,-0.006947090991450453
2015-07-13,-0.0007278185118391779
2015-07-14,0.010586151583649608
2015-07-15,-0.009036458127017413
2015-07-16,-0.0005234067178329835
2015-07-17,0.0
2015-07-19,0.0
2015-07-20,0.0
2015-07-21,0.0
2015-07-22,0.0
2015-07-23,0.003726684049117926
2015-07-24,-0.0005828241621478091
2015-07-26,0.0
2015-07-27,0.0
2015-07-28,-0.0
2015-07-29,-0.009527347538636157
2015-07-30,0.005547267335789538
2015-07-31,-0.0005895024745300033
2015-08-02,-0.000505876613333492
2015-08-03,0.010958623536011807
2015-08-04,-0.004440301303792919
2015-08-05,-0.0006008091179604316
2015-08-06,0.002056693705423167
2015-08-07,0.009049831332812602
2015-08-09,0.0018285393814102978
2015-08-10,-0.008660135608469307
2015-08-11,0.013478156674144575
2015-08-12,-0.002102960928105544
2015-08-13,0.010930020567431073
2015-08-14,-0.00074939763623373
2015-08-16,-0.0006557712909171192
2015-08-17,0.0
2015-08-18,-0.0
2015-08-19,0.0
2015-08-20,0.0
2015-08-21,0.0038518175485739046
2015-08-23,0.008416096543573877
2015-08-24,0.006031625809641052
2015-08-25,-0.004459463171373368
2015-08-26,-0.002709214805733651
2015-08-27,-0.03519011586972329
2015-08-28,-0.017401789258541828
2015-08-30,0.005092600999067489
2015-08-31,-0.022264780775320053
2015-09-01,0.019812914964502083
2015-09-02,-0.009163913792119298
2015-09-03,-0.003919332138579072
2015-09-04,0.0046830767172254895
2015-09-06,-0.00038016988282341943
2015-09-07,0.0
2015-09-08,-0.0
2015-09-09,0.011912590109800596
2015-09-10,-0.00037297531370688274
2015-09-11,0.004678865286381348
2015-09-13,-0.000366947453975887
2015-09-14,0.0
2015-09-15,-0.0
2015-09-16,-0.0
2015-09-17,0.0
2015-09-18,0.0
2015-09-20,-0.0
2015-09-21,-0.0
2015-09-22,0.0
2015-09-23,0.0
2015-09-24,-0.0006029181897660471
2015-09-25,-0.00034851393273633554
2015-09-27,0.0
2015-09-28,0.0
2015-09-29,-0.0
2015-09-30,-0.0
2015-10-01,0.0014261559678916773
2015-10-02,-0.0017393326576501254
2015-10-04,-4.801566672409596e-07
2015-10-05,-0.003012042807706672
2015-10-06,-0.0003212166962220861
2015-10-07,0.004555904382015627
2015-10-08,-0.007609940301048824
2015-10-09,0.0008204547110101406
2015-10-11,-0.0019792587629153934
2015-10-12,0.011048638227027402
2015-10-13,0.002558354022103068
2015-10-14,0.001410647593918269
2015-10-15,-0.0003183694466771691
2015-10-16,-0.0
2015-10-18,0.0
2015-10-19,0.0
2015-10-20,0.0
2015-10-21,0.0
2015-10-22,-0.001003502411814148
2015-10-23,-0.0003403081735175511
2015-10-25,-4.928524302856048e-05
2015-10-26,0.006456191706783279
2015-10-27,-0.00035362260068526314
2015-10-28,-0.0
2015-10-29,-0.0006978467706817375
2015-10-30,-0.002418637288865287
2015-11-01,-0.00032218688691499617
2015-11-02,0.0
2015-11-03,-0.0
2015-11-04,-0.006193561647197825
2015-11-05,-0.004341031664110684
2015-11-06,0.004001261461754877
2015-11-08,-0.0006896885066448033
2015-11-09,0.0026160819253554903
2015-11-10,-0.00303901735649606
2015-11-11,-0.0038513822967125907
2015-11-12,0.00926132688985944
2015-11-13,0.0053245133307048146
2015-11-15,-0.002453409473355105
2015-11-16,-0.004132970684145285
2015-11-17,0.004721485791499913
2015-11-18,-0.00046211111751547535
2015-11-19,-0.0
2015-11-20,0.0
2015-11-22,-0.0029019829577503985
2015-11-23,0.0056277564883044275
2015-11-24,0.006452274706766569
2015-11-25,0.002429433091066655
2015-11-26,-0.00047642747783994174
2015-11-27,-0.0
2015-11-29,0.0
2015-11-30,-0.0
2015-12-01,0.0
2015-12-02,0.00860008562777865
2015-12-03,-0.008160969677374392
2015-12-04,0.009407292049027412
2015-12-06,0.004354478245236752
2015-12-07,0.014085777215977886
2015-12-08,-0.0037083162521932235
2015-12-09,0.006187070602117111
2015-12-10,0.007369710437166103
2015-12-11,0.009265511222489333
2015-12-13,-0.000993946275763061
2015-12-14,-0.006472704915500734
2015-12-15,-0.006609644100618759
2015-12-16,-0.0005700182222325791
2015-12-17,0.0
2015-12-18,0.0
2015-12-20,-0.0
2015-12-21,-0.0
2015-12-22,-0.0
2015-12-23,-0.0
2015-12-24,-0.0
2015-12-27,0.0
2015-12-28,0.0
2015-12-29,-0.0
2015-12-30,0.0
2015-12-31,-0.0
2016-01-03,-0.0
2016-01-04,0.0
2016-01-05,0.007512490393976978
2016-01-06,0.023451022211695573
2016-01-07,-0.005652332880530482
2016-01-08,0.0076372572021320044
2016-01-10,0.003307977431420492
2016-01-11,0.01525612916409497
2016-01-12,-0.0021487894143182667
2016-01-13,0.00368350796788733
2016-01-14,-0.00035586096715786323
2016-01-15,0.008061104436633179
2016-01-17,-0.0006694776997897741
2016-01-18,-0.0
2016-01-19,0.0
2016-01-20,0.0
2016-01-21,-0.016114223381852543
2016-01-22,-0.020336530772715238
2016-01-24,-0.001885977924144991
2016-01-25,0.021612069072896322
2016-01-26,-0.009992087319436207
2016-01-27,-0.007355786333992053
2016-01-28,-0.011249952181422943
2016-01-29,-0.0007542972434780121
2016-01-31,0.004065299899178767
2016-02-01,0.013636951959745972
2016-02-02,0.008215179901000836
2016-02-03,-0.01879591011385993
2016-02-04,0.00426432496712985
2016-02-05,0.004230030999725059
2016-02-07,-0.0009014095662947262
2016-02-08,0.006994753233285483
2016-02-09,-0.00045567468503192034
2016-02-10,0.009945507861515256
2016-02-11,-0.00453813191342029
2016-02-12,-0.00929661344909605
2016-02-14,-0.0004279331603006984
2016-02-15,-0.0
2016-02-16,0.0
2016-02-17,-0.0
2016-02-18,0.0
2016-02-19,0.0
2016-02-21,-0.0
2016-02-22,-0.0
2016-02-23,0.0
2016-02-24,-0.0
2016-02-25,-0.005160875828606774
2016-02-26,0.0006666825966150172
2016-02-28,-0.0003903093744404864
2016-02-29,-0.004591588892589508
2016-03-01,-0.0003278250332590871
2016-03-02,-0.004215074092712051
2016-03-03,-0.0001379087399186189
2016-03-04,-0.00030633880361601766
2016-03-06,-0.0015686706260347532
2016-03-07,-0.004071317354095726
2016-03-08,0.003956395529210339
2016-03-09,-0.007039163982096478
2016-03-10,-0.0018451615043306344
2016-03-11,0.0008501240227068225
2016-03-13,-0.0008561631677288045
2016-03-14,-0.005722611638917332
2016-03-15,-0.0002978180986654483
2016-03-16,0.0
2016-03-17,0.0
2016-03-18,-0.0
2016-03-20,0.0
2016-03-21,0.0
2016-03-22,-0.0
2016-03-23,-0.0
2016-03-24,-0.0
2016-03-27,0.0
2016-03-28,-0.0
2016-03-29,-0.0
2016-03-30,-0.0
2016-03-31,-0.0017944970075868692
2016-04-01,-0.006999072427041223
2016-04-03,0.0005743216335953615
2016-04-04,0.0041041970235848576
2016-04-05,-0.0062310207792344975
2016-04-06,-0.006217709131076224
2016-04-07,-0.0014830945939966738
2016-04-08,0.008184470477464118
2016-04-10,0.0013006561256505582
2016-04-11,0.0011585941532385319
2016-04-12,0.00719726640584761
2016-04-13,-0.002461463137453677
2016-04-14,0.001660752756592148
2016-04-15,-0.00032174738381553534
2016-04-17,-0.0
2016-04-18,0.0
2016-04-19,0.0
2016-04-20,0.0
2016-04-21,-0.0013997454035697527
2016-04-22,-0.00010117791754665915
2016-04-24,-0.0003224731365092936
2016-04-25,-0.0
2016-04-26,0.006955927974975684
2016-04-27,-0.0003121670031006469
2016-04-28,0.0033516679834867695
2016-04-29,-0.00031958213759075303
2016-05-01,-0.0023046348970947685
2016-05-02,-0.0023424607986066498
2016-05-03,-0.0003568133384526109
2016-05-04,0.005453038030966413
2016-05-05,-0.0032406112141801723
2016-05-06,0.002715854019664846
2016-05-08,0.0054109035791447165
2016-05-09,-0.012243800547088981
2016-05-10,0.00670925841420497
2016-05-11,0.008240584995614255
2016-05-12,0.0003522388547275368
2016-05-13,0.0011201356196188705
2016-05-15,-0.00035094138028664306
2016-05-16,0.0
2016-05-17,0.0
2016-05-18,-0.0
2016-05-19,0.0
2016-05-20,-0.0
2016-05-22,-0.0
2016-05-23,-0.0
2016-05-24,0.0
2016-05-25,0.0
2016-05-26,-0.0
2016-05-27,0.0
2016-05-29,-0.0
2016-05-30,0.0
2016-05-31,-0.0
2016-06-01,0.0
2016-06-02,0.0010722254705874954
2016-06-03,-0.0019048438438085814
2016-06-05,0.001145044013880456
2016-06-06,0.0021725409202342865
2016-06-07,-0.0003698644135462874
2016-06-08,0.005748879816437217
2016-06-09,-0.005970806233484114
2016-06-10,-0.00836839719840523
2016-06-12,-0.0020460617059684678
2016-06-13,-0.0008898198606177246
2016-06-14,-0.0003953996104295926
2016-06-15,-0.0
2016-06-16,-0.0064998164945760046
2016-06-17,-0.00040704765886950757
2016-06-19,0.0
2016-06-20,0.0
2016-06-21,0.0
2016-06-22,-0.0030209406041342628
2016-06-23,-0.009328712324017099
2016-06-24,-0.0004198307597698206
2016-06-26,-0.0016132992616752521
2016-06-27,-0.0031128082589308615
2016-06-28,0.008673643717775644
2016-06-29,0.0077027209026917665
2016-06-30,-0.005360170225951869
2016-07-01,0.004443546416435816
2016-07-03,-0.0004685118782279396
2016-07-04,-0.0
2016-07-05,-0.0
2016-07-06,0.008815376825847147
2016-07-07,-0.013111056232276342
2016-07-08,-0.0034472016370804127
2016-07-10,-0.0012911495007526114
2016-07-11,-0.0003419022211611892
2016-07-12,0.010752153787582906
2016-07-13,-0.008072563679528005
2016-07-14,0.0021658835607043497
2016-07-15,0.00492297046119513
2016-07-17,-0.00046778242748076224
2016-07-18,-0.0
2016-07-19,0.0
2016-07-20,0.0
2016-07-21,-0.007393127030957689
2016-07-22,-0.0005346406038681082
2016-07-24,-0.0
2016-07-25,-0.0
2016-07-26,0.0
2016-07-27,0.0
2016-07-28,0.006927057796686042
2016-07-29,-0.0005729261858447946
2016-07-31,-0.0
2016-08-01,0.012079683527956584
2016-08-02,0.0036009789045883416
2016-08-03,-0.011798318665552374
2016-08-04,-0.004415623323899338
2016-08-05,-0.002809196003816027
2016-08-07,0.0009549273836207228
2016-08-08,-0.007185684840818798
2016-08-09,0.0002246837136161071
2016-08-10,0.009838375146679618
2016-08-11,-0.01736046400533971
2016-08-12,-0.00716322176401698
2016-08-14,-0.0016263436385317669
2016-08-15,-0.0035595277254908447
2016-08-16,-0.0004562988837504641
2016-08-17,-0.0033184365686504047
2016-08-18,-0.009968752317142962
2016-08-19,-0.00043433982428352723
2016-08-21,-0.0
2016-08-22,0.0
2016-08-23,-0.005324181424592384
2016-08-24,0.004982378361890275
2016-08-25,-0.003028311518552379
2016-08-26,-0.0004362717354154594
2016-08-28,0.0011576802138071151
2016-08-29,-0.0001944279590044308
2016-08-30,-0.0004611896016128943
2016-08-31,0.0
2016-09-01,0.008309868962202902
2016-09-02,-0.004341890893367683
2016-09-04,0.0007543026684666266
2016-09-05,-0.00820245352581468
2016-09-06,0.0009212961684079783
2016-09-07,-0.00784433401096109
2016-09-08,-0.006119534405316155
2016-09-09,0.009831392423678838
2016-09-11,0.004177799152225315
2016-09-12,-0.00549188165345035
2016-09-13,0.005168129125289522
2016-09-14,0.009889578509566156
2016-09-15,-1.1709986960377438e-06
2016-09-16,-0.0004948095997705918
2016-09-18,-0.0
2016-09-19,0.0
2016-09-20,-0.0
2016-09-21,-0.007340447664429245
2016-09-22,-0.0001413427870410121
2016-09-23,-0.0005000382474359199
2016-09-25,-0.0020498828395459855
2016-09-26,-0.007395948137542475
2016-09-27,-0.0004950463822197404
2016-09-28,-0.01769803278701062
2016-09-29,0.0020946450576538158
2016-09-30,-0.0037644959030654424
2016-10-02,-0.0004296817346647451
2016-10-03,-0.0
2016-10-04,-0.0
2016-10-05,0.0
2016-10-06,0.0
2016-10-07,-0.0
2016-10-09,-0.002123697174045475
2016-10-10,0.01205427728972287
2016-10-11,-0.002355839366619008
2016-10-12,-0.007187439370467894
2016-10-13,-0.00041831476662893165
2016-10-14,-0.0018558584768336276
2016-10-16,-0.00042186922148505177
2016-10-17,0.0
2016-10-18,0.0
2016-10-19,0.0
2016-10-20,-0.0
2016-10-21,0.003442785430010638
2016-10-23,-0.002918581286948935
2016-10-24,-0.0005752269365315935
2016-10-25,-0.007298272925952968
2016-10-26,-0.0007186676059677501
2016-10-27,0.0035898831835826607
2016-10-28,-0.006994057493945407
2016-10-30,-0.0012752902123690717
2016-10-31,-0.010388382785154795
2016-11-01,-0.004623607339398678
2016-11-02,-0.0035577332782411398
2016-11-03,-0.0074373478606636475
2016-11-04,-0.000524334316516765
2016-11-06,0.0028163002742015936
2016-11-07,0.0021175173958995312
2016-11-08,-0.010948770149235914
2016-11-09,0.012815205563890457
2016-11-10,-0.004050103327241917
2016-11-11,-0.010036957452756136
2016-11-13,0.001954470374969611
2016-11-14,-0.006769275429769148
2016-11-15,-0.011012509476734988
2016-11-16,-0.002982812375764083
2016-11-17,-0.00047770488184945594
2016-11-18,-0.0
2016-11-20,-0.0
2016-11-21,-0.0
2016-11-22,0.005268732319142241
2016-11-23,-0.0009064860666593311
2016-11-24,-0.0004555358533974101
2016-11-25,-0.0
2016-11-27,-0.0
2016-11-28,-0.0
2016-11-29,0.00794366769273629
2016-11-30,-0.029532909668915367
2016-12-01,0.0038607381902181
2016-12-02,0.0051871308897919015
2016-12-04,-0.0019220825423473438
2016-12-05,-0.000261321587866882
2016-12-06,-0.0003698265645648225
2016-12-07,-0.004411698487852659
2016-12-08,0.006475878413789632
2016-12-09,0.0023758940659133814
2016-12-11,0.013498202445469459
2016-12-12,-0.00037556041666867953
2016-12-13,-0.0022628673453501166
2016-12-14,-0.0003712351588673675
2016-12-15,0.0
2016-12-16,0.0
2016-12-18,0.0
2016-12-19,0.0
2016-12-20,0.0
2016-12-21,-0.0
2016-12-22,0.0
2016-12-23,0.0
2016-12-26,-0.0
2016-12-27,0.0
2016-12-28,-0.0
2016-12-29,0.0
2016-12-30,-0.0
2017-01-02,0.0
2017-01-03,-0.0
2017-01-04,0.00208075695174606
2017-01-05,0.0026378828889305167
2017-01-06,-3.1937044501377905e-06
2017-01-08,0.00026362110719140686
2017-01-09,-0.008919277013050985
2017-01-10,-0.005886104443825682
2017-01-11,0.006451040467318706
2017-01-12,0.005075299095583458
2017-01-13,-0.0029202718596733753
2017-01-15,-0.00010739468984808738
2017-01-16,-0.0003296276722861031
2017-01-17,0.0010898511522959278
2017-01-18,-0.0063679550547513075
2017-01-19,-0.00038351821134577694
2017-01-20,0.0
2017-01-22,-0.0008339545313878094
2017-01-23,-0.0008399898980959628
2017-01-24,-0.00039208270897038986
2017-01-25,0.0006889506309516224
2017-01-26,0.003266819707956958
2017-01-27,-0.003478128290446738
2017-01-29,-0.00041121946556725575
2017-01-30,-0.0
2017-01-31,0.0
2017-02-01,0.004711532157154781
2017-02-02,0.00148996583865071
2017-02-03,-0.0004177113560372397
2017-02-05,0.0
2017-02-06,-0.0
2017-02-07,-0.0
2017-02-08,0.005937043099261803
2017-02-09,0.002771961998311658
2017-02-10,0.0050378090140306515
2017-02-12,-0.0005990782025557353
2017-02-13,-0.005925814183418708
2017-02-14,-0.0016343918935716054
2017-02-15,-0.0005709420163869154
2017-02-16,0.0
2017-02-17,-0.0
2017-02-26,0.0
2017-02-27,-0.0
2017-02-28,-0.0
2017-03-01,-0.00567246545186432
2017-03-02,-0.0006568256815913319
2017-03-03,0.004383047294036973
2017-03-05,-0.0006607060480298193
2017-03-06,0.0
2017-03-07,-0.004527830621408633
2017-03-08,-0.021754559125519827
2017-03-09,-0.009178872313436007
2017-03-10,-0.01197607786336795
2017-03-12,-0.003005139123749414
2017-03-13,0.0033985201587817563
2017-03-14,-0.0019306669704542024
2017-03-15,-0.0062777130378004805
2017-03-16,0.0028526051949926607
2017-03-17,-0.0006716330113928612
2017-03-19,0.0
2017-03-20,-0.0
2017-03-21,0.0
2017-03-22,-0.0038814671373771895
2017-03-23,0.00589425517013865
2017-03-24,-0.0006801706604084776
2017-03-26,0.0
2017-03-27,-0.0
2017-03-28,-0.0
2017-03-29,-0.0
2017-03-30,-0.0
2017-03-31,-0.007164724513938107
2017-04-02,-0.0006917814435555698
2017-04-03,0.0022557088921249828
2017-04-04,-0.0006783758479699703
2017-04-05,0.0031234397981636203
2017-04-06,-0.0182795738788391
2017-04-07,-0.0006650241882098291
2017-04-09,-0.0012725136614434231
2017-04-10,-0.006630649071807045
2017-04-11,-0.003823217334195602
2017-04-12,0.004388649331543285
2017-04-13,0.0008808574668319983
2017-04-16,-0.0006215942034110175
2017-04-17,0.0
2017-04-18,0.0
2017-04-19,0.0
2017-04-20,0.0
2017-04-21,0.009542305958307892
2017-04-23,-0.0018744183714504946
2017-04-24,0.0034271237996584447
2017-04-25,-0.0006534971704561985
2017-04-26,-0.00018915680433423502
2017-04-27,0.00046424633892064917
2017-04-28,0.0015893875223718693
2017-04-30,-0.0007106544778345214
2017-05-01,0.005210326882756999
2017-05-02,-0.0007347539162577466
2017-05-03,0.002709496445733736
2017-05-04,0.024778616137144636
2017-05-05,-0.011298758534239655
2017-05-07,-0.0031287846606638425
2017-05-08,0.0031688244926835175
2017-05-09,0.002371189244617041
2017-05-10,-0.012632076234489772
2017-05-11,-0.003068834913897908
2017-05-12,-0.0006231494298181867
2017-05-14,-0.0
2017-05-15,-0.0
2017-05-16,0.0
2017-05-17,-0.0
2017-05-18,-0.0
2017-05-19,-0.0
2017-05-21,-0.0
2017-05-22,0.0
2017-05-23,-0.0
2017-05-24,-0.0
2017-05-25,0.02502679700883517
2017-05-26,-0.008794292812128039
2017-05-28,0.001643392980086284
2017-05-29,-0.001105322839171803
2017-05-30,0.003545401341908406
2017-05-31,0.0050988277271005805
2017-06-01,0.005284499901633701
2017-06-02,0.00270630980173279
2017-06-04,-0.0010807583281503966
2017-06-05,0.006794423201404417
2017-06-06,-0.009035774428998923
2017-06-07,0.0175128151745956
2017-06-08,0.0026722139144762696
2017-06-09,-0.002435820140111073
2017-06-11,-0.0008923712396196054
2017-06-12,-0.0021127538276746174
2017-06-13,-0.0005679558046775589
2017-06-14,0.0
2017-06-15,0.0017353483602304013
2017-06-16,-0.000579927566247712
2017-06-18,0.0
2017-06-19,0.0
2017-06-20,0.0
2017-06-21,0.008423497107875696
2017-06-22,-0.003883935619246866
2017-06-23,-0.0006204351004683178
2017-06-25,-0.0
2017-06-26,-0.0
2017-06-27,-0.0
2017-06-28,-0.007392133570638013
2017-06-29,-0.0025042565488696007
2017-06-30,-0.009441253062221771
2017-07-02,0.00055550649399099
2017-07-03,-0.004494342624862359
2017-07-04,-0.0005527767196682665
2017-07-05,0.0
2017-07-06,0.0027554574982518497
2017-07-07,0.005085459026364426
2017-07-09,-0.0024909509435338583
2017-07-10,0.00023777648175039832
2017-07-11,-0.009098891325687142
2017-07-12,0.002294676317093499
2017-07-13,-0.004480890390811473
2017-07-14,-0.0005265350015252521
2017-07-16,0.0
2017-07-17,0.0
2017-07-18,-0.0
2017-07-19,-0.0
2017-07-20,0.0
2017-07-21,0.0
2017-07-23,-0.002954124983550623
2017-07-24,-0.006331711828188452
2017-07-25,-0.0005455262781911682
2017-07-26,-0.002845077474585207
2017-07-27,-0.0020247465633138994
2017-07-28,-0.006453046839777955
2017-07-30,-0.0005144358851949676
2017-07-31,0.0029641644089136257
2017-08-01,-0.011670146603765304
2017-08-02,-0.006883846759769666
2017-08-03,-0.005223997936910301
2017-08-04,0.005012632221117304
2017-08-06,-5.822383209591615e-06
2017-08-07,-0.002326405068632003
2017-08-08,-0.0020963605224218556
2017-08-09,0.004545296816624015
2017-08-10,-0.00908543238333222
2017-08-11,0.0030834255534284067
2017-08-13,-0.0005651326366679327
2017-08-14,-0.0
2017-08-15,-0.0
2017-08-16,0.0
2017-08-17,-0.0
2017-08-18,-0.0
2017-08-20,0.0
2017-08-21,0.0
2017-08-22,0.0
2017-08-23,-0.006228657895471679
2017-08-24,-0.0005893527179959616
2017-08-25,-0.0016308052793917796
2017-08-27,-0.000601504800450432
2017-08-28,0.0
2017-08-29,0.003882803078979115
2017-08-30,0.003457262625390162
2017-08-31,-0.00951932183896328
2017-09-01,-0.0033589154884165243
2017-09-03,-0.0006122275586482422
2017-09-04,0.000261589429726211
2017-09-05,-0.010229532510583832
2017-09-06,0.003031082141616157
2017-09-07,0.0013371986722564427
2017-09-08,-0.0006053394386238245
2017-09-10,0.001781276442396389
2017-09-11,0.0017655099572636299
2017-09-12,0.0015949320585550832
2017-09-13,-0.0005744957298959793
2017-09-14,0.0
2017-09-15,0.0
2017-09-17,0.0
2017-09-18,0.0
2017-09-19,0.0
2017-09-20,0.0
2017-09-21,-0.0015356345452542134
2017-09-22,-0.000597157784031578
2017-09-24,-0.0
2017-09-25,0.0
2017-09-26,-0.0015406326136039458
2017-09-27,-0.0012989426037093657
2017-09-28,-0.003300043100120247
2017-09-29,0.0005805987143274134
2017-10-01,-0.000580946493837662
2017-10-02,-0.0
2017-10-03,-0.00400432427537078
2017-10-04,-0.0006142356027233407
2017-10-05,0.006216804396753889
2017-10-06,-0.013499125109350092
2017-10-08,0.001711646940836349
2017-10-09,0.0020822750152425674
2017-10-10,-0.000613598899538648
2017-10-11,-0.0007992756851726047
2017-10-12,-0.0011734949751674353
2017-10-13,0.004796320675677894
2017-10-15,0.004042144259212829
2017-10-16,-0.0007123862577314911
2017-10-17,-0.0006187987746277535
2017-10-18,-0.0
2017-10-19,-0.0
2017-10-20,0.0
2017-10-22,-0.00081892157345711
2017-10-23,-0.0007280430004631271
2017-10-24,0.004386449259848073
2017-10-25,-0.0030578626260485326
2017-10-26,0.005106227935663273
2017-10-27,0.014295374148065415
2017-10-29,-0.002430821581394007
2017-10-30,0.0013995771942811853
2017-10-31,-0.0006444323660223128
2017-11-01,-0.0
2017-11-02,0.0034989340880357002
2017-11-03,-0.0006446959332024678
2017-11-05,-0.00027553611949871485
2017-11-06,0.014544998910330573
2017-11-07,-0.003020107917851779
2017-11-08,-0.0010818096320154202
2017-11-09,0.0016258895958038702
2017-11-10,-0.0013965833225597192
2017-11-12,-0.0006482343219543667
2017-11-13,-0.0
2017-11-14,-0.0
2017-11-15,0.0023242981434375256
2017-11-16,-0.0006470466314263897
2017-11-17,0.0
2017-11-19,-0.0
2017-11-20,-0.0
2017-11-21,0.011189673304293761
2017-11-22,0.0016034054523252866
2017-11-23,0.00518581533671839
2017-11-24,0.004690985911902497
2017-11-26,-0.0006289560556677103
2017-11-27,-0.0
2017-11-28,-0.0014260089025693486
2017-11-29,-0.0006268178863882579
2017-11-30,0.0004493604847444171
2017-12-01,0.006355278547518401
2017-12-03,-0.0031691652651545396
2017-12-04,-0.0030887342813811975
2017-12-05,-0.0006231469991370582
2017-12-06,-0.0
2017-12-07,0.004093636232052148
2017-12-08,-0.0006370522332981944
2017-12-10,-0.002177115179599023
2017-12-11,0.010992591205394732
2017-12-12,-0.0006324144500712083
2017-12-13,-0.007683537591799768
2017-12-14,-0.000635251732329339
2017-12-15,0.0
2017-12-17,0.0
2017-12-18,-0.0
2017-12-19,0.0
2017-12-20,0.0
2017-12-21,0.0
2017-12-22,0.0
2017-12-25,0.0
2017-12-26,0.0
2017-12-27,-0.0
2017-12-28,0.0
2017-12-29,-0.0
2018-01-01,0.0
2018-01-02,-0.002529498011666713
2018-01-03,0.016217517170450804
2018-01-04,-0.0010746959788055163
2018-01-05,-0.0035036435900715475
2018-01-07,-1.1355078028126669e-07
2018-01-08,0.005302625165257302
2018-01-09,0.011674469182124574
2018-01-10,0.00034043257035177264
2018-01-11,0.0009663226055208551
2018-01-12,0.006781440989536353
2018-01-14,0.000695236800560825
2018-01-15,0.000347023462598312
2018-01-16,-0.007590200325536601
2018-01-17,0.005086765563473631
2018-01-18,-0.0006195326869033902
2018-01-19,0.0
2018-01-21,-0.0
2018-01-22,0.0
2018-01-23,0.003681429734378126
2018-01-24,0.016182507906761755
2018-01-25,-0.00773113043352339
2018-01-26,0.007973297358097967
2018-01-28,0.0010276590126610228
2018-01-29,-0.013330583030251635
2018-01-30,-0.00755143405647411
2018-01-31,0.007873735688990548
2018-02-01,-0.0005934626892174366
2018-02-02,-0.009279265463920692
2018-02-04,-0.002297371876165635
2018-02-05,-0.012260255539218941
2018-02-06,0.005208973602766763
2018-02-07,-0.021002242237577205
2018-02-08,-0.007439000037839016
2018-02-09,-0.01192898492748341
2018-02-11,0.006392308814615285
2018-02-12,-0.001886640190075041
2018-02-13,-0.0005553219821642529
2018-02-14,0.0
2018-02-15,0.0
2018-02-16,-0.0
2018-02-18,0.0
2018-02-19,-0.0
2018-02-20,-0.0
2018-02-21,-0.0006613125067871273
2018-02-22,-0.0005003694724700355
2018-02-23,0.0
2018-02-25,0.0
2018-02-26,0.0
2018-02-27,-0.0
2018-02-28,-0.0
2018-03-01,-0.005834511201331879
2018-03-02,0.003430221823372195
2018-03-04,-0.000284142045419289
2018-03-05,0.00893663354373085
2018-03-06,-0.0034995391552758927
2018-03-07,-0.006194097675994574
2018-03-08,-0.007182202778176259
2018-03-09,0.013226135179121513
2018-03-11,0.00025029074827584435
2018-03-12,-0.006308930288265755
2018-03-13,-0.0004751781010224056
2018-03-14,0.0014834141169016678
2018-03-15,0.0005380665421584395
2018-03-16,-0.00047401470503505343
2018-03-18,-0.0
2018-03-19,0.0
2018-03-20,0.0
2018-03-21,0.009165170981804761
2018-03-22,-0.0017647718708255701
2018-03-23,0.005161706580936795
2018-03-25,-0.001242962231085416
2018-03-26,0.0011212741802572137
2018-03-27,-0.00044116948123584993
2018-03-28,-0.0016382543952212802
2018-03-29,0.001961122483279693
2018-04-01,-0.00043906001196588376
2018-04-02,-0.0
2018-04-03,0.0005060756574054115
2018-04-04,-0.00043836113944121206
2018-04-05,-0.003583429634383439
2018-04-06,-0.008269976627468919
2018-04-08,0.0023686365001845022
2018-04-09,0.01021386707582662
2018-04-10,0.009607801619371472
2018-04-11,0.010911135012065636
2018-04-12,-0.0015906830227944199
2018-04-13,-0.00040905924811872666
2018-04-15,-0.0
2018-04-16,-0.0
2018-04-17,0.0
2018-04-18,0.0
2018-04-19,-0.0
2018-04-20,-0.0
2018-04-22,0.0008818894760313069
2018-04-23,0.0043755090495624545
2018-04-24,-0.007946245804030952
2018-04-25,0.0044267424689598085
2018-04-26,-0.002866880617322196
2018-04-27,0.00024777160330526256
2018-04-29,-0.0004695473842775041
2018-04-30,0.0
2018-05-01,-0.00857812571363446
2018-05-02,0.0018579848930101114
2018-05-03,0.004252687957327859
2018-05-04,0.009094176501872843
2018-05-06,0.0025918507707229353
2018-05-07,-0.0012020090659375516
2018-05-08,0.004138773456529109
2018-05-09,0.006997720442618778
2018-05-10,-0.002498444521384228
2018-05-11,-0.005217516287008964
2018-05-13,-0.0004731565241405178
2018-05-14,0.0
2018-05-15,0.0
2018-05-16,0.00410010142995649
2018-05-17,-0.0004742875681120225
2018-05-18,-0.0
2018-05-20,0.0
2018-05-21,0.0
2018-05-22,-0.0
2018-05-23,-0.0019182093700833114
2018-05-24,-0.007938615800566417
2018-05-25,-0.0005513115087504417
2018-05-27,-0.009570402108894718
2018-05-28,0.0042019574072712715
2018-05-29,-0.002011929925000556
2018-05-30,0.011480442511364614
2018-05-31,-0.008253522027656366
2018-06-01,-0.008528591782367046
2018-06-03,0.0002708958237027054
2018-06-04,-0.004763570198560909
2018-06-05,0.004363982378617916
2018-06-06,-0.00479726581465621
2018-06-07,0.00754395951341972
2018-06-08,-0.0004892913635826221
2018-06-10,0.0
2018-06-11,0.0
2018-06-12,-0.0
2018-06-13,0.0
2018-06-14,0.0
2018-06-15,-0.0
2018-06-17,-0.0
2018-06-18,0.0
2018-06-19,-0.0
2018-06-20,0.0
2018-06-21,0.005141424315331619
2018-06-22,0.01981907527779348
2018-06-24,-0.006145453670655287
2018-06-25,-0.0010724502683738541
2018-06-26,0.01635250451812598
2018-06-27,0.010494301270574826
2018-06-28,0.0040739688889180415
2018-06-29,0.0056552579892590275
2018-07-01,-0.00039240452382591055
2018-07-02,0.0
2018-07-03,0.000270177242778351
2018-07-04,-0.004260245747342196
2018-07-05,-0.005995102278295379
2018-07-06,0.006150496622006445
2018-07-08,-0.00038091634923053866
2018-07-09,-0.0
2018-07-10,-0.0
2018-07-11,-0.0
2018-07-12,-0.0028973625912866274
2018-07-13,-0.0003830983127094069
2018-07-15,0.0
2018-07-16,-0.0
2018-07-17,-0.0
2018-07-18,0.0
2018-07-19,-0.0
2018-07-20,-0.0
2018-07-22,0.0
2018-07-23,0.0
2018-07-24,-0.0
2018-07-25,0.0
2018-07-26,0.0007010437118439388
2018-07-27,-0.00037892270976472916
2018-07-29,-0.0
2018-07-30,0.0
2018-07-31,-0.0
2018-08-01,-0.0025090048605141244
2018-08-02,-0.006208572230774501
2018-08-03,-0.002484320762792039
2018-08-05,-0.00037055463863895204
2018-08-06,0.0014212795823883681
2018-08-07,-0.0016393992786625441
2018-08-08,0.012098302367256874
2018-08-09,0.0014934816069757566
2018-08-10,-0.005437821365281875
2018-08-12,0.0008669402006376103
2018-08-13,0.0005224149274578767
2018-08-14,0.004433847084201991
2018-08-15,0.010190459189296383
2018-08-16,-0.0022637673634620914
2018-08-17,-0.00041004171519180865
2018-08-19,0.0
2018-08-20,0.0
2018-08-21,-0.0
2018-08-22,-0.0
2018-08-23,-0.0017901551223382856
2018-08-24,-0.0003886500613133251
2018-08-26,-0.000816728488436543
2018-08-27,-0.0015800199381383448
2018-08-28,-0.00040939092865526926
2018-08-29,0.0
2018-08-30,0.0031828734775806752
2018-08-31,-0.00041065632258732715
2018-09-02,-0.0
2018-09-03,0.0
2018-09-04,-0.0
2018-09-05,-0.006226930951975107
2018-09-06,-0.005567884576753419
2018-09-07,0.0005691008187477441
2018-09-09,0.0025103178637117074
2018-09-10,-0.004468985507688728
2018-09-11,0.018548508246222707
2018-09-12,-0.0015597577689779223
2018-09-13,-0.006946260814025495
2018-09-14,0.001084248666993103
2018-09-16,-7.405325058925352e-05
2018-09-17,-0.002466092951921732
2018-09-18,-0.0004729856055114249
2018-09-19,0.0
2018-09-20,-0.0
2018-09-21,0.002902884580701738
2018-09-23,0.005681826422346787
2018-09-24,0.005038681082532966
2018-09-25,-0.0009569764141489116
2018-09-26,-0.0004968104756511705
2018-09-27,-0.0
2018-09-28,0.0
2018-09-30,0.0
2018-10-01,0.0
2018-10-02,-0.0025874202985692618
2018-10-03,-0.00045985401850586757
2018-10-04,-0.010109500527036106
2018-10-05,-0.0033012930529003268
2018-10-07,-0.0036498533131435963
2018-10-08,0.005729319291403351
2018-10-09,-4.92213147552296e-06
2018-10-10,-0.01801475406783623
2018-10-11,0.004250047265360292
2018-10-12,-0.0020426010012077273
2018-10-14,0.00305962478248624
2018-10-15,-0.0014768676828928562
2018-10-16,-0.00046989512788337486
2018-10-17,-0.0
2018-10-18,-0.005996009041419787
2018-10-19,-0.00048261061396762795
2018-10-21,-0.0
2018-10-22,-0.0
2018-10-23,-0.0
2018-10-24,0.001077609967605804
2018-10-25,-0.0029427819440704943
2018-10-26,-0.0059575006869756085
2018-10-28,-2.2271553335911766e-06
2018-10-29,0.003881887013982977
2018-10-30,-0.0004852964413041375
2018-10-31,0.008273104139577362
2018-11-01,0.012922644238115538
2018-11-02,0.0036354795388299104
2018-11-04,0.0011541001886402151
2018-11-05,-0.0019534099281972982
2018-11-06,0.007634198577184609
2018-11-07,0.0013730100483838447
2018-11-08,0.008468323241653074
2018-11-09,0.0053672072768582435
2018-11-11,-0.008426807139677995
2018-11-12,0.013543682926104724
2018-11-13,0.026562354137643147
2018-11-14,-0.003908692058584468
2018-11-15,-0.0063760585279750565
2018-11-16,-0.0004658767390016102
2018-11-18,-0.0
2018-11-19,0.0
2018-11-20,0.017248637993053238
2018-11-21,-0.00034704126404523666
2018-11-22,0.007055831067270383
2018-11-23,0.021161029879546177
2018-11-25,-0.003944640928576825
2018-11-26,-0.0036416681963350873
2018-11-27,-0.00046110160943812914
2018-11-28,0.008295375992256495
2018-11-29,-0.005638877624963212
2018-11-30,0.006216129047231311
2018-12-02,-0.020816809909060586
2018-12-03,0.0013502815824544814
2018-12-04,0.006952195316882296
2018-12-05,-0.0007154277396683496
2018-12-06,0.007057715875046823
2018-12-07,-0.005370964237647121
2018-12-09,-0.002492292001052586
2018-12-10,0.008273410741166982
2018-12-11,-0.00041299917844072335
2018-12-12,0.0
2018-12-13,-0.0
2018-12-14,0.0
2018-12-16,-0.0
2018-12-17,0.0
2018-12-18,0.0
2018-12-19,-0.0
2018-12-20,0.00423393270830629
2018-12-21,0.005432426324124803
2018-12-23,-0.00044084077621055293
2018-12-24,0.0
2018-12-25,-0.0
2018-12-26,-0.0
2018-12-27,0.002317118875271411
2018-12-28,0.0033075397256465823
2018-12-30,-0.0003721300639890753
2018-12-31,-0.0
2019-01-01,0.0
2019-01-02,-0.0
2019-01-03,-0.009017679759864316
2019-01-04,-0.0049166363447640665
2019-01-06,-0.0019525669467648332
2019-01-07,0.0001460835745453981
2019-01-08,-0.009296773182894746
2019-01-09,-0.006085838280262617
2019-01-10,-0.0028884275150664416
2019-01-11,0.003876693441164717
2019-01-13,0.0024384135405641034
2019-01-14,-1.831968302899598e-05
2019-01-15,-0.0046436909230455825
2019-01-16,-0.0003113252131324413
2019-01-17,-0.0
2019-01-18,-0.0
2019-01-20,-0.0
2019-01-21,0.0
2019-01-22,0.0
2019-01-23,0.002381442934193176
2019-01-24,-0.006447561308338649
2019-01-25,0.0009420067619666291
2019-01-27,-0.0003171746053520919
2019-01-28,0.0
2019-01-29,-0.006911220170690267
2019-01-30,-0.00493945544299374
2019-01-31,0.003518323135101175
2019-02-01,-0.006749951260139881
2019-02-03,0.00035417246491506373
2019-02-04,0.0016930257253249088
2019-02-05,0.0052997670771622995
2019-02-06,-0.0007042401788865908
2019-02-07,0.00763692680810314
2019-02-08,-0.002362600970483571
2019-02-10,0.0033506941877887966
2019-02-11,-0.0037412612854203523
2019-02-12,-0.004416110687787075
2019-02-13,-0.002576834771431056
2019-02-14,-0.0025972514922382125
2019-02-15,-0.00033319448688647177
2019-02-17,-0.0
2019-02-18,0.0
2019-02-19,-0.0
2019-02-20,-0.0
2019-02-21,-0.0030432546481888698
2019-02-22,-0.0003339457893864956
2019-02-24,-0.0
2019-02-25,-0.0
2019-02-26,0.0036500507980808047
2019-02-27,-0.00034362732473720907
2019-02-28,0.0022110407754337594
2019-03-01,-0.0003668140394726234
2019-03-03,0.0013862053354194836
2019-03-04,0.0010395662482401084
2019-03-05,-0.0010443132657398267
2019-03-06,-0.0004095623255363122
2019-03-07,-0.0013040762524103037
2019-03-08,-0.001972938069402594
2019-03-10,0.0027257794793394217
2019-03-11,0.004848252277394251
2019-03-12,0.00038492208466003847
2019-03-13,0.008990028360640806
2019-03-14,0.0012883355901486284
2019-03-15,-0.00047612429167563544
2019-03-17,-0.0
2019-03-18,0.0
2019-03-19,0.0
2019-03-20,0.0
2019-03-21,-0.0028547806183317273
2019-03-22,-0.007402215330785063
2019-03-24,-0.0025465149149030987
2019-03-25,0.005557810252610557
2019-03-26,0.0055042438684951515
2019-03-27,-0.005638970333025961
2019-03-28,0.0026747413917293287
2019-03-29,0.004005165817110346
2019-03-31,0.002525958465786903
2019-04-01,0.009629998241171134
2019-04-02,0.0075104942443426385
2019-04-03,-0.002964779439703751
2019-04-04,-0.0029277654176936593
2019-04-05,0.009375920621647549
2019-04-07,0.00120048114349418
2019-04-08,0.007660829658316815
2019-04-09,-0.0032250231932420288
2019-04-10,0.0019734449221065643
2019-04-11,-0.004461630835936792
2019-04-12,0.00029806575417228937
2019-04-14,-0.0005292288652114426
2019-04-15,-0.0
2019-04-16,0.0
2019-04-17,-0.0
2019-04-18,0.0
2019-04-21,0.0
2019-04-22,-0.0
2019-04-23,-0.00015711959002716466
2019-04-24,-0.0014273527334269771
2019-04-25,-0.007280213278628321
2019-04-26,-0.0005860845373321562
2019-04-28,0.0009332704837047686
2019-04-29,0.0038421653367109294
2019-04-30,-0.0014799332499756555
2019-05-01,0.0010913546875843917
2019-05-02,-0.013209177010564817
2019-05-03,0.0009211715114271881
2019-05-05,-0.010196501957997338
2019-05-06,0.013600684308244267
2019-05-07,-0.0029567121254160905
2019-05-08,-0.002539898727546874
2019-05-09,0.00459214091111843
2019-05-10,-0.0038836177562506157
2019-05-12,-0.00031955672987256655
2019-05-13,-0.0042138563977384465
2019-05-14,0.0026026263294101045
2019-05-15,-0.0005762758039077039
2019-05-16,0.0
2019-05-17,-0.0
2019-05-19,0.0
2019-05-20,-0.0
2019-05-21,-0.0
2019-05-22,-0.0
2019-05-23,-0.020618174765483787
2019-05-24,0.003194721600651332
2019-05-26,-0.003048553419834286
2019-05-27,0.0052080993355351655
2019-05-28,-0.005199328344983597
2019-05-29,0.0041958257547097325
2019-05-30,-0.022218713650658774
2019-05-31,-0.020712690530975297
2019-06-02,0.0003107294638006624
2019-06-03,-0.00021890750838180173
2019-06-04,-2.1267763101240822e-07
2019-06-05,0.009461521336681046
2019-06-06,-0.010351231804167875
2019-06-07,-0.005809324966482089
2019-06-09,-0.0014378926340622114
2019-06-10,0.00525128300268651
2019-06-11,-0.0004948309016883257
2019-06-12,0.0
2019-06-13,-0.0
2019-06-14,-0.0006868760355899147
2019-06-16,-0.00047963367487416554
2019-06-17,0.0
2019-06-18,-0.0
2019-06-19,-0.0
2019-06-20,-0.0
2019-06-21,-0.0018718623384442734
2019-06-23,-0.00039462122205049296
2019-06-24,0.0
2019-06-25,-0.0
2019-06-26,0.0
2019-06-27,-0.0009285136599259465
2019-06-28,-0.00038990505853757666
2019-06-30,-0.0
2019-07-01,-0.0
2019-07-02,0.012648696196520898
2019-07-03,-0.0018865549352192659
2019-07-04,-0.0003850509900643278
2019-07-05,-0.0
2019-07-07,0.0003276397215303033
2019-07-08,0.0007683876975897257
2019-07-09,-0.00037699071849128893
2019-07-10,-0.0
2019-07-11,0.0003017388166382303
2019-07-12,-0.00035484633766727736
2019-07-14,0.0
2019-07-15,0.0
2019-07-16,0.0
2019-07-17,0.004257132830478591
2019-07-18,-0.0003868548208432999
2019-07-19,0.0
2019-07-21,-0.0
2019-07-22,0.0
2019-07-23,-0.0045549445730362365
2019-07-24,-0.00038588855566616047
2019-07-25,-0.0010988549426066223
2019-07-26,5.311513230263646e-05
2019-07-28,-0.00038688200854665314
2019-07-29,-0.0
2019-07-30,-0.007455790239200351
2019-07-31,0.0032990313548443744
2019-08-01,0.01475776493059436
2019-08-02,-0.0006710803574302435
2019-08-04,0.00022168184919635342
2019-08-05,0.000611408126012633
2019-08-06,0.008326899089511808
2019-08-07,0.005789795280513893
2019-08-08,-0.0003476794307403518
2019-08-09,-0.010969785333538403
2019-08-11,0.0003491428988932481
2019-08-12,-0.0027753246498100933
2019-08-13,-0.00040637776762781426
2019-08-14,0.008118849173671441
2019-08-15,-0.0005253638812673786
2019-08-16,-0.0004093233287347363
2019-08-18,-0.0
2019-08-19,-0.0
2019-08-20,-0.0
2019-08-21,0.003219337822488245
2019-08-22,0.0014357693554302143
2019-08-23,-0.00043449966482492854
2019-08-25,0.001233867971138013
2019-08-26,-0.0025452630500522773
2019-08-27,-0.008848580069517139
2019-08-28,-0.00042074940287782343
2019-08-29,-0.006585657521983035
2019-08-30,0.009881973127625955
2019-09-01,0.00044523320057192556
2019-09-02,0.0007146247893417775
2019-09-03,-0.005551331466452219
2019-09-04,0.015022579486995199
2019-09-05,-8.221435481318436e-05
2019-09-06,0.0012296162303685081
2019-09-08,0.0031461420221038914
2019-09-09,0.00698718286906556
2019-09-10,-0.0004323171362111759
2019-09-11,-0.010528434750737732
2019-09-12,-0.007822700535916674
2019-09-13,-0.00033157574686089694
2019-09-15,-0.0004205853373763532
2019-09-16,0.0
2019-09-17,-0.014859591803675362
2019-09-18,-0.0035382303644991516
2019-09-19,-0.00033948269342797905
2019-09-20,-0.0
2019-09-22,0.0
2019-09-23,-0.0
2019-09-24,-0.0
2019-09-25,0.0
2019-09-26,0.0
2019-09-27,0.0
2019-09-29,-0.0008924525922941434
2019-09-30,0.007728185848814616
2019-10-01,-0.0003807671443850749
2019-10-02,0.0
2019-10-03,0.0
2019-10-04,-0.0022868541859818454
2019-10-06,-0.0003852964084071172
2019-10-07,-0.0
2019-10-08,0.0
2019-10-09,-5.231175870987984e-07
2019-10-10,-0.007122575748465849
2019-10-11,-0.006708252459210659
2019-10-13,-0.00038994935455723324
2019-10-14,0.0
2019-10-15,0.0
2019-10-16,0.0
2019-10-17,-0.0
2019-10-18,0.0
2019-10-20,0.0
2019-10-21,0.0
2019-10-22,-0.0
2019-10-23,-0.008549791809529845
2019-10-24,-0.0025576244945302077
2019-10-25,-0.004228943066264183
2019-10-27,-0.000389868652075418
2019-10-28,-0.0
2019-10-29,0.0
2019-10-30,0.00022633844317523167
2019-10-31,0.004681672181086606
2019-11-01,-0.010615477171471191
2019-11-03,0.001770921180835015
2019-11-04,0.0026777091279791138
2019-11-05,0.0024767093500097656
2019-11-06,-0.00038663112812967556
2019-11-07,0.0028991762226788786
2019-11-08,0.003081311300466209
2019-11-10,-0.00394064407753597
2019-11-11,0.0011792389793031115
2019-11-12,-0.000394460952043403
2019-11-13,0.004533824036093503
2019-11-14,-0.0003926376420859132
2019-11-15,0.0
2019-11-17,-0.0
2019-11-18,-0.0
2019-11-19,-0.0
2019-11-20,-0.0
2019-11-21,0.007331608465008315
2019-11-22,-0.0012287080864048915
2019-11-24,-0.00039315918549318523
2019-11-25,0.0003369879392251409
2019-11-26,-0.0004764609436894929
2019-11-27,-0.0
2019-11-28,0.0
2019-11-29,-0.0
2019-12-01,-0.005657296700547631
2019-12-02,-0.0005366943361309663
2019-12-03,0.0017589975537578564
2019-12-04,0.013328955852796916
2019-12-05,0.00019312930354391692
2019-12-06,0.006052282542697573
2019-12-08,-0.0012879487485730659
2019-12-09,-7.90088293082187e-05
2019-12-10,-0.0005007343567747712
2019-12-11,-0.0009536057072416742
2019-12-12,0.004556835107950972
2019-12-13,-0.000526318062739267
2019-12-15,0.0
2019-12-16,0.0
2019-12-17,0.0
2019-12-18,0.0
2019-12-19,-0.0
2019-12-20,-0.0
2019-12-22,-0.0019460736021854345
2019-12-23,0.0027275027279446023
2019-12-24,-0.0005374985621831799
2019-12-25,0.0
2019-12-26,0.0
2019-12-27,-0.0
2019-12-29,0.0
2019-12-30,-0.0
2019-12-31,-0.003872623389558682
2020-01-01,0.0003171582624259936
2020-01-02,0.014700882128640054
2020-01-03,0.00014055721508720093
2020-01-05,0.011617496280998854
2020-01-06,-0.014638829683142576
2020-01-07,0.006853321441373851
2020-01-08,-0.024348495575833944
2020-01-09,-0.005242856080421964
2020-01-10,-0.0014974124745323423
2020-01-12,-0.0003817771785585913
2020-01-13,-0.007140575979506356
2020-01-14,-0.0001408996897032897
2020-01-15,-0.0005031395623717745
2020-01-16,0.0
2020-01-17,0.0
2020-01-19,0.0
2020-01-20,-0.0
2020-01-21,-0.0
2020-01-22,-0.017117533286522997
2020-01-23,0.00019198266677853984
2020-01-24,-0.011643743627724329
2020-01-26,0.008734969055825235
2020-01-27,-0.0014003228593748873
2020-01-28,-0.007802735222509137
2020-01-29,0.009852020232412557
2020-01-30,-0.003615994609703305
2020-01-31,0.012436157665839652
2020-02-02,0.000974048742986032
2020-02-03,0.007021159199719749
2020-02-04,0.003242000656437563
2020-02-05,-0.013546864468452765
2020-02-06,0.005966746441577381
2020-02-07,0.005173943886680909
2020-02-09,0.0013045456516875902
2020-02-10,0.0001461928594144896
2020-02-11,-0.0033056941655759237
2020-02-12,-0.0053022149558091085
2020-02-13,-0.0015968105739483775
2020-02-14,-0.006060626024733837
2020-02-16,-0.0005453096329477724
2020-02-17,0.0
2020-02-18,-0.0
2020-02-19,-0.0
2020-02-20,0.0
2020-02-21,0.0
2020-02-23,0.009203014118748869
2020-02-24,0.003939276385052315
2020-02-25,0.009758108837469255
2020-02-26,0.018002727785076177
2020-02-27,0.016509651699015488
2020-02-28,0.0035364628881691083
2020-03-01,-0.006203971040086831
2020-03-02,-0.012637317419826738
2020-03-03,-0.000984425087056602
2020-03-04,0.004552741941935216
2020-03-05,0.01300329040216077
2020-03-06,-0.0005559938348255173
2020-03-08,0.08980223536937591
2020-03-09,-0.023920429197896585
2020-03-10,-0.00719157677309542
2020-03-11,0.013490303444370301
2020-03-12,-0.0002714957656033204
2020-03-13,-0.006966850297810394
2020-03-15,-0.0002638965300473004
2020-03-16,0.0
2020-03-17,0.0
2020-03-18,0.0
2020-03-19,-0.0
2020-03-20,0.0
2020-03-22,0.0032527878159909623
2020-03-23,-0.0057876582976730765
2020-03-24,-0.0002572890952449243
2020-03-25,0.0
2020-03-26,0.0
2020-03-27,0.0
2020-03-29,0.0
2020-03-30,-0.0
2020-03-31,0.0
2020-04-01,-0.0
2020-04-02,-0.0
2020-04-03,-0.01600427980512801
2020-04-05,0.00516332067753429
2020-04-06,0.0005223249173191313
2020-04-07,0.005924068750152621
2020-04-08,-0.0025466436037329715
2020-04-09,0.007753632990935569
2020-04-12,-0.002501899323225381
2020-04-13,0.004411066300149233
2020-04-14,-0.00026637577037902046
2020-04-15,0.0
2020-04-16,0.0
2020-04-17,0.0
2020-04-19,-0.0
2020-04-20,0.0
2020-04-21,0.0
2020-04-22,-0.0071016912661313585
2020-04-23,-0.014903611830203839
2020-04-24,0.0012568091002971486
2020-04-26,-0.00024978351549904374
2020-04-27,0.0
2020-04-28,-0.0
2020-04-29,-0.011263266054383929
2020-04-30,-0.00018031612897582213
2020-05-01,-0.0
2020-05-03,0.0
2020-05-04,-0.0
2020-05-05,-0.0
2020-05-06,0.0
2020-05-07,0.0
2020-05-08,-0.0
2020-05-10,-0.0
2020-05-11,0.0
2020-05-12,-0.0
2020-05-13,0.0
2020-05-14,-0.0
2020-05-15,-0.0
2020-05-17,-0.0
2020-05-18,-0.0
2020-05-19,-0.0
2020-05-20,-0.002906096837170961
2020-05-21,0.0011629709799503367
2020-05-22,-0.0010154843458979037
2020-05-24,0.00039188510447277496
2020-05-25,-0.0011787068051433457
2020-05-26,3.70209140182957e-05
2020-05-27,0.003447127558419399
2020-05-28,-0.0025209236763279463
2020-05-29,-0.0031360592418151973
2020-05-31,-0.0002979075108316203
2020-06-01,0.00012060829823358255
2020-06-02,-0.0031051227407391073
2020-06-03,0.0012589770464491803
2020-06-04,-0.0010215949417803792
2020-06-05,-9.735166543714302e-05
2020-06-07,-0.0013783058471796028
2020-06-08,0.0020124307719680944
2020-06-09,0.00014769584925225984
2020-06-10,-9.941648363458319e-05
2020-06-11,-0.0
2020-06-12,0.0018660079477208385
2020-06-14,-0.00010884349353080829
2020-06-15,0.0
2020-06-16,0.0
2020-06-17,-0.0
2020-06-18,0.0
2020-06-19,0.0
2020-06-21,0.0
2020-06-22,0.0
2020-06-23,-0.0
2020-06-24,-0.003215921525454798
2020-06-25,0.001888211687136574
2020-06-26,-0.0013907239722224184
2020-06-28,-0.0006970179560391945
2020-06-29,0.002871630153686575
2020-06-30,0.0004701064073035175
2020-07-01,0.0001184662674938482
2020-07-02,0.0009980251635729777
2020-07-03,-0.00023596423565887568
2020-07-05,0.0002474624922791575
2020-07-06,-1.7775493338178536e-06
2020-07-07,0.00040841703100858573
2020-07-08,-0.00016901818688454611
2020-07-09,-0.0
2020-07-10,0.00440129479617433
2020-07-12,-0.0015587117145505912
2020-07-13,-0.003673558620559174
2020-07-14,0.006044846412226907
2020-07-15,0.0018401517601750643
2020-07-16,-0.0003248277229773692
2020-07-17,-0.0
2020-07-19,-0.0
2020-07-20,0.0
2020-07-21,0.0
2020-07-22,0.0004197868159766871
2020-07-23,-0.0030190677931236105
2020-07-24,0.0005500301851842556
2020-07-26,-0.0006443520401115539
2020-07-27,0.002342470282695919
2020-07-28,-0.0030939179575432845
2020-07-29,-0.00035780819722028794
2020-07-30,-0.0
2020-07-31,0.0016346342882157083
2020-08-02,-0.0024253590495008147
2020-08-03,0.0040917448518739555
2020-08-04,0.0051324493057998835
2020-08-05,0.0016462281561169753
2020-08-06,-0.0003381898904661654
2020-08-07,-0.0022230588850390243
2020-08-09,0.0006851205406043327
2020-08-10,0.0029393809547614744
2020-08-11,-0.002395801108116899
2020-08-12,0.005049931908499692
2020-08-13,-0.0022250803302574624
2020-08-14,-0.0004146545455084137
2020-08-16,0.0
2020-08-17,0.0
2020-08-18,0.0
2020-08-19,-0.0
2020-08-20,0.0
2020-08-21,-0.0051016922663654745
2020-08-23,0.000639960280977453
2020-08-24,0.0017341120711392621
2020-08-25,-0.0005100379951316266
2020-08-26,-0.0
2020-08-27,-0.0
2020-08-28,-0.0
2020-08-30,0.0
2020-08-31,-0.0
2020-09-01,0.0
2020-09-02,-0.0
2020-09-03,-0.007513876448179049
2020-09-04,-0.014240315453147018
2020-09-06,-0.0017292691957907366
2020-09-07,-0.0024944753705969775
2020-09-08,-0.028055939533745983
2020-09-09,-0.015025235201745363
2020-09-10,0.0060352544975493215
2020-09-11,-0.0016981099118551304
2020-09-13,-0.0006716938600876099
2020-09-14,-0.0
2020-09-15,0.0
2020-09-16,0.0
2020-09-17,0.0
2020-09-18,-0.0
2020-09-20,0.0
2020-09-21,-0.0
2020-09-22,-0.0
2020-09-23,-0.0
2020-09-24,-0.0
2020-09-25,-0.0
2020-09-27,0.0
2020-09-28,0.0
2020-09-29,-0.0
2020-09-30,0.009936916825717432
2020-10-01,-0.01686634605615321
2020-10-02,0.008307691663304036
2020-10-04,-0.007204215351802996
2020-10-05,-0.01207990841349569
2020-10-06,-0.0038643850839837684
2020-10-07,-0.0016026005090317124
2020-10-08,-0.0076372912930618925
2020-10-09,-0.004949458007003365
2020-10-11,0.0006540715512931543
2020-10-12,-0.006678832009019187
2020-10-13,-0.004701287875488928
2020-10-14,-0.007666423425114655
2020-10-15,-0.0005143979788122297
2020-10-16,0.0
2020-10-18,0.0
2020-10-19,-0.0
2020-10-20,0.0
2020-10-21,-0.012792557945834514
2020-10-22,-0.00818575304652803
2020-10-23,-0.000510812278762683
2020-10-25,0.0
2020-10-26,0.0
2020-10-27,-5.202217405259242e-05
2020-10-28,0.008740287919562405
2020-10-29,0.008236607620042044
2020-10-30,0.004987969133821557
2020-11-01,0.00999635455234142
2020-11-02,-0.018433761243551967
2020-11-03,-0.011013981166218616
2020-11-04,-0.0009440873614200124
2020-11-05,0.005100563013038102
2020-11-06,-0.0004616821163681767
2020-11-08,-0.005026845174827375
2020-11-09,-0.010199157440677223
2020-11-10,-0.01269133939556271
2020-11-11,-0.0028815744870045274
2020-11-12,0.0049672125824041045
2020-11-13,-0.00040867375084984884
2020-11-15,-0.0
2020-11-16,-0.0
2020-11-17,0.0
2020-11-18,-0.0
2020-11-19,-0.0
2020-11-20,-0.0
2020-11-22,-0.0
2020-11-23,-0.0
2020-11-24,0.0
2020-11-25,0.002564786890138574
2020-11-26,-0.00509685295131478
2020-11-27,0.003175680692673401
2020-11-29,-0.003191511906019798
2020-11-30,0.00016921425700913204
2020-12-01,-0.004946519849094691
2020-12-02,-0.00040416098638385446
2020-12-03,0.006285049952937586
2020-12-04,-0.0015336452379708296
2020-12-06,-0.00041472580735453187
2020-12-07,-0.0034133211282025857
2020-12-08,0.00045173971941390426
2020-12-09,0.0016297145880863118
2020-12-10,0.00652464389840077
2020-12-11,-0.0022032857770940065
2020-12-13,0.0022962578204130508
2020-12-14,-0.001747323187297577
2020-12-15,0.005796454282571055
2020-12-16,-0.0004178049675186077
2020-12-17,0.0
2020-12-18,0.0
2020-12-20,-0.0
2020-12-21,-0.0
2020-12-22,-0.008561862395907149
2020-12-23,-0.0004140686738184286
2020-12-24,-0.0015358980681039703
2020-12-27,-0.00040057778443876844
2020-12-28,-0.0
2020-12-29,0.0
2020-12-30,0.0
2020-12-31,0.0
2021-01-03,0.0
2021-01-04,-0.0
2021-01-05,0.014392671051710644
2021-01-06,0.005349346215081875
2021-01-07,-0.0002661702222289022
2021-01-08,0.00945287379366516
2021-01-10,-0.004872756058530352
2021-01-11,0.002124119700229218
2021-01-12,0.008972061348278073
2021-01-13,-0.0051124125373756685
2021-01-14,0.003644386585297111
2021-01-15,-0.008282137437909284
2021-01-17,-0.00042957948722563443
2021-01-18,0.0
2021-01-19,0.0
2021-01-20,-0.0
2021-01-21,-0.0038798623494410212
2021-01-22,-0.0034316019841712122
2021-01-24,0.0017894101792413663
2021-01-25,0.0010639417077259138
2021-01-26,-0.0004649050455732895
2021-01-27,-0.0
2021-01-28,-0.0027077499706828012
2021-01-29,-0.0003812868195683471
2021-01-31,0.002009961355612978
2021-02-01,0.01127698584811008
2021-02-02,0.005584998850442755
2021-02-03,0.006808047000366842
2021-02-04,0.003346718934940078
2021-02-05,0.003105920912461266
2021-02-07,0.0025412996590660716
2021-02-08,0.005686363273128948
2021-02-09,-0.0006925266840754702
2021-02-10,0.0006948972807968631
2021-02-11,-0.0036112876010472757
2021-02-12,-0.0004337125139650794
2021-02-14,0.006230077845399727
2021-02-15,-0.0029797897137410424
2021-02-16,-0.0013199079239167618
2021-02-17,0.010137860920656737
2021-02-18,-0.00043702269366918927
2021-02-19,-0.0
2021-02-21,0.0
2021-02-22,0.0
2021-02-23,-0.008759792899560605
2021-02-24,0.01047027477318561
2021-02-25,-0.0008923697759190624
2021-02-26,-0.0067849235974039536
2021-02-28,0.004295290285652686
2021-03-01,-0.013060117740206934
2021-03-02,-6.678579356846102e-05
2021-03-03,0.010330669193230878
2021-03-04,0.013124381089873693
2021-03-05,0.009125512455498308
2021-03-07,0.0057205255414886904
2021-03-08,-0.009251841173604756
2021-03-09,-0.00955357944760712
2021-03-10,0.007189257955128313
2021-03-11,0.0038061364996056536
2021-03-12,-0.0003263283981008939
2021-03-14,0.0
2021-03-15,-0.0
2021-03-16,-0.0
2021-03-17,-0.0
2021-03-18,-0.0
2021-03-19,0.0
2021-03-21,-0.0
2021-03-22,-0.0
2021-03-23,-0.016186404265955877
2021-03-24,0.01176278672302022
2021-03-25,-0.00438742998978437
2021-03-26,0.0072156051900470145
2021-03-28,-0.0007670980800446072
2021-03-29,0.00470335370992088
2021-03-30,-0.004475580062203985
2021-03-31,-0.00033335575126075675
2021-04-01,0.008715413301902251
2021-04-04,-0.0006545502043176917
2021-04-05,-0.007718708223872999
2021-04-06,-0.0004649239795991165
2021-04-07,0.0006218936901767161
2021-04-08,0.001080560443893144
2021-04-09,-0.001540724995648697
2021-04-11,-0.0003227102090830045
2021-04-12,0.0
2021-04-13,0.0
2021-04-14,0.0
2021-04-15,0.0
2021-04-16,-0.0
2021-04-18,-0.0
2021-04-19,0.0
2021-04-20,-0.0
2021-04-21,-0.005438951476789778
2021-04-22,0.0033447150810157196
2021-04-23,-0.00030295139052889983
2021-04-25,-0.0
2021-04-26,0.0
2021-04-27,0.0027569140533213387
2021-04-28,0.005682846906588633
2021-04-29,0.0017374010672784434
2021-04-30,-0.004735066001178313
2021-05-02,4.3198840390539624e-05
2021-05-03,0.004855676700606286
2021-05-04,-0.0002951633977410291
2021-05-05,-0.0038495350222819457
2021-05-06,-0.0031399770588063296
2021-05-07,-0.0004587337622634631
2021-05-09,0.0015816286774019844
2021-05-10,-0.003165445226966842
2021-05-11,0.003631842622400004
2021-05-12,0.0011763402981288943
2021-05-13,-0.008686143734177598
2021-05-14,0.008878088884341516
2021-05-16,-0.0003239332028109157
2021-05-17,0.0
2021-05-18,-0.0
2021-05-19,-0.0
2021-05-20,-0.0
2021-05-21,0.009085159255966905
2021-05-23,0.0014590693015694859
2021-05-24,0.010093672341998313
2021-05-25,-0.0008487244379014039
2021-05-26,-0.0010436200163449925
2021-05-27,-0.00032556190061535343
2021-05-28,-0.0
2021-05-30,0.0
2021-05-31,0.0
2021-06-01,0.0
2021-06-02,0.006932998109446534
2021-06-03,-0.0003510231093548876
2021-06-04,0.0
2021-06-06,0.0
2021-06-07,-0.0
2021-06-08,0.0
2021-06-09,-0.006720566593591455
2021-06-10,0.001497153256911378
2021-06-11,0.00620051224683074
2021-06-13,0.0027448638651776493
2021-06-14,-0.0014074291643458386
2021-06-15,-0.00038608987402949895
2021-06-16,-0.0
2021-06-17,-0.00613226812677477
2021-06-18,-0.0003937228429196423
2021-06-20,0.0
2021-06-21,0.0
2021-06-22,-0.0
2021-06-23,-0.001083483277803658
2021-06-24,0.0015749844355154915
2021-06-25,-0.0003931999406933177
2021-06-27,-0.0
2021-06-28,-0.0
2021-06-29,0.0
2021-06-30,0.0
2021-07-01,0.008730435565112212
2021-07-02,-0.001617036502279609
2021-07-04,-0.0004755065326392923
2021-07-05,0.008880859848981248
2021-07-06,-0.018790736124068952
2021-07-07,-0.007246804103305492
2021-07-08,0.006380075512363358
2021-07-09,0.008562251641284057
2021-07-11,-0.0005103993984612293
2021-07-12,-0.001187041893354196
2021-07-13,-0.0003589738022892452
2021-07-14,-0.014199974831402227
2021-07-15,-0.0039617796028530985
2021-07-16,-0.00037321640696173937
2021-07-18,-0.0
2021-07-19,-0.0
2021-07-20,0.0
2021-07-21,0.017199732304673483
2021-07-22,0.007964974162440026
2021-07-23,0.002315634258576135
2021-07-25,-0.0003218015449141727
2021-07-26,0.0
2021-07-27,-0.0
2021-07-28,0.0
2021-07-29,0.0
2021-07-30,0.0
2021-08-01,-0.0
2021-08-02,-0.0
2021-08-03,-0.004880696849484979
2021-08-04,-0.010135120468787623
2021-08-05,0.003862077875370989
2021-08-06,-0.006501811714203222
2021-08-08,-0.005448769318122927
2021-08-09,4.946905222822496e-05
2021-08-10,0.007239270861259398
2021-08-11,0.00569809738120899
2021-08-12,-0.003988446051901602
2021-08-13,-0.00035593617476058394
2021-08-15,-0.0
2021-08-16,-0.0
2021-08-17,-0.0
2021-08-18,-0.0
2021-08-19,0.0
2021-08-20,0.0
2021-08-22,-0.0
2021-08-23,0.0
2021-08-24,0.005276305670112466
2021-08-25,-0.0003281569683559194
2021-08-26,-0.0
2021-08-27,0.0
2021-08-29,0.0
2021-08-30,0.0
2021-08-31,0.0007812214535519465
2021-09-01,-0.00033400738995534253
2021-09-02,0.00823490529650598
2021-09-03,-0.004245975437774117
2021-09-05,-0.00032604964758997445
2021-09-06,-0.002925472792295097
2021-09-07,-0.0003255594477123251
2021-09-08,-0.004751915269857279
2021-09-09,-0.0059509315679921225
2021-09-10,-0.007259479737677162
2021-09-12,0.001388942021484926
2021-09-13,0.002995371437807876
2021-09-14,0.0007216616626803486
2021-09-15,-0.009975223359533394
2021-09-16,-0.0030079728245519907
2021-09-17,-0.000322530029713633
2021-09-19,-0.0
2021-09-20,-0.0
2021-09-21,-0.0
2021-09-22,-0.006191939019452445
2021-09-23,-0.0034296436392352234
2021-09-24,-0.003932418376909898
2021-09-26,0.004722271049006355
2021-09-27,0.003335719504327051
2021-09-28,-0.00836341904269791
2021-09-29,0.0023605360123696143
2021-09-30,0.001029033530010672
2021-10-01,0.004969034812711462
2021-10-03,-0.000650663708330386
2021-10-04,0.011905171091107615
2021-10-05,0.005140838829429716
2021-10-06,-0.010818714364713673
2021-10-07,0.013745133831583505
2021-10-08,0.0007369856674087974
2021-10-10,0.005637872789540393
2021-10-11,-0.00186524180404231
2021-10-12,-0.0010905063879425275
2021-10-13,0.0021671409063261076
2021-10-14,0.00566593868863583
2021-10-15,-0.0003329806775251293
2021-10-17,0.0
2021-10-18,-0.0
2021-10-19,0.0
2021-10-20,0.0
2021-10-21,-0.0067052723432946435
2021-10-22,0.008424349063506304
2021-10-24,0.0033585006249528754
2021-10-25,-0.0035143092522134513
2021-10-26,0.001290599460372978
2021-10-27,-0.01605814652747501
2021-10-28,0.00957200670407799
2021-10-29,0.002049856119398398
2021-10-31,-0.00035873553781092486
2021-11-01,0.004533951571731514
2021-11-02,-0.00034313668809867517
2021-11-03,-0.0
2021-11-04,-0.0019718723947149503
2021-11-05,0.007730087823413019
2021-11-07,0.005389938141134612
2021-11-08,-0.0018631101367804284
2021-11-09,-0.000338424401906998
2021-11-10,-0.013074415644196587
2021-11-11,-0.0024869680358741786
2021-11-12,-0.00033364890556734266
2021-11-14,-0.0
2021-11-15,-0.0
2021-11-16,-0.0
2021-11-17,-0.0
2021-11-18,0.0
2021-11-19,-0.0
2021-11-21,0.0006211608429060431
2021-11-22,0.0016697687669763313
2021-11-23,0.011256753563963218
2021-11-24,-0.001276644929600715
2021-11-25,-0.0003277129324050179
2021-11-26,-0.0
2021-11-28,0.011810421443220392
2021-11-29,-0.0017704118755986697
2021-11-30,-0.010515999555298375
2021-12-01,0.005775458927843066
2021-12-02,-0.005545005626382499
2021-12-03,0.005718769403396279
2021-12-05,-0.0002749266183609965
2021-12-06,-0.0
2021-12-07,0.0
2021-12-08,0.0
2021-12-09,-0.0
2021-12-10,0.0
2021-12-12,0.0
2021-12-13,-0.0
2021-12-14,-0.0
2021-12-15,-0.0
2021-12-16,-0.0
2021-12-17,-0.0
2021-12-19,0.0
2021-12-20,-0.0
2021-12-21,-0.007989264697999626
2021-12-22,-0.00024611634526652116
2021-12-23,0.0
2021-12-26,-0.0
2021-12-27,0.0
2021-12-28,0.0
2021-12-29,0.0
2021-12-30,-0.0
2021-12-31,-0.0
2022-01-02,0.0
2022-01-03,0.0
2022-01-04,0.0011520293560041807
2022-01-05,3.275747407508212e-05
2022-01-06,0.010756209299717764
2022-01-07,-0.003744835669740032
2022-01-09,0.0003540301877294988
2022-01-10,-0.0010422890169883906
2022-01-11,-0.008539689812809424
2022-01-12,0.0032440352064941366
2022-01-13,-0.001788111356577108
2022-01-14,0.00748170891779767
2022-01-16,-0.0005074606030888526
2022-01-17,0.0026004917186086642
2022-01-18,0.002591495194271353
2022-01-19,-0.00020539911556791848
2022-01-20,-0.0
2022-01-21,0.003196742739098954
2022-01-23,0.003086984858202825
2022-01-24,-0.006420384835641863
2022-01-25,0.004772241736261914
2022-01-26,0.00416289758335916
2022-01-27,0.0011915609933589233
2022-01-28,0.0006265801700351326
2022-01-30,0.0014741486368268692
2022-01-31,0.002167156085371436
2022-02-01,-0.00020866474698964346
2022-02-02,-0.0
2022-02-03,0.008801404975476488
2022-02-04,0.003135246639283257
2022-02-06,0.0004608614599262528
2022-02-07,-0.003177840168051125
2022-02-08,-0.0057068290979894595
2022-02-09,-8.155993365341095e-05
2022-02-10,-4.835583117270611e-05
2022-02-11,0.01690706832791501
2022-02-13,0.00203716213473981
2022-02-14,0.0014295957398091353
2022-02-15,-0.010461529080223677
2022-02-16,-0.00027166159479405724
2022-02-17,-0.0
2022-02-18,0.0
2022-02-20,-0.0
2022-02-21,0.0
2022-02-22,-0.0
2022-02-23,0.0174021158231208
2022-02-24,-0.006213443377248735
2022-02-25,-0.01111995957429197
2022-02-27,0.020141133921567238
2022-02-28,-0.002322052959192711
2022-03-01,0.04195720239281176
2022-03-02,0.014430428599237178
2022-03-03,-0.010354624554603578
2022-03-04,0.011735143782837429
2022-03-06,0.023395193576189004
2022-03-07,-0.008059764511972933
2022-03-08,0.007952265380066263
2022-03-09,-0.02684413667797048
2022-03-10,-0.0067279847245280385
2022-03-11,-0.00012107698827348223
2022-03-13,-0.0
2022-03-14,-0.0
2022-03-15,-0.0
2022-03-16,-0.0
2022-03-17,0.0
2022-03-18,-0.0
2022-03-20,0.0
2022-03-21,0.0
2022-03-22,-0.0
2022-03-23,0.0
2022-03-24,-0.0
2022-03-25,0.0
2022-03-27,-0.0
2022-03-28,-0.0
2022-03-29,-0.00018827174445252285
2022-03-30,-0.005885221440570233
2022-03-31,-0.00011577584982230252
2022-04-01,-0.0003616466223111465
2022-04-03,-0.0010700835720390438
2022-04-04,0.010024130032579655
2022-04-05,-0.00011256878576247369
2022-04-06,-0.0
2022-04-07,-0.003948967311216754
2022-04-08,0.0033147300733493918
2022-04-10,-0.0030715627336461945
2022-04-11,0.0006097140223609151
2022-04-12,0.00785988875501809
2022-04-13,0.003625812928286042
2022-04-14,-0.00010278116566478386
2022-04-17,0.0
2022-04-18,0.0
2022-04-19,-0.0
2022-04-20,-0.0
2022-04-21,-0.000579105630000592
2022-04-22,-0.0001067083472553279
2022-04-24,-0.0
2022-04-25,0.0
2022-04-26,0.0045575935378489845
2022-04-27,-0.0029209301292591385
2022-04-28,0.006916344250292915
2022-04-29,-0.0013150534439837348
2022-05-01,-0.0006227582182465327
2022-05-02,0.002477880909133069
2022-05-03,-0.00010456917536719903
2022-05-04,0.0
2022-05-05,0.001188779100851936
2022-05-06,0.0022852743886230677
2022-05-08,-0.0007334573103034175
2022-05-09,-0.012314961502274948
2022-05-10,0.0005470667728337046
2022-05-11,0.004291257322108383
2022-05-12,0.004047107698510895
2022-05-13,0.004758549011591981
2022-05-15,-0.00010710181746813695
2022-05-16,0.0
2022-05-17,-0.0
2022-05-18,-0.0
2022-05-19,0.0
2022-05-20,0.0
2022-05-22,0.0
2022-05-23,-0.0
2022-05-24,0.0
2022-05-25,-0.0
2022-05-26,0.0
2022-05-27,0.0
2022-05-29,0.0
2022-05-30,0.0
2022-05-31,-0.0
2022-06-01,-0.005296906133799481
2022-06-02,0.008367393700308826
2022-06-03,0.007355794495985526
2022-06-05,-0.0008598594308393857
2022-06-06,-0.0012140879621354843
2022-06-07,0.00144057452793242
2022-06-08,0.005043151860341524
2022-06-09,0.0029356703049262067
2022-06-10,0.0005806737569813193
2022-06-12,0.0030164143001380093
2022-06-13,0.003975046418999814
2022-06-14,-0.004317556238036464
2022-06-15,-0.005971517187402908
2022-06-16,-0.003899032585694538
2022-06-17,-0.00016643765803182396
2022-06-19,-0.0
2022-06-20,0.0
2022-06-21,-0.0
2022-06-22,-0.005150875476931232
2022-06-23,-0.0027538704195494536
2022-06-24,-0.006944495475050495
2022-06-26,-0.002368148162736153
2022-06-27,-0.006711529647904866
2022-06-28,-0.00016201241914665814
2022-06-29,0.0016736101613890738
2022-06-30,0.010790279015514222
2022-07-01,0.005932408810639603
2022-07-03,-0.0008887425252571629
2022-07-04,0.005287655775856365
2022-07-05,-0.02451205626864326
2022-07-06,-0.0030851367079253724
2022-07-07,-0.009166646966211191
2022-07-08,-0.0059312624192794094
2022-07-10,-0.0027284685739596254
2022-07-11,-0.002273369093537929
2022-07-12,-0.014954882877745096
2022-07-13,-0.0018144349807700385
2022-07-14,-0.00016014780676917926
2022-07-15,0.00199253667872122
2022-07-17,-0.00016176164237935304
2022-07-18,-0.0
2022-07-19,-0.0
2022-07-20,0.0
2022-07-21,0.0
2022-07-22,0.0
2022-07-24,0.0
2022-07-25,-0.0
2022-07-26,0.0
2022-07-27,-0.0
2022-07-28,0.004186181868189647
2022-07-29,-0.003282290123828239
2022-07-31,0.001664578753072911
2022-08-01,0.01179937238997862
2022-08-02,-0.0032033602082928592
2022-08-03,0.007754502067083537
2022-08-04,0.005841926174123927
2022-08-05,0.0009745647109279356
2022-08-07,-0.0015738504120028727
2022-08-08,-0.0035576738538216
2022-08-09,0.0004956412943015934
2022-08-10,-0.0039534346229053805
2022-08-11,-0.005749658943909764
2022-08-12,0.005303834544306381
2022-08-14,-0.00018542687723493233
2022-08-15,0.0
2022-08-16,0.0
2022-08-17,-0.0
2022-08-18,-0.0
2022-08-19,0.0
2022-08-21,0.0
2022-08-22,-0.0
2022-08-23,-0.006852256258701641
2022-08-24,-0.00017693255856422304
2022-08-25,0.004818808924705645
2022-08-26,-0.00017957744277490584
2022-08-28,-0.0034581900723151325
2022-08-29,-0.006451806456887812
2022-08-30,0.010502472443389475
2022-08-31,0.008715594831482544
2022-09-01,0.0032253677494625678
2022-09-02,0.002318121906272174
2022-09-04,-0.0027702045337813794
2022-09-05,-0.0010499722004711893
2022-09-06,0.008205169791278256
2022-09-07,0.008160854458751983
2022-09-08,-0.0035341262010124812
2022-09-09,-0.006179864726659858
2022-09-11,0.0015441206187372558
2022-09-12,-0.005904948280506287
2022-09-13,-0.00019504834622579084
2022-09-14,-0.003567507659800347
2022-09-15,0.01012155219532293
2022-09-16,-0.00022576256449414843
2022-09-18,-0.0
2022-09-19,-0.0
2022-09-20,0.0
2022-09-21,0.0
2022-09-22,0.0009657108623553198
2022-09-23,0.013770584528346745
2022-09-25,0.003715825181931715
2022-09-26,0.0049012811592344845
2022-09-27,-0.0005310160497441843
2022-09-28,-0.01745506245742698
2022-09-29,0.00189790305402679
2022-09-30,0.005100497397112918
2022-10-02,-0.00023570464691915406
2022-10-03,-0.0
2022-10-04,-0.008222057262561307
2022-10-05,-0.006176200743584097
2022-10-06,-0.0015065145931426316
2022-10-07,-0.00021362470545331438
2022-10-09,0.0036371453371649414
2022-10-10,0.0034375414193409067
2022-10-11,0.0064827972024963975
2022-10-12,0.004725537878566656
2022-10-13,-0.0068756795850411475
2022-10-14,-0.0002318003936290545
2022-10-16,0.0
2022-10-17,0.0
2022-10-18,0.0
2022-10-19,-0.0
2022-10-20,0.0
2022-10-21,-0.001257020160285525
2022-10-23,-0.0002300327940123337
2022-10-24,0.0
2022-10-25,-0.0
2022-10-26,-0.0
2022-10-27,-0.0006053358061676278
2022-10-28,-0.0006720391283847008
2022-10-30,-0.0002260193534641331
2022-10-31,0.0
2022-11-01,-0.008264906573759888
2022-11-02,0.0003726308679004785
2022-11-03,0.0022025714466635047
2022-11-04,-0.00021563872870318464
2022-11-06,-0.003757232664267289
2022-11-07,0.00026817306825365985
2022-11-08,-0.00952403935533069
2022-11-09,0.007984247588561838
2022-11-10,-0.0031681453280880795
2022-11-11,-0.007105282779713122
2022-11-13,-0.0008940281732119305
2022-11-14,0.012146607891247609
2022-11-15,-0.0008675649051361266
2022-11-16,0.005733151594079523
2022-11-17,-0.00024048249980102693
2022-11-18,0.0
2022-11-20,0.0
2022-11-21,-0.0
2022-11-22,-0.0021477119498923116
2022-11-23,-0.00025860180591097474
2022-11-24,-0.0026143009307995
2022-11-25,0.007462198545498423
2022-11-27,-0.00027192939789830395
2022-11-28,-0.0
2022-11-29,-0.0013007637196848529
2022-11-30,-0.0044302071573804275
2022-12-01,-0.0002270151115620361
2022-12-02,0.002692257182881369
2022-12-04,-0.00022741005704761055
2022-12-05,0.0
2022-12-06,0.010052951697456345
2022-12-07,0.005237285129775028
2022-12-08,0.0030503863890272913
2022-12-09,0.0014717174461492343
2022-12-11,-0.00019931935754757506
2022-12-12,-0.009726796075660165
2022-12-13,-0.0002567078242751833
2022-12-14,-0.004970485151444299
2022-12-15,-0.0002546455148007699
2022-12-16,0.0
2022-12-18,-0.0
2022-12-19,-0.0
2022-12-20,-0.0
2022-12-21,-0.0
2022-12-22,0.0
2022-12-23,-0.0
2022-12-26,-0.0
2022-12-27,0.0
2022-12-28,-0.0
2022-12-29,-0.0
2022-12-30,0.0
2023-01-02,-0.0
2023-01-03,0.0
2023-01-04,0.010741896169552421
2023-01-05,-0.002991020452903566
2023-01-06,0.0031573148440773437
2023-01-08,-0.00409279804674283
2023-01-09,0.002188724863999585
2023-01-10,-0.0006527081082018211
2023-01-11,-0.01225731271515187
2023-01-12,-0.0025077972689936338
2023-01-13,-0.006638565103333447
2023-01-15,0.0023608544688667197
2023-01-16,0.00022878859638403635
2023-01-17,-0.005890925512661859
2023-01-18,0.008290688711959034
2023-01-19,-0.0002486013402978157
2023-01-20,-0.0
2023-01-22,0.0006744559263942386
2023-01-23,-0.0009907626019318484
2023-01-24,0.005059322874809686
2023-01-25,-1.0853746786681975e-06
2023-01-26,-0.003979276489957338
2023-01-27,0.007242124924669019
2023-01-29,-0.0005852997922318271
2023-01-30,0.007365425871959036
2023-01-31,-0.006248759514628711
2023-02-01,0.00745038500237293
2023-02-02,0.005815775584886991
2023-02-03,0.009479515852064541
2023-02-05,-0.001127316716880176
2023-02-06,-0.005414038372039931
2023-02-07,-0.00986003918618758
2023-02-08,-0.004059688107939633
2023-02-09,0.0025868810627619277
2023-02-10,-0.008120729458631357
2023-02-12,0.003771345363652985
2023-02-13,-0.0018441678166196056
2023-02-14,-0.0002821408337044665
2023-02-15,-0.0
2023-02-16,0.0
2023-02-17,0.0
2023-02-19,-0.0
2023-02-20,0.0
2023-02-21,0.0
2023-02-22,0.007946518389864488
2023-02-23,-0.008204261738486296
2023-02-24,-0.0016767249100840514
2023-02-26,0.0015171518104036723
2023-02-27,0.0008614646429515767
2023-02-28,-0.0003118044640758815
2023-03-01,-0.0014029379652651297
2023-03-02,0.00011252311621431346
2023-03-03,-0.0003030228112711647
2023-03-05,-0.004383954165724191
2023-03-06,-0.008452334867573845
2023-03-07,-0.013731541026333486
2023-03-08,0.003722740713472857
2023-03-09,0.006605635745345407
2023-03-10,-0.00676553556507974
2023-03-12,-0.0011231809598931572
2023-03-13,-0.01329722055938531
2023-03-14,-0.006984340912838455
2023-03-15,-0.0202562626266922
2023-03-16,-0.006881106291672391
2023-03-17,-0.0003299186716442737
2023-03-19,0.0
2023-03-20,-0.0
2023-03-21,-0.0
2023-03-22,-0.0038094814142947755
2023-03-23,0.0013640035762419287
2023-03-24,-0.00031426344547045513
2023-03-26,-0.000478350816760973
2023-03-27,-0.015703037430557686
2023-03-28,-0.00374144426065266
2023-03-29,-0.0002883084547503483
2023-03-30,-0.0
2023-03-31,-0.0
2023-04-02,-0.0
2023-04-03,0.0
2023-04-04,0.0007836599881922307
2023-04-05,-0.004420990111653967
2023-04-06,-0.0002517551392097923
2023-04-09,0.0
2023-04-10,-0.0
2023-04-11,0.0
2023-04-12,0.005270318733353993
2023-04-13,-0.002561814300282535
2023-04-14,-0.0002488633318199699
2023-04-16,-0.0
2023-04-17,-0.0
2023-04-18,-0.0
2023-04-19,-0.0
2023-04-20,0.0
2023-04-21,-0.0022980503669559
2023-04-23,0.0026602399674994946
2023-04-24,-0.0066409591794375986
2023-04-25,0.005045673963438964
2023-04-26,0.0118564485182384
2023-04-27,-0.002173625132995538
2023-04-28,-0.006976008204578033
2023-04-30,0.002088907145824568
2023-05-01,0.001702519445312545
2023-05-02,-0.0002915663356379198
2023-05-03,0.011708909862201125
2023-05-04,-0.0011118603004715815
2023-05-05,-0.009834570490035183
2023-05-07,-0.0006381541908995537
2023-05-08,-0.005708092281533364
2023-05-09,-0.00026293801048931167
2023-05-10,-7.477074398569951e-05
2023-05-11,0.00875995256668473
2023-05-12,0.0025448202561337164
2023-05-14,-0.00027236715207004013
2023-05-15,-0.0
2023-05-16,0.0
2023-05-17,-0.0
2023-05-18,0.0
2023-05-19,0.0
2023-05-21,0.0
2023-05-22,-0.0
2023-05-23,-0.0
2023-05-24,-0.001661843722133015
2023-05-25,0.010007035891582002
2023-05-26,-0.005257499640618224
2023-05-28,-0.00028401670594174993
2023-05-29,0.0
2023-05-30,0.0
2023-05-31,0.002457006815967276
2023-06-01,-0.008223999636787467
2023-06-02,-0.005127700357362535
2023-06-04,-0.0031869614521921165
2023-06-05,0.0021865041451312964
2023-06-06,0.001755914566642968
2023-06-07,-0.004198354736195815
2023-06-08,0.006617592538970673
2023-06-09,0.0023431402657665104
2023-06-11,-0.0003044410287305785
2023-06-12,0.0
2023-06-13,-0.009314025610315343
2023-06-14,0.005717492221186525
2023-06-15,-0.0003149111488728614
2023-06-16,-0.0
2023-06-18,0.0
2023-06-19,0.0
2023-06-20,0.0
2023-06-21,0.0037470704243984364
2023-06-22,-0.0003113554115906503
2023-06-23,0.0015497438311433181
2023-06-25,-0.0008093683980244687
2023-06-26,-0.002164666641699094
2023-06-27,-0.0003060782550136271
2023-06-28,-0.005564114410376319
2023-06-29,0.0025430629726013072
2023-06-30,-0.00029591460388346476
2023-07-02,-0.0012608635567844311
2023-07-03,0.0017947089117121813
2023-07-04,-0.002812798496138933
2023-07-05,-0.0047281570708973914
2023-07-06,5.749775037814173e-05
2023-07-07,-0.007387955709210424
2023-07-09,0.001002462202545066
2023-07-10,-6.339151017913616e-05
2023-07-11,-0.00028871119011931036
2023-07-12,-0.0
2023-07-13,-0.00488636865712316
2023-07-14,0.0075679727610082044
2023-07-16,-0.00031853133349480923
2023-07-17,0.0
2023-07-18,-0.0
2023-07-19,-0.0
2023-07-20,-0.0
2023-07-21,-0.0037129260693099216
2023-07-23,0.000828962017432096
2023-07-24,-0.0003148655577985934
2023-07-25,0.0014707070588722696
2023-07-26,0.0010815020429487806
2023-07-27,0.0006339113473563938
2023-07-28,0.004153527436711148
2023-07-30,-0.00031625758620212554
2023-07-31,0.0
2023-08-01,0.0
2023-08-02,-0.011894076338002227
2023-08-03,0.00891140644140012
2023-08-04,0.0044878346675991665
2023-08-06,0.0005138188242827231
2023-08-07,-0.0024633394754328087
2023-08-08,-0.0003107466831599202
2023-08-09,0.006995726850606721
2023-08-10,-0.007136693242988475
2023-08-11,0.0015276433259332044
2023-08-13,-0.00034156516248693824
2023-08-14,-0.0
2023-08-15,-0.0
2023-08-16,-0.0
2023-08-17,0.0
2023-08-18,0.0
2023-08-20,0.0
2023-08-21,-0.0
2023-08-22,-0.0
2023-08-23,-0.0
2023-08-24,0.0041608274752014535
2023-08-25,0.003926649112325432
2023-08-27,-0.0009126339483362481
2023-08-28,0.0015302454404828602
2023-08-29,-0.00039004485801572984
2023-08-30,0.0
2023-08-31,0.0
2023-09-01,0.013285990986522455
2023-09-03,-0.0020832293967007125
2023-09-04,0.0007219661024960265
2023-09-05,0.005714564528056074
2023-09-06,0.0028222865282385838
2023-09-07,-0.0003991872222381596
2023-09-08,0.0
2023-09-10,-0.0
2023-09-11,0.0
2023-09-12,0.0
2023-09-13,-0.0005524951761775329
2023-09-14,0.011287696717234395
2023-09-15,-0.00037962925790680077
2023-09-17,-0.0
2023-09-18,0.0
2023-09-19,-0.0
2023-09-20,-0.0
2023-09-21,0.0070025285781972705
2023-09-22,0.0004271942832415754
2023-09-24,-0.000538732615359213
2023-09-25,-0.003861603538580027
2023-09-26,0.009122937315981567
2023-09-27,-0.00037557974454423726
2023-09-28,-0.013759336938003346
2023-09-29,-0.005826141067124546
2023-10-01,0.001545912042786492
2023-10-02,-0.016251364017191496
2023-10-03,0.007342041177215031
2023-10-04,-0.0223403494179466
2023-10-05,-0.008985701151357306
2023-10-06,0.0003139643917244409
2023-10-08,0.0154869348416967
2023-10-09,-0.0003128974672523323
2023-10-10,0.0004063281934438609
2023-10-11,-0.0003118173153140528
2023-10-12,0.00322026686947333
2023-10-13,-0.00029164316383992515
2023-10-15,0.0
2023-10-16,-0.0
2023-10-17,0.0
2023-10-18,-0.0
2023-10-19,0.0
2023-10-20,-0.0
2023-10-22,-0.0
2023-10-23,-0.0
2023-10-24,-0.0
2023-10-25,0.006191911315702181
2023-10-26,-0.0038479340004862156
2023-10-27,0.0035780714061162395
2023-10-29,-0.0002803468926692135
2023-10-30,-0.006812096576727105
2023-10-31,-0.006016126955034861
2023-11-01,0.0006956979891026302
2023-11-02,-0.00628249717326897
2023-11-03,-0.00029043912938574184
2023-11-05,0.00022948568652758627
2023-11-06,0.00162981362504608
2023-11-07,-0.00030004151883745674
2023-11-08,0.007113557526339051
2023-11-09,-0.003157155140465368
2023-11-10,-0.0002868259562087865
2023-11-12,0.0
2023-11-13,-0.0
2023-11-14,0.0
2023-11-15,0.0
2023-11-16,0.0
2023-11-17,-0.0
2023-11-19,-0.0
2023-11-20,-0.0
2023-11-21,-0.0
2023-11-22,0.0
2023-11-23,-0.0008533538775337111
2023-11-24,0.002129018820561089
2023-11-26,-0.0002804051238969773
2023-11-27,-0.0
2023-11-28,-0.006461619398232598
2023-11-29,-0.0059185755767516305
2023-11-30,0.007939247853481891
2023-12-01,0.006069555787523125
