ts,ret
2011-02-18,-0.0017759345130743624
2011-02-20,-0.001934557702347708
2011-02-21,-0.010519649706373415
2011-02-22,-0.014173408625692623
2011-02-23,-0.007441882365903418
2011-02-24,0.0032901718304390723
2011-02-25,0.011171692516334647
2011-02-27,-0.001618104383316273
2011-02-28,0.004831323880689345
2011-03-01,-0.01872758698337391
2011-03-02,0.009091982550756458
2011-03-03,0.01549837320422194
2011-03-04,-0.004574468998179306
2011-03-06,-0.003566864085390952
2011-03-07,-0.005314892426337992
2011-03-08,-0.0017466323414451097
2011-03-09,-0.01056063972185253
2011-03-10,-0.003465634198523049
2011-03-11,0.005104677251514804
2011-03-13,-0.003597558207757071
2011-03-14,-0.011087617273171844
2011-03-15,-0.005110283170862388
2011-03-16,-0.01100467465716329
2011-03-17,-0.011277841393534377
2011-03-18,-0.006963438685469711
2011-03-20,0.004528193265714512
2011-03-21,0.006480880746799491
2011-03-22,-0.0016589126979707353
2011-03-23,0.0054512988577971365
2011-03-24,0.016518938287302116
2011-03-25,-0.0006058778747169842
2011-03-27,0.000798084906989541
2011-03-28,-0.007403870244358913
2011-03-29,-0.00046919807476062753
2011-03-30,0.0
2011-03-31,0.0
2011-04-01,-0.0
2011-04-03,0.0
2011-04-04,-0.0
2011-04-05,-0.0
2011-04-06,-0.0
2011-04-07,0.0
2011-04-08,-0.0
2011-04-10,0.0
2011-04-11,-0.0
2011-04-12,0.0
2011-04-13,0.0
2011-04-14,-0.0
2011-04-15,0.0
2011-04-17,-0.0
2011-04-18,-0.0
2011-04-19,-0.0
2011-04-20,0.0
2011-04-21,-0.0
2011-04-24,0.0
2011-04-25,-0.0
2011-04-26,0.004451878025086799
2011-04-27,0.005901963670012066
2011-04-28,-0.0038122546603198077
2011-04-29,0.002012175703995943
2011-05-01,0.00525877120958253
2011-05-02,-0.008401473680264273
2011-05-03,-0.00416330564506615
2011-05-04,0.0024141121730160793
2011-05-05,-0.003382071074634467
2011-05-06,-0.001065830313634943
2011-05-08,0.0032692312753022164
2011-05-09,0.00013755257420654268
2011-05-10,0.00737716404938794
2011-05-11,-0.00689155344458737
2011-05-12,0.004619097021937911
2011-05-13,-0.009210681353785322
2011-05-15,-0.002669605889521639
2011-05-16,-0.009636187204978284
2011-05-17,-0.006016891880987712
2011-05-18,-0.005369336433441354
2011-05-19,-0.0005998536562009917
2011-05-20,0.006926520645468423
2011-05-22,0.004117326355630464
2011-05-23,0.00453095022816957
2011-05-24,0.00956401014391726
2011-05-25,-0.008952958793854557
2011-05-26,-0.005225512508978138
2011-05-27,-0.0006342625911690353
2011-05-29,-0.0005418599221368785
2011-05-30,0.004078620753588303
2011-05-31,-0.0005091360559695402
2011-06-01,-0.0
2011-06-02,-0.0
2011-06-03,0.0
2011-06-05,-0.0
2011-06-06,0.0
2011-06-07,0.0
2011-06-08,0.0
2011-06-09,0.0
2011-06-10,0.0
2011-06-12,-0.0
2011-06-13,-0.0
2011-06-14,-0.0
2011-06-15,0.0
2011-06-16,0.0
2011-06-17,0.0
2011-06-19,0.0
2011-06-20,-0.0
2011-06-21,-0.013683376851004974
2011-06-22,-0.00610339271219287
2011-06-23,-0.008949167144984376
2011-06-24,0.013270492538880308
2011-06-26,0.0016931585768276834
2011-06-27,-0.016718106560505236
2011-06-28,-0.0004663406982010337
2011-06-29,-0.0
2011-06-30,-0.0
2011-07-01,0.0
2011-07-03,0.0
2011-07-04,0.0
2011-07-05,0.0
2011-07-06,0.0
2011-07-07,0.0
2011-07-08,-0.0
2011-07-10,-0.0
2011-07-11,-0.0
2011-07-12,0.0
2011-07-13,-0.0
2011-07-14,0.0
2011-07-15,0.0
2011-07-17,-0.0
2011-07-18,-0.0
2011-07-19,0.0
2011-07-20,-0.0
2011-07-21,0.0
2011-07-22,0.0
2011-07-24,-0.0
2011-07-25,0.0
2011-07-26,0.00015737797454454673
2011-07-27,-0.01567537661101315
2011-07-28,0.0014475295346001791
2011-07-29,-0.0018400543801194325
2011-07-31,-0.0070125863624943205
2011-08-01,0.010734091536752265
2011-08-02,0.013460953843260393
2011-08-03,-0.0054116325860353465
2011-08-04,0.023980335260355083
2011-08-05,0.0042272806725103355
2011-08-07,0.010955304802671975
2011-08-08,0.033934876539367276
2011-08-09,-0.033148205989491523
2011-08-10,0.005951568273438993
2011-08-11,-0.004668593805780064
2011-08-12,-0.004655882738117944
2011-08-14,-0.0017814952744247567
2011-08-15,-0.0017705389159346097
2011-08-16,-0.0002441941048165421
2011-08-17,0.0
2011-08-18,0.0
2011-08-19,0.0
2011-08-21,-0.0
2011-08-22,-0.0
2011-08-23,-0.0
2011-08-24,-0.0
2011-08-25,0.0
2011-08-26,-0.0
2011-08-28,-0.0
2011-08-29,-0.0
2011-08-30,-0.0009172145937510771
2011-08-31,-0.003796463128188282
2011-09-01,0.0064545486617056695
2011-09-02,0.005922252647535718
2011-09-04,0.0014925371119572555
2011-09-05,0.004462359119734953
2011-09-06,-0.007610553230124813
2011-09-07,-0.006258823910278212
2011-09-08,-0.0010673572646842768
2011-09-09,0.007857013541698054
2011-09-11,0.0017469886926773292
2011-09-12,-0.006119346895267995
2011-09-13,-0.001573859924602865
2011-09-14,-0.00458910582721156
2011-09-15,0.0048765440595564214
2011-09-16,0.0027419213104126444
2011-09-18,-0.004166892287266103
2011-09-19,0.0016975602091508476
2011-09-20,0.0019924679831200462
2011-09-21,-0.009051139646344054
2011-09-22,-0.005498683495533442
2011-09-23,-0.002064702602569109
2011-09-25,-0.0003978093782141436
2011-09-26,-0.0035419239038729645
2011-09-27,-0.00021098507501146098
2011-09-28,-0.0
2011-09-29,0.0
2011-09-30,0.0
2011-10-02,0.0
2011-10-03,0.0
2011-10-04,-0.0
2011-10-05,-0.0
2011-10-06,-0.0
2011-10-07,0.0
2011-10-09,-0.0
2011-10-10,-0.0
2011-10-11,-0.0
2011-10-12,-0.0
2011-10-13,-0.0
2011-10-14,-0.0
2011-10-16,0.0
2011-10-17,-0.0
2011-10-18,-0.0
2011-10-19,0.0
2011-10-20,0.0
2011-10-21,-0.0
2011-10-23,0.0
2011-10-24,-0.0
2011-10-25,0.006107026631566095
2011-10-26,-0.003864044912141969
2011-10-27,-0.006272345086460929
2011-10-28,-0.0017177035135584149
2011-10-30,-0.003155685991987949
2011-10-31,-0.00638000048580632
2011-11-01,0.007251618860835238
2011-11-02,0.001946268633716353
2011-11-03,-0.011544638297731901
2011-11-04,-0.0014220926350942244
2011-11-06,-0.00022874898848301628
2011-11-07,0.0025641541720111505
2011-11-08,0.0046231115941221
2011-11-09,-0.01382050925532287
2011-11-10,0.0015484027057104484
2011-11-11,0.005321327168613134
2011-11-13,0.001213492883669056
2011-11-14,-0.004320526432452499
2011-11-15,0.0021911412311996373
2011-11-16,-0.0039020921344044847
2011-11-17,-0.011359033614079413
2011-11-18,-0.0029845621153765847
2011-11-20,-0.00244761774074962
2011-11-21,-0.0029933366203659536
2011-11-22,-0.006066801958513113
2011-11-23,-0.003735363840007757
2011-11-24,-0.00425612101932708
2011-11-25,-0.0007362324005554175
2011-11-27,0.007842090821888779
2011-11-28,0.007141740737518531
2011-11-29,-0.0037605602095126607
2011-11-30,0.020401881429539633
2011-12-01,0.002563433669561674
2011-12-02,-0.0026485240490262663
2011-12-04,0.002448489265766222
2011-12-05,-0.00018555333949990663
2011-12-06,-0.0002981613373079021
2011-12-07,-0.0
2011-12-08,-0.0
2011-12-09,0.0
2011-12-11,-0.0
2011-12-12,-0.0
2011-12-13,-0.0
2011-12-14,-0.0
2011-12-15,0.0
2011-12-16,-0.0
2011-12-18,0.0
2011-12-19,-0.0
2011-12-20,-0.010289036990230932
2011-12-21,0.007011095246040648
2011-12-22,-0.007355623418376395
2011-12-23,-0.001730140349453273
2011-12-27,-0.0006759582471951801
2011-12-28,-0.00032983650114386373
2011-12-29,0.0
2011-12-30,-0.0
2012-01-03,0.0
2012-01-04,0.0
2012-01-05,0.0
2012-01-06,0.0
2012-01-08,-0.0
2012-01-09,0.0
2012-01-10,-0.0
2012-01-11,0.0
2012-01-12,0.0
2012-01-13,-0.0
2012-01-15,-0.0
2012-01-16,0.0
2012-01-17,0.0
2012-01-18,0.0
2012-01-19,0.0
2012-01-20,0.0
2012-01-22,-0.0
2012-01-23,-0.0
2012-01-24,0.006945966348361143
2012-01-25,-0.0006736714057637219
2012-01-26,-0.0022893269743620363
2012-01-27,0.0015838430234907013
2012-01-29,-0.0028160000969871205
2012-01-30,0.005735382406755947
2012-01-31,-0.0027975455271484974
2012-02-01,0.008150954738291048
2012-02-02,0.0002012214724883791
2012-02-03,0.0077139694139213314
2012-02-05,-0.0010121928162592803
2012-02-06,0.0012285655565476834
2012-02-07,0.0016548292977209562
2012-02-08,0.0029827169432562407
2012-02-09,0.002201760848531206
2012-02-10,-0.0009715522473330095
2012-02-12,0.00305584113890001
2012-02-13,0.0005497728158006468
2012-02-14,0.007458396210159694
2012-02-15,-0.013239019302735206
2012-02-16,0.013694101939366422
2012-02-17,-0.002282096296805297
2012-02-19,0.0037834991276552137
2012-02-20,-0.002400403539279703
2012-02-21,0.0019241291350810198
2012-02-22,-0.004470729786778106
2012-02-23,0.007603056442550599
2012-02-24,-0.0010573554028761856
2012-02-26,-0.001001235259739143
2012-02-27,0.0038999220728787366
2012-02-28,0.0075935892771277205
2012-02-29,-0.0034447411440291236
2012-03-01,0.006634052600039575
2012-03-02,-0.0006829173246064267
2012-03-04,-0.0020406447473523244
2012-03-05,-0.010388398155670145
2012-03-06,-0.004008464915825489
2012-03-07,0.005982505376626579
2012-03-08,0.009575962769702502
2012-03-09,0.0032948268020102185
2012-03-11,-0.0020188103374315525
2012-03-12,0.006286559238943684
2012-03-13,0.01151592779508916
2012-03-14,0.0053323794354117595
2012-03-15,0.0010436399396226074
2012-03-16,-0.00047657332691860226
2012-03-18,0.0023988605074900613
2012-03-19,0.0027186444866067415
2012-03-20,0.006497012498571126
2012-03-21,-0.004796311929501293
2012-03-22,0.0013817148433421973
2012-03-23,-0.0011741688119386135
2012-03-25,0.0020474389809785306
2012-03-26,0.014967201180642938
2012-03-27,-0.0005621809482342675
2012-03-28,-0.0
2012-03-29,-0.0
2012-03-30,-0.0
2012-04-01,0.0
2012-04-02,0.0
2012-04-03,-0.0
2012-04-04,-0.0
2012-04-05,0.0
2012-04-06,-0.0
2012-04-08,-0.0
2012-04-09,0.0
2012-04-10,-0.0
2012-04-11,0.0
2012-04-12,0.0
2012-04-13,-0.0
2012-04-15,-0.0
2012-04-16,-0.0
2012-04-17,0.0
2012-04-18,-0.0
2012-04-19,-0.0
2012-04-20,-0.0
2012-04-22,-0.0
2012-04-23,-0.0
2012-04-24,0.004040222954587072
2012-04-25,0.012027130144425456
2012-04-26,0.0031714500043356912
2012-04-27,0.006304977484299394
2012-04-29,0.0006402298944151923
2012-04-30,-0.006117070119438222
2012-05-01,-8.417067126673826e-05
2012-05-02,0.0018511996270945674
2012-05-03,-0.010201326613160432
2012-05-04,-0.021870943584943858
2012-05-06,-0.008885736183367568
2012-05-07,0.010660093291239838
2012-05-08,-0.005891837931975983
2012-05-09,0.0007324785894671558
2012-05-10,-0.002718194084947857
2012-05-11,0.0017774908226704592
2012-05-13,-0.002219457441616676
2012-05-14,-0.0043756717948371686
2012-05-15,-0.0034075283059807737
2012-05-16,-0.004251258633206263
2012-05-17,-0.017517506456172848
2012-05-18,0.009990691582308033
2012-05-20,-0.003285141554644864
2012-05-21,-0.01817296042112875
2012-05-22,0.004161106965520795
2012-05-23,-0.0030456337964268306
2012-05-24,0.0031676327233140043
2012-05-25,0.00041450711548779705
2012-05-27,-0.004289266582593232
2012-05-28,6.667112017888575e-05
2012-05-29,-0.0013038980442425163
2012-05-30,0.0049546930859896855
2012-05-31,0.003528084607987953
2012-06-01,0.016957714844219103
2012-06-03,0.004172689107907157
2012-06-04,-0.011436688891620852
2012-06-05,-0.005392005610275797
2012-06-06,-0.014591056081889845
2012-06-07,0.006687304033226414
2012-06-08,-0.00838652956105351
2012-06-10,-0.006476025736167557
2012-06-11,0.015758423029530896
2012-06-12,-0.0003836898884652145
2012-06-13,0.0
2012-06-14,-0.0
2012-06-15,-0.0
2012-06-17,-0.0
2012-06-18,-0.0
2012-06-19,-0.005211847893930399
2012-06-20,0.00027634654919516896
2012-06-21,0.01200261359419656
2012-06-22,-0.0043082240760461445
2012-06-24,0.002581937720689912
2012-06-25,0.006859915169444093
2012-06-26,-0.00036351009951484785
2012-06-27,-0.0
2012-06-28,0.0
2012-06-29,-0.0
2012-07-01,0.0
2012-07-02,-0.0
2012-07-03,-0.0
2012-07-04,0.0
2012-07-05,-0.0
2012-07-06,0.0
2012-07-08,0.0
2012-07-09,0.0
2012-07-10,0.0
2012-07-11,0.0
2012-07-12,0.0
2012-07-13,-0.0
2012-07-15,0.0
2012-07-16,-0.0
2012-07-17,-0.0
2012-07-18,-0.0
2012-07-19,-0.0
2012-07-20,0.0
2012-07-22,0.0
2012-07-23,0.0
2012-07-24,0.01199638498130979
2012-07-25,-0.004264244715644179
2012-07-26,-0.008479228717502927
2012-07-27,-0.013022961792154912
2012-07-29,0.001050287490307345
2012-07-30,-0.0020106010923887107
2012-07-31,0.002617360751316611
2012-08-01,0.0008817006751843576
2012-08-02,0.002265201046592934
2012-08-03,-0.011571967219504571
2012-08-05,-0.00029954327765128314
2012-08-06,-0.003984243505888873
2012-08-07,0.0030048326282854365
2012-08-08,0.0009906299408256058
2012-08-09,-0.0004724939544412441
2012-08-10,0.0020738490076806482
2012-08-12,-0.0015270907751581532
2012-08-13,0.004305927923543646
2012-08-14,-0.0026810177711986526
2012-08-15,0.00492885891863364
2012-08-16,0.004636527163516893
2012-08-17,0.002786950411094602
2012-08-19,-0.00044029543069442343
2012-08-20,0.0015162536481607865
2012-08-21,-0.0036672305900491003
2012-08-22,0.005173180994322362
2012-08-23,-0.0064640554193063195
2012-08-24,0.0035954972021037565
2012-08-26,0.0020963863736795617
2012-08-27,-0.0021893055545646346
2012-08-28,0.001944480909633745
2012-08-29,-0.0023915122456266706
2012-08-30,-0.004787017625542737
2012-08-31,0.0038951676655072237
2012-09-02,-0.00026578314310888316
2012-09-03,0.0027217847730794365
2012-09-04,-0.0020359694655143336
2012-09-05,0.000406466278985481
2012-09-06,0.014309346000135798
2012-09-07,-0.0007532794918220455
2012-09-09,-0.0014266752805124601
2012-09-10,-0.009936014626066266
2012-09-11,0.0015525802499070191
2012-09-12,0.0016348682088170707
2012-09-13,0.011122376382393976
2012-09-14,0.005947154174492642
2012-09-16,-0.00251981961311042
2012-09-17,0.0019523949035151205
2012-09-18,0.0010273226345094836
2012-09-19,-0.0005380603384765516
2012-09-20,0.002659865514021195
2012-09-21,-0.003657266804166528
2012-09-23,-0.001443747337283228
2012-09-24,-0.0001379319693858349
2012-09-25,-0.011897302440825607
2012-09-26,-0.005340845386099402
2012-09-27,0.008317634612319475
2012-09-28,-0.006469363166285194
2012-09-30,-0.0025589915479036184
2012-10-01,0.0024183354967186542
2012-10-02,-0.0004592904613075601
2012-10-03,0.0
2012-10-04,0.0
2012-10-05,-0.0
2012-10-07,-0.0
2012-10-08,-0.0
2012-10-09,-0.0
2012-10-10,-0.0
2012-10-11,-0.0
2012-10-12,-0.0
2012-10-14,-0.0
2012-10-15,0.0
2012-10-16,0.0
2012-10-17,0.0
2012-10-18,-0.0
2012-10-19,-0.0
2012-10-21,0.0
2012-10-22,0.0
2012-10-23,-0.0
2012-10-24,-0.0
2012-10-25,-0.0
2012-10-26,0.0
2012-10-28,-0.0
2012-10-29,-0.0
2012-10-30,-0.0
2012-10-31,-0.0
2012-11-01,-0.0
2012-11-02,-0.0
2012-11-04,0.0
2012-11-05,0.0
2012-11-06,-0.0
2012-11-07,0.0
2012-11-08,0.0
2012-11-09,0.0
2012-11-11,-0.0
2012-11-12,0.0
2012-11-13,-0.0
2012-11-14,0.0
2012-11-15,0.0
2012-11-16,-0.0
2012-11-18,-0.0
2012-11-19,-0.0
2012-11-20,0.0
2012-11-21,-0.0
2012-11-22,-0.0
2012-11-23,-0.0
2012-11-25,0.0
2012-11-26,-0.0
2012-11-27,0.0025760563449317964
2012-11-28,-0.006517663419764054
2012-11-29,-0.0031644425150624406
2012-11-30,-0.00019684241767759837
2012-12-02,-0.001572953791847282
2012-12-03,0.005746499734179747
2012-12-04,-0.003146046120985554
2012-12-05,0.01095112894457374
2012-12-06,-0.005504525989282863
2012-12-07,0.004920604794856602
2012-12-09,0.00010055231966394018
2012-12-10,-0.0033371765125278043
2012-12-11,-0.00941701929893752
2012-12-12,0.002171287560810473
2012-12-13,0.004493638602078404
2012-12-14,0.007229343248753747
2012-12-16,-0.001416137519099739
2012-12-17,-0.010504182208623416
2012-12-18,-0.007305214667354325
2012-12-19,0.004186128155812423
2012-12-20,0.010017900647840899
2012-12-21,-0.00397100626796275
2012-12-23,0.0039248338530431795
2012-12-24,-0.0005092916095375912
2012-12-26,0.005244207634432481
2012-12-27,0.002265744211727522
2012-12-28,0.01023277066303206
2012-12-30,-0.0008592136819887892
2012-12-31,-0.00041557426365231595
2013-01-02,-0.0
2013-01-03,0.0
2013-01-04,0.0
2013-01-06,0.0
2013-01-07,-0.0
2013-01-08,-0.0
2013-01-09,-0.0
2013-01-10,-0.0
2013-01-11,-0.0
2013-01-13,-0.0
2013-01-14,-0.0
2013-01-15,-0.0
2013-01-16,0.0
2013-01-17,0.0
2013-01-18,-0.0
2013-01-20,0.0
2013-01-21,-0.0
2013-01-22,-0.0
2013-01-23,-0.0
2013-01-24,-0.0
2013-01-25,0.0
2013-01-27,0.0
2013-01-28,0.0
2013-01-29,0.0011622373802558591
2013-01-30,-0.0032408094771650448
2013-01-31,0.001079799194265523
2013-02-01,0.006202597601617682
2013-02-03,-0.0014890064277102732
2013-02-04,-0.010770327502683351
2013-02-05,0.010807253601932083
2013-02-06,-0.0040786485065644855
2013-02-07,0.0023874467135810923
2013-02-08,0.006959728367340357
2013-02-10,0.00032775162147667897
2013-02-11,-0.0014459836834983927
2013-02-12,-0.000986952621294963
2013-02-13,0.0009878472820566769
2013-02-14,-0.0010653474548482625
2013-02-15,-0.0009319157867930466
2013-02-17,0.00026133773944737296
2013-02-18,0.0002735287330124661
2013-02-19,0.006397729492916357
2013-02-20,-0.014121202922664285
2013-02-21,-0.0036331195821310905
2013-02-22,0.0038898370532700214
2013-02-24,-0.0005439485970203365
2013-02-25,-0.007998199867537985
2013-02-26,0.001242039255698883
2013-02-27,0.009992803020596729
2013-02-28,-0.0017812835423852659
2013-03-01,0.0027716097288503325
2013-03-03,-0.003959128645116397
2013-03-04,0.008214222747959028
2013-03-05,0.009884820360888296
2013-03-06,-0.0020570986488945156
2013-03-07,0.0024636742146279924
2013-03-08,0.0003402742259776671
2013-03-10,0.0003438249697976966
2013-03-11,0.0019116585978823828
2013-03-12,-0.0014953336620927777
2013-03-13,-0.0016017761989550667
2013-03-14,0.003381647769228242
2013-03-15,-0.006102136155525168
2013-03-17,-0.012192384975217203
2013-03-18,0.012198535230866078
2013-03-19,-0.00522871679802333
2013-03-20,0.002945747899801404
2013-03-21,-0.005469544213112762
2013-03-22,0.009284434963587525
2013-03-24,0.004133099686100763
2013-03-25,-0.007303316352753943
2013-03-26,-0.0005453100372868355
2013-03-27,-0.0
2013-03-28,0.0
2013-03-31,-0.0
2013-04-01,-0.0
2013-04-02,0.007176519599864189
2013-04-03,-0.009190912289063812
2013-04-04,-0.0013829689866336394
2013-04-05,-0.0054703255517069395
2013-04-07,0.00016371353011629543
2013-04-08,0.007407869086009918
2013-04-09,0.0034659044271909923
2013-04-10,0.016034306927780066
2013-04-11,0.00020600017722865294
2013-04-12,-7.945037670336782e-05
2013-04-14,-0.0021642561162336037
2013-04-15,-0.012896844943841874
2013-04-16,-0.0005094202243210429
2013-04-17,-0.0
2013-04-18,-0.0
2013-04-19,0.0
2013-04-21,0.0
2013-04-22,0.0
2013-04-23,0.008659243658920537
2013-04-24,0.001427891629944038
2013-04-25,0.003244511702735481
2013-04-26,-0.0012765985061125571
2013-04-28,-0.0007515873381858572
2013-04-29,0.008501711262912803
2013-04-30,0.006533508744492794
2013-05-01,-0.002898233823647709
2013-05-02,0.009497444615416725
2013-05-03,0.01014216851159181
2013-05-05,0.0011711667024650505
2013-05-06,0.0010296286530810537
2013-05-07,0.0006620028103540039
2013-05-08,0.005335648643942206
2013-05-09,-0.0002254728683731867
2013-05-10,0.003620615067876782
2013-05-12,-0.0022507782796509055
2013-05-13,0.004957826246447912
2013-05-14,0.002894461326190277
2013-05-15,0.0028449546738572545
2013-05-16,-0.00040559390716807394
2013-05-17,0.006707649463289473
2013-05-19,-0.00039252621490236557
2013-05-20,-0.0009353463759249683
2013-05-21,0.0006230843361735056
2013-05-22,-0.008257692892119953
2013-05-23,0.0008417380807089468
2013-05-24,-0.0017021276899755946
2013-05-26,0.0009287114771074112
2013-05-27,0.0028833826376531363
2013-05-28,-0.000579623047412874
2013-05-29,-0.0019067135890872655
2013-05-30,0.004567279705437426
2013-05-31,-0.011399233258440172
2013-06-02,0.0039047362956966085
2013-06-03,-0.002230339570082952
2013-06-04,-0.002558525076172678
2013-06-05,-0.010323063847329214
2013-06-06,0.002223525494954342
2013-06-07,0.01142602737337567
2013-06-09,0.0007169968315886401
2013-06-10,-0.000967964411996034
2013-06-11,-0.005151724254784906
2013-06-12,-0.01910290488265359
2013-06-13,0.015476449993177412
2013-06-14,-0.00529041440150668
2013-06-16,0.003757100512036138
2013-06-17,0.00537858287662344
2013-06-18,-0.0004779497229773392
2013-06-19,-0.0
2013-06-20,-0.0
2013-06-21,-0.0
2013-06-23,-0.0
2013-06-24,-0.0
2013-06-25,-0.0010058919712342333
2013-06-26,0.013349172266549428
2013-06-27,0.00388005423578457
2013-06-28,-0.0012126451493940855
2013-06-30,-0.0003817287810582766
2013-07-01,0.0075991196511951825
2013-07-02,-0.0004897674155608675
2013-07-03,0.0
2013-07-04,0.0
2013-07-05,-0.0
2013-07-07,0.0
2013-07-08,0.0
2013-07-09,0.0
2013-07-10,0.0
2013-07-11,0.0
2013-07-12,0.0
2013-07-14,0.0
2013-07-15,0.0
2013-07-16,0.0
2013-07-17,-0.0
2013-07-18,-0.0
2013-07-19,-0.0
2013-07-21,0.0
2013-07-22,0.0
2013-07-23,-0.0
2013-07-24,0.0
2013-07-25,0.0
2013-07-26,0.0
2013-07-28,-0.0
2013-07-29,0.0
2013-07-30,0.0039283985684433285
2013-07-31,0.002312073338109434
2013-08-01,0.006582629856246228
2013-08-02,0.005020372485703963
2013-08-04,-0.0005546866690547681
2013-08-05,-0.0009687884948617284
2013-08-06,-0.004365339516117154
2013-08-07,0.0022845151503830046
2013-08-08,0.0019358006784816494
2013-08-09,-0.004632565451017099
2013-08-11,0.0003456231977604853
2013-08-12,0.0029758123943430343
2013-08-13,0.00289692462203733
2013-08-14,-0.00634557925387619
2013-08-15,-0.011986911446816392
2013-08-16,-0.0005078480165524705
2013-08-18,0.0006371449052721499
2013-08-19,0.0007893128984201895
2013-08-20,0.0010755909279305412
2013-08-21,-0.005261291241462675
2013-08-22,0.015137846174465766
2013-08-23,0.0039008441719425974
2013-08-25,0.0004570534871304243
2013-08-26,-0.0014620772795293088
2013-08-27,-0.0005076009953423084
2013-08-28,0.0
2013-08-29,0.0
2013-08-30,-0.0
2013-09-01,0.0
2013-09-02,0.0
2013-09-03,-0.007449416972347457
2013-09-04,0.014111526003851807
2013-09-05,-0.0017566012118431053
2013-09-06,0.0029232092267152667
2013-09-08,0.001583699060419318
2013-09-09,0.009914318970148921
2013-09-10,-0.0005325970326930541
2013-09-11,-0.0
2013-09-12,-0.0
2013-09-13,0.0
2013-09-15,0.0
2013-09-16,-0.0
2013-09-17,0.0
2013-09-18,0.0
2013-09-19,0.0
2013-09-20,-0.0
2013-09-22,0.0
2013-09-23,-0.0
2013-09-24,0.0028320996944507892
2013-09-25,-0.0026974246332765036
2013-09-26,0.006032283741541713
2013-09-27,-0.0017660461198967903
2013-09-29,-0.0047211992338779514
2013-09-30,0.004388307137919782
2013-10-01,-0.0005115630524686953
2013-10-02,-0.0
2013-10-03,-0.0
2013-10-04,0.0
2013-10-06,-0.0
2013-10-07,-0.0
2013-10-08,-0.0
2013-10-09,-0.0
2013-10-10,0.0
2013-10-11,0.0
2013-10-13,-0.0
2013-10-14,0.0
2013-10-15,-0.0
2013-10-16,0.0
2013-10-17,0.0
2013-10-18,0.0
2013-10-20,-0.0
2013-10-21,0.0
2013-10-22,0.0
2013-10-23,-0.0
2013-10-24,0.0
2013-10-25,0.0
2013-10-27,0.0
2013-10-28,-0.0
2013-10-29,0.0
2013-10-30,-0.0
2013-10-31,0.0
2013-11-01,-0.0
2013-11-03,0.0
2013-11-04,0.0
2013-11-05,0.0
2013-11-06,-0.0
2013-11-07,-0.0
2013-11-08,0.0
2013-11-10,-0.0
2013-11-11,0.0
2013-11-12,-0.0022717875654110074
2013-11-13,0.013376871086210202
2013-11-14,0.004822785801727035
2013-11-15,-6.521681569899284e-05
2013-11-17,-0.0003887508071912735
2013-11-18,-0.007643484117105559
2013-11-19,-0.001887169289893522
2013-11-20,-0.004363799381100633
2013-11-21,0.01021895220792021
2013-11-22,0.004987004582059721
2013-11-24,0.0021912318922918963
2013-11-25,0.0009423511834835855
2013-11-26,0.0039013627183092986
2013-11-27,0.006757634350158376
2013-11-28,0.0018434399690106516
2013-11-29,0.002900288060372553
2013-12-01,6.310907161297287e-05
2013-12-02,-0.002117277077474105
2013-12-03,-0.0017332385088861385
2013-12-04,0.0009323422815206737
2013-12-05,0.0003325496571737925
2013-12-06,0.006094150995665839
2013-12-08,0.0015243773241584938
2013-12-09,0.0030644502453280767
2013-12-10,-0.0021955761016261744
2013-12-11,-0.012847725109053772
2013-12-12,0.000572037816151969
2013-12-13,-0.002732178920474619
2013-12-15,-0.004230982953492641
2013-12-16,0.00863651564381482
2013-12-17,-0.0012965243743583287
2013-12-18,0.010285357454786124
2013-12-19,-0.0009304625613998227
2013-12-20,0.008784597076247819
2013-12-22,0.0041013975785512795
2013-12-23,0.006354641726420799
2013-12-24,0.0007834388078676956
2013-12-26,0.00300173311371793
2013-12-27,-0.003342440860096957
2013-12-29,0.0004553437532311702
2013-12-30,-0.0018821075214844893
2013-12-31,0.0059401731151587905
2014-01-01,0.0026595583763717704
2014-01-02,-0.011506940126362046
2014-01-03,-0.008919403977619141
2014-01-05,0.0014180954442709055
2014-01-06,-0.0029175907871889658
2014-01-07,-0.0005084155325843841
2014-01-08,0.0
2014-01-09,-0.0
2014-01-10,0.0
2014-01-12,-0.0
2014-01-13,-0.0
2014-01-14,0.01910229584725327
2014-01-15,0.00848521943991057
2014-01-16,-0.001161691077514802
2014-01-17,-0.004076496049588437
2014-01-19,-0.0001645078078044625
2014-01-20,0.006773988531869285
2014-01-21,-0.00047377906559662825
2014-01-22,0.0
2014-01-23,-0.0
2014-01-24,-0.0
2014-01-26,0.0
2014-01-27,-0.0
2014-01-28,0.010445605628137454
2014-01-29,-0.009359353367462478
2014-01-30,0.006281207341066965
2014-01-31,0.0015424029565123134
2014-02-02,0.0014676668378403384
2014-02-03,-0.020232079975439073
2014-02-04,0.00021367221357516725
2014-02-05,0.0023545287939371272
2014-02-06,0.00906904914602141
2014-02-07,0.01702756036416471
2014-02-09,-0.00030247767879558045
2014-02-10,0.0061392106362942326
2014-02-11,0.0064355198026161365
2014-02-12,-0.0003305058506459624
2014-02-13,0.005968437724822059
2014-02-14,0.004265017338991939
2014-02-16,-0.0003759874520855845
2014-02-17,0.0016132207399414769
2014-02-18,-0.00034755309218331264
2014-02-19,-0.0
2014-02-20,0.0
2014-02-21,-0.0
2014-02-23,-0.0
2014-02-24,0.0
2014-02-25,0.0015820299783012048
2014-02-26,-0.002562346883798392
2014-02-27,0.00283268607383414
2014-02-28,5.0287478845722285e-05
2014-03-02,-0.006697938664727015
2014-03-03,0.0020240874577702613
2014-03-04,0.009290873222816487
2014-03-05,0.003091496737725264
2014-03-06,-0.0021774043900407267
2014-03-07,-0.004042509280461913
2014-03-09,-0.0016005309638948552
2014-03-10,0.003255848554428922
2014-03-11,-0.0003468865361345622
2014-03-12,0.0
2014-03-13,-0.0
2014-03-14,-0.0
2014-03-16,-0.0
2014-03-17,0.0
2014-03-18,0.0075312373101752705
2014-03-19,-0.005216585912612663
2014-03-20,0.004766580714393417
2014-03-21,-0.011310240707136461
2014-03-23,0.000287430521373986
2014-03-24,-0.005983749708038136
2014-03-25,0.0030217434975113554
2014-03-26,-0.011576111096397737
2014-03-27,-0.0032225985321309367
2014-03-28,-0.0021809700034281115
2014-03-30,-0.0025982966725823994
2014-03-31,-0.002068480559384306
2014-04-01,-0.00032759427019742016
2014-04-02,0.0
2014-04-03,-0.0
2014-04-04,-0.0
2014-04-06,0.0
2014-04-07,0.0
2014-04-08,-0.0
2014-04-09,-0.0
2014-04-10,-0.0
2014-04-11,0.0
2014-04-13,0.0
2014-04-14,-0.0
2014-04-15,-0.0
2014-04-16,0.0
2014-04-17,-0.0
2014-04-20,-0.0
2014-04-21,-0.0
2014-04-22,-0.0
2014-04-23,-0.0
2014-04-24,-0.0
2014-04-25,0.0
2014-04-27,0.0
2014-04-28,-0.0
2014-04-29,-0.0
2014-04-30,0.0
2014-05-01,0.0
2014-05-02,-0.0
2014-05-04,-0.0
2014-05-05,0.0
2014-05-06,-0.0
2014-05-07,-0.0
2014-05-08,-0.0
2014-05-09,0.0
2014-05-11,0.0
2014-05-12,0.0
2014-05-13,-0.00029628655819485887
2014-05-14,-0.002608263476121765
2014-05-15,-0.0065607295951963665
2014-05-16,-0.0046176922320331935
2014-05-18,-0.00032470989817610354
2014-05-19,-0.005230915549645954
2014-05-20,0.002873530472242252
2014-05-21,-0.007704879482098196
2014-05-22,-0.0022035735233666177
2014-05-23,-0.0044672869331185494
2014-05-25,-8.252508749549464e-05
2014-05-26,0.0015209068419625113
2014-05-27,0.006398119169027374
2014-05-28,-0.001140705995721428
2014-05-29,0.002536043760465736
2014-05-30,-0.00018590652603465147
2014-06-02,-0.0005112343540888816
2014-06-03,0.00013507256117541028
2014-06-04,0.0027599133564492557
2014-06-05,0.008018629144423335
2014-06-06,0.0028461236061224846
2014-06-08,-5.630761068527819e-05
2014-06-09,-0.0014886057069764225
2014-06-10,0.0012966719727156024
2014-06-11,0.0003836554071073273
2014-06-12,-0.005037136719202648
2014-06-13,0.0007655384394584008
2014-06-15,-0.002300247684268205
2014-06-16,0.0037703738427519234
2014-06-17,-0.0003244405925228075
2014-06-18,0.0
2014-06-19,-0.0
2014-06-20,-0.0
2014-06-22,0.0
2014-06-23,-0.0
2014-06-24,-0.00039802716031245815
2014-06-25,0.007277029973134313
2014-06-26,-0.0002980845111480293
2014-06-27,0.005218153456213743
2014-06-29,0.00029659752595943877
2014-06-30,0.004304867650337189
2014-07-01,-0.00048313380696862556
2014-07-02,-0.0
2014-07-03,0.0
2014-07-04,-0.0
2014-07-06,-0.0
2014-07-07,-0.0
2014-07-08,-0.0
2014-07-09,0.0
2014-07-10,-0.0
2014-07-11,0.0
2014-07-13,0.0
2014-07-14,0.0
2014-07-15,-0.0
2014-07-16,0.0
2014-07-17,-0.0
2014-07-18,0.0
2014-07-20,-0.0
2014-07-21,0.0
2014-07-22,0.0
2014-07-23,0.0
2014-07-24,-0.0
2014-07-25,-0.0
2014-07-27,-0.0
2014-07-28,0.0
2014-07-29,0.0014315999873426855
2014-07-30,0.0013158609118703027
2014-07-31,-0.021772621300195
2014-08-01,-0.008183142924043409
2014-08-03,0.00265126683073626
2014-08-04,0.003307312828964583
2014-08-05,-0.007229745884468678
2014-08-06,0.00014879918606493518
2014-08-07,-0.01086847325154346
2014-08-08,0.012223109579552497
2014-08-10,0.002714833932683351
2014-08-11,0.007855502967883208
2014-08-12,-0.0017139125202589108
2014-08-13,0.012559686491536194
2014-08-14,0.0067268767810964684
2014-08-15,0.004363830375092524
2014-08-17,0.0025430758627143796
2014-08-18,0.007393243106858547
2014-08-19,-0.0004652412455923245
2014-08-20,0.0
2014-08-21,0.0
2014-08-22,0.0
2014-08-24,0.0
2014-08-25,0.0
2014-08-26,0.0
2014-08-27,-0.0
2014-08-28,0.0
2014-08-29,0.0
2014-08-31,0.0
2014-09-01,0.0
2014-09-02,0.0
2014-09-03,-0.0
2014-09-04,-0.0
2014-09-05,0.0
2014-09-07,-0.0
2014-09-08,0.0
2014-09-09,-0.009547397269091993
2014-09-10,0.009354987485853034
2014-09-11,0.0008577100559452266
2014-09-12,-0.00728706403576796
2014-09-14,-0.0032595420997910953
2014-09-15,-0.006576963085409924
2014-09-16,0.008400705115765215
2014-09-17,0.0027254322665991116
2014-09-18,0.013456907371398461
2014-09-19,-0.008574283257345511
2014-09-21,-0.003768312121928646
2014-09-22,-0.006750816731119489
2014-09-23,-0.001951454752471476
2014-09-24,0.011306284922138879
2014-09-25,-0.019181654825282224
2014-09-26,0.008848576673860168
2014-09-28,-0.0019276990622641053
2014-09-29,-0.0012090789569459315
2014-09-30,0.001209009358899862
2014-10-01,-0.014951073523636926
2014-10-02,0.0009103161016847573
2014-10-03,0.007825529311184827
2014-10-05,0.002663673571108944
2014-10-06,-0.004410197933605085
2014-10-07,-0.012771298153344527
2014-10-08,0.020094149169901463
2014-10-09,-0.018779125046376504
2014-10-10,-0.024218119355994758
2014-10-12,0.0036613485232391005
2014-10-13,0.002091264736644303
2014-10-14,0.0023919584623406766
2014-10-15,0.011180729055343746
2014-10-16,-6.150965502657033e-05
2014-10-17,-0.009994303629597962
2014-10-19,-0.004529189902633151
2014-10-20,-0.007426718983432297
2014-10-21,-0.0003243414453952425
2014-10-22,-0.0
2014-10-23,0.0
2014-10-24,0.0
2014-10-26,-0.0
2014-10-27,0.0
2014-10-28,0.0
2014-10-29,-0.0
2014-10-30,0.0
2014-10-31,0.0
2014-11-02,0.0
2014-11-03,0.0
2014-11-04,-0.0
2014-11-05,-0.0
2014-11-06,0.0
2014-11-07,-0.0
2014-11-09,0.0
2014-11-10,0.0
2014-11-11,-0.0
2014-11-12,0.0
2014-11-13,0.0
2014-11-14,0.0
2014-11-16,-0.0
2014-11-17,0.0
2014-11-18,0.0
2014-11-19,-0.0
2014-11-20,0.0
2014-11-21,0.0
2014-11-23,0.0
2014-11-24,0.0
2014-11-25,0.003235885822298085
2014-11-26,0.0032885844088600476
2014-11-27,0.0014110956202755668
2014-11-28,0.0012179221776854488
2014-11-30,-0.0014376085969774516
2014-12-01,-0.005952505493801663
2014-12-02,0.00259905523238128
2014-12-03,0.0011878136656665382
2014-12-04,-0.00029184849679570303
2014-12-05,0.0002939349124742571
2014-12-07,-0.0001314646582822948
2014-12-08,-0.007319227502183835
2014-12-09,0.0021963026748104053
2014-12-10,-0.008168226268807486
2014-12-11,-0.001883810933111527
2014-12-12,-0.006100006396104581
2014-12-14,0.002596917005728742
2014-12-15,-0.005789830588895186
2014-12-16,-0.013452862150667797
2014-12-17,0.010816644041653622
2014-12-18,0.020711923537756267
2014-12-19,0.001065996542541871
2014-12-21,0.0007409849619818707
2014-12-22,0.0019170429769413062
2014-12-23,-0.0023762752938295585
2014-12-24,-0.00054532423692381
2014-12-25,0.00226074744899696
2014-12-26,0.0037249001494858943
2014-12-28,0.001187016585120581
2014-12-29,-0.00033044346369437796
2014-12-30,-0.0003110153493178499
2014-12-31,-0.0
2015-01-01,0.0
2015-01-02,-0.0
2015-01-04,0.0
2015-01-05,-0.0
2015-01-06,-0.0
2015-01-07,0.0
2015-01-08,0.0
2015-01-09,-0.0
2015-01-11,-0.0
2015-01-12,-0.0
2015-01-13,-0.0
2015-01-14,0.0
2015-01-15,-0.0
2015-01-16,0.0
2015-01-18,-0.0
2015-01-19,0.0
2015-01-20,0.0
2015-01-21,0.0
2015-01-22,0.0
2015-01-23,0.0
2015-01-25,-0.0
2015-01-26,0.0
2015-01-27,-0.0
2015-01-28,-0.0
2015-01-29,0.0
2015-01-30,-0.0
2015-02-01,0.0
2015-02-02,0.0
2015-02-03,0.0
2015-02-04,-0.0
2015-02-05,0.0
2015-02-06,-0.0
2015-02-08,-0.0
2015-02-09,0.0
2015-02-10,0.0
2015-02-11,0.0
2015-02-12,0.0
2015-02-13,0.0
2015-02-15,-0.0
2015-02-16,-0.0
2015-02-17,0.0
2015-02-18,0.0
2015-02-19,0.0
2015-02-20,0.0
2015-02-22,-0.0
2015-02-23,0.0
2015-02-24,-0.0001923370118153605
2015-02-25,-0.0011502331881107983
2015-02-26,0.0028490638749002666
2015-02-27,-0.0018734867932226754
2015-03-01,0.0006020770219522243
2015-03-02,0.004154982403514452
2015-03-03,-0.0032380219368344574
2015-03-04,-0.0016055811258610146
2015-03-05,0.0007200341051414967
2015-03-06,-0.0067889077722348
2015-03-08,-0.0012048507101508285
2015-03-09,0.0020121365928934664
2015-03-10,-0.011313544218761578
2015-03-11,-0.004423712901173787
2015-03-12,0.0032444819517092214
2015-03-13,-0.003518325926995054
2015-03-15,-0.0005340546446949837
2015-03-16,0.007907773139639909
2015-03-17,0.0035280476355695973
2015-03-18,0.009355328364550834
2015-03-19,7.897956740431084e-05
2015-03-20,0.0017181471266405908
2015-03-22,0.0014322633308494232
2015-03-23,-0.0026529247753637065
2015-03-24,-0.0015320754967132518
2015-03-25,-0.018769511329076335
2015-03-26,0.0005927963127909868
2015-03-27,-0.00011015242735641902
2015-03-29,0.003020908137143096
2015-03-30,0.005258876131830884
2015-03-31,-0.0002999149511183285
2015-04-01,-0.0
2015-04-02,0.0
2015-04-03,-0.0
2015-04-05,0.0
2015-04-06,0.0
2015-04-07,-0.0
2015-04-08,0.0
2015-04-09,0.0
2015-04-10,0.0
2015-04-12,-0.0
2015-04-13,-0.0
2015-04-14,-0.0
2015-04-15,0.0
2015-04-16,-0.0
2015-04-17,-0.0
2015-04-19,0.0
2015-04-20,0.0
2015-04-21,0.0
2015-04-22,0.0
2015-04-23,0.0
2015-04-24,0.0
2015-04-26,0.0
2015-04-27,-0.0
2015-04-28,-0.0
2015-04-29,-0.0
2015-04-30,-0.0
2015-05-01,0.0
2015-05-03,-0.0
2015-05-04,0.0
2015-05-05,-0.010616222485886827
2015-05-06,-0.006882707057003419
2015-05-07,0.005558334928295235
2015-05-08,0.007191627066760909
2015-05-10,-0.0001343850604299501
2015-05-11,-0.0035942411729017005
2015-05-12,0.0008376346254567826
2015-05-13,-0.0013257709190395521
2015-05-14,0.011812970235156891
2015-05-15,-0.00013168372057499023
2015-05-17,-0.0010325517424689568
2015-05-18,0.004681550474861315
2015-05-19,-0.0002773294192785151
2015-05-20,-0.0
2015-05-21,0.0
2015-05-22,-0.0
2015-05-24,0.0
2015-05-25,-0.0
2015-05-26,-0.0
2015-05-27,0.0
2015-05-28,0.0
2015-05-29,-0.0
2015-05-31,0.0
2015-06-01,0.0
2015-06-02,-0.0
2015-06-03,0.0
2015-06-04,-0.0
2015-06-05,-0.0
2015-06-07,-0.0
2015-06-08,-0.0
2015-06-09,-0.0002632387321778052
2015-06-10,0.00965779023569954
2015-06-11,-0.0003066581124668906
2015-06-12,-0.0053106355752565995
2015-06-14,-0.0041616099733039385
2015-06-15,-0.001975312534995598
2015-06-16,0.0067101121674561755
2015-06-17,-0.0002612431046023176
2015-06-18,0.016727918759300606
2015-06-19,-0.006206387348047254
2015-06-21,0.0023070974354220068
2015-06-22,0.005288503882094303
2015-06-23,-0.0007282309338776263
2015-06-24,-0.0027694129109529664
2015-06-25,-0.004903115168994738
2015-06-26,-0.0035792105762760484
2015-06-28,-0.012630645845434699
2015-06-29,-0.007373333254953945
2015-06-30,0.004353505375791317
2015-07-01,0.0029568243923560073
2015-07-02,0.0012172336704579466
2015-07-03,-0.0023123946758696994
2015-07-05,-0.008678101331603247
2015-07-06,0.012315771210416465
2015-07-07,-0.00034007509764437757
2015-07-08,-0.0
2015-07-09,0.0
2015-07-10,0.0
2015-07-12,-0.0
2015-07-13,0.0
2015-07-14,0.0
2015-07-15,0.0
2015-07-16,0.0
2015-07-17,0.0
2015-07-19,0.0
2015-07-20,0.0
2015-07-21,-0.0
2015-07-22,0.0
2015-07-23,-0.0
2015-07-24,-0.0
2015-07-26,-0.0
2015-07-27,-0.0
2015-07-28,0.0
2015-07-29,0.0
2015-07-30,0.0
2015-07-31,-0.0
2015-08-02,-0.0
2015-08-03,-0.0
2015-08-04,-0.0016598403116569473
2015-08-05,0.005341503424286168
2015-08-06,-0.01223883866188034
2015-08-07,-0.0021734307940836483
2015-08-09,0.001257109877737546
2015-08-10,0.007635030414768006
2015-08-11,-0.013588462457942596
2015-08-12,0.008894802234137533
2015-08-13,-0.004080229829171941
2015-08-14,0.0030626398216126245
2015-08-16,-0.0009587539515732981
2015-08-17,0.006880670957017953
2015-08-18,-0.003935211099222248
2015-08-19,-0.0072436185339345835
2015-08-20,0.03051281109855235
2015-08-21,0.022182431616540644
2015-08-23,0.015709010345091385
2015-08-24,0.0005834495534261998
2015-08-25,0.011345393412460129
2015-08-26,-0.03358102415805911
2015-08-27,-0.008359940917968229
2015-08-28,-0.001644128034821935
2015-08-30,0.003110603948617458
2015-08-31,0.010945330244106924
2015-09-01,-0.00018886481792160264
2015-09-02,-0.0
2015-09-03,0.0
2015-09-04,0.0
2015-09-06,-0.0
2015-09-07,0.0
2015-09-08,-0.0
2015-09-09,0.0
2015-09-10,-0.0
2015-09-11,-0.0
2015-09-13,-0.0
2015-09-14,0.0
2015-09-15,-0.0
2015-09-16,-0.0
2015-09-17,-0.0
2015-09-18,0.0
2015-09-20,0.0
2015-09-21,-0.0
2015-09-22,0.0
2015-09-23,-0.0
2015-09-24,-0.0
2015-09-25,0.0
2015-09-27,0.0
2015-09-28,0.0
2015-09-29,-0.0
2015-09-30,-0.0
2015-10-01,-0.0
2015-10-02,-0.0
2015-10-04,-0.0
2015-10-05,-0.0
2015-10-06,0.0
2015-10-07,-0.0
2015-10-08,-0.0
2015-10-09,-0.0
2015-10-11,0.0
2015-10-12,-0.0
2015-10-13,0.0
2015-10-14,-0.0
2015-10-15,-0.0
2015-10-16,-0.0
2015-10-18,0.0
2015-10-19,-0.0
2015-10-20,0.0
2015-10-21,0.0
2015-10-22,-0.0
2015-10-23,-0.0
2015-10-25,0.0
2015-10-26,0.0
2015-10-27,0.002807352969284204
2015-10-28,0.0017301181962578402
2015-10-29,0.0022127696439505204
2015-10-30,-0.0034816843079789744
2015-11-01,-0.0018003885315212521
2015-11-02,0.006788861778781638
2015-11-03,0.002615735295002846
2015-11-04,-0.0008914014263854272
2015-11-05,-0.002120795376524046
2015-11-06,0.001121526742471041
2015-11-08,0.0008231965567679446
2015-11-09,-0.00612926171907898
2015-11-10,-0.0015959113200121778
2015-11-11,-0.00022313577640434482
2015-11-12,-0.008315608021861131
2015-11-13,-0.0120727737630145
2015-11-15,0.00031593514486889817
2015-11-16,-0.010735074916235553
2015-11-17,-0.0005342212554277468
2015-11-18,0.0121314809174903
2015-11-19,-0.0001008886483091963
2015-11-20,0.004338025989640765
2015-11-22,0.0005856348753701233
2015-11-23,-0.0024397980690196368
2015-11-24,-0.0009799964545000922
2015-11-25,0.002062871292749195
2015-11-26,0.0008551669085725865
2015-11-27,-0.0012785353811194768
2015-11-29,-0.0006787605799829023
2015-11-30,0.002496530010722078
2015-12-01,0.003399671990596996
2015-12-02,-0.0019455207503209196
2015-12-03,-0.011764408691059025
2015-12-04,0.012918920577130318
2015-12-06,-0.0004024216337630441
2015-12-07,-0.004394131577563731
2015-12-08,0.002618106953070824
2015-12-09,-0.00898261997795947
2015-12-10,0.0023550636320132387
2015-12-11,-0.017537380000543973
2015-12-13,0.0027887299295864592
2015-12-14,0.003257282235667424
2015-12-15,-0.00023108585520125426
2015-12-16,0.0
2015-12-17,-0.0
2015-12-18,-0.0
2015-12-20,0.0
2015-12-21,0.0
2015-12-22,0.002442531546578156
2015-12-23,0.0028691085381817583
2015-12-24,0.0001387463201327782
2015-12-27,0.00123493233087547
2015-12-28,0.0005882769132431056
2015-12-29,-0.00021992749358688116
2015-12-30,-0.0
2015-12-31,-0.0
2016-01-03,-0.0
2016-01-04,-0.0
2016-01-05,-0.0
2016-01-06,-0.0
2016-01-07,-0.0
2016-01-08,-0.0
2016-01-10,-0.0
2016-01-11,0.0
2016-01-12,-0.0
2016-01-13,-0.0
2016-01-14,-0.0
2016-01-15,0.0
2016-01-17,-0.0
2016-01-18,-0.0
2016-01-19,0.0
2016-01-20,-0.0
2016-01-21,-0.0
2016-01-22,-0.0
2016-01-24,-0.0
2016-01-25,0.0
2016-01-26,-0.0
2016-01-27,0.0
2016-01-28,-0.0
2016-01-29,-0.0
2016-01-31,0.0
2016-02-01,-0.0
2016-02-02,0.0
2016-02-03,-0.0
2016-02-04,0.0
2016-02-05,0.0
2016-02-07,-0.0
2016-02-08,0.0
2016-02-09,-0.0
2016-02-10,-0.0
2016-02-11,-0.0
2016-02-12,-0.0
2016-02-14,-0.0
2016-02-15,-0.0
2016-02-16,0.0
2016-02-17,-0.0
2016-02-18,0.0
2016-02-19,-0.0
2016-02-21,-0.0
2016-02-22,-0.0
2016-02-23,0.0
2016-02-24,-0.0
2016-02-25,-0.0
2016-02-26,0.0
2016-02-28,0.0
2016-02-29,0.0
2016-03-01,-0.0
2016-03-02,0.0
2016-03-03,0.0
2016-03-04,0.0
2016-03-06,0.0
2016-03-07,0.0
2016-03-08,0.0
2016-03-09,-0.0
2016-03-10,-0.0
2016-03-11,-0.0
2016-03-13,0.0
2016-03-14,-0.0
2016-03-15,-0.0
2016-03-16,-0.0
2016-03-17,0.0
2016-03-18,0.0
2016-03-20,0.0
2016-03-21,-0.0
2016-03-22,-0.0020037861272376558
2016-03-23,0.004262769769004365
2016-03-24,-0.0012506874940829116
2016-03-27,-0.0014101835195409079
2016-03-28,0.0018917804313283062
2016-03-29,-0.0001867893548526119
2016-03-30,-0.0
2016-03-31,0.0
2016-04-01,-0.0
2016-04-03,0.0
2016-04-04,0.0
2016-04-05,-0.0
2016-04-06,-0.0
2016-04-07,0.0
2016-04-08,0.0
2016-04-10,-0.0
2016-04-11,-0.0
2016-04-12,0.0
2016-04-13,0.0
2016-04-14,0.0
2016-04-15,-0.0
2016-04-17,-0.0
2016-04-18,0.0
2016-04-19,-0.0
2016-04-20,0.0
2016-04-21,-0.0
2016-04-22,-0.0
2016-04-24,-0.0
2016-04-25,0.0
2016-04-26,-0.009881245235436592
2016-04-27,0.0052006091178462355
2016-04-28,-0.008653194129145543
2016-04-29,-0.008290593481286189
2016-05-01,-0.0018960016405793131
2016-05-02,0.007500295621629685
2016-05-03,-0.007466425729014538
2016-05-04,3.8613540692120225e-05
2016-05-05,-0.005840489473895265
2016-05-06,0.007519637102505344
2016-05-08,-0.0005686447363184247
2016-05-09,0.0021475706314539236
2016-05-10,0.007799208582080219
2016-05-11,-0.005242613040964776
2016-05-12,-0.007630032857940832
2016-05-13,0.000664140609810886
2016-05-15,0.001800331391681918
2016-05-16,0.00903400470441283
2016-05-17,-0.010353767295258758
2016-05-18,0.00028933814848597665
2016-05-19,0.0017978268328636019
2016-05-20,0.005788170644520718
2016-05-22,0.0006927851010984781
2016-05-23,-0.0022512033945483075
2016-05-24,-0.0003172899744090735
2016-05-25,0.0
2016-05-26,0.0
2016-05-27,0.0
2016-05-29,0.0
2016-05-30,0.0
2016-05-31,0.0
2016-06-01,-0.0
2016-06-02,0.0
2016-06-03,-0.0
2016-06-05,-0.0
2016-06-06,0.0
2016-06-07,-0.0
2016-06-08,0.0
2016-06-09,-0.0
2016-06-10,-0.0
2016-06-12,-0.0
2016-06-13,-0.0
2016-06-14,0.0006661423845305884
2016-06-15,-0.0050866588348310775
2016-06-16,0.006526647376991701
2016-06-17,-0.01468080338633404
2016-06-19,-0.009022099620409013
2016-06-20,0.0013184234180563996
2016-06-21,-0.0002845918564416948
2016-06-22,0.0026214823159801774
2016-06-23,-0.02338797554775875
2016-06-24,0.005509882341580051
2016-06-26,0.004002955782661268
2016-06-27,0.005632124646803259
2016-06-28,-0.00029340661289043525
2016-06-29,-0.0
2016-06-30,-0.0
2016-07-01,-0.0
2016-07-03,-0.0
2016-07-04,0.0
2016-07-05,0.0
2016-07-06,-0.0
2016-07-07,-0.0
2016-07-08,-0.0
2016-07-10,-0.0
2016-07-11,0.0
2016-07-12,0.0
2016-07-13,-0.0
2016-07-14,0.0
2016-07-15,-0.0
2016-07-17,0.0
2016-07-18,0.0
2016-07-19,-0.0
2016-07-20,0.0
2016-07-21,-0.0
2016-07-22,0.0
2016-07-24,-0.0
2016-07-25,0.0
2016-07-26,0.005956375406289796
2016-07-27,0.002492320859368816
2016-07-28,0.002569046865155391
2016-07-29,0.0005280552296606343
2016-07-31,0.002280502144363602
2016-08-01,0.001989737254057853
2016-08-02,-0.0075485529927428255
2016-08-03,0.002388123125558001
2016-08-04,0.004792712633366739
2016-08-05,0.005619178215644226
2016-08-07,0.001010000567385285
2016-08-08,-0.001388448083081005
2016-08-09,0.0011365204313182203
2016-08-10,-0.001429605077029911
2016-08-11,0.003254230631219135
2016-08-12,0.0011331403018594857
2016-08-14,0.001054157690960456
2016-08-15,0.0009731644086216288
2016-08-16,-0.002280277257890385
2016-08-17,0.0015232095447078342
2016-08-18,-0.0018551246769947312
2016-08-19,0.0010155833138454293
2016-08-21,-0.001641491200333199
2016-08-22,0.002333271932759627
2016-08-23,-0.0003920752395877049
2016-08-24,-0.0036441507910187254
2016-08-25,-0.0010451181993453118
2016-08-26,-1.313148139358747e-06
2016-08-28,-0.00038487167815089954
2016-08-29,0.0024722829407796674
2016-08-30,-0.00373732078206513
2016-08-31,0.0009355074432551961
2016-09-01,-0.0007002596137784654
2016-09-02,0.004947666540475878
2016-09-04,0.0004951590920356388
2016-09-05,-0.0013652574354079642
2016-09-06,0.008417622156464622
2016-09-07,-0.0006423809470707455
2016-09-08,-0.008526023196726632
2016-09-09,-0.03408370070987306
2016-09-11,-0.005186101404761659
2016-09-12,0.024472652132101678
2016-09-13,-0.0032585328174619234
2016-09-14,-0.0030229274053618165
2016-09-15,0.018459947486138127
2016-09-16,0.00041476889850286053
2016-09-18,0.0025951300244348922
2016-09-19,-0.005570492715551766
2016-09-20,4.3257794696524376e-05
2016-09-21,0.009462861924285434
2016-09-22,0.0072179534671224605
2016-09-23,-0.005563819690730127
2016-09-25,-0.001958905945470437
2016-09-26,-0.0022065849121706465
2016-09-27,-0.00031731819561262465
2016-09-28,0.0
2016-09-29,-0.0
2016-09-30,0.0
2016-10-02,0.0
2016-10-03,-0.0
2016-10-04,-0.0
2016-10-05,0.0
2016-10-06,-0.0
2016-10-07,-0.0
2016-10-09,0.0
2016-10-10,0.0
2016-10-11,-0.0
2016-10-12,-0.0
2016-10-13,0.0
2016-10-14,0.0
2016-10-16,-0.0
2016-10-17,0.0
2016-10-18,0.0
2016-10-19,0.0
2016-10-20,0.0
2016-10-21,0.0
2016-10-23,0.0
2016-10-24,0.0
2016-10-25,-0.007414441373223626
2016-10-26,-0.005061208222715117
2016-10-27,-0.0057573957190721085
2016-10-28,-0.0020445368442583984
2016-10-30,0.0017165174854780472
2016-10-31,5.0096911874996366e-05
2016-11-01,-0.013992133214156526
2016-11-02,0.007059225623935908
2016-11-03,0.0039897181874969136
2016-11-04,0.002680955027574824
2016-11-06,-0.0118419829100767
2016-11-07,-0.007500825629301666
2016-11-08,0.03591747757191722
2016-11-09,-0.03977020367622135
2016-11-10,-0.01349038072427546
2016-11-11,-0.00379715738236543
2016-11-13,-0.0033247031739466293
2016-11-14,0.00760933727844593
2016-11-15,-0.008255653422409266
2016-11-16,-0.001645811690929149
2016-11-17,-0.0029770109815873804
2016-11-18,-0.002022373861291534
2016-11-20,-0.0010426424108664655
2016-11-21,0.005961561673061059
2016-11-22,-0.00016423055688638948
2016-11-23,-0.0
2016-11-24,0.0
2016-11-25,0.0
2016-11-27,-0.0
2016-11-28,-0.0
2016-11-29,0.0
2016-11-30,-0.0
2016-12-01,-0.0
2016-12-02,-0.0
2016-12-04,0.0
2016-12-05,-0.0
2016-12-06,-0.0
2016-12-07,-0.0
2016-12-08,0.0
2016-12-09,0.0
2016-12-11,-0.0
2016-12-12,-0.0
2016-12-13,0.0
2016-12-14,-0.0
2016-12-15,0.0
2016-12-16,-0.0
2016-12-18,0.0
2016-12-19,0.0
2016-12-20,0.0010377750741893282
2016-12-21,-0.0014804223018448092
2016-12-22,-0.0006617498910377204
2016-12-23,0.0006108369017380054
2016-12-26,0.00022600964930425744
2016-12-27,-0.00016327874210575902
2016-12-28,-0.0
2016-12-29,0.0
2016-12-30,-0.0
2017-01-02,0.0
2017-01-03,0.0
2017-01-04,0.0
2017-01-05,0.0
2017-01-06,0.0
2017-01-08,0.0
2017-01-09,-0.0
2017-01-10,0.0
2017-01-11,0.0
2017-01-12,0.0
2017-01-13,0.0
2017-01-15,-0.0
2017-01-16,0.0
2017-01-17,-0.0
2017-01-18,0.0
2017-01-19,0.0
2017-01-20,-0.0
2017-01-22,-0.0
2017-01-23,0.0
2017-01-24,0.007496567335842839
2017-01-25,0.01115715303056061
2017-01-26,-0.0027199557291077837
2017-01-27,0.003301161625086436
2017-01-29,-0.003558300896351035
2017-01-30,-0.00740484909089841
2017-01-31,-0.00033203251418009976
2017-02-01,-0.0
2017-02-02,-0.0
2017-02-03,0.0
2017-02-05,-0.0
2017-02-06,0.0
2017-02-07,0.003681779779811702
2017-02-08,0.0027048772292124217
2017-02-09,0.006177962409054716
2017-02-10,0.0012873445918458828
2017-02-12,0.001577012212890265
2017-02-13,0.005223921306267147
2017-02-14,0.004940212131614465
2017-02-15,0.008772711908565487
2017-02-16,-0.003529860170947282
2017-02-17,0.007382978151906232
2017-02-26,0.005535698035061224
2017-02-27,-0.0005723807575505319
2017-02-28,-0.002047677775419842
2017-03-01,0.010557287722277917
2017-03-02,-0.008486202561391503
2017-03-03,0.00682305955837928
2017-03-05,-0.004132381862328638
2017-03-06,0.0015855736331822118
2017-03-07,-0.00553474459581991
2017-03-08,0.004813801654237999
2017-03-09,0.005612737730827822
2017-03-10,-1.0113207156045044e-06
2017-03-12,-0.0006055848412600116
2017-03-13,0.004018319902211925
2017-03-14,-0.0022674813697622755
2017-03-15,0.010203835431014791
2017-03-16,-0.001979634515387519
2017-03-17,-0.0020758250526496007
2017-03-19,-0.002601131287845279
2017-03-20,0.009644490824098236
2017-03-21,-0.03486287505697571
2017-03-22,0.014049991572483402
2017-03-23,-0.0012091284312063506
2017-03-24,0.0008405993503164366
2017-03-26,-0.009094086231149644
2017-03-27,0.012947110611436346
2017-03-28,0.004851619423067322
2017-03-29,0.006827810947970176
2017-03-30,-0.0016134755082443286
2017-03-31,0.0007487424233572461
2017-04-02,0.0014384298395655978
2017-04-03,-0.002951706550714183
2017-04-04,0.003059832608375789
2017-04-05,-0.010378175391562751
2017-04-06,0.0010624786280475126
2017-04-07,0.004173237994096339
2017-04-09,0.0013487640589493939
2017-04-10,-0.0029384180216393526
2017-04-11,-0.0054214063620889215
2017-04-12,-0.0045644938556639114
2017-04-13,-0.0030894881291550795
2017-04-16,-0.0010734963434595429
2017-04-17,0.010887314542973285
2017-04-18,-0.0003825178002176373
2017-04-19,0.0
2017-04-20,0.0
2017-04-21,-0.0
2017-04-23,0.0
2017-04-24,0.0
2017-04-25,0.00896082319915252
2017-04-26,-0.0022603435050602165
2017-04-27,0.011068591571932846
2017-04-28,-0.0022517430052269288
2017-04-30,0.0011833681534493283
2017-05-01,0.009951310296992517
2017-05-02,-0.002005958642096773
2017-05-03,-0.0006842407277785522
2017-05-04,0.0005268884589057339
2017-05-05,0.005592136703953925
2017-05-07,-0.001117482077834757
2017-05-08,0.00213207365850338
2017-05-09,0.0041646154032004955
2017-05-10,5.26967270225251e-05
2017-05-11,-0.0031415680829336096
2017-05-12,0.006526399108694474
2017-05-14,0.0015096715751277917
2017-05-15,0.0002703023516497471
2017-05-16,-0.0007621537873924144
2017-05-17,-0.0206998244243261
2017-05-18,0.005519026747475861
2017-05-19,0.005766722690725445
2017-05-21,0.0008524000815944283
2017-05-22,0.008271960054952366
2017-05-23,0.0015733104701280585
2017-05-24,0.008375144714283345
2017-05-25,0.005998864022713547
2017-05-26,0.0026605335645876575
2017-05-28,0.0007286567947321706
2017-05-29,-0.0022750643997678363
2017-05-30,-0.0003136378255367903
2017-05-31,0.0
2017-06-01,0.0
2017-06-02,0.0
2017-06-04,-0.0
2017-06-05,-0.0
2017-06-06,-0.0025164858704122862
2017-06-07,0.0031414057659888512
2017-06-08,0.001249456455163507
2017-06-09,-0.0359320730114281
2017-06-11,-0.0013478253285038125
2017-06-12,-0.0022905318299396133
2017-06-13,0.004623564471826689
2017-06-14,-0.009541208996802794
2017-06-15,0.004623020909448953
2017-06-16,-0.0049931774248041134
2017-06-18,0.0037132681293060277
2017-06-19,0.013095595361706467
2017-06-20,-0.011410762506125832
2017-06-21,0.013359898461141984
2017-06-22,0.0005605071956980936
2017-06-23,0.002060066442611715
2017-06-25,0.0018835788967489914
2017-06-26,-0.005966737300873956
2017-06-27,-0.023000810769698374
2017-06-28,0.01932214971366695
2017-06-29,-0.019979184523769372
2017-06-30,0.002583116290570879
2017-07-02,0.0015416042863931278
2017-07-03,-0.01274789561228966
2017-07-04,0.0002006582314327401
2017-07-05,0.008733680035963089
2017-07-06,-0.004224677378921855
2017-07-07,0.006437393987455158
2017-07-09,0.0032505664497406313
2017-07-10,-0.00021780768211933626
2017-07-11,0.0
2017-07-12,0.0
2017-07-13,-0.0
2017-07-14,0.0
2017-07-16,0.0
2017-07-17,0.0
2017-07-18,0.0
2017-07-19,0.0
2017-07-20,-0.0
2017-07-21,0.0
2017-07-23,-0.0
2017-07-24,0.0
2017-07-25,0.0
2017-07-26,0.0
2017-07-27,-0.0
2017-07-28,0.0
2017-07-30,-0.0
2017-07-31,0.0
2017-08-01,0.0028998879109800916
2017-08-02,-0.003147438515665448
2017-08-03,-0.0020691655009433996
2017-08-04,0.0008192199860044626
2017-08-06,0.002706423883933643
2017-08-07,0.0012849417550982256
2017-08-08,-0.004662402000244245
2017-08-09,0.0017521574409501371
2017-08-10,-0.017101009464503898
2017-08-11,0.008347570721459781
2017-08-13,0.003409619806256928
2017-08-14,0.00847984183221715
2017-08-15,-0.0037572653510944453
2017-08-16,0.0004592293043887287
2017-08-17,-0.010571988946540154
2017-08-18,-0.0023424347289776925
2017-08-20,-0.0011103433909184883
2017-08-21,0.0037570827429041624
2017-08-22,0.006394536288089003
2017-08-23,-0.003342447904007575
2017-08-24,0.0002704012008325322
2017-08-25,-0.002537407975804272
2017-08-27,-0.0011530422906526191
2017-08-28,-0.0013074854707786918
2017-08-29,0.008986542696277805
2017-08-30,0.008030714763968579
2017-08-31,0.006675993430897089
2017-09-01,-0.0014264588635181008
2017-09-03,-0.0030300621640852745
2017-09-04,0.001218530942213042
2017-09-05,-0.00019378079474135636
2017-09-06,0.0
2017-09-07,0.0
2017-09-08,-0.0
2017-09-10,0.0
2017-09-11,0.0
2017-09-12,0.0
2017-09-13,0.0
2017-09-14,-0.0
2017-09-15,0.0
2017-09-17,0.0
2017-09-18,-0.0
2017-09-19,0.0008624504500754183
2017-09-20,-0.0033288680411785523
2017-09-21,-0.009001956917477289
2017-09-22,0.003451141124961632
2017-09-24,0.0002741095760457296
2017-09-25,-0.009493487676381189
2017-09-26,-0.00025806262682441874
2017-09-27,0.0
2017-09-28,-0.0
2017-09-29,0.0
2017-10-01,0.0
2017-10-02,0.0
2017-10-03,0.0
2017-10-04,0.0
2017-10-05,0.0
2017-10-06,-0.0
2017-10-08,0.0
2017-10-09,-0.0
2017-10-10,0.0
2017-10-11,0.0
2017-10-12,-0.0
2017-10-13,0.0
2017-10-15,0.0
2017-10-16,0.0
2017-10-17,0.0
2017-10-18,-0.0
2017-10-19,0.0
2017-10-20,-0.0
2017-10-22,0.0
2017-10-23,-0.0
2017-10-24,-0.00042621109972190057
2017-10-25,-0.001532819223434982
2017-10-26,0.006559354001730907
2017-10-27,0.025251588013496994
2017-10-29,-0.000765585215028086
2017-10-30,0.004098374442732711
2017-10-31,0.006595732373795822
2017-11-01,-0.008583554953310464
2017-11-02,0.00624118065372529
2017-11-03,0.0067645258017726365
2017-11-05,-0.0017454454703305733
2017-11-06,0.00898732374457502
2017-11-07,-0.0020586409773176795
2017-11-08,0.004912451969898146
2017-11-09,-0.004366352619556816
2017-11-10,-0.0023565559209414656
2017-11-12,0.0030896300884996593
2017-11-13,-0.0026396923100738896
2017-11-14,-0.0003448254457349542
2017-11-15,0.0
2017-11-16,0.0
2017-11-17,-0.0
2017-11-19,-0.0
2017-11-20,0.0
2017-11-21,0.012493401889846283
2017-11-22,0.0017989883329589218
2017-11-23,0.00019658739776057274
2017-11-24,0.0037677480438636137
2017-11-26,-0.0014380785664282437
2017-11-27,-0.00035827726538554145
2017-11-28,0.003145150873104219
2017-11-29,-0.024360581967213343
2017-11-30,0.010712424437946393
2017-12-01,-0.002434154856951702
2017-12-03,0.006731240524212133
2017-12-04,-0.019002108066395355
2017-12-05,-0.005700573663022948
2017-12-06,0.012892959227614513
2017-12-07,0.002804317313866492
2017-12-08,0.0015571221360229219
2017-12-10,0.002301385819559117
2017-12-11,0.008019994908647276
2017-12-12,-0.004434096031570169
2017-12-13,0.0044639941136133815
2017-12-14,0.0024084446294981164
2017-12-15,0.014285884068549
2017-12-17,0.0033963822844431564
2017-12-18,0.002979646489053607
2017-12-19,-0.003753053568780666
2017-12-20,-0.004803079623814442
2017-12-21,0.0019435450541813778
2017-12-22,-0.0024710403315912786
2017-12-25,-0.0010594414942138443
2017-12-26,-0.00026381075218758095
2017-12-27,-0.0
2017-12-28,-0.0
2017-12-29,-0.0
2018-01-01,0.0
2018-01-02,0.0
2018-01-03,0.0
2018-01-04,0.0
2018-01-05,0.0
2018-01-07,0.0
2018-01-08,0.0
2018-01-09,-0.0
2018-01-10,-0.0
2018-01-11,0.0
2018-01-12,0.0
2018-01-14,0.0
2018-01-15,-0.0
2018-01-16,-0.0
2018-01-17,0.0
2018-01-18,-0.0
2018-01-19,0.0
2018-01-21,-0.0
2018-01-22,0.0
2018-01-23,0.0
2018-01-24,-0.0
2018-01-25,0.0
2018-01-26,0.0
2018-01-28,-0.0
2018-01-29,-0.0
2018-01-30,0.0
2018-01-31,0.0
2018-02-01,-0.0
2018-02-02,-0.0
2018-02-04,-0.0
2018-02-05,-0.0
2018-02-06,0.0
2018-02-07,-0.0
2018-02-08,-0.0
2018-02-09,0.0
2018-02-11,0.0
2018-02-12,0.0
2018-02-13,0.0
2018-02-14,0.0
2018-02-15,0.0
2018-02-16,-0.0
2018-02-18,0.0
2018-02-19,-0.0
2018-02-20,-0.0
2018-02-21,-0.0
2018-02-22,0.0
2018-02-23,0.0
2018-02-25,0.0
2018-02-26,0.0
2018-02-27,-0.0
2018-02-28,-0.0
2018-03-01,-0.0
2018-03-02,0.0
2018-03-04,-0.0
2018-03-05,0.0
2018-03-06,-0.0
2018-03-07,0.0
2018-03-08,0.0
2018-03-09,0.0
2018-03-11,0.0
2018-03-12,-0.0
2018-03-13,-0.0
2018-03-14,0.0
2018-03-15,0.0
2018-03-16,-0.0
2018-03-18,-0.0
2018-03-19,-0.0
2018-03-20,0.002010739250728131
2018-03-21,-0.00167164707595624
2018-03-22,-0.015974990997745048
2018-03-23,-0.004901825331574969
2018-03-25,0.0027824507865244676
2018-03-26,0.012538114005723945
2018-03-27,-9.819703922392177e-05
2018-03-28,-0.0
2018-03-29,0.0
2018-04-01,-0.0
2018-04-02,-0.0
2018-04-03,-0.0020385135946275235
2018-04-04,-0.009971947117489003
2018-04-05,-0.005301898375749544
2018-04-06,-0.003790983216964466
2018-04-08,-0.002690239707021546
2018-04-09,-0.005206068486350891
2018-04-10,-5.73809165306936e-07
2018-04-11,-0.000931137038977046
2018-04-12,-0.00195101265529949
2018-04-13,0.00041448373575577867
2018-04-15,-0.0008849590129612684
2018-04-16,-0.0034587572953299305
2018-04-17,-8.586924872852108e-05
2018-04-18,0.0
2018-04-19,-0.0
2018-04-20,0.0
2018-04-22,-0.0
2018-04-23,0.0
2018-04-24,0.011069614293129781
2018-04-25,-0.005961052615824828
2018-04-26,-0.009966513148473952
2018-04-27,0.004829147120371206
2018-04-29,-0.0018031409122349173
2018-04-30,0.005393730330325626
2018-05-01,-0.005502361073249607
2018-05-02,0.004634739776445829
2018-05-03,-0.0009134107402348168
2018-05-04,-0.009297671509984203
2018-05-06,-0.002499203761267166
2018-05-07,-0.0010220394507390108
2018-05-08,-0.00010828750885235666
2018-05-09,0.0
2018-05-10,0.0
2018-05-11,-0.0
2018-05-13,0.0
2018-05-14,-0.0
2018-05-15,-0.0
2018-05-16,0.0
2018-05-17,-0.0
2018-05-18,-0.0
2018-05-20,0.0
2018-05-21,-0.0
2018-05-22,-0.0027852119848010976
2018-05-23,0.004832061346203182
2018-05-24,0.0030157083611512536
2018-05-25,-0.0014526931992866704
2018-05-27,0.0022813039654509346
2018-05-28,-0.0015179763719798459
2018-05-29,-0.003373517752090619
2018-05-30,0.0038242658515318857
2018-05-31,0.0005188183953356756
2018-06-01,-0.006845858418310266
2018-06-03,0.0010709879798499813
2018-06-04,0.002956430741536614
2018-06-05,0.0032897254920577997
2018-06-06,0.0027943865747044813
2018-06-07,-0.00668111744196042
2018-06-08,0.0003863458444411493
2018-06-10,-0.000455219730306385
2018-06-11,0.002442316016075824
2018-06-12,0.004667234710277646
2018-06-13,-0.0024065482380386896
2018-06-14,0.011319727442074792
2018-06-15,-0.0035947506091899527
2018-06-17,-0.003656899009893919
2018-06-18,-0.0034500977105605423
2018-06-19,0.0033872276930294763
2018-06-20,0.011446934832234353
2018-06-21,-0.010439020236443603
2018-06-22,-0.0023975842198438206
2018-06-24,-0.0027221848170154795
2018-06-25,-0.012823575604276593
2018-06-26,-0.00015318893594792762
2018-06-27,-0.0
2018-06-28,0.0
2018-06-29,-0.0
2018-07-01,0.0
2018-07-02,0.0
2018-07-03,-0.0
2018-07-04,-0.0
2018-07-05,0.0
2018-07-06,0.0
2018-07-08,0.0
2018-07-09,0.0
2018-07-10,-0.0
2018-07-11,0.0
2018-07-12,0.0
2018-07-13,-0.0
2018-07-15,0.0
2018-07-16,-0.0
2018-07-17,0.0
2018-07-18,-0.0
2018-07-19,-0.0
2018-07-20,-0.0
2018-07-22,-0.0
2018-07-23,0.0
2018-07-24,-0.0037600114878482346
2018-07-25,-0.001317005432870954
2018-07-26,0.004091616374020059
2018-07-27,-0.013853892777310549
2018-07-29,-0.003607549396185777
2018-07-30,-0.006024909367561289
2018-07-31,0.005528175668787403
2018-08-01,0.0017866136285132454
2018-08-02,0.010465548631093176
2018-08-03,0.002370494338758521
2018-08-05,0.0012099988014908905
2018-08-06,0.0029695334473317735
2018-08-07,-0.00015539513090218315
2018-08-08,0.0
2018-08-09,-0.0
2018-08-10,-0.0
2018-08-12,-0.0
2018-08-13,0.0
2018-08-14,0.0015691849592316368
2018-08-15,-0.004746961482158772
2018-08-16,-0.0015648904935245125
2018-08-17,0.0003274694954868977
2018-08-19,0.00040327187419493565
2018-08-20,-0.0008063118644012567
2018-08-21,-0.00016365898852507322
2018-08-22,0.0
2018-08-23,0.0
2018-08-24,0.0
2018-08-26,0.0
2018-08-27,0.0
2018-08-28,0.0014375787256541257
2018-08-29,0.006482125048680962
2018-08-30,-0.0012684921899436053
2018-08-31,0.0027225656349230544
2018-09-02,-0.00037228982143823003
2018-09-03,0.0007214624884494331
2018-09-04,-0.005038296377849308
2018-09-05,-0.011289228442539479
2018-09-06,-0.010678260400211375
2018-09-07,-0.0008577599311114669
2018-09-09,0.0026073331237738326
2018-09-10,0.0020571938834352205
2018-09-11,0.00420020757504735
2018-09-12,-0.003323179845615711
2018-09-13,0.01072108010178961
2018-09-14,-0.0034923410091193775
2018-09-16,-0.001073319817896743
2018-09-17,-0.01332043966056325
2018-09-18,0.009554963855796019
2018-09-19,-0.0004687723552272467
2018-09-20,0.012926221258838636
2018-09-21,-0.007417775399447224
2018-09-23,-0.00310488072626826
2018-09-24,0.006873975954738861
2018-09-25,0.004742476769470706
2018-09-26,-0.0009974316425138405
2018-09-27,0.006771926089672304
2018-09-28,-0.00017921067061006757
2018-09-30,0.004775067713592617
2018-10-01,-0.00553126354025256
2018-10-02,0.0012903406999556681
2018-10-03,-0.005020140613011599
2018-10-04,-0.014535264532233898
2018-10-05,-0.009134289067703102
2018-10-07,-0.0016081154488805562
2018-10-08,-0.003950799977239074
2018-10-09,-0.00020935075417146732
2018-10-10,-0.0
2018-10-11,-0.0
2018-10-12,-0.0
2018-10-14,0.0
2018-10-15,0.0
2018-10-16,-0.0
2018-10-17,0.0
2018-10-18,0.0
2018-10-19,0.0
2018-10-21,-0.0
2018-10-22,0.0
2018-10-23,-0.0
2018-10-24,0.0
2018-10-25,0.0
2018-10-26,-0.0
2018-10-28,-0.0
2018-10-29,0.0
2018-10-30,-0.0050658191116876245
2018-10-31,-0.012875729325109858
2018-11-01,-0.0016741468531105911
2018-11-02,0.0031509639080929608
2018-11-04,0.0005890237398178176
2018-11-05,0.0016823991160848841
2018-11-06,-0.007503365873568843
2018-11-07,-0.011345716307242307
2018-11-08,0.0035922294611650135
2018-11-09,0.008474197152393849
2018-11-11,-0.0037896808043679465
2018-11-12,0.014832709901645764
2018-11-13,-0.0001120448621508575
2018-11-14,0.0
2018-11-15,-0.0
2018-11-16,-0.0
2018-11-18,0.0
2018-11-19,0.0
2018-11-20,0.0
2018-11-21,-0.0
2018-11-22,0.0
2018-11-23,0.0
2018-11-25,-0.0
2018-11-26,-0.0
2018-11-27,-0.004047857188212414
2018-11-28,-0.01174402972656192
2018-11-29,-0.00011076487035323714
2018-11-30,-0.0032534620225862622
2018-12-02,-0.008409193774492622
2018-12-03,0.00527981752011195
2018-12-04,-9.876765230715366e-05
2018-12-05,0.0
2018-12-06,-0.0
2018-12-07,0.0
2018-12-09,0.0
2018-12-10,-0.0
2018-12-11,-0.0
2018-12-12,-0.0
2018-12-13,0.0
2018-12-14,0.0
2018-12-16,-0.0
2018-12-17,0.0
2018-12-18,-0.0015806256573342098
2018-12-19,0.012804764656607898
2018-12-20,-8.223038721513293e-05
2018-12-21,0.014993759897036206
2018-12-23,-0.0023509644400627775
2018-12-24,0.012923923492448764
2018-12-25,0.0022789182714298443
2018-12-26,-0.02718371112763016
2018-12-27,-0.0043479795855113695
2018-12-28,0.0021559716629110963
2018-12-30,-0.00256927117128508
2018-12-31,-8.6115721345856e-05
2019-01-01,0.0
2019-01-02,0.0
2019-01-03,0.0
2019-01-04,-0.0
2019-01-06,-0.0
2019-01-07,-0.0
2019-01-08,-0.0
2019-01-09,0.0
2019-01-10,-0.0
2019-01-11,-0.0
2019-01-13,0.0
2019-01-14,-0.0
2019-01-15,-0.0
2019-01-16,0.0
2019-01-17,-0.0
2019-01-18,-0.0
2019-01-20,0.0
2019-01-21,0.0
2019-01-22,0.0
2019-01-23,0.0
2019-01-24,-0.0
2019-01-25,-0.0
2019-01-27,0.0
2019-01-28,0.0
2019-01-29,-0.0
2019-01-30,-0.0
2019-01-31,0.0
2019-02-01,-0.0
2019-02-03,-0.0
2019-02-04,-0.0
2019-02-05,-0.004069050168261892
2019-02-06,-0.0020793275903298967
2019-02-07,-0.005812209307143712
2019-02-08,-0.0026722436840689893
2019-02-10,0.000604817979425717
2019-02-11,-0.002677911130248117
2019-02-12,-0.005014083922654704
2019-02-13,0.0013116419318492942
2019-02-14,-0.0019843640596334316
2019-02-15,0.0040806506098907645
2019-02-17,0.00025927323101738363
2019-02-18,0.00041207408101587046
2019-02-19,-0.0007524176850548882
2019-02-20,0.0021577706850026447
2019-02-21,-0.004323080871135274
2019-02-22,0.003652424809232838
2019-02-24,0.0012794455601616063
2019-02-25,-0.0015804703098099056
2019-02-26,0.00202350260093605
2019-02-27,-0.0006051943854327931
2019-02-28,0.0018223308522457241
2019-03-01,0.001239801861165248
2019-03-03,0.002958343739830414
2019-03-04,-0.00376330868062348
2019-03-05,0.00017396342866015044
2019-03-06,-0.003326095969746787
2019-03-07,-0.008542041336430283
2019-03-08,0.001852596124943538
2019-03-10,0.00029897445395668884
2019-03-11,0.016009362150511044
2019-03-12,-0.00024161000024190834
2019-03-13,0.005388967949688361
2019-03-14,0.0016084413995557044
2019-03-15,0.004364642888478194
2019-03-17,0.00027104909562013473
2019-03-18,0.001700284605969338
2019-03-19,0.00047811111093578
2019-03-20,0.005713262562902085
2019-03-21,0.010141264483184257
2019-03-22,-0.015378805374634544
2019-03-24,-0.005019196169456793
2019-03-25,0.00595533287669256
2019-03-26,-0.00015881374042287758
2019-03-27,-0.0
2019-03-28,0.0
2019-03-29,0.0
2019-03-31,0.0
2019-04-01,0.0
2019-04-02,0.0
2019-04-03,0.0
2019-04-04,-0.0
2019-04-05,0.0
2019-04-07,-0.0
2019-04-08,0.0
2019-04-09,-0.0
2019-04-10,0.0
2019-04-11,-0.0
2019-04-12,0.0
2019-04-14,0.0
2019-04-15,0.0
2019-04-16,0.0
2019-04-17,-0.0
2019-04-18,0.0
2019-04-21,-0.0
2019-04-22,0.0
2019-04-23,0.010806779619481106
2019-04-24,0.0048917379721671326
2019-04-25,-0.008556743621564491
2019-04-26,0.0056743924589566655
2019-04-28,-0.0001410136987893061
2019-04-29,-0.005473876870037005
2019-04-30,0.007438377193166933
2019-05-01,-0.010684148674391708
2019-05-02,-0.0007359636488248419
2019-05-03,0.012486953284895498
2019-05-05,-0.020177778793346302
2019-05-06,0.00802194680192027
2019-05-07,-0.008311662964626414
2019-05-08,-0.008773828867728468
2019-05-09,-0.002281747081283588
2019-05-10,0.003654427738096939
2019-05-12,-0.008997893066051465
2019-05-13,-0.016572369227209886
2019-05-14,0.007819703428414475
2019-05-15,0.005637827486896037
2019-05-16,0.008700221461470422
2019-05-17,-0.007246470506140488
2019-05-19,0.0029652347411601794
2019-05-20,-0.010247561583392595
2019-05-21,0.0028889706007111226
2019-05-22,-0.00750967871036945
2019-05-23,-0.004731971019121112
2019-05-24,-0.0022434806116947603
2019-05-27,0.0029894832427626457
2019-05-28,-0.000163547838314244
2019-05-29,-0.0
2019-05-30,-0.0
2019-05-31,-0.0
2019-06-02,-0.0
2019-06-03,0.0
2019-06-04,-0.022875725038576582
2019-06-05,0.002166957932181057
2019-06-06,0.0051836079726393855
2019-06-07,0.012435918833471386
2019-06-09,0.0014139957857804307
2019-06-10,0.009523388396539587
2019-06-11,-0.0034033981112283856
2019-06-12,-0.005341953330244549
2019-06-13,0.006635340407905596
2019-06-14,-0.0034090181432186568
2019-06-16,0.0030187663385299545
2019-06-17,0.002895592401614292
2019-06-18,0.00877320973388104
2019-06-19,0.006581149737125693
2019-06-20,-0.00044658659645839863
2019-06-21,0.00035456052274138747
2019-06-23,0.0026660001769111315
2019-06-24,-0.00413797720441402
2019-06-25,-0.0077687040202265335
2019-06-26,0.0036855592136577466
2019-06-27,-0.0005650860264976107
2019-06-28,0.004281644677631024
2019-06-30,0.005164768944872671
2019-07-01,-2.4599495475926936e-05
2019-07-02,-0.00012956408633442847
2019-07-03,0.0
2019-07-04,0.0
2019-07-05,-0.0
2019-07-07,-0.0
2019-07-08,-0.0
2019-07-09,0.0
2019-07-10,0.0
2019-07-11,-0.0
2019-07-12,0.0
2019-07-14,0.0
2019-07-15,0.0
2019-07-16,-0.0
2019-07-17,-0.0
2019-07-18,0.0
2019-07-19,-0.0
2019-07-21,-0.0
2019-07-22,0.0
2019-07-23,0.0
2019-07-24,0.0
2019-07-25,0.0
2019-07-26,0.0
2019-07-28,-0.0
2019-07-29,0.0
2019-07-30,-0.0023687645800635183
2019-07-31,-0.011544481808588962
2019-08-01,-0.007988588319937588
2019-08-02,0.006113965506244575
2019-08-04,0.009524241224645139
2019-08-05,0.024015799674442586
2019-08-06,-0.010698384140247335
2019-08-07,-0.009036870596065779
2019-08-08,-0.009902489825040325
2019-08-09,0.0028430834854600807
2019-08-11,-0.0023180705985452895
2019-08-12,-0.008634850905554332
2019-08-13,-0.0001267838570917224
2019-08-14,-0.0
2019-08-15,0.0
2019-08-16,0.0
2019-08-18,0.0
2019-08-19,0.0
2019-08-20,-0.0
2019-08-21,0.0
2019-08-22,0.0
2019-08-23,-0.0
2019-08-25,-0.0
2019-08-26,0.0
2019-08-27,-0.0
2019-08-28,-0.0
2019-08-29,0.0
2019-08-30,-0.0
2019-09-01,-0.0
2019-09-02,0.0
2019-09-03,0.0
2019-09-04,0.0
2019-09-05,0.0
2019-09-06,-0.0
2019-09-08,0.0
2019-09-09,-0.0
2019-09-10,-0.0
2019-09-11,0.0
2019-09-12,-0.0
2019-09-13,-0.0
2019-09-15,-0.0
2019-09-16,0.0
2019-09-17,0.001977619250682585
2019-09-18,-0.0013090573101634047
2019-09-19,0.003352212830343604
2019-09-20,-0.0067237314993962025
2019-09-22,0.002284285031793432
2019-09-23,0.0008141687274529109
2019-09-24,-0.008159371522120474
2019-09-25,-0.004055701755439932
2019-09-26,-0.0030928372636224353
2019-09-27,-0.004540663424523265
2019-09-29,0.00304083158761692
2019-09-30,0.004234947488373094
2019-10-01,-0.006824324294640366
2019-10-02,0.009537331970132202
2019-10-03,-0.005512465776249324
2019-10-04,-0.008318499116832575
2019-10-06,0.002491527910375
2019-10-07,-0.003381280646446499
2019-10-08,0.008622960497717038
2019-10-09,-0.0031947053387309902
2019-10-10,-0.005931784812057404
2019-10-11,-0.004933181915291058
2019-10-13,-0.0011133612278736561
2019-10-14,-0.00025157594269764556
2019-10-15,-0.00010605908538889745
2019-10-16,-0.0
2019-10-17,0.0
2019-10-18,-0.0
2019-10-20,0.0
2019-10-21,-0.0
2019-10-22,-0.0
2019-10-23,-0.0
2019-10-24,-0.0
2019-10-25,-0.0
2019-10-27,0.0
2019-10-28,0.0
2019-10-29,-0.004576393244739509
2019-10-30,0.005188248173971834
2019-10-31,-2.712556349675094e-07
2019-11-01,0.0034401987736008745
2019-11-03,0.002388507778167265
2019-11-04,0.004065751405027251
2019-11-05,-0.002475587591966645
2019-11-06,-0.0014841013384439383
2019-11-07,0.000661552731792907
2019-11-08,0.005009455829724888
2019-11-10,-0.0018706187378086762
2019-11-11,0.0005980563416744229
2019-11-12,0.0003792988775041972
2019-11-13,0.0008957529350156987
2019-11-14,0.0039056976585679984
2019-11-15,0.0019740675925569127
2019-11-17,-0.000407326635555247
2019-11-18,0.003164332203356851
2019-11-19,-0.003168813074797035
2019-11-20,-0.004748881845816823
2019-11-21,0.002760578646003614
2019-11-22,-0.0010526044440761844
2019-11-24,0.0023755191932429026
2019-11-25,0.008164320209899401
2019-11-26,0.002556219290096487
2019-11-27,0.0017219577526604447
2019-11-28,-0.0004923238748120294
2019-11-29,3.47371465177365e-07
2019-12-01,0.002638341592059942
2019-12-02,-0.012009417905034635
2019-12-03,-0.00016800283293918455
2019-12-04,0.0
2019-12-05,0.0
2019-12-06,0.0
2019-12-08,-0.0
2019-12-09,-0.0
2019-12-10,-0.0
2019-12-11,0.0
2019-12-12,0.0
2019-12-13,-0.0
2019-12-15,0.0
2019-12-16,0.0
2019-12-17,-0.0
2019-12-18,0.0
2019-12-19,0.0
2019-12-20,0.0
2019-12-22,0.0
2019-12-23,0.0
2019-12-24,0.0008226861528027802
2019-12-25,0.0007021459960134523
2019-12-26,0.012109479313905198
2019-12-27,-0.005306840624490606
2019-12-29,0.00324204578878465
2019-12-30,-0.007647619292904231
2019-12-31,-0.00020820330494412603
2020-01-01,0.0
2020-01-02,0.0
2020-01-03,-0.0
2020-01-05,-0.0
2020-01-06,0.0
2020-01-07,-0.010894404702848297
2020-01-08,0.0209399027204939
2020-01-09,0.011390871012414198
2020-01-10,-0.007312223146765602
2020-01-12,0.003817604006883656
2020-01-13,0.009985836728444343
2020-01-14,-0.00020930471494551663
2020-01-15,0.0
2020-01-16,0.0
2020-01-17,0.0
2020-01-19,0.0
2020-01-20,-0.0
2020-01-21,0.0
2020-01-22,-0.0
2020-01-23,0.0
2020-01-24,-0.0
2020-01-26,-0.0
2020-01-27,-0.0
2020-01-28,0.014549853567076264
2020-01-29,-0.008626938799767055
2020-01-30,0.019160085815554118
2020-01-31,-0.021414631381022457
2020-02-02,0.00479187602477996
2020-02-03,0.009032474642324186
2020-02-04,-0.00013946768116678479
2020-02-05,0.0
2020-02-06,-0.0
2020-02-07,-0.0
2020-02-09,-0.0
2020-02-10,0.0
2020-02-11,-0.0
2020-02-12,0.0
2020-02-13,0.0
2020-02-14,-0.0
2020-02-16,0.0
2020-02-17,-0.0
2020-02-18,0.0
2020-02-19,0.0
2020-02-20,-0.0
2020-02-21,-0.0
2020-02-23,-0.0
2020-02-24,-0.0
2020-02-25,-0.0
2020-02-26,-0.0
2020-02-27,-0.0
2020-02-28,-0.0
2020-03-01,-0.0
2020-03-02,0.0
2020-03-03,-0.005088926769427667
2020-03-04,0.0070850268427699965
2020-03-05,-0.014615646235642455
2020-03-06,-0.001910159089786532
2020-03-08,-0.021569434809697408
2020-03-09,-0.004975065997805266
2020-03-10,0.000271272694438906
2020-03-11,0.026804087145907794
2020-03-12,0.031731205078644756
2020-03-13,-0.041597562607193335
2020-03-15,0.010257537341669207
2020-03-16,0.0074640167518038565
2020-03-17,0.004401686151286573
2020-03-18,0.006894305392729411
2020-03-19,-0.011673356873152617
2020-03-20,0.009286491313852993
2020-03-22,0.006996716542796993
2020-03-23,-0.012649268741882302
2020-03-24,-0.00787443326777387
2020-03-25,-0.0004643139442210326
2020-03-26,-0.008417397889593855
2020-03-27,0.0047431406889950475
2020-03-29,0.0014046442876823073
2020-03-30,-0.009936100823915623
2020-03-31,-4.028244458553789e-05
2020-04-01,0.0
2020-04-02,-0.0
2020-04-03,0.0
2020-04-05,-0.0
2020-04-06,-0.0
2020-04-07,-0.0
2020-04-08,-0.0
2020-04-09,-0.0
2020-04-12,0.0
2020-04-13,-0.0
2020-04-14,-0.0
2020-04-15,0.0
2020-04-16,-0.0
2020-04-17,0.0
2020-04-19,0.0
2020-04-20,0.0
2020-04-21,0.0
2020-04-22,-0.0
2020-04-23,0.0
2020-04-24,-0.0
2020-04-26,-0.0
2020-04-27,0.0
2020-04-28,-0.0
2020-04-29,-0.0
2020-04-30,-0.0
2020-05-01,0.0
2020-05-03,0.0
2020-05-04,-0.0
2020-05-05,-0.0
2020-05-06,-0.0
2020-05-07,-0.0
2020-05-08,0.0
2020-05-10,-0.0
2020-05-11,0.0
2020-05-12,0.0033567748910364177
2020-05-13,0.0016015746048081612
2020-05-14,-0.0018807341406367401
2020-05-15,-0.0002972701164772732
2020-05-17,-0.0020519884919027584
2020-05-18,-0.002276695014175463
2020-05-19,-0.000504578408871899
2020-05-20,-0.0020338750199980177
2020-05-21,0.0025722127716222374
2020-05-22,-0.0019647800848488677
2020-05-24,-0.000568219779209345
2020-05-25,-0.0030873181015715996
2020-05-26,0.0025087529259633216
2020-05-27,-0.0009744525948012982
2020-05-28,0.0006740128619374472
2020-05-29,0.00382775202429111
2020-05-31,-0.00014957676745308338
2020-06-01,-0.0001328706098450004
2020-06-02,0.002873022051268004
2020-06-03,-0.0003023302396773982
2020-06-04,-0.0002658540542235174
2020-06-05,0.00615204453083539
2020-06-07,0.0011851764477386804
2020-06-08,0.0016311123256960544
2020-06-09,0.004710592102561711
2020-06-10,0.0023197332821170108
2020-06-11,-0.015082855277982445
2020-06-12,-0.0022050649599746216
2020-06-14,-0.0037618839660595025
2020-06-15,0.01641509793146266
2020-06-16,-2.660798372496309e-05
2020-06-17,-0.001904354045211035
2020-06-18,0.004759471853912097
2020-06-19,-0.0035856858541594874
2020-06-21,0.0019965142687374377
2020-06-22,0.005832787492228557
2020-06-23,0.003428982202757156
2020-06-24,-0.0089920406888781
2020-06-25,0.0045782214737265505
2020-06-26,-0.00989020341626416
2020-06-28,-0.0009747389779567168
2020-06-29,0.0069856012563995346
2020-06-30,-7.110815571410108e-05
2020-07-01,0.0
2020-07-02,0.0
2020-07-03,-0.0
2020-07-05,0.0
2020-07-06,0.0
2020-07-07,-0.0
2020-07-08,0.0
2020-07-09,0.0
2020-07-10,0.0
2020-07-12,0.0
2020-07-13,-0.0
2020-07-14,0.0
2020-07-15,-0.0
2020-07-16,0.0
2020-07-17,0.0
2020-07-19,-0.0
2020-07-20,0.0
2020-07-21,-0.0
2020-07-22,-0.0
2020-07-23,-0.0
2020-07-24,-0.0
2020-07-26,0.0
2020-07-27,0.0
2020-07-28,-0.008569280863543922
2020-07-29,0.005515145337867681
2020-07-30,0.009960291666528362
2020-07-31,9.516471341847549e-05
2020-08-02,0.0013462767910644947
2020-08-03,0.004794419033863993
2020-08-04,0.0015333329703340298
2020-08-05,-0.0003039274741371071
2020-08-06,0.006165113139535655
2020-08-07,-0.004410611215078796
2020-08-09,-0.0006310984618983623
2020-08-10,0.00022355710450795203
2020-08-11,-0.00856006289366014
2020-08-12,0.008902616238460432
2020-08-13,0.003043155783400272
2020-08-14,-0.002520721973462031
2020-08-16,0.0018096450161084047
2020-08-17,0.0040659317168884644
2020-08-18,0.005030455522281035
2020-08-19,-0.006802800952088273
2020-08-20,0.010187501299067217
2020-08-21,0.0024644297957811924
2020-08-23,0.0015323223347130086
2020-08-24,0.003266882431280211
2020-08-25,0.002524580344192509
2020-08-26,0.008656758262990652
2020-08-27,0.0024015775993547
2020-08-28,-0.0005394026432042923
2020-08-30,0.004083333760597337
2020-08-31,0.0032396935289413517
2020-09-01,0.008820558085008071
2020-09-02,0.0008016869501521547
2020-09-03,-0.03233072196875198
2020-09-04,-0.00272550567425927
2020-09-06,-0.003358802534998449
2020-09-07,0.0017656571245909375
2020-09-08,-0.01425569653450746
2020-09-09,0.009679657739630582
2020-09-10,-0.005441380113938209
2020-09-11,-0.0063929809100163795
2020-09-13,0.005812211824245044
2020-09-14,0.00261662935222365
2020-09-15,0.006388583369386963
2020-09-16,-0.012117363672978245
2020-09-17,-0.0012000616231264197
2020-09-18,-0.005163514999197473
2020-09-20,0.00029803037578534974
2020-09-21,0.0005804323749253499
2020-09-22,0.005061545147248157
2020-09-23,-0.010203993520556766
2020-09-24,0.004606993789379455
2020-09-25,0.0069022190849400014
2020-09-27,0.0012850907315847453
2020-09-28,0.008146465313234099
2020-09-29,-0.002876808991809628
2020-09-30,0.004884073599654624
2020-10-01,0.0020988105649998247
2020-10-02,-0.010346973839789763
2020-10-04,0.004133142884898889
2020-10-05,0.003357777177749936
2020-10-06,-0.006211795366331021
2020-10-07,0.008723725962686677
2020-10-08,0.002778201137891973
2020-10-09,0.004664171718097595
2020-10-11,0.001367857169665808
2020-10-12,0.009884977723785732
2020-10-13,0.0029391530895138407
2020-10-14,-0.008847361188222394
2020-10-15,0.001192358131079876
2020-10-16,-0.0036650798182716778
2020-10-18,0.003405505929017451
2020-10-19,-0.007033484392155231
2020-10-20,-5.437195688630072e-05
2020-10-21,-0.0
2020-10-22,0.0
2020-10-23,-0.0
2020-10-25,-0.0
2020-10-26,-0.0
2020-10-27,0.0
2020-10-28,-0.0
2020-10-29,-0.0
2020-10-30,-0.0
2020-11-01,-0.0
2020-11-02,0.0
2020-11-03,0.0
2020-11-04,0.0
2020-11-05,-0.0
2020-11-06,0.0
2020-11-08,0.0
2020-11-09,-0.0
2020-11-10,-0.0
2020-11-11,0.0
2020-11-12,0.0
2020-11-13,0.0
2020-11-15,0.0
2020-11-16,-0.0
2020-11-17,-0.001225066431248051
2020-11-18,-0.0037550744965710483
2020-11-19,0.00482493682024241
2020-11-20,-0.003843873124592628
2020-11-22,0.002037551869857838
2020-11-23,0.0007873911135385996
2020-11-24,0.0052565149795314025
2020-11-25,0.002040187564661491
2020-11-26,-0.0007788545778946663
2020-11-27,0.0034534875235437998
2020-11-29,-0.0008179150287641864
2020-11-30,0.004106886027463585
2020-12-01,0.0022779484253308314
2020-12-02,0.0009411316477268364
2020-12-03,0.0008308383645773283
2020-12-04,0.0005455309801313439
2020-12-06,0.00033369122886814335
2020-12-07,0.0017185279959225008
2020-12-08,0.002872064227800804
2020-12-09,-0.01063477927277252
2020-12-10,0.0011418270974027102
2020-12-11,-0.00025660638689245047
2020-12-13,0.0018211160657294952
2020-12-14,0.0006488760567610722
2020-12-15,0.006115158780204884
2020-12-16,0.0033662596046845437
2020-12-17,0.0006856273599541084
2020-12-18,0.0005992836259091506
2020-12-20,0.00034932692356438015
2020-12-21,-0.002076101431582125
2020-12-22,0.00026005765749498186
2020-12-23,-0.0008349365324754285
2020-12-24,0.0012269180737555108
2020-12-27,0.002610540540905633
2020-12-28,-6.052603629274425e-05
2020-12-29,0.0
2020-12-30,-0.0
2020-12-31,0.0
2021-01-03,-0.0
2021-01-04,-0.0
2021-01-05,-0.0
2021-01-06,0.0
2021-01-07,0.0
2021-01-08,0.0
2021-01-10,-0.0
2021-01-11,-0.0
2021-01-12,0.0
2021-01-13,0.0
2021-01-14,-0.0
2021-01-15,-0.0
2021-01-17,-0.0
2021-01-18,0.0
2021-01-19,0.0
2021-01-20,0.0
2021-01-21,-0.0
2021-01-22,0.0
2021-01-24,0.0
2021-01-25,-0.0
2021-01-26,0.009243232020450968
2021-01-27,-0.030401783282987663
2021-01-28,-0.00041518837355568637
2021-01-29,-0.006086232895675187
2021-01-31,0.003381653281133515
2021-02-01,0.01873502142905383
2021-02-02,0.008992206678946048
2021-02-03,-0.00689754266453881
2021-02-04,0.0098273709164703
2021-02-05,0.0009536009782868095
2021-02-07,0.002939410883010143
2021-02-08,0.00029449456439281006
2021-02-09,0.002734790845651995
2021-02-10,-0.0034638529770943277
2021-02-11,0.0021102171765237957
2021-02-12,0.004718143659863793
2021-02-14,0.001483664440024939
2021-02-15,0.002104364159068589
2021-02-16,-0.006378728720239224
2021-02-17,-0.005524994032028261
2021-02-18,-0.0020831479832968455
2021-02-19,-0.0003949758164213025
2021-02-21,-0.0013571253902324946
2021-02-22,-0.00981656868794683
2021-02-23,-0.00778781318552369
2021-02-24,0.007919671184005177
2021-02-25,-0.026235176949386207
2021-02-26,0.006029416074266858
2021-02-28,0.006069876672729665
2021-03-01,0.007955579205690148
2021-03-02,-0.003865149471051274
2021-03-03,-0.022134784718229703
2021-03-04,-0.00647064625069928
2021-03-05,0.00964693135550495
2021-03-07,-0.004068504709293225
2021-03-08,-0.003121128007385992
2021-03-09,-0.011527094461412493
2021-03-10,0.002149454192407257
2021-03-11,0.00775027296082366
2021-03-12,-0.00429590892095106
2021-03-14,0.00027027215614692076
2021-03-15,0.006069407990170209
2021-03-16,0.00014186730079770811
2021-03-17,0.0019322973927131308
2021-03-18,-0.013190277072581483
2021-03-19,0.0019312217104574987
2021-03-21,0.002307521047916488
2021-03-22,0.004192041944120254
2021-03-23,0.0009082512003896818
2021-03-24,-0.008174316863979004
2021-03-25,0.0005068326858277737
2021-03-26,0.004519386444232163
2021-03-28,-0.002106776819264821
2021-03-29,0.00041322196427807397
2021-03-30,-5.300637316272322e-05
2021-03-31,0.0
2021-04-01,0.0
2021-04-02,-0.0
2021-04-04,-0.0
2021-04-05,0.0
2021-04-06,-0.0
2021-04-07,0.0
2021-04-08,0.0
2021-04-09,0.0
2021-04-11,-0.0
2021-04-12,0.0
2021-04-13,0.0
2021-04-14,-0.0
2021-04-15,0.0
2021-04-16,0.0
2021-04-18,0.0
2021-04-19,-0.0
2021-04-20,-0.0
2021-04-21,0.0
2021-04-22,-0.0
2021-04-23,0.0
2021-04-25,0.0
2021-04-26,0.0
2021-04-27,-0.0
2021-04-28,0.0
2021-04-29,-0.0
2021-04-30,-0.0
2021-05-02,0.0
2021-05-03,-0.0
2021-05-04,-0.0
2021-05-05,-0.0
2021-05-06,0.0
2021-05-07,0.0
2021-05-09,0.0
2021-05-10,-0.0
2021-05-11,-0.002958301618433715
2021-05-12,0.00843798205271903
2021-05-13,-0.004028415823080381
2021-05-14,-0.009448931425393848
2021-05-16,0.0009829540269120848
2021-05-17,0.000831146572062186
2021-05-18,0.008278383518194626
2021-05-19,-0.0022510731277126934
2021-05-20,-0.012891175583543584
2021-05-21,0.003820627130248436
2021-05-23,0.0002686937092649708
2021-05-24,-0.010615568904852919
2021-05-25,0.0016771109447287044
2021-05-26,-0.0014759589260480393
2021-05-27,0.0008326470591021465
2021-05-28,6.069928636253969e-05
2021-05-30,0.00027844107836615323
2021-05-31,-0.0009504910470453739
2021-06-01,-0.0015070034827498178
2021-06-02,0.0018657868876912854
2021-06-03,-0.0077966596075590465
2021-06-04,0.010813589488857814
2021-06-06,-0.0007055565681057921
2021-06-07,0.003978197894423819
2021-06-08,-0.00038991008712277935
2021-06-09,0.0001099307153662309
2021-06-10,0.006418026009061111
2021-06-11,0.0006948193619089088
2021-06-13,0.0012702068360218226
2021-06-14,0.005071859724829997
2021-06-15,-0.004625612185306722
2021-06-16,-0.005502802616838737
2021-06-17,0.012882957182651604
2021-06-18,-0.006205655645183776
2021-06-20,-0.0014605141911704666
2021-06-21,0.0053223989334655955
2021-06-22,0.006743164129569138
2021-06-23,0.00027800774599412296
2021-06-24,0.0024638600163364756
2021-06-25,-0.0013847073374074108
2021-06-27,0.0008548066903063793
2021-06-28,0.005867159852571404
2021-06-29,-6.780747652650961e-05
2021-06-30,-0.0
2021-07-01,-0.0
2021-07-02,0.0
2021-07-04,-0.0
2021-07-05,-0.0
2021-07-06,0.0
2021-07-07,-0.0
2021-07-08,-0.0
2021-07-09,0.0
2021-07-11,-0.0
2021-07-12,0.0
2021-07-13,-0.0
2021-07-14,0.0
2021-07-15,-0.0
2021-07-16,-0.0
2021-07-18,-0.0
2021-07-19,-0.0
2021-07-20,0.0
2021-07-21,0.0
2021-07-22,0.0
2021-07-23,0.0
2021-07-25,-0.0
2021-07-26,0.0
2021-07-27,-0.008634485108229551
2021-07-28,0.0011204357973276919
2021-07-29,-0.006017276754948316
2021-07-30,0.006843003529116338
2021-08-01,0.0036245413275390846
2021-08-02,-0.004490927802755723
2021-08-03,0.005304848401367473
2021-08-04,0.003138998872553503
2021-08-05,0.00414834175102379
2021-08-06,-0.003973880283641947
2021-08-08,-0.0031099416209472803
2021-08-09,0.0038669346924421195
2021-08-10,-9.799846479272637e-05
2021-08-11,-0.0
2021-08-12,0.0
2021-08-13,0.0
2021-08-15,-0.0
2021-08-16,0.0
2021-08-17,-0.007614083074192906
2021-08-18,-0.01002123593488513
2021-08-19,0.00422896045379509
2021-08-20,0.011382884581469759
2021-08-22,0.0031839904646321486
2021-08-23,0.011465312601573149
2021-08-24,-0.00010015134006670137
2021-08-25,-0.0
2021-08-26,-0.0
2021-08-27,0.0
2021-08-29,0.0
2021-08-30,0.0
2021-08-31,0.0
2021-09-01,-0.0
2021-09-02,0.0
2021-09-03,0.0
2021-09-05,0.0
2021-09-06,0.0
2021-09-07,0.00013355029463207668
2021-09-08,-0.0067142870236764325
2021-09-09,-0.0012528995710030283
2021-09-10,-0.008666087388951233
2021-09-12,-0.00035129676729702645
2021-09-13,-9.117280993953418e-05
2021-09-14,-0.004260872264622201
2021-09-15,0.008156391042974847
2021-09-16,0.0002717060769349743
2021-09-17,-0.014279585082494925
2021-09-19,-0.006807696373120108
2021-09-20,-0.01049908106701524
2021-09-21,-0.0023844609373972923
2021-09-22,0.011290336540318077
2021-09-23,0.007815182512077237
2021-09-24,0.001373782408109194
2021-09-26,0.004730881884265593
2021-09-27,-0.0144083923705886
2021-09-28,-0.0001197204904343817
2021-09-29,-0.0
2021-09-30,-0.0
2021-10-01,0.0
2021-10-03,-0.0
2021-10-04,-0.0
2021-10-05,-0.004267331119478343
2021-10-06,-0.01882343037076618
2021-10-07,0.0019327612276064709
2021-10-08,-0.006334437866897874
2021-10-10,-0.0036749677600975933
2021-10-11,-0.005258381709372004
2021-10-12,-9.327547430619946e-05
2021-10-13,-0.0
2021-10-14,-0.0
2021-10-15,0.0
2021-10-17,-0.0
2021-10-18,0.0
2021-10-19,0.0
2021-10-20,-0.0
2021-10-21,0.0
2021-10-22,-0.0
2021-10-24,-0.0
2021-10-25,0.0
2021-10-26,-0.002080836328362926
2021-10-27,0.003739489271908158
2021-10-28,0.0025496933358303336
2021-10-29,0.009195778776720204
2021-10-31,0.0010531909056202742
2021-11-01,-0.0003481890167665954
2021-11-02,0.0046464451033947085
2021-11-03,0.00959121895139071
2021-11-04,0.008427081300635538
2021-11-05,0.00023146875324713326
2021-11-07,-0.0025932645472105257
2021-11-08,0.0006578226466998154
2021-11-09,-0.006804614866873947
2021-11-10,-0.007495631680643789
2021-11-11,0.002698442563681474
2021-11-12,0.006560532759728664
2021-11-14,0.0007893525244220103
2021-11-15,-0.0011206909769859537
2021-11-16,0.0045507672173202935
2021-11-17,0.002435475092121442
2021-11-18,0.010205835890398862
2021-11-19,0.0001442344779366442
2021-11-21,0.0015519975164034617
2021-11-22,-0.011202639312072346
2021-11-23,-0.0035708528987533194
2021-11-24,0.0051511755650591705
2021-11-25,-0.00458693513932086
2021-11-26,-0.01067023028153959
2021-11-28,0.007775861518854612
2021-11-29,0.007913377400894029
2021-11-30,-0.0014916435452013899
2021-12-01,-0.018035875463710577
2021-12-02,0.0009833766861472542
2021-12-03,-0.011704192328231076
2021-12-05,0.0019664417739838303
2021-12-06,0.006314571242588503
2021-12-07,0.020522827698960147
2021-12-08,-0.00133911221892245
2021-12-09,-0.007636885262626309
2021-12-10,0.006154629575180387
2021-12-12,0.002732968223767532
2021-12-13,-0.0111893234346387
2021-12-14,-6.408926323203455e-05
2021-12-15,0.0
2021-12-16,-0.0
2021-12-17,-0.0
2021-12-19,-0.0
2021-12-20,0.0
2021-12-21,0.00599475309901309
2021-12-22,0.008537219854367074
2021-12-23,0.004346947166982516
2021-12-26,0.0011580025684266677
2021-12-27,0.007490517720122024
2021-12-28,-5.590535863916962e-05
2021-12-29,-0.0
2021-12-30,-0.0
2021-12-31,-0.0
2022-01-02,0.0
2022-01-03,0.0
2022-01-04,-0.0
2022-01-05,-0.0
2022-01-06,0.0
2022-01-07,-0.0
2022-01-09,0.0
2022-01-10,-0.0
2022-01-11,0.0
2022-01-12,0.0
2022-01-13,-0.0
2022-01-14,0.0
2022-01-16,-0.0
2022-01-17,-0.0
2022-01-18,-0.0
2022-01-19,-0.0
2022-01-20,-0.0
2022-01-21,0.0
2022-01-23,-0.0
2022-01-24,0.0
2022-01-25,-0.0001923052219322086
2022-01-26,0.009663483138611144
2022-01-27,-0.005247362495221225
2022-01-28,-0.009779452511277752
2022-01-30,-0.0024810378926504776
2022-01-31,-0.01202875740563166
2022-02-01,-0.007930016866926858
2022-02-02,0.010159945682230163
2022-02-03,0.0002760292252315541
2022-02-04,0.0033309771454195507
2022-02-06,-0.0010991683286050728
2022-02-07,0.003480691899879028
2022-02-08,-0.006726724478873671
2022-02-09,-0.005214313035609598
2022-02-10,0.01137264605556875
2022-02-11,0.009867944370157263
2022-02-13,-0.0009377995353517286
2022-02-14,-0.0003411037659596024
2022-02-15,-0.007958320717040656
2022-02-16,0.0022605147823217763
2022-02-17,0.006191245150541369
2022-02-18,0.007497266820315411
2022-02-20,-0.0011954154551151355
2022-02-21,0.011173549741023501
2022-02-22,-0.008538143263866276
2022-02-23,0.022891025185202668
2022-02-24,-0.019226769420696177
2022-02-25,-0.008077309834389802
2022-02-27,0.009401982569043803
2022-02-28,-0.01036230924522178
2022-03-01,0.0037280702008364052
2022-03-02,-0.0037003246749215454
2022-03-03,0.007356906728541996
2022-03-04,0.0027034251938957616
2022-03-06,0.004680077612089629
2022-03-07,0.008598961313515554
2022-03-08,-0.001338209926910911
2022-03-09,-0.009062304535398554
2022-03-10,0.004570126176703596
2022-03-11,0.004609201077946219
2022-03-13,-0.00016043019067291136
2022-03-14,0.0050519213015021575
2022-03-15,-0.00864745724546313
2022-03-16,-0.011760068787529417
2022-03-17,-0.001306056644697502
2022-03-18,-0.009820510478340575
2022-03-20,0.0009907756130898583
2022-03-21,0.0010915645352286968
2022-03-22,-0.007178567605596984
2022-03-23,0.002833247717273501
2022-03-24,-0.005031957190054365
2022-03-25,7.359577973717641e-05
2022-03-27,0.0009118967060060632
2022-03-28,-0.005622569522878942
2022-03-29,-3.3618767287972365e-05
2022-03-30,0.0
2022-03-31,0.0
2022-04-01,0.0
2022-04-03,0.0
2022-04-04,-0.0
2022-04-05,0.0
2022-04-06,0.0
2022-04-07,-0.0
2022-04-08,0.0
2022-04-10,0.0
2022-04-11,0.0
2022-04-12,-0.0
2022-04-13,-0.0
2022-04-14,0.0
2022-04-17,0.0
2022-04-18,-0.0
2022-04-19,-0.0
2022-04-20,-0.0
2022-04-21,0.0
2022-04-22,0.0
2022-04-24,0.0
2022-04-25,-0.0
2022-04-26,0.011635951619432983
2022-04-27,-0.0028130247997831823
2022-04-28,-0.0029237118901080934
2022-04-29,0.009323659410744716
2022-05-01,0.0001973280649299163
2022-05-02,-0.00623105451397629
2022-05-03,0.0011624499479906234
2022-05-04,-0.009546918596075238
2022-05-05,0.015533405638762552
2022-05-06,0.004410608824073155
2022-05-08,0.002091269674723281
2022-05-09,0.007342988481500869
2022-05-10,-4.3415101711482854e-05
2022-05-11,0.0
2022-05-12,-0.0
2022-05-13,-0.0
2022-05-15,0.0
2022-05-16,0.0
2022-05-17,-0.006529846122984178
2022-05-18,0.016715499094040357
2022-05-19,-0.0022825956133892262
2022-05-20,0.004744194451428828
2022-05-22,-0.0035269016620997893
2022-05-23,0.0021953237552084946
2022-05-24,0.000590991686796357
2022-05-25,-0.0017091024282703368
2022-05-26,-0.009321148901935892
2022-05-27,-0.012339472083271854
2022-05-29,-0.00225592152364625
2022-05-30,0.0006171443254222054
2022-05-31,0.0020229213459923797
2022-06-01,0.003380020475541411
2022-06-02,-0.009247989309486893
2022-06-03,0.008446083839246141
2022-06-05,-0.0016786037863091002
2022-06-06,0.0030872251854181447
2022-06-07,-0.004489391698947923
2022-06-08,0.0024339899011394115
2022-06-09,0.00763375205461049
2022-06-10,0.011574537041148008
2022-06-12,0.0061652031803456795
2022-06-13,0.007081252083494227
2022-06-14,-0.0008113826284844951
2022-06-15,-0.007500571992980998
2022-06-16,0.012766178374073697
2022-06-17,-0.0020104987040535814
2022-06-19,-0.0012699135790088742
2022-06-20,-0.002959579245219642
2022-06-21,-0.00020469375604972878
2022-06-22,-0.0016793415536063944
2022-06-23,-0.00812611543279349
2022-06-24,-0.00743265592489365
2022-06-26,-0.0019502287270451138
2022-06-27,0.004616220947146454
2022-06-28,-4.270946455507033e-05
2022-06-29,0.0
2022-06-30,0.0
2022-07-01,-0.0
2022-07-03,0.0
2022-07-04,-0.0
2022-07-05,-0.0
2022-07-06,-0.0
2022-07-07,-0.0
2022-07-08,-0.0
2022-07-10,0.0
2022-07-11,0.0
2022-07-12,0.0
2022-07-13,0.0
2022-07-14,-0.0
2022-07-15,-0.0
2022-07-17,-0.0
2022-07-18,0.0
2022-07-19,-0.0
2022-07-20,-0.0
2022-07-21,-0.0
2022-07-22,0.0
2022-07-24,0.0
2022-07-25,0.0
2022-07-26,0.0009594812466859127
2022-07-27,-0.009061975955971455
2022-07-28,-0.01025596299392166
2022-07-29,-0.0017175132499649155
2022-07-31,0.0010232497887837416
2022-08-01,0.0007395868509324065
2022-08-02,-0.00028650285689531697
2022-08-03,-0.00991616707366629
2022-08-04,0.003269036149600639
2022-08-05,-0.004618789377644432
2022-08-07,-0.00030625176317753506
2022-08-08,-0.0007510142361673001
2022-08-09,-0.005363373226390826
2022-08-10,0.012528941890566003
2022-08-11,-0.002524716303588533
2022-08-12,0.006772969468266441
2022-08-14,-0.0009246381595026796
2022-08-15,0.004082936557974527
2022-08-16,-0.0009983481902619273
2022-08-17,-0.004952120659940378
2022-08-18,0.0012815982368736593
2022-08-19,-0.007746301189340783
2022-08-21,-0.0013122425474269839
2022-08-22,-0.00896535036199124
2022-08-23,-0.003411680266507634
2022-08-24,0.004395558576521462
2022-08-25,0.006097679037156578
2022-08-26,-0.01916945427634816
2022-08-28,-0.005080421245454301
2022-08-29,0.0015482671910017163
2022-08-30,-5.628356205546824e-05
2022-08-31,0.0
2022-09-01,-0.0
2022-09-02,0.0
2022-09-04,0.0
2022-09-05,-0.0
2022-09-06,0.008661392354752233
2022-09-07,-0.011403027056456167
2022-09-08,-0.004215035957509502
2022-09-09,-0.007722156620502957
2022-09-11,-7.987486933453796e-05
2022-09-12,0.0059509924942855895
2022-09-13,-0.024340979198873177
2022-09-14,0.0033061000687101484
2022-09-15,-0.01029153502127724
2022-09-16,0.0007754075783234955
2022-09-18,-0.0017890008313147356
2022-09-19,0.005784741799255606
2022-09-20,-0.003826068386429964
2022-09-21,-0.010554682768186047
2022-09-22,-0.002092173289795911
2022-09-23,-0.005635972584775145
2022-09-25,0.0014029566230280336
2022-09-26,-0.002284580031564126
2022-09-27,0.006179137600116353
2022-09-28,-0.010554105342284681
2022-09-29,0.009494663777251156
2022-09-30,0.005045029614470298
2022-10-02,0.004191509159277387
2022-10-03,-0.014154384103639719
2022-10-04,-0.006687091399067888
2022-10-05,0.0035249840105456348
2022-10-06,-0.0042632434261572205
2022-10-07,0.014583763277214236
2022-10-09,0.001297029321869586
2022-10-10,0.004039219156387535
2022-10-11,-5.3728556057120946e-05
2022-10-12,0.0
2022-10-13,-0.0
2022-10-14,0.0
2022-10-16,-0.0
2022-10-17,-0.0
2022-10-18,-0.0
2022-10-19,0.0
2022-10-20,0.0
2022-10-21,-0.0
2022-10-23,-0.0
2022-10-24,-0.0
2022-10-25,-0.001047063001389422
2022-10-26,0.0005521288190016391
2022-10-27,0.00907146281028183
2022-10-28,-0.01300943170291112
2022-10-30,0.0008863863795870998
2022-10-31,0.0021071627424855146
2022-11-01,-4.596978055854149e-05
2022-11-02,0.0
2022-11-03,0.0
2022-11-04,-0.0
2022-11-06,0.0
2022-11-07,-0.0
2022-11-08,-0.0036392103620138862
2022-11-09,0.007200663729501816
2022-11-10,-0.02314865082842817
2022-11-11,-0.00486821508411791
2022-11-13,0.0015261849733994742
2022-11-14,-0.00046675095518692824
2022-11-15,-3.973856205392438e-05
2022-11-16,0.0
2022-11-17,0.0
2022-11-18,0.0
2022-11-20,0.0
2022-11-21,0.0
2022-11-22,-0.0
2022-11-23,-0.0
2022-11-24,-0.0
2022-11-25,0.0
2022-11-27,0.0
2022-11-28,0.0
2022-11-29,0.0
2022-11-30,-0.0
2022-12-01,0.0
2022-12-02,0.0
2022-12-04,0.0
2022-12-05,0.0
2022-12-06,0.0
2022-12-07,0.0
2022-12-08,-0.0
2022-12-09,0.0
2022-12-11,0.0
2022-12-12,-0.0
2022-12-13,-0.0
2022-12-14,0.0
2022-12-15,0.0
2022-12-16,0.0
2022-12-18,-0.0
2022-12-19,0.0
2022-12-20,-0.004124816006087981
2022-12-21,-0.004703944932129777
2022-12-22,0.008745247199875189
2022-12-23,-0.0003425669663093668
2022-12-26,-0.002798022995109945
2022-12-27,-5.0163004246483225e-05
2022-12-28,0.0
2022-12-29,-0.0
2022-12-30,-0.0
2023-01-02,0.0
2023-01-03,0.0
2023-01-04,0.0
2023-01-05,0.0
2023-01-06,-0.0
2023-01-08,-0.0
2023-01-09,0.0
2023-01-10,-0.0
2023-01-11,-0.0
2023-01-12,0.0
2023-01-13,0.0
2023-01-15,0.0
2023-01-16,-0.0
2023-01-17,0.0
2023-01-18,-0.0
2023-01-19,-0.0
2023-01-20,0.0
2023-01-22,-0.0
2023-01-23,0.0
2023-01-24,-0.004282523319499557
2023-01-25,0.0038867559524917734
2023-01-26,0.004668959536479345
2023-01-27,0.007245732205844709
2023-01-29,-0.0016278213628399788
2023-01-30,-0.008985475704520006
2023-01-31,0.006366730103822975
2023-02-01,0.015986844799013307
2023-02-02,0.0038475763358967164
2023-02-03,-0.0012289825683644163
2023-02-05,-0.001669166906576514
2023-02-06,-0.0011021339435093693
2023-02-07,0.008787183417330391
2023-02-08,-0.006953766974715556
2023-02-09,-0.006221797703922815
2023-02-10,-0.0014974027044622562
2023-02-12,-0.0020960140706958712
2023-02-13,0.008744498834688131
2023-02-14,0.0012413686492117836
2023-02-15,0.007729180817542864
2023-02-16,-0.012569978054554209
2023-02-17,-0.0007560791826403231
2023-02-19,0.000274687820880768
2023-02-20,-0.0017557820399593813
2023-02-21,-0.0076573782138992675
2023-02-22,0.0027663423086132562
2023-02-23,-0.0008587205467345474
2023-02-24,-0.006288118669728257
2023-02-26,0.0011318701146861888
2023-02-27,0.002842048544622061
2023-02-28,-6.192132267775618e-05
2023-03-01,-0.0
2023-03-02,0.0
2023-03-03,0.0
2023-03-05,0.0
2023-03-06,0.0
2023-03-07,-0.0
2023-03-08,0.0
2023-03-09,-0.0
2023-03-10,0.0
2023-03-12,0.0
2023-03-13,-0.0
2023-03-14,0.0
2023-03-15,0.0
2023-03-16,0.0
2023-03-17,-0.0
2023-03-19,0.0
2023-03-20,0.0
2023-03-21,0.006660281171714926
2023-03-22,-0.0039529346849993055
2023-03-23,0.0035943352259343573
2023-03-24,0.0016736276421447848
2023-03-26,0.0007888212951548904
2023-03-27,-0.004027572245264676
2023-03-28,-6.138035061281416e-05
2023-03-29,0.0
2023-03-30,0.0
2023-03-31,0.0
2023-04-02,-0.0
2023-04-03,0.0
2023-04-04,0.0
2023-04-05,-0.0
2023-04-06,0.0
2023-04-09,-0.0
2023-04-10,0.0
2023-04-11,-0.0
2023-04-12,-0.0
2023-04-13,0.0
2023-04-14,-0.0
2023-04-16,0.0
2023-04-17,-0.0
2023-04-18,0.0
2023-04-19,-0.0
2023-04-20,-0.0
2023-04-21,0.0
2023-04-23,-0.0
2023-04-24,-0.0
2023-04-25,-0.0013112288971866674
2023-04-26,-0.0016344240887846266
2023-04-27,0.012289882624449596
2023-04-28,0.005001496327451567
2023-04-30,0.0004472542256556012
2023-05-01,-0.0019766266915892928
2023-05-02,-0.0048239088626413785
2023-05-03,-0.001809386545679859
2023-05-04,-0.0022343548271898787
2023-05-05,0.01067957658634308
2023-05-07,0.0003022569030071641
2023-05-08,0.0009535575586980119
2023-05-09,-0.003190920805365249
2023-05-10,0.007892243469326104
2023-05-11,0.0023564481972232114
2023-05-12,-0.0038622262361845553
2023-05-14,-0.0007106671846196073
2023-05-15,0.003991908012371923
2023-05-16,0.003017743708935749
2023-05-17,0.006144274310533723
2023-05-18,0.015753224358920903
2023-05-19,-0.0040081615541555735
2023-05-21,0.000141976807114775
2023-05-22,0.004797002128991658
2023-05-23,-0.011267410086235573
2023-05-24,0.005370912136641249
2023-05-25,0.0066586331490488485
2023-05-26,0.021946363753567722
2023-05-28,0.0015852404513956183
2023-05-29,-0.0007144061755366752
2023-05-30,-7.919992258472384e-05
2023-05-31,-0.005405950460741775
2023-06-01,0.01125585539493023
2023-06-02,0.004546886430334457
2023-06-04,-0.0019483686840752654
2023-06-05,0.002462381745452596
2023-06-06,-0.0005299893608801304
2023-06-07,-0.012515297786097395
2023-06-08,0.008958842790224082
2023-06-09,0.003016383405622499
2023-06-11,0.0016320638431825546
2023-06-12,0.011811735220893628
2023-06-13,0.003925644365198864
2023-06-14,0.0040125841389200235
2023-06-15,0.007338329839995316
2023-06-16,-0.0025632075714258707
2023-06-18,0.0008606984033815928
2023-06-19,-0.002808300866760151
2023-06-20,0.0008517491159678878
2023-06-21,-0.010680209699695985
2023-06-22,0.006569260042118717
2023-06-23,-0.0041902626576970645
2023-06-25,0.0020067108871047235
2023-06-26,-0.010643954883953831
2023-06-27,-7.877985195560418e-05
2023-06-28,0.0
2023-06-29,-0.0
2023-06-30,0.0
2023-07-02,0.0
2023-07-03,0.0
2023-07-04,-0.0
2023-07-05,-0.0
2023-07-06,-0.0
2023-07-07,-0.0
2023-07-09,-0.0
2023-07-10,0.0
2023-07-11,0.0
2023-07-12,0.0
2023-07-13,0.0
2023-07-14,-0.0
2023-07-16,-0.0
2023-07-17,0.0
2023-07-18,0.0
2023-07-19,-0.0
2023-07-20,-0.0
2023-07-21,-0.0
2023-07-23,0.0
2023-07-24,0.0
2023-07-25,0.00398481512725033
2023-07-26,0.0025548867748944296
2023-07-27,-0.003290626790093613
2023-07-28,0.011295432140744287
2023-07-30,-0.0020358694472524656
2023-07-31,0.002529484155038736
2023-08-01,-0.006331599643163507
2023-08-02,-0.011761481326281367
2023-08-03,0.0021754843156164606
2023-08-04,-0.006260291779191535
2023-08-06,0.0033659979630917985
2023-08-07,0.00027724229485320454
2023-08-08,-0.0024431519455218537
2023-08-09,-0.007594903063233837
2023-08-10,-0.00029382680415956805
2023-08-11,-0.00549527679932264
2023-08-13,-0.0034835159855226626
2023-08-14,0.013316207663361165
2023-08-15,-0.00911538808023863
2023-08-16,-0.009092879340446527
2023-08-17,-0.007969583537478304
2023-08-18,-0.0004267372976321535
2023-08-20,0.0008322571903900629
2023-08-21,0.01054613016316491
2023-08-22,0.002055484800271203
2023-08-23,0.019265663334032988
2023-08-24,-0.025059064904188307
2023-08-25,0.005870699488673067
2023-08-27,0.0012775185256434212
2023-08-28,0.004175561577726876
2023-08-29,0.014641723137522156
2023-08-30,0.002280374967777161
2023-08-31,0.0016817784851403895
2023-09-01,-0.0007740098416417381
2023-09-03,0.0006948125824122531
2023-09-04,-0.0012833406350437216
2023-09-05,0.0001464736855945751
2023-09-06,-0.005350296139087158
2023-09-07,-0.0036638657339561837
2023-09-08,0.0015203844014902903
2023-09-10,0.0004214749365060834
2023-09-11,0.00580788543635378
2023-09-12,-0.007193995806630214
2023-09-13,0.00525566463983345
2023-09-14,0.004048550331300222
2023-09-15,-0.011923618700801965
2023-09-17,0.00037953294753732174
2023-09-18,0.0002056097641842779
2023-09-19,-0.002027075573924366
2023-09-20,-0.01060181657491047
2023-09-21,0.008243840453149435
2023-09-22,-0.0004429195991229462
2023-09-24,-0.001232175067786152
2023-09-25,0.0022715010946712287
2023-09-26,-6.848966497093858e-05
2023-09-27,-0.0
2023-09-28,-0.0
2023-09-29,-0.0
2023-10-01,-0.0
2023-10-02,0.0
2023-10-03,0.0
2023-10-04,-0.0
2023-10-05,0.0
2023-10-06,-0.0
2023-10-08,0.0
2023-10-09,-0.0
2023-10-10,0.0
2023-10-11,0.0
2023-10-12,-0.0
2023-10-13,-0.0
2023-10-15,-0.0
2023-10-16,-0.0
2023-10-17,0.0
2023-10-18,0.0
2023-10-19,0.0
2023-10-20,0.0
2023-10-22,-0.0
2023-10-23,-0.0
2023-10-24,-0.0022014956054784937
2023-10-25,0.019683521034553127
2023-10-26,0.00011140381710499897
2023-10-27,0.0013135619880140466
2023-10-29,-0.0029385292936953606
2023-10-30,-5.240199978281409e-05
2023-10-31,-0.005069646773169589
2023-11-01,-0.013220777390565666
2023-11-02,-0.005824691043220972
2023-11-03,-0.009488822617114753
2023-11-05,0.0003958490179672559
2023-11-06,-0.001194138261371749
2023-11-07,-0.0061628281174175925
2023-11-08,-0.0007279379984411043
2023-11-09,0.005036643534344335
2023-11-10,-0.014690528105622186
2023-11-12,-0.0036247249505683156
2023-11-13,0.002453515095203613
2023-11-14,0.01316472432548044
2023-11-15,-0.0023216700684785254
2023-11-16,0.0016659736571091436
2023-11-17,-0.00022745624268567525
2023-11-19,-0.0011228502431202294
2023-11-20,0.009402642386384892
2023-11-21,-0.0047222217565395025
2023-11-22,0.003123481564295315
2023-11-23,0.0004703935595540424
2023-11-24,-0.0015728250185261163
2023-11-26,-0.0026049486884675154
2023-11-27,0.0019770973895780644
2023-11-28,0.002880092323552908
2023-11-29,-0.0006372448122200671
2023-11-30,-0.0036755002581088775
2023-12-01,0.0029592693667004656
2023-12-03,-0.001858033403051785
2023-12-04,-0.005836432491560371
2023-12-05,0.00599978281535608
2023-12-06,-0.006135737890906793
2023-12-07,0.008199008987989483
2023-12-08,0.0026043782417584883
2023-12-10,-0.0014571458758123783
2023-12-11,0.007708929964679751
2023-12-12,0.005142178059180651
2023-12-13,0.010239243063701876
2023-12-14,-0.0033981673774401543
2023-12-15,0.0015935825271739203
2023-12-17,0.0011885019478232648
2023-12-18,0.003040502962422416
2023-12-19,0.004277271827171209
2023-12-20,-0.007428560374116816
2023-12-21,0.0029861276516883234
2023-12-22,0.0021787934464496377
2023-12-25,0.002034652914398404
2023-12-26,-6.223763586760901e-05
2023-12-27,0.0
2023-12-28,-0.0
2023-12-29,-0.0
2024-01-01,-0.0
2024-01-02,-0.0
2024-01-03,-0.0
2024-01-04,-0.0
2024-01-05,0.0
2024-01-07,-0.0
2024-01-08,0.0
2024-01-09,0.0
2024-01-10,0.0
2024-01-11,-0.0
2024-01-12,0.0
2024-01-14,0.0
2024-01-15,-0.0
2024-01-16,0.0
2024-01-17,-0.0
2024-01-18,0.0
2024-01-19,0.0
2024-01-21,0.0
2024-01-22,-0.0
2024-01-23,0.005517104833782783
2024-01-24,0.0008776001740718502
2024-01-25,-0.005144264913877874
2024-01-26,0.0009924537938622907
2024-01-28,0.0010664026252273397
2024-01-29,0.00851133111717969
2024-01-30,-0.011845924886106009
2024-01-31,-0.005529027512129857
2024-02-01,0.013501661517729972
2024-02-02,0.005356809682532898
2024-02-04,-0.001659425744927326
2024-02-05,0.0024440034988374992
2024-02-06,-0.0034282764698938626
2024-02-07,0.008602369615816903
2024-02-08,0.0007035695995699079
2024-02-09,0.007189197495493692
2024-02-11,-0.00043565952100509136
2024-02-12,-0.0036735798056749705
2024-02-13,-0.010424082524115509
2024-02-14,0.008311933305051778
2024-02-15,0.002814777277851236
2024-02-16,-0.009023537585946201
2024-02-18,0.002496258674573603
2024-02-19,-0.004161406600867386
2024-02-20,-0.0054853145374975125
2024-02-21,0.010690078464380137
2024-02-22,0.010916577513899996
2024-02-23,-0.0036196538533826536
2024-02-25,-0.00046650070954423766
2024-02-26,0.0004041165188908405
2024-02-27,0.0019472388402230307
2024-02-28,-0.0030121364424231657
2024-02-29,0.008283207052208096
2024-03-01,0.008718930455688848
2024-03-03,0.0010310471417044338
2024-03-04,-0.005702739991128579
2024-03-05,-6.903797486190252e-05
2024-03-06,-0.0
2024-03-07,0.0
2024-03-08,-0.0
2024-03-10,-0.0
2024-03-11,0.0
2024-03-12,0.006233209653547559
2024-03-13,-0.0031510669272451727
2024-03-14,-0.005005649200492481
2024-03-15,-0.00691367891678713
2024-03-17,0.002171112800930757
2024-03-18,0.0021013832582937823
2024-03-19,0.002743860743656737
2024-03-20,0.014902124485233086
2024-03-21,-0.001429553872840263
2024-03-22,0.0004889212154109082
2024-03-24,0.0006130045465316676
2024-03-25,-0.0019133381244505166
2024-03-26,-6.554321648321581e-05
2024-03-27,0.0
2024-03-28,-0.0
2024-03-31,0.0
2024-04-01,-0.0
2024-04-02,-0.0
2024-04-03,0.0
2024-04-04,-0.0
2024-04-05,0.0
2024-04-07,0.0
2024-04-08,-0.0
2024-04-09,0.0
2024-04-10,-0.0
2024-04-11,0.0
2024-04-12,-0.0
2024-04-14,0.0
2024-04-15,-0.0
2024-04-16,0.0
2024-04-17,-0.0
2024-04-18,-0.0
2024-04-19,-0.0
2024-04-21,0.0
2024-04-22,0.0
2024-04-23,0.015741188085733583
2024-04-24,-0.00929385176044471
2024-04-25,-0.011144116261646962
2024-04-26,0.0024374817197434073
2024-04-28,0.002382316483524246
2024-04-29,0.0004177419803294641
2024-04-30,-0.013825062354564042
2024-05-01,-0.0017584152585033946
2024-05-02,0.007272135643049879
2024-05-03,0.009042369441833183
2024-05-05,-0.0006541635648279311
2024-05-06,0.006048699646186331
2024-05-07,-5.480581897625432e-05
2024-05-08,-0.0
2024-05-09,0.0
2024-05-10,0.0
2024-05-12,0.0
2024-05-13,0.0
2024-05-14,0.0
2024-05-15,0.0
2024-05-16,-0.0
2024-05-17,-0.0
2024-05-19,0.0
2024-05-20,0.0
2024-05-21,0.0
2024-05-22,0.0
2024-05-23,-0.0
2024-05-24,0.0
2024-05-26,-0.0
2024-05-27,0.0
2024-05-28,-0.0
2024-05-29,-0.0
2024-05-30,-0.0
2024-05-31,0.0
2024-06-02,0.0
2024-06-03,0.0
2024-06-04,0.003286766994139117
2024-06-05,0.011896033907948567
2024-06-06,-7.655609241143929e-06
2024-06-07,-0.002066869670462121
2024-06-09,0.00041017274755697296
2024-06-10,0.0017411337363607295
2024-06-11,0.005603504337505694
2024-06-12,0.012013831831887376
2024-06-13,0.000689381373729621
2024-06-14,0.0017971870267747846
2024-06-16,0.00048415902613174256
2024-06-17,0.006909218798236367
2024-06-18,0.001280608208418663
2024-06-19,0.0013647431863863847
2024-06-20,-0.006088870935033654
2024-06-21,-0.001798883845698325
2024-06-23,-0.001971604395927232
2024-06-24,-0.005535813799466201
2024-06-25,0.0080156250106036
2024-06-26,-0.002502836816775126
2024-06-27,0.0077967079330223225
2024-06-28,-0.006454255140323929
2024-06-30,0.0015558047251819519
2024-07-01,-0.0007719600515085649
2024-07-02,-6.121941271878092e-05
2024-07-03,0.0
2024-07-04,0.0
2024-07-05,0.0
2024-07-07,-0.0
2024-07-08,0.0
2024-07-09,-0.00021961883396959646
2024-07-10,0.007275852256392115
2024-07-11,-0.019355740437473557
2024-07-12,0.004969146978590685
2024-07-14,0.0014555877432565467
2024-07-15,0.003667793322101002
2024-07-16,-0.004286108275830274
2024-07-17,-0.020540521150955157
2024-07-18,-0.003910673039412411
2024-07-19,-0.01003830813622805
2024-07-21,0.00224316014062852
2024-07-22,0.007642612870032288
2024-07-23,-6.317337683207488e-05
2024-07-24,-0.0
2024-07-25,-0.0
2024-07-26,0.0
2024-07-28,0.0
2024-07-29,-0.0
2024-07-30,0.0
2024-07-31,0.0
2024-08-01,-0.0
2024-08-02,-0.0
2024-08-04,-0.0
2024-08-05,0.0
2024-08-06,0.0003821468627308174
2024-08-07,-0.009143434666443935
2024-08-08,-0.016465541197770942
2024-08-09,0.0005290243842974835
2024-08-11,0.0010811474170416445
2024-08-12,0.000785184580001859
2024-08-13,-4.2239323590513034e-05
2024-08-14,0.0
2024-08-15,0.0
2024-08-16,-0.0
2024-08-18,0.0
2024-08-19,0.0
2024-08-20,-0.0
2024-08-21,0.0
2024-08-22,-0.0
2024-08-23,0.0
2024-08-25,0.0
2024-08-26,-0.0
2024-08-27,0.0006883861244067263
2024-08-28,-0.008751057201673238
2024-08-29,0.00536046946171792
2024-08-30,0.0031950743275812724
2024-09-01,4.724796139522324e-05
2024-09-02,-0.0010253758166766465
2024-09-03,-4.064226919099944e-05
2024-09-04,0.0
2024-09-05,-0.0
2024-09-06,-0.0
2024-09-08,-0.0
2024-09-09,-0.0
2024-09-10,-0.0028097578557600713
2024-09-11,-0.011817994088374292
2024-09-12,0.003415234234611473
2024-09-13,0.001980475750097001
2024-09-15,-0.00012619232717508934
2024-09-16,0.0019275508779368535
2024-09-17,-0.0011839990557558134
2024-09-18,-0.002616360505865789
2024-09-19,-0.004583054204127089
2024-09-20,0.00024916136877528534
2024-09-22,-0.0031793447923535523
2024-09-23,-0.0022351694799508217
2024-09-24,0.001650057910601919
2024-09-25,0.004637221904995969
2024-09-26,-0.0005941131280695086
2024-09-27,-0.001992079000340382
2024-09-29,-0.0003622590389518184
2024-09-30,0.002486663151023553
2024-10-01,-3.724630649550947e-05
2024-10-02,-0.0
2024-10-03,0.0
2024-10-04,-0.0
2024-10-06,0.0
2024-10-07,0.0
2024-10-08,-0.0
2024-10-09,-0.0
2024-10-10,0.0
2024-10-11,0.0
2024-10-13,0.0
2024-10-14,0.0
2024-10-15,-0.0
2024-10-16,0.0
2024-10-17,-0.0
2024-10-18,-0.0
2024-10-20,-0.0
2024-10-21,-0.0
2024-10-22,0.0
2024-10-23,-0.0
2024-10-24,0.0
2024-10-25,0.0
2024-10-27,0.0
2024-10-28,-0.0
2024-10-29,0.008894417337314896
2024-10-30,-0.009868588708786522
2024-10-31,-0.010352775040141017
2024-11-01,0.0030195394041335555
2024-11-03,0.0019119428173035012
2024-11-04,-0.004712236496825829
2024-11-05,0.016594463427478515
2024-11-06,0.009554110940837912
2024-11-07,0.009328716180076382
2024-11-08,0.0003975814669979454
2024-11-10,0.001652070861144059
2024-11-11,-0.0018582637152193102
2024-11-12,-0.0024625690545149194
2024-11-13,-0.00010698778795863542
2024-11-14,-0.007053654033768277
2024-11-15,-0.013533356199760024
2024-11-17,0.0051914556388482
2024-11-18,0.0010771394486871811
2024-11-19,0.00427536774765072
2024-11-20,-0.0040254766848014335
2024-11-21,0.004882181653939807
2024-11-22,0.0017348855308311217
2024-11-24,0.0040676359519688215
2024-11-25,-0.0021593814587065677
2024-11-26,0.0022644311930020058
2024-11-27,-0.0035499558058997246
2024-11-28,0.002882630987898552
2024-11-29,0.002006028406395473
2024-12-01,-0.0010533090438723121
2024-12-02,0.009663732818221981
2024-12-03,0.004676023894700639
2024-12-04,0.005570501881803554
2024-12-05,-0.0011279451814303525
2024-12-06,0.006071795384058673
2024-12-08,-0.00013701571316652365
2024-12-09,-0.005762510631617302
2024-12-10,-0.0013408277349393784
2024-12-11,0.012076524132555463
2024-12-12,-0.0011345765471338415
2024-12-13,0.0019101077651597462
2024-12-15,0.0011117855295282883
2024-12-16,0.010940361041392245
2024-12-17,-0.0028312580567253238
2024-12-18,-0.028609764231148454
2024-12-19,-0.006607169291732096
2024-12-20,0.009985398286968766
2024-12-22,0.004160079069240082
2024-12-23,0.001657528054214405
2024-12-24,0.009224134804996786
2024-12-25,0.001208466026685692
2024-12-26,-0.003616592631826379
2024-12-27,-0.00633607378703384
2024-12-29,-0.001027695417389325
2024-12-30,-0.00806934613453655
2024-12-31,-4.886188668154664e-05
2025-01-01,0.0
2025-01-02,-0.0
2025-01-03,0.0
2025-01-05,0.0
2025-01-06,0.0
2025-01-07,-0.0
2025-01-08,-0.0
2025-01-09,-0.0
2025-01-10,-0.0
2025-01-12,-0.0
2025-01-13,0.0
2025-01-14,-0.0
2025-01-15,0.0
2025-01-16,-0.0
2025-01-17,0.0
2025-01-19,-0.0
2025-01-20,0.0
2025-01-21,0.0
2025-01-22,0.0
2025-01-23,0.0
2025-01-24,-0.0
2025-01-26,-0.0
2025-01-27,-0.0
2025-01-28,0.009177452045381961
2025-01-29,0.0019859773259715036
2025-01-30,0.0022350328014624685
2025-01-31,-0.004742801558596638
2025-02-02,-0.016572161326584064
2025-02-03,0.012703266979362315
2025-02-04,0.003173559728037159
2025-02-05,0.0067473310803624325
2025-02-06,0.0016077419278065755
2025-02-07,-0.0071457105744243575
2025-02-09,0.0025716129978264305
2025-02-10,0.002657707426408092
2025-02-11,4.0706013155895955e-05
2025-02-12,0.0034835101898360757
2025-02-13,0.006429579208416054
2025-02-14,0.0020446465435716983
2025-02-16,0.0016707845906487621
2025-02-17,-0.00014351091442966023
2025-02-18,-7.993893976761828e-05
2025-02-19,-0.0024764373488485223
2025-02-20,-0.0011288583610433755
2025-02-21,-0.011857904347449471
2025-02-23,0.002463095684285474
2025-02-24,-0.009401074780632375
2025-02-25,-0.0045160710494428595
2025-02-26,-0.0020585896389104744
2025-02-27,-0.016595759980393622
2025-02-28,-0.008509967276224219
2025-03-02,0.0015119011631338464
2025-03-03,-0.012333976496517731
2025-03-04,-0.0003333091673858767
2025-03-05,-0.003092261860540015
2025-03-06,0.013274036236957283
2025-03-07,-0.0008579662507747236
2025-03-09,0.002414392308166186
2025-03-10,0.020385881593829147
2025-03-11,-0.0005381711774427537
2025-03-12,-0.0021234294660724866
2025-03-13,0.0018193657271305384
2025-03-14,-0.005970432071143018
2025-03-16,0.0021152235280247253
2025-03-17,-0.004328771145450212
2025-03-18,0.004847214881999116
2025-03-19,-0.009125566653897608
2025-03-20,0.0053899839327354974
2025-03-21,-0.0022039901180518806
2025-03-23,-0.004215097212546742
2025-03-24,-0.006410182762054104
2025-03-25,-0.0039736871155119004
2025-03-26,0.00924063113926779
2025-03-27,0.003851537371710977
2025-03-28,0.01587532665834296
2025-03-30,0.0051512669421247045
2025-03-31,-0.004457654685958487
2025-04-01,-4.4619359515616585e-05
2025-04-02,0.0
2025-04-03,0.0
2025-04-04,0.0
2025-04-06,0.0
2025-04-07,-0.0
2025-04-08,0.0
2025-04-09,-0.0
2025-04-10,0.0
2025-04-11,-0.0
2025-04-13,-0.0
2025-04-14,0.0
2025-04-15,0.0
2025-04-16,0.0
2025-04-17,0.0
2025-04-20,0.0
2025-04-21,0.0
2025-04-22,-0.0
2025-04-23,-0.0
2025-04-24,-0.0
2025-04-25,-0.0
2025-04-27,0.0
2025-04-28,-0.0
2025-04-29,0.0007929510461029185
2025-04-30,-0.005347952924256724
2025-05-01,-0.000620721631595666
2025-05-02,-0.003075913114297979
2025-05-04,0.0021079214924614484
2025-05-05,0.0009275043976370042
2025-05-06,-0.0005612891467986072
2025-05-07,-0.001329125734541845
2025-05-08,-0.0007339107692727221
2025-05-09,0.00023819619129858175
2025-05-11,-0.0050193150746916
2025-05-12,-0.0042092127454672005
2025-05-13,-0.004891930742510564
2025-05-14,-0.001581071920424786
2025-05-15,2.9393659632764166e-05
2025-05-16,-0.0011234619730983509
2025-05-18,0.002740342881589807
2025-05-19,-0.0023102084717149182
2025-05-20,0.0008526311870471483
2025-05-21,0.0026714692161094004
2025-05-22,-0.00041579835027561254
2025-05-23,0.0028021759106605553
2025-05-25,-0.0030425485094784524
2025-05-26,0.00012299937573478364
2025-05-27,-0.00342221635966707
2025-05-28,-0.003947843803542895
2025-05-29,-0.005064295695744439
2025-05-30,-0.00022756309551153072
2025-06-01,-0.0013283992600016208
2025-06-02,0.0024959029006756
2025-06-03,0.0024850595457193716
2025-06-04,0.0008727642345861757
2025-06-05,-0.0017921869598577522
2025-06-06,0.0025209346060628447
2025-06-08,-0.0006710868242993222
2025-06-09,0.0025387957605402405
2025-06-10,-0.0006095236566839459
2025-06-11,-0.001289908608017376
2025-06-12,-0.0029990044117352366
2025-06-13,0.001831017934244341
2025-06-15,0.0003324302440836318
2025-06-16,0.002428120671609928
2025-06-17,-2.1154079836514767e-05
2025-06-18,-0.0
2025-06-19,0.0
2025-06-20,-0.0
2025-06-22,-0.0
2025-06-23,0.0
2025-06-24,0.004198093185998336
2025-06-25,0.001871016591050524
2025-06-26,0.005750556199640419
2025-06-27,0.0010665786587137705
2025-06-29,0.0031582623744707823
2025-06-30,0.0005553972900011038
2025-07-01,-4.2484995992981444e-05
2025-07-02,0.0
2025-07-03,0.0
2025-07-04,-0.0
2025-07-06,0.0
2025-07-07,-0.0
2025-07-08,-0.0
2025-07-09,0.0
2025-07-10,-0.0
2025-07-11,-0.0
2025-07-13,-0.0
2025-07-14,0.0
2025-07-15,-0.0
2025-07-16,0.0
2025-07-17,0.0
2025-07-18,-0.0
2025-07-20,0.0
2025-07-21,0.0
2025-07-22,-0.0
2025-07-23,0.0
2025-07-24,0.0
2025-07-25,0.0
2025-07-27,0.0
2025-07-28,-0.0
2025-07-29,-0.0017110075091177723
2025-07-30,0.011090358216161222
2025-07-31,-0.01655073028248707
2025-08-01,-0.01509499076769273
2025-08-03,0.00303027754388754
2025-08-04,0.012685103127456267
2025-08-05,-0.0059864436629809845
2025-08-06,0.01126980339672932
2025-08-07,0.003275231277682317
2025-08-08,0.006630445892829835
2025-08-10,-0.0003054545375755919
2025-08-11,-0.003617541249578992
2025-08-12,0.010493592024126669
2025-08-13,-4.8149568851216216e-05
2025-08-14,-0.0005932238146558729
2025-08-15,-0.003736078120613076
2025-08-17,0.0024423766235539966
2025-08-18,-0.0039038126101317
2025-08-19,-0.013209531675460935
2025-08-20,-0.001246517558905196
2025-08-21,-0.00497877787327968
2025-08-22,0.013333762649546192
2025-08-24,-0.0017807406066415717
2025-08-25,-0.00244693508907408
2025-08-26,0.005700683404286762
2025-08-27,-0.0018212777203646105
2025-08-28,0.006166682998993877
2025-08-29,-0.008694564036968269
2025-08-31,0.0001228464481465545
2025-09-01,-0.00136890956296209
2025-09-02,-0.0037634392663041583
2025-09-03,0.005916367207087194
2025-09-04,0.009522309460872224
2025-09-05,-0.002194303368994549
2025-09-07,0.0024550685062314213
2025-09-08,0.0031755983164498793
2025-09-09,0.0031207241042785295
2025-09-10,4.626774260962177e-06
2025-09-11,0.003666353836843311
2025-09-12,0.0038001598961419593
2025-09-14,0.00039234380794376774
2025-09-15,0.007661967560921651
2025-09-16,-5.8028787987966775e-05
2025-09-17,0.0
2025-09-18,0.0
2025-09-19,0.0
2025-09-21,-0.0
2025-09-22,0.0
2025-09-23,-0.0058110889774743435
2025-09-24,-0.0014426257889120562
2025-09-25,-0.006233671649647036
2025-09-26,0.0050293152266232925
2025-09-28,0.0024699537943655594
2025-09-29,0.001409428014913853
2025-09-30,-5.703713176939404e-05
2025-10-01,0.0
2025-10-02,0.0
2025-10-03,-0.0
2025-10-05,0.0
2025-10-06,0.0
2025-10-07,-0.0
2025-10-08,0.0
2025-10-09,0.0
2025-10-10,-0.0
2025-10-12,0.0
2025-10-13,0.0
2025-10-14,-0.0
2025-10-15,0.0
2025-10-16,-0.0
2025-10-17,0.0
2025-10-19,0.0
2025-10-20,0.0
2025-10-21,-0.0
2025-10-22,-0.0
2025-10-23,0.0
2025-10-24,0.0
2025-10-26,0.0
2025-10-27,0.0
2025-10-28,0.007942017125781787
2025-10-29,0.004200504524991054
2025-10-30,-0.005600341606457142
2025-10-31,-0.006457505709789554
2025-11-02,0.003254631128602659
2025-11-03,-0.004969614705337965
2025-11-04,-0.014366367647488444
2025-11-05,0.008517384544123194
2025-11-06,-0.014473938542125593
2025-11-07,-0.0013832551875327776
2025-11-09,0.00803129608012153
2025-11-10,0.006738653125138843
2025-11-11,0.0006767284102874794
2025-11-12,-0.0007820572277721325
2025-11-13,-0.018795581697053202
2025-11-14,0.002805498218068281
2025-11-16,0.004062095042909769
2025-11-17,-0.014988325805940473
2025-11-18,-0.00554340870224179
2025-11-19,0.017899003722712883
2025-11-20,-0.024888932198260348
2025-11-21,0.003512877913762579
2025-11-23,0.002996793468775677
2025-11-24,0.010873654949021733
2025-11-25,0.005231196512892792
2025-11-26,0.003318106777940491
2025-11-27,0.0006191043801656017
2025-11-28,0.002756690827437085
2025-11-30,-0.005087832619507219
2025-12-01,0.003031351839470889
2025-12-02,0.006105780267400879
2025-12-03,-0.0003616667128124157
2025-12-04,0.0015758707772840015
2025-12-05,0.0004880916448904145
2025-12-07,0.0013989458875819153
2025-12-08,-0.0022311723681787813
2025-12-09,0.00019638631732875745
2025-12-10,-0.003797084412415651
2025-12-11,0.0033348522047315617
2025-12-12,-0.009187585471177859
2025-12-14,0.0011462679756694336
2025-12-15,-0.007478643363320714
2025-12-16,0.003516468238693207
2025-12-17,-0.00646709199479101
2025-12-18,0.006635535251963129
2025-12-19,0.005572045772815408
2025-12-21,0.0021785674466531964
2025-12-22,0.00029693528426214303
2025-12-23,0.0021587974782350068
2025-12-24,0.0019212270397816842
2025-12-25,0.0003559687902600119
2025-12-26,-0.0001882963855369006
2025-12-28,-0.00023048308646554465
2025-12-29,-0.002285828056332348
2025-12-30,-3.6011579020504427e-05
2025-12-31,-0.0
2026-01-01,0.0
2026-01-02,-0.0
2026-01-04,0.0
2026-01-05,0.0
2026-01-06,0.0
2026-01-07,-0.0
2026-01-08,-0.0
2026-01-09,0.0
2026-01-11,-0.0
2026-01-12,0.0
2026-01-13,-0.0
2026-01-14,-0.0
2026-01-15,0.0
2026-01-16,-0.0
2026-01-18,-0.0
2026-01-19,0.0
2026-01-20,-0.0
2026-01-21,0.0
2026-01-22,0.0
2026-01-23,0.0
2026-01-25,-0.0
2026-01-26,0.0
2026-01-27,0.005604721311830431
2026-01-28,0.00024089509555709254
2026-01-29,-0.009368475415754531
2026-01-30,0.006325798284328675
2026-02-01,0.009552843255376954
2026-02-02,-0.01986718981598637
2026-02-03,-5.014779071822919e-05
2026-02-04,0.0
2026-02-05,0.0
2026-02-06,-0.0
2026-02-08,-0.0
2026-02-09,-0.0
2026-02-10,-0.0
2026-02-11,-0.0
2026-02-12,0.0
2026-02-13,-0.0
2026-02-15,-0.0
2026-02-16,0.0
2026-02-17,-0.0
2026-02-18,-0.0
2026-02-19,-0.0
2026-02-20,0.0
2026-02-22,0.0
2026-02-23,0.0
2026-02-24,0.004424384904174045
2026-02-25,0.0064008729837449685
2026-02-26,-0.006834452558353418
2026-02-27,0.0011771908297237058
2026-03-01,0.005451283733665261
2026-03-02,-0.0013926166743878623
2026-03-03,0.005700829563928645
2026-03-04,-0.013357947102728567
2026-03-05,-0.0002703608882262598
2026-03-06,0.011020076177333733
2026-03-08,0.013676420100982637
2026-03-09,-0.01905449518751702
2026-03-10,-0.005059471664577976
2026-03-11,0.008198423429983224
2026-03-12,0.00216010740066501
2026-03-13,0.00562325682148875
2026-03-15,-0.0037015337551684177
2026-03-16,-0.0010735587380025515
2026-03-17,-0.0073060516786370945
2026-03-18,0.009756293330919964
2026-03-19,0.0010364771237449518
2026-03-20,0.009714381825204453
2026-03-22,0.004043377561760922
2026-03-23,-0.0068082410585728935
2026-03-24,-0.0023169024938043486
2026-03-25,3.779179715074966e-05
2026-03-26,0.009764657753111987
2026-03-27,0.012754959691017703
2026-03-29,0.0005331895090797919
2026-03-30,-0.0019513183619268544
2026-03-31,-3.322578992915179e-05
2026-04-01,0.0
2026-04-02,-0.0
2026-04-05,-0.0
2026-04-06,0.0
2026-04-07,-0.0
2026-04-08,0.0
2026-04-09,-0.0
2026-04-10,-0.0
2026-04-12,0.0
2026-04-13,-0.0
2026-04-14,-0.0
2026-04-15,0.0
2026-04-16,0.0
2026-04-17,0.0
2026-04-19,-0.0
2026-04-20,0.0
2026-04-21,0.0
2026-04-22,0.0
2026-04-23,0.0
2026-04-24,0.0
2026-04-26,0.0
2026-04-27,-0.0
2026-04-28,-0.002296723279513201
2026-04-29,0.0029007521075027683
2026-04-30,0.0039873675684268615
2026-05-01,0.003271584134876065
2026-05-03,0.0020190762972021508
2026-05-04,-0.0019715437519965194
2026-05-05,0.008431978851995375
2026-05-06,0.0069764170591284
2026-05-07,0.0011127273125676968
2026-05-08,0.010198355051302177
2026-05-10,-3.415748071558609e-05
2026-05-11,0.00041297019710602294
2026-05-12,-0.002257674650358904
2026-05-13,0.006057654673814425
2026-05-14,-7.91278985983069e-06
2026-05-15,-0.0071531703352209495
2026-05-17,-0.0023912456138065782
2026-05-18,-0.0006629143961480957
2026-05-19,-0.0015031483164549342
2026-05-20,0.008460305832237185
2026-05-21,0.004228869921898679
2026-05-22,0.00033269135050108977
2026-05-24,0.007434965243392974
2026-05-25,-0.002551620818767492
2026-05-26,0.0060075832505067425
2026-05-27,-0.002986061612917914
2026-05-28,0.004831086213499006
2026-05-29,0.00311814210597089
2026-05-31,0.0029947378146563254
2026-06-01,-0.0032679787575062755
2026-06-02,0.006142353942831274
2026-06-03,-0.005408065506678262
2026-06-04,-0.0038726740483657793
2026-06-05,-0.026714791622585162
2026-06-07,0.006902010575987324
2026-06-08,0.005726887993396293
2026-06-09,-0.010003140076977227
2026-06-10,-0.005990568331686878
2026-06-11,0.01748334188589859
2026-06-12,0.0026771209747533903
2026-06-14,0.008442785707233306
2026-06-15,0.004877432635093434
2026-06-16,-0.0059731485896043265
2026-06-17,-0.00047050345360606356
2026-06-18,0.003622683446845899
2026-06-19,0.0009931557036996904
2026-06-21,-0.0011285775668373583
2026-06-22,-0.0032127304807168956
2026-06-23,-0.014085142546379343
2026-06-24,0.006699855082365499
2026-06-25,-0.013240153542615377
2026-06-26,0.0013372100254007225
