ts,ret
2011-02-18,-0.0
2011-02-20,-0.0
2011-02-21,-0.0
2011-02-22,-0.0
2011-02-23,-0.00805066066009514
2011-02-24,0.0032901718304390723
2011-02-25,0.011171692516334647
2011-02-27,-0.001618104383316273
2011-02-28,0.004831323880689345
2011-03-01,-0.0006237488897573686
2011-03-02,0.008552147360466274
2011-03-03,0.01549837320422194
2011-03-04,-0.004574468998179306
2011-03-06,-0.003566864085390952
2011-03-07,-0.005314892426337992
2011-03-08,-0.0017466323414451097
2011-03-09,-0.01056063972185253
2011-03-10,-0.003465634198523049
2011-03-11,0.005104677251514804
2011-03-13,-0.0005326131949639998
2011-03-14,-0.0
2011-03-15,-0.0
2011-03-16,-0.0
2011-03-17,-0.0
2011-03-18,-0.0
2011-03-20,0.004010459707878547
2011-03-21,0.006480880746799491
2011-03-22,-0.0005152018537483447
2011-03-23,0.0
2011-03-24,0.016023864193641987
2011-03-25,-0.0006058778747169842
2011-03-27,0.000798084906989541
2011-03-28,-0.007403870244358913
2011-03-29,-0.00046919807476062753
2011-03-30,0.0
2011-03-31,0.0
2011-04-01,-0.0
2011-04-03,-0.00033280566878095014
2011-04-04,-0.0003717801099844094
2011-04-05,-0.0025583364480869864
2011-04-06,-0.0008290026283043503
2011-04-07,0.002344227152704153
2011-04-08,-0.004445443828600644
2011-04-10,-0.000489499290736624
2011-04-11,-0.0
2011-04-12,0.0
2011-04-13,0.002572157155469489
2011-04-14,-0.001460632526669269
2011-04-15,0.002523069609702059
2011-04-17,-0.0005258845694346635
2011-04-18,-0.0
2011-04-19,-0.015718153340834668
2011-04-20,-0.0005024622282630208
2011-04-21,-0.0016598651964181998
2011-04-24,-0.00045752550989027824
2011-04-25,-0.0
2011-04-26,0.0
2011-04-27,0.0
2011-04-28,-0.0
2011-04-29,0.0
2011-05-01,0.0
2011-05-02,-0.0
2011-05-03,-0.0046010452524126826
2011-05-04,0.0024141121730160793
2011-05-05,-0.003382071074634467
2011-05-06,-0.001065830313634943
2011-05-08,0.0032692312753022164
2011-05-09,0.00013755257420654268
2011-05-10,0.00737716404938794
2011-05-11,-0.00689155344458737
2011-05-12,0.004619097021937911
2011-05-13,-0.009210681353785322
2011-05-15,-0.002669605889521639
2011-05-16,-0.009636187204978284
2011-05-17,-0.006016891880987712
2011-05-18,-0.005369336433441354
2011-05-19,-0.0004859434315363325
2011-05-20,0.0
2011-05-22,0.0
2011-05-23,0.0
2011-05-24,0.0
2011-05-25,-0.0
2011-05-26,-0.0
2011-05-27,-0.0
2011-05-29,0.0
2011-05-30,0.0
2011-05-31,0.0
2011-06-01,-0.0
2011-06-02,-0.0010750298987883494
2011-06-03,0.010067923844905333
2011-06-05,-0.0008001076391428136
2011-06-06,0.004849607704407676
2011-06-07,-0.0005122384407334554
2011-06-08,0.0
2011-06-09,0.0011828651288611658
2011-06-10,-0.0005365476955547209
2011-06-12,-0.0
2011-06-13,-0.0
2011-06-14,-0.0
2011-06-15,0.0
2011-06-16,0.0
2011-06-17,0.0
2011-06-19,0.0008494456502724954
2011-06-20,-0.004957179885288451
2011-06-21,-0.0131746998478458
2011-06-22,-0.00610339271219287
2011-06-23,-0.008949167144984376
2011-06-24,0.013270492538880308
2011-06-26,0.0016931585768276834
2011-06-27,-0.016718106560505236
2011-06-28,-0.007026915772917335
2011-06-29,-0.003953704390474852
2011-06-30,-0.006102570129938615
2011-07-01,-0.00044232642646303626
2011-07-03,0.0010057161158474677
2011-07-04,0.0004832953273298339
2011-07-05,0.003312056338840251
2011-07-06,0.00399061549253355
2011-07-07,0.007687995472260235
2011-07-08,-0.00044115731912108504
2011-07-10,-0.0036751922154527094
2011-07-11,-0.013056776604325308
2011-07-12,0.00019443940684483367
2011-07-13,-0.0025906973883220285
2011-07-14,-0.0004420069022443239
2011-07-15,0.0018809547222545275
2011-07-17,-0.00044271176283794156
2011-07-18,-0.0
2011-07-19,0.0
2011-07-20,-0.00917317602320382
2011-07-21,-0.0004105987025560287
2011-07-22,0.00393149627231264
2011-07-24,-0.0004020704656828319
2011-07-25,0.0
2011-07-26,0.0
2011-07-27,-0.0
2011-07-28,0.0018645706057570334
2011-07-29,-0.0018400543801194325
2011-07-31,-0.0070125863624943205
2011-08-01,0.010734091536752265
2011-08-02,0.013460953843260393
2011-08-03,-0.0054116325860353465
2011-08-04,0.023980335260355083
2011-08-05,0.0042272806725103355
2011-08-07,0.010955304802671975
2011-08-08,0.033934876539367276
2011-08-09,-0.033148205989491523
2011-08-10,0.005951568273438993
2011-08-11,-0.004668593805780064
2011-08-12,-0.004655882738117944
2011-08-14,-0.0002444851771599168
2011-08-15,-0.0
2011-08-16,0.0
2011-08-17,0.0
2011-08-18,0.0
2011-08-19,0.00449240339982455
2011-08-21,-0.00025091546341731027
2011-08-22,-0.0
2011-08-23,-0.0
2011-08-24,-0.0
2011-08-25,0.0
2011-08-26,-0.0
2011-08-28,-0.0
2011-08-29,-0.0
2011-08-30,-0.0
2011-08-31,-0.0
2011-09-01,0.0
2011-09-02,0.0
2011-09-04,0.0
2011-09-05,0.0
2011-09-06,-0.0
2011-09-07,-0.0064810494172750244
2011-09-08,-0.00022370371328680704
2011-09-09,0.0
2011-09-11,0.0
2011-09-12,-0.0
2011-09-13,-0.0
2011-09-14,-0.0
2011-09-15,0.0
2011-09-16,0.0
2011-09-18,-0.004378796961037964
2011-09-19,0.0016975602091508476
2011-09-20,0.0019924679831200462
2011-09-21,-0.009051139646344054
2011-09-22,-0.005498683495533442
2011-09-23,-0.002064702602569109
2011-09-25,-0.0003978093782141436
2011-09-26,-0.0035419239038729645
2011-09-27,0.0008829787777331962
2011-09-28,-0.0033896950139483705
2011-09-29,0.004158194114771914
2011-09-30,0.008030902032874324
2011-10-02,0.0004112839754959618
2011-10-03,0.006601432740119048
2011-10-04,-0.005310579102977023
2011-10-05,-0.006343276865934232
2011-10-06,-0.006544657783809574
2011-10-07,6.293057827427464e-05
2011-10-09,-0.0002089440769072284
2011-10-10,-0.0
2011-10-11,-0.0
2011-10-12,-0.0
2011-10-13,-0.0
2011-10-14,-0.0
2011-10-16,0.0
2011-10-17,-0.0
2011-10-18,-0.0
2011-10-19,0.0043656054711517294
2011-10-20,-0.00028020966036895674
2011-10-21,-0.004526953842004878
2011-10-23,-0.00028077774602733156
2011-10-24,-0.0
2011-10-25,0.0
2011-10-26,-0.0
2011-10-27,-0.0
2011-10-28,-0.0019888218209937296
2011-10-30,-0.00029048327537519966
2011-10-31,-0.0
2011-11-01,0.0
2011-11-02,0.0016451762008295838
2011-11-03,-0.00029382154585539267
2011-11-04,-0.0011277860659214044
2011-11-06,-0.00028739962028480543
2011-11-07,0.0
2011-11-08,0.0
2011-11-09,-0.0
2011-11-10,0.0012715914914004846
2011-11-11,0.005321327168613134
2011-11-13,-0.00028799300725071934
2011-11-14,-0.0
2011-11-15,0.0
2011-11-16,-0.0
2011-11-17,-0.011670324173804088
2011-11-18,-0.0029845621153765847
2011-11-20,-0.0003099541587584804
2011-11-21,-0.0
2011-11-22,-0.006391379274235071
2011-11-23,-0.0003319374608897876
2011-11-24,-0.0
2011-11-25,-0.0
2011-11-27,0.0
2011-11-28,0.0
2011-11-29,-0.004084731636799345
2011-11-30,0.020401881429539633
2011-12-01,0.002563433669561674
2011-12-02,-0.00029833616590562584
2011-12-04,0.0
2011-12-05,-0.0
2011-12-06,0.0
2011-12-07,-0.0
2011-12-08,-0.00817777314403975
2011-12-09,-0.00030192217711153105
2011-12-11,-0.0
2011-12-12,-0.0
2011-12-13,-0.0
2011-12-14,-0.0
2011-12-15,0.0
2011-12-16,-0.0
2011-12-18,0.0025258746878825257
2011-12-19,-0.0008047988830226386
2011-12-20,-0.0003292009479493263
2011-12-21,0.006683022404678816
2011-12-22,-0.007355623418376395
2011-12-23,-0.00032551417208562765
2011-12-27,-0.0
2011-12-28,-0.0
2011-12-29,0.0
2011-12-30,-0.0
2012-01-03,0.0
2012-01-04,0.0016537422537162897
2012-01-05,0.0020069049341002003
2012-01-06,0.0038423604847279548
2012-01-08,-0.0018476922406444416
2012-01-09,0.0029479743119441037
2012-01-10,-0.0007946366086276504
2012-01-11,0.0019145769577015405
2012-01-12,0.003409088688790381
2012-01-13,-0.0013062666579123088
2012-01-15,-0.002602046646848646
2012-01-16,0.006370616979295681
2012-01-17,0.0013784212493887216
2012-01-18,0.005201462122762549
2012-01-19,0.0007966808153935052
2012-01-20,0.0019918193598631967
2012-01-22,-0.0003439288095489728
2012-01-23,-0.0
2012-01-24,0.006945966348361143
2012-01-25,-0.00036576725538460053
2012-01-26,-0.002653239720903741
2012-01-27,0.0015838430234907013
2012-01-29,-0.00036745874616273737
2012-01-30,0.0
2012-01-31,-0.0031655265546281742
2012-02-01,0.008150954738291048
2012-02-02,0.0002012214724883791
2012-02-03,0.0077139694139213314
2012-02-05,-0.0003758365805493907
2012-02-06,0.0
2012-02-07,0.0
2012-02-08,0.0
2012-02-09,0.0018179281820568133
2012-02-10,-0.0009715522473330095
2012-02-12,0.00305584113890001
2012-02-13,0.0005497728158006468
2012-02-14,-0.00039430678212056273
2012-02-15,-0.0
2012-02-16,0.013252047447809374
2012-02-17,-0.002282096296805297
2012-02-19,0.0037834991276552137
2012-02-20,-0.002400403539279703
2012-02-21,0.0019241291350810198
2012-02-22,-0.0004468560400627123
2012-02-23,0.0
2012-02-24,-0.001528282963600428
2012-02-26,-0.0004735535433773608
2012-02-27,0.0
2012-02-28,0.0
2012-02-29,-0.0
2012-03-01,0.0061226061631183505
2012-03-02,-0.0006829173246064267
2012-03-04,-0.000520153854658757
2012-03-05,-0.0
2012-03-06,-0.004563222393024944
2012-03-07,0.005982505376626579
2012-03-08,0.009575962769702502
2012-03-09,0.0032948268020102185
2012-03-11,-0.0005620603186325479
2012-03-12,0.0
2012-03-13,0.0
2012-03-14,0.0
2012-03-15,0.0
2012-03-16,-0.0
2012-03-18,0.0018365692833680588
2012-03-19,0.0027186444866067415
2012-03-20,0.006497012498571126
2012-03-21,-0.004796311929501293
2012-03-22,0.0013817148433421973
2012-03-23,-0.0011741688119386135
2012-03-25,0.0020474389809785306
2012-03-26,0.014967201180642938
2012-03-27,-0.00026406869596869506
2012-03-28,-0.0005576366122541553
2012-03-29,-0.0006439033651043026
2012-03-30,-0.003739966764319101
2012-04-01,0.002439579149047235
2012-04-02,0.005754313005842518
2012-04-03,-0.001961688219361387
2012-04-04,-0.011083994302159842
2012-04-05,0.0068109506479273165
2012-04-06,-0.011627637820565391
2012-04-08,-0.0003514408974749417
2012-04-09,0.00442021533172732
2012-04-10,-0.0005448180650655101
2012-04-11,0.0020349233198818932
2012-04-12,0.007035687066507698
2012-04-13,-0.01398941596123771
2012-04-15,-0.0015910319558657979
2012-04-16,-0.00757160591167613
2012-04-17,0.01760123512233139
2012-04-18,-0.0033251382689979863
2012-04-19,-0.007300550044756743
2012-04-20,-0.0024157147681583293
2012-04-22,-0.001267139799839943
2012-04-23,-0.005077147920081406
2012-04-24,0.004532287630944635
2012-04-25,-0.00048826181380449377
2012-04-26,0.0026807374938773165
2012-04-27,-0.0004974003368126764
2012-04-29,0.0
2012-04-30,-0.0
2012-05-01,-0.0
2012-05-02,0.0
2012-05-03,-0.0
2012-05-04,-0.0
2012-05-06,-0.00933124901174495
2012-05-07,0.010660093291239838
2012-05-08,-0.0004839835401642848
2012-05-09,0.00025872013371068813
2012-05-10,-0.002718194084947857
2012-05-11,0.0017774908226704592
2012-05-13,-0.00048106253912150404
2012-05-14,-0.0
2012-05-15,-0.0
2012-05-16,-0.00474583128302542
2012-05-17,-0.017517506456172848
2012-05-18,0.009990691582308033
2012-05-20,-0.003285141554644864
2012-05-21,-0.01817296042112875
2012-05-22,0.004161106965520795
2012-05-23,-0.0004387414176090826
2012-05-24,0.0027200141720512576
2012-05-25,-0.0004486242191027087
2012-05-27,-0.0
2012-05-28,0.0
2012-05-29,-0.0
2012-05-30,0.0
2012-05-31,0.003078356089074423
2012-06-01,0.016957714844219103
2012-06-03,0.004172689107907157
2012-06-04,-0.011436688891620852
2012-06-05,-0.00043014230651915923
2012-06-06,-0.0
2012-06-07,0.0
2012-06-08,-0.0
2012-06-10,-0.0
2012-06-11,0.0
2012-06-12,-0.0
2012-06-13,0.0
2012-06-14,-0.0
2012-06-15,-0.0
2012-06-17,-0.0027919133216870225
2012-06-18,-0.003143203125546562
2012-06-19,-0.00035865732557903326
2012-06-20,0.0
2012-06-21,0.011635226697062238
2012-06-22,-0.0043082240760461445
2012-06-24,0.002581937720689912
2012-06-25,0.006859915169444093
2012-06-26,-0.00036351009951484785
2012-06-27,-0.0
2012-06-28,0.0
2012-06-29,-0.014248594269400236
2012-07-01,0.0017382904903010218
2012-07-02,-0.00340526278273917
2012-07-03,-0.0003452020719513858
2012-07-04,0.0
2012-07-05,-0.0
2012-07-06,0.005934517375832913
2012-07-08,0.00073434852350918
2012-07-09,0.001906818416148949
2012-07-10,-0.00035666977557071317
2012-07-11,0.0038225798772699407
2012-07-12,0.0029858104674975678
2012-07-13,-0.006997614692524656
2012-07-15,-0.00035921595442317886
2012-07-16,-0.0
2012-07-17,-0.0
2012-07-18,-0.01175594187031971
2012-07-19,-0.00430524110314304
2012-07-20,0.008587324769861151
2012-07-22,0.0024513488375521772
2012-07-23,0.004984420873730843
2012-07-24,0.012364131810576351
2012-07-25,-0.004264244715644179
2012-07-26,-0.008479228717502927
2012-07-27,-0.013022961792154912
2012-07-29,0.001050287490307345
2012-07-30,-0.0020106010923887107
2012-07-31,-0.00034317817855302715
2012-08-01,0.0
2012-08-02,0.001905972526990297
2012-08-03,-0.011571967219504571
2012-08-05,-0.0003524118739016227
2012-08-06,-0.0
2012-08-07,0.0
2012-08-08,0.0
2012-08-09,-0.0
2012-08-10,0.0
2012-08-12,-0.0
2012-08-13,0.0
2012-08-14,-0.0
2012-08-15,0.0
2012-08-16,0.0
2012-08-17,0.0
2012-08-19,-0.0
2012-08-20,0.0
2012-08-21,-0.0
2012-08-22,0.004767569470583608
2012-08-23,-0.0064640554193063195
2012-08-24,0.0035954972021037565
2012-08-26,-0.00040228239592272257
2012-08-27,-0.0025956530651880354
2012-08-28,-0.0004054385993683382
2012-08-29,-0.0
2012-08-30,-0.0
2012-08-31,0.0
2012-09-02,-0.0006935300082483264
2012-09-03,0.0027217847730794365
2012-09-04,-0.0020359694655143336
2012-09-05,0.000406466278985481
2012-09-06,0.014309346000135798
2012-09-07,-0.0007532794918220455
2012-09-09,-0.0004184996583588108
2012-09-10,-0.0
2012-09-11,0.0
2012-09-12,0.0
2012-09-13,0.010687450215375788
2012-09-14,0.005947154174492642
2012-09-16,-0.00042443957001137597
2012-09-17,0.0
2012-09-18,0.0
2012-09-19,-0.0
2012-09-20,0.0
2012-09-21,-0.0
2012-09-23,-0.0
2012-09-24,-0.0
2012-09-25,-0.01234978797155325
2012-09-26,-0.005340845386099402
2012-09-27,0.008317634612319475
2012-09-28,-0.006469363166285194
2012-09-30,-0.0025589915479036184
2012-10-01,0.0024183354967186542
2012-10-02,0.0005688237662930151
2012-10-03,0.009592347877012809
2012-10-04,0.0007574313925046898
2012-10-05,-0.0004969162864292708
2012-10-07,-0.0023297765691532974
2012-10-08,-0.004754647744372819
2012-10-09,-0.018589468286889982
2012-10-10,-0.0016533064068550562
2012-10-11,-0.0027513020907467896
2012-10-12,-0.0016647025875207418
2012-10-14,-0.0005278071808447577
2012-10-15,0.0
2012-10-16,0.0
2012-10-17,0.004094379750092605
2012-10-18,-0.0005515019233526437
2012-10-19,-0.022872445418185654
2012-10-21,0.0015548578615316114
2012-10-22,0.005029743113066269
2012-10-23,-0.004554384928811475
2012-10-24,-0.0035057307843332107
2012-10-25,-0.006561037238397474
2012-10-26,-0.0005001099352602742
2012-10-28,-0.002188624894430173
2012-10-29,-0.0070795570562741834
2012-10-30,-0.00785181337788986
2012-10-31,-0.005837371181024913
2012-11-01,-0.015065665798664073
2012-11-02,-0.000495604491692291
2012-11-04,0.0
2012-11-05,0.0
2012-11-06,-0.0
2012-11-07,0.0
2012-11-08,0.010103797789844493
2012-11-09,0.00027368058443868576
2012-11-11,-0.0015566361243519108
2012-11-12,0.0065494678755839125
2012-11-13,-0.0004582461082871273
2012-11-14,0.0
2012-11-15,0.0027439857654774943
2012-11-16,-0.003970216195543714
2012-11-18,-0.00159359950420417
2012-11-19,-0.01260597780239463
2012-11-20,-0.0004596941858713972
2012-11-21,-0.0
2012-11-22,-0.0
2012-11-23,-0.0
2012-11-25,0.0
2012-11-26,-0.0
2012-11-27,0.0
2012-11-28,-0.0
2012-11-29,-0.0035841964108566664
2012-11-30,-0.0004245117503180844
2012-12-02,-0.0
2012-12-03,0.0
2012-12-04,-0.0
2012-12-05,0.01052200481361463
2012-12-06,-0.005504525989282863
2012-12-07,0.004920604794856602
2012-12-09,0.00010055231966394018
2012-12-10,-0.0033371765125278043
2012-12-11,-0.00042473478393436525
2012-12-12,0.0017630962069676076
2012-12-13,0.004493638602078404
2012-12-14,0.007229343248753747
2012-12-16,-0.0004276748516181092
2012-12-17,-0.0
2012-12-18,-0.0
2012-12-19,0.0
2012-12-20,0.0
2012-12-21,-0.0
2012-12-23,0.003513506704109311
2012-12-24,-0.0005092916095375912
2012-12-26,-0.0004144326076808731
2012-12-27,0.0
2012-12-28,0.009805126774210821
2012-12-30,-0.0004282740878359355
2012-12-31,-0.0
2013-01-02,-0.01930972828508574
2013-01-03,0.0026589847693775956
2013-01-04,0.0017226870621409403
2013-01-06,0.0009797369944299157
2013-01-07,-0.0008731636500829391
2013-01-08,-0.0001763146151767838
2013-01-09,-0.0033787892947510383
2013-01-10,-0.0003743337996521426
2013-01-11,-0.0013112930629741682
2013-01-13,-0.00037707998433256126
2013-01-14,-0.0
2013-01-15,-0.0019998015839947235
2013-01-16,6.15130197736312e-05
2013-01-17,-0.0003972129447024356
2013-01-18,-0.0005812025765036689
2013-01-20,-0.000396768118229724
2013-01-21,-0.0
2013-01-22,-0.0
2013-01-23,-0.010100992932406901
2013-01-24,-0.0004213292902524823
2013-01-25,0.0035734834189571738
2013-01-27,0.0005149460027622982
2013-01-28,0.0016564364882257706
2013-01-29,0.0015900898843958227
2013-01-30,-0.0032408094771650448
2013-01-31,0.001079799194265523
2013-02-01,0.006202597601617682
2013-02-03,-0.0014890064277102732
2013-02-04,-0.010770327502683351
2013-02-05,0.010807253601932083
2013-02-06,-0.0040786485065644855
2013-02-07,0.0023874467135810923
2013-02-08,0.006959728367340357
2013-02-10,-0.0004253050089658123
2013-02-11,-0.0
2013-02-12,-0.0
2013-02-13,0.0
2013-02-14,-0.0
2013-02-15,-0.0
2013-02-17,0.0
2013-02-18,0.0
2013-02-19,0.0
2013-02-20,-0.0
2013-02-21,-0.004050135764015303
2013-02-22,0.0038898370532700214
2013-02-24,-0.00044103703086416607
2013-02-25,-0.0
2013-02-26,0.0007958823139904438
2013-02-27,0.009992803020596729
2013-02-28,-0.0017812835423852659
2013-03-01,0.0027716097288503325
2013-03-03,-0.003959128645116397
2013-03-04,0.008214222747959028
2013-03-05,0.009884820360888296
2013-03-06,-0.0020570986488945156
2013-03-07,-0.0004428761108788415
2013-03-08,0.0
2013-03-10,0.0
2013-03-11,0.0
2013-03-12,-0.0
2013-03-13,-0.0
2013-03-14,0.0
2013-03-15,-0.0
2013-03-17,-0.0
2013-03-18,0.0
2013-03-19,-0.005778158746188556
2013-03-20,0.002945747899801404
2013-03-21,-0.005469544213112762
2013-03-22,0.009284434963587525
2013-03-24,-0.0005546502249337117
2013-03-25,-0.0
2013-03-26,0.004268920139120767
2013-03-27,-0.0005458784641859765
2013-03-28,0.006085926321315977
2013-03-31,-0.0005404186435830577
2013-04-01,-0.0
2013-04-02,0.0
2013-04-03,-0.009716883715857185
2013-04-04,-0.0013829689866336394
2013-04-05,-0.0054703255517069395
2013-04-07,0.00016371353011629543
2013-04-08,0.007407869086009918
2013-04-09,-0.0005393650813521554
2013-04-10,0.015511321782712554
2013-04-11,0.00020600017722865294
2013-04-12,-0.0004987116902123732
2013-04-14,-0.0
2013-04-15,-0.0
2013-04-16,0.0068561599393645815
2013-04-17,-0.013790253183461968
2013-04-18,-0.007995594514654482
2013-04-19,0.005874841551841967
2013-04-21,0.003404393267282071
2013-04-22,0.0031939152926571926
2013-04-23,-0.0004986066683047187
2013-04-24,0.0009469341276978813
2013-04-25,0.003244511702735481
2013-04-26,-0.00048783336792411247
2013-04-28,-0.0
2013-04-29,0.0
2013-04-30,0.0
2013-05-01,-0.0
2013-05-02,0.0
2013-05-03,0.0
2013-05-05,0.0
2013-05-06,0.0
2013-05-07,0.0
2013-05-08,0.0
2013-05-09,-0.0
2013-05-10,0.0
2013-05-12,-0.0
2013-05-13,0.0
2013-05-14,0.0
2013-05-15,0.0023540599395505822
2013-05-16,-0.00040559390716807394
2013-05-17,0.006707649463289473
2013-05-19,-0.00039252621490236557
2013-05-20,-0.0009353463759249683
2013-05-21,0.0006230843361735056
2013-05-22,-0.008257692892119953
2013-05-23,0.0008417380807089468
2013-05-24,-0.0017021276899755946
2013-05-26,0.0009287114771074112
2013-05-27,0.0028833826376531363
2013-05-28,-0.000579623047412874
2013-05-29,-0.0019067135890872655
2013-05-30,0.004567279705437426
2013-05-31,-0.011399233258440172
2013-06-02,0.0039047362956966085
2013-06-03,-0.002230339570082952
2013-06-04,-0.002558525076172678
2013-06-05,-0.010323063847329214
2013-06-06,0.002223525494954342
2013-06-07,0.01142602737337567
2013-06-09,0.0007169968315886401
2013-06-10,-0.000967964411996034
2013-06-11,-0.0005256708546366225
2013-06-12,-0.019645552584536326
2013-06-13,0.015476449993177412
2013-06-14,-0.00529041440150668
2013-06-16,-0.00048500566080177744
2013-06-17,0.0
2013-06-18,0.0
2013-06-19,-0.0
2013-06-20,-0.0
2013-06-21,-0.0
2013-06-23,-0.002913144799680091
2013-06-24,-0.0018751772389363286
2013-06-25,-0.0005372351001206608
2013-06-26,0.013349172266549428
2013-06-27,-0.0004792672355588228
2013-06-28,-0.0
2013-06-30,-0.0008710002536115031
2013-07-01,0.0075991196511951825
2013-07-02,-0.0004897674155608675
2013-07-03,0.0
2013-07-04,0.0
2013-07-05,-0.0
2013-07-07,0.0006262482927916137
2013-07-08,0.00014654473246543035
2013-07-09,-0.00047419857751798184
2013-07-10,0.0
2013-07-11,0.0
2013-07-12,0.0
2013-07-14,0.0
2013-07-15,0.0
2013-07-16,0.0
2013-07-17,-0.0
2013-07-18,-0.0
2013-07-19,-0.0
2013-07-21,0.0011813361526341818
2013-07-22,0.002212773750607876
2013-07-23,-0.00046454453145987324
2013-07-24,0.0
2013-07-25,0.000961201644507452
2013-07-26,0.004963464839616435
2013-07-28,-0.0004574250716315069
2013-07-29,0.0
2013-07-30,0.0039283985684433285
2013-07-31,0.002312073338109434
2013-08-01,0.006582629856246228
2013-08-02,-0.00045303492528607004
2013-08-04,-0.0
2013-08-05,-0.0
2013-08-06,-0.0
2013-08-07,0.0
2013-08-08,0.0014889560121667384
2013-08-09,-0.004632565451017099
2013-08-11,0.0003456231977604853
2013-08-12,0.0029758123943430343
2013-08-13,-0.00045621149463883617
2013-08-14,-0.006805264087806019
2013-08-15,-0.011986911446816392
2013-08-16,-0.0005078480165524705
2013-08-18,-0.000455847241199867
2013-08-19,0.0
2013-08-20,0.0006115952406448282
2013-08-21,-0.0004669284921005461
2013-08-22,0.014675668610961002
2013-08-23,-0.0004915946970251818
2013-08-25,0.0
2013-08-26,-0.0
2013-08-27,-0.0
2013-08-28,-0.00011050729760070496
2013-08-29,-0.0004802435354463952
2013-08-30,-0.005790238527073341
2013-09-01,0.005716056640225041
2013-09-02,0.004558660430746899
2013-09-03,-0.006901128606683232
2013-09-04,0.014111526003851807
2013-09-05,-0.0005349581851588122
2013-09-06,0.0
2013-09-08,0.0010447814872149965
2013-09-09,0.009914318970148921
2013-09-10,-0.0005325970326930541
2013-09-11,-0.0
2013-09-12,-0.0
2013-09-13,0.0
2013-09-15,0.0
2013-09-16,-0.0
2013-09-17,0.0
2013-09-18,0.0
2013-09-19,0.0
2013-09-20,-0.0
2013-09-22,0.00044148619047393767
2013-09-23,-0.004790579721242538
2013-09-24,0.003343357864947781
2013-09-25,-0.0005160375528075618
2013-09-26,0.005521811036614246
2013-09-27,-0.0017660461198967903
2013-09-29,-0.0047211992338779514
2013-09-30,0.004388307137919782
2013-10-01,0.007299309327456862
2013-10-02,-0.0030102395136992776
2013-10-03,-0.008882934087374063
2013-10-04,0.008693350956376961
2013-10-06,-0.004939835308090535
2013-10-07,-0.00400854794125133
2013-10-08,-0.014703066716190047
2013-10-09,-0.005781099715866502
2013-10-10,0.018459480940555464
2013-10-11,0.007866395493228413
2013-10-13,-0.0004475455139811997
2013-10-14,0.0
2013-10-15,-0.0
2013-10-16,0.0031836760911928856
2013-10-17,-0.00041671285462787565
2013-10-18,0.0
2013-10-20,-0.0
2013-10-21,0.0
2013-10-22,0.0
2013-10-23,-0.002051742534511314
2013-10-24,-0.00039445754961990863
2013-10-25,0.0
2013-10-27,0.0
2013-10-28,-0.0
2013-10-29,0.0
2013-10-30,-0.0
2013-10-31,0.00022136486010606145
2013-11-01,-0.0016355558985399763
2013-11-03,-0.00042006252986917877
2013-11-04,0.0
2013-11-05,0.0
2013-11-06,-0.0
2013-11-07,-0.0
2013-11-08,0.008640858044423121
2013-11-10,-0.0013802920866595675
2013-11-11,0.00019683413631192885
2013-11-12,-0.00042710682615091023
2013-11-13,0.0
2013-11-14,0.004404986252448115
2013-11-15,-0.000420277158193769
2013-11-17,-0.0
2013-11-18,-0.0
2013-11-19,-0.0
2013-11-20,-0.004787896561389816
2013-11-21,0.01021895220792021
2013-11-22,-0.00041459314794979954
2013-11-24,0.0
2013-11-25,0.0
2013-11-26,0.0
2013-11-27,0.0
2013-11-28,0.0
2013-11-29,0.0
2013-12-01,0.0
2013-12-02,-0.0
2013-12-03,-0.0021637506120625967
2013-12-04,0.0009323422815206737
2013-12-05,0.0003325496571737925
2013-12-06,0.006094150995665839
2013-12-08,0.0015243773241584938
2013-12-09,0.0030644502453280767
2013-12-10,-0.0004317006085160852
2013-12-11,-0.0
2013-12-12,0.000164952207121055
2013-12-13,-0.002732178920474619
2013-12-15,-0.0004338881493761186
2013-12-16,0.0
2013-12-17,-0.0
2013-12-18,0.0
2013-12-19,-0.0
2013-12-20,0.0
2013-12-22,0.0
2013-12-23,0.0
2013-12-24,0.0
2013-12-26,0.0
2013-12-27,-0.0
2013-12-29,0.0
2013-12-30,-0.0
2013-12-31,0.0
2014-01-01,0.0
2014-01-02,-0.0
2014-01-03,-0.009417793417351788
2014-01-05,0.0014180954442709055
2014-01-06,-0.0029175907871889658
2014-01-07,0.008527133135587693
2014-01-08,0.0044351459549831955
2014-01-09,-0.003727651790889046
2014-01-10,0.003051416831441953
2014-01-12,-0.002965367028429152
2014-01-13,-0.014219661148802562
2014-01-14,0.019560930537942584
2014-01-15,0.00848521943991057
2014-01-16,-0.001161691077514802
2014-01-17,-0.0004438673273063086
2014-01-19,-0.0006135705184387117
2014-01-20,0.006773988531869285
2014-01-21,0.002039058441683616
2014-01-22,-0.0004710508572980285
2014-01-23,-0.0
2014-01-24,-0.025261318834699245
2014-01-26,0.0021633367205637706
2014-01-27,-0.015705551120559418
2014-01-28,0.010849723976968572
2014-01-29,-0.009359353367462478
2014-01-30,0.006281207341066965
2014-01-31,0.0015424029565123134
2014-02-02,0.0014676668378403384
2014-02-03,-0.020232079975439073
2014-02-04,0.00021367221357516725
2014-02-05,0.0023545287939371272
2014-02-06,0.00906904914602141
2014-02-07,-0.00038909356976222137
2014-02-09,-0.0006458880034155084
2014-02-10,0.0061392106362942326
2014-02-11,-0.0003593163508061719
2014-02-12,-0.0
2014-02-13,0.0
2014-02-14,0.0
2014-02-16,-0.0
2014-02-17,0.0
2014-02-18,0.0
2014-02-19,-0.0
2014-02-20,0.0
2014-02-21,-0.0
2014-02-23,-0.0
2014-02-24,0.0
2014-02-25,0.0
2014-02-26,-0.0
2014-02-27,0.002484662310971254
2014-02-28,5.0287478845722285e-05
2014-03-02,-0.006697938664727015
2014-03-03,0.0020240874577702613
2014-03-04,0.009290873222816487
2014-03-05,0.003091496737725264
2014-03-06,-0.00034547243273689123
2014-03-07,-0.0
2014-03-09,-0.001945859607663794
2014-03-10,0.003255848554428922
2014-03-11,-0.0003468865361345622
2014-03-12,0.0071099705945390215
2014-03-13,-0.013418973973374378
2014-03-14,-0.006192336174105742
2014-03-16,-0.0003381785040213481
2014-03-17,0.0
2014-03-18,0.0
2014-03-19,-0.0
2014-03-20,0.0
2014-03-21,-0.0
2014-03-23,-2.3588613047540526e-05
2014-03-24,-0.005983749708038136
2014-03-25,0.0030217434975113554
2014-03-26,-0.011576111096397737
2014-03-27,-0.0032225985321309367
2014-03-28,-0.0021809700034281115
2014-03-30,-0.0025982966725823994
2014-03-31,-0.002068480559384306
2014-04-01,0.014043092687813839
2014-04-02,-0.0003288870240183156
2014-04-03,-0.0
2014-04-04,-0.0
2014-04-06,0.0009057768549291711
2014-04-07,0.005491586527759966
2014-04-08,-0.004597640524224364
2014-04-09,-0.012054578763514078
2014-04-10,-0.000332406248883565
2014-04-11,0.00723164398719578
2014-04-13,0.0009962747389741613
2014-04-14,-0.006363143559604508
2014-04-15,-0.00029607632201226575
2014-04-16,0.001989600564306998
2014-04-17,-0.0003018902129069278
2014-04-20,-0.0
2014-04-21,-0.0
2014-04-22,-0.0
2014-04-23,-0.0
2014-04-24,-0.0
2014-04-25,0.010627032349433192
2014-04-27,-0.00031468250258493796
2014-04-28,-0.0
2014-04-29,-0.0012540303855614562
2014-04-30,-0.0003047725104415746
2014-05-01,0.0
2014-05-02,-0.0
2014-05-04,-0.0
2014-05-05,0.0
2014-05-06,-0.0
2014-05-07,-0.0
2014-05-08,-0.0004515417200596911
2014-05-09,0.002811931401599362
2014-05-11,0.0009486276327885059
2014-05-12,0.010702369413942495
2014-05-13,-0.00030206635388199904
2014-05-14,-0.0
2014-05-15,-0.0
2014-05-16,-0.004315192051167075
2014-05-18,-0.0003005274964861005
2014-05-19,-0.0
2014-05-20,0.0
2014-05-21,-0.0
2014-05-22,-0.0
2014-05-23,-0.0
2014-05-25,0.0
2014-05-26,0.0
2014-05-27,0.0
2014-05-28,-0.0
2014-05-29,0.0
2014-05-30,-0.0
2014-06-02,-0.0
2014-06-03,0.0
2014-06-04,0.0
2014-06-05,0.0
2014-06-06,0.002547892791297649
2014-06-08,-0.00030149118471864796
2014-06-09,-0.0
2014-06-10,0.0
2014-06-11,0.0
2014-06-12,-0.0
2014-06-13,0.0004528403690288408
2014-06-15,-0.00032501994640194196
2014-06-16,0.0
2014-06-17,-0.0
2014-06-18,0.0
2014-06-19,-0.0
2014-06-20,-0.0
2014-06-22,0.0
2014-06-23,-0.0
2014-06-24,0.0
2014-06-25,0.006809448157193575
2014-06-26,-0.0002980845111480293
2014-06-27,0.005218153456213743
2014-06-29,0.00029659752595943877
2014-06-30,0.004304867650337189
2014-07-01,-0.00048313380696862556
2014-07-02,-0.0005474568350019322
2014-07-03,-0.00047100107454038523
2014-07-04,-0.0
2014-07-06,-0.0
2014-07-07,-0.0
2014-07-08,-0.012417506698216976
2014-07-09,0.006219893915257151
2014-07-10,-0.001469507274282659
2014-07-11,0.006052472534861559
2014-07-13,0.001385037719995406
2014-07-14,0.006571444572778555
2014-07-15,-0.0004996726343776574
2014-07-16,4.028594721151163e-05
2014-07-17,-0.013892685574935481
2014-07-18,0.01812738485566793
2014-07-20,-0.0008489577548661079
2014-07-21,0.0007489997170294882
2014-07-22,-0.00048302405952506075
2014-07-23,0.0
2014-07-24,-0.0
2014-07-25,-0.0
2014-07-27,-0.0
2014-07-28,0.0
2014-07-29,0.0
2014-07-30,0.0
2014-07-31,-0.02231700631069486
2014-08-01,-0.008183142924043409
2014-08-03,0.00265126683073626
2014-08-04,0.003307312828964583
2014-08-05,-0.0005127244245559143
2014-08-06,-0.0003491501322233072
2014-08-07,-0.01086847325154346
2014-08-08,0.012223109579552497
2014-08-10,0.002714833932683351
2014-08-11,0.007855502967883208
2014-08-12,-0.0004869357958889476
2014-08-13,0.0
2014-08-14,0.0
2014-08-15,0.0
2014-08-17,0.0020734461708368014
2014-08-18,0.007393243106858547
2014-08-19,-0.0004652412455923245
2014-08-20,0.0
2014-08-21,0.0
2014-08-22,0.0
2014-08-24,0.0
2014-08-25,0.0
2014-08-26,0.0
2014-08-27,-0.0
2014-08-28,0.0
2014-08-29,0.0
2014-08-31,0.0
2014-09-01,0.0
2014-09-02,0.0
2014-09-03,-0.007525075529810139
2014-09-04,-0.002277403800815563
2014-09-05,0.007480434443538737
2014-09-07,-0.0018888546135259435
2014-09-08,0.0017401043389648728
2014-09-09,-0.009074397777549007
2014-09-10,0.009354987485853034
2014-09-11,0.0008577100559452266
2014-09-12,-0.00728706403576796
2014-09-14,-0.0004760725727171127
2014-09-15,-0.0
2014-09-16,0.0
2014-09-17,0.0
2014-09-18,0.0
2014-09-19,-0.0
2014-09-21,-0.004214512595354333
2014-09-22,-0.006750816731119489
2014-09-23,-0.001951454752471476
2014-09-24,0.011306284922138879
2014-09-25,-0.019181654825282224
2014-09-26,0.008848576673860168
2014-09-28,-0.0019276990622641053
2014-09-29,-0.0012090789569459315
2014-09-30,0.001209009358899862
2014-10-01,-0.014951073523636926
2014-10-02,0.0009103161016847573
2014-10-03,0.007825529311184827
2014-10-05,0.002663673571108944
2014-10-06,-0.004410197933605085
2014-10-07,-0.012771298153344527
2014-10-08,0.020094149169901463
2014-10-09,-0.018779125046376504
2014-10-10,-0.024218119355994758
2014-10-12,0.0036613485232391005
2014-10-13,0.002091264736644303
2014-10-14,0.0023919584623406766
2014-10-15,0.011180729055343746
2014-10-16,-6.150965502657033e-05
2014-10-17,-0.009994303629597962
2014-10-19,-0.00034002993483183477
2014-10-20,-0.0
2014-10-21,-0.0
2014-10-22,-0.0
2014-10-23,0.0
2014-10-24,0.0
2014-10-26,-0.0
2014-10-27,0.0
2014-10-28,0.0
2014-10-29,-0.0
2014-10-30,0.0
2014-10-31,0.0
2014-11-02,0.0
2014-11-03,0.0
2014-11-04,-0.0
2014-11-05,-0.0
2014-11-06,0.0
2014-11-07,-0.0
2014-11-09,0.0
2014-11-10,0.0
2014-11-11,-0.0
2014-11-12,0.0
2014-11-13,0.0
2014-11-14,0.0024319767696519595
2014-11-16,-0.0002650953177082007
2014-11-17,0.0
2014-11-18,0.0
2014-11-19,-0.0
2014-11-20,0.0
2014-11-21,0.0
2014-11-23,-0.0001421463196500771
2014-11-24,0.00461861923414115
2014-11-25,-0.0002619962592530376
2014-11-26,0.0
2014-11-27,0.0
2014-11-28,0.0
2014-11-30,-0.0
2014-12-01,-0.0
2014-12-02,0.0023340611884503626
2014-12-03,0.0011878136656665382
2014-12-04,-0.00026581608526450346
2014-12-05,2.591229292987963e-05
2014-12-07,-0.0002785522757511299
2014-12-08,-0.0
2014-12-09,0.0019213331622553753
2014-12-10,-0.008168226268807486
2014-12-11,-0.001883810933111527
2014-12-12,-0.006100006396104581
2014-12-14,0.002596917005728742
2014-12-15,-0.005789830588895186
2014-12-16,-0.00029181900296491013
2014-12-17,0.0
2014-12-18,0.0
2014-12-19,0.0
2014-12-21,0.0004736859085009953
2014-12-22,0.0019170429769413062
2014-12-23,-0.00029568524860219337
2014-12-24,-0.0
2014-12-25,0.0
2014-12-26,0.0
2014-12-28,0.0
2014-12-29,-0.0
2014-12-30,-0.0
2014-12-31,-0.0
2015-01-01,0.0
2015-01-02,-0.0
2015-01-04,0.000297175018047061
2015-01-05,-0.013386323450318436
2015-01-06,-0.009345846971780418
2015-01-07,0.015232635645294262
2015-01-08,0.008990466366231136
2015-01-09,-0.005673593658926405
2015-01-11,-0.00044367991395065934
2015-01-12,-0.005251078469686499
2015-01-13,-0.005164566431030275
2015-01-14,0.0010313413871930377
2015-01-15,-0.019770400860297146
2015-01-16,0.016113504693784874
2015-01-18,-0.0007600322305439803
2015-01-19,0.0021597504900951947
2015-01-20,0.005113095910045552
2015-01-21,0.0026105537218432855
2015-01-22,0.012332229513890987
2015-01-23,0.0009477040442459114
2015-01-25,-0.0002691643028530489
2015-01-26,0.0
2015-01-27,-0.0
2015-01-28,-0.01711217356508215
2015-01-29,0.009960749467350113
2015-01-30,-0.007677397604794658
2015-02-01,0.000542330000939037
2015-02-02,0.003891384091443131
2015-02-03,0.006348085353681547
2015-02-04,-0.0002493833355289179
2015-02-05,0.0
2015-02-06,-0.0
2015-02-08,-0.0
2015-02-09,0.0
2015-02-10,0.0
2015-02-11,0.0
2015-02-12,0.0
2015-02-13,0.0
2015-02-15,-0.0
2015-02-16,-0.0
2015-02-17,0.0
2015-02-18,0.0
2015-02-19,0.0
2015-02-20,0.0
2015-02-22,-0.0
2015-02-23,0.0
2015-02-24,0.0
2015-02-25,-0.0
2015-02-26,0.0
2015-02-27,-0.0
2015-03-01,0.0
2015-03-02,0.0
2015-03-03,-0.0
2015-03-04,-0.001865827558642588
2015-03-05,0.0007200341051414967
2015-03-06,-0.0002626696208563093
2015-03-08,-0.0014633501497588594
2015-03-09,0.0020121365928934664
2015-03-10,-0.011313544218761578
2015-03-11,-0.004423712901173787
2015-03-12,0.0032444819517092214
2015-03-13,-0.003518325926995054
2015-03-15,-0.0005340546446949837
2015-03-16,0.007907773139639909
2015-03-17,-0.00026127686413533936
2015-03-18,0.0
2015-03-19,0.0
2015-03-20,0.0
2015-03-22,0.0011613656872974522
2015-03-23,-0.0026529247753637065
2015-03-24,-0.0002743927077329142
2015-03-25,-0.0
2015-03-26,0.00034999213452082507
2015-03-27,-0.00011015242735641902
2015-03-29,-0.00028167217886745265
2015-03-30,0.0
2015-03-31,-0.0
2015-04-01,-0.00377857660861756
2015-04-02,0.0002636100047912279
2015-04-03,-0.0002880667794141138
2015-04-05,0.0
2015-04-06,0.0
2015-04-07,-0.0
2015-04-08,0.0
2015-04-09,0.0034009575962408384
2015-04-10,0.003585364274055201
2015-04-12,-0.000309635940098903
2015-04-13,-0.0
2015-04-14,-0.0
2015-04-15,0.005857543398619731
2015-04-16,-0.00032141158107309054
2015-04-17,-0.0
2015-04-19,0.0021048629061826566
2015-04-20,0.01099023127703092
2015-04-21,0.0036311530639829494
2015-04-22,-0.00030809380925154973
2015-04-23,0.0
2015-04-24,0.00558528735508446
2015-04-26,0.0005276001013863364
2015-04-27,-0.001714841335664121
2015-04-28,-0.0034342229216989656
2015-04-29,-0.006926010764265087
2015-04-30,-0.011192356858451194
2015-05-01,0.010853218527331588
2015-05-03,-0.0003024503093638427
2015-05-04,0.0
2015-05-05,-0.0
2015-05-06,-0.007171569712498203
2015-05-07,0.005558334928295235
2015-05-08,0.007191627066760909
2015-05-10,-0.00028693030493752447
2015-05-11,-0.0
2015-05-12,0.0
2015-05-13,-0.001611797339721937
2015-05-14,-0.00028244549258119695
2015-05-15,-0.0
2015-05-17,-0.0
2015-05-18,0.0
2015-05-19,-0.0
2015-05-20,-0.0
2015-05-21,0.0
2015-05-22,-0.0
2015-05-24,0.0
2015-05-25,-0.0
2015-05-26,-0.0
2015-05-27,0.011634286501295613
2015-05-28,4.1588199594625775e-05
2015-05-29,-0.0002846241325723082
2015-05-31,0.0005075817544184807
2015-06-01,0.0003058287582582504
2015-06-02,-0.0032430926556165484
2015-06-03,0.003596701547951576
2015-06-04,-0.0060035765943364785
2015-06-05,-0.0022939713877692743
2015-06-07,-0.0016728383490171078
2015-06-08,-0.006994419047159391
2015-06-09,4.6352732054820814e-05
2015-06-10,0.00965779023569954
2015-06-11,-0.0003066581124668906
2015-06-12,-0.000323786633893312
2015-06-14,-0.0
2015-06-15,-0.0
2015-06-16,0.0
2015-06-17,-0.0
2015-06-18,0.0
2015-06-19,-0.0
2015-06-21,0.0
2015-06-22,0.0
2015-06-23,-0.0
2015-06-24,-0.0
2015-06-25,-0.0
2015-06-26,-0.0038972918529715478
2015-06-28,-0.012630645845434699
2015-06-29,-0.007373333254953945
2015-06-30,0.004353505375791317
2015-07-01,0.0029568243923560073
2015-07-02,0.0012172336704579466
2015-07-03,-0.00032916220803475135
2015-07-05,-0.0
2015-07-06,0.0
2015-07-07,-0.009226081093922062
2015-07-08,-0.003461451834992791
2015-07-09,0.0023291290564868864
2015-07-10,0.006013850066469048
2015-07-12,-0.001856809608790019
2015-07-13,0.018524381161755595
2015-07-14,-0.0003335288639513584
2015-07-15,0.0
2015-07-16,0.0
2015-07-17,0.0
2015-07-19,0.0
2015-07-20,0.0
2015-07-21,-0.0
2015-07-22,0.0
2015-07-23,-0.0014070777231461205
2015-07-24,-0.00030267467850070376
2015-07-26,-0.0005809750181226816
2015-07-27,-0.005109682540756687
2015-07-28,0.003251836636876938
2015-07-29,0.002204305415209328
2015-07-30,-0.0003013053151657267
2015-07-31,-0.0
2015-08-02,-0.0
2015-08-03,-0.0
2015-08-04,-0.0016598403116569473
2015-08-05,0.005341503424286168
2015-08-06,-0.01223883866188034
2015-08-07,-0.0021734307940836483
2015-08-09,0.001257109877737546
2015-08-10,0.007635030414768006
2015-08-11,-0.00031538407065854357
2015-08-12,0.008608107710706445
2015-08-13,-0.004080229829171941
2015-08-14,-0.0002938562821442917
2015-08-16,-0.0
2015-08-17,0.0
2015-08-18,-0.0
2015-08-19,-0.0
2015-08-20,0.030820327485670984
2015-08-21,0.022182431616540644
2015-08-23,0.015709010345091385
2015-08-24,0.0005834495534261998
2015-08-25,0.011345393412460129
2015-08-26,-0.03358102415805911
2015-08-27,-0.008359940917968229
2015-08-28,-0.001644128034821935
2015-08-30,-0.0001842148101121701
2015-08-31,0.0
2015-09-01,0.0
2015-09-02,-0.008433954229236285
2015-09-03,-0.00018411713063614624
2015-09-04,0.0
2015-09-06,-0.0
2015-09-07,0.0
2015-09-08,-0.0
2015-09-09,0.0
2015-09-10,-0.0
2015-09-11,-0.0
2015-09-13,-0.0
2015-09-14,0.0
2015-09-15,-0.0
2015-09-16,-0.0
2015-09-17,-0.0
2015-09-18,0.0
2015-09-20,0.00210292145587638
2015-09-21,-0.0033693069863931706
2015-09-22,-0.00017044817201337288
2015-09-23,-0.0017457775320075925
2015-09-24,-0.00016943519492837184
2015-09-25,0.0051564949425361795
2015-09-27,0.0005875177159313319
2015-09-28,0.0117676813986172
2015-09-29,-0.000809118317683245
2015-09-30,-0.010899533134311634
2015-10-01,-3.006430011009071e-05
2015-10-02,-0.0065186624199454705
2015-10-04,-8.115512285474503e-07
2015-10-05,-0.003733212640734357
2015-10-06,-0.0001613065574947157
2015-10-07,-0.0
2015-10-08,-0.003346452362250169
2015-10-09,-0.001397027958467773
2015-10-11,-0.00015829577523439952
2015-10-12,-0.0
2015-10-13,0.0
2015-10-14,-0.0
2015-10-15,-0.0
2015-10-16,-0.0
2015-10-18,0.0
2015-10-19,-0.0
2015-10-20,0.0
2015-10-21,0.0
2015-10-22,-0.015061587266832268
2015-10-23,-0.0036099083887101537
2015-10-25,0.00035613389232497315
2015-10-26,0.0001560796662755225
2015-10-27,-0.00014351561690985936
2015-10-28,0.0
2015-10-29,0.002070393600741837
2015-10-30,-0.00014390579196590383
2015-11-01,-0.0
2015-11-02,0.0
2015-11-03,0.0
2015-11-04,-0.0
2015-11-05,-0.0
2015-11-06,0.0009273790860918612
2015-11-08,0.0008231965567679446
2015-11-09,-0.00612926171907898
2015-11-10,-0.0015959113200121778
2015-11-11,-0.0002066424451371053
2015-11-12,-0.0
2015-11-13,-0.012288833762695813
2015-11-15,0.00031593514486889817
2015-11-16,-0.010735074916235553
2015-11-17,-0.0005342212554277468
2015-11-18,0.0121314809174903
2015-11-19,-0.0002084333690303257
2015-11-20,0.0
2015-11-22,0.0
2015-11-23,-0.0
2015-11-24,-0.0
2015-11-25,0.0
2015-11-26,0.0
2015-11-27,-0.0
2015-11-29,-0.0
2015-11-30,0.0
2015-12-01,0.0
2015-12-02,-0.002163142074068593
2015-12-03,-0.011764408691059025
2015-12-04,0.012918920577130318
2015-12-06,-0.0004024216337630441
2015-12-07,-0.004394131577563731
2015-12-08,0.002618106953070824
2015-12-09,-0.00898261997795947
2015-12-10,0.0023550636320132387
2015-12-11,-0.017537380000543973
2015-12-13,0.0027887299295864592
2015-12-14,0.003257282235667424
2015-12-15,-0.00023108585520125426
2015-12-16,0.0
2015-12-17,-0.0
2015-12-18,-0.0
2015-12-20,0.0016881902671664214
2015-12-21,0.005939122905406052
2015-12-22,-0.000221906360297868
2015-12-23,0.0
2015-12-24,0.0
2015-12-27,0.0
2015-12-28,0.0
2015-12-29,0.0
2015-12-30,-0.0
2015-12-31,-0.0
2016-01-03,-0.0
2016-01-04,-0.0
2016-01-05,-0.010683885031573623
2016-01-06,-0.008393754363294492
2016-01-07,-0.007899730310179218
2016-01-08,-0.010968609513940316
2016-01-10,-0.0006047006261222027
2016-01-11,0.0012037579465160018
2016-01-12,-0.014688907601500423
2016-01-13,-0.025214678046323734
2016-01-14,-0.005057219278169625
2016-01-15,0.009005565476451345
2016-01-17,-0.0009028690194864246
2016-01-18,-0.001995538748615276
2016-01-19,0.013075498397166298
2016-01-20,-0.008903678858177362
2016-01-21,-0.0015654246213924082
2016-01-22,-0.012566546434038537
2016-01-24,-0.0002007236032924197
2016-01-25,0.0
2016-01-26,-0.0
2016-01-27,0.0
2016-01-28,-0.0
2016-01-29,-0.0
2016-01-31,0.0
2016-02-01,-0.0
2016-02-02,0.0
2016-02-03,-0.0
2016-02-04,0.0056923587524698544
2016-02-05,-0.00020324807361067282
2016-02-07,-0.002770295568977907
2016-02-08,0.013679845333676123
2016-02-09,-0.0003323711168440863
2016-02-10,-0.0022212898226539007
2016-02-11,-0.003358493858385595
2016-02-12,-0.0045536765023106215
2016-02-14,-0.0001856308919428847
2016-02-15,-0.0
2016-02-16,0.0
2016-02-17,-0.0
2016-02-18,0.0
2016-02-19,-0.0
2016-02-21,-0.0
2016-02-22,-0.0
2016-02-23,0.0
2016-02-24,-0.0
2016-02-25,-0.0
2016-02-26,0.0
2016-02-28,0.0
2016-02-29,0.0
2016-03-01,-0.0
2016-03-02,0.0
2016-03-03,0.0
2016-03-04,0.0
2016-03-06,0.0003411437762606025
2016-03-07,0.002782511828334716
2016-03-08,-0.0001653778184044608
2016-03-09,-0.0024065085586414603
2016-03-10,-0.00016341499817812058
2016-03-11,-0.003649675448539517
2016-03-13,-0.000163620725392556
2016-03-14,-0.0
2016-03-15,-0.0
2016-03-16,-0.0
2016-03-17,0.0
2016-03-18,0.0
2016-03-20,0.000637139000495905
2016-03-21,-0.002551598267857004
2016-03-22,-0.0001671062033317154
2016-03-23,0.0
2016-03-24,-0.0014225010591231624
2016-03-27,-0.00018538185400793791
2016-03-28,0.0
2016-03-29,-0.0
2016-03-30,-0.001067514656812164
2016-03-31,0.000641945934121498
2016-04-01,-0.007689243614023719
2016-04-03,0.00020017640664556647
2016-04-04,0.004875946438403626
2016-04-05,-0.0008472990073782464
2016-04-06,-0.004226562149086029
2016-04-07,0.006747164548239174
2016-04-08,0.0003953305413047403
2016-04-10,-0.0009822100511708905
2016-04-11,-0.0018053955917171122
2016-04-12,0.006534558355778131
2016-04-13,0.005557715483741322
2016-04-14,0.000542701423653071
2016-04-15,-0.00020978412501978044
2016-04-17,-0.0
2016-04-18,0.0
2016-04-19,-0.0
2016-04-20,0.0034481864273804173
2016-04-21,-0.0002506129419752129
2016-04-22,-0.004205975097258511
2016-04-24,-0.0011412809699259713
2016-04-25,0.0016102741293003797
2016-04-26,-0.0002515656878262114
2016-04-27,0.0
2016-04-28,-0.00890427728495258
2016-04-29,-0.008290593481286189
2016-05-01,-0.0018960016405793131
2016-05-02,0.007500295621629685
2016-05-03,-0.0002793628872560854
2016-05-04,-0.000231672800127098
2016-05-05,-0.0002761228017207819
2016-05-06,0.0
2016-05-08,-0.0008504549467045588
2016-05-09,0.0021475706314539236
2016-05-10,-0.00028047479868110363
2016-05-11,-0.0
2016-05-12,-0.0
2016-05-13,0.0003352660723487789
2016-05-15,-0.0003320378596490544
2016-05-16,0.0
2016-05-17,-0.0
2016-05-18,-2.7761516543496297e-05
2016-05-19,0.0017978268328636019
2016-05-20,0.005788170644520718
2016-05-22,-0.00032099158208227384
2016-05-23,-0.0
2016-05-24,0.0
2016-05-25,0.0016541823424104363
2016-05-26,0.004828072765125319
2016-05-27,-0.00028953598280297333
2016-05-29,0.0
2016-05-30,0.0
2016-05-31,0.0
2016-06-01,-0.0
2016-06-02,0.0
2016-06-03,-0.0
2016-06-05,-0.0005223083097682441
2016-06-06,0.003096267928703398
2016-06-07,-0.0002950278422772571
2016-06-08,0.0
2016-06-09,-0.0
2016-06-10,-0.008472084054104668
2016-06-12,-0.0003081621602477536
2016-06-13,-0.0
2016-06-14,0.0
2016-06-15,-0.0
2016-06-16,0.0
2016-06-17,-0.0
2016-06-19,-0.008697482715339143
2016-06-20,0.0013184234180563996
2016-06-21,-0.0002845918564416948
2016-06-22,0.0026214823159801774
2016-06-23,-0.02338797554775875
2016-06-24,0.005509882341580051
2016-06-26,0.004002955782661268
2016-06-27,0.005632124646803259
2016-06-28,-0.015280590497809379
2016-06-29,-0.012569320149977563
2016-06-30,-0.006427832934443791
2016-07-01,-0.0055086504480199045
2016-07-03,-0.00026606966278269533
2016-07-04,0.0
2016-07-05,0.0
2016-07-06,-0.0
2016-07-07,-0.001475621210235412
2016-07-08,-0.00025774040201421517
2016-07-10,-0.0
2016-07-11,0.0
2016-07-12,0.0
2016-07-13,-0.0
2016-07-14,0.0
2016-07-15,-0.0
2016-07-17,0.0
2016-07-18,0.0
2016-07-19,-0.0
2016-07-20,0.0
2016-07-21,-0.0
2016-07-22,0.0
2016-07-24,-0.0
2016-07-25,0.0
2016-07-26,0.0
2016-07-27,0.002231979961765442
2016-07-28,0.002569046865155391
2016-07-29,0.0005280552296606343
2016-07-31,0.002280502144363602
2016-08-01,0.001989737254057853
2016-08-02,-0.0075485529927428255
2016-08-03,0.002388123125558001
2016-08-04,-0.0002757366982153413
2016-08-05,0.0
2016-08-07,0.0
2016-08-08,-0.0
2016-08-09,0.0
2016-08-10,-0.0
2016-08-11,0.0
2016-08-12,0.0
2016-08-14,0.0
2016-08-15,0.0
2016-08-16,-0.0
2016-08-17,0.0
2016-08-18,-0.002129450962649942
2016-08-19,-0.00027398957397389964
2016-08-21,-0.0019159262756368886
2016-08-22,0.002333271932759627
2016-08-23,-0.0003920752395877049
2016-08-24,-0.0002822205347794356
2016-08-25,-0.0013275449884191937
2016-08-26,-1.313148139358747e-06
2016-08-28,-0.00038487167815089954
2016-08-29,0.0024722829407796674
2016-08-30,-0.00030357880811541225
2016-08-31,0.0006349839203611189
2016-09-01,-0.0007002596137784654
2016-09-02,0.004947666540475878
2016-09-04,0.0004951590920356388
2016-09-05,-0.0013652574354079642
2016-09-06,0.008417622156464622
2016-09-07,-0.0006423809470707455
2016-09-08,-0.00040332262820780453
2016-09-09,-0.034523728479274936
2016-09-11,-0.005186101404761659
2016-09-12,0.024472652132101678
2016-09-13,-0.00035170629922540636
2016-09-14,-0.0
2016-09-15,0.0
2016-09-16,0.0
2016-09-18,0.0022835622369515767
2016-09-19,-0.005570492715551766
2016-09-20,4.3257794696524376e-05
2016-09-21,-0.0003210607474457407
2016-09-22,0.006908644798250376
2016-09-23,-0.00031586867235959114
2016-09-25,-0.0
2016-09-26,-0.0
2016-09-27,0.0
2016-09-28,0.004036038888627799
2016-09-29,-0.008877007935240142
2016-09-30,0.0067374916393746175
2016-10-02,0.00264292587077469
2016-10-03,-0.0016110031860013712
2016-10-04,-0.00031749928570519947
2016-10-05,0.002151396769446286
2016-10-06,-0.00031985221275499746
2016-10-07,-0.0
2016-10-09,0.0014111090167617587
2016-10-10,0.0039032797639433027
2016-10-11,-0.010121480427297384
2016-10-12,-0.011038864212859207
2016-10-13,-0.0003233820314835072
2016-10-14,0.0007585065803918203
2016-10-16,-0.0003169742189583403
2016-10-17,0.0
2016-10-18,0.0
2016-10-19,0.0
2016-10-20,0.0
2016-10-21,0.0003658400461397724
2016-10-23,-0.00031457925827427333
2016-10-24,0.0
2016-10-25,-0.0
2016-10-26,-0.0
2016-10-27,-0.006058493082616117
2016-10-28,-0.0020445368442583984
2016-10-30,0.0017165174854780472
2016-10-31,5.0096911874996366e-05
2016-11-01,-0.0003055216596961248
2016-11-02,0.0073678962425245565
2016-11-03,0.0039897181874969136
2016-11-04,0.002680955027574824
2016-11-06,-0.0118419829100767
2016-11-07,-0.007500825629301666
2016-11-08,-0.00029275895171759216
2016-11-09,-0.0
2016-11-10,-0.013264310865439362
2016-11-11,-0.00379715738236543
2016-11-13,-0.0033247031739466293
2016-11-14,0.00760933727844593
2016-11-15,-0.00016526581137368427
2016-11-16,-0.0
2016-11-17,-0.0
2016-11-18,-0.0
2016-11-20,-0.0
2016-11-21,0.0
2016-11-22,-0.0
2016-11-23,-0.0
2016-11-24,0.0
2016-11-25,0.0
2016-11-27,-0.0
2016-11-28,-0.0
2016-11-29,0.0
2016-11-30,-0.0
2016-12-01,-0.0
2016-12-02,-0.0011602120778027123
2016-12-04,-0.0001729065652347316
2016-12-05,-0.005677795687462769
2016-12-06,-0.0008939995262527477
2016-12-07,-0.00016767590573970342
2016-12-08,0.001248492156629868
2016-12-09,0.003213381186160222
2016-12-11,-0.00016603723591920576
2016-12-12,-0.0
2016-12-13,0.0
2016-12-14,-0.0
2016-12-15,0.0
2016-12-16,-0.0
2016-12-18,0.00039228288919707923
2016-12-19,0.002309973297029032
2016-12-20,-0.00016155428084537718
2016-12-21,-0.0
2016-12-22,-0.0
2016-12-23,0.0
2016-12-26,0.0
2016-12-27,0.0
2016-12-28,-0.0
2016-12-29,0.0005686491032974118
2016-12-30,-0.00016624035629806964
2017-01-02,0.0026280092777006344
2017-01-03,0.0025949562827776106
2017-01-04,0.0012764348028876619
2017-01-05,0.0032466900071819686
2017-01-06,0.0043331047061611686
2017-01-08,0.0008158803299742679
2017-01-09,-0.00024658216822907305
2017-01-10,0.0016640471935165753
2017-01-11,0.0007423919434452709
2017-01-12,0.000543644517441182
2017-01-13,0.0019767250472958993
2017-01-15,-0.000161975277710821
2017-01-16,0.0
2017-01-17,-0.0
2017-01-18,0.00019132360211984267
2017-01-19,-0.00016430115198551418
2017-01-20,-0.0004213066637819069
2017-01-22,-0.0026404257994405997
2017-01-23,0.0032411556254244244
2017-01-24,0.00780073994760161
2017-01-25,-0.000302456417162778
2017-01-26,-0.0
2017-01-27,0.0
2017-01-29,-0.0
2017-01-30,-0.0
2017-01-31,0.0034847400723315705
2017-02-01,-0.0005534428438433306
2017-02-02,-0.0006911248939641971
2017-02-03,0.006962132790734907
2017-02-05,-0.0009465520987781747
2017-02-06,0.0012584296986573606
2017-02-07,-0.00033706187882114307
2017-02-08,0.0
2017-02-09,0.0
2017-02-10,0.0
2017-02-12,0.0
2017-02-13,0.0
2017-02-14,0.0
2017-02-15,0.0
2017-02-16,-0.0
2017-02-17,0.006989500551777829
2017-02-26,-0.0003947132540143687
2017-02-27,-0.0
2017-02-28,-0.0
2017-03-01,0.0
2017-03-02,-0.008895388993277718
2017-03-03,0.00682305955837928
2017-03-05,-0.004132381862328638
2017-03-06,0.0015855736331822118
2017-03-07,-0.00043157765214879324
2017-03-08,0.004387280853905002
2017-03-09,0.005612737730827822
2017-03-10,-1.0113207156045044e-06
2017-03-12,-0.00043056163163411804
2017-03-13,0.0
2017-03-14,-0.0
2017-03-15,0.0
2017-03-16,-0.0
2017-03-17,-0.0
2017-03-19,-0.0
2017-03-20,0.0
2017-03-21,-0.0
2017-03-22,0.013751944224456256
2017-03-23,-0.0012091284312063506
2017-03-24,0.0008405993503164366
2017-03-26,-0.009094086231149644
2017-03-27,0.012947110611436346
2017-03-28,0.004851619423067322
2017-03-29,0.006827810947970176
2017-03-30,-0.0003766222384536564
2017-03-31,0.0
2017-04-02,0.0
2017-04-03,-0.0
2017-04-04,0.002687944340668937
2017-04-05,-0.0003764904964676451
2017-04-06,0.0007075693938721669
2017-04-07,0.004173237994096339
2017-04-09,0.0013487640589493939
2017-04-10,-0.0029384180216393526
2017-04-11,-0.00036842692462618387
2017-04-12,-0.004933373905502175
2017-04-13,-0.0003721772878385398
2017-04-16,-0.0014582256941788655
2017-04-17,0.010887314542973285
2017-04-18,-0.0003825178002176373
2017-04-19,0.0011636682078745878
2017-04-20,-0.00038079276148356703
2017-04-21,-0.0
2017-04-23,0.0
2017-04-24,0.0
2017-04-25,0.0
2017-04-26,-0.0
2017-04-27,0.0
2017-04-28,-0.0
2017-04-30,0.0
2017-05-01,0.0
2017-05-02,-0.0
2017-05-03,-0.0
2017-05-04,0.0
2017-05-05,0.005252139747115192
2017-05-07,-0.0003437815591380449
2017-05-08,0.0
2017-05-09,0.0
2017-05-10,-0.00029125372851365034
2017-05-11,-0.0003453027516520749
2017-05-12,0.006182363243391039
2017-05-14,-0.0003471879546115601
2017-05-15,0.0
2017-05-16,-0.0
2017-05-17,-0.0
2017-05-18,0.005220165080302848
2017-05-19,0.005766722690725445
2017-05-21,0.0008524000815944283
2017-05-22,0.008271960054952366
2017-05-23,-0.0003222192422115686
2017-05-24,0.0
2017-05-25,0.0
2017-05-26,0.0023491137383878343
2017-05-28,-0.0003126846649647877
2017-05-29,-0.0
2017-05-30,0.0
2017-05-31,0.0
2017-06-01,0.007631682561171724
2017-06-02,0.01055689001051197
2017-06-04,-0.001192008628910213
2017-06-05,-0.0005654022250692148
2017-06-06,-0.0003666566348846648
2017-06-07,0.0
2017-06-08,0.0008648331171813381
2017-06-09,-0.0359320730114281
2017-06-11,-0.0013478253285038125
2017-06-12,-0.0022905318299396133
2017-06-13,0.004623564471826689
2017-06-14,-0.0003165690442504337
2017-06-15,0.0
2017-06-16,-0.0
2017-06-18,0.003403705542188019
2017-06-19,0.013095595361706467
2017-06-20,-0.011410762506125832
2017-06-21,0.013359898461141984
2017-06-22,0.0005605071956980936
2017-06-23,-0.00028215988796169135
2017-06-25,0.0
2017-06-26,-0.0
2017-06-27,-0.023293355329548855
2017-06-28,0.01932214971366695
2017-06-29,-0.019979184523769372
2017-06-30,0.002583116290570879
2017-07-02,0.0015416042863931278
2017-07-03,-0.01274789561228966
2017-07-04,-0.00023242706326159133
2017-07-05,0.0
2017-07-06,-0.004443169204441746
2017-07-07,0.006437393987455158
2017-07-09,-0.0002203365143884465
2017-07-10,0.0
2017-07-11,0.0
2017-07-12,0.0
2017-07-13,-0.0
2017-07-14,0.0
2017-07-16,0.0
2017-07-17,0.0
2017-07-18,0.0
2017-07-19,0.0
2017-07-20,-0.0
2017-07-21,0.0
2017-07-23,-0.0
2017-07-24,0.0
2017-07-25,0.0
2017-07-26,0.0
2017-07-27,-0.0
2017-07-28,0.004480535136549518
2017-07-30,-0.001280666674121261
2017-07-31,0.0005614428777754347
2017-08-01,0.0031010630841929294
2017-08-02,-0.00020306284284699088
2017-08-03,-0.0022725124962314925
2017-08-04,0.0008192199860044626
2017-08-06,-0.0002032955362848444
2017-08-07,0.0
2017-08-08,-0.0
2017-08-09,0.0015504798282086562
2017-08-10,-0.017101009464503898
2017-08-11,0.008347570721459781
2017-08-13,0.003409619806256928
2017-08-14,0.00847984183221715
2017-08-15,-0.00018953868447300307
2017-08-16,0.0
2017-08-17,-0.0
2017-08-18,-0.002523502508190551
2017-08-20,-0.0011103433909184883
2017-08-21,0.0037570827429041624
2017-08-22,0.006394536288089003
2017-08-23,-0.0001956371091732256
2017-08-24,0.0
2017-08-25,-0.0027335295905425703
2017-08-27,-0.00019674600352323604
2017-08-28,-0.0
2017-08-29,0.0
2017-08-30,0.0
2017-08-31,0.0
2017-09-01,-0.0
2017-09-03,-0.0
2017-09-04,0.0
2017-09-05,-0.0
2017-09-06,0.0010348392851644295
2017-09-07,0.0014631172100490971
2017-09-08,-0.00021824525824029988
2017-09-10,0.0
2017-09-11,0.0
2017-09-12,0.0
2017-09-13,0.0
2017-09-14,-0.0
2017-09-15,0.0
2017-09-17,0.001317167916293669
2017-09-18,-0.003480067103828527
2017-09-19,-0.0002484200434716595
2017-09-20,-0.0
2017-09-21,-0.009253179697010672
2017-09-22,0.003451141124961632
2017-09-24,0.0002741095760457296
2017-09-25,-0.009493487676381189
2017-09-26,0.003129792422028477
2017-09-27,0.006725502997560025
2017-09-28,-0.00011894833813248818
2017-09-29,0.0063095860279028144
2017-10-01,0.0016292274761536254
2017-10-02,9.648927009977831e-05
2017-10-03,0.000729561213443786
2017-10-04,-0.0002483248953412422
2017-10-05,0.0
2017-10-06,-0.0
2017-10-08,0.0
2017-10-09,-0.0
2017-10-10,0.0
2017-10-11,0.0
2017-10-12,-0.0
2017-10-13,0.0
2017-10-15,0.0
2017-10-16,0.0
2017-10-17,0.0
2017-10-18,-0.0
2017-10-19,0.0
2017-10-20,-0.002722196922945664
2017-10-22,0.00037210658749797966
2017-10-23,-0.006882794884601909
2017-10-24,-0.00011015978763827635
2017-10-25,-0.001532819223434982
2017-10-26,0.006559354001730907
2017-10-27,0.025251588013496994
2017-10-29,-0.000765585215028086
2017-10-30,0.004098374442732711
2017-10-31,0.006595732373795822
2017-11-01,-0.00031714984833155314
2017-11-02,0.005927297051881182
2017-11-03,0.0067645258017726365
2017-11-05,-0.0017454454703305733
2017-11-06,0.00898732374457502
2017-11-07,-0.0003128970976580459
2017-11-08,0.0
2017-11-09,-0.0
2017-11-10,-0.0026900064999233336
2017-11-12,-0.0003388653996484444
2017-11-13,-0.0
2017-11-14,-0.0
2017-11-15,0.0016770996646445142
2017-11-16,0.012979874976145268
2017-11-17,-0.007207561465970719
2017-11-19,-0.0003330359801388325
2017-11-20,0.0
2017-11-21,0.0
2017-11-22,0.0
2017-11-23,0.0
2017-11-24,0.0
2017-11-26,-0.0
2017-11-27,-0.0
2017-11-28,0.0
2017-11-29,-0.024699625214963
2017-11-30,0.010712424437946393
2017-12-01,-0.002434154856951702
2017-12-03,0.006731240524212133
2017-12-04,-0.019002108066395355
2017-12-05,-0.005700573663022948
2017-12-06,0.012892959227614513
2017-12-07,0.002804317313866492
2017-12-08,-0.0002793331999327826
2017-12-10,0.0
2017-12-11,0.0
2017-12-12,-0.0
2017-12-13,0.0
2017-12-14,0.0
2017-12-15,0.0
2017-12-17,0.0
2017-12-18,0.0
2017-12-19,-0.0
2017-12-20,-0.0
2017-12-21,0.0
2017-12-22,-0.0
2017-12-25,-0.0
2017-12-26,-0.0
2017-12-27,-0.0
2017-12-28,-0.0
2017-12-29,-0.0
2018-01-01,0.004592491730450109
2018-01-02,0.01654411082861177
2018-01-03,0.010633819210239832
2018-01-04,0.0026744122856549504
2018-01-05,0.008108719503066622
2018-01-07,0.0005343486269895985
2018-01-08,0.0021240290913189007
2018-01-09,-0.00023287803013932563
2018-01-10,-0.0010147532585183592
2018-01-11,0.006826389432067981
2018-01-12,0.007487173673845355
2018-01-14,0.0034552619684535854
2018-01-15,-0.0004559021795895882
2018-01-16,-0.004761856670563693
2018-01-17,0.009467575617781108
2018-01-18,-0.0017622025036342056
2018-01-19,0.005779160382341786
2018-01-21,-0.0017870065184562548
2018-01-22,0.016071617249446456
2018-01-23,-0.00023781594246027497
2018-01-24,-0.005197175621092622
2018-01-25,0.0036203914219638854
2018-01-26,0.010614146235984355
2018-01-28,-3.8112437715467994e-05
2018-01-29,-0.011225227973359652
2018-01-30,0.0023006478084768144
2018-01-31,0.0026462591925350016
2018-02-01,-0.007481128718380041
2018-02-02,-0.024607243084559333
2018-02-04,-0.0011825272263425394
2018-02-05,-0.05403974805608761
2018-02-06,0.02685821162183543
2018-02-07,-0.004356903526034332
2018-02-08,-0.01691379687140774
2018-02-09,0.007058056554464775
2018-02-11,0.0013140462695996977
2018-02-12,0.0058991352486360135
2018-02-13,-0.00011482117642519702
2018-02-14,0.0
2018-02-15,0.0
2018-02-16,-0.0
2018-02-18,0.0
2018-02-19,-0.0
2018-02-20,-0.0
2018-02-21,-0.0
2018-02-22,0.0
2018-02-23,0.0
2018-02-25,0.0
2018-02-26,0.0
2018-02-27,-0.0
2018-02-28,-0.00265040357060362
2018-03-01,-0.00010599609276472562
2018-03-02,0.0027264560274866327
2018-03-04,-0.002828102106767873
2018-03-05,0.007809620534511275
2018-03-06,-0.002822230356242463
2018-03-07,-0.0001009663571708873
2018-03-08,0.0027166681989165145
2018-03-09,-9.785356117846119e-05
2018-03-11,0.0
2018-03-12,-0.0
2018-03-13,-0.0
2018-03-14,0.0
2018-03-15,0.0
2018-03-16,-0.0
2018-03-18,-0.0
2018-03-19,-0.0
2018-03-20,0.002010739250728131
2018-03-21,-0.00167164707595624
2018-03-22,-0.015974990997745048
2018-03-23,-0.004901825331574969
2018-03-25,0.0027824507865244676
2018-03-26,0.012538114005723945
2018-03-27,-0.013422250152462237
2018-03-28,-0.004474057877069747
2018-03-29,0.004890633268752663
2018-04-01,-0.0005889313286228782
2018-04-02,-0.00845997911014271
2018-04-03,-0.0021313577553708
2018-04-04,-0.009971947117489003
2018-04-05,-0.005301898375749544
2018-04-06,-9.002914366715473e-05
2018-04-08,-0.00260124083275592
2018-04-09,-0.005206068486350891
2018-04-10,-8.772981573234022e-05
2018-04-11,-0.0
2018-04-12,-0.0
2018-04-13,0.0
2018-04-15,-0.0
2018-04-16,-0.0
2018-04-17,-0.0
2018-04-18,0.0
2018-04-19,-0.0
2018-04-20,0.0
2018-04-22,-0.0
2018-04-23,0.0
2018-04-24,0.0
2018-04-25,-0.006071575365076
2018-04-26,-0.009966513148473952
2018-04-27,-0.00011086863655226577
2018-04-29,-0.0019144761257050892
2018-04-30,0.005393730330325626
2018-05-01,-0.00011198066659889537
2018-05-02,0.0
2018-05-03,-0.0
2018-05-04,-0.009406682940516638
2018-05-06,-0.00010874458136675092
2018-05-07,-0.0
2018-05-08,0.0
2018-05-09,0.0
2018-05-10,0.0
2018-05-11,-0.0
2018-05-13,0.0
2018-05-14,-0.0
2018-05-15,-0.0
2018-05-16,0.00359226060747408
2018-05-17,-0.00010937085878729622
2018-05-18,-0.0
2018-05-20,0.0
2018-05-21,-0.0
2018-05-22,-0.0
2018-05-23,0.0
2018-05-24,0.002905299894792129
2018-05-25,-0.0014526931992866704
2018-05-27,-0.00011064896337643506
2018-05-28,-0.0
2018-05-29,-0.0
2018-05-30,0.0037133899851363008
2018-05-31,-0.00011219061839353852
2018-06-01,-0.006735383683406154
2018-06-03,0.0010709879798499813
2018-06-04,0.002956430741536614
2018-06-05,-0.00011831477357184584
2018-06-06,0.0
2018-06-07,-0.0
2018-06-08,0.0002481689068056192
2018-06-10,-0.00013859750208588832
2018-06-11,0.0
2018-06-12,0.0
2018-06-13,-0.0
2018-06-14,0.0
2018-06-15,-0.0
2018-06-17,-0.0038118133633572096
2018-06-18,-0.0034500977105605423
2018-06-19,0.0033872276930294763
2018-06-20,0.011446934832234353
2018-06-21,-0.010439020236443603
2018-06-22,-0.0023975842198438206
2018-06-24,-0.0027221848170154795
2018-06-25,-0.012823575604276593
2018-06-26,0.0034520101076817096
2018-06-27,-0.006713940884072127
2018-06-28,0.007016371983167908
2018-06-29,-0.0023380006665666303
2018-07-01,0.00047818117184538617
2018-07-02,0.003501563247535627
2018-07-03,-0.0066338385803040335
2018-07-04,-0.00015620160980307158
2018-07-05,0.0
2018-07-06,0.012391921666326184
2018-07-08,-0.00016844503812107116
2018-07-09,0.0
2018-07-10,-0.0
2018-07-11,0.0
2018-07-12,0.0
2018-07-13,-0.0
2018-07-15,0.0
2018-07-16,-0.0
2018-07-17,0.0
2018-07-18,-0.0
2018-07-19,-0.0
2018-07-20,-0.0
2018-07-22,-0.0
2018-07-23,0.0
2018-07-24,-0.0
2018-07-25,-0.0014788884418253292
2018-07-26,0.004091616374020059
2018-07-27,-0.013853892777310549
2018-07-29,-0.003607549396185777
2018-07-30,-0.006024909367561289
2018-07-31,0.005528175668787403
2018-08-01,0.0017866136285132454
2018-08-02,0.010465548631093176
2018-08-03,0.002370494338758521
2018-08-05,-0.00015613709130031603
2018-08-06,0.0
2018-08-07,0.0
2018-08-08,0.0
2018-08-09,-0.0
2018-08-10,-0.0
2018-08-12,-0.004101573234969768
2018-08-13,0.003996524575679185
2018-08-14,0.0017288175020764773
2018-08-15,-0.00016070164343878773
2018-08-16,-0.0017254047099886402
2018-08-17,-0.0001609733657836878
2018-08-19,0.0
2018-08-20,-0.0
2018-08-21,-0.0
2018-08-22,0.0
2018-08-23,0.0
2018-08-24,0.005673858368849826
2018-08-26,-0.00016630907884092065
2018-08-27,0.0
2018-08-28,0.0
2018-08-29,0.0
2018-08-30,-0.0
2018-08-31,0.00255561658848819
2018-09-02,-0.00037228982143823003
2018-09-03,0.0007214624884494331
2018-09-04,-0.005038296377849308
2018-09-05,-0.011289228442539479
2018-09-06,-0.010678260400211375
2018-09-07,-0.0008577599311114669
2018-09-09,0.0026073331237738326
2018-09-10,0.0020571938834352205
2018-09-11,0.00420020757504735
2018-09-12,-0.003323179845615711
2018-09-13,0.01072108010178961
2018-09-14,-0.0034923410091193775
2018-09-16,-0.00018490224895091595
2018-09-17,-0.0
2018-09-18,0.0
2018-09-19,-0.0
2018-09-20,0.0
2018-09-21,-0.0
2018-09-23,-0.0
2018-09-24,0.0
2018-09-25,0.004556984037213171
2018-09-26,-0.00018781420489433703
2018-09-27,0.0065786397979480556
2018-09-28,-0.00019357668310124196
2018-09-30,0.004582603156666221
2018-10-01,-0.00553126354025256
2018-10-02,0.0012903406999556681
2018-10-03,-0.005020140613011599
2018-10-04,-0.014535264532233898
2018-10-05,-0.009134289067703102
2018-10-07,-0.0016081154488805562
2018-10-08,-0.003950799977239074
2018-10-09,-0.0012091739910384638
2018-10-10,-0.05476877411581821
2018-10-11,-0.01053301219097418
2018-10-12,-0.009399634691782401
2018-10-14,0.0032998098494908903
2018-10-15,0.003027444630409921
2018-10-16,-0.02055083575050268
2018-10-17,0.005210802802737231
2018-10-18,0.008139180216299063
2018-10-19,0.005545139999712663
2018-10-21,-0.0012773699838573246
2018-10-22,0.0012350476292575904
2018-10-23,-0.00012935269166499053
2018-10-24,0.018760766967227543
2018-10-25,0.002395924081505739
2018-10-26,-0.0015379331174566896
2018-10-28,-0.003374705471014067
2018-10-29,0.01154543586024068
2018-10-30,-0.0049459248970135416
2018-10-31,-0.012875729325109858
2018-11-01,-0.00011877165856153932
2018-11-02,0.0
2018-11-04,0.0004734447212366546
2018-11-05,0.0016823991160848841
2018-11-06,-0.0001146626199018325
2018-11-07,-0.0
2018-11-08,0.0
2018-11-09,0.0
2018-11-11,-0.0
2018-11-12,0.0
2018-11-13,0.0
2018-11-14,0.0
2018-11-15,-0.0
2018-11-16,-0.001305418037472874
2018-11-18,-0.00010646234893332494
2018-11-19,0.0
2018-11-20,0.004816205257632651
2018-11-21,-0.0009701444491042293
2018-11-22,-0.00010706052190911328
2018-11-23,0.0
2018-11-25,-0.0
2018-11-26,-0.0
2018-11-27,-0.0
2018-11-28,-0.0
2018-11-29,-0.00020604243293273695
2018-11-30,-9.770032987816892e-05
2018-12-02,-0.0
2018-12-03,0.0
2018-12-04,0.0
2018-12-05,0.008350695434366872
2018-12-06,-0.007979248443111217
2018-12-07,0.011399946662660329
2018-12-09,0.003403510408608657
2018-12-10,-0.00594671202868356
2018-12-11,-0.005094226177026201
2018-12-12,-0.0027458187633042715
2018-12-13,0.006866254697340684
2018-12-14,-9.39399384978194e-05
2018-12-16,-0.0
2018-12-17,0.0
2018-12-18,-0.0
2018-12-19,0.0
2018-12-20,-0.0
2018-12-21,0.0
2018-12-23,-0.0024509217590973262
2018-12-24,0.012923923492448764
2018-12-25,-0.00010724910614506073
2018-12-26,-0.0
2018-12-27,-0.004420748186116534
2018-12-28,0.0021559716629110963
2018-12-30,-0.00256927117128508
2018-12-31,-0.0005315796891960251
2019-01-01,-8.70416568053345e-05
2019-01-02,0.0
2019-01-03,0.0014013834925316671
2019-01-04,-0.012402736017848318
2019-01-06,-0.0010951516778272261
2019-01-07,-0.004029979402622973
2019-01-08,-8.182666187971565e-05
2019-01-09,0.0006543209629832592
2019-01-10,-8.211021436060179e-05
2019-01-11,-0.0
2019-01-13,0.0
2019-01-14,-0.0
2019-01-15,-0.0
2019-01-16,0.0
2019-01-17,-0.0
2019-01-18,-0.0
2019-01-20,0.0
2019-01-21,0.0
2019-01-22,0.0
2019-01-23,-6.40538875107313e-05
2019-01-24,-8.497811756657801e-05
2019-01-25,-0.0
2019-01-27,0.0
2019-01-28,0.0
2019-01-29,-0.0005735946475894222
2019-01-30,-8.58972626170361e-05
2019-01-31,0.0005567384213366652
2019-02-01,-0.00015684124186275057
2019-02-03,-8.435254570368022e-05
2019-02-04,-0.0
2019-02-05,-0.0
2019-02-06,-0.0
2019-02-07,-0.0
2019-02-08,-0.002586360306145631
2019-02-10,-8.540030544512235e-05
2019-02-11,-0.0
2019-02-12,-0.0
2019-02-13,0.0
2019-02-14,-0.0
2019-02-15,0.00399362164726111
2019-02-17,-8.787615098177723e-05
2019-02-18,0.0
2019-02-19,-0.0
2019-02-20,0.0
2019-02-21,-0.0
2019-02-22,0.0
2019-02-24,0.0
2019-02-25,-0.0
2019-02-26,0.0
2019-02-27,-0.0
2019-02-28,0.0
2019-03-01,0.0
2019-03-03,0.0
2019-03-04,-0.0
2019-03-05,6.803333438080537e-05
2019-03-06,-0.00011322570277529816
2019-03-07,-0.008657190198449207
2019-03-08,0.001852596124943538
2019-03-10,-0.00015513114170281206
2019-03-11,0.0
2019-03-12,-0.0
2019-03-13,0.0
2019-03-14,0.0
2019-03-15,0.0
2019-03-17,0.0001228466068139016
2019-03-18,0.001700284605969338
2019-03-19,0.00047811111093578
2019-03-20,0.005713262562902085
2019-03-21,0.010141264483184257
2019-03-22,-0.015378805374634544
2019-03-24,-0.005019196169456793
2019-03-25,0.00595533287669256
2019-03-26,0.000704722636243061
2019-03-27,-0.006113317278693579
2019-03-28,0.005388101413430693
2019-03-29,0.0038533223918400536
2019-03-31,-0.00015980701825776616
2019-04-01,0.0
2019-04-02,0.0
2019-04-03,0.0
2019-04-04,-0.0014327721887752263
2019-04-05,-0.00015920223791470343
2019-04-07,-0.0
2019-04-08,0.0
2019-04-09,-0.0
2019-04-10,0.0
2019-04-11,-0.0
2019-04-12,0.0
2019-04-14,0.0
2019-04-15,0.0
2019-04-16,0.0
2019-04-17,-0.0
2019-04-18,0.0039035849090761146
2019-04-21,-0.0001833074254485068
2019-04-22,0.004080288089799569
2019-04-23,-0.00019016993563066763
2019-04-24,0.004707290613319931
2019-04-25,-0.008556743621564491
2019-04-26,0.0056743924589566655
2019-04-28,-0.0001410136987893061
2019-04-29,-0.005473876870037005
2019-04-30,-0.00019143775697028848
2019-05-01,-0.010873098041853858
2019-05-02,-0.0007359636488248419
2019-05-03,0.012486953284895498
2019-05-05,-0.020177778793346302
2019-05-06,0.00802194680192027
2019-05-07,-0.008311662964626414
2019-05-08,-0.008773828867728468
2019-05-09,-0.002281747081283588
2019-05-10,0.003654427738096939
2019-05-12,-0.008997893066051465
2019-05-13,-0.016572369227209886
2019-05-14,0.007819703428414475
2019-05-15,-0.0001568150162984139
2019-05-16,0.0
2019-05-17,-0.0
2019-05-19,0.00281184880440503
2019-05-20,-0.010247561583392595
2019-05-21,0.0028889706007111226
2019-05-22,-0.00015353614545322912
2019-05-23,-0.0
2019-05-24,-0.0024052927166134438
2019-05-27,-0.0001614132051236022
2019-05-28,-0.0
2019-05-29,-0.0
2019-05-30,-0.0
2019-05-31,-0.0
2019-06-02,-0.0
2019-06-03,0.0
2019-06-04,-0.022875725038576582
2019-06-05,-0.0001677862870927275
2019-06-06,0.0
2019-06-07,0.0
2019-06-09,0.0
2019-06-10,0.0
2019-06-11,-0.0
2019-06-12,-0.0
2019-06-13,0.0
2019-06-14,-0.0
2019-06-16,0.0
2019-06-17,0.0
2019-06-18,0.0
2019-06-19,0.0
2019-06-20,-0.0
2019-06-21,0.0
2019-06-23,0.0
2019-06-24,-0.0
2019-06-25,-0.0
2019-06-26,0.0035541413025849972
2019-06-27,-0.0005650860264976107
2019-06-28,-0.00013199667656064087
2019-06-30,0.0
2019-07-01,-0.0
2019-07-02,0.003005347231431774
2019-07-03,-0.00012871570389904276
2019-07-04,0.0
2019-07-05,-0.0
2019-07-07,-0.001989888763686569
2019-07-08,-0.0038431475901490944
2019-07-09,0.00607034321216906
2019-07-10,0.007654430735506084
2019-07-11,-0.0010641291398083353
2019-07-12,0.001916160378182379
2019-07-14,-0.00012899388770087284
2019-07-15,0.0
2019-07-16,-0.0
2019-07-17,-0.0
2019-07-18,0.0
2019-07-19,-0.0106514765999113
2019-07-21,-0.00045513180527493837
2019-07-22,0.007848723211974077
2019-07-23,0.003064416702522044
2019-07-24,0.004022204996304876
2019-07-25,0.00042502662381653283
2019-07-26,0.00019225950269177098
2019-07-28,-0.00014159626576816197
2019-07-29,0.0
2019-07-30,-0.0
2019-07-31,-0.011692474243643365
2019-08-01,-0.007988588319937588
2019-08-02,0.006113965506244575
2019-08-04,0.009524241224645139
2019-08-05,0.024015799674442586
2019-08-06,-0.010698384140247335
2019-08-07,-0.009036870596065779
2019-08-08,-0.009902489825040325
2019-08-09,0.0028430834854600807
2019-08-11,-0.0023180705985452895
2019-08-12,-0.008634850905554332
2019-08-13,0.011618300753659154
2019-08-14,-0.016815817653848337
2019-08-15,0.001960529227063484
2019-08-16,0.005161387991424915
2019-08-18,-0.00012564862253919924
2019-08-19,0.0
2019-08-20,-0.0
2019-08-21,0.0
2019-08-22,0.0
2019-08-23,-0.0
2019-08-25,-0.0033241806292430335
2019-08-26,0.010629070621967388
2019-08-27,-0.00012235255555849818
2019-08-28,-0.0
2019-08-29,0.0
2019-08-30,-0.0
2019-09-01,-0.0
2019-09-02,0.0
2019-09-03,0.0
2019-09-04,0.011849521142877047
2019-09-05,-0.00011458996637712434
2019-09-06,-0.0
2019-09-08,0.0
2019-09-09,-0.0
2019-09-10,-0.0
2019-09-11,0.0
2019-09-12,-0.0
2019-09-13,-0.0
2019-09-15,-0.0
2019-09-16,0.0
2019-09-17,0.0
2019-09-18,-0.0
2019-09-19,0.0
2019-09-20,-0.0
2019-09-22,0.0021751971582828385
2019-09-23,0.0008141687274529109
2019-09-24,-0.00011147853050650632
2019-09-25,-0.003944914905994572
2019-09-26,-0.0030928372636224353
2019-09-27,-0.004540663424523265
2019-09-29,0.00304083158761692
2019-09-30,0.004234947488373094
2019-10-01,-0.000113750051062433
2019-10-02,0.00965378742968538
2019-10-03,-0.005512465776249324
2019-10-04,-0.008318499116832575
2019-10-06,0.002491527910375
2019-10-07,-0.003381280646446499
2019-10-08,-0.00010983157853424503
2019-10-09,-0.00330048013839773
2019-10-10,-0.00010609452034506632
2019-10-11,-0.0050392143143275
2019-10-13,-0.0011133612278736561
2019-10-14,-0.00025157594269764556
2019-10-15,-0.00010605908538889745
2019-10-16,-0.0
2019-10-17,0.0
2019-10-18,-0.0
2019-10-20,0.0
2019-10-21,-0.0
2019-10-22,-0.0
2019-10-23,-0.0
2019-10-24,-0.0
2019-10-25,-0.0
2019-10-27,0.0
2019-10-28,0.0
2019-10-29,-0.0
2019-10-30,0.0
2019-10-31,0.0
2019-11-01,0.003316455233685195
2019-11-03,-0.00012331321231293614
2019-11-04,0.0
2019-11-05,-0.0
2019-11-06,-0.0
2019-11-07,0.0
2019-11-08,0.00487113108775249
2019-11-10,-0.00014554039869804826
2019-11-11,0.0
2019-11-12,0.0
2019-11-13,0.0
2019-11-14,0.0037600206581804557
2019-11-15,0.0019740675925569127
2019-11-17,-0.000407326635555247
2019-11-18,0.003164332203356851
2019-11-19,-0.003168813074797035
2019-11-20,-0.004748881845816823
2019-11-21,0.002760578646003614
2019-11-22,-0.0010526044440761844
2019-11-24,-0.00015907712262290636
2019-11-25,0.0
2019-11-26,0.0
2019-11-27,0.0
2019-11-28,-0.0
2019-11-29,0.0
2019-12-01,0.0
2019-12-02,-0.0
2019-12-03,-0.006810623502492143
2019-12-04,0.0031368561711875736
2019-12-05,0.002959821367097845
2019-12-06,0.008165679040404024
2019-12-08,-0.00016619165524573256
2019-12-09,-0.0
2019-12-10,-0.0
2019-12-11,0.0055468465633822924
2019-12-12,-0.00017080680624096396
2019-12-13,-0.0017113928223531694
2019-12-15,-0.00018183897621454917
2019-12-16,0.0
2019-12-17,-0.0
2019-12-18,0.0
2019-12-19,0.0
2019-12-20,0.0
2019-12-22,0.0
2019-12-23,0.0
2019-12-24,0.0
2019-12-25,0.0
2019-12-26,0.0
2019-12-27,-0.0
2019-12-29,0.0030365363734075924
2019-12-30,-0.007647619292904231
2019-12-31,0.0026558922138776443
2020-01-01,0.002684364894176408
2020-01-02,0.006782854587276522
2020-01-03,-0.002504585545416352
2020-01-05,-0.003499084488515528
2020-01-06,0.013945340584217905
2020-01-07,-0.010662928162750876
2020-01-08,0.0209399027204939
2020-01-09,0.011390871012414198
2020-01-10,-0.007312223146765602
2020-01-12,0.003817604006883656
2020-01-13,0.009985836728444343
2020-01-14,-0.006251181901330121
2020-01-15,0.004678269430005684
2020-01-16,0.008110129276629206
2020-01-17,-0.00020348162581045853
2020-01-19,0.0
2020-01-20,-0.0
2020-01-21,0.0
2020-01-22,-0.005013417603878561
2020-01-23,0.009877171758086637
2020-01-24,-0.014619386150230703
2020-01-26,-0.013010683892609709
2020-01-27,-0.0023350319248449276
2020-01-28,0.014724612497269269
2020-01-29,-0.008626938799767055
2020-01-30,0.019160085815554118
2020-01-31,-0.021414631381022457
2020-02-02,0.00479187602477996
2020-02-03,0.009032474642324186
2020-02-04,0.014905859959264026
2020-02-05,-0.00013750848590721347
2020-02-06,-0.0007724378375776677
2020-02-07,-0.00013165520289026936
2020-02-09,-0.0
2020-02-10,0.0
2020-02-11,-0.0
2020-02-12,0.0
2020-02-13,0.0
2020-02-14,-0.0
2020-02-16,0.0
2020-02-17,-0.0
2020-02-18,0.0
2020-02-19,0.0033891536110975708
2020-02-20,-0.00012887730298516534
2020-02-21,-0.009258659994034977
2020-02-23,-0.012929456664696462
2020-02-24,-0.007674263599024453
2020-02-25,-0.020585900714153067
2020-02-26,-0.015339219362914483
2020-02-27,-0.02969965617181436
2020-02-28,-0.014668001569620701
2020-03-01,-0.0006974195261308688
2020-03-02,0.017284786599170186
2020-03-03,-0.005007358620201678
2020-03-04,0.0070850268427699965
2020-03-05,-8.797905160736884e-05
2020-03-06,-0.0
2020-03-08,-0.021657874939219605
2020-03-09,-0.004975065997805266
2020-03-10,-8.01543568071934e-05
2020-03-11,0.0
2020-03-12,0.0
2020-03-13,-0.0
2020-03-15,0.0
2020-03-16,0.0
2020-03-17,0.0
2020-03-18,0.0
2020-03-19,-0.0
2020-03-20,0.0
2020-03-22,0.0
2020-03-23,-0.0
2020-03-24,-0.0
2020-03-25,-0.0
2020-03-26,-0.0
2020-03-27,0.0
2020-03-29,0.0
2020-03-30,-0.0
2020-03-31,0.0
2020-04-01,0.0
2020-04-02,-0.0
2020-04-03,0.0
2020-04-05,-0.0
2020-04-06,-0.0
2020-04-07,-0.0
2020-04-08,-0.0032872309701110058
2020-04-09,-3.6296682090089054e-05
2020-04-12,0.002211500202037097
2020-04-13,-0.007360636968756626
2020-04-14,-3.467770190161843e-05
2020-04-15,0.0
2020-04-16,-0.0
2020-04-17,0.0023040641210778003
2020-04-19,0.0003090046501850689
2020-04-20,0.0028873170796063323
2020-04-21,-3.4450065419613585e-05
2020-04-22,-0.0028063281459839704
2020-04-23,-3.403892482520384e-05
2020-04-24,-0.0
2020-04-26,-0.0
2020-04-27,0.0
2020-04-28,-0.0
2020-04-29,-0.0
2020-04-30,-0.0
2020-05-01,0.0017495215201317174
2020-05-03,-3.313066306563419e-05
2020-05-04,-0.0
2020-05-05,-0.0
2020-05-06,-0.0
2020-05-07,-0.0
2020-05-08,0.0
2020-05-10,-0.0
2020-05-11,0.0
2020-05-12,0.0
2020-05-13,0.001568859269656642
2020-05-14,-0.0018807341406367401
2020-05-15,-0.0002972701164772732
2020-05-17,-0.0020519884919027584
2020-05-18,-0.002276695014175463
2020-05-19,-3.1931093405460304e-05
2020-05-20,-0.0
2020-05-21,0.0
2020-05-22,-0.0
2020-05-24,-0.0
2020-05-25,-0.0
2020-05-26,0.0
2020-05-27,-0.0009284308438463661
2020-05-28,0.0006740128619374472
2020-05-29,0.00382775202429111
2020-05-31,-0.00014957676745308338
2020-06-01,-0.0001328706098450004
2020-06-02,-5.151693051384122e-05
2020-06-03,-0.0
2020-06-04,-0.0
2020-06-05,0.0
2020-06-07,0.0011275161311901445
2020-06-08,0.0016311123256960544
2020-06-09,-6.0179940162134824e-05
2020-06-10,0.002259649959606769
2020-06-11,-0.015082855277982445
2020-06-12,-0.0022050649599746216
2020-06-14,-0.0037618839660595025
2020-06-15,0.01641509793146266
2020-06-16,-6.480303300961823e-05
2020-06-17,-0.0
2020-06-18,0.0
2020-06-19,-0.0
2020-06-21,0.0019319547187550345
2020-06-22,0.005832787492228557
2020-06-23,-6.387949153859686e-05
2020-06-24,-0.0
2020-06-25,0.0045116716286503645
2020-06-26,-0.00989020341626416
2020-06-28,-0.0009747389779567168
2020-06-29,0.0069856012563995346
2020-06-30,0.0058802763704243095
2020-07-01,-7.044967263835707e-05
2020-07-02,0.0
2020-07-03,-0.0
2020-07-05,0.0
2020-07-06,0.0
2020-07-07,-0.001844842945364057
2020-07-08,0.004427558709836797
2020-07-09,0.0016322497782655387
2020-07-10,0.0070271905690566065
2020-07-12,0.001979222501606727
2020-07-13,-0.01210160095177726
2020-07-14,0.002994663326462421
2020-07-15,-0.004574333357514043
2020-07-16,7.12711165283159e-05
2020-07-17,0.0014655612550825217
2020-07-19,-7.918273930374451e-05
2020-07-20,0.0
2020-07-21,-0.0
2020-07-22,-0.004342047594453262
2020-07-23,-7.492369042221013e-05
2020-07-24,-0.004257778740230618
2020-07-26,0.0033054747812703237
2020-07-27,0.009146240123046797
2020-07-28,-7.229438559779207e-05
2020-07-29,0.0
2020-07-30,0.0
2020-07-31,0.0
2020-08-02,0.0012789264941866886
2020-08-03,0.004794419033863993
2020-08-04,-6.657204769999205e-05
2020-08-05,-0.0
2020-08-06,0.0
2020-08-07,-0.0
2020-08-09,-0.0006975833394507514
2020-08-10,0.00022355710450795203
2020-08-11,-6.781717326146873e-05
2020-08-12,0.00883841693100812
2020-08-13,-6.491034506942942e-05
2020-08-14,-0.0
2020-08-16,0.0
2020-08-17,0.0
2020-08-18,0.0
2020-08-19,-0.0
2020-08-20,0.0
2020-08-21,0.0
2020-08-23,0.0
2020-08-24,0.0
2020-08-25,0.002460131481760467
2020-08-26,0.008656758262990652
2020-08-27,0.0024015775993547
2020-08-28,-0.0005394026432042923
2020-08-30,0.004083333760597337
2020-08-31,0.0032396935289413517
2020-09-01,0.008820558085008071
2020-09-02,0.0008016869501521547
2020-09-03,-0.03233072196875198
2020-09-04,-0.00272550567425927
2020-09-06,-0.003358802534998449
2020-09-07,0.0017656571245909375
2020-09-08,-0.01425569653450746
2020-09-09,0.009679657739630582
2020-09-10,-0.005441380113938209
2020-09-11,-0.0063929809100163795
2020-09-13,-5.933946160011946e-05
2020-09-14,0.0
2020-09-15,0.0
2020-09-16,-0.0
2020-09-17,-0.0
2020-09-18,-0.0
2020-09-20,0.0002399164534806935
2020-09-21,0.0005804323749253499
2020-09-22,0.005061545147248157
2020-09-23,-5.998974090065326e-05
2020-09-24,0.0
2020-09-25,0.00684578769850458
2020-09-27,-5.6475120744731905e-05
2020-09-28,0.0
2020-09-29,-0.0
2020-09-30,0.0
2020-10-01,0.0020425368759636824
2020-10-02,-0.010346973839789763
2020-10-04,0.004133142884898889
2020-10-05,0.003357777177749936
2020-10-06,-5.757872291353083e-05
2020-10-07,0.008666809537995014
2020-10-08,-5.673123641046404e-05
2020-10-09,0.0
2020-10-11,0.0
2020-10-12,0.0
2020-10-13,0.002886636830216413
2020-10-14,-0.008847361188222394
2020-10-15,0.001192358131079876
2020-10-16,-0.0036650798182716778
2020-10-18,-5.362762719126788e-05
2020-10-19,-0.0
2020-10-20,0.0010613011966556073
2020-10-21,-0.003390155918250785
2020-10-22,0.0016320733903791654
2020-10-23,-5.5174329960960475e-05
2020-10-25,-0.0
2020-10-26,-0.0
2020-10-27,0.0013709835570817435
2020-10-28,-5.7229058498032716e-05
2020-10-29,-0.0014856278156336377
2020-10-30,-0.004606965623207115
2020-11-01,-0.0006843409453176323
2020-11-02,0.0005567401572426762
2020-11-03,-5.602558960032368e-05
2020-11-04,0.0
2020-11-05,-0.0004307814040834144
2020-11-06,-4.933422283469435e-05
2020-11-08,0.0
2020-11-09,-0.0
2020-11-10,-0.0018884549142990066
2020-11-11,0.004098086489358435
2020-11-12,-4.614467926281992e-05
2020-11-13,0.0
2020-11-15,0.0
2020-11-16,-0.0
2020-11-17,-0.0
2020-11-18,-0.0
2020-11-19,0.0
2020-11-20,-0.0
2020-11-22,0.0
2020-11-23,0.0
2020-11-24,0.0
2020-11-25,0.0
2020-11-26,-0.0
2020-11-27,0.0
2020-11-29,-0.0
2020-11-30,0.0
2020-12-01,0.0022242858462417888
2020-12-02,0.0009411316477268364
2020-12-03,-5.3753361700450615e-05
2020-12-04,0.0
2020-12-06,0.0
2020-12-07,0.0
2020-12-08,0.0
2020-12-09,-0.0
2020-12-10,0.0010868106456971914
2020-12-11,-0.00025660638689245047
2020-12-13,-5.61241418172242e-05
2020-12-14,0.0
2020-12-15,0.0
2020-12-16,0.0
2020-12-17,0.0
2020-12-18,0.0
2020-12-20,0.00029148003966335414
2020-12-21,-0.002076101431582125
2020-12-22,0.00026005765749498186
2020-12-23,-0.0008349365324754285
2020-12-24,-5.976857805703832e-05
2020-12-27,0.0
2020-12-28,0.0
2020-12-29,0.0
2020-12-30,-0.0016356396400860342
2020-12-31,-6.197536591700235e-05
2021-01-03,-0.0
2021-01-04,-0.0
2021-01-05,-0.002498518408826798
2021-01-06,0.0034239420392589465
2021-01-07,0.009932041635144901
2021-01-08,0.00583696351816344
2021-01-10,-0.0033112689788052005
2021-01-11,-0.004772730484013338
2021-01-12,0.0008821896927534426
2021-01-13,0.0011124564809431405
2021-01-14,-6.287765493495787e-05
2021-01-15,-0.0
2021-01-17,-0.0003674350171503377
2021-01-18,0.007613393787292175
2021-01-19,0.0044212060960265205
2021-01-20,0.016250919738357454
2021-01-21,-7.387905115057316e-05
2021-01-22,0.0
2021-01-24,0.0
2021-01-25,-0.0
2021-01-26,0.009243232020450968
2021-01-27,-0.030401783282987663
2021-01-28,-0.00041518837355568637
2021-01-29,-0.006086232895675187
2021-01-31,0.003381653281133515
2021-02-01,0.01873502142905383
2021-02-02,0.008992206678946048
2021-02-03,-7.563346201472292e-05
2021-02-04,0.0
2021-02-05,0.0
2021-02-07,0.0
2021-02-08,0.0
2021-02-09,0.0
2021-02-10,-0.0
2021-02-11,0.0020383907846926877
2021-02-12,-7.132112046546512e-05
2021-02-14,0.0
2021-02-15,0.0
2021-02-16,-0.0
2021-02-17,-0.005595497729789949
2021-02-18,-0.0020831479832968455
2021-02-19,-0.0003949758164213025
2021-02-21,-0.0013571253902324946
2021-02-22,-0.00981656868794683
2021-02-23,-0.00778781318552369
2021-02-24,0.007919671184005177
2021-02-25,-0.026235176949386207
2021-02-26,0.006029416074266858
2021-02-28,0.006069876672729665
2021-03-01,0.007955579205690148
2021-03-02,-6.427990593750779e-05
2021-03-03,-0.0
2021-03-04,-0.006525534607639794
2021-03-05,0.00964693135550495
2021-03-07,-0.004068504709293225
2021-03-08,-0.003121128007385992
2021-03-09,-0.011527094461412493
2021-03-10,-5.702902452333087e-05
2021-03-11,0.0
2021-03-12,-0.0
2021-03-14,0.0
2021-03-15,0.0
2021-03-16,0.0
2021-03-17,0.0
2021-03-18,-0.0
2021-03-19,0.0
2021-03-21,0.0022540606865858576
2021-03-22,0.004192041944120254
2021-03-23,-5.311969437187052e-05
2021-03-24,-0.008228465499742448
2021-03-25,0.0005068326858277737
2021-03-26,0.004519386444232163
2021-03-28,-0.002106776819264821
2021-03-29,0.00041322196427807397
2021-03-30,-0.0007268348137628753
2021-03-31,-5.2409906500723084e-05
2021-04-01,0.0
2021-04-02,-0.0
2021-04-04,-0.0
2021-04-05,0.0
2021-04-06,-0.0
2021-04-07,0.0
2021-04-08,0.0
2021-04-09,0.0
2021-04-11,-0.0
2021-04-12,0.0
2021-04-13,0.0
2021-04-14,-0.0
2021-04-15,0.005764604273367341
2021-04-16,0.0018515984314903546
2021-04-18,-5.4294083025973357e-05
2021-04-19,-0.004192076475875141
2021-04-20,-0.006288258044175706
2021-04-21,0.006084673205142513
2021-04-22,-0.0042127643691545315
2021-04-23,0.004714979491143205
2021-04-25,-5.3531027918845105e-05
2021-04-26,0.0
2021-04-27,-0.0
2021-04-28,0.0
2021-04-29,-0.004325553626442044
2021-04-30,-0.0007228024061650506
2021-05-02,0.0001873091976383326
2021-05-03,-0.004441320068367897
2021-05-04,-5.506432042589344e-05
2021-05-05,-0.003811101079218183
2021-05-06,-5.531902393033323e-05
2021-05-07,0.0030004601523344887
2021-05-09,0.0008175528404745096
2021-05-10,-0.01997114381027144
2021-05-11,-0.0030217465079312956
2021-05-12,0.00843798205271903
2021-05-13,-0.004028415823080381
2021-05-14,-0.009448931425393848
2021-05-16,-6.49592813875332e-05
2021-05-17,0.0
2021-05-18,0.0
2021-05-19,-0.0
2021-05-20,-0.01295800972582987
2021-05-21,-6.734159011279022e-05
2021-05-23,0.0
2021-05-24,-0.0
2021-05-25,0.0
2021-05-26,-0.0
2021-05-27,0.0
2021-05-28,0.0
2021-05-30,0.0
2021-05-31,-0.0
2021-06-01,-0.0
2021-06-02,0.0
2021-06-03,-0.0
2021-06-04,0.010744511611832562
2021-06-06,-7.021508332581816e-05
2021-06-07,0.003909493178623564
2021-06-08,-6.891017303935852e-05
2021-06-09,4.119332141122535e-05
2021-06-10,-6.80340165294103e-05
2021-06-11,0.0006254277168045232
2021-06-13,-7.04679216344186e-05
2021-06-14,0.0
2021-06-15,-0.0
2021-06-16,-0.0
2021-06-17,0.0
2021-06-18,-0.0
2021-06-20,-0.0015293069335550974
2021-06-21,0.0053223989334655955
2021-06-22,0.006743164129569138
2021-06-23,0.00027800774599412296
2021-06-24,-6.723985683294745e-05
2021-06-25,-0.0014529908567409847
2021-06-27,0.0008548066903063793
2021-06-28,0.005867159852571404
2021-06-29,0.003936446769937146
2021-06-30,-6.789902335683935e-05
2021-07-01,-0.0019738116140035605
2021-07-02,0.008269717853253818
2021-07-04,-0.000216708264190679
2021-07-05,-0.0010469899922150763
2021-07-06,0.004475746623038504
2021-07-07,-1.1595474024426436e-05
2021-07-08,-0.004661897657529219
2021-07-09,0.005814528540193533
2021-07-11,-6.888010964295405e-05
2021-07-12,0.0
2021-07-13,-0.0
2021-07-14,0.0010969716758545299
2021-07-15,-0.006508869519148786
2021-07-16,-0.003619881723571509
2021-07-18,-0.001477881328181005
2021-07-19,-0.0006471824797455657
2021-07-20,0.0039354597879866695
2021-07-21,0.007815797027668261
2021-07-22,-8.193284085348982e-05
2021-07-23,0.0
2021-07-25,-0.0
2021-07-26,0.0
2021-07-27,-0.0
2021-07-28,0.001032762346849435
2021-07-29,-0.006017276754948316
2021-07-30,-8.942766120644719e-05
2021-08-01,0.0035302759612201775
2021-08-02,-0.004490927802755723
2021-08-03,-9.481834229895787e-05
2021-08-04,0.003040674043160298
2021-08-05,-9.814384696736449e-05
2021-08-06,-0.0
2021-08-08,-0.0
2021-08-09,0.0
2021-08-10,-0.0
2021-08-11,-0.0030006641606930328
2021-08-12,0.004000805022159846
2021-08-13,-9.699900142506251e-05
2021-08-15,-0.0
2021-08-16,0.0
2021-08-17,-0.007614083074192906
2021-08-18,-0.01002123593488513
2021-08-19,0.00422896045379509
2021-08-20,0.011382884581469759
2021-08-22,0.0031839904646321486
2021-08-23,0.011465312601573149
2021-08-24,-0.00010015134006670137
2021-08-25,-0.0
2021-08-26,-0.0
2021-08-27,0.006799997547096058
2021-08-29,-0.00011020049571183343
2021-08-30,0.0
2021-08-31,0.0
2021-09-01,-0.000322265958352844
2021-09-02,-0.00011411094334051385
2021-09-03,0.0
2021-09-05,0.0
2021-09-06,0.0
2021-09-07,0.0
2021-09-08,-0.006831249432252076
2021-09-09,-0.0012528995710030283
2021-09-10,-0.008666087388951233
2021-09-12,-0.00011777538788670652
2021-09-13,-0.0
2021-09-14,-0.0
2021-09-15,0.0
2021-09-16,0.0
2021-09-17,-0.0
2021-09-19,-0.006924792451274549
2021-09-20,-0.01049908106701524
2021-09-21,-0.0023844609373972923
2021-09-22,0.011290336540318077
2021-09-23,0.007815182512077237
2021-09-24,0.001373782408109194
2021-09-26,-0.00011441078231197965
2021-09-27,-0.0
2021-09-28,-0.023752083263870603
2021-09-29,-0.0012344083677591762
2021-09-30,-0.014591365184597176
2021-10-01,0.0109305262163047
2021-10-03,-0.002107712232975944
2021-10-04,-0.014400502062593768
2021-10-05,-0.004369670223224375
2021-10-06,-0.01882343037076618
2021-10-07,0.0019327612276064709
2021-10-08,-9.129652453012128e-05
2021-10-10,-0.0
2021-10-11,-0.0
2021-10-12,0.0
2021-10-13,-0.0
2021-10-14,-0.0
2021-10-15,0.0
2021-10-17,-0.0
2021-10-18,0.0
2021-10-19,0.0
2021-10-20,-0.0
2021-10-21,0.0
2021-10-22,-0.0
2021-10-24,-0.0
2021-10-25,0.012009905390041094
2021-10-26,-8.060494249000796e-05
2021-10-27,0.00366155190918408
2021-10-28,0.0025496933358303336
2021-10-29,-7.82616738152602e-05
2021-10-31,0.0
2021-11-01,-0.0
2021-11-02,0.0
2021-11-03,0.0
2021-11-04,0.0
2021-11-05,0.00015755760534799556
2021-11-07,-0.0025932645472105257
2021-11-08,0.0006578226466998154
2021-11-09,-7.578203247735997e-05
2021-11-10,-0.0075713196905633166
2021-11-11,0.002698442563681474
2021-11-12,-7.463836390431328e-05
2021-11-14,0.0
2021-11-15,-0.0
2021-11-16,0.0
2021-11-17,0.0
2021-11-18,0.0
2021-11-19,7.454606029172237e-05
2021-11-21,0.0015519975164034617
2021-11-22,-0.011202639312072346
2021-11-23,-0.0035708528987533194
2021-11-24,0.0051511755650591705
2021-11-25,-0.00458693513932086
2021-11-26,-0.01067023028153959
2021-11-28,0.007775861518854612
2021-11-29,0.007913377400894029
2021-11-30,-0.0014916435452013899
2021-12-01,-0.018035875463710577
2021-12-02,0.0009833766861472542
2021-12-03,-0.011704192328231076
2021-12-05,0.0019664417739838303
2021-12-06,0.006314571242588503
2021-12-07,0.020522827698960147
2021-12-08,-6.373841819118759e-05
2021-12-09,-0.0
2021-12-10,0.0
2021-12-12,0.0
2021-12-13,-0.0
2021-12-14,-0.0
2021-12-15,0.0
2021-12-16,-0.0
2021-12-17,-0.0
2021-12-19,-0.006954640782783474
2021-12-20,0.0048937146215696494
2021-12-21,0.0060521642054128235
2021-12-22,-5.655812543165128e-05
2021-12-23,0.0
2021-12-26,0.0
2021-12-27,0.0
2021-12-28,-0.0
2021-12-29,-0.0
2021-12-30,-0.0
2021-12-31,-0.0
2022-01-02,0.0
2022-01-03,0.0
2022-01-04,-0.010878797616421514
2022-01-05,-0.01951141068430537
2022-01-06,0.004841065797989758
2022-01-07,-0.006459297148968698
2022-01-09,0.0018337610289521655
2022-01-10,-0.0013983098443324528
2022-01-11,0.007679628504297139
2022-01-12,0.00046837170676387326
2022-01-13,-0.011385686101297561
2022-01-14,0.0033511206715588567
2022-01-16,-0.0021725187744321946
2022-01-17,-0.002547458537921316
2022-01-18,-0.012528963822953054
2022-01-19,-0.0016481513973218393
2022-01-20,-0.015348483098954858
2022-01-21,0.006986271653106986
2022-01-23,-0.003677338966590747
2022-01-24,0.009794410996172023
2022-01-25,-0.00014081729733865416
2022-01-26,0.009663483138611144
2022-01-27,-0.005247362495221225
2022-01-28,-0.009779452511277752
2022-01-30,-0.0024810378926504776
2022-01-31,-0.01202875740563166
2022-02-01,-4.746305491439645e-05
2022-02-02,0.0
2022-02-03,0.0
2022-02-04,0.0
2022-02-06,-0.0
2022-02-07,0.0
2022-02-08,-0.0
2022-02-09,-0.0
2022-02-10,0.0
2022-02-11,0.00982062121014345
2022-02-13,-0.0009377995353517286
2022-02-14,-0.0003411037659596024
2022-02-15,-4.600824280480609e-05
2022-02-16,0.0
2022-02-17,0.0
2022-02-18,0.0
2022-02-20,-0.0012437689779061757
2022-02-21,0.011173549741023501
2022-02-22,-0.008538143263866276
2022-02-23,0.022891025185202668
2022-02-24,-4.8027415423884385e-05
2022-02-25,-0.008115125971543125
2022-02-27,0.009401982569043803
2022-02-28,-0.01036230924522178
2022-03-01,0.0037280702008364052
2022-03-02,-3.8918954068719084e-05
2022-03-03,0.0
2022-03-04,0.0
2022-03-06,0.0
2022-03-07,0.0
2022-03-08,-0.0
2022-03-09,-0.00910235710471445
2022-03-10,-4.065904558261157e-05
2022-03-11,0.0
2022-03-13,-0.0
2022-03-14,0.0
2022-03-15,-0.0
2022-03-16,-0.0
2022-03-17,-0.0
2022-03-18,-0.0
2022-03-20,0.0
2022-03-21,0.0
2022-03-22,-0.00721356855934996
2022-03-23,-3.532124510583994e-05
2022-03-24,-0.005066409296167691
2022-03-25,-3.45015290335007e-05
2022-03-27,0.0008771730775059359
2022-03-28,-0.005622569522878942
2022-03-29,-0.005056734886579227
2022-03-30,0.0011651973942124049
2022-03-31,0.004945741071397172
2022-04-01,0.0019138252582489254
2022-04-03,0.00014806608031604892
2022-04-04,-0.007033408273270042
2022-04-05,-3.534427920153332e-05
2022-04-06,0.006976331780749301
2022-04-07,-0.001650975763671725
2022-04-08,0.004560906277848291
2022-04-10,0.002733453716455168
2022-04-11,0.00635041902212374
2022-04-12,-0.002060902292262157
2022-04-13,-0.0051530332297281935
2022-04-14,-3.799490441191504e-05
2022-04-17,0.0
2022-04-18,-0.0
2022-04-19,-0.0
2022-04-20,-0.0
2022-04-21,0.009921232575215667
2022-04-22,0.00804916481527806
2022-04-24,0.0013147966450788296
2022-04-25,-0.007110164183789278
2022-04-26,0.011675077254904801
2022-04-27,-0.0028130247997831823
2022-04-28,-0.0029237118901080934
2022-04-29,0.009323659410744716
2022-05-01,0.0001973280649299163
2022-05-02,-0.00623105451397629
2022-05-03,0.0011624499479906234
2022-05-04,-3.6809071214948915e-05
2022-05-05,0.015494970423998089
2022-05-06,0.004410608824073155
2022-05-08,0.002091269674723281
2022-05-09,0.007342988481500869
2022-05-10,-0.00395978133009364
2022-05-11,0.011088212357195726
2022-05-12,-0.0010880422664896546
2022-05-13,-0.00809674910402479
2022-05-15,-4.417699434571717e-05
2022-05-16,0.0
2022-05-17,-0.0
2022-05-18,0.0
2022-05-19,-0.0
2022-05-20,0.00470053102337894
2022-05-22,-0.0035269016620997893
2022-05-23,0.0021953237552084946
2022-05-24,-4.4244150464947195e-05
2022-05-25,-0.0
2022-05-26,-0.0
2022-05-27,-0.0
2022-05-29,-0.0
2022-05-30,0.0
2022-05-31,0.0
2022-06-01,0.003337401427674941
2022-06-02,-4.148791740189075e-05
2022-06-03,0.0
2022-06-05,-0.0
2022-06-06,0.0
2022-06-07,-0.0
2022-06-08,0.0
2022-06-09,0.0
2022-06-10,0.011530385128111201
2022-06-12,-4.544052189756049e-05
2022-06-13,0.0
2022-06-14,-0.0
2022-06-15,-0.0
2022-06-16,0.0
2022-06-17,-0.0
2022-06-19,-0.0013144113997670243
2022-06-20,-0.002959579245219642
2022-06-21,-0.00020469375604972878
2022-06-22,-0.0016793415536063944
2022-06-23,-0.00812611543279349
2022-06-24,-0.00743265592489365
2022-06-26,-4.11907612407998e-05
2022-06-27,0.0
2022-06-28,0.0
2022-06-29,0.0007873272189815862
2022-06-30,0.005488264277072478
2022-07-01,-0.004144724540982184
2022-07-03,0.0020301477858687337
2022-07-04,-0.0033379748486555357
2022-07-05,-0.003696023583959709
2022-07-06,-0.0030610130995104615
2022-07-07,-0.004601451766907725
2022-07-08,-4.2758171172832845e-05
2022-07-10,0.003293629033356404
2022-07-11,-4.46106960370116e-05
2022-07-12,0.0
2022-07-13,0.0
2022-07-14,-0.0034851821269818507
2022-07-15,-0.004743427045568088
2022-07-17,-4.748445852662548e-05
2022-07-18,0.0
2022-07-19,-0.0
2022-07-20,-0.0
2022-07-21,-0.0035736745997313655
2022-07-22,-4.658148269667228e-05
2022-07-24,0.00032892747485150666
2022-07-25,0.0029907890395771126
2022-07-26,-4.7677747155062826e-05
2022-07-27,-0.0
2022-07-28,-0.010301657311093632
2022-07-29,-0.0017175132499649155
2022-07-31,-4.7384505091670026e-05
2022-08-01,0.0
2022-08-02,-0.00033441528710187164
2022-08-03,-0.00991616707366629
2022-08-04,0.003269036149600639
2022-08-05,-4.6130851463158735e-05
2022-08-07,-0.0002592151362420657
2022-08-08,-0.0007510142361673001
2022-08-09,-4.956462706979977e-05
2022-08-10,0.0
2022-08-11,-0.0
2022-08-12,0.006726921882017591
2022-08-14,-4.71444359712817e-05
2022-08-15,0.0
2022-08-16,-0.0
2022-08-17,-0.0
2022-08-18,0.0012337202138004509
2022-08-19,-4.898573028520824e-05
2022-08-21,-0.0013624292799614994
2022-08-22,-0.00896535036199124
2022-08-23,-0.003411680266507634
2022-08-24,-5.403035571333723e-05
2022-08-25,0.0
2022-08-26,-0.0
2022-08-28,-0.005132181391969663
2022-08-29,0.0015482671910017163
2022-08-30,0.0030218052364537084
2022-08-31,0.008609728028202876
2022-09-01,-0.00351504816531494
2022-09-02,0.005066675529322281
2022-09-04,0.0007235501204188971
2022-09-05,-0.0034149415772739295
2022-09-06,0.00872119019652404
2022-09-07,-0.011403027056456167
2022-09-08,-5.88736455182381e-05
2022-09-09,-0.0077785934465787535
2022-09-11,-5.71312032891631e-05
2022-09-12,0.0
2022-09-13,-0.0
2022-09-14,0.0
2022-09-15,-0.0
2022-09-16,0.0
2022-09-18,-0.0018423354510404106
2022-09-19,0.005784741799255606
2022-09-20,-5.3311085605803863e-05
2022-09-21,-0.010609337062942757
2022-09-22,-0.002092173289795911
2022-09-23,-0.005635972584775145
2022-09-25,0.0014029566230280336
2022-09-26,-0.002284580031564126
2022-09-27,0.006179137600116353
2022-09-28,-0.010554105342284681
2022-09-29,0.009494663777251156
2022-09-30,0.005045029614470298
2022-10-02,0.004191509159277387
2022-10-03,-0.014154384103639719
2022-10-04,-0.006687091399067888
2022-10-05,0.0035249840105456348
2022-10-06,-5.0744737722886096e-05
2022-10-07,0.014637411536243646
2022-10-09,-5.4927214142615395e-05
2022-10-10,0.0
2022-10-11,0.0
2022-10-12,0.0009658164249549821
2022-10-13,-5.2332473601923236e-05
2022-10-14,0.012110563684791971
2022-10-16,-0.0005725134117238387
2022-10-17,-0.01312611315821728
2022-10-18,-5.027511833092029e-05
2022-10-19,0.008397930366902335
2022-10-20,-4.9350762724174184e-05
2022-10-21,-0.0
2022-10-23,-0.0014870117029441088
2022-10-24,-0.0015721595814892036
2022-10-25,-4.7463190796543105e-05
2022-10-26,0.0
2022-10-27,0.009022511148368599
2022-10-28,-4.721432382901532e-05
2022-10-30,0.0
2022-10-31,0.0
2022-11-01,0.0
2022-11-02,0.0
2022-11-03,0.0067029866576949326
2022-11-04,-4.742337323956399e-05
2022-11-06,0.00037796720734919434
2022-11-07,-0.0042442803166591195
2022-11-08,-4.765062816412022e-05
2022-11-09,0.0
2022-11-10,-0.0
2022-11-11,-0.004903727922440601
2022-11-13,-4.0121814029991076e-05
2022-11-14,-0.0
2022-11-15,-0.0
2022-11-16,0.002763640013284386
2022-11-17,-4.051400421561844e-05
2022-11-18,0.0
2022-11-20,0.0
2022-11-21,0.0
2022-11-22,-0.0
2022-11-23,-0.0
2022-11-24,-0.0
2022-11-25,0.0
2022-11-27,0.0
2022-11-28,0.0
2022-11-29,0.0
2022-11-30,-0.0
2022-12-01,0.000731073649263792
2022-12-02,0.00047020871271078363
2022-12-04,0.00020608284523487803
2022-12-05,0.004919275230539157
2022-12-06,-4.393304121262362e-05
2022-12-07,0.002660420741456894
2022-12-08,-0.005311686353440301
2022-12-09,0.0028795810230716245
2022-12-11,-4.46325961882869e-05
2022-12-12,-0.0
2022-12-13,-0.0
2022-12-14,0.0
2022-12-15,0.0
2022-12-16,0.0
2022-12-18,-0.0012939738573124948
2022-12-19,0.008391131361286313
2022-12-20,-0.004077495484455415
2022-12-21,-0.004703944932129777
2022-12-22,0.008745247199875189
2022-12-23,-0.0003425669663093668
2022-12-26,-4.7766420030260115e-05
2022-12-27,0.0
2022-12-28,0.0
2022-12-29,-0.007144857260434354
2022-12-30,-5.0764386730818936e-05
2023-01-02,0.0
2023-01-03,0.0
2023-01-04,8.074508453706389e-06
2023-01-05,0.003223335283127395
2023-01-06,-0.007382484742074663
2023-01-08,-0.002229418976954262
2023-01-09,0.0008767618685049511
2023-01-10,-0.004418528854441633
2023-01-11,-5.250383012675419e-05
2023-01-12,0.0
2023-01-13,0.0033306632278959692
2023-01-15,-5.1347523751673326e-05
2023-01-16,-0.0
2023-01-17,0.0
2023-01-18,-0.0
2023-01-19,-0.0022449706629576833
2023-01-20,0.009092298490010642
2023-01-22,-5.3688788643608356e-05
2023-01-23,0.0
2023-01-24,-0.0
2023-01-25,0.0
2023-01-26,0.004607104699153063
2023-01-27,0.007245732205844709
2023-01-29,-6.107423121549786e-05
2023-01-30,-0.0
2023-01-31,0.006307840893347859
2023-02-01,0.015986844799013307
2023-02-02,0.0038475763358967164
2023-02-03,-0.0012289825683644163
2023-02-05,-0.001669166906576514
2023-02-06,-0.0011021339435093693
2023-02-07,-5.406678248330392e-05
2023-02-08,-0.007007840730987991
2023-02-09,-5.5471504055812393e-05
2023-02-10,-0.0
2023-02-12,-0.0
2023-02-13,0.0
2023-02-14,0.0
2023-02-15,0.007673032780092993
2023-02-16,-5.779740808706683e-05
2023-02-17,-0.0008116341219117196
2023-02-19,-5.67062333278126e-05
2023-02-20,-0.0
2023-02-21,-0.0
2023-02-22,0.0
2023-02-23,-0.0
2023-02-24,-0.0
2023-02-26,0.0
2023-02-27,0.0027833063918417267
2023-02-28,-6.192132267775618e-05
2023-03-01,-0.0064015186059842855
2023-03-02,0.005276904318578924
2023-03-03,0.011014100505111668
2023-03-05,0.0010815164138535097
2023-03-06,0.0011123357566658145
2023-03-07,-6.479642435399023e-05
2023-03-08,0.0015545569793280255
2023-03-09,-6.505721439961062e-05
2023-03-10,0.0037386903848576243
2023-03-12,0.008429819401698313
2023-03-13,-0.0024878302605244366
2023-03-14,0.009360928616734007
2023-03-15,-6.35349500934993e-05
2023-03-16,0.0
2023-03-17,-0.0
2023-03-19,0.00012933884193291455
2023-03-20,0.0011091427754116017
2023-03-21,0.00672073751837499
2023-03-22,-6.102718464102179e-05
2023-03-23,0.0035339000227535174
2023-03-24,0.0016736276421447848
2023-03-26,0.0007888212951548904
2023-03-27,-0.004027572245264676
2023-03-28,-6.138035061281416e-05
2023-03-29,0.0
2023-03-30,0.0
2023-03-31,0.0
2023-04-02,-0.0
2023-04-03,0.0006727446511032212
2023-04-04,-6.009567873673113e-05
2023-04-05,-0.0
2023-04-06,0.0049439762358065254
2023-04-09,-6.145374606586876e-05
2023-04-10,0.0
2023-04-11,-0.0
2023-04-12,-0.0
2023-04-13,0.008958448197691581
2023-04-14,-0.00022403658503896857
2023-04-16,8.891990747236389e-05
2023-04-17,-0.00045432463437838346
2023-04-18,2.6668843323676187e-05
2023-04-19,-0.0015288649738564883
2023-04-20,-0.0016996611112805012
2023-04-21,1.2736302607901928e-05
2023-04-23,-0.0013767847539819331
2023-04-24,-0.001349105045307641
2023-04-25,-0.0012381964576958695
2023-04-26,-0.0016344240887846266
2023-04-27,0.012289882624449596
2023-04-28,0.005001496327451567
2023-04-30,0.0004472542256556012
2023-05-01,-0.0019766266915892928
2023-05-02,-7.80897551636023e-05
2023-05-03,-0.0018869091976892558
2023-05-04,-0.0022343548271898787
2023-05-05,0.01067957658634308
2023-05-07,-7.908469523039385e-05
2023-05-08,0.0
2023-05-09,-0.0
2023-05-10,0.0
2023-05-11,0.002279489916105475
2023-05-12,-0.0038622262361845553
2023-05-14,-7.984032287447012e-05
2023-05-15,0.0
2023-05-16,0.0
2023-05-17,0.0
2023-05-18,0.0
2023-05-19,-0.004084260082854074
2023-05-21,0.000141976807114775
2023-05-22,0.004797002128991658
2023-05-23,-8.534836556331883e-05
2023-05-24,0.00528908881394803
2023-05-25,0.0066586331490488485
2023-05-26,0.021946363753567722
2023-05-28,0.0015852404513956183
2023-05-29,-0.0007144061755366752
2023-05-30,-7.919992258472384e-05
2023-05-31,-0.005405950460741775
2023-06-01,0.01125585539493023
2023-06-02,-7.989788822411454e-05
2023-06-04,-0.0
2023-06-05,0.0
2023-06-06,-0.0
2023-06-07,-0.0
2023-06-08,0.008884421036838272
2023-06-09,-7.707534222732225e-05
2023-06-11,0.0
2023-06-12,0.0
2023-06-13,0.0
2023-06-14,0.0
2023-06-15,0.0
2023-06-16,-0.0
2023-06-18,0.00078326538558711
2023-06-19,-0.002808300866760151
2023-06-20,0.0008517491159678878
2023-06-21,-0.010680209699695985
2023-06-22,0.006569260042118717
2023-06-23,-0.0041902626576970645
2023-06-25,0.0020067108871047235
2023-06-26,-0.010643954883953831
2023-06-27,0.008233693562603147
2023-06-28,0.004538625765273885
2023-06-29,-0.0008422456771171108
2023-06-30,0.00941075777338147
2023-07-02,-7.450370555331196e-05
2023-07-03,0.0
2023-07-04,-0.0
2023-07-05,-0.0
2023-07-06,-0.004746654336197547
2023-07-07,-0.0013036415183813996
2023-07-09,-0.0030613680459032695
2023-07-10,-7.693544128360188e-05
2023-07-11,0.003931404314239656
2023-07-12,-7.532931242204868e-05
2023-07-13,0.01099218365105857
2023-07-14,-0.0007115575863279492
2023-07-16,-0.001189852310886129
2023-07-17,0.006249153886261103
2023-07-18,-7.325159578178032e-05
2023-07-19,-0.0033449551365919298
2023-07-20,-0.01220751939449601
2023-07-21,-0.0024136971217847596
2023-07-23,0.0003592694199416216
2023-07-24,0.00013071866600489337
2023-07-25,-7.212169336910155e-05
2023-07-26,0.0
2023-07-27,-0.003362811592575177
2023-07-28,0.011295432140744287
2023-07-30,-0.0020358694472524656
2023-07-31,0.002529484155038736
2023-08-01,-7.363982985454794e-05
2023-08-02,-0.0
2023-08-03,0.0021041630680091747
2023-08-04,-0.006260291779191535
2023-08-06,0.0033659979630917985
2023-08-07,0.00027724229485320454
2023-08-08,-8.089117374949725e-05
2023-08-09,-0.0
2023-08-10,-0.0
2023-08-11,-0.005576981951686464
2023-08-13,-8.433745810183089e-05
2023-08-14,0.0
2023-08-15,-0.0
2023-08-16,-0.0
2023-08-17,-0.0
2023-08-18,-0.0005093959024282648
2023-08-20,0.0008322571903900629
2023-08-21,0.01054613016316491
2023-08-22,-8.171951548957309e-05
2023-08-23,0.0
2023-08-24,-0.0
2023-08-25,0.005809419711130084
2023-08-27,0.0012775185256434212
2023-08-28,0.004175561577726876
2023-08-29,-6.670356384759042e-05
2023-08-30,0.0
2023-08-31,0.0
2023-09-01,-0.0
2023-09-03,0.0
2023-09-04,-0.0
2023-09-05,0.0
2023-09-06,-0.0
2023-09-07,-0.0
2023-09-08,0.0
2023-09-10,0.0
2023-09-11,0.0
2023-09-12,-0.0
2023-09-13,0.0
2023-09-14,0.0
2023-09-15,-0.0
2023-09-17,0.00031617158699735184
2023-09-18,0.0002056097641842779
2023-09-19,-6.566837391037666e-05
2023-09-20,-0.010668713545916293
2023-09-21,0.008243840453149435
2023-09-22,-0.0004429195991229462
2023-09-24,-0.001232175067786152
2023-09-25,0.0022715010946712287
2023-09-26,0.00493145234026208
2023-09-27,-0.000604248299404646
2023-09-28,-0.005399912505366122
2023-09-29,-0.000999383701352509
2023-10-01,-0.003851195108138441
2023-10-02,0.00016768924776976163
2023-10-03,0.012458050961625429
2023-10-04,-0.010508913260396805
2023-10-05,0.0018893382854730822
2023-10-06,-0.010531302559912987
2023-10-08,0.005086082565780843
2023-10-09,-0.008182352974672229
2023-10-10,-6.35912627056821e-05
2023-10-11,0.0
2023-10-12,-0.0
2023-10-13,-0.008605779623196454
2023-10-15,-0.00227710010513873
2023-10-16,-0.004649004355251333
2023-10-17,-6.326813096812673e-05
2023-10-18,0.007793275712936417
2023-10-19,0.005668601885766674
2023-10-20,0.007948677896239702
2023-10-22,-0.001492148939879707
2023-10-23,-0.0028776386018922297
2023-10-24,-6.324064907134578e-05
2023-10-25,0.0
2023-10-26,5.2561646237623554e-05
2023-10-27,0.0013135619880140466
2023-10-29,-0.0029385292936953606
2023-10-30,-6.331885658823703e-05
2023-10-31,-0.0
2023-11-01,-0.0
2023-11-02,-0.0
2023-11-03,-0.0
2023-11-05,0.0
2023-11-06,-0.0
2023-11-07,-0.0
2023-11-08,-0.0
2023-11-09,0.0
2023-11-10,-0.0
2023-11-12,-0.0
2023-11-13,0.0
2023-11-14,0.0
2023-11-15,-0.0
2023-11-16,0.0
2023-11-17,-0.0
2023-11-19,-0.0
2023-11-20,0.0
2023-11-21,-0.0
2023-11-22,0.0
2023-11-23,0.0004121736474692984
2023-11-24,-0.0015728250185261163
2023-11-26,-5.891932087110553e-05
2023-11-27,0.0
2023-11-28,0.0
2023-11-29,-0.0006972142971457088
2023-11-30,-0.0036755002581088775
2023-12-01,0.0029592693667004656
2023-12-03,-0.001858033403051785
2023-12-04,-0.005836432491560371
2023-12-05,0.00599978281535608
2023-12-06,-0.006135737890906793
2023-12-07,0.008199008987989483
2023-12-08,0.0026043782417584883
2023-12-10,-0.0014571458758123783
2023-12-11,0.007708929964679751
2023-12-12,-5.939163526175559e-05
2023-12-13,0.0
2023-12-14,-0.0
2023-12-15,0.0
2023-12-17,0.001128742113604514
2023-12-18,0.003040502962422416
2023-12-19,-6.082579341062487e-05
2023-12-20,-0.0
2023-12-21,0.0029255880924060145
2023-12-22,0.0021787934464496377
2023-12-25,-6.103161903218573e-05
2023-12-26,0.0
2023-12-27,0.0
2023-12-28,-0.0
2023-12-29,-0.0
2024-01-01,-0.0
2024-01-02,-0.012399088512299126
2024-01-03,-0.00547004432308815
2024-01-04,-0.004047532793371752
2024-01-05,0.0010582098706345433
2024-01-07,-0.0008414116650280255
2024-01-08,0.015259188807744144
2024-01-09,0.0022760713084277366
2024-01-10,0.007403302781276115
2024-01-11,-0.0018321251044310283
2024-01-12,0.0006493123182749196
2024-01-14,0.0014012423404838206
2024-01-15,-0.004308438542071515
2024-01-16,0.0012919521390167008
2024-01-17,-0.0028402359472930747
2024-01-18,0.014577148304918316
2024-01-19,0.012527152359489164
2024-01-21,0.004042255341097433
2024-01-22,-0.0033639883185789007
2024-01-23,-6.808751358044847e-05
2024-01-24,0.0
2024-01-25,-0.0052165279962427735
2024-01-26,0.0009924537938622907
2024-01-28,-7.546845606290564e-05
2024-01-29,0.0
2024-01-30,-0.0
2024-01-31,-0.0
2024-02-01,0.013429514416842736
2024-02-02,0.005356809682532898
2024-02-04,-0.001659425744927326
2024-02-05,0.0024440034988374992
2024-02-06,-7.163551010954449e-05
2024-02-07,0.0
2024-02-08,0.0
2024-02-09,0.0
2024-02-11,-0.0
2024-02-12,-0.0
2024-02-13,-0.0
2024-02-14,0.008245602800076236
2024-02-15,0.002814777277851236
2024-02-16,-0.009023537585946201
2024-02-18,0.002496258674573603
2024-02-19,-0.004161406600867386
2024-02-20,-0.0054853145374975125
2024-02-21,0.010690078464380137
2024-02-22,0.010916577513899996
2024-02-23,-0.0036196538533826536
2024-02-25,-6.727289684073724e-05
2024-02-26,0.0
2024-02-27,0.0
2024-02-28,-0.0
2024-02-29,0.0
2024-03-01,0.008652337615195972
2024-03-03,-6.702666646935658e-05
2024-03-04,-0.0
2024-03-05,-0.0
2024-03-06,-0.00017485667220486543
2024-03-07,0.01291238535532781
2024-03-08,-0.008608340929205116
2024-03-10,-0.0025918019661252713
2024-03-11,0.0022893879275137914
2024-03-12,-6.313030752287472e-05
2024-03-13,-0.0
2024-03-14,-0.0
2024-03-15,-0.0
2024-03-17,0.002105994438219165
2024-03-18,0.0021013832582937823
2024-03-19,0.002743860743656737
2024-03-20,0.014902124485233086
2024-03-21,-6.735059806400133e-05
2024-03-22,0.0
2024-03-24,0.0
2024-03-25,-0.0
2024-03-26,-0.0
2024-03-27,0.0
2024-03-28,-0.0011483651079901712
2024-03-31,-6.564085926061088e-05
2024-04-01,-0.0
2024-04-02,-0.008207834952472102
2024-04-03,0.006637761139712479
2024-04-04,-0.014966835638081993
2024-04-05,0.008101042068253975
2024-04-07,0.0016784269353757376
2024-04-08,-0.0010785515975321493
2024-04-09,-6.601629893194903e-05
2024-04-10,-0.0074534438469948845
2024-04-11,0.012670076872866911
2024-04-12,-0.01190126390103297
2024-04-14,0.0013389139761029014
2024-04-15,-0.015913294087907308
2024-04-16,0.004017602405524449
2024-04-17,-0.00799703712897479
2024-04-18,-0.017054505384650198
2024-04-19,-0.003882678673283522
2024-04-21,0.002473630937451884
2024-04-22,0.00333265027420369
2024-04-23,-6.161938236329843e-05
2024-04-24,-0.0
2024-04-25,-0.0
2024-04-26,0.002495328494603032
2024-04-28,-5.674627855927413e-05
2024-04-29,0.0
2024-04-30,-0.0
2024-05-01,-0.0
2024-05-02,0.007327824938944924
2024-05-03,-5.5063636796365535e-05
2024-05-05,-0.0
2024-05-06,0.0
2024-05-07,0.0
2024-05-08,-0.0
2024-05-09,0.0
2024-05-10,0.0
2024-05-12,0.0
2024-05-13,0.0
2024-05-14,0.0
2024-05-15,0.0
2024-05-16,-0.0026221232155311707
2024-05-17,-5.3691534843589046e-05
2024-05-19,0.0
2024-05-20,0.0
2024-05-21,0.0
2024-05-22,0.0
2024-05-23,-0.007205050696007199
2024-05-24,0.005005631750298028
2024-05-26,-0.0006706171904401614
2024-05-27,0.0023312516583584497
2024-05-28,-0.0007908340452967677
2024-05-29,-0.006588465233939375
2024-05-30,-0.005638827286390368
2024-05-31,0.0022049414536014444
2024-06-02,0.0022963367560403206
2024-06-03,0.0005867696290235749
2024-06-04,0.003342604021520042
2024-06-05,0.011896033907948567
2024-06-06,-5.475387514483995e-05
2024-06-07,-0.0
2024-06-09,0.00035685459697864396
2024-06-10,0.0017411337363607295
2024-06-11,-5.286076753211478e-05
2024-06-12,0.0
2024-06-13,0.0006394996725883704
2024-06-14,-5.088218498677067e-05
2024-06-16,0.0
2024-06-17,0.0
2024-06-18,0.0
2024-06-19,0.0
2024-06-20,-0.0
2024-06-21,-0.0
2024-06-23,-0.0020255633867803787
2024-06-24,-0.005535813799466201
2024-06-25,0.0080156250106036
2024-06-26,-0.002502836816775126
2024-06-27,0.0077967079330223225
2024-06-28,-0.006454255140323929
2024-06-30,0.0015558047251819519
2024-07-01,-0.0007719600515085649
2024-07-02,0.01015722320954423
2024-07-03,0.006623660406627107
2024-07-04,-6.327482964635322e-05
2024-07-05,0.0
2024-07-07,-0.0006028598407491744
2024-07-08,0.005087493185668242
2024-07-09,-6.60287452946128e-05
2024-07-10,0.007210452256063315
2024-07-11,-0.019355740437473557
2024-07-12,0.004969146978590685
2024-07-14,0.0014555877432565467
2024-07-15,0.003667793322101002
2024-07-16,-0.004286108275830274
2024-07-17,-0.020540521150955157
2024-07-18,-0.003910673039412411
2024-07-19,-0.01003830813622805
2024-07-21,0.00224316014062852
2024-07-22,0.007642612870032288
2024-07-23,-6.317337683207488e-05
2024-07-24,-0.0
2024-07-25,-0.005866512541849724
2024-07-26,0.004206471549136306
2024-07-28,-5.924661508925337e-05
2024-07-29,-0.0
2024-07-30,0.0
2024-07-31,0.02035135365686166
2024-08-01,-0.029227803377045426
2024-08-02,-0.006008010140705319
2024-08-04,-0.01308127018321455
2024-08-05,0.00689747842048768
2024-08-06,0.00042845735331384377
2024-08-07,-4.7601965447344154e-05
2024-08-08,-0.0
2024-08-09,0.0
2024-08-11,0.0
2024-08-12,0.0
2024-08-13,0.0
2024-08-14,0.0
2024-08-15,0.0
2024-08-16,-0.0
2024-08-18,0.0
2024-08-19,0.0
2024-08-20,-0.0
2024-08-21,0.0
2024-08-22,-0.0
2024-08-23,0.0032676220953923333
2024-08-25,-3.963897893882983e-05
2024-08-26,-0.0
2024-08-27,0.0
2024-08-28,-0.0
2024-08-29,0.005321448671957606
2024-08-30,0.0031950743275812724
2024-09-01,-3.924775889355334e-05
2024-09-02,-0.0
2024-09-03,-0.0
2024-09-04,0.0017890248443228295
2024-09-05,-0.0016073880332687382
2024-09-06,-0.010752203600465074
2024-09-08,-0.0019381635525934902
2024-09-09,-0.003747009941405551
2024-09-10,-0.0027714872910665953
2024-09-11,-3.742445815217846e-05
2024-09-12,0.0034526071447472015
2024-09-13,-3.620137804053459e-05
2024-09-15,-0.0
2024-09-16,0.0
2024-09-17,-0.0
2024-09-18,-0.0
2024-09-19,-0.0
2024-09-20,0.0
2024-09-22,-0.0
2024-09-23,-0.0
2024-09-24,0.0
2024-09-25,0.0
2024-09-26,-0.0
2024-09-27,-0.0020286104888450535
2024-09-29,-3.660035706517901e-05
2024-09-30,0.0
2024-10-01,-0.007343191474349414
2024-10-02,-1.2831216770065446e-05
2024-10-03,0.0019973094745195257
2024-10-04,-0.004379119566201518
2024-10-06,7.218275188574198e-05
2024-10-07,0.004985207026319664
2024-10-08,-0.005800783402188476
2024-10-09,-0.0052151787040246355
2024-10-10,-3.7352920584516004e-05
2024-10-11,0.0005585979583401521
2024-10-13,-4.380409897108825e-05
2024-10-14,0.0
2024-10-15,-0.0
2024-10-16,0.0019953816599315236
2024-10-17,-4.5775115681755775e-05
2024-10-18,-0.0037609719859047286
2024-10-20,-4.993487758050883e-05
2024-10-21,-0.0
2024-10-22,0.0
2024-10-23,-0.005715340927914673
2024-10-24,0.0022206327070997396
2024-10-25,-5.1461626303769054e-05
2024-10-27,0.0045243504128531994
2024-10-28,-0.004916700849950358
2024-10-29,-5.2658411502074355e-05
2024-10-30,-0.009921105958741606
2024-10-31,-0.010352775040141017
2024-11-01,0.0030195394041335555
2024-11-03,0.0019119428173035012
2024-11-04,-0.004712236496825829
2024-11-05,0.016594463427478515
2024-11-06,-5.050008659978764e-05
2024-11-07,0.009281529417340426
2024-11-08,-4.7787280060821906e-05
2024-11-10,0.0
2024-11-11,-0.0
2024-11-12,-0.0
2024-11-13,-0.0
2024-11-14,-0.007107575671573858
2024-11-15,-0.013533356199760024
2024-11-17,0.0051914556388482
2024-11-18,0.0010771394486871811
2024-11-19,-5.440794024759735e-05
2024-11-20,-0.004080450771890125
2024-11-21,0.004882181653939807
2024-11-22,0.0017348855308311217
2024-11-24,-5.787650584291741e-05
2024-11-25,-0.0
2024-11-26,0.0
2024-11-27,-0.0
2024-11-28,0.0
2024-11-29,0.0
2024-12-01,-0.0
2024-12-02,0.0
2024-12-03,0.0
2024-12-04,0.0
2024-12-05,-0.0
2024-12-06,0.0
2024-12-08,-0.0
2024-12-09,-0.0
2024-12-10,-0.0013966579911651547
2024-12-11,0.012076524132555463
2024-12-12,-0.0011345765471338415
2024-12-13,0.0019101077651597462
2024-12-15,0.0011117855295282883
2024-12-16,0.010940361041392245
2024-12-17,-5.562554239595913e-05
2024-12-18,-0.0
2024-12-19,-0.0
2024-12-20,0.0
2024-12-22,0.0041127722310100754
2024-12-23,0.001657528054214405
2024-12-24,0.009224134804996786
2024-12-25,-4.7597035773405903e-05
2024-12-26,-0.0
2024-12-27,-0.0
2024-12-29,-0.0010751866035845605
2024-12-30,-0.00806934613453655
2024-12-31,-0.004694724504553928
2025-01-01,-4.79383917701052e-05
2025-01-02,-0.0
2025-01-03,0.007655772039123711
2025-01-05,-4.7474846696905614e-05
2025-01-06,0.0
2025-01-07,-0.009331781232082562
2025-01-08,-0.0023561843333367925
2025-01-09,-4.4969058083686064e-05
2025-01-10,-4.866530456561424e-05
2025-01-12,-0.0036696625553662605
2025-01-13,0.004480848633583007
2025-01-14,-0.002802271442904878
2025-01-15,0.01397947538195718
2025-01-16,-0.002675659584853158
2025-01-17,0.009305533772563308
2025-01-19,-0.0005259064275906622
2025-01-20,0.001295601354381612
2025-01-21,0.008109471069886747
2025-01-22,0.0027792140332360054
2025-01-23,-4.803304830606827e-05
2025-01-24,-0.0
2025-01-26,-0.0
2025-01-27,-0.0
2025-01-28,0.009177452045381961
2025-01-29,0.0019859773259715036
2025-01-30,0.0022350328014624685
2025-01-31,-0.004742801558596638
2025-02-02,-0.016572161326584064
2025-02-03,0.012703266979362315
2025-02-04,0.003173559728037159
2025-02-05,-4.41384975715485e-05
2025-02-06,0.0
2025-02-07,-0.0
2025-02-09,0.0
2025-02-10,0.0
2025-02-11,0.0
2025-02-12,0.0
2025-02-13,0.0
2025-02-14,0.0
2025-02-16,0.0
2025-02-17,-0.0
2025-02-18,-0.0
2025-02-19,-0.0
2025-02-20,-0.0
2025-02-21,-0.011902659244941173
2025-02-23,0.002463095684285474
2025-02-24,-0.009401074780632375
2025-02-25,-0.0045160710494428595
2025-02-26,-0.0020585896389104744
2025-02-27,-0.016595759980393622
2025-02-28,-0.008509967276224219
2025-03-02,0.0015119011631338464
2025-03-03,-0.012333976496517731
2025-03-04,-0.0003333091673858767
2025-03-05,-0.003092261860540015
2025-03-06,0.013274036236957283
2025-03-07,-0.0008579662507747236
2025-03-09,0.002414392308166186
2025-03-10,0.020385881593829147
2025-03-11,-0.0005381711774427537
2025-03-12,-0.0021234294660724866
2025-03-13,-4.625817870782899e-05
2025-03-14,-0.006016201175720297
2025-03-16,-4.595553156033899e-05
2025-03-17,-0.0
2025-03-18,0.0
2025-03-19,-0.0
2025-03-20,0.0
2025-03-21,-0.0
2025-03-23,-0.0
2025-03-24,-0.0
2025-03-25,-0.0
2025-03-26,0.0
2025-03-27,0.0
2025-03-28,0.01582873223805869
2025-03-30,0.0051512669421247045
2025-03-31,-0.004457654685958487
2025-04-01,-0.00557691473934968
2025-04-02,0.012306981734387065
2025-04-03,0.013167917128099994
2025-04-04,0.03004930077948898
2025-04-06,0.015739582296586417
2025-04-07,-0.023419988367603246
2025-04-08,0.016222542514343137
2025-04-09,-0.04345569950169182
2025-04-10,0.01021764281376229
2025-04-11,-0.006386673084507784
2025-04-13,-2.2430233134631758e-05
2025-04-14,0.0
2025-04-15,0.0
2025-04-16,0.0
2025-04-17,0.0
2025-04-20,0.0
2025-04-21,0.0
2025-04-22,-0.0
2025-04-23,-0.0
2025-04-24,-0.0
2025-04-25,-0.0
2025-04-27,0.0
2025-04-28,-0.0
2025-04-29,0.0
2025-04-30,-0.0
2025-05-01,-0.0006410471900795425
2025-05-02,-2.0223171699759895e-05
2025-05-04,0.0
2025-05-05,0.0
2025-05-06,-0.0
2025-05-07,-0.0
2025-05-08,-0.0007542645957251149
2025-05-09,-2.037677696232533e-05
2025-05-11,-0.0
2025-05-12,-0.0
2025-05-13,-0.004911190969056674
2025-05-14,-1.9210761670568665e-05
2025-05-15,0.0
2025-05-16,-0.0
2025-05-18,0.0
2025-05-19,-0.0
2025-05-20,0.0
2025-05-21,0.0
2025-05-22,-0.0004355676749078757
2025-05-23,-2.002768564948257e-05
2025-05-25,-0.00306227055372486
2025-05-26,0.00012299937573478364
2025-05-27,-0.00342221635966707
2025-05-28,-0.003947843803542895
2025-05-29,-1.957135921856706e-05
2025-05-30,-0.00020802563229590777
2025-06-01,-0.0013283992600016208
2025-06-02,0.0024959029006756
2025-06-03,-1.9218362307396e-05
2025-06-04,0.0
2025-06-05,-0.0
2025-06-06,0.0
2025-06-08,-0.0
2025-06-09,0.0025197458560989976
2025-06-10,-1.9349451631179504e-05
2025-06-11,-0.0
2025-06-12,-0.0030187047764622787
2025-06-13,-1.9568443774706547e-05
2025-06-15,0.00031275503446503945
2025-06-16,0.002428120671609928
2025-06-17,-2.1154079836514767e-05
2025-06-18,-0.0
2025-06-19,0.0
2025-06-20,-0.0
2025-06-22,-0.0026505312995213073
2025-06-23,0.012732121374676589
2025-06-24,0.004238458129606778
2025-06-25,0.001871016591050524
2025-06-26,0.005750556199640419
2025-06-27,0.0010665786587137705
2025-06-29,0.0031582623744707823
2025-06-30,0.0005553972900011038
2025-07-01,-0.0036185552634176495
2025-07-02,0.003139159990341235
2025-07-03,-4.615626413262002e-05
2025-07-04,-0.0
2025-07-06,0.0
2025-07-07,-0.0
2025-07-08,-0.0017495533708093512
2025-07-09,0.004531014072182425
2025-07-10,-0.0021390174096614536
2025-07-11,-0.00014225038496004492
2025-07-13,-0.002713861788553586
2025-07-14,0.00677087321363617
2025-07-15,-0.0013778551028445069
2025-07-16,0.0005517237509648037
2025-07-17,0.008704772408220741
2025-07-18,-0.0017120645793397766
2025-07-20,0.0011437771815827641
2025-07-21,0.0031104725798644676
2025-07-22,-0.003373316061798948
2025-07-23,0.00588642834731964
2025-07-24,0.0008093341891320231
2025-07-25,0.00041767497178102114
2025-07-27,0.004291175475080139
2025-07-28,-5.814880431951118e-05
2025-07-29,-0.0
2025-07-30,0.011031105419726704
2025-07-31,-0.01655073028248707
2025-08-01,-0.01509499076769273
2025-08-03,0.00303027754388754
2025-08-04,0.012685103127456267
2025-08-05,-5.613775877893991e-05
2025-08-06,0.01121593769714644
2025-08-07,0.003275231277682317
2025-08-08,0.006630445892829835
2025-08-10,-5.717322068479586e-05
2025-08-11,-0.0
2025-08-12,0.0
2025-08-13,-0.0
2025-08-14,-0.0
2025-08-15,-0.0
2025-08-17,0.0
2025-08-18,-0.0
2025-08-19,-0.0
2025-08-20,-0.0013011154768808391
2025-08-21,-0.00497877787327968
2025-08-22,-5.6589350922858206e-05
2025-08-24,-0.0
2025-08-25,-0.0
2025-08-26,0.0
2025-08-27,-0.0
2025-08-28,0.0
2025-08-29,-0.008750831798118931
2025-08-31,-5.654821112579048e-05
2025-09-01,-0.0
2025-09-02,-0.0
2025-09-03,0.005857022983037264
2025-09-04,0.009522309460872224
2025-09-05,-0.002194303368994549
2025-09-07,0.0024550685062314213
2025-09-08,0.0031755983164498793
2025-09-09,0.0031207241042785295
2025-09-10,4.626774260962177e-06
2025-09-11,0.003666353836843311
2025-09-12,-5.7892780762079515e-05
2025-09-14,0.0
2025-09-15,0.0
2025-09-16,-0.0
2025-09-17,0.0
2025-09-18,0.0
2025-09-19,0.0
2025-09-21,-0.0006512318825818521
2025-09-22,0.005437988583560721
2025-09-23,-0.005754054650750851
2025-09-24,-0.0014426257889120562
2025-09-25,-0.006233671649647036
2025-09-26,0.0050293152266232925
2025-09-28,0.0024699537943655594
2025-09-29,0.001409428014913853
2025-09-30,-0.0021399999900631613
2025-10-01,0.009806479963650644
2025-10-02,0.003673909687042279
2025-10-03,-0.0060278173402987965
2025-10-05,0.0035218779788904367
2025-10-06,0.0023466157095909557
2025-10-07,-5.529180487418153e-05
2025-10-08,0.007564461686901693
2025-10-09,-5.469134709374564e-05
2025-10-10,-0.03244109339731535
2025-10-12,0.01205369829984954
2025-10-13,0.004547725216472199
2025-10-14,-0.004418952199432474
2025-10-15,0.004066062723684752
2025-10-16,-0.005455654136101291
2025-10-17,0.007972796920637544
2025-10-19,0.0014616801463377765
2025-10-20,0.009678356622545358
2025-10-21,-5.220055294027632e-05
2025-10-22,-0.0
2025-10-23,0.006871486383156006
2025-10-24,-5.1486686687595507e-05
2025-10-26,0.0
2025-10-27,0.0
2025-10-28,0.0
2025-10-29,0.0
2025-10-30,-0.0
2025-10-31,-0.006508223961919006
2025-11-02,-5.061895231482442e-05
2025-11-03,-0.0
2025-11-04,-0.0
2025-11-05,0.008470126205362501
2025-11-06,-0.014473938542125593
2025-11-07,-0.0013832551875327776
2025-11-09,0.00803129608012153
2025-11-10,0.006738653125138843
2025-11-11,0.0006767284102874794
2025-11-12,-4.697558768983614e-05
2025-11-13,-0.018843970064683226
2025-11-14,0.002805498218068281
2025-11-16,0.004062095042909769
2025-11-17,-0.014988325805940473
2025-11-18,-0.00554340870224179
2025-11-19,0.017899003722712883
2025-11-20,-0.024888932198260348
2025-11-21,0.003512877913762579
2025-11-23,0.002996793468775677
2025-11-24,0.010873654949021733
2025-11-25,-3.546837013313803e-05
2025-11-26,0.0
2025-11-27,0.0
2025-11-28,0.0
2025-11-30,-0.0
2025-12-01,0.0
2025-12-02,0.0
2025-12-03,-0.0
2025-12-04,0.0
2025-12-05,0.0
2025-12-07,0.0
2025-12-08,-0.0
2025-12-09,0.0
2025-12-10,-0.0
2025-12-11,0.0
2025-12-12,-0.009221941633024627
2025-12-14,0.0011462679756694336
2025-12-15,-0.007478643363320714
2025-12-16,-3.40778507017667e-05
2025-12-17,-0.0
2025-12-18,0.0
2025-12-19,0.0
2025-12-21,0.002145907189918883
2025-12-22,0.00029693528426214303
2025-12-23,-3.5318792529581054e-05
2025-12-24,0.0
2025-12-25,0.0
2025-12-26,-0.0
2025-12-28,-0.0
2025-12-29,-0.0
2025-12-30,-0.0
2025-12-31,-0.0
2026-01-01,0.0
2026-01-02,-0.0
2026-01-04,0.002090065599247631
2026-01-05,0.003586103450764602
2026-01-06,0.0031528470731847433
2026-01-07,-4.276824648267806e-05
2026-01-08,-0.002174223513830725
2026-01-09,0.0057992630268294855
2026-01-11,-0.004572365006931161
2026-01-12,0.003669354230463392
2026-01-13,-2.8753651031587574e-05
2026-01-14,-0.006935680912751191
2026-01-15,0.0055628026248499
2026-01-16,-0.0031442312871528735
2026-01-18,-0.007018780868169976
2026-01-19,9.80608101605655e-05
2026-01-20,-0.004138880862937813
2026-01-21,0.00907812290297157
2026-01-22,0.0030435049083808296
2026-01-23,0.00012656724281215326
2026-01-25,-3.925090891476467e-05
2026-01-26,0.0
2026-01-27,0.0
2026-01-28,0.0
2026-01-29,-0.0
2026-01-30,0.006368870624523455
2026-02-01,0.009552843255376954
2026-02-02,-0.01986718981598637
2026-02-03,-0.015927686930290008
2026-02-04,0.011944714918684284
2026-02-05,0.015625019220617573
2026-02-06,-0.01881599551316868
2026-02-08,-0.0015333731738489034
2026-02-09,-0.004010841347248609
2026-02-10,-4.079642952880339e-05
2026-02-11,-0.0
2026-02-12,0.0
2026-02-13,-0.0011355347868874136
2026-02-15,-0.0007606429151076209
2026-02-16,0.005112089277884232
2026-02-17,-0.005460399776724867
2026-02-18,-0.002921653161318344
2026-02-19,-3.982259555765125e-05
2026-02-20,0.0
2026-02-22,0.0
2026-02-23,0.0
2026-02-24,0.0
2026-02-25,0.0
2026-02-26,-0.0
2026-02-27,0.0
2026-03-01,0.0
2026-03-02,-0.0
2026-03-03,0.005658639316014971
2026-03-04,-0.013357947102728567
2026-03-05,-0.0002703608882262598
2026-03-06,0.011020076177333733
2026-03-08,0.013676420100982637
2026-03-09,-0.01905449518751702
2026-03-10,-0.005059471664577976
2026-03-11,-3.519097809851329e-05
2026-03-12,0.0
2026-03-13,0.0
2026-03-15,-0.003736357817443953
2026-03-16,-0.0010735587380025515
2026-03-17,-3.428322705112524e-05
2026-03-18,0.0
2026-03-19,0.0
2026-03-20,0.0
2026-03-22,0.004009129348241538
2026-03-23,-0.0068082410585728935
2026-03-24,-0.0023169024938043486
2026-03-25,3.779179715074966e-05
2026-03-26,-3.435390248891217e-05
2026-03-27,0.0127203373969781
2026-03-29,0.0005331895090797919
2026-03-30,-0.0019513183619268544
2026-03-31,-0.013101470042785156
2026-04-01,0.0015077400173863073
2026-04-02,-0.006514507801943614
2026-04-05,-0.00031345365553150613
2026-04-06,0.0001723507376269162
2026-04-07,-3.061251498928917e-05
2026-04-08,0.001502852130071068
2026-04-09,-0.004491635367086142
2026-04-10,-0.00033708009765218106
2026-04-12,-2.8948134126337205e-05
2026-04-13,-0.0
2026-04-14,-0.0
2026-04-15,0.0
2026-04-16,0.0
2026-04-17,0.006433708545119833
2026-04-19,-0.002511711749998403
2026-04-20,0.0021927595234041315
2026-04-21,-2.9327151595938197e-05
2026-04-22,0.0024590126481746242
2026-04-23,-2.906709272853323e-05
2026-04-24,0.006202573125400059
2026-04-26,0.0019455334794620104
2026-04-27,-0.002221839069135297
2026-04-28,-2.944471661821341e-05
2026-04-29,0.0028715380057976803
2026-04-30,-2.907080580511734e-05
2026-05-01,0.0032427463611810433
2026-05-03,-2.8766539694819653e-05
2026-05-04,-0.0
2026-05-05,0.008403560383171936
2026-05-06,-2.8166041989184452e-05
2026-05-07,0.0010852882885460894
2026-05-08,0.010198355051302177
2026-05-10,-2.7133539971596986e-05
2026-05-11,0.0
2026-05-12,-0.0
2026-05-13,0.006030938201097779
2026-05-14,-7.91278985983069e-06
2026-05-15,-0.0071531703352209495
2026-05-17,-0.0023912456138065782
2026-05-18,-0.0006629143961480957
2026-05-19,-0.0015031483164549342
2026-05-20,0.008460305832237185
2026-05-21,-2.9967920208982692e-05
2026-05-22,0.0
2026-05-24,0.0
2026-05-25,-0.0
2026-05-26,0.0
2026-05-27,-0.003015895040377118
2026-05-28,0.004831086213499006
2026-05-29,-2.9589156517452828e-05
2026-05-31,0.0
2026-06-01,-0.0
2026-06-02,0.0
2026-06-03,-0.0
2026-06-04,-0.0039040349631171136
2026-06-05,-0.026714791622585162
2026-06-07,0.006902010575987324
2026-06-08,0.005726887993396293
2026-06-09,-0.010003140076977227
2026-06-10,-0.005990568331686878
2026-06-11,0.01748334188589859
2026-06-12,0.0026771209747533903
2026-06-14,-2.7540468427009628e-05
2026-06-15,0.0
2026-06-16,-0.0
2026-06-17,-0.0
2026-06-18,0.0
2026-06-19,0.0
2026-06-21,-0.0
2026-06-22,-0.0
2026-06-23,-0.014115270918683412
2026-06-24,0.006699855082365499
2026-06-25,-0.013240153542615377
2026-06-26,0.0013372100254007225
