ts,ret
2010-04-07,0.0
2010-04-08,0.0016645982660917634
2010-04-09,-0.0002505946388805212
2010-04-11,0.0020019396882116494
2010-04-12,-0.006676013297142829
2010-04-13,-0.0002515396472459908
2010-04-14,0.0
2010-04-15,-0.0
2010-04-16,-0.0
2010-04-18,0.0003763889904406307
2010-04-19,-0.00028789475768723464
2010-04-20,-0.0003068766473724596
2010-04-21,0.0
2010-04-22,-0.0
2010-04-23,0.0
2010-04-25,0.0
2010-04-26,-0.0
2010-04-27,0.0
2010-04-28,-0.00010071721148497025
2010-04-29,0.005154388941031149
2010-04-30,-0.0003082780080429225
2010-05-02,-0.0
2010-05-03,0.0
2010-05-04,-0.0
2010-05-05,0.004709737083456162
2010-05-06,0.01830219698341134
2010-05-07,0.005581691714113599
2010-05-09,-0.0049244987320337785
2010-05-10,0.0004623136346680893
2010-05-11,0.017723339105055445
2010-05-12,0.006527029933559554
2010-05-13,-0.0008182129246156601
2010-05-14,-0.002801387785435274
2010-05-16,0.0043599667346370646
2010-05-17,-0.00845344375485547
2010-05-18,-0.008002959714564103
2010-05-19,-0.01055648500820152
2010-05-20,-0.018295750398871685
2010-05-21,0.004895678307056122
2010-05-23,-0.0002780227327012941
2010-05-24,0.0
2010-05-25,0.0
2010-05-26,0.0
2010-05-27,-0.0
2010-05-28,0.0
2010-05-30,-0.0
2010-05-31,0.0
2010-06-01,0.0
2010-06-02,-0.0
2010-06-03,-0.0
2010-06-04,0.0
2010-06-06,-0.0
2010-06-07,0.0
2010-06-08,-0.0006889309290623517
2010-06-09,-0.002730766058958558
2010-06-10,-0.00027855972357651533
2010-06-11,0.0
2010-06-13,0.0
2010-06-14,-0.0
2010-06-15,0.0
2010-06-16,-0.00046028860998121316
2010-06-17,-0.0002666980429486356
2010-06-18,0.0077286020401162135
2010-06-20,0.00025173539527242666
2010-06-21,-0.010696739737065088
2010-06-22,0.0005136717036131026
2010-06-23,-0.0002651928819834955
2010-06-24,0.0
2010-06-25,0.0
2010-06-27,0.0
2010-06-28,-0.0
2010-06-29,0.001125436825168965
2010-06-30,-0.0011532347076085284
2010-07-01,-0.0002710061105073003
2010-07-02,0.002248836151869046
2010-07-04,-0.00024959434413929953
2010-07-05,-0.0
2010-07-06,-0.0
2010-07-07,0.006323650425850617
2010-07-08,-0.0002560263231235175
2010-07-09,0.0
2010-07-11,-0.0
2010-07-12,-0.0
2010-07-13,0.0
2010-07-14,0.0
2010-07-15,-0.0
2010-07-16,-0.0
2010-07-18,-0.0001554659578289292
2010-07-19,-0.005692648314006119
2010-07-20,0.004553674370697386
2010-07-21,-0.00025989745813921996
2010-07-22,0.0
2010-07-23,-0.0
2010-07-25,0.0
2010-07-26,-0.0
2010-07-27,-0.0
2010-07-28,0.0009090691448405208
2010-07-29,0.0015338267014132594
2010-07-30,-0.00027331508487849095
2010-08-01,0.0
2010-08-02,0.0
2010-08-03,0.0
2010-08-04,0.0
2010-08-05,0.0
2010-08-06,0.0
2010-08-08,-0.0
2010-08-09,-0.0
2010-08-10,-0.0
2010-08-11,-0.0
2010-08-12,-0.010237727643158159
2010-08-13,-0.0003802778824850356
2010-08-15,-0.00028408955953899463
2010-08-16,-0.0
2010-08-17,-0.0
2010-08-18,-0.0
2010-08-19,0.0013805991290414105
2010-08-20,-0.002209151297329632
2010-08-22,0.00043320153326226754
2010-08-23,-0.004838572307276792
2010-08-24,-0.00029985212625771183
2010-08-25,0.005763339240521017
2010-08-26,-0.002166897603516714
2010-08-27,-0.0002973532987029853
2010-08-29,-0.0021875119035867697
2010-08-30,0.0012243532395924425
2010-08-31,-0.0003032937637952409
2010-09-01,-0.0007236248408777748
2010-09-02,0.0026242851646967064
2010-09-03,-0.00031070348645421817
2010-09-05,0.0
2010-09-06,0.0
2010-09-07,0.0
2010-09-08,-0.0
2010-09-09,-0.0
2010-09-10,0.0001641005555552166
2010-09-12,-0.00018145587040852235
2010-09-13,0.0032609861092383874
2010-09-14,-0.00036295679329993144
2010-09-15,-0.0014752901521400085
2010-09-16,0.006562650142265413
2010-09-17,-0.0011099190836487513
2010-09-19,0.002768596389811207
2010-09-20,0.0012416061941893728
2010-09-21,-0.0003696133472971066
2010-09-22,0.0035600912422372546
2010-09-23,-0.00038157502846845117
2010-09-24,0.0
2010-09-26,-0.0006748935148517977
2010-09-27,-0.002114315233599128
2010-09-28,-0.00040088475216808905
2010-09-29,-0.0014730027601549565
2010-09-30,-0.000401106521223332
2010-10-01,0.007116339049116074
2010-10-03,-0.0024803572076256995
2010-10-04,-0.001637565968465733
2010-10-05,-0.0004007501736547368
2010-10-06,0.006721774183517285
2010-10-07,-0.015880297392133497
2010-10-08,0.01118148919140764
2010-10-10,0.005112960539111049
2010-10-11,-0.0019669538598962298
2010-10-12,-0.0003802437239857797
2010-10-13,0.0
2010-10-14,0.0007598612149735007
2010-10-15,-0.008290510910766016
2010-10-17,-0.008107003656120366
2010-10-18,0.008584359814672649
2010-10-19,-0.0003581131273052958
2010-10-20,0.004915840557307144
2010-10-21,-0.0003136506575448776
2010-10-22,0.00043429001205565746
2010-10-24,-0.0003074097587811029
2010-10-25,0.0
2010-10-26,-0.0
2010-10-27,-0.0
2010-10-28,0.0
2010-10-29,0.0
2010-10-31,-0.0
2010-11-01,-0.0
2010-11-02,0.0
2010-11-03,0.0
2010-11-04,0.021731512008652205
2010-11-05,0.0018421574745754647
2010-11-07,-0.0022954904457223872
2010-11-08,0.012520211890072633
2010-11-09,-0.007254429146335167
2010-11-10,0.00444414140168803
2010-11-11,-0.009367703501613854
2010-11-12,-0.00025626769860055633
2010-11-14,2.703858012017047e-05
2010-11-15,-0.002963030620457031
2010-11-16,-0.0002480676937590669
2010-11-17,0.005720662504915889
2010-11-18,-0.0002341298962772612
2010-11-19,-0.0
2010-11-21,0.0
2010-11-22,-0.0
2010-11-23,0.0
2010-11-24,-0.0
2010-11-25,0.0
2010-11-26,-0.0
2010-11-28,-0.0
2010-11-29,0.0
2010-11-30,0.0
2010-12-01,0.0
2010-12-02,-0.0
2010-12-03,0.0
2010-12-05,-0.0
2010-12-06,0.0
2010-12-07,-0.0
2010-12-08,-0.002651889099813466
2010-12-09,0.001048253531382975
2010-12-10,-0.0002101065906046839
2010-12-12,0.0
2010-12-13,0.0
2010-12-14,-0.0
2010-12-15,-0.007717944974890649
2010-12-16,-0.002727624784849094
2010-12-17,-4.228406861368612e-05
2010-12-19,0.0036505849997158627
2010-12-20,0.0018562234521150283
2010-12-21,-0.00021869863108355046
2010-12-22,-0.0
2010-12-23,-0.0
2010-12-24,0.0
2010-12-26,0.0
2010-12-27,0.0
2010-12-28,0.0
2010-12-29,0.0
2010-12-30,-0.0
2010-12-31,0.0
2011-01-02,-0.0
2011-01-03,-0.0
2011-01-04,-0.017653748717305746
2011-01-05,-0.0046159415037403595
2011-01-06,-0.002122474721645941
2011-01-07,-0.0005687995331624232
2011-01-09,0.0022592336028418765
2011-01-10,0.0014764671444275062
2011-01-11,-0.00023792595075589943
2011-01-12,0.0
2011-01-13,-0.0
2011-01-14,-0.00892532382718985
2011-01-16,-0.0015628536355181068
2011-01-17,-0.00041381640000701217
2011-01-18,-0.005231015076809732
2011-01-19,-0.00026253893616696636
2011-01-20,-0.0
2011-01-21,-0.002955397241592578
2011-01-23,-0.006466094324622187
2011-01-24,-0.011113162588088697
2011-01-25,-0.00027266945729373534
2011-01-26,-0.006636089132036928
2011-01-27,-0.020390913960513776
2011-01-28,-0.014722997690554431
2011-01-30,-0.00326199627294165
2011-01-31,-0.00394077807620094
2011-02-01,-0.00025014553512913085
2011-02-02,0.0
2011-02-03,-0.0
2011-02-04,0.0
2011-02-06,0.0
2011-02-07,-0.0
2011-02-08,-0.0
2011-02-09,0.0
2011-02-10,-0.0
2011-02-11,0.0
2011-02-13,-0.0
2011-02-14,-0.0
2011-02-15,-0.0
2011-02-16,0.0
2011-02-17,0.0
2011-02-18,0.0
2011-02-20,0.0024444935641004047
2011-02-21,0.004887926056982187
2011-02-22,-0.002917889801414442
2011-02-23,0.007933785952349484
2011-02-24,-0.00346355143744506
2011-02-25,0.0030830660910081634
2011-02-27,-0.00027052582217127955
2011-02-28,-0.0
2011-03-01,0.0
2011-03-02,0.002843372964339763
2011-03-03,-0.009626596073637347
2011-03-04,0.006926959084808067
2011-03-06,0.0030186004462407264
2011-03-07,-0.0026113003315880448
2011-03-08,-0.0031839827230713525
2011-03-09,-0.00025526092631456145
2011-03-10,-0.0
2011-03-11,0.0015020469798527765
2011-03-13,-0.00025704422632976434
2011-03-14,0.0
2011-03-15,-0.0
2011-03-16,-0.004409925649564204
2011-03-17,-0.00027241861872547165
2011-03-18,0.0
2011-03-20,0.005111330255231287
2011-03-21,0.0018137741694806346
2011-03-22,-0.00026078295688957727
2011-03-23,0.0
2011-03-24,-0.0
2011-03-25,-0.002145472404770667
2011-03-27,-0.00026202498316470977
2011-03-28,-0.0
2011-03-29,-0.0
2011-03-30,0.0
2011-03-31,0.0
2011-04-01,-0.0014751368670856578
2011-04-03,0.00070861150841364
2011-04-04,0.004588351329430086
2011-04-05,-0.0002746329716991479
2011-04-06,0.0012710483345103215
2011-04-07,-0.00027678550067972293
2011-04-08,0.0
2011-04-10,-0.0011959425708049085
2011-04-11,-0.01235752011687708
2011-04-12,-0.0003385285279291928
2011-04-13,0.002111500416047503
2011-04-14,0.01131320081900043
2011-04-15,0.009078011654854166
2011-04-17,-0.0008482115083306568
2011-04-18,0.0035108951294312843
2011-04-19,0.005354292372383063
2011-04-20,-0.00032117640397394214
2011-04-21,-0.001814871960764275
2011-04-22,-0.000322816090536903
2011-04-24,0.0
2011-04-25,-0.0
2011-04-26,0.007223012086791038
2011-04-27,0.014205804505207385
2011-04-28,0.003963530631915561
2011-04-29,0.019543705045710597
2011-05-01,-0.012474483910667392
2011-05-02,-0.0007100620722703372
2011-05-03,-0.005649220574895504
2011-05-04,-0.009118625179414157
2011-05-05,-0.01672181741544352
2011-05-06,0.0035756248040723425
2011-05-08,0.001172256751077927
2011-05-09,0.007054078571626805
2011-05-10,-0.00025277849041658424
2011-05-11,-0.0
2011-05-12,-0.0015607014053472116
2011-05-13,-0.00025247485759635107
2011-05-15,-0.0
2011-05-16,0.0
2011-05-17,-0.0
2011-05-18,0.0
2011-05-19,-0.0
2011-05-20,0.0
2011-05-22,-0.0017609573236422875
2011-05-23,0.004216551957874207
2011-05-24,-0.00025556510537722184
2011-05-25,0.0
2011-05-26,-0.0
2011-05-27,0.0
2011-05-29,-0.0
2011-05-30,0.0
2011-05-31,-0.0
2011-06-01,0.0
2011-06-02,-0.0037719057206059108
2011-06-03,-0.0002718236043169996
2011-06-05,0.0
2011-06-06,-0.0
2011-06-07,-0.0
2011-06-08,-0.0
2011-06-09,0.0
2011-06-10,-0.0
2011-06-12,0.0
2011-06-13,-0.0
2011-06-14,0.0034135062945719265
2011-06-15,-0.0002706281055098417
2011-06-16,0.0003184382075973886
2011-06-17,-0.00027308505167044744
2011-06-19,-0.00079133973250379
2011-06-20,0.0014920652283249272
2011-06-21,-0.00027255327458575976
2011-06-22,0.0
2011-06-23,-0.01581909350523288
2011-06-24,-0.01196276555724298
2011-06-26,-0.000411628281294194
2011-06-27,-0.0010612980845188093
2011-06-28,-0.00027239037088512146
2011-06-29,0.0
2011-06-30,-0.0
2011-07-01,-0.0
2011-07-03,0.0024759868974045364
2011-07-04,0.002908176824110956
2011-07-05,0.009791897977204448
2011-07-06,-0.0002675364793139401
2011-07-07,0.0
2011-07-08,0.0
2011-07-10,0.0
2011-07-11,0.0
2011-07-12,0.008462441165533687
2011-07-13,0.012743393181116835
2011-07-14,-0.0019014568690998235
2011-07-15,0.007430292698966983
2011-07-17,0.000592980854194626
2011-07-18,0.004623567590351977
2011-07-19,-0.006842845457619058
2011-07-20,0.0067916287102099925
2011-07-21,-0.0003013591243261685
2011-07-22,0.007246314577092776
2011-07-24,-0.0003017092621199329
2011-07-25,0.0
2011-07-26,0.0
2011-07-27,-0.0
2011-07-28,0.000365990307023435
2011-07-29,-0.0002974280837473612
2011-07-31,-0.009927597192020892
2011-08-01,0.005452801127362208
2011-08-02,-0.00029207774550386054
2011-08-03,0.005133906612865065
2011-08-04,-0.006879452940552717
2011-08-05,0.006885592434133444
2011-08-07,0.018052943474015218
2011-08-08,0.029203150252080323
2011-08-09,0.003825914702648683
2011-08-10,0.012738500661799603
2011-08-11,-0.010678902587787663
2011-08-12,-0.005805314330136939
2011-08-14,-0.0008065577960702448
2011-08-15,0.008782922452942857
2011-08-16,-0.00019121438543068115
2011-08-17,0.0
2011-08-18,0.0
2011-08-19,0.0
2011-08-21,0.005027964882395875
2011-08-22,0.011687244914875355
2011-08-23,-0.00017180078730491208
2011-08-24,-0.035751588663735547
2011-08-25,0.005005055226865102
2011-08-26,0.01721407768905785
2011-08-28,-0.0024165247537249962
2011-08-29,-0.006250190247841481
2011-08-30,-0.0001207839058714325
2011-08-31,-0.0
2011-09-01,0.0
2011-09-02,0.0
2011-09-04,-0.0
2011-09-05,0.0
2011-09-06,-0.0
2011-09-07,-0.011090741255519562
2011-09-08,0.0076390797138223415
2011-09-09,-0.00011001924705735437
2011-09-11,-0.0
2011-09-12,-0.0
2011-09-13,0.0
2011-09-14,-0.0
2011-09-15,-0.0
2011-09-16,0.0
2011-09-18,0.0
2011-09-19,-0.0
2011-09-20,0.0
2011-09-21,-0.0
2011-09-22,-0.0
2011-09-23,-0.020740060062186687
2011-09-25,-0.004238988058805617
2011-09-26,0.002205238878738325
2011-09-27,-0.0022789841769395433
2011-09-28,-0.00010316468284981413
2011-09-29,0.0
2011-09-30,-0.0
2011-10-02,0.0
2011-10-03,0.0
2011-10-04,-0.0
2011-10-05,0.0
2011-10-06,0.0
2011-10-07,-0.0
2011-10-09,0.0
2011-10-10,0.0
2011-10-11,-0.0
2011-10-12,0.0
2011-10-13,-0.0
2011-10-14,0.0
2011-10-16,-0.0
2011-10-17,-0.0
2011-10-18,-0.0
2011-10-19,-0.0
2011-10-20,-0.0
2011-10-21,0.0035164287075122036
2011-10-23,0.0002673225555893388
2011-10-24,0.0023769667217740367
2011-10-25,-9.605511536845924e-05
2011-10-26,0.0020404781300170944
2011-10-27,0.0038537638528917634
2011-10-28,-0.00017519034991072405
2011-10-30,-9.465057103383117e-05
2011-10-31,0.0
2011-11-01,0.0
2011-11-02,-0.00014662806765067818
2011-11-03,0.0074238259345054515
2011-11-04,-0.0007728812114420491
2011-11-06,-0.00010112238576447227
2011-11-07,0.0
2011-11-08,-0.0007994346684322926
2011-11-09,-0.00705155373956861
2011-11-10,-0.00010689468320442215
2011-11-11,0.0
2011-11-13,0.0
2011-11-14,-0.0
2011-11-15,-0.0
2011-11-16,-0.0
2011-11-17,0.009563941363606814
2011-11-18,-0.00032727157705727075
2011-11-20,0.0005338752700365238
2011-11-21,0.010505910779974627
2011-11-22,-0.007085576419943414
2011-11-23,-0.0001142045220384043
2011-11-24,-0.0
2011-11-25,0.0
2011-11-27,-0.0
2011-11-28,-0.0
2011-11-29,-0.0
2011-11-30,-0.0
2011-12-01,0.0
2011-12-02,-0.0
2011-12-04,0.0
2011-12-05,0.0
2011-12-06,-0.0
2011-12-07,-0.0
2011-12-08,0.0
2011-12-09,-0.0
2011-12-11,0.0
2011-12-12,0.0
2011-12-13,0.005473625007847548
2011-12-14,0.02110575723879076
2011-12-15,-0.004802200972615519
2011-12-16,-0.003246417433947148
2011-12-18,0.003218042545448346
2011-12-19,-0.002944675933417678
2011-12-20,-0.00013823602121714498
2011-12-21,0.0
2011-12-22,-0.0
2011-12-23,0.0
2011-12-26,0.0
2011-12-27,0.0
2011-12-28,0.0
2011-12-29,0.0005708509700874057
2011-12-30,-0.003301226578896342
2012-01-02,-0.0001433087148533847
2012-01-03,-0.0
2012-01-04,-0.0
2012-01-05,-0.0
2012-01-06,0.0
2012-01-08,0.0
2012-01-09,-0.0
2012-01-10,-0.0
2012-01-11,-0.0
2012-01-12,-0.0
2012-01-13,0.0
2012-01-15,0.0
2012-01-16,-0.0
2012-01-17,0.0
2012-01-18,-0.0
2012-01-19,0.0
2012-01-20,-0.0
2012-01-22,-0.00184239229955204
2012-01-23,0.00023623308976016027
2012-01-24,-0.00015428782081144414
2012-01-25,0.0
2012-01-26,0.0013697669481955634
2012-01-27,0.007071359454347144
2012-01-29,-0.0017848392764023106
2012-01-30,0.0004708837074049846
2012-01-31,-0.00014606126756353853
2012-02-01,-0.0026766224661045794
2012-02-02,-0.00014454641326636848
2012-02-03,-0.010458428789264979
2012-02-05,0.002590484571552196
2012-02-06,-0.00433617708824879
2012-02-07,-0.00015164552858139472
2012-02-08,0.0
2012-02-09,0.0
2012-02-10,0.0031049575240884694
2012-02-12,-0.0001526178661926627
2012-02-13,0.0
2012-02-14,-0.0
2012-02-15,0.0
2012-02-16,-0.0
2012-02-17,0.0
2012-02-19,-0.0
2012-02-20,-0.0
2012-02-21,-0.0
2012-02-22,0.006204188243468913
2012-02-23,0.0026760764889187157
2012-02-24,-0.00016411542555183834
2012-02-26,0.0
2012-02-27,-0.0
2012-02-28,0.0
2012-02-29,-0.028770155117238648
2012-03-01,-0.0012131702116703936
2012-03-02,-0.0036635139291933488
2012-03-04,-0.00017995409917148555
2012-03-05,0.0
2012-03-06,0.0
2012-03-07,-0.005148918830853429
2012-03-08,-0.00017765196730548742
2012-03-09,-0.0
2012-03-11,-0.0018847950466392592
2012-03-12,0.0018283092451777793
2012-03-13,-0.0001874532704513058
2012-03-14,0.012785212228632803
2012-03-15,-0.007827318196129645
2012-03-16,-0.00018141040093407263
2012-03-18,0.0
2012-03-19,-0.0
2012-03-20,-0.0
2012-03-21,-0.0
2012-03-22,-0.0
2012-03-23,0.0
2012-03-25,0.0
2012-03-26,0.0
2012-03-27,-0.002862272094512844
2012-03-28,-0.00018037610896068636
2012-03-29,0.0
2012-03-30,0.0
2012-04-01,0.0
2012-04-02,0.0
2012-04-03,-0.0
2012-04-04,-0.007482232983116762
2012-04-05,0.0022455498736965135
2012-04-06,-0.00018561279541378116
2012-04-08,0.0
2012-04-09,0.0
2012-04-10,0.0
2012-04-11,0.0013585332847820407
2012-04-12,-0.00018319387341114073
2012-04-13,-0.0
2012-04-15,-0.0
2012-04-16,-0.0
2012-04-17,0.0
2012-04-18,-0.0
2012-04-19,-0.0
2012-04-20,-0.000784479312872805
2012-04-22,-0.00019606098939738438
2012-04-23,0.0
2012-04-24,-0.0
2012-04-25,-0.0
2012-04-26,-0.004996480138063266
2012-04-27,-0.0026680404950997364
2012-04-29,-0.00019498068761703992
2012-04-30,-0.0
2012-05-01,0.0
2012-05-02,0.0
2012-05-03,0.0
2012-05-04,-0.00280543744244251
2012-05-06,0.0018784093606252336
2012-05-07,0.00021785888387071322
2012-05-08,-0.00020993916149175478
2012-05-09,0.0007971012560628126
2012-05-10,0.002749393281426395
2012-05-11,-0.00023564510131641753
2012-05-13,-0.0
2012-05-14,0.0
2012-05-15,0.007513385877532312
2012-05-16,-0.003658664066372466
2012-05-17,-0.015645440030773766
2012-05-18,-0.008741878749255281
2012-05-20,-0.0015089615007945834
2012-05-21,0.0021598693035247856
2012-05-22,-0.000222891395866008
2012-05-23,-0.0005726854321172316
2012-05-24,0.004304670530585724
2012-05-25,-0.00022783889510560195
2012-05-27,-0.0
2012-05-28,0.0
2012-05-29,0.0
2012-05-30,-0.0
2012-05-31,0.0032661080746753672
2012-06-01,-0.00020923936510335982
2012-06-03,0.0019337669430741548
2012-06-04,-0.0012741679405670117
2012-06-05,-0.0001724437586715316
2012-06-06,0.0
2012-06-07,0.019611908108596598
2012-06-08,-0.008677080927083271
2012-06-10,-0.00016744347507042937
2012-06-11,0.0
2012-06-12,-0.0
2012-06-13,-0.003226977100211689
2012-06-14,-0.00016541817831449004
2012-06-15,-0.0
2012-06-17,0.0015078974663382929
2012-06-18,-0.0019983958528774536
2012-06-19,-0.0001673733595739802
2012-06-20,0.0
2012-06-21,0.014101574351175324
2012-06-22,-0.003294148985508086
2012-06-24,-0.00016587196959014973
2012-06-25,-0.0
2012-06-26,0.0
2012-06-27,-0.0
2012-06-28,0.0
2012-06-29,-0.0
2012-07-01,0.0016629518596478767
2012-07-02,-0.002686987769094041
2012-07-03,-0.00015300390675159156
2012-07-04,-0.0
2012-07-05,0.0
2012-07-06,0.0
2012-07-08,0.0
2012-07-09,-0.0
2012-07-10,0.0
2012-07-11,0.0007565006513322607
2012-07-12,-0.00015457368105503414
2012-07-13,-0.006918695377832932
2012-07-15,-0.00015373782018627662
2012-07-16,-0.0
2012-07-17,0.0
2012-07-18,0.0014106696451409821
2012-07-19,-0.00015835278927234687
2012-07-20,-0.0
2012-07-22,0.0016757299551027807
2012-07-23,0.0009745456345192791
2012-07-24,-0.0001585026684669777
2012-07-25,-0.0
2012-07-26,-0.003975071666271575
2012-07-27,-0.0026185688507178694
2012-07-29,0.0007073723056554054
2012-07-30,-0.0009182393869283545
2012-07-31,-0.00016273367505900024
2012-08-01,0.004079764364739407
2012-08-02,0.00440406734686749
2012-08-03,-0.004732309521568673
2012-08-05,-0.000689991829420009
2012-08-06,-0.0022102184941590886
2012-08-07,-0.00016769757680150098
2012-08-08,-0.0
2012-08-09,0.0
2012-08-10,0.0
2012-08-12,0.0
2012-08-13,-0.0
2012-08-14,-0.0
2012-08-15,0.0
2012-08-16,0.0
2012-08-17,-0.0002706277108439144
2012-08-19,0.00150699379188816
2012-08-20,0.0017480539296617242
2012-08-21,0.00923235768163623
2012-08-22,0.012175746690845727
2012-08-23,0.00279548238987862
2012-08-24,0.0016299257263346569
2012-08-26,0.002772194456194482
2012-08-27,-0.0083949407087951
2012-08-28,-0.00022867662816721877
2012-08-29,-0.0
2012-08-30,-0.0023427160960806095
2012-08-31,-0.0002260282770300273
2012-09-02,-0.001186672367235932
2012-09-03,0.0031289347373443964
2012-09-04,-0.0016424698039196517
2012-09-05,0.002048313943056416
2012-09-06,-0.00023427727902540545
2012-09-07,0.02284311427437721
2012-09-09,0.0014375448739317243
2012-09-10,-0.0037656352323744346
2012-09-11,-0.00023163267045371363
2012-09-12,-0.0
2012-09-13,0.0
2012-09-14,-0.0012566410240987444
2012-09-16,0.0018648314023513785
2012-09-17,-0.00830034008631863
2012-09-18,-0.00022313587357093836
2012-09-19,0.0
2012-09-20,0.0
2012-09-21,0.0
2012-09-23,-0.0
2012-09-24,0.0
2012-09-25,-0.0
2012-09-26,-0.0
2012-09-27,0.0
2012-09-28,-0.0
2012-09-30,-0.0
2012-10-01,0.0
2012-10-02,-0.0
2012-10-03,0.0
2012-10-04,0.0
2012-10-05,-0.0
2012-10-07,-0.0
2012-10-08,0.0
2012-10-09,-0.0
2012-10-10,-0.0
2012-10-11,0.0
2012-10-12,-0.0
2012-10-14,-0.0
2012-10-15,-0.0
2012-10-16,0.0067026137361211584
2012-10-17,-0.00021642758218262917
2012-10-18,-0.0
2012-10-19,-0.0
2012-10-21,0.0007310643683289565
2012-10-22,0.0015928317539240333
2012-10-23,-0.00021482103589506255
2012-10-24,-0.0021550167144411434
2012-10-25,0.0027691872800576387
2012-10-26,-0.0002151543814555713
2012-10-28,0.0
2012-10-29,-0.0
2012-10-30,0.0
2012-10-31,0.0
2012-11-01,-0.0
2012-11-02,-0.0
2012-11-04,0.0005676865197955006
2012-11-05,0.0028570631645493992
2012-11-06,-0.0002091084142675891
2012-11-07,-0.003447332103933996
2012-11-08,0.007517739740162035
2012-11-09,-0.0001980554928857957
2012-11-11,0.0
2012-11-12,-0.0
2012-11-13,0.0
2012-11-14,-0.0
2012-11-15,-0.0
2012-11-16,0.0007573212004646384
2012-11-18,-0.00020771397736368347
2012-11-19,0.0
2012-11-20,-0.0
2012-11-21,0.0
2012-11-22,-0.0
2012-11-23,0.0
2012-11-25,-0.0
2012-11-26,-0.0
2012-11-27,-0.0
2012-11-28,-0.0
2012-11-29,0.004196526404492275
2012-11-30,-0.0068173576442701915
2012-12-02,0.002683303032726261
2012-12-03,-0.004924126513408992
2012-12-04,-0.00023968867642243922
2012-12-05,-0.00611195913249213
2012-12-06,-0.007113493722013079
2012-12-07,-0.00023747222520187691
2012-12-09,0.0
2012-12-10,0.0017142546511447927
2012-12-11,-0.0002441871502609523
2012-12-12,0.0
2012-12-13,0.0024431724601886515
2012-12-14,0.00028326552721443925
2012-12-16,-0.0002537362998320022
2012-12-17,-0.0
2012-12-18,0.016712289036389088
2012-12-19,0.002620335498914592
2012-12-20,0.014211772269120989
2012-12-21,-0.008420608889231816
2012-12-23,-1.7926180742865465e-05
2012-12-24,-0.000659506730301471
2012-12-26,-0.00024081188788287064
2012-12-27,-0.0
2012-12-28,0.0
2012-12-30,-0.0
2012-12-31,-0.0
2013-01-01,-0.0023428370266601354
2013-01-02,-0.004959159129894814
2013-01-03,0.020254776537512554
2013-01-04,-0.0026050275908707466
2013-01-06,-0.0011476717393709168
2013-01-07,0.004901193349738105
2013-01-08,-0.00022800966695078005
2013-01-09,0.0
2013-01-10,-0.0
2013-01-11,0.0
2013-01-13,-0.001797054897290929
2013-01-14,-0.002797925845892287
2013-01-15,-0.00023278254802398061
2013-01-16,0.0
2013-01-17,-0.0
2013-01-18,0.002202658280564106
2013-01-20,-0.0002513751040831987
2013-01-21,-0.0
2013-01-22,0.0
2013-01-23,0.0
2013-01-24,0.0
2013-01-25,0.0049812367373164405
2013-01-27,-0.00025743960487159247
2013-01-28,0.0
2013-01-29,-0.0
2013-01-30,-0.0
2013-01-31,0.010360410865163918
2013-02-01,-0.00025868340959638
2013-02-03,-0.002293332095787404
2013-02-04,-0.0022972339366495002
2013-02-05,-0.0002622571998052367
2013-02-06,-0.0
2013-02-07,0.0
2013-02-08,0.0023888608636543694
2013-02-10,-0.00026936417411296316
2013-02-11,0.0
2013-02-12,-0.003013426341782308
2013-02-13,-0.00026936805163418654
2013-02-14,0.0
2013-02-15,0.013814795980732746
2013-02-17,-0.0015806546388538497
2013-02-18,-0.000442044931490351
2013-02-19,0.003802874957076091
2013-02-20,0.027969990929192747
2013-02-21,-0.012487443962495645
2013-02-22,0.0008655159849886538
2013-02-24,-0.00023127576846760565
2013-02-25,-0.0
2013-02-26,-0.0
2013-02-27,0.006264891749063262
2013-02-28,-0.00022700567152424966
2013-03-01,0.0012531425236889512
2013-03-03,-0.00023057107397245378
2013-03-04,-0.0
2013-03-05,0.0
2013-03-06,-0.0
2013-03-07,0.0
2013-03-08,-0.0
2013-03-10,-0.0
2013-03-11,-0.0
2013-03-12,-0.0
2013-03-13,0.0
2013-03-14,-0.0
2013-03-15,0.0
2013-03-17,-0.0
2013-03-18,-0.0
2013-03-19,-0.0
2013-03-20,0.002146497895744151
2013-03-21,-0.0002579877050985109
2013-03-22,0.0
2013-03-24,-0.0
2013-03-25,0.0
2013-03-26,0.0
2013-03-27,-0.0
2013-03-28,0.0
2013-03-29,-0.0
2013-03-31,-0.0
2013-04-01,-0.0
2013-04-02,0.0
2013-04-03,0.013248944482536672
2013-04-04,-0.004127978212568568
2013-04-05,-0.016185746762821963
2013-04-07,0.001202667076060306
2013-04-08,0.00211488596551188
2013-04-09,-0.00023198821755294186
2013-04-10,0.0
2013-04-11,-0.0011411332426410465
2013-04-12,-0.00024009801460287393
2013-04-14,0.01739424898331186
2013-04-15,0.03906536645607418
2013-04-16,-0.012087313942492869
2013-04-17,0.0065949743535713735
2013-04-18,-0.011372203972883195
2013-04-19,-0.0001446018774195856
2013-04-21,-0.0
2013-04-22,-0.0
2013-04-23,0.0
2013-04-24,-0.0
2013-04-25,-0.0
2013-04-26,0.0
2013-04-28,-0.0
2013-04-29,-0.0
2013-04-30,-0.0
2013-05-01,0.0
2013-05-02,-0.0
2013-05-03,0.0
2013-05-05,-0.0
2013-05-06,0.0
2013-05-07,0.0
2013-05-08,-0.0
2013-05-09,0.0
2013-05-10,0.0
2013-05-12,0.004809036306252448
2013-05-13,-0.0030214503150160455
2013-05-14,-0.00013478945586936278
2013-05-15,0.0
2013-05-16,0.003950587559780658
2013-05-17,-0.00013880544868339332
2013-05-19,0.00325900470016156
2013-05-20,-0.012101787927802804
2013-05-21,0.0026078733989753377
2013-05-22,0.0037605875883123642
2013-05-23,-0.0081971134622108
2013-05-24,-0.00013011054173297194
2013-05-26,-0.0
2013-05-27,0.0
2013-05-28,0.0
2013-05-29,-0.0
2013-05-30,-0.0
2013-05-31,0.0
2013-06-02,-0.0
2013-06-03,-0.0
2013-06-04,0.0
2013-06-05,0.0
2013-06-06,-0.0
2013-06-07,0.0
2013-06-09,-0.0
2013-06-10,0.0
2013-06-11,0.0
2013-06-12,-0.0
2013-06-13,0.0
2013-06-14,-0.0
2013-06-16,-0.0
2013-06-17,0.0
2013-06-18,0.0
2013-06-19,0.0
2013-06-20,0.015567520300230708
2013-06-21,-0.001250041745301837
2013-06-23,0.0018225247182999294
2013-06-24,0.0016794274930055557
2013-06-25,0.014736880030396395
2013-06-26,-0.00017485386950063617
2013-06-27,0.014913141645319178
2013-06-28,-0.01200111519592061
2013-06-30,-0.002128481960498815
2013-07-01,-0.007187836113348818
2013-07-02,0.004548592703840534
2013-07-03,-0.00016649564386423543
2013-07-04,0.0
2013-07-05,0.0
2013-07-07,0.0
2013-07-08,-0.0
2013-07-09,0.0
2013-07-10,-0.0
2013-07-11,-0.0
2013-07-12,-0.0
2013-07-14,-0.0
2013-07-15,0.0
2013-07-16,-0.0
2013-07-17,0.0
2013-07-18,-0.0
2013-07-19,-0.0
2013-07-21,-0.0
2013-07-22,-0.0
2013-07-23,-0.0022159899184154472
2013-07-24,-0.00014982278601858442
2013-07-25,-0.0068753656403208185
2013-07-26,-0.00014966924087331194
2013-07-28,0.0
2013-07-29,-0.0
2013-07-30,-0.0
2013-07-31,0.0
2013-08-01,0.004863865001545683
2013-08-02,-0.0013055773581190462
2013-08-04,-0.00016155537875583775
2013-08-05,0.0
2013-08-06,0.0
2013-08-07,-0.0
2013-08-08,-0.0
2013-08-09,-2.4628339723730764e-05
2013-08-11,-0.00015614626238985354
2013-08-12,-0.0
2013-08-13,0.0039313554230446445
2013-08-14,-0.006681182512665078
2013-08-15,-0.008848766302692086
2013-08-16,-0.0036174619215722037
2013-08-18,-0.0016876963696286636
2013-08-19,0.0050525864899732265
2013-08-20,-0.00015395699393908855
2013-08-21,-0.0
2013-08-22,-0.004662608918657397
2013-08-23,-0.00015131948180142324
2013-08-25,-0.0013143582045833072
2013-08-26,0.0011367909073898572
2013-08-27,-0.00014759774434734943
2013-08-28,-0.002704443849876135
2013-08-29,-0.0002975478533651954
2013-08-30,-0.00015133256377150022
2013-09-01,0.0
2013-09-02,-0.0
2013-09-03,0.0
2013-09-04,-0.0
2013-09-05,0.0
2013-09-06,-0.007852730544045153
2013-09-08,-0.00018153376975824767
2013-09-09,0.0
2013-09-10,0.0
2013-09-11,0.0
2013-09-12,0.0
2013-09-13,0.0003939482115381558
2013-09-15,-0.0023133392766642486
2013-09-16,0.007494006459946975
2013-09-17,0.007861226430898725
2013-09-18,-0.00019251105593251836
2013-09-19,-0.0006903114541461561
2013-09-20,0.014459289158178436
2013-09-22,0.0016722844902324354
2013-09-23,0.0016840806305636977
2013-09-24,-0.0001695482550270358
2013-09-25,0.0
2013-09-26,-0.0
2013-09-27,0.0
2013-09-29,0.0
2013-09-30,-0.0
2013-10-01,-0.0
2013-10-02,0.007405327064251508
2013-10-03,0.0012866263027887903
2013-10-04,-0.00017095422642414174
2013-10-06,0.0
2013-10-07,0.0
2013-10-08,-0.0
2013-10-09,-0.0
2013-10-10,-0.0
2013-10-11,-0.0
2013-10-13,-0.0002139188528633892
2013-10-14,-0.0005604159203088176
2013-10-15,-0.0001739555741857746
2013-10-16,-0.0
2013-10-17,0.0
2013-10-18,-0.0007030273746480445
2013-10-20,-0.00016897602701482477
2013-10-21,-0.0
2013-10-22,0.0
2013-10-23,-0.0
2013-10-24,-0.0
2013-10-25,0.0024001768118277426
2013-10-27,-1.5336367360693213e-05
2013-10-28,0.0021387194330643334
2013-10-29,-0.00016983545941886123
2013-10-30,-0.0
2013-10-31,-0.005570971420796599
2013-11-01,-0.000173634981690614
2013-11-03,0.0009361892188114089
2013-11-04,0.00025855693811156766
2013-11-05,-0.00017577937055904472
2013-11-06,-0.0
2013-11-07,-0.0
2013-11-08,-0.00866539140591408
2013-11-10,0.00035011769773911393
2013-11-11,0.00323236498506394
2013-11-12,-0.00018272595292496112
2013-11-13,-0.006661288676975036
2013-11-14,-0.00018238215951253044
2013-11-15,-0.0007183813060932806
2013-11-17,-0.00018401031141337663
2013-11-18,0.0
2013-11-19,0.0
2013-11-20,0.0
2013-11-21,0.0015111349590437241
2013-11-22,5.4767517407526274e-05
2013-11-24,-0.00019583975983801852
2013-11-25,-0.006736020839914005
2013-11-26,0.0031715686507061223
2013-11-27,0.0024402615893788903
2013-11-28,-0.0001966937632583051
2013-11-29,-0.0
2013-12-01,0.0
2013-12-02,0.0
2013-12-03,-0.0006661702258130141
2013-12-04,-0.010293542203365686
2013-12-05,0.007404695598740256
2013-12-06,-0.0016801591638309402
2013-12-08,-0.00030567315365880726
2013-12-09,-0.006263292583075062
2013-12-10,-0.00023857971683407812
2013-12-11,0.0017419044982737264
2013-12-12,0.01557675242446091
2013-12-13,-0.006058444042276482
2013-12-15,-0.00024935955144220196
2013-12-16,-0.0
2013-12-17,0.004843274017224846
2013-12-18,0.006656645230825407
2013-12-19,0.013384852745245616
2013-12-20,-0.003754626189354877
2013-12-22,0.001184263292058009
2013-12-23,0.0013983821573001023
2013-12-24,-0.0002519590078810351
2013-12-26,-0.0
2013-12-27,-0.0
2013-12-29,0.0
2013-12-30,0.0
2013-12-31,-0.0
2014-01-01,-0.011062544883040048
2014-01-02,-0.005140777611620162
2014-01-03,-0.0002693442866781889
2014-01-05,-0.0
2014-01-06,-0.0
2014-01-07,0.007584895526469724
2014-01-08,-0.00027100734899178494
2014-01-09,-0.0
2014-01-10,-0.0
2014-01-12,-0.0
2014-01-13,-0.0
2014-01-14,0.0
2014-01-15,-0.0019456347739278189
2014-01-16,-0.0002624172108009802
2014-01-17,-0.0
2014-01-19,-0.0011980456286061515
2014-01-20,0.0014983343904746134
2014-01-21,0.006033076159612571
2014-01-22,-0.00026784825078294915
2014-01-23,-0.0
2014-01-24,-0.006151562475212136
2014-01-26,-0.000498817024796077
2014-01-27,0.007483177742179642
2014-01-28,0.002396712306549284
2014-01-29,-0.0002500532241685235
2014-01-30,0.010227794629041352
2014-01-31,-0.0004345886700943486
2014-02-02,-5.819791719914576e-05
2014-02-03,-0.00701100060728188
2014-02-04,0.0016537604608042012
2014-02-05,-0.0002560907227674326
2014-02-06,-0.0
2014-02-07,-0.0
2014-02-09,-0.0
2014-02-10,-0.0
2014-02-11,-0.0014480448917796463
2014-02-12,-0.0025262772152385717
2014-02-13,-0.0002630782386641264
2014-02-14,0.007211280182407265
2014-02-16,0.0033064778180806015
2014-02-17,-0.0015114195616363546
2014-02-18,-0.003628557640495238
2014-02-19,-0.0002656322400285452
2014-02-20,0.0029952352685111115
2014-02-21,0.003991030708692196
2014-02-23,-0.0002707908513900873
2014-02-24,0.0
2014-02-25,0.004239602590576875
2014-02-26,-0.00029151954460269975
2014-02-27,0.0
2014-02-28,-0.0
2014-03-02,0.010677860718574426
2014-03-03,0.005964721242019758
2014-03-04,-0.009582832962309927
2014-03-05,-0.000311957415590095
2014-03-06,0.0
2014-03-07,-0.0
2014-03-09,-0.0
2014-03-10,0.0
2014-03-11,0.0
2014-03-12,0.0
2014-03-13,-0.0005943309987755517
2014-03-14,0.006678643515269276
2014-03-16,-0.0006818098125059782
2014-03-17,-0.013642282696380757
2014-03-18,-0.001313586890247385
2014-03-19,-0.00028871600962077434
2014-03-20,0.00033743425134550366
2014-03-21,-0.00027532604877786456
2014-03-23,-0.0
2014-03-24,-0.0
2014-03-25,-0.0009836541569039226
2014-03-26,-0.000280071251736051
2014-03-27,-0.007183537887158174
2014-03-28,-0.0002856178050600491
2014-03-30,0.0
2014-03-31,-0.0
2014-04-01,-0.0008843488515520089
2014-04-02,-0.0002824621457263668
2014-04-03,-0.0
2014-04-04,0.0
2014-04-06,-0.0
2014-04-07,-0.0
2014-04-08,0.0
2014-04-09,0.0
2014-04-10,0.0
2014-04-11,-0.0
2014-04-13,0.0
2014-04-14,-0.0
2014-04-15,-0.0
2014-04-16,0.0016470223093261013
2014-04-17,-0.0002935892590667313
2014-04-20,-0.0
2014-04-21,0.0
2014-04-22,-0.001857349014535437
2014-04-23,0.0012812677685365768
2014-04-24,-0.0002967617576002759
2014-04-25,0.006943470380146255
2014-04-27,0.0011078397467116725
2014-04-28,-0.007144410260108558
2014-04-29,-0.00030423539037727
2014-04-30,-0.0
2014-05-01,-0.004394939741910969
2014-05-02,0.01103865885164423
2014-05-04,0.005049312270161357
2014-05-05,0.0009124710280188613
2014-05-06,-0.00029024405065290586
2014-05-07,-0.0
2014-05-08,-0.000543411511051288
2014-05-09,-0.00028799168687996943
2014-05-11,-0.0
2014-05-12,0.0
2014-05-13,-0.0
2014-05-14,0.0
2014-05-15,-0.0
2014-05-16,-0.002484100453699742
2014-05-18,-0.00029587522781887306
2014-05-19,-0.0
2014-05-20,-0.0
2014-05-21,0.0
2014-05-22,-0.0028938364340774566
2014-05-23,-0.00031436004039520944
2014-05-25,-0.0
2014-05-26,0.0
2014-05-27,0.0
2014-05-28,0.004978884896552849
2014-05-29,-0.00032968962493817487
2014-05-30,0.00621017020572291
2014-06-02,0.003946708233925379
2014-06-03,-0.0009011471397969107
2014-06-04,0.001499682832569735
2014-06-05,-0.00034230143138460186
2014-06-06,0.0
2014-06-08,0.0
2014-06-09,-0.0
2014-06-10,-0.0
2014-06-11,0.0
2014-06-12,-0.0
2014-06-13,-0.003148831320792947
2014-06-15,-0.0003368647496892729
2014-06-16,0.0
2014-06-17,0.0012084027510192682
2014-06-18,-0.0003517087953784286
2014-06-19,-0.0
2014-06-20,-0.001947716399782593
2014-06-22,0.0014317003203467207
2014-06-23,-0.0026307803768098447
2014-06-24,-0.0003007400011666435
2014-06-25,-0.004162372284866587
2014-06-26,-0.00031425065768321287
2014-06-27,-0.00030095061016301313
2014-06-29,-0.0
2014-06-30,0.0
2014-07-01,-0.00206451676624805
2014-07-02,-0.0014599312113988297
2014-07-03,-0.0003188091910957465
2014-07-04,0.0
2014-07-06,-0.0
2014-07-07,0.0
2014-07-08,0.0
2014-07-09,0.0
2014-07-10,0.005026846588730135
2014-07-11,-0.00031958866929708275
2014-07-13,-0.0
2014-07-14,-0.0
2014-07-15,0.006926875926443415
2014-07-16,-0.0036077158822613283
2014-07-17,-0.00030746592379095295
2014-07-18,0.0030089968333069823
2014-07-20,-0.0003181541448838487
2014-07-21,0.0
2014-07-22,-0.0
2014-07-23,-0.0
2014-07-24,-0.0
2014-07-25,0.00971514342884315
2014-07-27,-0.00032141242513506336
2014-07-28,0.0
2014-07-29,-0.0
2014-07-30,0.0
2014-07-31,0.0
2014-08-01,-0.007339393091299067
2014-08-03,0.0009159539227100584
2014-08-04,-0.003024965439571656
2014-08-05,0.0011568107109968067
2014-08-06,-0.011982029608752524
2014-08-07,-0.0057379760570467325
2014-08-08,-0.004605688493215817
2014-08-10,-0.00032690087269510084
2014-08-11,0.0
2014-08-12,0.0
2014-08-13,0.0
2014-08-14,0.0
2014-08-15,-0.0
2014-08-17,-0.003956084737817084
2014-08-18,-5.322659536115021e-05
2014-08-19,-0.00033232934435831234
2014-08-20,-0.0
2014-08-21,0.0
2014-08-22,-0.002040063202831985
2014-08-24,-0.0003376596221030177
2014-08-25,-0.0
2014-08-26,-0.0
2014-08-27,-0.0
2014-08-28,-0.0
2014-08-29,0.0
2014-08-31,-0.0
2014-09-01,-0.0
2014-09-02,-0.0
2014-09-03,0.004512457099750693
2014-09-04,-0.0004081145006459489
2014-09-05,0.004532720564677665
2014-09-07,-0.0004011767941564364
2014-09-08,-0.0
2014-09-09,-0.0005111869434733198
2014-09-10,-0.0066640258484468445
2014-09-11,0.01074462700558235
2014-09-12,0.004875183208374055
2014-09-14,-0.0034044027424176447
2014-09-15,-0.0027286138693564544
2014-09-16,-0.0003959789852305677
2014-09-17,0.011350666082304036
2014-09-18,0.0005984406525733736
2014-09-19,-0.00040043339992517697
2014-09-21,0.0018031404725417281
2014-09-22,-0.004453101892259758
2014-09-23,-0.004670210741032811
2014-09-24,-0.0004457147475618424
2014-09-25,-0.0
2014-09-26,0.005208404847478938
2014-09-28,-0.0004520263675063974
2014-09-29,0.0
2014-09-30,0.0
2014-10-01,-0.011618763092732342
2014-10-02,0.004514591329467557
2014-10-03,-0.00044483116802635685
2014-10-05,0.0012507213683841095
2014-10-06,-0.014010358046243145
2014-10-07,-0.007985171767131684
2014-10-08,-0.0003963664536644469
2014-10-09,0.0013589193824186223
2014-10-10,-0.0003825360529514111
2014-10-12,-0.0
2014-10-13,-0.0
2014-10-14,0.0
2014-10-15,-0.0
2014-10-16,-0.0001370416079895874
2014-10-17,-0.00038525042383626476
2014-10-19,0.000937159841894857
2014-10-20,-0.008045777696058428
2014-10-21,-0.00038748449997479226
2014-10-22,0.0
2014-10-23,0.0
2014-10-24,-0.0
2014-10-26,-0.0
2014-10-27,0.0
2014-10-28,0.0
2014-10-29,0.0
2014-10-30,0.012222178025988472
2014-10-31,0.020892849467110758
2014-11-02,0.0027551510258510084
2014-11-03,0.001614215483667532
2014-11-04,-0.0003543549471479098
2014-11-05,0.0
2014-11-06,0.008528852366210864
2014-11-07,-0.000340202394712806
2014-11-09,0.0025528230841905903
2014-11-10,0.015190303311952336
2014-11-11,-0.009757208120572335
2014-11-12,0.00019159793515916785
2014-11-13,-0.00025988087582035145
2014-11-14,-0.0
2014-11-16,0.0004424561073809401
2014-11-17,0.0004271930361266064
2014-11-18,-0.00023895993944612667
2014-11-19,0.0
2014-11-20,-0.007962444278749517
2014-11-21,-0.0002360946343473949
2014-11-23,0.0
2014-11-24,0.0
2014-11-25,-0.0
2014-11-26,0.00558894970253459
2014-11-27,-0.00023754723189290641
2014-11-28,0.0
2014-11-30,0.0076774440826776575
2014-12-01,-0.027668022936837327
2014-12-02,0.002123453043968716
2014-12-03,-0.0001974419910519861
2014-12-04,0.0
2014-12-05,0.0
2014-12-07,-0.0
2014-12-08,-0.0
2014-12-09,-0.0
2014-12-10,0.001249931280732675
2014-12-11,-0.00018857291593113492
2014-12-12,-0.0
2014-12-14,0.0
2014-12-15,0.0
2014-12-16,0.0002993169547698024
2014-12-17,-0.0002359909175163412
2014-12-18,0.00031422416541651885
2014-12-19,-0.0001973000186077981
2014-12-21,-0.0
2014-12-22,0.0
2014-12-23,0.00039662601168828626
2014-12-24,0.0017024958570418171
2014-12-25,-0.00019806684510054109
2014-12-26,-0.0
2014-12-28,0.0
2014-12-29,0.0
2014-12-30,-0.00635325188769488
2014-12-31,0.007425191617229785
2015-01-01,-0.00022619947049441663
2015-01-02,-0.0016406271828663943
2015-01-04,-0.0013913713523767551
2015-01-05,-0.006408538494803691
2015-01-06,0.003233568748698358
2015-01-07,-0.0032928999498912422
2015-01-08,-0.00018836575588873544
2015-01-09,-0.005124655437697695
2015-01-11,-0.0010731386247464733
2015-01-12,0.0036145438577086767
2015-01-13,-0.0021445947343988092
2015-01-14,-0.0008938029525204043
2015-01-15,-0.012175215834455041
2015-01-16,0.00859611996530728
2015-01-18,-0.0019989375913807813
2015-01-19,0.0003371596789601861
2015-01-20,0.009627997864893371
2015-01-21,-0.0018377248193231026
2015-01-22,0.0016497787322058307
2015-01-23,-0.0013516822050176555
2015-01-25,-0.00020384150750150161
2015-01-26,-0.0
2015-01-27,0.0
2015-01-28,-0.0
2015-01-29,-0.0
2015-01-30,0.010714939690242698
2015-02-01,-0.001352854331207098
2015-02-02,-0.002976287483645003
2015-02-03,-0.00020811084421657123
2015-02-04,0.0
2015-02-05,-0.0
2015-02-06,-0.0
2015-02-08,0.0013694115663298921
2015-02-09,0.0023982263848328013
2015-02-10,-0.00020812944374234488
2015-02-11,-0.0
2015-02-12,0.0
2015-02-13,0.0
2015-02-15,0.0
2015-02-16,-0.0
2015-02-17,-0.0
2015-02-18,0.0
2015-02-19,-0.0046276577321560765
2015-02-20,-0.00025924458122002415
2015-02-22,0.0
2015-02-23,-0.0
2015-02-24,0.0
2015-02-25,0.0005274663793111075
2015-02-26,-0.0002632525054916904
2015-02-27,0.0
2015-03-01,0.003940322378146757
2015-03-02,-0.006733653808297649
2015-03-03,-0.0006128007228466278
2015-03-04,-0.0002667809872871321
2015-03-05,-0.0
2015-03-06,-0.0
2015-03-08,-0.002114222602967661
2015-03-09,0.0023308670168739123
2015-03-10,-0.0002598904653150783
2015-03-11,0.006599832417686026
2015-03-12,-0.00026507373965524303
2015-03-13,0.0
2015-03-15,-0.0
2015-03-16,0.0
2015-03-17,0.0
2015-03-18,-0.013638904048963112
2015-03-19,0.001396250056431822
2015-03-20,-0.00025836457939688005
2015-03-22,-1.1588303784128696e-05
2015-03-23,-0.002606241046195112
2015-03-24,-0.000256880055861627
2015-03-25,-0.0
2015-03-26,0.0
2015-03-27,-0.0
2015-03-29,-0.0
2015-03-30,-0.0
2015-03-31,-0.0
2015-04-01,-0.0
2015-04-02,-0.0006910883086887387
2015-04-03,-0.00027881312559436725
2015-04-05,0.0
2015-04-06,-0.0
2015-04-07,-0.003450443164803185
2015-04-08,-0.0002830095004866003
2015-04-09,0.0003731470806078592
2015-04-10,-0.0002825436194728885
2015-04-12,0.0
2015-04-13,0.0
2015-04-14,0.0
2015-04-15,-0.0
2015-04-16,0.0
2015-04-17,-0.0
2015-04-19,-0.0
2015-04-20,0.0
2015-04-21,-0.0
2015-04-22,0.0
2015-04-23,-0.004400375047022514
2015-04-24,-0.0003362898040777063
2015-04-26,-0.003079243440443822
2015-04-27,-0.0137201769837707
2015-04-28,-0.006121925630402978
2015-04-29,0.0041185113045451565
2015-04-30,0.015115647334646386
2015-05-01,0.0036442933587783515
2015-05-03,-0.0037593632142454867
2015-05-04,-0.002635725082585164
2015-05-05,-0.0003097847084141133
2015-05-06,0.0
2015-05-07,0.0
2015-05-08,-0.0030957585183430227
2015-05-10,-0.0006431876466712884
2015-05-11,0.00307089156933931
2015-05-12,-0.00030804787135114194
2015-05-13,-0.0
2015-05-14,-0.004520858682936743
2015-05-15,-0.0027059238535967214
2015-05-17,-0.00029029352003045073
2015-05-18,0.0
2015-05-19,0.0
2015-05-20,-0.0
2015-05-21,0.0
2015-05-22,0.0
2015-05-24,0.0
2015-05-25,-0.0
2015-05-26,-0.0
2015-05-27,0.00023783830231545482
2015-05-28,-0.00032439459563034906
2015-05-29,-0.0013519034917650148
2015-05-31,-0.0003434805408593062
2015-06-01,0.0
2015-06-02,-0.004335106098367413
2015-06-03,-0.0003513339030008228
2015-06-04,0.004566512207166192
2015-06-05,0.004821631849657295
2015-06-07,-0.0018098733116075157
2015-06-08,-0.0011420583890787463
2015-06-09,-0.0003510539999541628
2015-06-10,0.0
2015-06-11,-0.0029651132404401423
2015-06-12,-0.0010595463364966604
2015-06-14,-0.00036142291967536486
2015-06-15,0.0
2015-06-16,-0.006017943968768997
2015-06-17,-0.00036425586003646865
2015-06-18,0.009598642508471462
2015-06-19,0.0003160606283158125
2015-06-21,-0.00035539029273048777
2015-06-22,-0.0
2015-06-23,-0.007760953101079917
2015-06-24,-0.00036165386585004436
2015-06-25,0.0
2015-06-26,-0.0
2015-06-28,-0.0
2015-06-29,0.0
2015-06-30,0.0020689672821653077
2015-07-01,0.005907497528581992
2015-07-02,-0.0003781380137499885
2015-07-03,-0.0
2015-07-05,0.0
2015-07-06,-0.0
2015-07-07,0.0
2015-07-08,-0.0046389062016249935
2015-07-09,-0.003423822559720107
2015-07-10,-0.0004143681525755002
2015-07-12,0.0
2015-07-13,0.0
2015-07-14,0.0
2015-07-15,0.0
2015-07-16,0.0020065333803132223
2015-07-17,-0.0004660098163330096
2015-07-19,0.028271900330287786
2015-07-20,0.0022343224052286566
2015-07-21,0.009490791826091327
2015-07-22,-0.004080403339075751
2015-07-23,0.01647330422181575
2015-07-24,-0.000443382677242847
2015-07-26,0.0007038992390337656
2015-07-27,0.0022861653562517045
2015-07-28,-0.002077027142362827
2015-07-29,-0.0004036083950876163
2015-07-30,0.0
2015-07-31,-0.0
2015-08-02,0.0
2015-08-03,0.0
2015-08-04,-0.0
2015-08-05,0.0
2015-08-06,-0.0
2015-08-07,-0.0
2015-08-09,-0.0
2015-08-10,-0.0
2015-08-11,-0.0
2015-08-12,-0.0
2015-08-13,0.00669198707078446
2015-08-14,-0.0003761190085856263
2015-08-16,-0.0
2015-08-17,-0.0
2015-08-18,0.0
2015-08-19,-0.0
2015-08-20,-0.021681626854194804
2015-08-21,0.001975474239515098
2015-08-23,-0.002030766943652288
2015-08-24,0.0067700659577260855
2015-08-25,0.01136000468348844
2015-08-26,0.006415700767210205
2015-08-27,-0.001566498945147725
2015-08-28,-0.0020633769357515206
2015-08-30,-0.00031919400001331457
2015-08-31,-0.0
2015-09-01,0.0
2015-09-02,0.0
2015-09-03,0.0
2015-09-04,0.0
2015-09-06,-0.0
2015-09-07,0.0
2015-09-08,-0.0
2015-09-09,0.0
2015-09-10,-0.004049676335389318
2015-09-11,-0.0003214036079005682
2015-09-13,-0.0
2015-09-14,0.0
2015-09-15,0.0
2015-09-16,-0.0
2015-09-17,-0.0
2015-09-18,-0.007580458336517684
2015-09-20,0.0005360477757022389
2015-09-21,0.002700193687949683
2015-09-22,-0.00030750858671977266
2015-09-23,-0.008293792284681134
2015-09-24,-0.000298787827480791
2015-09-25,0.0013558760589539728
2015-09-27,-0.00029256100263448355
2015-09-28,0.0
2015-09-29,0.0
2015-09-30,0.0
2015-10-01,0.0017443009772097025
2015-10-02,-0.00031546132760493597
2015-10-04,-0.00017515993866859105
2015-10-05,0.0006446057786523443
2015-10-06,-0.0003123864273923921
2015-10-07,0.0027448024494242463
2015-10-08,-0.0003100948075700883
2015-10-09,-0.0
2015-10-11,-0.0019997769628939425
2015-10-12,0.0024904253463127976
2015-10-13,-0.012699019802737441
2015-10-14,-0.0003057841391450963
2015-10-15,-0.003564089714867487
2015-10-16,-0.001770824490857601
2015-10-18,-0.0026004648695057172
2015-10-19,-0.0027740539883766564
2015-10-20,-0.00029441005041893253
2015-10-21,-0.0
2015-10-22,0.0
2015-10-23,-0.0
2015-10-25,0.0
2015-10-26,-0.0
2015-10-27,0.0
2015-10-28,-0.0
2015-10-29,-0.009103824364016766
2015-10-30,-0.0003134197381022245
2015-11-01,-0.0
2015-11-02,-0.0
2015-11-03,-0.0
2015-11-04,-0.009199063291773347
2015-11-05,-0.0017262571266667877
2015-11-06,-0.00035145696678747206
2015-11-08,0.0024886122816025888
2015-11-09,-0.00035196261441934634
2015-11-10,-0.0003368143694552188
2015-11-11,0.0
2015-11-12,0.0
2015-11-13,-0.0004955539135443044
2015-11-15,-0.00034015330338282824
2015-11-16,0.0
2015-11-17,0.0
2015-11-18,-0.007227078515400647
2015-11-19,-0.00032933475936763017
2015-11-20,0.0
2015-11-22,0.004733819600394687
2015-11-23,-0.0005637541954982386
2015-11-24,-0.00033525152564271003
2015-11-25,0.0
2015-11-26,0.0
2015-11-27,0.0
2015-11-29,0.0
2015-11-30,-0.01221757690602124
2015-12-01,0.0018272474728435175
2015-12-02,-0.0003436793501017885
2015-12-03,-0.007373225601069134
2015-12-04,-0.018833834543523355
2015-12-06,0.0001201311516104814
2015-12-07,0.00907162569381494
2015-12-08,-0.0003129252614028303
2015-12-09,0.0
2015-12-10,0.0044353754834391915
2015-12-11,-0.000316559378924798
2015-12-13,-0.0017903368539160646
2015-12-14,0.009348297049673875
2015-12-15,-0.00033995835619548995
2015-12-16,-0.0028828008616848446
2015-12-17,0.010357964567909477
2015-12-18,-0.008879201833661908
2015-12-20,-0.0021286539215667655
2015-12-21,-0.006288567319609683
2015-12-22,-0.0003298397898513431
2015-12-23,-0.0
2015-12-24,-0.0
2015-12-27,0.0
2015-12-28,0.0
2015-12-29,0.0
2015-12-30,0.0
2015-12-31,0.0
2016-01-03,-0.0
2016-01-04,-0.0
2016-01-05,-0.0010817165246897306
2016-01-06,-0.0003360209296092813
2016-01-07,-0.0027119565217174828
2016-01-08,-0.001187138928102374
2016-01-10,0.00040012881305827276
2016-01-11,0.004340594187798006
2016-01-12,0.01042730160792762
2016-01-13,-0.008116644458788925
2016-01-14,0.009533473043907103
2016-01-15,-0.005363611146565697
2016-01-17,-0.002664211904514403
2016-01-18,0.002887689555906655
2016-01-19,-0.0030495062973750465
2016-01-20,-0.0003237935264705181
2016-01-21,0.0013453602158230334
2016-01-22,-0.0003217886939605271
2016-01-24,-0.0
2016-01-25,-0.0
2016-01-26,-0.0
2016-01-27,-0.00048735862124726676
2016-01-28,0.0032942081119389298
2016-01-29,-0.0003185735281447886
2016-01-31,-0.0036406590348377465
2016-02-01,-0.0023379712173621716
2016-02-02,-0.0008837907121540611
2016-02-03,-0.0003236353059902188
2016-02-04,-0.010368014763560961
2016-02-05,0.011891051704182322
2016-02-07,-0.004702100185561157
2016-02-08,0.017700113885381792
2016-02-09,-0.0009476944980737084
2016-02-10,0.011073781711870572
2016-02-11,0.014933032406546694
2016-02-12,0.0026055533704573996
2016-02-14,-0.010490874892552552
2016-02-15,-0.015921563674041576
2016-02-16,0.008967519345607163
2016-02-17,-0.0002687510844262473
2016-02-18,0.0
2016-02-19,-0.0
2016-02-21,-0.0
2016-02-22,0.0
2016-02-23,0.0
2016-02-24,0.0
2016-02-25,0.0025130704106487963
2016-02-26,-0.0002682374159271127
2016-02-28,0.0
2016-02-29,0.0
2016-03-01,-0.0
2016-03-02,0.0
2016-03-03,0.0
2016-03-04,-0.0019881198967654735
2016-03-06,0.0005441494895051704
2016-03-07,0.0031665398043272913
2016-03-08,-0.0002458680851249299
2016-03-09,-0.0
2016-03-10,0.0
2016-03-11,-0.011196978652312445
2016-03-13,-0.00024087432852103383
2016-03-14,-0.0
2016-03-15,0.0019164438993669666
2016-03-16,-0.0002226158634247571
2016-03-17,0.004073007461060378
2016-03-18,-0.00022335995628744386
2016-03-20,-0.001103331052686981
2016-03-21,-0.0038052183472660306
2016-03-22,-0.00022357589954741336
2016-03-23,-0.0
2016-03-24,-0.0001442576824277208
2016-03-27,-0.00022510892863069587
2016-03-28,0.0
2016-03-29,0.0
2016-03-30,-0.005303484445300127
2016-03-31,-0.0002218065507535617
2016-04-01,-0.0
2016-04-03,-0.0
2016-04-04,0.0
2016-04-05,0.0
2016-04-06,-0.0
2016-04-07,0.0
2016-04-08,0.001191352540531957
2016-04-10,-0.00021542621138548627
2016-04-11,0.0
2016-04-12,-0.0
2016-04-13,-0.009517190536251998
2016-04-14,-0.00021894944074869678
2016-04-15,0.0022170019982612546
2016-04-17,-0.000214842754701623
2016-04-18,-0.0
2016-04-19,0.0
2016-04-20,-0.002333957964886282
2016-04-21,-0.0002797066228920663
2016-04-22,-0.00863040954374104
2016-04-24,-0.00022716729800879298
2016-04-25,0.0
2016-04-26,0.0
2016-04-27,-0.003275336782878919
2016-04-28,-0.0002365878208224576
2016-04-29,0.006649004412748336
2016-05-01,0.00021624965707080606
2016-05-02,0.00046980551147223274
2016-05-03,-0.006638463473204005
2016-05-04,-0.00022158982599153446
2016-05-05,-0.0
2016-05-06,0.0
2016-05-08,-0.0014398911987576427
2016-05-09,-0.009730009167100024
2016-05-10,-0.00022426215707963194
2016-05-11,0.0
2016-05-12,-0.0
2016-05-13,0.0
2016-05-15,0.0
2016-05-16,0.0
2016-05-17,-0.0
2016-05-18,-0.0
2016-05-19,-0.002320454815855966
2016-05-20,-0.0013286811249802668
2016-05-22,-0.0002354849741017956
2016-05-23,-0.0
2016-05-24,-0.0
2016-05-25,0.0019854889263466167
2016-05-26,-0.010788427744775687
2016-05-27,-0.00026374429395334805
2016-05-29,0.0
2016-05-30,-0.0
2016-05-31,-0.0
2016-06-01,0.0
2016-06-02,0.0
2016-06-03,-0.0
2016-06-05,-0.0017891070514808034
2016-06-06,0.0013700918154785635
2016-06-07,-0.002789047222632176
2016-06-08,-0.0002495641816431398
2016-06-09,0.0023754475164799974
2016-06-10,0.0036181734408740297
2016-06-12,0.0003581678051647702
2016-06-13,0.004346455173632371
2016-06-14,0.0013648499938578686
2016-06-15,0.008427788013743347
2016-06-16,-0.009438170728159967
2016-06-17,0.008901293949406319
2016-06-19,-0.008578826863981197
2016-06-20,0.002396316554049603
2016-06-21,-0.0002423772181649877
2016-06-22,-0.0022987309583637765
2016-06-23,-0.00023258284484115326
2016-06-24,0.0
2016-06-26,0.005380376749793696
2016-06-27,-0.003208417571780457
2016-06-28,2.360466238568909e-05
2016-06-29,-0.0019668729071987087
2016-06-30,-0.00022146888225986838
2016-07-01,0.0
2016-07-03,0.0
2016-07-04,-0.0
2016-07-05,0.0
2016-07-06,0.0003623566010134022
2016-07-07,-0.00021341236347174316
2016-07-08,0.0
2016-07-10,0.0
2016-07-11,-0.007037058131646132
2016-07-12,-0.0002368601639232584
2016-07-13,0.00032087602065065864
2016-07-14,-0.00023440135618475684
2016-07-15,0.0
2016-07-17,-0.0
2016-07-18,0.0
2016-07-19,0.0
2016-07-20,-0.0
2016-07-21,0.0
2016-07-22,-0.0
2016-07-24,-0.0
2016-07-25,-0.0
2016-07-26,0.0
2016-07-27,0.0
2016-07-28,-0.00060337071329586
2016-07-29,-0.00022787944646128938
2016-07-31,-0.0009220813875333422
2016-08-01,-0.00038819588448787333
2016-08-02,-0.00022462694979205212
2016-08-03,-0.0
2016-08-04,0.0
2016-08-05,-0.0
2016-08-07,-0.0002923581025841521
2016-08-08,-0.0008298265256058709
2016-08-09,-0.00023071474059054503
2016-08-10,-0.0
2016-08-11,-0.0
2016-08-12,-0.0
2016-08-14,0.001093541933256355
2016-08-15,0.0032609120077911236
2016-08-16,-0.000247225391123375
2016-08-17,0.0
2016-08-18,-0.004108885768480909
2016-08-19,-0.0002499316811157241
2016-08-21,-0.004595459839746522
2016-08-22,0.0025237420286660455
2016-08-23,-0.0002477294214178666
2016-08-24,-0.0
2016-08-25,-0.001572019579571782
2016-08-26,-0.00025266217223207535
2016-08-28,-0.002449494214843355
2016-08-29,0.003809305179149084
2016-08-30,-0.00026940638593363626
2016-08-31,-0.0
2016-09-01,0.0015633555077334024
2016-09-02,0.007579055627850439
2016-09-04,-0.00018937445891226476
2016-09-05,0.0018184302700191628
2016-09-06,0.015922833336609685
2016-09-07,-0.0024823689574173867
2016-09-08,-0.0002923911834714768
2016-09-09,-0.0
2016-09-11,-0.0003122777064751996
2016-09-12,0.0019684478045668714
2016-09-13,-0.0003011220492536579
2016-09-14,0.0
2016-09-15,-0.0
2016-09-16,-0.003483839641398747
2016-09-18,0.004399250965508561
2016-09-19,6.948981647403276e-05
2016-09-20,-0.00031832451961437
2016-09-21,0.0
2016-09-22,0.0009775250625938697
2016-09-23,0.0017556503922755227
2016-09-25,-0.00032190007951040257
2016-09-26,0.0
2016-09-27,-0.0
2016-09-28,0.0
2016-09-29,-0.0
2016-09-30,-0.0
2016-10-02,-0.0007975732961896959
2016-10-03,0.0053867680909429096
2016-10-04,-0.00035768452219173016
2016-10-05,0.004296003126969958
2016-10-06,0.006981989540148143
2016-10-07,0.00023539751173555113
2016-10-09,-0.004875342832184184
2016-10-10,0.003347725543162146
2016-10-11,-0.00032929456104843394
2016-10-12,-0.0
2016-10-13,0.0
2016-10-14,0.0
2016-10-16,-0.0
2016-10-17,-0.0
2016-10-18,-0.0
2016-10-19,-0.0
2016-10-20,0.0
2016-10-21,-0.0
2016-10-23,0.0
2016-10-24,-0.0
2016-10-25,-0.0
2016-10-26,0.0
2016-10-27,-0.0
2016-10-28,-0.0
2016-10-30,-0.0011417298362699526
2016-10-31,-0.00038138564015853624
2016-11-01,-0.009862994908791018
2016-11-02,-0.008235086957871373
2016-11-03,0.0006842497474878982
2016-11-04,-0.0033313098191729315
2016-11-06,0.010650553758440148
2016-11-07,0.005465829377570373
2016-11-08,-0.03580967747819176
2016-11-09,0.027455760116965024
2016-11-10,0.010970175011068242
2016-11-11,0.017810388008667803
2016-11-13,0.005373182491176268
2016-11-14,-0.004225472670936312
2016-11-15,-0.0022488573050308885
2016-11-16,-0.00022424789933762817
2016-11-17,0.0
2016-11-18,0.0
2016-11-20,-0.0
2016-11-21,-0.0
2016-11-22,0.0
2016-11-23,0.0
2016-11-24,0.0038777054039060574
2016-11-25,-0.0030134052612204444
2016-11-27,-0.00022763332590952165
2016-11-28,0.0
2016-11-29,0.0
2016-11-30,0.0
2016-12-01,-0.0
2016-12-02,-0.0
2016-12-04,0.0
2016-12-05,0.0
2016-12-06,0.0
2016-12-07,-0.0
2016-12-08,0.0
2016-12-09,0.0
2016-12-11,0.0003033301877118196
2016-12-12,-0.002560280029709724
2016-12-13,-0.0002312266030283203
2016-12-14,0.0
2016-12-15,0.006152545642634365
2016-12-16,-0.002625783862108649
2016-12-18,-0.002390724686747121
2016-12-19,0.0019945228865964624
2016-12-20,-0.00024396506079196913
2016-12-21,0.0
2016-12-22,-0.0
2016-12-23,-0.0
2016-12-26,-0.0
2016-12-27,-0.0
2016-12-28,-0.0
2016-12-29,-0.0
2016-12-30,0.00446534274104956
2017-01-02,-0.0032747623049637032
2017-01-03,-0.0014382402193483176
2017-01-04,-0.00023371080308721732
2017-01-05,-0.0
2017-01-06,0.002475574327748805
2017-01-08,-0.0012160504073654896
2017-01-09,-0.005233973657144737
2017-01-10,-0.000229857451282242
2017-01-11,-0.0
2017-01-12,0.0011664212990148296
2017-01-13,-0.001395624940754875
2017-01-15,-0.003202182147296933
2017-01-16,-0.0015949933898859298
2017-01-17,-0.004173791696138747
2017-01-18,0.0057955818746478005
2017-01-19,-0.00022704575394454275
2017-01-20,-0.0
2017-01-22,-0.0039035492806012858
2017-01-23,-0.0009082996002291604
2017-01-24,-0.00030870485939145663
2017-01-25,0.0
2017-01-26,0.0
2017-01-27,-0.0
2017-01-29,-0.0
2017-01-30,-0.0
2017-01-31,-0.005845079510515791
2017-02-01,-0.004878497668097311
2017-02-02,-0.00034308897436640935
2017-02-03,-0.0
2017-02-05,-0.0029641267834576665
2017-02-06,-0.007987972196950622
2017-02-07,-0.0002615462240616523
2017-02-08,-0.007173607036212659
2017-02-09,0.014307105867000097
2017-02-10,-0.007361686054230966
2017-02-12,0.0031296560290609153
2017-02-13,0.0006786618338760535
2017-02-14,-0.0003788222173539872
2017-02-15,-0.0
2017-02-16,0.0
2017-02-17,-0.0
2017-02-19,0.0
2017-02-20,-0.0
2017-02-21,0.0
2017-02-22,0.0
2017-02-23,0.0
2017-02-24,0.0
2017-02-26,-0.0009101009517129002
2017-02-27,-0.0027558447695908697
2017-02-28,-0.009845086401746181
2017-03-01,0.003605834299563851
2017-03-02,-0.011812059092437637
2017-03-03,0.0003977811945268277
2017-03-05,-0.0010665218342281013
2017-03-06,-0.007566861609672281
2017-03-07,-0.00041359316257744166
2017-03-08,-0.0
2017-03-09,-0.0
2017-03-10,0.0
2017-03-12,0.0
2017-03-13,-0.0
2017-03-14,-0.0
2017-03-15,0.0
2017-03-16,0.0015126285705392972
2017-03-17,0.0014605072196874243
2017-03-19,-0.0003735295906655546
2017-03-20,-0.0
2017-03-21,0.0
2017-03-22,-0.0004319237080561692
2017-03-23,-0.0003605691300839899
2017-03-24,0.0
2017-03-26,0.0
2017-03-27,-0.0
2017-03-28,-0.004601490246464659
2017-03-29,0.00012601087846914389
2017-03-30,-0.00036012362586064457
2017-03-31,0.0
2017-04-02,-0.0010141612200033042
2017-04-03,0.005351943128383853
2017-04-04,-0.00035868095986400816
2017-04-05,-0.0
2017-04-06,0.008000870395569194
2017-04-07,-0.0003665811811843753
2017-04-09,-0.0011561563104098504
2017-04-10,0.0019250253065590734
2017-04-11,-0.00036549354692960555
2017-04-12,0.008882117983309661
2017-04-13,0.00032730051683857637
2017-04-16,0.003149508775685785
2017-04-17,-0.005753048245294658
2017-04-18,0.0028605619295322396
2017-04-19,-0.005966637765973409
2017-04-20,-4.174199293213687e-05
2017-04-21,0.0035836088024639376
2017-04-23,-0.007496221262436523
2017-04-24,-0.0003746596179320102
2017-04-25,-0.008156771894570548
2017-04-26,0.0011814448017710847
2017-04-27,-0.000363310706219921
2017-04-28,0.0
2017-04-30,-0.0
2017-05-01,-0.0
2017-05-02,-0.0
2017-05-03,-0.0
2017-05-04,-0.010408202283247108
2017-05-05,2.4255941980948746e-05
2017-05-07,-0.0003556790143123451
2017-05-08,-0.0
2017-05-09,-0.0
2017-05-10,-0.0
2017-05-11,-0.0
2017-05-12,-0.0
2017-05-14,-0.0
2017-05-15,-0.0
2017-05-16,0.0
2017-05-17,0.0
2017-05-18,-0.008508452232038275
2017-05-19,0.004519020510936727
2017-05-21,-0.00036128487320990506
2017-05-22,0.0
2017-05-23,-0.0
2017-05-24,0.004561909962043345
2017-05-25,-0.00035574698269871027
2017-05-26,0.0
2017-05-28,-0.0
2017-05-29,0.002659252920520438
2017-05-30,-0.008569378011360701
2017-05-31,-0.0003796368932781519
2017-06-01,-0.008592996915514647
2017-06-02,0.01584352798039819
2017-06-04,0.001576302354322686
2017-06-05,0.002933071647991545
2017-06-06,-0.00035849473859371847
2017-06-07,-0.004250664687448406
2017-06-08,-0.01016299983741758
2017-06-09,-0.006792761281398783
2017-06-11,-0.0003637891448816582
2017-06-12,-0.0
2017-06-13,0.0
2017-06-14,-0.0
2017-06-15,-0.010191960323592755
2017-06-16,-0.00037180730957313117
2017-06-18,-0.0
2017-06-19,-0.0
2017-06-20,0.0
2017-06-21,0.0
2017-06-22,-0.0
2017-06-23,0.0
2017-06-25,-0.0010326879434658343
2017-06-26,-0.009613986257727263
2017-06-27,-0.0003997275947242029
2017-06-28,-0.0
2017-06-29,0.0
2017-06-30,0.004523665328050612
2017-07-02,0.003538206733244605
2017-07-03,0.012756513799310722
2017-07-04,-0.003749494789148469
2017-07-05,0.0013494726409663497
2017-07-06,-0.00040021187365869257
2017-07-07,0.0
2017-07-09,0.0007450202216819292
2017-07-10,0.00016849005909683271
2017-07-11,-0.0003977919425396025
2017-07-12,-0.0
2017-07-13,0.0
2017-07-14,-0.0
2017-07-16,-0.0
2017-07-17,-0.0
2017-07-18,-0.0
2017-07-19,0.0017761237976883662
2017-07-20,-0.000398620779722478
2017-07-21,-0.0
2017-07-23,0.0002509445756882863
2017-07-24,-0.0010659522686907517
2017-07-25,-0.00039188841330322824
2017-07-26,-0.0
2017-07-27,0.0031702998683680312
2017-07-28,-0.0003893121702788938
2017-07-30,-0.0006001430738160429
2017-07-31,0.0007486059601647569
2017-08-01,-0.00039276581732212935
2017-08-02,-0.0035371061409439387
2017-08-03,-0.000403601843617084
2017-08-04,-0.0
2017-08-06,-0.0009305088907070801
2017-08-07,0.0021867172760262565
2017-08-08,-0.00040435747658578694
2017-08-09,0.010323548885579799
2017-08-10,0.008360154648763553
2017-08-11,0.0025445885613601276
2017-08-13,-0.001190729239863214
2017-08-14,-0.01145023999398601
2017-08-15,-0.00043180551657640037
2017-08-16,0.0
2017-08-17,-0.0005692030526404367
2017-08-18,-0.003181679046983371
2017-08-20,0.002088958390617888
2017-08-21,0.0020231113017574595
2017-08-22,-0.00042363520061187255
2017-08-23,0.0
2017-08-24,-0.0
2017-08-25,0.0
2017-08-27,0.00268581793297665
2017-08-28,0.02187136497401721
2017-08-29,-0.0033686539679451608
2017-08-30,-0.009885224906117695
2017-08-31,-0.0003942316600378732
2017-09-01,0.004306651780988025
2017-09-03,0.00662844584190418
2017-09-04,0.002311094807070339
2017-09-05,0.002464266981270138
2017-09-06,-0.003563582873767979
2017-09-07,0.014729313275134789
2017-09-08,-0.004696464842214896
2017-09-10,-0.0003637331205979778
2017-09-11,-0.0
2017-09-12,0.0
2017-09-13,-0.0
2017-09-14,0.0
2017-09-15,-0.0
2017-09-17,-0.0
2017-09-18,-0.0
2017-09-19,0.0
2017-09-20,-0.0
2017-09-21,-0.0018507899290126136
2017-09-22,-0.0003505935079175394
2017-09-24,-0.0
2017-09-25,0.0
2017-09-26,-0.011725547878315267
2017-09-27,-0.0003472368872448977
2017-09-28,0.0
2017-09-29,-0.0
2017-10-01,-0.003918575668272509
2017-10-02,-0.0037344072612283887
2017-10-03,0.00407844867850798
2017-10-04,-0.00033499154456122633
2017-10-05,-0.0
2017-10-06,0.0
2017-10-08,0.005327402928350875
2017-10-09,0.0021663500843790225
2017-10-10,-0.0003424148085436078
2017-10-11,0.0037476122203938768
2017-10-12,-0.0003405769627267864
2017-10-13,0.0
2017-10-15,-0.0
2017-10-16,-0.0
2017-10-17,-0.004697683061219427
2017-10-18,-0.00034403653060788525
2017-10-19,0.0
2017-10-20,-0.0
2017-10-22,-0.0034717430557442367
2017-10-23,0.0048819708907113695
2017-10-24,-0.00034647993784790905
2017-10-25,0.0
2017-10-26,-0.0
2017-10-27,0.0
2017-10-29,-0.0022839977793796588
2017-10-30,0.003937659476287044
2017-10-31,-0.00035051683880548925
2017-11-01,0.0
2017-11-02,-0.0
2017-11-03,-0.0
2017-11-05,-0.0002973703503041482
2017-11-06,0.006956422019129715
2017-11-07,-0.00014005475084683905
2017-11-08,-0.00035969222047914763
2017-11-09,0.0
2017-11-10,-0.008304769535001824
2017-11-12,-0.0010858346557832872
2017-11-13,-0.0006035244240744688
2017-11-14,-0.003968628674998359
2017-11-15,0.003959344687729881
2017-11-16,-0.0003827758015102517
2017-11-17,0.0
2017-11-19,-0.0017774016239182117
2017-11-20,-0.010507850693195655
2017-11-21,-0.001079951639309771
2017-11-22,-0.00039173176585696507
2017-11-23,0.0
2017-11-24,-0.0
2017-11-26,0.0
2017-11-27,0.0
2017-11-28,0.0
2017-11-29,-0.0
2017-11-30,0.008254891832691907
2017-12-01,-0.005155117170413957
2017-12-03,0.00518379937594936
2017-12-04,0.00010077501942210186
2017-12-05,0.007517859147973376
2017-12-06,0.0036697696189799973
2017-12-07,-0.0004672490310559527
2017-12-08,-0.0001020681433171699
2017-12-10,-0.0004586506085795283
2017-12-11,0.0
2017-12-12,0.0
2017-12-13,-0.015280768483511358
2017-12-14,0.0031366871875962076
2017-12-15,-0.0004423151567160545
2017-12-17,-0.0009279361308418134
2017-12-18,-0.0070548912655413664
2017-12-19,-0.00045145826340270743
2017-12-20,-0.0
2017-12-21,0.0
2017-12-22,-0.0
2017-12-25,-0.0
2017-12-26,-0.0
2017-12-27,-0.00907310374360183
2017-12-28,-0.00044023054674915946
2017-12-29,-0.0
2018-01-01,0.004090566334598146
2018-01-02,0.0062700478879849
2018-01-03,-0.0054303206103172
2018-01-04,0.013557573019233807
2018-01-05,-0.0027000449876112974
2018-01-07,-0.0004255443251683808
2018-01-08,-0.0
2018-01-09,-0.0
2018-01-10,0.006360328583231519
2018-01-11,0.011592573749822923
2018-01-12,-0.0004290639892934193
2018-01-14,0.004577890823206146
2018-01-15,-0.0013777453125918555
2018-01-16,-0.005956595552104385
2018-01-17,-0.007320045309238567
2018-01-18,0.0047443159204690315
2018-01-19,-0.0004291723630323165
2018-01-21,-4.751849377974244e-05
2018-01-22,0.004439703427924136
2018-01-23,-0.000425683079839056
2018-01-24,0.0
2018-01-25,-0.010439435031675473
2018-01-26,-0.0023112272487400788
2018-01-28,-0.00038751356460356125
2018-01-29,-0.0
2018-01-30,0.0
2018-01-31,0.0032732902199895226
2018-02-01,0.002299107421150204
2018-02-02,-0.01358309482674998
2018-02-04,-0.0015376538921619033
2018-02-05,0.010373965890934068
2018-02-06,-0.011197172754113615
2018-02-07,-0.01499440450543666
2018-02-08,-0.00037638122564906667
2018-02-09,-0.0
2018-02-11,0.006168344365050996
2018-02-12,0.0017518966147833583
2018-02-13,-0.0003626262011809518
2018-02-14,0.0
2018-02-15,0.003316136182407122
2018-02-16,-0.00034475173365108874
2018-02-18,0.0
2018-02-19,-0.0
2018-02-20,-0.0
2018-02-21,-0.0022488359317898634
2018-02-22,-0.00034505343376067246
2018-02-23,0.0
2018-02-25,0.0
2018-02-26,-0.0
2018-02-27,-0.0
2018-02-28,-0.0
2018-03-01,0.0
2018-03-02,0.003992073026027744
2018-03-04,0.0031209261716196248
2018-03-05,-0.0024048263606673975
2018-03-06,-0.0003397555539495276
2018-03-07,-0.004330611268819006
2018-03-08,-0.0003426008401266867
2018-03-09,0.0
2018-03-11,0.0
2018-03-12,-0.0
2018-03-13,0.0
2018-03-14,-0.0
2018-03-15,-0.0
2018-03-16,-0.0021144436623810265
2018-03-18,-0.0015442057216496952
2018-03-19,0.003558058472744642
2018-03-20,-0.00034928324049767785
2018-03-21,0.0
2018-03-22,0.005723552140029995
2018-03-23,-0.00033199712060556384
2018-03-25,0.00017873802855719817
2018-03-26,0.003907901753168367
2018-03-27,-0.0003359639730144065
2018-03-28,-0.0
2018-03-29,-0.002058702971532587
2018-04-01,0.0034651962072623807
2018-04-02,0.0063866308770291775
2018-04-03,-0.0028653785894957777
2018-04-04,-0.0003247419189208704
2018-04-05,-0.00023851407097636162
2018-04-06,-0.0003247179335162568
2018-04-08,-0.0
2018-04-09,0.0
2018-04-10,0.0
2018-04-11,0.0
2018-04-12,-0.007749680984944658
2018-04-13,0.0037956955246122065
2018-04-15,-0.0003440780667387943
2018-04-16,-0.0
2018-04-17,-0.0
2018-04-18,0.0
2018-04-19,-0.0
2018-04-20,-0.006045955056335385
2018-04-22,-0.0016405993832357914
2018-04-23,-0.005362878738022554
2018-04-24,-0.0003862257031082062
2018-04-25,0.0
2018-04-26,0.0
2018-04-27,-0.00620863310038948
2018-04-29,-0.0004160757182289739
2018-04-30,0.0
2018-05-01,0.002572633512275845
2018-05-02,0.0006767475537678688
2018-05-03,-0.004769932724286438
2018-05-04,-0.0004399215085774516
2018-05-06,-0.0
2018-05-07,0.0
2018-05-08,0.0
2018-05-09,-0.0
2018-05-10,-0.0
2018-05-11,0.0
2018-05-13,-0.0
2018-05-14,-0.0
2018-05-15,0.0
2018-05-16,0.0004508183223263157
2018-05-17,-0.0004337087837660101
2018-05-18,-0.003972300148930194
2018-05-20,0.0030126236178258385
2018-05-21,-0.001561940370442618
2018-05-22,-0.0004487621518529768
2018-05-23,-0.0
2018-05-24,-0.008140448875658464
2018-05-25,0.00029887058066148896
2018-05-27,0.004049928028054584
2018-05-28,-0.000923757411452683
2018-05-29,-0.0008323578991490114
2018-05-30,-0.0024584055132483933
2018-05-31,-0.0004535127815128869
2018-06-01,0.005016853046133515
2018-06-03,0.00014690496320490895
2018-06-04,0.0013209492556655472
2018-06-05,-0.0005017662199446617
2018-06-06,0.0
2018-06-07,0.0
2018-06-08,-0.0
2018-06-10,-0.0
2018-06-11,0.0
2018-06-12,0.0
2018-06-13,-0.00425526830803241
2018-06-14,-0.0005705837688873281
2018-06-15,0.028931854840915212
2018-06-17,-0.001074708291351646
2018-06-18,-0.004428752186152489
2018-06-19,-0.0004990435029888944
2018-06-20,0.0
2018-06-21,-0.0
2018-06-22,-0.0
2018-06-24,-0.0
2018-06-25,0.0
2018-06-26,0.010463614450758064
2018-06-27,0.0010270185201875631
2018-06-28,0.005311333412005269
2018-06-29,-0.004114192137096303
2018-07-01,0.0017296978121412274
2018-07-02,0.012960445876621693
2018-07-03,-0.022300475059539533
2018-07-04,0.002906787596505703
2018-07-05,0.002144384736746234
2018-07-06,-0.0004669736255502443
2018-07-08,-0.0
2018-07-09,-0.0
2018-07-10,0.0
2018-07-11,0.0
2018-07-12,-0.0046913862031107275
2018-07-13,-0.0004709995079108397
2018-07-15,0.0
2018-07-16,0.0
2018-07-17,0.0
2018-07-18,0.0032744431728285455
2018-07-19,-0.00047179608645615763
2018-07-20,-0.011988143833976764
2018-07-22,-0.002558018101787764
2018-07-23,0.008804233229702826
2018-07-24,-0.00045742683332924874
2018-07-25,-0.0
2018-07-26,0.0
2018-07-27,-2.1286992799575378e-05
2018-07-29,-0.00047695767910504875
2018-07-30,-0.0
2018-07-31,-0.0
2018-08-01,0.0
2018-08-02,0.01123529803178143
2018-08-03,-0.0004816578057413397
2018-08-05,-0.0
2018-08-06,0.0
2018-08-07,-0.0
2018-08-08,-0.0
2018-08-09,0.0
2018-08-10,0.0
2018-08-12,0.0018551800583447285
2018-08-13,0.01301817533899029
2018-08-14,0.00662820355253681
2018-08-15,0.017727666519694547
2018-08-16,-0.004977124358327816
2018-08-17,-0.00754367050973491
2018-08-19,-0.00034701543618338487
2018-08-20,-0.009047391155992535
2018-08-21,-0.00043362331274203133
2018-08-22,0.0
2018-08-23,0.0
2018-08-24,-0.0
2018-08-26,-0.0011518703724128529
2018-08-27,-0.002312295141024462
2018-08-28,-0.00042206957265867424
2018-08-29,-0.0
2018-08-30,0.0
2018-08-31,0.0
2018-09-02,0.0
2018-09-03,-0.0
2018-09-04,0.0
2018-09-05,-0.0
2018-09-06,-0.0
2018-09-07,0.0
2018-09-09,0.0
2018-09-10,0.0
2018-09-11,-0.0
2018-09-12,-0.0
2018-09-13,-0.00038057889074766813
2018-09-14,0.007427668567515794
2018-09-16,0.0020998659253246336
2018-09-17,-0.0023142740714228996
2018-09-18,-0.00046297281116456545
2018-09-19,-0.0
2018-09-20,-0.0
2018-09-21,0.0
2018-09-23,0.003388352293860019
2018-09-24,-0.0031171908881277646
2018-09-25,-0.000460623653395146
2018-09-26,0.0
2018-09-27,0.01249726143442089
2018-09-28,-0.005748449739470506
2018-09-30,0.0017260748194741766
2018-10-01,-0.0025763329393177084
2018-10-02,-0.00046781677477240804
2018-10-03,0.009686857847058805
2018-10-04,-0.002456233049851048
2018-10-05,-0.004000878837745096
2018-10-07,0.0071203157769725595
2018-10-08,0.006002321114406426
2018-10-09,0.0008487009979144507
2018-10-10,-0.0034997661483704015
2018-10-11,-0.028612403932869804
2018-10-12,0.004170992427185912
2018-10-14,-0.003946981354504778
2018-10-15,-0.0038451209629970146
2018-10-16,0.0029322318431556946
2018-10-17,-0.00043109694799814104
2018-10-18,-0.00037836312925918896
2018-10-19,0.0
2018-10-21,0.0
2018-10-22,-0.0
2018-10-23,-0.0
2018-10-24,0.002581566935258561
2018-10-25,-0.00038358927527583077
2018-10-26,0.0
2018-10-28,0.0008153751096804569
2018-10-29,-0.005852017791622334
2018-10-30,-0.00041158586305072156
2018-10-31,-0.0
2018-11-01,-0.01433927528990164
2018-11-02,-0.0006942126088777588
2018-11-04,-0.00039307502349261817
2018-11-05,-0.0
2018-11-06,0.0
2018-11-07,-0.0
2018-11-08,-0.0
2018-11-09,-0.0
2018-11-11,-0.0013834659347843848
2018-11-12,0.005562119597454427
2018-11-13,-0.0004177410754825078
2018-11-14,-0.0
2018-11-15,0.0026935665864862516
2018-11-16,-0.00040563531703836746
2018-11-18,-0.0
2018-11-19,0.0
2018-11-20,-0.0
2018-11-21,0.0
2018-11-22,0.0
2018-11-23,-0.0
2018-11-25,0.0
2018-11-26,-0.0
2018-11-27,-0.0
2018-11-28,0.00913354795591664
2018-11-29,-0.00012923740175554394
2018-11-30,-0.0004035460602036924
2018-12-02,0.0
2018-12-03,0.0
2018-12-04,-0.0
2018-12-05,0.0
2018-12-06,0.0
2018-12-07,0.00710730790297224
2018-12-09,0.0008964373613142665
2018-12-10,-0.0024572122260590663
2018-12-11,-0.00040217072608009414
2018-12-12,0.0
2018-12-13,-0.0
2018-12-14,-0.0
2018-12-16,-0.002105752191112487
2018-12-17,0.011005179470315617
2018-12-18,0.002568266463293763
2018-12-19,-0.00042726524939152807
2018-12-20,0.0128345994852291
2018-12-21,-0.004207368198448443
2018-12-23,0.009301451550305205
2018-12-24,0.005352860595332206
2018-12-25,0.0037625825353630672
2018-12-26,-0.00313410518919903
2018-12-27,0.008662853286340687
2018-12-28,0.003064411821860301
2018-12-30,-0.0004732226025889134
2018-12-31,0.0
2019-01-01,0.0
2019-01-02,0.0
2019-01-03,0.006003348417837426
2019-01-04,-0.010050083793892202
2019-01-06,0.0040076717555003125
2019-01-07,-0.006099682554534283
2019-01-08,-0.0004699907840783025
2019-01-09,0.0
2019-01-10,-0.0
2019-01-11,-0.0
2019-01-13,0.0
2019-01-14,0.0
2019-01-15,-0.0
2019-01-16,0.0
2019-01-17,0.0
2019-01-18,-0.0
2019-01-20,-0.0004588070632085915
2019-01-21,-0.004171914824612512
2019-01-22,0.00647441232395658
2019-01-23,-0.0004990702979105091
2019-01-24,0.0
2019-01-25,0.0
2019-01-27,-0.0003051188912318153
2019-01-28,0.0006550285382457171
2019-01-29,-0.000456342148133765
2019-01-30,0.005356554755805772
2019-01-31,-0.0012559134197624583
2019-02-01,-0.0010294066131490728
2019-02-03,-0.004757536924115423
2019-02-04,0.0019299587268508441
2019-02-05,-0.00045042108020906053
2019-02-06,-0.0
2019-02-07,0.0
2019-02-08,0.0
2019-02-10,-0.0
2019-02-11,-0.0
2019-02-12,0.0
2019-02-13,-0.0
2019-02-14,0.0
2019-02-15,0.0
2019-02-17,0.0021214688850864755
2019-02-18,0.00032133217941981594
2019-02-19,0.019869420287257463
2019-02-20,-0.0029644162942727152
2019-02-21,-0.014782310964057577
2019-02-22,-0.0004322108428234862
2019-02-24,0.0
2019-02-25,-0.0
2019-02-26,-0.0
2019-02-27,-0.0
2019-02-28,-0.0056768064920910705
2019-03-01,-0.01929959038502773
2019-03-03,0.002658741761331112
2019-03-04,-0.006637673842736733
2019-03-05,-0.0014265464696451811
2019-03-06,-0.000411572053281961
2019-03-07,0.0
2019-03-08,0.0
2019-03-10,-0.0011665278204843602
2019-03-11,-0.0009578451072889148
2019-03-12,-0.0004051980179473352
2019-03-13,-0.0
2019-03-14,-0.0
2019-03-15,0.0
2019-03-17,-0.0030083894582735695
2019-03-18,0.007681183014317576
2019-03-19,-0.0004082307095514146
2019-03-20,0.0
2019-03-21,-0.008956264320096257
2019-03-22,-0.00040311103456284884
2019-03-24,0.0
2019-03-25,0.0
2019-03-26,-0.0
2019-03-27,-0.0
2019-03-28,-0.0
2019-03-29,0.00180295587169159
2019-03-31,-0.0003743891522490381
2019-04-01,-0.0
2019-04-02,0.004043146935364384
2019-04-03,-0.00038004222791330756
2019-04-04,-0.0
2019-04-05,0.0
2019-04-07,0.0
2019-04-08,0.0
2019-04-09,0.0
2019-04-10,0.0
2019-04-11,-0.0
2019-04-12,-0.003086476027091196
2019-04-14,-0.00040301719313230505
2019-04-15,0.0
2019-04-16,0.0
2019-04-17,0.003855612668649133
2019-04-18,-0.00040349204822622583
2019-04-21,-0.0
2019-04-22,0.0
2019-04-23,0.0
2019-04-24,-0.0
2019-04-25,-0.0
2019-04-26,0.0
2019-04-28,0.0002906288040265115
2019-04-29,-0.0043410615562095
2019-04-30,-0.0004117905413241444
2019-05-01,0.0
2019-05-02,0.0019569225122542553
2019-05-03,-0.00751200144135086
2019-05-05,-0.003756907760810167
2019-05-06,-0.00024030726776177056
2019-05-07,-0.0004487063236579893
2019-05-08,0.0
2019-05-09,-0.0
2019-05-10,-0.0
2019-05-12,0.0
2019-05-13,-0.0
2019-05-14,0.0019101879675981776
2019-05-15,-0.00047101000132529437
2019-05-16,0.00987965269581607
2019-05-17,0.008383830098470059
2019-05-19,0.0012368340662338429
2019-05-20,0.0002115963858317764
2019-05-21,-0.000479292649143456
2019-05-22,0.0
2019-05-23,-0.0
2019-05-24,-0.0
2019-05-27,0.0
2019-05-28,0.0
2019-05-29,0.0
2019-05-30,-0.0
2019-05-31,-0.015492637241352724
2019-06-02,-0.00733395068113206
2019-06-03,-0.01148173012945225
2019-06-04,0.0009149428730293444
2019-06-05,0.004641635547597863
2019-06-06,0.002879450445715581
2019-06-07,-0.0004379422541956235
2019-06-09,-0.010793708506898137
2019-06-10,-0.0010453950559513843
2019-06-11,-0.00047650422482637387
2019-06-12,0.0
2019-06-13,0.0
2019-06-14,-0.0
2019-06-16,5.905988411140548e-05
2019-06-17,-0.0002245116058052359
2019-06-18,-0.000464022182885372
2019-06-19,0.03625129922106321
2019-06-20,0.021205775784588408
2019-06-21,-0.004998138848819818
2019-06-23,0.005162878297484301
2019-06-24,0.014679695544583343
2019-06-25,-0.013298094010898643
2019-06-26,0.0004042415833280597
2019-06-27,0.00874056660410165
2019-06-28,-0.0003140712320561078
2019-06-30,-0.0
2019-07-01,-0.0
2019-07-02,0.02280316965538742
2019-07-03,-0.0023392846501091033
2019-07-04,-0.0002716732533006017
2019-07-05,-0.0
2019-07-07,-0.0007060516110733997
2019-07-08,-0.00026773150697241837
2019-07-09,-0.0
2019-07-10,0.0
2019-07-11,-0.00783238738074771
2019-07-12,-0.0002517082933052579
2019-07-14,-0.0
2019-07-15,0.0
2019-07-16,-0.0
2019-07-17,0.0
2019-07-18,0.010765617849454534
2019-07-19,-0.009461523515872011
2019-07-21,0.0012718304263943177
2019-07-22,-0.004917561989217996
2019-07-23,-0.00023269491462347053
2019-07-24,0.0
2019-07-25,-0.0
2019-07-26,0.0001921747986464906
2019-07-28,-0.0002328012319372619
2019-07-29,0.0
2019-07-30,0.0
2019-07-31,-0.0
2019-08-01,0.01121523644033674
2019-08-02,0.004121610749502614
2019-08-04,0.005179539306108803
2019-08-05,0.007864440493339796
2019-08-06,0.008627419752815868
2019-08-07,-0.0002133357349622865
2019-08-08,0.0011762949831200106
2019-08-09,-0.00021092269732942548
2019-08-11,-0.0
2019-08-12,0.0
2019-08-13,-0.006534263404737039
2019-08-14,0.008779239080424562
2019-08-15,-0.0011298620311860964
2019-08-16,-0.00020402030984996365
2019-08-18,-0.0
2019-08-19,-0.0
2019-08-20,0.0
2019-08-21,-0.0
2019-08-22,-0.0
2019-08-23,0.0
2019-08-25,0.005358690178515332
2019-08-26,-0.005092497339592081
2019-08-27,-0.00019277651126672974
2019-08-28,0.0
2019-08-29,-0.0
2019-08-30,-0.0020762115530128895
2019-09-01,-0.00020615335483680975
2019-09-02,-0.0
2019-09-03,0.0
2019-09-04,-0.00045843422643802075
2019-09-05,-0.00021243624801916923
2019-09-06,-0.004002840596265618
2019-09-08,0.0014844063334423373
2019-09-09,-0.009629095646555827
2019-09-10,-0.00021305902626341493
2019-09-11,0.0
2019-09-12,0.0
2019-09-13,-0.0
2019-09-15,0.006939853826704765
2019-09-16,-0.0021079566444433223
2019-09-17,-0.0002225948051172362
2019-09-18,-0.0
2019-09-19,0.005340177216623762
2019-09-20,-0.00022930490981012847
2019-09-22,0.00012786444279221914
2019-09-23,0.002133421332649816
2019-09-24,-0.00022868480865373433
2019-09-25,-0.0
2019-09-26,-0.0
2019-09-27,-0.0
2019-09-29,-0.0
2019-09-30,-0.0
2019-10-01,0.005279664552708273
2019-10-02,0.012293127970624772
2019-10-03,0.00448286368543468
2019-10-04,-0.002772502113514435
2019-10-06,-0.00022442156473341862
2019-10-07,-0.0
2019-10-08,0.0
2019-10-09,0.0
2019-10-10,-0.0
2019-10-11,-0.0
2019-10-13,-0.0011707262756493818
2019-10-14,0.003950898176776105
2019-10-15,-0.00023178417119115813
2019-10-16,0.0
2019-10-17,0.0017575463721097946
2019-10-18,-0.0002395887951540698
2019-10-20,0.0
2019-10-21,-0.0
2019-10-22,0.0
2019-10-23,0.0
2019-10-24,0.0
2019-10-25,0.0
2019-10-27,-0.0
2019-10-28,-0.0
2019-10-29,-0.0
2019-10-30,0.0
2019-10-31,0.0
2019-11-01,0.0016285969204668294
2019-11-03,-0.0013516401499626127
2019-11-04,-0.003618277085173993
2019-11-05,-0.00027134082012997203
2019-11-06,0.002937223271143461
2019-11-07,-0.00026996447878390416
2019-11-08,0.005996019443043795
2019-11-10,-0.0023497104107841602
2019-11-11,0.003796953910032132
2019-11-12,-0.00026658353402165825
2019-11-13,-0.0
2019-11-14,-0.0013217890597675757
2019-11-15,-0.0002735857879750477
2019-11-17,0.0007818321372980301
2019-11-18,-0.0026614885262446573
2019-11-19,-0.0002908090644434743
2019-11-20,0.0
2019-11-21,0.0
2019-11-22,0.0
2019-11-24,0.0
2019-11-25,0.0
2019-11-26,-0.0
2019-11-27,0.0
2019-11-28,-0.0
2019-11-29,-0.0
2019-12-01,0.0
2019-12-02,-0.0
2019-12-03,-0.012954920122398466
2019-12-04,0.0019223774577462323
2019-12-05,0.00017355360083801458
2019-12-06,-0.00032387498685028127
2019-12-08,-0.0007363669737533921
2019-12-09,-0.00062437373746221
2019-12-10,-0.0003183620873673564
2019-12-11,-0.0
2019-12-12,0.005664299263404232
2019-12-13,-0.006694597386863027
2019-12-15,0.0004196981256987779
2019-12-16,-0.0018464936806502667
2019-12-17,-0.00036108451103157043
2019-12-18,-0.0
2019-12-19,-0.0
2019-12-20,0.0
2019-12-22,-0.0
2019-12-23,-0.0
2019-12-24,-0.0
2019-12-25,-0.0
2019-12-26,-0.0
2019-12-27,0.001372409216188434
2019-12-29,-0.00038500068547667144
2019-12-30,0.0
2019-12-31,-0.0
2020-01-01,0.0019062893575346456
2020-01-02,-0.0003756906121170785
2020-01-03,0.009928853202480771
2020-01-05,0.019151690865503262
2020-01-06,-0.012154708969165982
2020-01-07,0.024323180687027143
2020-01-08,-0.022070035492419374
2020-01-09,-0.006670269850749718
2020-01-10,0.008740557406969293
2020-01-12,-0.00026519046692055474
2020-01-13,-0.0
2020-01-14,0.0
2020-01-15,0.0
2020-01-16,-0.0
2020-01-17,0.0
2020-01-19,0.0013073162541325611
2020-01-20,0.00428704111497738
2020-01-21,-0.008335432601484581
2020-01-22,-0.00027829387984536815
2020-01-23,0.0
2020-01-24,0.0
2020-01-26,0.004256096113834037
2020-01-27,0.0003124594583284128
2020-01-28,-0.008411455810013423
2020-01-29,-0.00026722637083794663
2020-01-30,-0.0
2020-01-31,0.009989897485508043
2020-02-02,-0.0047887905214947886
2020-02-03,-0.003243807826179697
2020-02-04,-0.010172451673893093
2020-02-05,-0.00228922151587561
2020-02-06,-0.0002499539979850078
2020-02-07,0.0
2020-02-09,0.0
2020-02-10,-0.0
2020-02-11,-0.0
2020-02-12,0.0
2020-02-13,0.0
2020-02-14,0.0
2020-02-16,-0.0
2020-02-17,0.0
2020-02-18,0.0
2020-02-19,0.003994501107598935
2020-02-20,0.009153046362911105
2020-02-21,0.009353673691887521
2020-02-23,0.010213987701318355
2020-02-24,-0.003510953102998464
2020-02-25,-0.00731112032863628
2020-02-26,0.0055615408047170346
2020-02-27,-0.006876015651995336
2020-02-28,-0.027075009124496972
2020-03-01,0.006709185472146372
2020-03-02,-0.00011727520761127824
2020-03-03,0.0191740413268346
2020-03-04,-0.0013867803235093823
2020-03-05,-0.000179703657581031
2020-03-06,-0.002012501584288782
2020-03-08,0.002987755564541346
2020-03-09,-0.005626254686289685
2020-03-10,-0.002976946749975562
2020-03-11,-0.00017478026917678812
2020-03-12,-0.0
2020-03-13,-0.010678064821956197
2020-03-15,0.006371694797482913
2020-03-16,-0.016103666242314414
2020-03-17,-0.00015532633575614504
2020-03-18,-0.0
2020-03-19,-0.0
2020-03-20,0.0
2020-03-22,-0.0
2020-03-23,0.0
2020-03-24,0.01154795302983348
2020-03-25,-0.00011884874916757765
2020-03-26,0.0
2020-03-27,0.0
2020-03-29,-0.0
2020-03-30,-0.0
2020-03-31,-0.0
2020-04-01,0.0
2020-04-02,0.0
2020-04-03,0.0
2020-04-05,0.0
2020-04-06,0.0
2020-04-07,-0.0
2020-04-08,-0.0
2020-04-09,0.0
2020-04-12,-2.7974517961526263e-05
2020-04-13,0.009021210577972647
2020-04-14,0.00013623355106331947
2020-04-15,-0.0015826095268014185
2020-04-16,-0.00010234795326933398
2020-04-17,-0.0
2020-04-19,-0.0008679134563100192
2020-04-20,0.0022778771345861124
2020-04-21,-0.00010336398979279003
2020-04-22,0.0
2020-04-23,0.0031988107161579193
2020-04-24,0.0010373246282784014
2020-04-26,-0.00010043870010592162
2020-04-27,-0.0
2020-04-28,0.0
2020-04-29,0.0
2020-04-30,-0.0
2020-05-01,0.0020746737104554267
2020-05-03,-0.00010103284183652888
2020-05-04,0.0
2020-05-05,0.0
2020-05-06,-0.0
2020-05-07,0.0055211120304783055
2020-05-08,-0.003319777510171457
2020-05-10,0.001797870693758512
2020-05-11,-0.00253782350942434
2020-05-12,-0.00010498331486355842
2020-05-13,0.0
2020-05-14,0.0
2020-05-15,0.002020194548588204
2020-05-17,0.004626232741866034
2020-05-18,-0.005652847827240417
2020-05-19,0.0026656140151428693
2020-05-20,-0.00010545340904684854
2020-05-21,-0.0
2020-05-22,0.0
2020-05-24,-0.0
2020-05-25,0.0
2020-05-26,-0.0
2020-05-27,0.0006423182712729527
2020-05-28,0.0017589753440829478
2020-05-29,-0.0001271252100774061
2020-05-31,0.0030516535483967274
2020-06-01,6.652157365903462e-05
2020-06-02,-0.00014226763814593536
2020-06-03,-0.0
2020-06-04,0.0024975294673875758
2020-06-05,-0.00018476091383861902
2020-06-07,0.0008707810018734885
2020-06-08,0.003330165046393023
2020-06-09,-0.00017968712681295246
2020-06-10,0.0
2020-06-11,-0.002947651926499696
2020-06-12,0.0017743652544000893
2020-06-14,-0.00018265889018403275
2020-06-15,0.0
2020-06-16,-0.0
2020-06-17,0.0
2020-06-18,-0.0
2020-06-19,0.0
2020-06-21,0.0034809458041614393
2020-06-22,-0.00045311267142543146
2020-06-23,0.008587870536486391
2020-06-24,-0.003236950935480942
2020-06-25,0.00042472466468893396
2020-06-26,-0.0002160182487202238
2020-06-28,0.0
2020-06-29,0.0
2020-06-30,0.0
2020-07-01,-0.007603741534818696
2020-07-02,0.004461057287951924
2020-07-03,-0.00022897921165282613
2020-07-05,-0.0
2020-07-06,0.0
2020-07-07,0.0
2020-07-08,0.008016621165766034
2020-07-09,-0.00452829939561702
2020-07-10,-0.0010269567391521352
2020-07-12,-0.000236183254884795
2020-07-13,-0.0
2020-07-14,0.005534203117163019
2020-07-15,-0.00023545300379596945
2020-07-16,-0.0
2020-07-17,0.005999689931885529
2020-07-19,-0.0008465751102717558
2020-07-20,0.005364763711933928
2020-07-21,0.0223799905702324
2020-07-22,0.0036395588874283155
2020-07-23,0.011844028215910378
2020-07-24,0.0056168728972916405
2020-07-26,0.013317200933416866
2020-07-27,0.01728503290273669
2020-07-28,-0.006985881082191753
2020-07-29,0.007102898324700544
2020-07-30,0.00011178976788152284
2020-07-31,0.004124636826390695
2020-08-02,-0.00043055053935832263
2020-08-03,0.000639687680159788
2020-08-04,-0.00019979465159844086
2020-08-05,0.010610634001948218
2020-08-06,0.011883078253268755
2020-08-07,-0.013814218610321831
2020-08-09,-0.0024443740840266177
2020-08-10,-0.0035169175614668596
2020-08-11,-0.052966516120734844
2020-08-12,0.014193304829424803
2020-08-13,0.003257605000411592
2020-08-14,-0.00012168538556776123
2020-08-16,-0.0
2020-08-17,0.0
2020-08-18,0.0
2020-08-19,-0.0
2020-08-20,-9.182959328012375e-05
2020-08-21,-0.00011616361538014862
2020-08-23,-0.0
2020-08-24,-0.0
2020-08-25,-0.0
2020-08-26,0.0
2020-08-27,-0.0
2020-08-28,0.0
2020-08-30,0.0
2020-08-31,0.0
2020-09-01,-0.0
2020-09-02,-0.0
2020-09-03,-0.0
2020-09-04,-0.0
2020-09-06,0.0
2020-09-07,-0.0
2020-09-08,-0.0
2020-09-09,0.0
2020-09-10,-0.0
2020-09-11,-0.0
2020-09-13,0.0
2020-09-14,0.0
2020-09-15,-0.0
2020-09-16,-0.0
2020-09-17,0.0011631180239145052
2020-09-18,-0.00011260497741239685
2020-09-20,0.0
2020-09-21,-0.0
2020-09-22,-0.0023546478231951796
2020-09-23,-0.00011516877781642775
2020-09-24,0.0017394178033708733
2020-09-25,-0.0015757056072570879
2020-09-27,-0.00011276434469200044
2020-09-28,0.0
2020-09-29,0.0
2020-09-30,-0.0
2020-10-01,0.0
2020-10-02,0.0013394333169909336
2020-10-04,-0.00011333124244732945
2020-10-05,0.0
2020-10-06,-0.0
2020-10-07,0.0
2020-10-08,0.0
2020-10-09,0.0
2020-10-11,-0.000690809160339125
2020-10-12,-0.0035917494296810065
2020-10-13,-0.00011492416699225503
2020-10-14,-0.0
2020-10-15,0.0
2020-10-16,-0.0
2020-10-18,0.0
2020-10-19,-0.0
2020-10-20,0.0
2020-10-21,-0.0
2020-10-22,-0.0
2020-10-23,-0.0023015256691804524
2020-10-25,-0.00017599208836574878
2020-10-26,0.0
2020-10-27,-0.0
2020-10-28,0.0
2020-10-29,0.0023683731636044004
2020-10-30,-0.0010890916024643594
2020-11-01,-0.0002062781085991835
2020-11-02,-0.0
2020-11-03,-0.0
2020-11-04,-0.0035396221404580533
2020-11-05,-0.01380617078678511
2020-11-06,-0.005779856343040075
2020-11-08,-0.005290226590610867
2020-11-09,0.03399103323379426
2020-11-10,0.0013074312847298857
2020-11-11,0.003781036389591795
2020-11-12,-0.00016992647547242593
2020-11-13,-0.0
2020-11-15,-0.0
2020-11-16,0.0
2020-11-17,0.0
2020-11-18,0.0
2020-11-19,-0.0
2020-11-20,-0.0
2020-11-22,-0.0
2020-11-23,0.0
2020-11-24,0.00719321204308688
2020-11-25,-0.002252672460881278
2020-11-26,-0.0001671485517753864
2020-11-27,0.0
2020-11-29,0.0
2020-11-30,-0.0
2020-12-01,-0.009866014367883142
2020-12-02,-0.009828359079383314
2020-12-03,-0.00016402369042251992
2020-12-04,0.0007359522523027036
2020-12-06,-0.00022000114892021166
2020-12-07,-0.01162949731215688
2020-12-08,0.0034769672108187766
2020-12-09,-0.00016517862737078053
2020-12-10,0.0007987218971943612
2020-12-11,-0.00016351734148073801
2020-12-13,0.0
2020-12-14,0.0
2020-12-15,-0.0
2020-12-16,-0.0
2020-12-17,-0.0
2020-12-18,0.0012263866114549148
2020-12-20,-0.0001607401385015321
2020-12-21,0.0
2020-12-22,0.0
2020-12-23,-0.0032269685668174153
2020-12-24,-0.00016230682939594355
2020-12-27,-0.0
2020-12-28,-0.0
2020-12-29,0.0027905351248407742
2020-12-30,-0.0001599009080197006
2020-12-31,0.0
2021-01-03,0.008607710645018711
2021-01-04,0.005853940026805644
2021-01-05,0.0016888143428735352
2021-01-06,-0.009117687693876454
2021-01-07,-0.0028686053060463447
2021-01-08,-0.0001581557624152152
2021-01-10,0.004588178698049192
2021-01-11,-0.0054611983997258735
2021-01-12,-0.00014575663812649677
2021-01-13,0.0
2021-01-14,-0.004354266246293014
2021-01-15,0.008219042409696951
2021-01-17,-0.00041517138635827246
2021-01-18,-0.0035445092511325826
2021-01-19,-0.0031981379352747923
2021-01-20,-0.00014405334235580996
2021-01-21,0.0
2021-01-22,0.0
2021-01-24,0.0
2021-01-25,-0.0
2021-01-26,0.0
2021-01-27,0.0
2021-01-28,-0.0
2021-01-29,-0.0
2021-01-31,-0.0
2021-02-01,0.0
2021-02-02,0.0
2021-02-03,0.0
2021-02-04,0.0
2021-02-05,-0.007656282279106447
2021-02-07,-0.00017665738582215706
2021-02-08,-0.0
2021-02-09,-0.0
2021-02-10,0.0
2021-02-11,0.0
2021-02-12,-0.0
2021-02-14,0.0
2021-02-15,-0.0
2021-02-16,0.0
2021-02-17,0.003870192607067412
2021-02-18,0.006084600368139938
2021-02-19,-0.0001843482236457382
2021-02-21,-0.0007177921433479319
2021-02-22,-0.011374902035358741
2021-02-23,0.0013477880352563679
2021-02-24,0.004398770120707009
2021-02-25,0.011802649238016424
2021-02-26,0.013657181866652837
2021-02-28,-0.006479966636022069
2021-03-01,0.014083113538721556
2021-03-02,-0.008315755655680185
2021-03-03,0.007544622887862409
2021-03-04,0.008647123455809513
2021-03-05,-0.0028036690637445495
2021-03-07,-0.003112203712136711
2021-03-08,0.007550495312817905
2021-03-09,-0.00016785724122928366
2021-03-10,-0.0
2021-03-11,0.0
2021-03-12,-0.0
2021-03-14,-0.0
2021-03-15,-0.0
2021-03-16,-0.0
2021-03-17,-0.0
2021-03-18,0.006138074839044772
2021-03-19,-0.0001646003503878133
2021-03-21,0.0
2021-03-22,0.0
2021-03-23,0.0
2021-03-24,-0.0
2021-03-25,0.0
2021-03-26,-0.0
2021-03-28,0.0
2021-03-29,0.0
2021-03-30,0.01136615812326739
2021-03-31,-0.014005038009246995
2021-04-01,-0.006635979289813819
2021-04-04,-0.00017612928724697078
2021-04-05,-0.0
2021-04-06,-0.0
2021-04-07,-0.0
2021-04-08,-0.0
2021-04-09,0.0
2021-04-11,0.0
2021-04-12,0.0
2021-04-13,-0.0
2021-04-14,0.002424044258498028
2021-04-15,-0.0001696305212661341
2021-04-16,-0.005584936715176257
2021-04-18,-0.0011939232275177158
2021-04-19,0.003906244047422663
2021-04-20,-0.0001703360112615258
2021-04-21,-0.0
2021-04-22,0.002379517402399317
2021-04-23,0.003951808582500553
2021-04-25,-0.0001732922521441124
2021-04-26,0.0008249001826126739
2021-04-27,-0.00017439959375301192
2021-04-28,-0.0
2021-04-29,0.007314983832248711
2021-04-30,-0.0003693316823764874
2021-05-02,-0.00017660981943976787
2021-05-03,-0.0
2021-05-04,0.003402411951672832
2021-05-05,-0.0035304684058257226
2021-05-06,-0.00017688807027158127
2021-05-07,-0.005133694011917581
2021-05-09,-0.0008577055362269304
2021-05-10,0.0012802626436465513
2021-05-11,-0.00018511725623355794
2021-05-12,-0.0031278130389897608
2021-05-13,0.0009924243418377682
2021-05-14,-0.00019905978339509643
2021-05-16,-0.004077891192516444
2021-05-17,0.007269231569294877
2021-05-18,-0.00016240213876022737
2021-05-19,-0.00020220212353472432
2021-05-20,-0.0012097852493745153
2021-05-21,-0.00021329945194498485
2021-05-23,0.0
2021-05-24,-0.0
2021-05-25,0.0
2021-05-26,-0.0
2021-05-27,-0.0
2021-05-28,0.0
2021-05-30,0.0
2021-05-31,0.0
2021-06-01,-0.00580684570619057
2021-06-02,-0.0002142646922213159
2021-06-03,-0.0
2021-06-04,0.010534315680499017
2021-06-06,-0.00019932019399953446
2021-06-07,0.0
2021-06-08,-0.0
2021-06-09,-0.0
2021-06-10,0.0
2021-06-11,-0.011415906076947379
2021-06-13,-0.00023035793655881316
2021-06-14,-0.0
2021-06-15,-0.0
2021-06-16,-0.0
2021-06-17,-0.019326761765573484
2021-06-18,-0.00974337294564641
2021-06-20,0.005755134585541707
2021-06-21,0.004786280928866104
2021-06-22,-0.00020228163381108018
2021-06-23,-0.0
2021-06-24,0.0
2021-06-25,0.0
2021-06-27,-0.0
2021-06-28,-0.0
2021-06-29,-0.0
2021-06-30,0.0
2021-07-01,0.0
2021-07-02,0.0
2021-07-04,0.0
2021-07-05,0.0
2021-07-06,0.0
2021-07-07,-0.0
2021-07-08,0.0
2021-07-09,0.0
2021-07-11,-0.0
2021-07-12,0.0
2021-07-13,-0.0
2021-07-14,0.0
2021-07-15,0.00021419066307916474
2021-07-16,-0.00021576685725211336
2021-07-18,-8.449433651782796e-05
2021-07-19,0.0023919493606062666
2021-07-20,-0.0002244144969122487
2021-07-21,-0.0
2021-07-22,0.0
2021-07-23,-0.0
2021-07-25,0.0
2021-07-26,-0.0
2021-07-27,0.0
2021-07-28,0.0
2021-07-29,0.005436593422943143
2021-07-30,-0.007054982581032878
2021-08-01,-0.000691800520736325
2021-08-02,-0.0004705544813157585
2021-08-03,0.0012588109823829152
2021-08-04,-0.00022880988110688007
2021-08-05,-0.005652037477385047
2021-08-06,-0.020339111221586877
2021-08-08,0.01111369648828408
2021-08-09,0.0026888001744768786
2021-08-10,0.0007918828997772976
2021-08-11,-0.00022837220270511963
2021-08-12,-0.0
2021-08-13,-0.0
2021-08-15,0.0
2021-08-16,-0.0
2021-08-17,-0.0
2021-08-18,0.0
2021-08-19,-0.0
2021-08-20,0.0
2021-08-22,-0.0
2021-08-23,-0.0
2021-08-24,0.0
2021-08-25,0.0
2021-08-26,-0.0
2021-08-27,-0.0
2021-08-29,0.0013779802823700577
2021-08-30,0.0005676477725827627
2021-08-31,-0.00027908925656823036
2021-09-01,0.0
2021-09-02,-0.0
2021-09-03,-0.0
2021-09-05,-0.00038798002498056797
2021-09-06,0.0009302563213062614
2021-09-07,0.015847037481523014
2021-09-08,0.0065151370021745
2021-09-09,-0.00027052979716674276
2021-09-10,0.0
2021-09-12,-0.0019719729144317823
2021-09-13,-0.0008827649118594713
2021-09-14,-0.00026591489899754667
2021-09-15,0.004810600522433383
2021-09-16,-0.00027198683215594023
2021-09-17,0.0022252701590313928
2021-09-19,0.0026630552905105133
2021-09-20,-0.007805046012053718
2021-09-21,-0.008669113381439705
2021-09-22,-0.00024539377593534007
2021-09-23,0.005780679348696312
2021-09-24,0.0010009961461795445
2021-09-26,-0.000240145892755875
2021-09-27,0.0
2021-09-28,0.0
2021-09-29,0.0039653146274310465
2021-09-30,-0.0125480132514472
2021-10-01,-0.0024657948177107297
2021-10-03,-0.00023238473042291993
2021-10-04,-0.0
2021-10-05,0.0
2021-10-06,-0.0
2021-10-07,-0.0
2021-10-08,0.0
2021-10-10,-0.0016168410666920169
2021-10-11,0.00035513428326082474
2021-10-12,-0.0002377406622716347
2021-10-13,-0.0
2021-10-14,-0.003721794327121776
2021-10-15,-0.00022640823701061496
2021-10-17,-0.0023908709986841486
2021-10-18,-0.0017333359867757485
2021-10-19,-0.000240769098504799
2021-10-20,-0.0
2021-10-21,0.0
2021-10-22,-0.0
2021-10-24,-0.0021343812369550787
2021-10-25,-0.00506993092708335
2021-10-26,-0.0002498337643585997
2021-10-27,-0.0
2021-10-28,-0.0
2021-10-29,0.006853242067599461
2021-10-31,-0.0007116946167289549
2021-11-01,-0.0036752455601701097
2021-11-02,-0.00024440133446218
2021-11-03,0.0
2021-11-04,-0.010026660087570118
2021-11-05,-0.00024202993297344833
2021-11-07,0.0009594157713635318
2021-11-08,0.0018953026959267942
2021-11-09,-0.0002334813334628132
2021-11-10,0.0
2021-11-11,0.003818465049150688
2021-11-12,-0.0002222491853260657
2021-11-14,-0.0030130806069502613
2021-11-15,0.003345767426826864
2021-11-16,-0.0002241206474857938
2021-11-17,0.005869597717196464
2021-11-18,-0.00022977770322264387
2021-11-19,-0.0
2021-11-21,0.0008094217873469468
2021-11-22,-0.020289345162349766
2021-11-23,-0.006860011011191451
2021-11-24,-0.0008642761633845007
2021-11-25,-0.00021787093176103107
2021-11-26,-0.0
2021-11-28,-0.00015477940064285593
2021-11-29,0.0017863011860611284
2021-11-30,-0.00023753699864775303
2021-12-01,0.0012501716035320555
2021-12-02,-0.0002432276373551755
2021-12-03,-0.0061012255460543225
2021-12-05,0.0005718287842472654
2021-12-06,0.0022256065061534345
2021-12-07,-0.00024622422255967367
2021-12-08,0.0
2021-12-09,0.0
2021-12-10,-0.0
2021-12-12,-0.0
2021-12-13,0.0
2021-12-14,0.0
2021-12-15,-0.006595904021675771
2021-12-16,-0.011685103827991572
2021-12-17,0.0026216110698228643
2021-12-19,0.0014540760874124428
2021-12-20,-0.005011918184729221
2021-12-21,-0.0002445672668466327
2021-12-22,0.0
2021-12-23,0.0
2021-12-26,0.0
2021-12-27,0.0
2021-12-28,-0.0
2021-12-29,-0.0
2021-12-30,0.0
2021-12-31,0.0
2022-01-02,-0.0025615894609278293
2022-01-03,-0.01238067891173808
2022-01-04,0.006457800948274063
2022-01-05,-0.00025121260163405985
2022-01-06,-0.007456662010494988
2022-01-07,0.0018809306263359482
2022-01-09,-0.0019684419884769384
2022-01-10,0.008173919476156172
2022-01-11,0.006395096315662553
2022-01-12,0.00429432224911668
2022-01-13,-0.0002477185931503297
2022-01-14,-0.004938229970298538
2022-01-16,0.0010421746241416055
2022-01-17,-0.0008319447254478392
2022-01-18,-0.0036811345958728424
2022-01-19,0.0166183915985623
2022-01-20,0.0008684892462672205
2022-01-21,-0.004003866083344056
2022-01-23,0.0019677667059249133
2022-01-24,0.00236011686732971
2022-01-25,0.0031136454702728024
2022-01-26,-0.018093426553253328
2022-01-27,-0.009504696752435718
2022-01-28,0.003593370185243935
2022-01-30,-0.0002498475215857622
2022-01-31,-0.0
2022-02-01,-0.0
2022-02-02,0.0
2022-02-03,0.0
2022-02-04,0.0
2022-02-06,0.0
2022-02-07,0.0
2022-02-08,0.0
2022-02-09,0.0
2022-02-10,-0.0
2022-02-11,0.0
2022-02-13,-0.0036335341617292965
2022-02-14,0.014165685635988278
2022-02-15,-0.012954810460040928
2022-02-16,-0.00023812495982661433
2022-02-17,0.008069819041806255
2022-02-18,0.00366891086054301
2022-02-20,-0.0029574303856268742
2022-02-21,0.007845624856228804
2022-02-22,-0.0052393816117908935
2022-02-23,0.018672120146559845
2022-02-24,-0.00021560843484831686
2022-02-25,-0.010696807437891866
2022-02-27,-0.00020087007105245696
2022-02-28,-0.0
2022-03-01,0.01322092531490518
2022-03-02,-0.0049069802412856954
2022-03-03,0.006044801761917265
2022-03-04,-0.00018337268715285445
2022-03-06,0.0076728802714367775
2022-03-07,0.0005877707762809818
2022-03-08,0.02357196065675104
2022-03-09,-0.025502191187115095
2022-03-10,0.003191343604254994
2022-03-11,-0.000140364064613831
2022-03-13,-0.0
2022-03-14,-0.0
2022-03-15,-0.0
2022-03-16,0.0
2022-03-17,-0.0
2022-03-18,-0.0
2022-03-20,0.0
2022-03-21,0.0
2022-03-22,-0.0
2022-03-23,0.0
2022-03-24,0.0
2022-03-25,-0.0
2022-03-27,-0.0
2022-03-28,-0.0
2022-03-29,-0.0
2022-03-30,0.0
2022-03-31,0.0
2022-04-01,-0.0
2022-04-03,-0.0019178538823059034
2022-04-04,0.002837993074509178
2022-04-05,-0.00014005392457617908
2022-04-06,0.0
2022-04-07,0.0
2022-04-08,0.0
2022-04-10,-0.0012932226729348232
2022-04-11,0.004143977084298658
2022-04-12,-0.00014092761996322914
2022-04-13,0.0019932708884293337
2022-04-14,-0.00014046295873813673
2022-04-17,0.0027842559621664487
2022-04-18,-0.0016853275775700826
2022-04-19,-0.00014224581610797237
2022-04-20,0.0015156910498219898
2022-04-21,-0.0001390781065750168
2022-04-22,-0.0
2022-04-24,-0.0
2022-04-25,-0.0
2022-04-26,-0.0016278122768300198
2022-04-27,-0.0001453134589187006
2022-04-28,0.0
2022-04-29,-0.0
2022-05-01,-0.0
2022-05-02,-0.0
2022-05-03,-0.0007275855813598463
2022-05-04,-0.00014690359168558102
2022-05-05,-0.007818576353791176
2022-05-06,0.0025247894569088935
2022-05-08,-0.00014878217583888084
2022-05-09,-0.0
2022-05-10,-0.0075766229643451375
2022-05-11,0.005009109244483146
2022-05-12,-0.00015569715745042536
2022-05-13,-0.0050578164422859315
2022-05-15,-0.000721084543886488
2022-05-16,-0.004615842090893351
2022-05-17,-0.0001615779311783671
2022-05-18,-0.0
2022-05-19,-0.0
2022-05-20,-0.0033963801861544244
2022-05-22,-0.0001988662218683289
2022-05-23,0.0
2022-05-24,-0.0
2022-05-25,0.0
2022-05-26,-0.0
2022-05-27,0.0
2022-05-29,-0.0
2022-05-30,0.0
2022-05-31,0.0
2022-06-01,-0.0
2022-06-02,-0.0
2022-06-03,0.0
2022-06-05,-0.0
2022-06-06,0.0
2022-06-07,-0.0
2022-06-08,-0.0
2022-06-09,0.0
2022-06-10,-0.0
2022-06-12,0.003236092534268682
2022-06-13,0.016790628821719323
2022-06-14,0.004266207761367013
2022-06-15,-0.00648303758200443
2022-06-16,-0.0052442263968745855
2022-06-17,0.002113517939058352
2022-06-19,-0.0014979674491476494
2022-06-20,0.0009931020528780026
2022-06-21,-0.0001988956174990762
2022-06-22,-0.0
2022-06-23,0.0
2022-06-24,0.0
2022-06-26,-0.0
2022-06-27,0.0
2022-06-28,0.0
2022-06-29,0.0
2022-06-30,0.0
2022-07-01,-0.003148613607707043
2022-07-03,0.0005230531239462234
2022-07-04,-2.805512807339526e-05
2022-07-05,0.01830595251166083
2022-07-06,0.012130170876262778
2022-07-07,0.0005466652210004115
2022-07-08,-0.000203330257953341
2022-07-10,0.0
2022-07-11,0.0
2022-07-12,0.0
2022-07-13,-0.0
2022-07-14,0.008057839213992066
2022-07-15,0.002443695182861992
2022-07-17,-0.00022935367329420377
2022-07-18,0.0
2022-07-19,-0.0
2022-07-20,0.0
2022-07-21,-0.0
2022-07-22,-0.0
2022-07-24,-0.0
2022-07-25,0.0
2022-07-26,0.0
2022-07-27,-0.0
2022-07-28,-0.0
2022-07-29,-0.0
2022-07-31,0.00038091635958013967
2022-08-01,-0.005530206439944956
2022-08-02,-0.0002252174960206212
2022-08-03,-0.0
2022-08-04,-0.0
2022-08-05,0.0
2022-08-07,0.00034538905276339547
2022-08-08,-0.005587381311947511
2022-08-09,-0.00021301812377430904
2022-08-10,0.0
2022-08-11,-0.0
2022-08-12,-0.0
2022-08-14,0.002522588155084671
2022-08-15,0.006769527605549114
2022-08-16,0.003056760715768179
2022-08-17,-0.00022430530039677874
2022-08-18,0.0036344736264394776
2022-08-19,-0.0002263703056127833
2022-08-21,-0.0009285225494811358
2022-08-22,0.004913871491944056
2022-08-23,-0.0002339858289139843
2022-08-24,-0.0
2022-08-25,0.0
2022-08-26,0.0
2022-08-28,0.005774020454402523
2022-08-29,-0.005251124931540015
2022-08-30,-0.0002507899297945997
2022-08-31,0.0
2022-09-01,0.0029759424407320425
2022-09-02,-0.006991337688301272
2022-09-04,-0.0002464892428876408
2022-09-05,-0.0
2022-09-06,0.0
2022-09-07,-0.0
2022-09-08,-0.0
2022-09-09,0.0
2022-09-11,0.0
2022-09-12,-0.0
2022-09-13,0.0
2022-09-14,0.004149267929926908
2022-09-15,0.017019379191001487
2022-09-16,-0.005660635405781086
2022-09-18,0.0013081233536521167
2022-09-19,-0.002784970217610384
2022-09-20,-0.0002449316830643397
2022-09-21,0.0003910789009493583
2022-09-22,-0.00365962630823233
2022-09-23,-0.00024673263478878165
2022-09-25,0.0017188759529943348
2022-09-26,0.005133089043746446
2022-09-27,0.002968459224154684
2022-09-28,-0.015375457230133723
2022-09-29,-0.00506337401722589
2022-09-30,-0.00022901965782836463
2022-10-02,-0.0
2022-10-03,-0.0
2022-10-04,-0.011534844347658123
2022-10-05,-0.0009735385643551436
2022-10-06,-0.00021014575090928995
2022-10-07,0.0
2022-10-09,0.0
2022-10-10,0.0
2022-10-11,0.0
2022-10-12,-0.0
2022-10-13,0.0
2022-10-14,0.011878063888311781
2022-10-16,-0.0002248067138356388
2022-10-17,0.0
2022-10-18,-0.0
2022-10-19,0.0
2022-10-20,0.00025113803926877
2022-10-21,-0.0002175740904595209
2022-10-23,0.0006279133142657442
2022-10-24,0.0029298768827352257
2022-10-25,-0.0002079158172228485
2022-10-26,-0.0
2022-10-27,-0.0
2022-10-28,0.0
2022-10-30,0.0
2022-10-31,0.0
2022-11-01,-0.0063299096840437625
2022-11-02,-0.0002081095105773364
2022-11-03,-0.0009375191760386198
2022-11-04,-0.019310838700301078
2022-11-06,0.0036773262700472518
2022-11-07,0.0009782870060852892
2022-11-08,-0.00018507772718252125
2022-11-09,-0.0006680540217073129
2022-11-10,-0.017155767974429897
2022-11-11,-0.006752560700480848
2022-11-13,-0.00016385452544269817
2022-11-14,-0.0
2022-11-15,-0.0005001665728111484
2022-11-16,0.0034891139343409118
2022-11-17,-0.00016561011394084256
2022-11-18,0.0
2022-11-20,0.0
2022-11-21,0.0
2022-11-22,0.0
2022-11-23,-0.0
2022-11-24,0.0
2022-11-25,-0.0
2022-11-27,0.0
2022-11-28,-0.0
2022-11-29,0.0
2022-11-30,0.0
2022-12-01,0.0
2022-12-02,-0.00018450754871141668
2022-12-04,0.004311791159756383
2022-12-05,-0.013678088585003082
2022-12-06,-0.0006026871753373874
2022-12-07,-0.0001655606630082239
2022-12-08,0.004749731194422272
2022-12-09,-0.00016831283103450764
2022-12-11,-0.0032451529794585757
2022-12-12,-0.001752909473158108
2022-12-13,-0.00016639908945827365
2022-12-14,-0.007011844603758031
2022-12-15,-0.0046340236401354075
2022-12-16,0.005278642846083864
2022-12-18,9.326173458176307e-05
2022-12-19,-0.0009950278151917788
2022-12-20,-0.00017019213209852445
2022-12-21,0.0021471276604774834
2022-12-22,-0.00017434013441672215
2022-12-23,0.0011486199699744795
2022-12-26,-0.0001694092627251507
2022-12-27,0.0
2022-12-28,-0.0012875198586490772
2022-12-29,-0.0001728842943897554
2022-12-30,0.0
2023-01-02,0.0
2023-01-03,0.0
2023-01-04,0.001992836171313114
2023-01-05,-0.005582732492420021
2023-01-06,-0.00017844993834863833
2023-01-08,0.0041608086852955644
2023-01-09,-0.0021399066986704015
2023-01-10,-0.00017215712736304322
2023-01-11,0.0
2023-01-12,0.0
2023-01-13,0.00902631216689649
2023-01-15,0.001070207209196159
2023-01-16,-0.0042115876790419365
2023-01-17,-0.004839509606682282
2023-01-18,0.004197886490334685
2023-01-19,-0.0001832487331809088
2023-01-20,0.0005216565739475168
2023-01-22,-0.00019336262805156538
2023-01-23,0.0
2023-01-24,-0.0
2023-01-25,0.0
2023-01-26,-0.012016493252834276
2023-01-27,-0.0002140952764235813
2023-01-29,0.0
2023-01-30,-0.0
2023-01-31,0.0
2023-02-01,0.01265519282274502
2023-02-02,-0.016671754373911437
2023-02-03,-0.022068469965553682
2023-02-05,0.005517028583287522
2023-02-06,-0.002092041386627193
2023-02-07,0.0015490057913045726
2023-02-08,-0.00017905554550586648
2023-02-09,-0.0
2023-02-10,0.0
2023-02-12,-0.0
2023-02-13,0.0
2023-02-14,-0.0
2023-02-15,-0.0
2023-02-16,-0.0
2023-02-17,0.0
2023-02-19,0.0
2023-02-20,-0.0
2023-02-21,-0.0
2023-02-22,-0.0
2023-02-23,-0.0
2023-02-24,-0.0
2023-02-26,-0.0008834797947274932
2023-02-27,0.0023663472178282637
2023-02-28,-0.00020101962419477622
2023-03-01,0.001719920485000666
2023-03-02,0.0017952960835299846
2023-03-03,-0.00019773439813869947
2023-03-05,-0.0007217465105610973
2023-03-06,-0.003075485992744772
2023-03-07,-0.00021169709976617013
2023-03-08,0.0010268124415418532
2023-03-09,0.006883455358161569
2023-03-10,0.01746206919670892
2023-03-12,0.005153457692682267
2023-03-13,0.00811803283989531
2023-03-14,-4.7799825724877106e-05
2023-03-15,0.0041015022699522835
2023-03-16,0.005665254676188434
2023-03-17,0.02173101809899818
2023-03-19,-0.00365667316352096
2023-03-20,0.003755754599878385
2023-03-21,-0.01562991568976184
2023-03-22,0.0127587100872215
2023-03-23,0.005201225280008207
2023-03-24,-0.0054246398033742285
2023-03-26,-0.00014652433007392263
2023-03-27,-0.0
2023-03-28,0.0
2023-03-29,-0.0
2023-03-30,0.0
2023-03-31,-0.0
2023-04-02,-0.0
2023-04-03,0.0
2023-04-04,0.0
2023-04-05,-0.003992201519552489
2023-04-06,-0.0013266088218092697
2023-04-09,-0.00013641344962143302
2023-04-10,0.0
2023-04-11,0.0
2023-04-12,0.0
2023-04-13,0.008376187743422879
2023-04-14,-0.012651202316954605
2023-04-16,0.0001405094369839226
2023-04-17,-0.001183418013855559
2023-04-18,-0.00014516467009792068
2023-04-19,-0.0
2023-04-20,0.0
2023-04-21,-0.0
2023-04-23,0.00021276261796590517
2023-04-24,0.004751067035696311
2023-04-25,-0.00014610582130405062
2023-04-26,0.0
2023-04-27,-0.0
2023-04-28,-0.0
2023-04-30,-0.0
2023-05-01,0.0
2023-05-02,0.0
2023-05-03,0.00828451957025267
2023-05-04,0.001043727248153275
2023-05-05,-0.009092708197940658
2023-05-07,0.0007646110382355891
2023-05-08,0.0011116848491971385
2023-05-09,-0.00013946565344895003
2023-05-10,0.0
2023-05-11,-0.0068110220259956274
2023-05-12,-0.0001415350998427238
2023-05-14,0.0
2023-05-15,0.0
2023-05-16,-0.0
2023-05-17,-0.0028285067525244487
2023-05-18,-0.0001419940178687953
2023-05-19,0.0
2023-05-21,0.0
2023-05-22,-0.0
2023-05-23,0.0
2023-05-24,-0.0
2023-05-25,-0.0
2023-05-26,0.0
2023-05-28,-0.0
2023-05-29,0.0
2023-05-30,0.0
2023-05-31,0.0
2023-06-01,0.0060292082048672155
2023-06-02,-0.01270930219442968
2023-06-04,-0.0015145235946508549
2023-06-05,0.006460832071172398
2023-06-06,-0.00017836654721155147
2023-06-07,-0.0
2023-06-08,0.006922093735053997
2023-06-09,-0.0001770667245026844
2023-06-11,-0.0
2023-06-12,0.0
2023-06-13,-0.0
2023-06-14,-0.0
2023-06-15,0.008877224881344249
2023-06-16,0.0008690727079183102
2023-06-18,-0.0008667669392508824
2023-06-19,-0.002402107543555846
2023-06-20,-0.005679801773896399
2023-06-21,0.0013711771241670721
2023-06-22,-0.00020497238068677395
2023-06-23,-0.004843727000262482
2023-06-25,-0.00020704357465001582
2023-06-26,-0.0
2023-06-27,0.0
2023-06-28,0.0
2023-06-29,-0.0
2023-06-30,-0.006036690233487043
2023-07-02,0.0023616115110430165
2023-07-03,-0.0032941006352643722
2023-07-04,-0.00022367871294184558
2023-07-05,0.0
2023-07-06,0.0
2023-07-07,-0.0
2023-07-09,-0.0
2023-07-10,-0.0
2023-07-11,-0.0
2023-07-12,-0.0
2023-07-13,-0.0010194974422941914
2023-07-14,-0.000235940590622284
2023-07-16,0.00045559877463655535
2023-07-17,-0.0029917237435751567
2023-07-18,-0.00024370727619507974
2023-07-19,-0.0056203219174423575
2023-07-20,-0.0002399919272895348
2023-07-21,0.0
2023-07-23,0.0
2023-07-24,-0.0
2023-07-25,-0.0
2023-07-26,-0.0
2023-07-27,0.014496146170309547
2023-07-28,-0.003525317854410022
2023-07-30,-0.00024318682920528424
2023-07-31,-0.0
2023-08-01,0.00654908120078402
2023-08-02,0.006590767008132515
2023-08-03,0.0006132636895853019
2023-08-04,-0.00025069196313026385
2023-08-06,0.0008001023329382269
2023-08-07,0.0032728473876200907
2023-08-08,-0.000253517763119967
2023-08-09,0.006866074763668819
2023-08-10,-0.00025654357149921365
2023-08-11,0.0005070754315560793
2023-08-13,0.0008697395704754762
2023-08-14,0.003668577555437273
2023-08-15,0.0014627456009140075
2023-08-16,0.006468341859621914
2023-08-17,0.00029689212563792757
2023-08-18,0.002587728265601411
2023-08-20,-0.002399465506233758
2023-08-21,-0.001051728759940086
2023-08-22,-0.00030143832330460245
2023-08-23,-0.0
2023-08-24,0.0030414000537378996
2023-08-25,-0.00029410567263865454
2023-08-27,-0.0007312483369049728
2023-08-28,-0.0056160252200873504
2023-08-29,-0.000302123585419302
2023-08-30,-0.006564686528922097
2023-08-31,-0.004353540457918377
2023-09-01,-0.00029762450066285365
2023-09-03,-0.0
2023-09-04,0.0
2023-09-05,0.0
2023-09-06,0.004316643870572798
2023-09-07,-0.004418248147664695
2023-09-08,-0.00032126176911698965
2023-09-10,-0.0
2023-09-11,-0.0
2023-09-12,0.0
2023-09-13,-0.0
2023-09-14,-0.0
2023-09-15,-0.005531441630457319
2023-09-17,-0.0037613011095660176
2023-09-18,-0.003467218275185968
2023-09-19,-0.000321825888424986
2023-09-20,0.0
2023-09-21,0.0017674139721315532
2023-09-22,-0.0007348582511466093
2023-09-24,-0.00034341590755003454
2023-09-25,-0.0
2023-09-26,0.009434019224632079
2023-09-27,0.02053730308214962
2023-09-28,0.0074612443369452474
2023-09-29,0.012801703627457658
2023-10-01,0.0031317511306788825
2023-10-02,0.02020410473865863
2023-10-03,-0.0024429955412163295
2023-10-04,-0.003815672731827837
2023-10-05,0.0016491790567150094
2023-10-06,-0.00032827499403676185
2023-10-08,-0.01400011755411501
2023-10-09,-0.00912903324038712
2023-10-10,0.0010675158134888707
2023-10-11,-0.0003176139273025568
2023-10-12,0.0
2023-10-13,-0.0
2023-10-15,0.006180874174726379
2023-10-16,0.002877279251466918
2023-10-17,-0.00022934977536891065
2023-10-18,-0.0
2023-10-19,-0.014940535894220949
2023-10-20,0.0001794842158562898
2023-10-22,0.003349376280653775
2023-10-23,0.0019232934677129569
2023-10-24,-0.00021003273834263724
2023-10-25,0.0
2023-10-26,0.0
2023-10-27,0.0
2023-10-29,-0.0018921683851798696
2023-10-30,-0.004492564206122817
2023-10-31,-0.00020718783512641735
2023-11-01,0.0
2023-11-02,0.0
2023-11-03,0.0
2023-11-05,-0.0
2023-11-06,-0.0
2023-11-07,-0.0
2023-11-08,-0.0
2023-11-09,0.0
2023-11-10,-0.0
2023-11-12,-0.0
2023-11-13,0.0
2023-11-14,0.0
2023-11-15,-0.0
2023-11-16,0.0
2023-11-17,-0.0
2023-11-19,0.0
2023-11-20,0.0
2023-11-21,0.0
2023-11-22,-0.0019176437028916426
2023-11-23,-0.00019298663509873857
2023-11-24,0.0
2023-11-26,0.0
2023-11-27,0.0
2023-11-28,0.012930222455048991
2023-11-29,-0.0006592841839663462
2023-11-30,-0.0017701742777763497
2023-12-01,0.01277082240395272
2023-12-03,0.005305935410775302
2023-12-04,-0.02038738106054618
2023-12-05,-0.003731877167758854
2023-12-06,-0.0001632303656318026
2023-12-07,0.0
2023-12-08,-0.0
2023-12-10,-0.003098124815755458
2023-12-11,-0.00413133359605905
2023-12-12,-0.0028592420843271825
2023-12-13,-0.00017017686286999357
2023-12-14,0.0017518310360706022
2023-12-15,-0.005979649236351313
2023-12-17,-0.00015840601522445596
2023-12-18,0.0
2023-12-19,0.0
2023-12-20,-0.0
2023-12-21,0.0
2023-12-22,0.0
2023-12-25,0.0
2023-12-26,0.0
2023-12-27,0.0
2023-12-28,-0.0
2023-12-29,-0.0
2024-01-01,0.0
2024-01-02,-0.0
2024-01-03,-0.0
2024-01-04,0.00043024828616054485
2024-01-05,-0.00017736707135065517
2024-01-07,-0.004000697698222595
2024-01-08,-0.0011593313225300376
2024-01-09,-0.00017908726966213952
2024-01-10,0.0
2024-01-11,0.0
2024-01-12,0.0035774941401953645
2024-01-14,0.004220494438774517
2024-01-15,-0.001973302355381449
2024-01-16,-0.009651483489594584
2024-01-17,-0.0069343232516902425
2024-01-18,0.005203613931957443
2024-01-19,-0.0001788124648799944
2024-01-21,-0.0
2024-01-22,0.0
2024-01-23,-0.0
2024-01-24,-0.0
2024-01-25,0.0
2024-01-26,-0.0
2024-01-28,0.0
2024-01-29,0.0
2024-01-30,0.0
2024-01-31,0.0
2024-02-01,0.0037193622195993135
2024-02-02,-0.0065324430795274694
2024-02-04,-0.0030987484454429587
2024-02-05,-0.002323270694310153
2024-02-06,-0.00018702030954125383
2024-02-07,-0.0
2024-02-08,3.343167873869735e-05
2024-02-09,-0.00018851714818448977
2024-02-11,-0.0
2024-02-12,-0.0
2024-02-13,-0.0
2024-02-14,-0.0003566048433265854
2024-02-15,0.005890911334432667
2024-02-16,0.00479891001617786
2024-02-18,0.002968528084359143
2024-02-19,0.0002095532480796733
2024-02-20,0.005891308129816557
2024-02-21,-0.00023265590881227293
2024-02-22,-0.0
2024-02-23,0.0
2024-02-25,-0.0022235678989741083
2024-02-26,0.000965348595792577
2024-02-27,-0.0002862266936540042
2024-02-28,0.0
2024-02-29,0.0
2024-03-01,0.023963635484619022
2024-03-03,-0.0010014294314311147
2024-03-04,0.020552596182561503
2024-03-05,0.005461753604502274
2024-03-06,0.01696756796012754
2024-03-07,-0.00025488250264391277
2024-03-08,0.010796163201422362
2024-03-10,0.00020403513217030802
2024-03-11,-0.0010002051727341919
2024-03-12,-0.0002281795324895052
2024-03-13,0.0063086657069022925
2024-03-14,-0.0002234543303445442
2024-03-15,-0.0
2024-03-17,-0.0
2024-03-18,0.0
2024-03-19,-0.0
2024-03-20,0.0
2024-03-21,-0.013395117225105375
2024-03-22,-0.00020805387176798853
2024-03-24,0.0
2024-03-25,-0.0
2024-03-26,0.0
2024-03-27,0.0
2024-03-28,0.0
2024-03-31,0.010391625934930763
2024-04-01,-0.0013258751077798896
2024-04-02,0.012237849175060572
2024-04-03,0.006543536716873586
2024-04-04,-0.010363372548699883
2024-04-05,0.021592472651752164
2024-04-07,0.007092447693465786
2024-04-08,-0.0010271687047494302
2024-04-09,0.0024499660583330086
2024-04-10,-0.0029208323385028403
2024-04-11,0.016432970822317785
2024-04-12,-0.015631572215602945
2024-04-14,0.005152856992740599
2024-04-15,0.008455645134244747
2024-04-16,-0.0011668693763976091
2024-04-17,-0.00014223971639484273
2024-04-18,0.0
2024-04-19,-0.0
2024-04-21,-0.0
2024-04-22,-0.0
2024-04-23,0.0
2024-04-24,-0.0
2024-04-25,0.0
2024-04-26,0.0
2024-04-28,-0.0
2024-04-29,0.0
2024-04-30,-0.0
2024-05-01,0.0
2024-05-02,-0.0
2024-05-03,0.0
2024-05-05,0.0
2024-05-06,0.0
2024-05-07,-0.0
2024-05-08,-0.0
2024-05-09,0.0
2024-05-10,0.0
2024-05-12,-0.00045927470772940434
2024-05-13,-0.004974626593169948
2024-05-14,-0.00012057421481629659
2024-05-15,0.0
2024-05-16,-0.0033889545196949264
2024-05-17,-0.00011778170412453442
2024-05-19,0.004920636995677315
2024-05-20,-0.005191130793574003
2024-05-21,-0.00011699762571992755
2024-05-22,-0.0
2024-05-23,-0.010013025860348154
2024-05-24,0.0006877089263839928
2024-05-26,-0.0001135831925071443
2024-05-27,0.0
2024-05-28,0.0
2024-05-29,-0.0
2024-05-30,0.0
2024-05-31,-0.0
2024-06-02,-0.0
2024-06-03,0.0
2024-06-04,-0.0036385270858706417
2024-06-05,-0.00011579396309801672
2024-06-06,0.0
2024-06-07,-0.0
2024-06-09,0.0005468722043180461
2024-06-10,0.0013806240314285887
2024-06-11,-0.00010906334912161319
2024-06-12,0.0
2024-06-13,-0.0
2024-06-14,0.0
2024-06-16,-0.002577576475030869
2024-06-17,0.0004570927166472079
2024-06-18,-0.00011465089942791428
2024-06-19,0.0
2024-06-20,0.0
2024-06-21,-0.009767092947107954
2024-06-23,0.0007650929186921231
2024-06-24,0.00045526105788488866
2024-06-25,-0.00011950243439986021
2024-06-26,-0.0
2024-06-27,0.0
2024-06-28,0.0
2024-06-30,0.0
2024-07-01,0.0
2024-07-02,-0.0
2024-07-03,0.0
2024-07-04,0.0
2024-07-05,0.0
2024-07-07,-0.0023078653337975374
2024-07-08,-0.005262521994970007
2024-07-09,0.0014843596250302853
2024-07-10,-0.00012474664060600782
2024-07-11,0.009263633963748439
2024-07-12,0.0003090082692523691
2024-07-14,-0.00012854184122865084
2024-07-15,0.0
2024-07-16,0.01241855778965014
2024-07-17,-0.00242395487965731
2024-07-18,-0.010067865586647731
2024-07-19,-0.00012481764612726911
2024-07-21,0.0015041189186855365
2024-07-22,-0.0018926577493311519
2024-07-23,-0.00012268745582470628
2024-07-24,-0.0
2024-07-25,0.00031136057158728185
2024-07-26,0.003492333323280681
2024-07-28,-0.0001231918493508949
2024-07-29,-0.0
2024-07-30,0.0
2024-07-31,0.0
2024-08-01,0.003878457445201073
2024-08-02,-0.0035555039491333693
2024-08-04,-0.00013153482874099994
2024-08-05,-0.010131444400491484
2024-08-06,-0.006654736574729223
2024-08-07,0.0017981183040239794
2024-08-08,-0.00012629548996212817
2024-08-09,0.0
2024-08-11,-0.0
2024-08-12,0.0
2024-08-13,-0.0
2024-08-14,-0.0
2024-08-15,0.0
2024-08-16,0.0
2024-08-18,-0.0012003668625109472
2024-08-19,-0.001187598981860781
2024-08-20,-0.0001367457754169279
2024-08-21,-0.005311963562775433
2024-08-22,-0.0001377361593856863
2024-08-23,0.0
2024-08-25,-0.0
2024-08-26,-0.0
2024-08-27,0.0
2024-08-28,-0.0
2024-08-29,0.0
2024-08-30,-0.0
2024-09-01,-0.0
2024-09-02,0.0
2024-09-03,-0.0
2024-09-04,0.0007468887155410496
2024-09-05,-0.00014153367969843212
2024-09-06,-0.0
2024-09-08,-0.0001437277378125205
2024-09-09,0.0018715864594784073
2024-09-10,-0.00014248917218127562
2024-09-11,-0.0
2024-09-12,0.0
2024-09-13,0.0035569348063166466
2024-09-15,0.00230939800364418
2024-09-16,-0.0011494465944544947
2024-09-17,-0.0001366929006293571
2024-09-18,-0.0
2024-09-19,0.00828145942336257
2024-09-20,0.009192960933484397
2024-09-22,0.0011129762873402385
2024-09-23,0.0010569344789224562
2024-09-24,-0.00013174346662369859
2024-09-25,-0.0037120762392568816
2024-09-26,0.0032505647984019024
2024-09-27,-0.0033661974796531514
2024-09-29,-0.0017619197107217397
2024-09-30,-0.005099033640237207
2024-10-01,0.007506369824704269
2024-10-02,-0.001355206581105142
2024-10-03,-0.0001405676185602744
2024-10-04,-0.0
2024-10-06,-0.0
2024-10-07,-0.0
2024-10-08,-0.0
2024-10-09,-0.001217494607666651
2024-10-10,-0.00014941232793477634
2024-10-11,0.0
2024-10-13,-0.0
2024-10-14,-0.0
2024-10-15,0.0
2024-10-16,0.0
2024-10-17,0.0
2024-10-18,0.0
2024-10-20,0.003198842344153816
2024-10-21,-0.0006735318736440846
2024-10-22,0.0036983342583866976
2024-10-23,-0.00016500979952547063
2024-10-24,0.0016703439076915494
2024-10-25,-0.00016268849100191564
2024-10-27,-0.0
2024-10-28,0.0
2024-10-29,0.0
2024-10-30,0.0019360579431994512
2024-10-31,-0.012563916724553603
2024-11-01,-0.00590582156470897
2024-11-03,0.001890951223856836
2024-11-04,-0.002484376328714332
2024-11-05,-0.00016959582669778312
2024-11-06,-0.0
2024-11-07,0.012260328628896111
2024-11-08,-0.0028686291659223246
2024-11-10,-0.00013840630428679673
2024-11-11,-0.0
2024-11-12,-0.0035532859303106187
2024-11-13,-0.012153240863176623
2024-11-14,0.0005487370118981505
2024-11-15,-0.0012337342689822239
2024-11-17,-0.00013049769347558716
2024-11-18,0.0
2024-11-19,0.0
2024-11-20,0.0
2024-11-21,0.0
2024-11-22,0.0
2024-11-24,-0.0
2024-11-25,-0.0
2024-11-26,0.003270308140280907
2024-11-27,-0.00012068019564619196
2024-11-28,0.0
2024-11-29,-0.0
2024-12-01,-0.0
2024-12-02,0.0
2024-12-03,0.0
2024-12-04,-0.0
2024-12-05,-0.0
2024-12-06,-0.0
2024-12-08,0.0
2024-12-09,0.0
2024-12-10,0.0
2024-12-11,0.0
2024-12-12,-0.006762258841757121
2024-12-13,-0.01051028049848016
2024-12-15,0.0013659478605512355
2024-12-16,-0.00027511241204548475
2024-12-17,-0.00011787758825161698
2024-12-18,-0.0
2024-12-19,-0.003071435867071107
2024-12-20,0.006541178637496146
2024-12-22,0.0007576065474286967
2024-12-23,-0.0014095558486336172
2024-12-24,-0.00011793065702108502
2024-12-25,-0.0
2024-12-26,-0.0
2024-12-27,0.0
2024-12-29,-0.0
2024-12-30,0.0
2024-12-31,-0.0
2025-01-01,-0.0
2025-01-02,-0.0
2025-01-03,-0.005990915375162736
2025-01-05,-0.00011695485927613686
2025-01-06,-0.0
2025-01-07,-0.0
2025-01-08,0.003045828477380021
2025-01-09,0.00336891386315292
2025-01-10,0.004752361543767113
2025-01-12,-0.001046839700603402
2025-01-13,-0.0032264611950590183
2025-01-14,0.0005165240626222309
2025-01-15,-0.00011698825630898189
2025-01-16,0.004945202800047585
2025-01-17,-0.0035381953771430113
2025-01-19,0.0009273977622283287
2025-01-20,-0.00663803760420644
2025-01-21,0.007403904574356942
2025-01-22,-0.0001488788420538719
2025-01-23,-0.00013692559450123357
2025-01-24,-0.0
2025-01-26,-0.0039018992606475226
2025-01-27,-0.005090348613844698
2025-01-28,-0.00014469754892723158
2025-01-29,-0.0
2025-01-30,0.0
2025-01-31,0.0005794017312119107
2025-02-02,-0.005716559513216323
2025-02-03,0.01310718354200741
2025-02-04,0.012648788783960368
2025-02-05,0.004460819091570118
2025-02-06,-0.0006802430672392793
2025-02-07,-0.0020770696614833264
2025-02-09,0.006511004897470901
2025-02-10,0.012800862574219592
2025-02-11,-0.010355102932579918
2025-02-12,-0.0001499964398996353
2025-02-13,0.003001168632158554
2025-02-14,-0.0001449948692257326
2025-02-16,0.005030757210523843
2025-02-17,0.0035514336110752313
2025-02-18,0.005760692218777714
2025-02-19,-0.0001381369631157555
2025-02-20,-0.0
2025-02-21,0.0
2025-02-23,0.0
2025-02-24,-0.0
2025-02-25,-0.0
2025-02-26,-0.006021575257236886
2025-02-27,-0.00015146187188857138
2025-02-28,-0.002278756187569153
2025-03-02,0.003510910290728808
2025-03-03,0.008119164542749784
2025-03-04,-0.00015124547762424134
2025-03-05,0.0
2025-03-06,-0.0
2025-03-07,0.0
2025-03-09,0.0002974341867286338
2025-03-10,-0.004679446629675052
2025-03-11,-0.00015009345434755116
2025-03-12,0.0
2025-03-13,0.0
2025-03-14,-0.0028410277591793963
2025-03-16,0.0009891233232602553
2025-03-17,0.007826074010108439
2025-03-18,-0.00014229464211288012
2025-03-19,0.004133677985349995
2025-03-20,-0.00014066491690045292
2025-03-21,-0.0
2025-03-23,-0.0
2025-03-24,-0.0
2025-03-25,0.0
2025-03-26,0.0
2025-03-27,0.0
2025-03-28,0.0
2025-03-30,0.006696638044450528
2025-03-31,0.011501183559281475
2025-04-01,-0.004825496377038987
2025-04-02,0.004818895438173671
2025-04-03,-0.014055045287349233
2025-04-04,-0.016515514153134736
2025-04-06,-0.0033647043893899288
2025-04-07,-0.006741421493305322
2025-04-08,0.0005717637500031922
2025-04-09,0.03169915248489024
2025-04-10,0.02179762905428528
2025-04-11,0.0038586732233776965
2025-04-13,-0.0009263649649744356
2025-04-14,-0.0015181785900368937
2025-04-15,-8.946680004929981e-05
2025-04-16,0.0
2025-04-17,-0.0025912650854163014
2025-04-20,0.010947625989993794
2025-04-21,0.016230081178686687
2025-04-22,-0.02045036521912944
2025-04-23,-0.0020115965899985405
2025-04-24,0.0011294654342344829
2025-04-25,-7.464539434921836e-05
2025-04-27,-0.0
2025-04-28,0.0
2025-04-29,-0.0
2025-04-30,-0.0
2025-05-01,0.0
2025-05-02,-0.0
2025-05-04,0.0
2025-05-05,0.0
2025-05-06,0.0
2025-05-07,0.0
2025-05-08,-0.0
2025-05-09,0.0
2025-05-11,-0.0
2025-05-12,-0.0
2025-05-13,0.0005267432678942307
2025-05-14,-6.912028725976338e-05
2025-05-15,0.00908200096638195
2025-05-16,-0.0018293917380026745
2025-05-18,0.0037503368300529404
2025-05-19,-0.0031579662951533257
2025-05-20,0.013656553455761979
2025-05-21,0.0053352251638137775
2025-05-22,-0.005892081554825722
2025-05-23,-5.966730570476675e-05
2025-05-25,-0.0012050019108662189
2025-05-26,-0.0006691632038397901
2025-05-27,-0.005347810738673501
2025-05-28,-6.0625841565303145e-05
2025-05-29,0.0
2025-05-30,-0.0
2025-06-01,0.0
2025-06-02,0.0
2025-06-03,-0.0004678697892879634
2025-06-04,-5.763799980713571e-05
2025-06-05,-0.0
2025-06-06,-0.0
2025-06-08,-0.0
2025-06-09,0.0
2025-06-10,0.0
2025-06-11,0.0
2025-06-12,0.0
2025-06-13,-0.0012025930444565134
2025-06-15,0.0007867616967441429
2025-06-16,-0.006145176263815542
2025-06-17,-0.001354038234366212
2025-06-18,-5.7648211123830096e-05
2025-06-19,-0.0
2025-06-20,0.0
2025-06-22,-0.0
2025-06-23,-0.0
2025-06-24,-0.0032782857365432592
2025-06-25,0.001446872704532714
2025-06-26,-6.493687790314844e-05
2025-06-27,-0.0
2025-06-29,0.0009255128770109067
2025-06-30,0.0054261908779902855
2025-07-01,-6.694739421514297e-05
2025-07-02,0.0
2025-07-03,-0.0
2025-07-04,0.0
2025-07-06,-0.0
2025-07-07,0.0
2025-07-08,-0.0
2025-07-09,0.00503987388378641
2025-07-10,0.002244117009925606
2025-07-11,-7.496128255658938e-05
2025-07-13,0.00033571001831789177
2025-07-14,-0.0010835531219928643
2025-07-15,-7.580861706024413e-05
2025-07-16,0.0
2025-07-17,-0.0007151423428975719
2025-07-18,-7.930644919530072e-05
2025-07-20,0.0
2025-07-21,0.0
2025-07-22,0.005911838588104515
2025-07-23,-0.007366682620655596
2025-07-24,0.003937477428161133
2025-07-25,-9.048219715460236e-05
2025-07-27,-6.789524246514452e-05
2025-07-28,0.003458630037591251
2025-07-29,0.001995511355727859
2025-07-30,-9.441036502439129e-05
2025-07-31,0.0011994453365469567
2025-08-01,-0.0001024463763154581
2025-08-03,-0.002006070547303423
2025-08-04,0.0044192808025381525
2025-08-05,-0.0001025132942289489
2025-08-06,0.0
2025-08-07,0.0
2025-08-08,-0.002578495417219146
2025-08-10,0.005071455278517418
2025-08-11,-0.005924684549132704
2025-08-12,-0.00010696108447495615
2025-08-13,0.0
2025-08-14,-0.0
2025-08-15,-0.0
2025-08-17,0.0
2025-08-18,-0.0
2025-08-19,-0.0
2025-08-20,0.0
2025-08-21,-0.0
2025-08-22,0.0
2025-08-24,-0.0
2025-08-25,0.0
2025-08-26,0.0
2025-08-27,0.00186615266744336
2025-08-28,-0.00012303757899774406
2025-08-29,0.009670336526574622
2025-08-31,0.009723696837472977
2025-09-01,0.003357032291494365
2025-09-02,0.00915583033961476
2025-09-03,-0.00023821139743200628
2025-09-04,0.005163073831513631
2025-09-05,0.008914643104484577
2025-09-07,0.0013793622880750203
2025-09-08,0.014675061214394249
2025-09-09,-0.0028121479819391525
2025-09-10,0.00027528251047118264
2025-09-11,-0.00011222272476099349
2025-09-12,-0.0
2025-09-14,-0.0
2025-09-15,0.0
2025-09-16,0.0
2025-09-17,-0.0
2025-09-18,-0.004760142906620329
2025-09-19,0.009935258584010372
2025-09-21,0.00044721230097034565
2025-09-22,0.014463763745814989
2025-09-23,-0.00011530178575771
2025-09-24,-0.004473174024097806
2025-09-25,-0.00011406160850051758
2025-09-26,0.0
2025-09-28,0.0
2025-09-29,0.0
2025-09-30,0.0035647269474724775
2025-10-01,-0.00010700149139530505
2025-10-02,-0.004572934319813869
2025-10-03,0.009770675617761406
2025-10-05,0.008509343531079414
2025-10-06,0.01083170922434658
2025-10-07,0.01142597409195317
2025-10-08,0.0016492555948882943
2025-10-09,-0.009855963599977126
2025-10-10,0.009521277914396123
2025-10-12,0.007587153473342026
2025-10-13,0.024569110684985466
2025-10-14,0.006884582111154823
2025-10-15,0.014059525229074584
2025-10-16,0.022144448479650664
2025-10-17,-0.017939939510411937
2025-10-19,0.0008308020977219988
2025-10-20,0.015442690816440088
2025-10-21,-0.04015415528326783
2025-10-22,-0.004624841144851198
2025-10-23,0.003844592574322826
2025-10-24,-6.299676661108423e-05
2025-10-26,-0.0
2025-10-27,-0.0
2025-10-28,-0.0
2025-10-29,-0.0
2025-10-30,0.0
2025-10-31,0.0
2025-11-02,0.0
2025-11-03,-0.0
2025-11-04,-0.0
2025-11-05,0.0
2025-11-06,0.0
2025-11-07,0.0
2025-11-09,0.0
2025-11-10,0.0
2025-11-11,-0.0
2025-11-12,0.0
2025-11-13,-0.0008263637103476839
2025-11-14,-0.0149685598794953
2025-11-16,-0.0004441854506634435
2025-11-17,-0.008268011856099504
2025-11-18,-5.4567534614065875e-05
2025-11-19,0.0
2025-11-20,-0.0
2025-11-21,0.0
2025-11-23,-0.0024852640219540432
2025-11-24,0.011545470503299505
2025-11-25,-5.22832672516556e-05
2025-11-26,-0.0
2025-11-27,0.0
2025-11-28,0.0
2025-11-30,0.0
2025-12-01,-0.0
2025-12-02,0.0
2025-12-03,-0.0
2025-12-04,0.0
2025-12-05,0.0
2025-12-07,-0.0
2025-12-08,-0.0
2025-12-09,0.0
2025-12-10,0.0
2025-12-11,0.0
2025-12-12,0.0035886193547443133
2025-12-14,0.003013708074633013
2025-12-15,-0.0040780591772955205
2025-12-16,0.004510521386621255
2025-12-17,-4.9562275692280404e-05
2025-12-18,-0.0010541339503503874
2025-12-19,0.0017989728455301613
2025-12-21,0.006608463385319698
2025-12-22,0.009188543591132215
2025-12-23,0.0018006512036175045
2025-12-24,-0.0021539647624356176
2025-12-25,-4.843973737441698e-05
2025-12-26,0.0
2025-12-28,-0.0019797853774347132
2025-12-29,-5.3210970064136454e-05
2025-12-30,-0.003516606814956266
2025-12-31,-5.136253365800589e-05
2026-01-01,0.0
2026-01-02,-0.0
2026-01-04,0.0
2026-01-05,0.0
2026-01-06,-0.0004072994539466715
2026-01-07,-0.004339845843974619
2026-01-08,-5.8748355792200234e-05
2026-01-09,0.0
2026-01-11,0.007642087799072459
2026-01-12,0.00352671767161577
2026-01-13,0.004157129142458566
2026-01-14,-0.004659631872057705
2026-01-15,0.0011198422238567949
2026-01-16,-0.0006723107843779934
2026-01-18,0.008490383327031602
2026-01-19,0.003944790052815575
2026-01-20,0.021520253588350698
2026-01-21,-0.007752348424062514
2026-01-22,0.018441417254732702
2026-01-23,0.002936321484215723
2026-01-25,0.009714247094168986
2026-01-26,-0.000285890400252765
2026-01-27,0.019985383785997807
2026-01-28,0.03216321273835632
2026-01-29,-0.02849118669964063
2026-01-30,-0.02423800164136155
2026-02-01,-0.015005348208704038
2026-02-02,0.00912834013253265
2026-02-03,0.018440293367350594
2026-02-04,-3.022850651159688e-05
2026-02-05,-0.0
2026-02-06,0.0
2026-02-08,0.0
2026-02-09,0.0
2026-02-10,0.0
2026-02-11,0.0
2026-02-12,-0.0
2026-02-13,0.0
2026-02-15,-0.0
2026-02-16,-0.0
2026-02-17,-0.0
2026-02-18,0.0
2026-02-19,0.0
2026-02-20,0.0
2026-02-22,0.0
2026-02-23,0.0
2026-02-24,0.0
2026-02-25,0.0
2026-02-26,-0.0
2026-02-27,0.0
2026-03-01,0.004142348900947264
2026-03-02,0.00027346201045249226
2026-03-03,-0.010928427017584685
2026-03-04,0.000801136955550005
2026-03-05,-2.4453220174557003e-05
2026-03-06,0.0
2026-03-08,-0.0
2026-03-09,0.0
2026-03-10,0.0
2026-03-11,-0.0
2026-03-12,-0.0
2026-03-13,-0.0
2026-03-15,0.0
2026-03-16,0.0
2026-03-17,-0.0
2026-03-18,-0.0
2026-03-19,-0.007194152747179949
2026-03-20,-0.013703601311269884
2026-03-22,-0.00809692581943519
2026-03-23,-0.0003381548274820505
2026-03-24,0.013413354776221457
2026-03-25,-0.002945696017974713
2026-03-26,-2.559792784954622e-05
2026-03-27,-0.003144350411029249
2026-03-29,-0.0006813349877006046
2026-03-30,-0.004915910528742473
2026-03-31,-2.414531663086017e-05
2026-04-01,0.0
2026-04-02,-0.0
2026-04-05,-0.0
2026-04-06,0.0
2026-04-07,0.0
2026-04-08,-0.0
2026-04-09,0.0
2026-04-10,-0.0
2026-04-12,-0.0
2026-04-13,0.0
2026-04-14,0.0
2026-04-15,-0.0
2026-04-16,-0.0
2026-04-17,0.0
2026-04-19,-0.0
2026-04-20,0.0
2026-04-21,-0.0
2026-04-22,-0.004630240357806605
2026-04-23,-3.701976679290404e-05
2026-04-24,-0.0
2026-04-26,-0.0
2026-04-27,0.0
2026-04-28,0.0
2026-04-29,0.002398190707764511
2026-04-30,-3.767566532804046e-05
2026-05-01,0.0
2026-05-03,0.0
2026-05-04,0.0
2026-05-05,-0.008827886668628878
2026-05-06,-3.753680284048763e-05
2026-05-07,0.00046576085368666017
2026-05-08,-3.0040248251439537e-05
2026-05-10,-3.67778465999759e-05
2026-05-11,-0.0
2026-05-12,0.0
2026-05-13,0.0004281421713760242
2026-05-14,-3.786502832629534e-05
2026-05-15,0.0
2026-05-17,0.0004460714594619028
2026-05-18,-0.0011978778586935349
2026-05-19,-4.0625402418149935e-05
2026-05-20,-0.0
2026-05-21,0.0
2026-05-22,0.0
2026-05-24,-0.0
2026-05-25,0.0
2026-05-26,0.0
2026-05-27,0.0
2026-05-28,-0.00976908214020349
2026-05-29,-0.0031843407691282454
2026-05-31,0.0014580795210958977
2026-06-01,0.003502426759053188
2026-06-02,-4.482788977195028e-05
2026-06-03,0.0
2026-06-04,0.0
2026-06-05,0.0
2026-06-07,0.0019243547753578943
2026-06-08,-0.0031265080769423224
2026-06-09,0.019736333062809936
2026-06-10,0.012761028858110902
2026-06-11,-0.015426326538689032
2026-06-12,-0.0030254727094968024
2026-06-14,-0.012667108171082266
2026-06-15,-4.984977951495263e-05
2026-06-16,-0.0014399882504923102
2026-06-17,-4.819761639761542e-05
2026-06-18,0.015403301451382058
2026-06-19,-5.35806275726036e-05
2026-06-21,-0.0
2026-06-22,0.0
2026-06-23,0.0
2026-06-24,0.0
2026-06-25,-0.0009765410703751061
2026-06-26,-0.011541486405701056
