Date,open,high,low,close,volume
2009-01-02,13.77214412419218,14.477894325923483,13.737856934181659,14.329316139221191,68567400
2009-01-05,14.297885423379677,14.91220237726816,14.263597144208436,14.666476249694824,95289000
2009-01-06,14.889344481115698,15.197931361102663,14.735050496137173,14.826483726501465,96745000
2009-01-07,14.600755851372577,14.600755851372577,14.057871242223731,14.197877883911133,78427000
2009-01-08,14.120724809677855,14.403596962261894,14.04643575898227,14.380739212036133,66533600
2009-01-09,14.375027610928907,14.389313844155932,13.843571451113675,13.897859573364258,79913600
2009-01-12,13.70642650561858,13.732142170524755,13.28068962883194,13.349265098571777,68882200
2009-01-13,13.372124134288036,13.752144430733038,13.337836941140512,13.683568954467773,93531800
2009-01-14,13.463552715672328,13.477838950374524,12.903524031575508,13.029244422912598,81218200
2009-01-15,13.006389648996079,13.220686488597348,12.572081256607763,13.192112922668457,88215400
2009-01-16,13.432123460654449,13.534986103002986,12.98067208475468,13.297831535339355,87339600
2009-01-20,13.069245840976414,13.389262037856529,12.56064744471888,12.589221000671387,89839400
2009-01-21,12.766375261615337,13.472126431372855,12.694942992286679,13.434981346130371,84770200
2009-01-22,13.12924982248918,13.340688705192628,12.789231561701772,13.066389083862305,107140400
2009-01-23,12.752084846897281,13.629272739601953,12.67207999028715,13.446406364440918,88452600
2009-01-26,13.5435588624576,14.043584753730212,13.47784021471679,13.694994926452637,86314400
2009-01-27,13.62928201321084,13.840720994619087,13.472131183251669,13.717857360839844,77673600
2009-01-28,13.95786435488202,14.197876812489632,13.7207097983005,14.092157363891602,78603600
2009-01-29,13.803571868492552,13.895005084386515,13.529271130840751,13.594989776611328,87422800
2009-01-30,13.823571640846222,13.900718614565848,13.309259572685194,13.40640640258789,85838800
2009-02-02,13.126395355987146,13.314976531237459,13.034962124954879,13.192112922668457,61179600
2009-02-03,13.26353872555723,13.506409012486644,13.134961556560578,13.420690536499023,62642000
2009-02-04,13.543556610885297,13.732137729215458,13.40640571576358,13.54641342163086,72235400
2009-02-05,13.452120691412196,13.92643074720289,13.297826783030159,13.877856254577637,85168400
2009-02-06,13.71785120029117,14.229306460987894,13.672134595925362,14.135016441345215,77044000
2009-02-09,14.203593052699063,14.506466285827536,14.063586406514105,14.186450004577637,68026600
2009-02-10,14.25502683207388,14.38646197683453,13.403554113015064,13.52641773223877,113454600
2009-02-11,13.629276495736217,13.752140079777186,13.109249689317647,13.372119903564453,85024800
2009-02-12,13.120682470352326,13.426413673540578,12.952103312756261,13.394983291625977,90264600
2009-02-13,13.380692162520564,13.634990846955374,13.337832368302854,13.426408767700195,74918600
2009-02-17,12.957812247295655,13.032102412202557,12.474930535280185,12.49778938293457,103792600
2009-02-18,12.572080539667805,12.637798102601483,12.283494625048608,12.426359176635742,85612800
2009-02-19,12.560651514951163,12.680658308900028,12.366355631392096,12.429216384887695,67991000
2009-02-20,12.177773897320211,12.283494448755809,11.820612523478358,12.109199523925781,89403000
2009-02-23,12.329211102683754,12.374927715091243,11.509167800792556,11.543456077575684,68967000
2009-02-24,11.66631525907263,12.154911573486958,11.586310400184544,12.086336135864258,67763200
2009-02-25,12.080621560272963,12.317777149317473,11.760605391052184,12.014904022216797,87614800
2009-02-26,12.234913015992946,12.497784205265011,12.029187832212147,12.043475151062012,64285400
2009-02-27,11.780607607594611,12.157769834602128,11.623456861336436,11.752035140991211,86158200
2009-03-02,11.483451696082566,11.554883968342281,10.857705383476656,10.891992568969727,93377800
2009-03-03,11.091997952281124,11.286293728990415,10.829127836715298,10.946276664733887,90922200
2009-03-04,11.326299369627804,11.706319529381195,11.214865214503073,11.46916389465332,92007600
2009-03-05,11.217726321172455,11.369163516870875,10.857708059828216,10.963427543640137,90310000
2009-03-06,11.134860649151255,11.409160256389578,10.686266159198036,11.083429336547852,95548400
2009-03-09,10.957709267321663,11.466307747012038,10.88342018959784,11.103431701660156,84001400
2009-03-10,11.394876048651101,11.809183433847103,11.32915849085683,11.666318893432617,83388200
2009-03-11,11.737756044809993,11.894906886623444,11.40630912684435,11.617749214172363,76690000
2009-03-12,11.729177745280184,12.017764707500262,11.523453562377906,11.966333389282227,63845200
2009-03-13,12.049194571784772,12.097769081328082,11.703462652563845,11.857756614685059,59145800
2009-03-16,11.852039813795676,12.294919584088076,11.803466402781998,12.009190559387207,56123000
2009-03-17,11.989188054519369,12.81494465404139,11.86632450269053,12.42349624633789,55410200
2009-03-18,12.254918563950984,12.69494155478256,11.972047419823404,12.549219131469727,84792400
2009-03-19,12.972100475195052,13.149252196970618,12.809234989213174,12.852093696594238,79527000
2009-03-20,12.946861378670206,12.987068845778785,12.309282698601871,12.34949016571045,75273200
2009-03-23,12.645310013639428,13.377664772194773,12.61659069178592,13.36617660522461,93572200
2009-03-24,13.168009570756581,13.30299279384173,12.943995792506252,13.113442420959473,59595400
2009-03-25,13.076109331159163,13.30012425475044,12.699881091339561,13.050261497497559,66918400
2009-03-26,13.259917668723952,13.39777353283641,13.00718447418651,13.162271499633789,68444800
2009-03-27,12.880810349403749,12.932505998738984,12.697004083132583,12.771676063537598,57336600
2009-03-30,12.450015393611336,12.461503560430332,12.08814690338803,12.29780101776123,54638200
2009-03-31,12.490227539423342,12.513202784041496,12.188669100072039,12.194413185119629,78684000
2009-04-01,11.91870076128547,12.541919046302255,11.910085183607318,12.452888488769531,66401200
2009-04-02,12.918147360160846,13.179497121081921,12.869324296138114,12.964098930358887,70610200
2009-04-03,12.915277730547526,13.308738175634181,12.87507023776711,13.216835021972656,55045400
2009-04-06,13.04451793437513,13.061750189362689,12.7573202580156,12.949743270874023,52423400
2009-04-07,12.674031010667699,12.708494417582353,12.493096207114855,12.562024116516113,44630200
2009-04-08,12.58787530567924,12.852096655173492,12.335141031174818,12.722857475280762,47116600
2009-04-09,13.073236192806968,13.159395262321773,12.932508872660913,13.096211433410645,40653400
2009-04-13,12.829116861837605,13.073235490516241,12.642439070512477,12.952611923217773,35503600
2009-04-14,12.869325924246425,13.130675718231064,12.745830858296015,12.9181489944458,42165000
2009-04-15,12.863580583021175,12.995691214195078,12.72572586846077,12.935379981994629,42437000
2009-04-16,13.058872246599593,13.101951219439195,12.73433872579733,12.995688438415527,35525800
2009-04-17,13.02728383245471,13.213961622579712,12.943996262185493,13.147906303405762,44136600
2009-04-20,12.820505051395239,12.849225478511647,12.438532683111337,12.510332107543945,36891800
2009-04-21,12.369600275995737,12.788908499961588,12.317904621471522,12.757316589355469,16007400
2009-04-22,12.619465704653402,12.900919300473726,12.559154454600234,12.62233829498291,42870200
2009-04-23,12.8090116114259,12.877939512578783,12.605101592855183,12.85783576965332,38427600
2009-04-24,13.073236963807611,13.33745827197853,13.050260626276884,13.231195449829102,47660400
2009-04-27,12.946872224357628,13.113446312715086,12.840608291613975,12.981335639953613,36723800
2009-04-28,12.794658205686686,13.170887613257483,12.780298538802503,13.010056495666504,31412400
2009-04-29,13.13929025671397,13.713685459193268,13.110570934818766,13.369048118591309,42310600
2009-04-30,13.524135568862892,13.529879652561315,12.964100007344001,13.147906303405762,59166600
2009-05-01,13.199599479574744,13.679219970290214,13.136416761914425,13.572956085205078,43703400
2009-05-04,13.725178429279564,14.132998639881242,13.673482755319876,14.115767478942871,56332400
2009-05-05,14.061191551032705,14.110015703417378,13.705067208480083,13.926209449768066,35813400
2009-05-06,14.178950665858826,14.549435975477946,14.127254990303957,14.466148376464844,43682200
2009-05-07,14.79642017167179,14.822267998949988,14.087041764037123,14.279464721679688,46984200
2009-05-08,14.49773486848906,15.034794079358102,14.491990784960224,14.888323783874512,56479600
2009-05-11,14.647081821008722,14.672929656280449,14.305316972924516,14.434555053710938,36681600
2009-05-12,14.624097216048174,14.649945036712614,14.219148756019687,14.526451110839844,46931000
2009-05-13,14.325421838608833,14.391477179319892,13.940576869912704,14.046839714050293,60138400
2009-05-14,13.937700860701952,14.219154411225052,13.811334295846285,14.087043762207031,35979000
2009-05-15,14.018119605006861,14.147357688695973,13.667738073581026,13.785489082336426,60101200
2009-05-18,13.998009642164464,14.279463121219257,13.9865214767569,14.26223087310791,33953800
2009-05-19,14.28807856590474,14.477628911096888,14.196175434634108,14.331158638000488,32915400
2009-05-20,14.535072798533983,14.793550018308279,14.339778314843862,14.379985809326172,44500400
2009-05-21,14.16458827715862,14.176076446312313,13.796975628817332,13.954934120178223,51213600
2009-05-22,14.043959926787709,14.20478984553173,13.929080474337706,13.960672378540039,27292000
2009-05-26,13.8687669088192,14.296690550887586,13.684960692448499,14.25648307800293,53813800
2009-05-27,14.316804364249801,14.5034833004047,14.081302346819703,14.10140609741211,41742600
2009-05-28,14.227770479122256,14.707389982739608,14.089915751814779,14.569535255432129,51813800
2009-05-29,14.802164452215917,14.902683173208107,14.638461909130415,14.842371940612793,44477400
2009-06-01,15.129577391009478,15.494318660960936,15.097985463565836,15.388055801391602,59445800
2009-06-02,15.310507310329498,15.454106137153017,15.230091222319297,15.3478422164917,40510200
2009-06-03,15.155416702637929,15.155416702637929,14.537941456222455,14.75621223449707,56498000
2009-06-04,14.931406514892974,15.126699911704701,14.796423266917413,15.089365005493164,62122000
2009-06-05,15.25019593888488,16.574177381568038,14.779191932284403,14.96587085723877,46431000
2009-06-08,14.83088429368159,15.049155089161971,14.644206505927295,14.931404113769531,36661600
2009-06-09,15.100847652426454,15.209981932235781,14.917040300784615,15.077871322631836,29609000
2009-06-10,15.336355186486195,15.379434177312193,14.965869949293234,15.212860107421875,50113800
2009-06-11,15.261679668661047,15.744171704704241,15.23583184188831,15.517285346984863,49884800
2009-06-12,15.344972333423215,15.367947578430174,15.164037485864943,15.367947578430176,39909000
2009-06-15,15.103716085492623,15.112331659634032,14.764822958691736,14.96011734008789,38825600
2009-06-16,15.092238641546658,15.152549894513005,14.59825935151511,14.641338348388672,46876600
2009-06-17,14.532201713792784,14.560922138234943,14.207669134387661,14.402963638305664,72678600
2009-06-18,14.379987266624923,14.549433935952496,14.265107760257285,14.348395347595215,46122600
2009-06-19,14.502542358201959,14.537181879190344,14.092637138685737,14.205216407775879,49653600
2009-06-22,13.98582917475733,13.98582917475733,13.46911820193988,13.495098114013672,64228800
2009-06-23,13.57015143684174,13.700051005397683,13.368086664832964,13.57592487335205,50627800
2009-06-24,13.67407171468163,13.867477992492223,13.541285972405982,13.630772590637207,36044600
2009-06-25,13.590358784109641,13.980056381980258,13.567265038461107,13.916549682617188,53431000
2009-06-26,13.87325044684321,13.925210272953404,13.763557358258316,13.824176788330078,24620000
2009-06-29,13.913660959652416,14.086859615525645,13.876134180450812,13.954073905944824,27624400
2009-06-30,13.954071614199243,14.11861064060682,13.645200031211688,13.87035846710205,45739400
2009-07-01,14.023356764885822,14.179235145114772,13.858816578183996,13.88191032409668,40023400
2009-07-02,13.645205725399022,13.645205725399022,13.316127535258504,13.324787139892578,47966800
2009-07-06,13.024573586468309,13.191999931940133,12.860034509667573,13.189112663269043,63343800
2009-07-07,13.16601582497149,13.177562693636228,12.816731306638193,12.851370811462402,43153800
2009-07-08,12.813851297289887,12.998596895894778,12.603125780058019,12.854264259338379,68756200
2009-07-09,12.987051963806152,13.1746837427912,12.874471575010283,12.987051963806152,49091200
2009-07-10,12.782095991664534,12.926428606208786,12.695496643172072,12.894675254821777,50377600
2009-07-13,12.891786696283752,13.108285577950745,12.643534469118359,13.090965270996094,44888200
2009-07-14,13.238187521816945,13.324786869914492,13.096741075693604,13.267053604125977,54760600
2009-07-15,13.518193300908885,13.789538221720193,13.512419864146457,13.737578392028809,59843600
2009-07-16,13.659639480415535,13.988717687746856,13.590360437382905,13.905004501342773,32160800
2009-07-17,13.896341796103329,14.063768131560135,13.772215678759915,13.985828399658203,37788600
2009-07-20,14.170574009310153,14.27737981968582,13.985828466659173,14.225419998168945,39242000
2009-07-21,14.384192784242915,14.439038796181453,14.118620129048802,14.349552154541016,36666800
2009-07-22,14.135933439476803,14.395731426485359,14.101292826939494,14.219645500183105,43119200
2009-07-23,14.20233021263257,14.678627204114354,14.164803422617592,14.623781204223633,43464400
2009-07-24,14.563159908950595,14.799865290524906,14.505426647334097,14.776771545410156,30936600
2009-07-27,14.8114107722789,14.915329312026115,14.658417478185815,14.825843811035156,26397200
2009-07-28,14.65841798981432,14.719038516578895,14.320680246214568,14.609345436096191,38322000
2009-07-29,14.372639921439575,14.384186793197578,14.098407773623656,14.2716064453125,44510600
2009-07-30,14.407285098251725,14.623784073541726,14.28893236914002,14.470791816711426,41371800
2009-07-31,14.398620575553956,14.678625072532162,14.297587094211623,14.612232208251953,35830400
2009-08-03,14.863371355428288,15.091416022287557,14.84027761129704,14.987496376037598,41977800
2009-08-04,14.91244177795794,15.039454049010198,14.80563597954649,14.961515426635742,28837000
2009-08-05,14.955737717311228,14.955737717311228,14.721918613499211,14.811405181884766,32381600
2009-08-06,14.866257182635023,14.866257182635023,14.574705827257503,14.690171241760254,33406200
2009-08-07,14.863370536403206,14.90089621679319,14.59491183210729,14.6728515625,37257400
2009-08-10,14.632442779346587,14.825849091307564,14.59780325376054,14.73636245727539,28121400
2009-08-11,14.684394994689063,14.719035603461586,14.462122710330785,14.522743225097656,41350400
2009-08-12,14.490999034789754,14.811417710661477,14.482338326542688,14.678630828857422,31199200
2009-08-13,14.796975875850439,14.87491560255385,14.597797308388532,14.857596397399902,33626200
2009-08-14,14.85471110658638,14.872031415216261,14.476560394782048,14.638212203979492,33078000
2009-08-17,14.286041556957208,14.317793804695222,14.069542652040424,14.164801597595215,37469800
2009-08-18,14.199440794318381,14.369753306398055,14.141708635243521,14.30624771118164,25840200
2009-08-19,14.16191431915207,14.684397597284102,14.115727933772934,14.571818351745605,41163600
2009-08-20,14.574706880580653,14.736358692801241,14.566046175518562,14.695945739746094,20052600
2009-08-21,14.872034082145559,15.169358942668985,14.866260644900276,15.111625671386719,43980200
2009-08-24,15.253069091721535,15.417608166329925,15.247295655626637,15.305028915405273,38163200
2009-08-25,15.354101672889408,15.432041409442595,15.019250083162948,15.071209907531738,42513200
2009-08-26,14.95574779924537,15.178020185780252,14.889354920332964,15.140493392944336,32536200
2009-08-27,15.053897789439825,15.198230458173972,14.756571743051289,15.094310760498047,36828200
2009-08-28,15.203992028575106,15.22708576777983,14.964400540761616,15.062546730041504,21096600
2009-08-31,14.82295686902737,14.872030523283719,14.675738108598917,14.770997047424316,26625400
2009-09-01,14.727697532486395,14.921102673431367,14.479445302902494,14.514084815979004,40933200
2009-09-02,14.433257013910614,14.603569490721563,14.40727710723877,14.40727710723877,28713200
2009-09-03,14.522751139152748,14.577597147841992,14.415944188989027,14.508316993713379,18870200
2009-09-04,14.479450456886712,14.75368269418398,14.465017413064889,14.710382461547852,23645600
2009-09-08,15.010588990416629,15.72936575543418,14.958629171202338,15.114508628845215,38221600
2009-09-09,15.154925239056425,15.302144028292235,15.048119407604151,15.149151802062988,26240800
2009-09-10,15.221316672397862,15.440702852706792,15.111623582243396,15.411835670471191,34983000
2009-09-11,15.501329850440557,15.68030206298286,15.34545029378874,15.47246265411377,42355800
2009-09-14,15.296371640359817,15.596582654802154,15.24441180876642,15.587923049926758,31227000
2009-09-15,15.662980749258887,15.787106932644168,15.527308789247972,15.743807792663574,36972000
2009-09-16,15.862154232170834,16.142158749827686,15.83906048575725,16.133499145507812,45770000
2009-09-17,16.116175862051065,16.246074298687393,15.94008994426562,16.05555534362793,34738800
2009-09-18,16.155883443908372,16.167480509323813,15.860136707595665,15.999311447143555,36729600
2009-09-21,15.735450123900142,15.91811734891788,15.651365087900974,15.86302661895752,31133000
2009-09-22,16.118185787736394,16.170376439880823,15.996407230711984,16.11238670349121,27074000
2009-09-23,16.123984047411863,16.15877744504143,15.767348680037838,15.776046752929688,67976400
2009-09-24,15.805045555369006,15.816643726560223,15.428113840154287,15.54989242553711,45889600
2009-09-25,15.494800863288594,15.72385975517625,15.402017710686934,15.529595375061035,40207200
2009-09-28,15.538289080436266,15.831135616096903,15.509294768175176,15.778944969177246,28126000
2009-09-29,15.767346101774216,15.84563206318611,15.607875190481238,15.735451698303223,35139000
2009-09-30,15.82243949274303,15.82533958796366,15.428110603468323,15.633973121643066,50769600
2009-10-01,15.628175951426668,15.63397393004323,15.146862983703613,15.146862983703613,47306800
2009-10-02,14.946800140057025,15.17585903374485,14.885911403070368,15.068578720092773,37126800
2009-10-05,15.08887379796883,15.465805467460973,15.033783044524407,15.402016639709473,33735400
2009-10-06,15.62527539158512,15.880429579559204,15.60787924412793,15.767350196838379,43871200
2009-10-07,15.720958704058278,15.88912773132324,15.642672721929625,15.889127731323242,41166000
2009-10-08,15.973211683120883,16.34434421895706,15.938418284401791,16.29795265197754,73616400
2009-10-09,16.23416243924618,16.35593986904516,16.16167555787192,16.2834529876709,26629200
2009-10-12,16.41103346254113,16.628494159161704,16.4081344732536,16.503816604614258,27144000
2009-10-13,16.550210299118056,16.56180736304339,16.248664515812063,16.5299129486084,41277000
2009-10-14,16.74157118105148,16.81405806490316,16.637189891335126,16.80535888671875,45796000
2009-10-15,16.70387725145742,17.159094781562032,16.67488183504379,17.15619468688965,46201200
2009-10-16,17.077912395282752,17.17939360283241,16.947435766960194,17.104007720947266,44899800
2009-10-19,17.13299857574996,17.39395177969712,17.06341068601005,17.32726287841797,43175800
2009-10-20,17.382356816254067,17.393954984357894,16.961932624018935,17.217086791992188,36996600
2009-10-21,17.08081210942655,17.559226064897693,17.057616877885774,17.170696258544922,52015600
2009-10-22,17.048918416397143,17.30117251511331,16.869151216650405,17.237384796142578,36697200
2009-10-23,17.333064353599443,17.350461604950972,16.758968331744633,16.903942108154297,42302400
2009-10-26,16.91554268692291,17.298273422715237,16.585002606562476,16.625595092773438,53872800
2009-10-27,16.666189611704272,16.935840995636752,16.599501789643675,16.773469924926758,50598400
2009-10-28,16.68648910817063,16.68648910817063,16.1819807539232,16.21967315673828,47924600
2009-10-29,16.329843799198343,16.686479106489557,16.266054992572247,16.65168571472168,43452600
2009-10-30,16.605299948254938,16.66908877712795,15.912325329361277,16.01960563659668,59776600
2009-11-02,16.132690016225176,16.39364339132236,15.86303856397899,16.121091842651367,58815200
2009-11-03,15.91812602873489,16.43423247886833,15.857236183152448,16.329851150512695,40061600
2009-11-04,16.52700923601451,16.619792357275593,16.277654182852082,16.31534767150879,52054000
2009-11-05,16.40233692952287,16.642993987301246,16.32695103427974,16.59370231628418,37093800
2009-11-06,16.42843426851722,16.718381926702175,16.379143697535795,16.550212860107422,43677600
2009-11-09,16.779265037426285,16.889445420251512,16.73287347193074,16.866249084472656,33857400
2009-11-10,16.816960848138088,16.956135563808992,16.692283291296214,16.877849578857422,35903800
2009-11-11,17.031523311360694,17.095311034237135,16.785067176136803,16.872051239013672,36047200
2009-11-12,16.787966037756654,16.892346241899556,16.434229621186244,16.500917434692383,50834400
2009-11-13,16.53860548239137,16.738668856994604,16.37913458036892,16.60529327392578,38712800
2009-11-16,16.805366073025663,17.144605409669257,16.767673673669467,17.040224075317383,41948200
2009-11-17,16.999625777545624,17.060514499780425,16.872048143077862,17.01122283935547,33699200
2009-11-18,17.09241394256922,17.10111201800396,16.828561629111388,16.94454002380371,34286600
2009-11-19,16.816964779053713,16.834362037352506,16.460329279397843,16.56471061706543,44870400
2009-11-20,16.471923466654903,16.50091778407591,16.277658000534775,16.411033630371094,33801600
2009-11-23,16.72127704197125,16.880749101870226,16.573404257229438,16.622695922851562,35071200
2009-11-24,16.64588737104739,16.724173335548535,16.405231500376782,16.718374252319336,31882400
2009-11-25,16.750273739604783,16.912644801104726,16.59080277363044,16.84885597229004,29218200
2009-11-27,16.358844783919967,16.561808346507515,16.266061630633505,16.532814025878906,25622400
2009-11-30,16.440027691463914,16.62269497305302,16.341445471914803,16.474821090698242,38884600
2009-12-01,16.695185633513216,16.828561282389547,16.657492130635134,16.692285537719727,31061400
2009-12-02,16.69228455225591,16.77346953268119,16.51831642104105,16.59370231628418,31288600
2009-12-03,16.58789837903707,16.634289940862036,16.31244799679918,16.326946258544922,39432200
2009-12-04,16.532813692303982,16.709681920332223,16.10369134049669,16.208072662353516,60389000
2009-12-07,16.077607862946568,16.367555701390824,16.077607862946568,16.170391082763672,27159400
2009-12-08,16.08629335791816,16.094991432325706,15.79924584184554,15.894927978515625,40475400
2009-12-09,15.950017626534017,16.039901784307315,15.706461588561488,15.894927978515625,50632600
2009-12-10,16.025402796362172,16.161678512196573,15.947116817439998,16.092090606689453,30380000
2009-12-11,16.176173187341327,16.21676566513146,15.996404919896344,16.100786209106445,31250600
2009-12-14,16.35014111030888,16.382035515716485,16.248659916795635,16.266056060791016,31263000
2009-12-15,16.25735812481328,16.419729141855033,16.219664635737825,16.318246841430664,26852400
2009-12-16,16.425526589804104,16.599494650264187,16.379135033277283,16.422626495361328,37594200
2009-12-17,16.324045464270558,16.440024916894185,16.239960416421532,16.2834529876709,30876400
2009-12-18,16.456617139045875,16.51783723622939,16.290447668358226,16.369159698486328,41544400
2009-12-21,16.485771601217056,16.637365038792243,16.477026189537554,16.564483642578125,32098200
2009-12-22,16.599466822286985,16.718992270625645,16.544077360109224,16.64319610595703,20155200
2009-12-23,16.69859006246822,16.821031422449636,16.66069252597494,16.77438735961914,26062400
2009-12-24,16.832696924610115,16.891001183663562,16.791882386357265,16.853103637695312,5590600
2009-12-28,16.981370513160773,16.984285280585063,16.812285088414825,16.882251739501953,11669200
2009-12-29,16.95221580727481,16.955130574254927,16.72774093901705,16.771469116210938,17026800
2009-12-30,16.710247536455803,16.774383525217917,16.651942193224965,16.753976821899414,14507200
2009-12-31,16.788968053083465,16.829781480310956,16.602391750282088,16.619882583618164,11897800
2010-01-04,16.885160299373158,17.14461898803711,16.847262776378802,17.14461898803711,33856800
2010-01-05,17.16794473453215,17.319538200542397,17.08923267840671,17.284555435180664,34736200
2010-01-06,17.293301470481673,17.544013707435806,17.25540282459551,17.491539001464844,48703800
2010-01-07,17.4157369815404,17.49444790201964,17.287465026812136,17.465295791625977,34899000
2010-01-08,17.404089264790215,17.59358035428342,17.342869117973144,17.579004287719727,26688600
2010-01-11,17.692689887603738,17.745164589386768,17.412825552815576,17.555673599243164,38919800
2010-01-12,17.28746976295341,17.406995227643847,17.21167358791544,17.302045822143555,43021200
2010-01-13,17.293302816440587,17.43323500589355,17.060082500685656,17.36618423461914,44275000
2010-01-14,17.363270069618423,17.45947296666909,17.29621929601772,17.41574478149414,31090800
2010-01-15,17.395333798097198,17.433232441357934,17.156282870603977,17.275808334350586,38110400
2010-01-19,17.22916508821594,17.462386492711364,17.19709820157579,17.4332332611084,29226200
2010-01-20,17.24665972112569,17.24665972112569,17.03093022189485,17.16211700439453,31283400
2010-01-21,17.176687651367832,17.229162347824712,16.771467249236743,16.812280654907227,50413200
2010-01-22,16.73065823137059,16.82686223746609,16.366251139340104,16.41289520263672,46057200
2010-01-25,16.523669738999864,16.681093816961923,16.468280279901432,16.520753860473633,31802400
2010-01-26,16.38374924664056,16.704427163491616,16.302121271086616,16.415817260742188,43030600
2010-01-27,16.369157427343836,16.51492017874643,16.08637733375671,16.351665496826172,53233400
2010-01-28,16.471201750609254,16.506184522590342,15.975607847201015,16.179676055908203,68861400
2010-01-29,16.299196504678584,16.45953536475261,15.806518633375715,15.888145446777344,65605400
2010-02-01,16.077641345217984,16.415811082138987,16.06598005137328,16.41289520263672,43626600
2010-02-02,16.47411460593024,16.65777608365557,16.340013068833965,16.628623962402344,44501600
2010-02-03,16.58198090897576,16.718997221692145,16.447878251646785,16.485776901245117,39498600
2010-02-04,16.35458553811372,16.36041618350043,15.800687571359324,15.809432983398438,74346400
2010-02-05,15.806519627225324,15.882315799852318,15.354654022129875,15.812350273132324,92756800
2010-02-08,15.815267336872186,16.001843584664353,15.663673857520509,15.666589736938477,48230200
2010-02-09,15.882319751760203,16.19716803658809,15.832760917342263,15.996014595031738,67116200
2010-02-10,16.001838378058768,16.028075723872686,15.678244817047688,15.928956985473633,48364600
2010-02-11,15.89689391763948,16.235063639473207,15.82692838185713,16.20008087158203,45889000
2010-02-12,16.004763096757795,16.214660867124376,15.899813655533299,16.205915451049805,39667800
2010-02-16,16.41289067845151,16.646110930647822,16.395399854587964,16.587806701660156,39669800
2010-02-17,16.63445027225969,16.66943303105955,16.45370360894975,16.564483642578125,36275600
2010-02-18,16.546995817757782,16.698589292991965,16.46536898958635,16.65777587890625,33145400
2010-02-19,16.596548686453463,16.780210083668344,16.517836659075655,16.721904754638672,32996600
2010-02-22,16.76272663799676,16.76564140548719,16.456624895719347,16.491607666015625,34699400
2010-02-23,16.41289482897569,16.453708244420785,16.141775869710813,16.217573165893555,42202400
2010-02-24,16.211740700355854,16.38082498995676,16.16218076424525,16.319604873657227,35260600
2010-02-25,16.086384372222657,16.337096592265244,15.952282849156816,16.328350067138672,41896200
2010-02-26,16.366252899169922,16.424558262580696,16.223405926499954,16.366252899169922,34493600
2010-03-01,16.442050864143308,16.55866048355567,16.427473688644703,16.517847061157227,27932000
2010-03-02,16.625706312615733,16.78021565263469,16.59072354842062,16.65485954284668,33492600
2010-03-03,16.718992809841218,16.87350213493185,16.718992809841218,16.727739334106445,33534600
2010-03-04,16.75398224374043,16.806456958421602,16.570320742356337,16.640287399291992,32662000
2010-03-05,16.803536506202214,16.99011272448434,16.786045680789506,16.95221519470215,30670400
2010-03-08,16.998862942211236,17.057167189029293,16.853100101001655,16.925981521606445,25224000
2010-03-09,16.835608159706904,17.019269651014,16.812285571313904,16.925981521606445,33407600
2010-03-10,16.94347445905449,17.097983846177787,16.864762381557494,17.074661254882812,34744400
2010-03-11,17.010527354438377,17.077579256701355,16.958052629587137,17.04551124572754,26066600
2010-03-12,17.156284250979937,17.156284250979937,16.981369303841877,17.054250717163086,27319600
2010-03-15,16.99011626845217,17.013438856643283,16.701506468121515,16.879337310791016,36747200
2010-03-16,16.963882592655878,17.048425325064716,16.829781017713728,17.030933380126953,38322600
2010-03-17,17.115473653353963,17.322456634340092,17.09215217553694,17.21750831604004,43343600
2010-03-18,17.217510985839493,17.243748347503523,16.867679867679893,16.960968017578125,39453800
2010-03-19,16.757057189941406,17.040827550905696,16.60493293024797,16.757057189941406,44824800
2010-03-22,16.546429139395165,16.789242134975854,16.479143583608316,16.713180541992188,39713000
2010-03-23,16.75120717031962,16.80386561410421,16.642965309640626,16.777536392211914,34841400
2010-03-24,16.666372655640078,16.827272990004783,16.62834130228893,16.680999755859375,41494000
2010-03-25,16.800936569194455,16.841892878661813,16.37381917621237,16.400148391723633,44246000
2010-03-26,16.455734395181402,16.51131780738713,16.300685165992427,16.406002044677734,42987800
2010-03-29,16.511319558277382,16.75705859594307,16.49961854960837,16.724878311157227,38952000
2010-03-30,16.762901841478207,16.78337999206975,16.648808969332325,16.75119972229004,26115600
2010-03-31,16.78338809765149,16.903332087318727,16.713177580565134,16.8272705078125,30335400
2010-04-01,16.99401956808209,17.163695891262265,16.979392472011096,17.12566566467285,35980200
2010-04-05,17.2309847253307,17.46209555087928,17.172475217656917,17.429916381835938,34911400
2010-04-06,17.406512132376008,17.48842477353368,17.336300499972264,17.429916381835938,27071600
2010-04-07,17.388957763003607,17.40065988693794,17.157846953168278,17.257312774658203,39071600
2010-04-08,17.12858907986546,17.37432806582936,17.046676456536094,17.318744659423828,38919400
2010-04-09,17.43284203003876,17.532307862142744,17.406512806364876,17.503053665161133,34977200
2010-04-12,17.488423723861807,17.663952236347765,17.482572661848014,17.544008255004883,30055600
2010-04-13,17.520601988914567,17.564484390975647,17.298267237878857,17.48257064819336,27711000
2010-04-14,17.570338655936542,17.663953422491613,17.415288292099167,17.64932632446289,29171200
2010-04-15,17.628845358773457,17.71075910864182,17.57326194520016,17.646398544311523,27894400
2010-04-16,17.54692926504165,17.62591691042454,17.233904771844117,17.347997665405273,73328400
2010-04-19,17.19002886055356,17.37725952542439,17.137371526406053,17.371408462524414,42298200
2010-04-20,17.503048661154892,17.7751157400347,17.488420450870112,17.710756301879883,39333200
2010-04-21,17.716607215893074,17.82484905205316,17.564482981194054,17.69320297241211,37143200
2010-04-22,17.5440066844888,17.74001222251293,17.412360590903106,17.73708724975586,21374000
2010-04-23,17.742941010900484,18.164207458496094,17.719536761379377,18.164207458496094,52021800
2010-04-26,18.196388436076774,18.22564263311541,18.073518353367117,18.102773666381836,34525600
2010-04-27,17.976971859795036,18.111542901201492,17.503047126681697,17.54692840576172,82804800
2010-04-28,17.666878066242383,17.772194955646825,17.485499598921415,17.725387573242188,46190000
2010-04-29,17.81607458144106,17.95942167942028,17.625918992394187,17.74586296081543,57721400
2010-04-30,17.786822980835947,17.79560013272799,17.415288875387247,17.526456832885742,45833000
2010-05-03,17.602517496944998,17.8658097204561,17.403586958707304,17.725387573242188,33379800
2010-05-04,17.491358649675657,17.50598575411193,17.07009089966122,17.2514705657959,61168800
2010-05-05,16.935510599803766,17.21635487070206,16.8272687463072,16.979393005371094,70413000
2010-05-06,16.82726578470572,17.020346326463084,15.29724854460291,16.400148391723633,94401400
2010-05-07,16.35334293689297,16.56690165839746,15.882343090900173,16.087125778198242,98981800
2010-05-10,16.713174143250892,16.83896916946637,16.534720682062616,16.774608612060547,59433800
2010-05-11,16.599083162806995,16.917958782212292,16.58445495008283,16.663442611694336,45673200
2010-05-12,16.69855613209049,16.950145205408255,16.69855613209049,16.894561767578125,37616200
2010-05-13,16.868226651686264,16.99987276481117,16.707326342745173,16.786314010620117,42234600
2010-05-14,16.63126072884433,16.68099419217358,16.195367261423176,16.452808380126953,56791400
2010-05-17,16.505469259104743,16.55227775984915,15.932078516698741,16.28313446044922,63878600
2010-05-18,16.52009325773473,16.63418615924311,16.06372053572541,16.15733528137207,61329800
2010-05-19,16.063726573222315,16.18367058091113,15.698043486856866,15.973036766052246,60211200
2010-05-20,15.563462809871412,15.613195143371108,15.212407039608419,15.259214401245117,89767600
2010-05-21,14.957895903302772,15.56054069889849,14.922789536121337,15.525435447692871,80312000
2010-05-24,15.49325595359418,15.534212268070517,15.148051137328089,15.171455383300781,54698400
2010-05-25,14.764821164312036,15.212416920435526,14.67120638023361,15.206565856933594,86228000
2010-05-26,15.385018886096269,15.528367147278193,15.124652706620576,15.174385070800781,59695200
2010-05-27,15.557617512038393,15.838461785871145,15.502034098251475,15.817983627319336,60610400
2010-05-28,15.77995850306436,15.800436669687938,15.40257434958957,15.51959228515625,52657400
2010-06-01,15.262145543384317,15.370388517660448,14.756040392333803,14.782369613647461,72695200
2010-06-02,14.884757946064298,15.446446377701282,14.858428731082833,15.423043251037598,55296400
2010-06-03,15.583945189139893,15.66293284257849,15.25044250749415,15.630752563476562,67379800
2010-06-04,15.297246667792171,15.633674251409179,14.97252008831901,15.080761909484863,59718800
2010-06-07,15.142199167991942,15.317727654335787,14.919864424460705,14.949118614196777,48249600
2010-06-08,14.972528278568733,15.244596582306391,14.829180018630401,15.197789192199707,70188800
2010-06-09,15.349908788980827,15.58687064059987,14.960821571124777,15.039809226989746,61359800
2010-06-10,15.44059474200173,15.826755803364646,15.405489495325739,15.794576644897461,51986800
2010-06-11,15.572244344392837,15.899895991636038,15.572244344392837,15.891119956970215,30326200
2010-06-14,16.087125281958688,16.204143159679457,15.800428858999597,15.809206008911133,47629000
2010-06-15,15.973033497900346,16.29483521764564,15.93207717916345,16.27143096923828,34142400
2010-06-16,16.157329894832504,16.37088853189114,16.090044388579134,16.259721755981445,28992600
2010-06-17,16.30946542363786,16.30946542363786,16.066651322020952,16.24217987060547,34826000
2010-06-18,16.23982501365904,16.36913306416681,16.122273565364427,16.342683792114258,27196400
2010-06-21,16.613057378477748,16.66301762559779,16.183992296457046,16.307422637939453,33251400
2010-06-22,16.29566756769864,16.30448362050536,15.77843746245363,15.83133602142334,43145200
2010-06-23,15.810759569876245,15.825453360341896,15.619738051694078,15.710840225219727,35639200
2010-06-24,15.616800743649394,15.71378179182051,15.311164927737675,15.381696701049805,33908000
2010-06-25,15.405204782930129,15.563900413934494,15.214183260630245,15.425777435302734,40874800
2010-06-28,15.496306654034914,15.496306654034914,15.199488071702051,15.217120170593262,31908800
2010-06-29,15.002592701416855,15.00553213292033,14.605854649360829,14.714590072631836,44985200
2010-06-30,14.691074098074205,14.914422593396734,14.567643810899618,14.599970817565918,33385600
2010-07-01,14.649928129074544,14.73221535081033,14.27082350736255,14.547070503234863,51605200
2010-07-02,14.638177966187891,14.702830869067357,14.388379041627692,14.511809349060059,22839200
2010-07-06,14.764544992713583,14.917361743830543,14.491236256840462,14.652870178222656,34598000
2010-07-07,14.729280704332037,15.178918337324069,14.694015381314914,15.170101165771484,37817400
2010-07-08,15.346429432913906,15.428715557144749,15.108385989306218,15.38463306427002,29743000
2010-07-09,15.369934331471741,15.487486860629154,15.305281449392766,15.46397590637207,18225800
2010-07-12,15.405205941829879,15.537452310948787,15.278838434743435,15.422839164733887,16413800
2010-07-13,15.628554166447975,15.725534080774159,15.552144662007363,15.607982635498047,28330200
2010-07-14,15.537457308445953,15.675581462959379,15.428721868225184,15.59035587310791,23880200
2010-07-15,15.5697763288269,15.634430345965685,15.308223071949811,15.572715759277344,29824600
2010-07-16,15.4375280074017,15.49630427717379,15.090749248916879,15.202424049377441,36261600
2010-07-19,15.264146275186466,15.387576615650358,15.13777762424078,15.299412727355957,25082600
2010-07-20,15.081936062240244,15.669696629345674,15.078997752673015,15.649125099182129,33496400
2010-07-21,15.749046613789005,15.749046613789005,15.278838543642031,15.393451690673828,45027600
2010-07-22,15.607978758391983,15.87540971537412,15.563896276698545,15.734347343444824,45984400
2010-07-23,15.699079279288858,15.807815757223121,15.516873874602197,15.804876327514648,36051600
2010-07-26,15.813702422953899,15.96945865351385,15.766681610649126,15.943009376525879,23881600
2010-07-27,16.013534431460794,16.039983697342766,15.72847024596221,15.866594314575195,32817800
2010-07-28,15.828397710842667,15.945949192169477,15.781376894099003,15.83133602142334,21551400
2010-07-29,15.937129268698776,16.08113111560129,15.699085811148892,15.854843139648438,29114600
2010-07-30,15.6932113961535,15.90480448930456,15.643251152879433,15.822518348693848,23632200
2010-08-02,16.119338519048146,16.4249743856638,16.09582867142024,16.375015258789062,55158000
2010-08-03,16.30742030158704,16.474932003048785,16.23395021775068,16.3691349029541,28509000
2010-08-04,16.4132190166833,16.53664936105764,16.333872299449787,16.495506286621094,26215400
2010-08-05,16.386767698132246,16.548402786254883,16.310359300981638,16.548402786254883,17817400
2010-08-06,16.34268350731936,16.433785681973827,16.11345723423474,16.351499557495117,36234800
2010-08-09,16.427907441366088,16.477866548850947,16.319170934962113,16.419090270996094,13428400
2010-08-10,16.228066283125788,16.36325091673642,16.119329793380462,16.283903121948242,24521000
2010-08-11,15.984150423903216,16.007661387611908,15.746108082207199,15.799005508422852,37659400
2010-08-12,15.566838807306585,15.82839207742136,15.546267277369308,15.704961776733398,30510800
2010-08-13,15.66969938294991,15.822517291779418,15.631494625476405,15.678515434265137,18199400
2010-08-16,15.59329102837471,15.719659662512571,15.502187720651165,15.675577163696289,20571400
2010-08-17,15.83426946593996,16.01941323126415,15.757859966957422,15.937127113342285,36034800
2010-08-18,15.893048777448092,15.916558620884109,15.64031151439009,15.78431224822998,37387800
2010-08-19,15.707898327830362,15.737285902049472,15.440467366605723,15.528631210327148,32998200
2010-08-20,15.443412118149414,15.455167601166746,15.214185804634269,15.337615013122559,24849400
2010-08-23,15.367000608184298,15.493369222364098,15.331734166275282,15.343489646911621,16351600
2010-08-24,15.134837261605549,15.308226704202445,15.052551126496686,15.105449676513672,29477600
2010-08-25,15.020226860898756,15.105452442762804,14.81744867501087,15.058431625366211,38673400
2010-08-26,15.143647974278805,15.193608196599762,14.838013385450349,14.923237800598145,21953600
2010-08-27,15.011409773720354,15.34055547281917,14.79099949715992,15.311166763305664,39417400
2010-08-30,15.281772382349766,15.352304132767294,15.08487316091874,15.087811470031738,18313200
2010-08-31,15.020228307017888,15.164229083693261,14.932064406044114,15.046677589416504,35157400
2010-09-01,15.296469119440854,15.646187387718353,15.272959278811374,15.607982635498047,38265800
2010-09-02,15.628558769881112,15.766682907856339,15.540394879689034,15.73729419708252,19697400
2010-09-03,15.87835206825493,15.998842945031237,15.79606594393873,15.928312301635742,26494200
2010-09-07,15.8078268459781,15.825458952341528,15.64031510913705,15.690274238586426,22814000
2010-09-08,15.7078947377712,15.90479390637869,15.699077570669365,15.825446128845215,18584400
2010-09-09,16.019420175024628,16.04880888778143,15.79900987414002,15.857786178588867,15673400
2010-09-10,15.951828057409154,16.054686872009192,15.92244046527473,16.02235984802246,15190600
2010-09-13,16.163416400172302,16.183987931360097,16.037047782267624,16.151660919189453,18263200
2010-09-14,16.119333127728606,16.231007949537982,16.028230957176806,16.095823287963867,27955800
2010-09-15,15.987089156747352,16.066435853138007,15.895985857951304,16.06349754333496,28226000
2010-09-16,15.984145873722106,16.057615932800488,15.893043717945961,15.990023612976074,33517600
2010-09-17,16.036969465942263,16.063540336838635,15.85687813278001,15.910019874572754,28705800
2010-09-20,15.960215460392337,16.24068448731603,15.88935940412375,16.178686141967773,38781800
2010-09-21,16.199351121434148,16.287920340896665,16.051735380257043,16.190494537353516,33533000
2010-09-22,16.158012692018932,16.346960588004997,16.060586925871625,16.07239532470703,32318000
2010-09-23,15.930682221374894,16.107821694270353,15.88935001556473,15.972014427185059,24716800
2010-09-24,16.149154445370648,16.39714881482352,16.081251372644267,16.31743621826172,49249000
2010-09-27,16.35877604649955,16.414869621522723,16.25544548034668,16.25544548034668,21783000
2010-09-28,16.27020006069755,16.429625261773296,16.104870097409567,16.37057876586914,33159200
2010-09-29,16.344013712703976,16.621530878084602,16.311538072093967,16.544771194458008,42985800
2010-09-30,16.674665334080288,16.754377928091394,16.38533876667969,16.550668716430664,46339600
2010-10-01,16.710102883420817,16.81343458683529,16.609724125765545,16.77210235595703,40019800
2010-10-04,16.6923796173984,16.795710132094854,16.43848049418066,16.562477111816406,29505400
2010-10-05,16.74257067530612,17.01418412057551,16.710095044502555,16.952184677124023,43231600
2010-10-06,16.95218406205127,17.155894420166707,16.946280425954182,17.102752685546875,28210200
2010-10-07,17.173613657117492,17.194280895642628,16.89019172301261,17.017141342163086,27125600
2010-10-08,17.002375600356487,17.29465516864399,16.963995204755054,17.229703903198242,31677600
2010-10-11,17.241510040650446,17.365506658077187,17.211986232059694,17.27693748474121,16092000
2010-10-12,17.20313495090803,17.327131606523942,17.014187022606546,17.2503719329834,33330200
2010-10-13,17.353704138991983,17.54855684946539,17.318276680601887,17.45998764038086,29362800
2010-10-14,17.403887960607396,17.554455450568174,17.291699734503986,17.43341064453125,23005600
2010-10-15,17.530836043302706,17.55740690707013,17.288746451740867,17.48064613342285,30153600
2010-10-18,17.436366334055265,17.65778987700248,17.383224593650464,17.52788734436035,21854400
2010-10-19,17.34484391273226,17.377319545359544,17.034851182939864,17.179513931274414,38568400
2010-10-20,17.238560991881496,17.51017446119909,17.17360972452369,17.400938034057617,25257200
2010-10-21,17.45112872124711,17.5898878435097,17.203134293276975,17.39208221435547,26826000
2010-10-22,17.48064654283682,17.563312079948314,17.424552996333198,17.507217407226562,13117600
2010-10-25,17.64302589516364,17.799499284604366,17.52493402477212,17.55445671081543,22706400
2010-10-26,17.504270241429293,17.610553727234112,17.45112849852688,17.589887619018555,21375800
2010-10-27,17.430463473413845,17.533794020912428,17.253323943992488,17.516080856323242,25804800
2010-10-28,17.631221668566887,17.675505708110816,17.40979809219159,17.47770118713379,23175600
2010-10-29,17.386170326851396,17.5072151095814,17.34778994416589,17.489501953125,18718400
2010-11-01,17.66369617656744,17.76407377693262,17.439319669512926,17.510175704956055,24041200
2010-11-02,17.640077629345022,17.784741523013032,17.57807930043809,17.702075958251953,20455000
2010-11-03,17.761117917084004,17.775879259295593,17.474743148062714,17.74045181274414,45454800
2010-11-04,18.000261866193707,18.310254663438,18.000261866193707,18.304349899291992,38657000
2010-11-05,18.286629980280516,18.39586639404297,18.230536427480686,18.39586639404297,29371800
2010-11-08,18.289582590661126,18.475578658870887,18.27777306621836,18.45195960998535,23977400
2010-11-09,18.537583088451086,18.6763411046663,18.30730179071984,18.41653823852539,40127600
2010-11-10,18.47557544468288,18.66157035431695,18.28367464763664,18.652713775634766,35556600
2010-11-11,18.567099284809927,18.862330632639548,18.55528976060437,18.859378814697266,36081400
2010-11-12,18.65271943292221,18.7412886252608,18.416534544613185,18.581863403320312,35748600
2010-11-15,18.697007603501284,18.70586418629605,18.484440606678376,18.48739242553711,21502600
2010-11-16,18.301402602863202,18.307306242249474,17.99731336840157,18.141977310180664,47399600
2010-11-17,18.09768533550907,18.333870239932626,18.044543591236465,18.215778350830078,33635600
2010-11-18,18.39291779488127,18.67633969632751,18.39291779488127,18.617294311523438,32105000
2010-11-19,18.56414775929898,18.77966651146337,18.425388663243428,18.773761749267578,22721600
2010-11-22,18.67043002599905,18.72652357392528,18.348627827436648,18.71471405029297,36263000
2010-11-23,18.446052840962096,18.45490942022152,18.180345327216376,18.3486270904541,45070000
2010-11-24,18.475585284472977,18.699960698258522,18.463775755795147,18.67929458618164,45245200
2010-11-26,18.496251257777132,18.611391345975495,18.407680919576578,18.454917907714844,13178800
2010-11-29,18.363392055450905,18.620243040628747,18.195110259001456,18.57891082763672,29468800
2010-11-30,18.336821504115722,18.664528521688734,18.28072682018117,18.513959884643555,38537600
2010-12-01,18.818046037716318,19.10737261470281,18.818046037716318,19.063087463378906,39947600
2010-12-02,19.057193867029397,19.35832900028492,19.05424092140249,19.346519470214844,35355200
2010-12-03,19.23136959460581,19.46755557110755,19.222513014663363,19.432126998901367,20023400
2010-12-06,19.417366118370545,19.544315696943915,19.402605901405067,19.497079849243164,23980400
2010-12-07,19.75098398310231,19.78050667690877,19.37603878920505,19.423276901245117,45864800
2010-12-08,19.443937978145314,19.532508289071128,19.2107049283148,19.331750869750977,25520400
2010-12-09,19.429177431634912,19.47050964684094,19.201850248001747,19.376035690307617,21904800
2010-12-10,19.42031902932806,19.4764137100355,19.334701662303864,19.455747604370117,17352200
2010-12-13,19.57679333090977,19.771647135260185,19.55022358619116,19.621078491210938,25768800
2010-12-14,19.64468865826182,19.697830376099475,19.46459740628064,19.52954864501953,23029200
2010-12-15,19.44689595726515,19.597462371409254,19.36718220630683,19.423276901245117,22232200
2010-12-16,19.417368437717258,19.538414394450335,19.26384909880665,19.53251075744629,22051600
2010-12-17,19.527469375852498,19.56602163745703,19.4503671151001,19.539331436157227,22644800
2010-12-20,19.613469084864043,19.72912135342428,19.503746715671863,19.666847229003906,20469400
2010-12-21,19.77656225974129,19.889248405574826,19.71428815842886,19.865524291992188,17402000
2010-12-22,19.92483510188725,19.9544891134203,19.865524816365095,19.933731079101562,15711000
2010-12-23,19.912979522078764,20.013803646578427,19.90111746111584,19.990081787109375,9052000
2010-12-27,19.895181141211324,19.95449143362979,19.84180527171919,19.91890525817871,8286400
2010-12-28,19.945594116545198,20.02566017786534,19.904078045867173,19.993040084838867,10298200
2010-12-29,20.061242875478975,20.242135264576287,20.02565670858161,20.191720962524414,11065400
2010-12-30,20.209518432617188,20.304412630506913,20.138348349813928,20.209518432617188,11953400
2010-12-31,20.20358580999667,20.31330814291706,20.14427778609468,20.239171981811523,8889000
2011-01-03,20.431925536965437,20.517923751486244,20.342961242645707,20.390409469604492,20391600
2011-01-04,20.51792325557956,20.51792325557956,20.02269201410465,20.21544647216797,29084000
2011-01-05,20.114632108125807,20.331108521270014,20.037529835142994,20.29552459716797,22572400
2011-01-06,20.36372070145828,20.372616679021633,20.016764001750744,20.10276222229004,22898400
2011-01-07,20.111659486090456,20.295517996497534,20.04641929651194,20.248069763183594,22160600
2011-01-10,20.18580076509101,20.206558806807973,20.01380426946082,20.16800880432129,21608400
2011-01-11,20.29848854881918,20.52682928810232,20.271800605567847,20.50310516357422,22730600
2011-01-12,20.683988834676054,20.796674984452466,20.589094639481157,20.784812927246094,22053200
2011-01-13,20.817435864049067,20.861918019038274,20.65137156537617,20.725507736206055,23043800
2011-01-14,20.698823202943327,20.956815671865353,20.603928979181607,20.950885772705078,28010800
2011-01-18,20.93605739439875,21.093225738621705,20.870817192089586,21.081363677978516,25070400
2011-01-19,21.116944586876958,21.125840564523788,20.790745919241683,20.826332092285156,30234000
2011-01-20,20.66620609851315,20.74034229228029,20.3815233859422,20.678068161010742,46345000
2011-01-21,20.888603292055365,20.94198141296604,20.67212472879099,20.787776947021484,29148000
2011-01-24,20.755162976415036,20.912331305852888,20.67509690267639,20.864885330200195,26197000
2011-01-25,20.817438029416305,20.85005812897101,20.568341555496694,20.805578231811523,31635400
2011-01-26,20.876745368599774,21.360112369644725,20.861917230012065,21.303768157958984,48443200
2011-01-27,21.29190862434472,21.336388515743227,21.06950011752687,21.17922019958496,29977200
2011-01-28,21.14364549118135,21.24743572038932,21.01019897152198,21.08730125427246,47383200
2011-01-31,21.268186467483947,21.692245483398438,21.19998019029277,21.692245483398438,50229800
2011-02-01,21.778252687370223,22.065901529816607,21.119922813411993,22.045141220092773,40886400
2011-02-02,21.94430588120741,22.19043850367533,21.89389382960496,22.0273380279541,27115200
2011-02-03,22.033271838005604,22.074787914487192,21.760448997968272,22.039201736450195,29031000
2011-02-04,22.089609185182198,22.11333329892602,21.86423689198394,21.982852935791016,26557200
2011-02-07,22.074790530885526,22.30609505939999,22.071824450083437,22.110374450683594,32347200
2011-02-08,22.074788068081947,22.11037198391005,21.84051748490211,22.036235809326172,31192000
2011-02-09,21.93837687557257,22.01844294534756,21.603279932270603,21.757484436035156,32643400
2011-02-10,21.650727951402647,22.015476644720668,21.627003833759872,21.97989273071289,33611400
2011-02-11,21.890934273031505,22.095550883103297,21.831626225525735,21.976932525634766,37725400
2011-02-14,21.93837768561491,22.486984922725505,21.93837768561491,22.460294723510742,30430800
2011-02-15,22.424703600948764,22.466219664201247,22.131122816220234,22.226016998291016,22887200
2011-02-16,22.34464139187148,22.546291866632068,22.2705052211868,22.522567749023438,31806600
2011-02-17,22.519607492840958,22.795394181904342,22.481055230015457,22.744979858398438,21592800
2011-02-18,22.79540198227146,22.8932600570716,22.63823132131636,22.839881896972656,24816400
2011-02-22,22.943659252367816,23.148273512296843,22.510704356235422,22.61745834350586,49665600
2011-02-23,22.74200992852403,23.240205030935485,22.700493858527754,23.077104568481445,64379400
2011-02-24,23.136424317500982,23.14828638100456,22.611541016596917,22.750917434692383,44766600
2011-02-25,22.83394482364098,23.130489561610343,22.777600599440625,23.11269760131836,23537400
2011-02-28,23.20165648963598,23.335102960931522,23.04152208155522,23.290620803833008,31746200
2011-03-01,23.427027543529967,23.450751658715422,22.825042261049965,22.85469627380371,40399200
2011-03-02,22.792427288585955,23.029663968823257,22.62339688921529,22.98518180847168,30085800
2011-03-03,23.13049066763592,23.40034747807099,23.059320560608054,23.379587173461914,22657600
2011-03-04,23.37364274201932,23.400332929596495,23.047444169951056,23.231300354003906,28247000
2011-03-07,23.385517181580386,23.49227346351796,22.940700094326065,23.068214416503906,29327200
2011-03-08,23.056355821999254,23.07414778417789,22.65008867341647,22.878429412841797,32348400
2011-03-09,22.807246834324086,22.95551913797995,22.64711247488105,22.721248626708984,27189800
2011-03-10,22.418775328878414,22.421741408898065,21.828652102512624,21.893892288208008,72320600
2011-03-11,21.742662151708736,22.433611999449408,21.656663898077507,22.27347755432129,48341000
2011-03-14,22.166709785325274,22.472150374220433,22.051057567441784,22.395048141479492,32830400
2011-03-15,21.7011340486242,22.42173752144337,21.61810192211924,22.226016998291016,43619000
2011-03-16,22.291257672187463,22.481046040581887,21.641826518210465,21.87016487121582,63229400
2011-03-17,22.30016449225973,22.6530534718672,22.154858196962444,22.53740119934082,41830600
2011-03-18,22.815601131047966,22.86915897077166,22.402016473765716,22.43177032470703,48328600
2011-03-21,22.82154132034551,23.119084243792376,22.776911697886362,23.113134384155273,34325600
2011-03-22,23.119094579584036,23.196456409886427,22.988177178387723,23.062562942504883,20025000
2011-03-23,23.056610477808665,23.199432141687335,22.907838951718656,23.1220703125,20190800
2011-03-24,23.21430922963376,23.24703914880861,22.955448212617082,23.20538330078125,30706200
2011-03-25,23.22917878242602,23.476139983894917,23.145867116887747,23.41365623474121,23273800
2011-03-28,23.357135772705078,23.624925044496102,23.309527782131592,23.357135772705078,28291000
2011-03-29,23.327377738716425,23.6903806566136,23.24703983652028,23.642772674560547,33912800
2011-03-30,23.79749344453037,23.91353504904382,23.604090013650204,23.806419372558594,38082400
2011-03-31,23.93138474531141,24.092058245538585,23.720129477440416,23.729055404663086,37701000
2011-04-01,23.937337978353714,24.008749946339567,23.737984675391626,23.80046844482422,25823800
2011-04-04,23.910555618488278,23.967089514809672,23.782612037916078,23.81534194946289,14951200
2011-04-05,23.794524973188974,24.020658392398314,23.770720977467153,23.886762619018555,38580800
2011-04-06,24.01172437327093,24.07123434815588,23.52970606210669,23.636821746826172,32947400
2011-04-07,23.592189833180818,23.73500923275784,23.425566443649814,23.636821746826172,29621400
2011-04-08,23.809390553613746,23.916506218334813,23.586233297123687,23.720129013061523,38279600
2011-04-11,23.72906889928877,23.77370083085716,23.169688531178068,23.253000259399414,35365400
2011-04-12,22.988180489647647,23.000082486029584,22.40499628737499,22.532939910888672,75875600
2011-04-13,22.738239109371374,22.812624871129387,22.449621990538564,22.625173568725586,53669400
2011-04-14,22.500210619603703,22.84535944406825,22.41689664259277,22.77989959716797,41344800
2011-04-15,22.839417777176735,23.00009138539131,22.66386610020958,22.967361450195312,30527800
2011-04-18,22.625173568725586,22.72931318117214,22.372262432763005,22.625173568725586,40069400
2011-04-19,22.610289605687438,22.91080864035663,22.598387614504503,22.85427474975586,30109200
2011-04-20,23.2946420661859,23.404733794942345,23.184550337429453,23.392831802368164,44828000
2011-04-21,23.440440438610754,23.562434175221636,23.330350966138084,23.499950408935547,25276600
2011-04-25,23.5118632772773,23.53269121101656,23.232174205646484,23.37796974182129,14150800
2011-04-26,23.449367144575444,23.645746648052278,23.348203596777072,23.61004066467285,18399000
2011-04-27,23.705246825874383,23.714172751367684,23.20240077248009,23.59813117980957,37414200
2011-04-28,23.517795818112443,23.666567298032128,23.372000403411487,23.595157623291016,29992400
2011-04-29,23.60112077887973,23.95519782697411,23.589218781372683,23.946271896362305,19857200
2011-05-02,23.996848111989543,24.041480024760524,23.482097622167835,23.62789535522461,35524000
2011-05-03,23.446392712825595,23.496974485353384,22.83345250016714,23.035781860351562,57490400
2011-05-04,22.98817196211975,22.991145757556826,22.43176575555164,22.628145217895508,59484200
2011-05-05,22.288951133032697,22.509132356070744,21.89321832873414,22.158031463623047,89000000
2011-05-06,22.41391538792637,22.747162104790014,22.012232780236513,22.25621795654297,70404600
2011-05-09,22.36036452554119,22.753121328609364,22.32168246950974,22.646005630493164,48448600
2011-05-10,22.643021069517726,22.860228450901406,22.467471795172617,22.75311279296875,35520600
2011-05-11,22.613274878981223,22.637078871039925,21.93190092929782,22.095550537109375,82325600
2011-05-12,21.988427058880564,22.241338142269736,21.655178098251778,22.06281280517578,77901800
2011-05-13,22.166955194393438,22.271094798339053,21.759320436008473,21.955699920654297,71863800
2011-05-16,21.863465432446947,22.235394263993193,21.73254575731917,21.789079666137695,56288200
2011-05-17,21.68791384351893,21.89321928495596,21.506412392118488,21.789079666137695,60198400
2011-05-18,21.887269488229865,22.38714198197759,21.80395778428419,22.22944450378418,51692600
2011-05-19,22.330600152951813,22.422837744528916,22.044956912448104,22.232410430908203,39321800
2011-05-20,22.211587202523578,22.39606242461416,21.934872099314582,22.20563507080078,54092800
2011-05-23,21.818836852406807,21.979510404593356,21.72064708105829,21.860492706298828,40600000
2011-05-24,22.083647461999156,22.413920457936136,22.07769532923851,22.16993522644043,49661600
2011-05-25,22.05686375472152,22.660878005857263,22.05388995890682,22.54483413696289,49835400
2011-05-26,22.470451988819462,22.71146342282959,22.35738643772882,22.65790557861328,37491000
2011-05-27,22.782867652227388,22.94651721193042,22.6013662387651,22.714431762695312,33394200
2011-05-31,23.011970364794323,23.10718628682859,22.687649643137078,22.94353675842285,38622400
2011-06-01,22.886997609106345,22.985187303569944,22.33654373934593,22.39605140686035,55227800
2011-06-02,22.404992493285526,22.58054180252552,22.14612922348048,22.38713836669922,48210600
2011-06-03,22.050914352541795,22.6073206413597,22.009258509536515,22.393089294433594,44755000
2011-06-06,22.345486625694384,22.437726531457834,21.839664257618608,21.887269973754883,46875200
2011-06-07,22.07769737844744,22.190765210659332,21.85156625417111,21.887269973754883,38331600
2011-06-08,21.95570243032383,22.22051556922947,21.90512065549317,21.952726364135742,50113200
2011-06-09,22.06281763171202,22.369286610280845,22.018185720156495,22.250268936157227,34544000
2011-06-10,22.07769339806826,22.122325309575032,21.783126414240854,21.818832397460938,41937000
2011-06-13,21.830729625543725,21.988427044373893,21.268373565528723,21.473676681518555,55501200
2011-06-14,21.753368956018267,22.03900996419269,21.74741682476527,21.931894302368164,45755400
2011-06-15,21.67006958596856,21.863473100216112,21.310042623175043,21.429058074951172,71279800
2011-06-16,21.43796739665519,21.658148512618357,21.24456405273641,21.461769104003906,50527800
2011-06-17,21.651405615885746,21.687243245420476,21.26914668128719,21.40652084350586,54247600
2011-06-20,21.2930437242975,22.03964410343215,21.245260206379985,21.46625328063965,34722600
2011-06-21,21.615580741851307,21.997842180467895,21.60065009623339,21.8933162689209,46391000
2011-06-22,21.82462893633653,22.1232691715515,21.75892772003817,21.83060073852539,37099800
2011-06-23,21.367702335298787,21.62453303084571,21.039196367661987,21.59168243408203,90907200
2011-06-24,21.59168834294781,21.64245663240571,21.15268686464285,21.18255043029785,34131400
2011-06-27,21.10789133647411,21.427436288241125,21.057123044708348,21.29603385925293,39388400
2011-06-28,21.481191357845972,21.926164652696798,21.463273673546126,21.917205810546875,31715600
2011-06-29,21.98887827194132,22.32634317404289,21.88435465208669,22.174036026000977,42642800
2011-06-30,22.248696851798883,22.523445313075047,22.245709811572546,22.502540588378906,38834800
2011-07-01,22.454761161492055,22.738468488055158,22.263631583470623,22.714576721191406,29776800
2011-07-05,22.744435477668777,22.956469715976283,22.68769311866973,22.854930877685547,31367000
2011-07-06,22.8041648619438,22.845974305848934,22.610048284702074,22.81312370300293,21930600
2011-07-07,23.12073087192285,23.189419141634453,22.94751895564542,23.15656852722168,35648000
2011-07-08,22.7534008612299,22.96244812011719,22.720550252198432,22.962448120117188,34260000
2011-07-11,22.633939907492977,22.636926947308947,22.329325642690442,22.41891860961914,38289000
2011-07-12,22.3263454174296,22.642903348924456,22.30842545333673,22.335304260253906,41091400
2011-07-13,22.43683937406415,22.825072579500027,22.41294988758578,22.502540588378906,40326000
2011-07-14,22.73548104254329,22.783264575419512,22.32335832448504,22.353221893310547,45265800
2011-07-15,22.607059891700175,22.98036010311163,22.59212925030992,22.95348358154297,54734200
2011-07-18,22.854940227015806,22.917654412301395,22.69367420266236,22.875844955444336,40723800
2011-07-19,23.040097719220704,23.31185918523727,23.022177753341683,23.293941497802734,39114600
2011-07-20,23.392484165448145,23.40144300565344,23.189408766501607,23.23420524597168,21035600
2011-07-21,23.371580970399265,23.720989431864982,23.35664805012039,23.691125869750977,34714000
2011-07-22,23.712042702801547,23.840458136083658,23.571681382883323,23.81059455871582,22999200
2011-07-25,23.51492856171889,23.88225700791734,23.479093196149016,23.71501922607422,30966400
2011-07-26,23.7000856994583,23.819542231342542,23.517915000984686,23.601533889770508,33937800
2011-07-27,23.44027589339243,23.488059433790866,23.084895495068633,23.15656852722168,47569000
2011-07-28,23.06398023410217,23.347687470724324,23.016196715523012,23.060993194580078,39108000
2011-07-29,22.753396528084775,23.031131992539944,22.684708282706055,22.83104133605957,34671200
2011-08-01,23.234211641780817,23.24914228675182,22.58616058773423,22.798194885253906,43970000
2011-08-02,22.669781990156967,22.905705777620277,22.1561204065045,22.162092208862305,54402400
2011-08-03,22.194945856375828,22.206891741171045,21.517033412970335,22.036666870117188,71128000
2011-08-04,21.624537298253124,21.6484267818874,20.388164812814743,20.525541305541992,109053800
2011-08-05,20.776396144388737,20.95259502616032,19.253331761768063,20.32843589782715,132818800
2011-08-08,19.504197296626455,19.823742327024874,18.515698631070013,18.59931755065918,111986400
2011-08-09,18.987543829800018,19.557945407992545,18.24691515597655,19.54599952697754,100798200
2011-08-10,19.292159281789466,19.64455486039201,18.79343062178034,18.871076583862305,98747400
2011-08-11,18.99351999962769,20.146271580606413,18.877050480997998,19.850618362426758,84065200
2011-08-12,20.14626450440857,20.262733982129387,19.868529070202726,19.996944427490234,53101000
2011-08-15,20.26274084512619,20.71070122760552,20.25676904254197,20.671878814697266,58621200
2011-08-16,20.40608297852871,20.621104261429252,20.095496934166103,20.32843589782715,59890400
2011-08-17,20.555410154851703,20.785362158266413,20.277674614992975,20.409074783325195,43327800
2011-08-18,19.77295996734295,19.817756436263902,19.011427970237428,19.22644805908203,74495400
2011-08-19,18.930802656754334,19.554961878042636,18.81433315757818,18.88600730895996,54637400
2011-08-22,19.46238346536535,19.468357545962547,18.665014588951923,18.733701705932617,49050800
2011-08-23,18.856141091866018,19.593782713102634,18.727725721224292,19.57884979248047,71707000
2011-08-24,19.465368179652156,19.731157773362803,19.292156318138012,19.69532012939453,37735600
2011-08-25,19.835681446738114,19.952150941931592,19.178673921111123,19.280210494995117,53585400
2011-08-26,19.08908680319384,19.740122726982513,18.84718889722858,19.65351676940918,47672200
2011-08-29,19.96409717048036,20.25377853274843,19.808805267003056,20.22690200805664,71086400
2011-08-30,20.089520924576192,20.48671285185499,19.922283177698137,20.346351623535156,39676600
2011-08-31,20.53152119418921,20.797310886282045,20.30455392193256,20.49867057800293,48969600
2011-09-01,20.531514860910836,20.800291511142476,20.295588816732177,20.343372344970703,42588400
2011-09-02,19.802827905736486,19.97902678159266,19.605726588657234,19.775951385498047,41702000
2011-09-06,19.145824350531743,19.590797632559646,18.98455836114812,19.56093406677246,38711000
2011-09-07,19.92229108961787,20.289619604898004,19.89242751987872,20.277673721313477,37051400
2011-09-08,20.1791184523266,20.474771615724286,19.928261775127087,20.041744232177734,36978200
2011-09-09,19.77894421496441,19.874509001193147,19.23840382801804,19.378765106201172,70078800
2011-09-12,19.04130616133356,19.513157271053565,18.91587777468653,19.47134780883789,51513800
2011-09-13,19.557947500004712,19.659486360271423,19.169716578487257,19.525096893310547,56409000
2011-09-14,19.641561972376877,20.044728003982332,19.256318177838857,19.766992568969727,51431800
2011-09-15,20.011883394798065,20.17912120238934,19.84464330876255,20.15821647644043,34662400
2011-09-16,20.24036404029779,20.31531724500757,19.883586053914357,20.11444091796875,46072800
2011-09-19,19.62274840928263,19.97652763297995,19.41288034750893,19.796640396118164,41719800
2011-09-20,19.889580801483515,20.138425983808503,19.643734387740455,19.673717498779297,40268800
2011-09-21,19.619756013886292,19.69171046613785,18.83724419755434,18.85523223876953,53565800
2011-09-22,18.189644027827303,18.198639190529388,17.46709514609711,17.7908935546875,76132000
2011-09-23,17.56303135060649,17.86284409901265,17.500069804233092,17.599008560180664,65590600
2011-09-26,17.727934235620754,18.279589928321215,17.374154979231584,18.24061393737793,68786400
2011-09-27,18.78027205402751,18.987143600863668,18.402508460531656,18.507442474365234,64972400
2011-09-28,18.540428615588336,18.711321866343823,17.865849633018136,17.901826858520508,46186600
2011-09-29,18.363532611928587,18.38751818308919,17.706943041289417,18.07271385192871,45739000
2011-09-30,17.757913095831594,17.97677631601085,17.54204750061035,17.54204750061035,59458800
2011-10-03,17.341177965130143,17.542052056647105,16.930434617495678,16.945425033569336,70130600
2011-10-04,16.639611893594974,17.551043161893144,16.26784348499869,17.50007438659668,82731000
2011-10-05,17.62899767261015,18.198642620097896,17.36816077899837,18.144676208496094,75130000
2011-10-06,18.108688582095137,18.522429308501998,17.904815842838968,18.486452102661133,47634400
2011-10-07,18.627367901071405,18.642358310977862,18.075712353171028,18.25859832763672,48779200
2011-10-10,18.597385424551913,19.09507456810424,18.594387800131297,19.08608055114746,35816000
2011-10-11,18.90919731361326,19.289958645903862,18.86122730093682,19.125062942504883,44856000
2011-10-12,19.277965386340657,19.5178142717153,19.140050618892264,19.22699546813965,37262400
2011-10-13,19.03211095336331,19.295946461999446,18.822241824759452,19.20000648498535,30318400
2011-10-14,19.52681163605115,19.97353446468092,19.523815154236154,19.96753692626953,33232000
2011-10-17,19.913566040741806,19.979525224094566,19.55978683789624,19.604759216308594,37612800
2011-10-18,19.58076976879783,20.369278757103395,19.364904225039496,20.23436164855957,48910600
2011-10-19,20.144421649333516,20.459223699480802,19.93155484759868,20.02449607849121,48058000
2011-10-20,20.012504504131275,20.270343696464103,19.763659329862822,20.18039894104004,43755000
2011-10-21,20.39926651374422,20.63611893886326,20.300327724633004,20.55217170715332,48340200
2011-10-24,20.61512931414098,20.875964993115474,20.558164148668297,20.821998596191406,45945000
2011-10-25,20.7710280404974,20.810005163965638,20.237361683565027,20.38726806640625,43836600
2011-10-26,20.699079497626276,20.89995355872647,20.234368663842343,20.827999114990234,36364800
2011-10-27,21.397639879817415,21.94329907209048,21.340674717129485,21.751419067382812,62364800
2011-10-28,21.526557772589726,21.937299803018938,21.466593846234797,21.898324966430664,35022400
2011-10-31,21.52655800479338,21.54154727100137,20.86696853211371,20.899948120117188,43910200
2011-11-01,20.081461549780776,20.531180731849958,19.88957926103242,20.225370407104492,83484400
2011-11-02,20.72605730985977,20.89095525900248,20.51918804057806,20.8339900970459,40618800
2011-11-03,21.136807723638768,21.454608639717105,20.857981657916415,21.382654190063477,39424400
2011-11-04,21.196767328327052,21.424625732090522,20.986899250775494,21.36466407775879,25105800
2011-11-07,21.370653005129157,21.631490927816017,21.106818601785644,21.481584548950195,26937800
2011-11-08,21.655482281694297,21.85635633405539,21.367659944490114,21.83237075805664,38305400
2011-11-09,21.18776966122168,21.39164245319744,20.813003667691977,20.86697006225586,50543200
2011-11-10,21.20576257676675,21.385649818174425,20.822000231069236,21.229745864868164,40707200
2011-11-11,21.466595043037604,21.75141856247567,21.436614221883605,21.664472579956055,28803000
2011-11-14,21.532561047977108,21.580532206942713,21.181780525756473,21.379655838012695,30765000
2011-11-15,21.313689313544185,21.53255364817679,21.184772014756586,21.35566520690918,33349400
2011-11-16,21.18776728696445,21.580523559597395,21.007880087706,21.03486442565918,43882200
2011-11-17,21.02586837921225,21.136799925686844,20.36028596253428,20.55516242980957,51071800
2011-11-18,20.67209222142133,20.783023783974762,20.306322516630686,20.43224334716797,53903400
2011-11-21,20.063479959593174,20.19239960606018,19.781657371593305,20.066478729248047,40016600
2011-11-22,20.045484620753196,20.17740298886247,19.751667061070773,19.87759017944336,37392600
2011-11-23,19.592764185138467,19.637736558399045,19.271964610718232,19.27496337890625,43575200
2011-11-25,19.191017021494762,19.466844234910525,19.13705062866211,19.13705062866211,14299600
2011-11-28,19.83561532756274,20.021497793838076,19.67071737774745,19.85360336303711,43699600
2011-11-29,19.940541119536334,20.354281776471876,19.87158319968585,20.138416290283203,28954200
2011-11-30,20.881962085941925,21.307695715179616,20.8759645489723,21.24773406982422,65999200
2011-12-01,21.19077334921338,21.40364020846985,21.013882569758177,21.13081169128418,32664600
2011-12-02,21.33468282044416,21.448610876333642,21.07084605696682,21.11281967163086,29879400
2011-12-05,21.496579299152753,21.63749169722212,21.190771214692518,21.3736572265625,29724000
2011-12-06,21.35865655503056,21.54454125638533,21.196757419151776,21.370649337768555,27718800
2011-12-07,21.286713706315634,21.331686094159224,20.9869008372126,21.16678810119629,34288600
2011-12-08,21.0138811876494,21.124812763652002,20.516193054876858,20.576154708862305,34289800
2011-12-09,20.70507521088858,21.130811207035684,20.660105112167564,21.043865203857422,31036600
2011-12-12,20.78902184488185,20.80401340228313,20.264349359304244,20.55217170715332,38629800
2011-12-13,20.71106711153327,20.974901530908042,20.2313671274928,20.360286712646484,37277600
2011-12-14,20.120441618891853,20.213382875380567,19.700703149042084,19.787649154663086,53368600
2011-12-15,20.06347358491825,20.084460391052232,19.652731480954568,19.703699111938477,35498600
2011-12-16,19.862373679957756,20.024958184630425,19.70882126492146,19.913557052612305,43941200
2011-12-19,19.9978549097251,19.9978549097251,19.510103807631186,19.564298629760742,25074800
2011-12-20,19.958715464210858,20.407326762966964,19.934628365695488,20.368186950683594,25326600
2011-12-21,20.37119804079819,20.64819277745754,20.241732759979044,20.593997955322266,24051600
2011-12-22,20.70840414629196,20.880020666402107,20.63915662430403,20.834857940673828,21976200
2011-12-23,20.913144288994076,20.97938266119336,20.789701929318067,20.95529556274414,10428200
2011-12-27,20.910129609093033,21.1058332339955,20.910129609093033,21.00948715209961,11260600
2011-12-28,21.015515011864967,21.066698377413115,20.581956392934032,20.609052658081055,22641400
2011-12-29,20.65722852090868,20.84690928341601,20.639164342690606,20.822824478149414,15404200
2011-12-30,20.774641935493484,20.913139272748182,20.753566303673672,20.81378173828125,13160000
2012-01-03,21.256384156977767,21.497250623868016,21.223264960353536,21.39187240600586,48509600
2012-01-04,21.310567462503624,21.4731518950923,21.184113669514083,21.437021255493164,28037000
2012-01-05,21.298525120076977,21.349710770004094,21.07572523929877,21.33465576171875,25349400
2012-01-06,21.373794048726296,21.38282613422706,21.1630377301365,21.208200454711914,17786200
2012-01-09,21.25336728970063,21.358747777837326,21.190140375061983,21.31057357788086,24086400
2012-01-10,21.64477166332114,21.671870221357306,21.440035935661115,21.500253677368164,27266800
2012-01-11,21.40089708912231,21.403906253539056,21.126911520441322,21.211214065551758,26944000
2012-01-12,21.09680522109009,21.190139859896274,20.919168031481902,21.012502670288086,39409600
2012-01-13,20.88002310090002,20.937229379963895,20.69636301271045,20.907121658325195,32434800
2012-01-17,21.141963346475634,21.24132088699318,20.988410992682315,21.054649353027344,25054000
2012-01-18,21.042606100201862,21.40992625119937,20.94023939428938,21.400894165039062,30723600
2012-01-19,21.512295478326855,21.56649029871202,21.388853124549115,21.488210678100586,26608800
2012-01-20,21.485207475534818,21.569510051412557,21.32262295188221,21.491228103637695,30786600
2012-01-23,21.566493781844652,21.72305764249769,21.506278325945733,21.662839889526367,25974000
2012-01-24,21.473149871879112,21.614658658969823,21.385835890545028,21.5996036529541,21234400
2012-01-25,21.566486564539947,21.936818155895434,21.289491884786365,21.864559173583984,39276200
2012-01-26,22.000052625286184,22.02715118865046,21.48219143014366,21.56649398803711,33958400
2012-01-27,21.47014612650533,21.614666426146474,21.43702693902657,21.521331787109375,18448200
2012-01-30,21.274444477987252,21.434017489863542,21.114869169038762,21.418962478637695,27251600
2012-01-31,21.572508365102944,21.59358399622634,21.178089701120104,21.283470153808594,29361800
2012-02-01,21.476164591339447,21.55143503869695,21.322612235550054,21.367774963378906,25553000
2012-02-02,21.40089590355476,21.611652254655358,21.334657536902583,21.53036117553711,30942200
2012-02-03,21.81036612719679,21.930797008435714,21.68692148773353,21.90972137451172,29993000
2012-02-06,21.78628832374553,22.1746842834818,21.75316912815829,22.171672821044922,26769200
2012-02-07,22.11747239865626,22.322208148292038,21.88864954975222,22.28607749938965,35097400
2012-02-08,22.340275010435334,22.37038503667724,22.06629168879941,22.2108097076416,22055600
2012-02-09,22.243923410828152,22.29811822879115,22.036178522863267,22.213815689086914,19210800
2012-02-10,21.95488383841232,22.030154286813687,21.846494208948616,21.99101448059082,29674000
2012-02-13,22.2138194101548,22.22887442208327,21.997040101989807,22.165647506713867,19828600
2012-02-14,22.14155748627993,22.243924203261304,22.02413575935564,22.204784393310547,29095800
2012-02-15,22.277048876700405,22.340275799310582,22.096400198232388,22.168659210205078,29478800
2012-02-16,22.213823207186113,22.496840940897176,22.078337264960396,22.457698822021484,36203200
2012-02-17,22.635336374222867,22.66243264147923,22.409524958796492,22.542001724243164,26986000
2012-02-21,22.692543660815915,22.81899750769051,22.632325902490436,22.695552825927734,28764600
2012-02-22,22.743719343277064,22.903292329013283,22.68952452764289,22.74673080444336,24684600
2012-02-23,22.761783659367456,22.88823746428567,22.59619004732842,22.861141204833984,28176200
2012-02-24,22.912329216586993,23.032762420684776,22.894265039947634,22.95147132873535,24549800
2012-02-27,22.861147248038307,22.97555753553104,22.704585681097072,22.87921142578125,22366400
2012-02-28,22.849091091758503,22.954469232244563,22.67446314634093,22.80392837524414,33212600
2012-02-29,22.82802730608083,22.9243734126594,22.48178269594546,22.54500961303711,34488600
2012-03-01,22.644371369271973,22.80996734733133,22.59017653073189,22.76179313659668,28015000
2012-03-02,22.677479469066597,22.76780492146251,22.412528330881816,22.502851486206055,29042600
2012-03-05,22.40650547788662,22.42457194666439,22.141554338886685,22.358333587646484,25370400
2012-03-06,22.018107163186734,22.078324890370187,21.852513581842917,21.994022369384766,27735600
2012-03-07,22.07531198824671,22.23789639541831,21.924771125725368,22.17768096923828,28964400
2012-03-08,22.292095228628583,22.433604032517433,22.180694143273772,22.358333587646484,20596200
2012-03-09,22.40650681967047,22.541995006794714,22.301128649955047,22.33725929260254,29306400
2012-03-12,22.316184699493434,22.34930388253037,22.1174696012718,22.213815689086914,24517400
2012-03-13,22.334242069574813,22.511879181685913,22.111442240073547,22.48177146911621,35585600
2012-03-14,22.49683560169671,22.557051051267646,22.210806473554367,22.26500129699707,27712800
2012-03-15,22.292103927468148,22.40350505629398,22.150595068359618,22.301136016845703,30353200
2012-03-16,22.408423716295008,22.677421336940668,22.375176612085387,22.607906341552734,47180800
2012-03-19,22.59581450021441,22.810407961285105,22.529320297020433,22.71066665649414,28405400
2012-03-20,22.508167213166224,22.535368134189596,22.323797728637338,22.3691349029541,26568200
2012-03-21,22.341930665174342,22.344953758243882,22.06990993752523,22.10315704345703,33163800
2012-03-22,21.85834236317407,21.891589473397644,21.504716524553892,21.60445785522461,40430600
2012-03-23,21.65281735422015,21.90972497382252,21.540985947735546,21.8402099609375,26443800
2012-03-26,22.033636251620194,22.063860256536287,21.879490828821236,22.0034122467041,20377200
2012-03-27,22.042712300984036,22.04875618207897,21.77673771985721,21.78278160095215,25545800
2012-03-28,21.683038777305867,21.75859996849269,21.335456836657578,21.510759353637695,30570400
2012-03-29,21.362660064576,21.54702955554741,21.20851458889041,21.510759353637695,32660600
2012-03-30,21.670952510562458,21.74046983326159,21.47147212993639,21.686065673828125,25506600
2012-04-02,21.63165426384657,22.06084120777416,21.565160057277247,21.897628784179688,35776400
2012-04-03,21.85228898651792,21.88553608229432,21.486570932977536,21.707210540771484,27989600
2012-04-04,21.44426047907433,21.54400178320533,21.317318258877087,21.429149627685547,31660600
2012-04-05,21.353591414285304,21.6074758898892,21.281053322104814,21.30825424194336,19157800
2012-04-09,20.981833613941173,21.199450240462284,20.960676570026333,21.039260864257812,28859200
2012-04-10,21.00903526672653,21.045303164458524,20.58286902081832,20.62518310546875,43906000
2012-04-11,20.854893749004553,20.915341794014928,20.588919122635748,20.63123321533203,25650000
2012-04-12,20.649365225267523,21.132956457696938,20.634252062463993,21.081575393676758,30117800
2012-04-13,20.990902910765428,21.054376355475302,20.721905191547766,20.764219284057617,26215000
2012-04-16,20.848845902557798,20.915337817048,20.537531842708663,20.62518310546875,30250800
2012-04-17,20.81559619383328,21.066457576960467,20.797459941286647,20.96067237854004,25510600
2012-04-18,20.897202715311717,21.048325096710236,20.854888632995696,20.918359756469727,21588600
2012-04-19,20.930455779867692,21.096691369089484,20.812580473308675,20.891164779663086,41945800
2012-04-20,21.09064077236026,21.193405198565955,20.83675625928392,20.84280014038086,30190600
2012-04-23,20.495218895966463,20.879071078535976,20.45592790259379,20.821643829345703,34055200
2012-04-24,20.897203828278048,21.04530312427176,20.797462497816202,20.975788116455078,19830600
2012-04-25,21.105755625684516,21.196427685074433,20.963700196100923,21.184337615966797,29285600
2012-04-26,21.0815665988606,21.417058380823356,21.048319499318783,21.407991409301758,22459600
2012-04-27,21.45936997367859,21.474483128431885,21.290113708971266,21.398921966552734,13670000
2012-04-30,21.377774393853873,21.547030733462865,21.317324054033033,21.531917572021484,15218000
2012-05-01,21.574233060313542,21.994353149132024,21.537965160006515,21.8402099609375,28510400
2012-05-02,21.65281498689922,21.658861173585912,21.423108317641148,21.483558654785156,24164400
2012-05-03,21.477515857667573,21.504719090161718,21.06344193611896,21.12691307067871,32080800
2012-05-04,20.91231969450063,20.945566808954922,20.543580647603928,20.643321990966797,44377000
2012-05-07,20.522416740345367,20.712830081867736,20.383384447273514,20.58286476135254,30416000
2012-05-08,20.41965635182077,20.55264479131391,20.07812058469342,20.516374588012695,50350400
2012-05-09,20.202043468008963,20.537535416070707,20.09625823797712,20.41663932800293,43909800
2012-05-10,20.619142228463268,20.73097133735532,20.46197362891146,20.504287719726562,24600000
2012-05-11,20.35920704463172,20.65540561557942,20.31689296306776,20.353160858154297,20606800
2012-05-14,20.102299694882014,20.135546803059484,19.972334355445863,20.0146484375,27105800
2012-05-15,20.026741201389534,20.10230240179598,19.621731968119658,19.68218231201172,33951000
2012-05-16,19.73054002076891,20.041851793383483,19.570350646972656,19.570350646972656,33026600
2012-05-17,19.615686946060826,19.769832431591055,19.44340751138988,19.446428298950195,38364400
2012-05-18,19.585455124621024,19.694263387997882,19.2439171789322,19.325523376464844,36966800
2012-05-21,19.352727728179385,19.787960833094882,19.340638816465532,19.769826889038086,27340800
2012-05-22,19.797032981083312,20.075097623726773,19.58848334612839,19.721471786499023,42672000
2012-05-23,19.555236507439904,19.821213391872632,19.277171860937226,19.794010162353516,37762000
2012-05-24,19.896779269632045,19.896779269632045,19.531063273421147,19.77890396118164,37363000
2012-05-25,19.75774396658403,19.890730114313808,19.642889463521406,19.685203552246094,16028600
2012-05-29,19.911884019693858,20.156703844086554,19.809121907832242,20.0146484375,28107400
2012-05-30,19.736588289223164,19.74867605317182,19.33762405353843,19.40109634399414,46467400
2012-05-31,19.3890075940673,19.440388665154707,18.902393200956705,19.231840133666992,53377000
2012-06-01,18.84496354052677,18.959816891757644,18.727088248488023,18.75126838684082,39020600
2012-06-04,18.823806583126704,18.881233835494314,18.47018070537283,18.736156463623047,38069800
2012-06-05,18.693844295704224,19.02026930082786,18.68477731877501,18.89634895324707,31604600
2012-06-06,19.095825434140032,19.497811547945517,19.095825434140032,19.47967529296875,41568000
2012-06-07,19.733560800741206,19.911884103585734,19.45247307965757,19.491764068603516,29372000
2012-06-08,19.34970492900231,19.52198431798701,19.183471725424283,19.494783401489258,31168000
2012-06-11,19.69426962305063,19.784941667274886,19.20160918958191,19.228811264038086,32296600
2012-06-12,19.33460025466397,19.549193786280373,19.228813882717954,19.50083351135254,29032600
2012-06-13,19.38900493181051,19.58244142482826,19.16534326615096,19.252994537353516,24344800
2012-06-14,19.29832544380242,19.63986346263949,19.22276426171553,19.555233001708984,29129400
2012-06-15,19.689169315462788,19.95035545074533,19.5919839384099,19.929096221923828,31002000
2012-06-18,19.731690725127557,19.807616884718115,19.616281479617104,19.74991226196289,28074000
2012-06-19,19.90480158592955,20.135617751862288,19.801540807585003,20.0353946685791,30745800
2012-06-20,20.02627777568789,20.17509234902768,19.771164761452255,19.956424713134766,35247000
2012-06-21,19.962503745099763,19.962503745099763,19.1060557343744,19.139463424682617,37929000
2012-06-22,19.267019271850586,19.35509388328299,19.033166592465115,19.267019271850586,40126000
2012-06-25,18.98154011296843,18.98761434482953,18.668724702639913,18.83576202392578,31107600
2012-06-26,18.866128363866803,19.10909179845941,18.72946106986439,19.03923988342285,28524000
2012-06-27,19.142501827382482,19.50694876162268,19.142501827382482,19.434059143066406,23315600
2012-06-28,19.32168683869931,19.601095680531518,19.233613382860863,19.56768798828125,33047000
2012-06-29,20.087032034885908,20.196365930553316,19.883550407926204,20.156885147094727,43491000
2012-07-02,20.15687434051465,20.244948949088023,19.94427973865689,20.165985107421875,29112600
2012-07-03,20.326946283512406,20.86450233493268,20.308724751387555,20.64887237548828,31383200
2012-07-05,20.52738702734396,20.5395354859764,20.30568402927616,20.378572463989258,24282000
2012-07-06,20.065770118507842,20.223695548360443,19.974657778577036,20.132585525512695,22381200
2012-07-09,20.117393823298993,20.15383921265171,19.898726121347522,20.041467666625977,19127800
2012-07-10,20.162946779300626,20.223686768161937,19.631463766976967,19.728649139404297,37602200
2012-07-11,19.83191786735775,20.09613947383132,19.780286307295214,19.99591636657715,41929800
2012-07-12,19.759020074269653,20.032354671319077,19.686131620750526,19.929096221923828,38736800
2012-07-13,20.011097319431634,20.296580405024727,19.983765015704147,20.278356552124023,20419200
2012-07-16,20.21458169124561,20.43932481087038,20.096137057670553,20.34517478942871,22669600
2012-07-17,20.460580731668525,20.621543806767104,20.13561688654055,20.600284576416016,35969200
2012-07-18,20.52739881053614,20.803771189634727,20.484880339456804,20.77947425842285,31036000
2012-07-19,20.86450378059161,20.907022236550215,20.71568918473648,20.843244552612305,27978800
2012-07-20,20.77642927211777,20.89790923783497,20.682279286480576,20.891836166381836,27328800
2012-07-23,20.457541383594776,20.733911355825896,20.32694831711045,20.69139289855957,25441000
2012-07-24,20.70050534188149,20.721764569856624,20.093096180212417,20.360355377197266,25317800
2012-07-25,20.439321695754042,20.524358617967344,20.19939476974803,20.37554168701172,18999000
2012-07-26,20.68835868437642,21.025470983861496,20.67621022203399,20.955617904663086,28081000
2012-07-27,21.067987209943812,21.408134851141195,20.925245688906188,21.326135635375977,30720600
2012-07-30,21.29577466842452,21.465848561116456,21.22895926284326,21.386884689331055,19466600
2012-07-31,21.338286578547706,21.426361193626214,21.13176735076279,21.153026580810547,24031200
2012-08-01,21.231988201092026,21.3625789454849,21.00420976715311,21.256282806396484,32289200
2012-08-02,20.992071358934105,21.113551394878595,20.700515101917638,20.900959014892578,30882600
2012-08-03,21.289696894737805,21.52355078810698,21.26539996504804,21.39295768737793,28752000
2012-08-06,21.432437260511875,21.569103427471344,21.411178027494124,21.450658798217773,11872400
2012-08-07,21.6116199442987,21.866730690151023,21.593396093107703,21.7725830078125,24501800
2012-08-08,21.67843617406006,21.866733883316094,21.638955405364882,21.790807723999023,18998000
2012-08-09,21.74525020138326,22.02162251616614,21.714880202977387,21.939620971679688,23966000
2012-08-10,21.790803508203574,22.006433480896927,21.65717275219224,21.979101181030273,22631000
2012-08-13,21.97606811914769,22.006438119984608,21.79080810183517,21.897104263305664,16578000
2012-08-14,22.003400988540367,22.027697916665446,21.787770964866123,21.857624053955078,14242600
2012-08-15,21.863696416062826,21.918363344024254,21.766511023807237,21.854585647583008,13064200
2012-08-16,21.8910305275358,22.088439002625897,21.830288210617518,22.0489559173584,13767800
2012-08-17,22.094505701808107,22.103616467446898,21.963912654461225,22.039838790893555,24208200
2012-08-20,21.982140222194435,22.042882538269662,21.887992528630882,21.963918685913086,11135600
2012-08-21,22.064147793340055,22.17955474976649,21.857628496467495,21.894071578979492,17460400
2012-08-22,21.824218066997137,21.997329638557204,21.75740266795943,21.976070404052734,17077600
2012-08-23,21.92444204848761,21.985182058922838,21.690588142437942,21.73310661315918,14657200
2012-08-24,21.69666166577212,21.92140246553301,21.58125241196524,21.86066246032715,14983200
2012-08-27,21.884950073255833,22.018580822472227,21.796875471916113,21.869766235351562,12135600
2012-08-28,21.82420494430474,21.951760274633735,21.784724194559494,21.884944915771484,13641600
2012-08-29,21.897103089996843,21.915326943188543,21.717918472702454,21.739177703857422,12703800
2012-08-30,21.654139138130926,21.654139138130926,21.44458222042624,21.508359909057617,15570800
2012-08-31,21.68754260963195,21.833319493256006,21.5569495629661,21.72398567199707,20299800
2012-09-04,21.702726499457683,21.71791265353467,21.38080042334538,21.556949615478516,17550000
2012-09-05,21.54480769113171,21.623769228455554,21.438509214511342,21.47495460510254,14450000
2012-09-06,21.645025790621162,22.073250388190253,21.641990412924823,21.927471160888672,27044200
2012-09-07,21.97911238904245,22.313187132346567,21.957853150389,22.307111740112305,26845200
2012-09-10,22.27673436581933,22.422513609167016,22.20080820757381,22.209918975830078,11684200
2012-09-11,22.27672792571309,22.507544028834623,22.27672792571309,22.44680404663086,15011000
2012-09-12,22.580443139291017,22.641185467275,22.489333122939374,22.583480834960938,16683400
2012-09-13,22.635108928395255,23.08459286435754,22.458959661796335,22.95096206665039,28348400
2012-09-14,23.111925711604357,23.491556562048196,23.087628781076074,23.254667282104492,30480600
2012-09-17,23.160509904105197,23.327546018320117,23.00258223868245,23.078508377075195,20367000
2012-09-18,23.002592996097718,23.011703766232504,22.735333698117987,22.914518356323242,19840400
2012-09-19,22.893253907163622,22.914513138331372,22.671550827426,22.69281005859375,29613600
2012-09-20,22.498437624795347,22.80214222885441,22.40732531674473,22.7565860748291,23487600
2012-09-21,22.953046636561908,22.962198196899372,22.727299614229292,22.782211303710938,25396400
2012-09-24,22.58392917739033,22.727309894081827,22.58087788007875,22.666297912597656,14781000
2012-09-25,22.727297515562192,22.770006344831145,22.397827409095992,22.41918182373047,26986600
2012-09-26,22.32765936261096,22.355114035507206,22.129367079909915,22.20563316345215,31606200
2012-09-27,22.37647069802346,22.57171170534637,22.28190148969854,22.507648468017578,16654600
2012-09-28,22.44358773590314,22.46494215072971,22.266649825936337,22.40087890625,16897200
2012-10-01,22.556462721249975,22.736449601989534,22.483245588700644,22.51375389099121,22242800
2012-10-02,22.666293818721712,22.666293818721712,22.416141015885344,22.55341911315918,17582200
2012-10-03,22.510697733404747,22.541203701649938,22.16902483767253,22.27579689025879,25151600
2012-10-04,22.400880303328176,22.556463808171703,22.355120175143988,22.49850082397461,22754600
2012-10-05,22.62663074600354,22.654087758053045,22.373426682185123,22.446643829345703,27778400
2012-10-08,22.321562086402533,22.510702856498174,22.30020767102534,22.483245849609375,10885600
2012-10-09,22.504600003830028,22.690689476010373,22.477145324716545,22.51375389099121,20581200
2012-10-10,22.38258228235809,22.419188531279833,22.03175765629494,22.092769622802734,30383600
2012-10-11,22.306314942027296,22.443593022899776,22.245300651395034,22.257503509521484,16543400
2012-10-12,22.25140305351939,22.29106059649764,21.976844566669854,22.13547706604004,21523600
2012-10-15,22.095810343320004,22.281899777792564,21.93717790985393,22.248342514038086,16188000
2012-10-16,22.379524824127223,22.64493169302308,22.379524824127223,22.60222053527832,26698600
2012-10-17,22.666290372955974,22.901188983737818,22.620530238335398,22.885934829711914,20691400
2012-10-18,22.782216950367598,22.937800497037028,22.766962794386455,22.882888793945312,28824800
2012-10-19,22.86458567168473,22.910345816834703,22.440546159713122,22.52291488647461,28185200
2012-10-22,22.53206809590971,22.605282937023183,22.18429469129842,22.41004180908203,21687800
2012-10-23,22.031754992775724,22.05310941121755,21.72974183839642,21.88837432861328,30857000
2012-10-24,21.998198460667478,22.040907298994913,21.680931142051453,21.72058868408203,21391000
2012-10-25,21.937184927778862,21.97684246696817,21.665675435782347,21.92498207092285,19586400
2012-10-26,21.88227293052109,22.08666554323095,21.84261306442785,21.952436447143555,22016800
2012-10-31,22.040904063071356,22.108018607005974,21.76634562309191,21.946334838867188,22251600
2012-11-01,21.86091810281978,22.083613832649583,21.82430953344944,22.040904998779297,18981600
2012-11-02,22.114119649620562,22.175133931461794,21.604662615394854,21.67787742614746,22529800
2012-11-05,21.635171199223887,21.900578120431895,21.61076548354696,21.842615127563477,14834800
2012-11-06,21.952436394108773,22.288006806059634,21.940233537452407,22.193437576293945,21038400
2012-11-07,21.867015494353275,21.915824586310798,21.46127929843572,21.613811492919922,38087200
2012-11-08,21.59855976828791,21.680926129603513,21.211126689158295,21.223329544067383,30026600
2012-11-09,21.156219370703134,21.467386416442732,21.095207411026426,21.217233657836914,24455400
2012-11-12,21.299596728611473,21.324002439675112,21.171470236712423,21.259939193725586,11166800
2012-11-13,21.070802624175375,21.449081911236743,21.049448204602328,21.17147445678711,22601200
2012-11-14,21.23858438554408,21.27824191969639,20.86030285342512,20.91521453857422,38484200
2012-11-15,20.924367281769268,21.13181117879355,20.802343376719406,20.942672729492188,29302200
2012-11-16,20.973179279042125,21.055545649947888,20.67421511760167,21.025039672851562,42955400
2012-11-19,21.311803233020232,21.543652872907277,21.296549079129555,21.510095596313477,22916200
2012-11-20,21.45213157788244,21.534497953561953,21.27519364202927,21.4246768951416,15425000
2012-11-21,21.49178268740772,21.56804877547866,21.40331607340698,21.54059410095215,11737000
2012-11-23,21.641278028048667,21.845670700073242,21.589415290219023,21.845670700073242,9004800
2012-11-26,21.656525427799725,21.671779581827717,21.482638778183432,21.632122039794922,18781000
2012-11-27,21.568058755684582,21.662630331324014,21.41247753979618,21.45213508605957,15576000
2012-11-28,21.247741384915216,21.68093238563031,21.180626827277646,21.647375106811523,23175800
2012-11-29,21.790751475791886,21.876169140458213,21.619916146459225,21.696182250976562,21902200
2012-11-30,21.720586259707886,21.796852366416772,21.598562350939165,21.67787742614746,16730200
2012-12-03,21.842620483679866,21.87312647202795,21.53450464821149,21.558910369873047,19533000
2012-12-04,21.568058021554684,21.66872985955515,21.467388511011517,21.479591369628906,22791600
2012-12-05,21.546705376090223,21.748049068680032,21.48874470220383,21.629074096679688,25062200
2012-12-06,21.58330466142831,21.699228286743164,21.546696098323178,21.699228286743164,16213600
2012-12-07,21.772447441982795,21.833459392054053,21.665673038173036,21.830408096313477,20768800
2012-12-10,21.821264936960677,21.9066826309259,21.760252963401978,21.806013107299805,11671600
2012-12-11,21.89448318270076,22.01650947629202,21.851774329062515,21.93414306640625,15749400
2012-12-12,22.0012458596413,22.214790013451044,21.940231581798006,22.01344871520996,18386600
2012-12-13,21.985991332556967,21.98904262826116,21.720584465252276,21.809053421020508,21534600
2012-12-14,21.662628939494233,21.769401039848898,21.632122957601077,21.72669219970703,18883400
2012-12-17,21.799904533741483,21.934133631700618,21.760246994552176,21.92498207092285,18989000
2012-12-18,21.92192347945961,22.376468690657518,21.879214658405107,22.327659606933594,22374000
2012-12-19,22.364276967316897,22.38868268505232,22.162935614643033,22.175138473510742,16181200
2012-12-20,22.178179735748067,22.342914782030945,22.132421940216602,22.32461166381836,18014800
2012-12-21,22.052027257959928,22.16241023174291,21.96617435375454,22.098020553588867,30420400
2012-12-24,22.052026513955294,22.0734897392825,21.892585745712623,21.929378509521484,7179600
2012-12-26,22.061224813352613,22.070425343666166,21.800599264722198,21.831260681152344,13040200
2012-12-27,21.83432353775384,21.858853602145338,21.52157340436715,21.791397094726562,23321600
2012-12-28,21.65956593270614,21.671830973401484,21.39280656104637,21.411205291748047,23604800
2012-12-31,21.37439806160326,21.90484965943214,21.331471613144966,21.89871597290039,32769600
2013-01-02,22.367850642972655,22.389313875109494,22.07656358692744,22.383182525634766,29091600
2013-01-03,22.349451574812978,22.576348907235385,22.248266775738827,22.37704849243164,19572000
2013-01-04,22.41077921379306,22.656075323542765,22.39851651369094,22.62541389465332,18585400
2013-01-07,22.521158859344567,22.521158859344567,22.36478489361195,22.450637817382812,15946800
2013-01-08,22.38931118991041,22.39544487796637,22.236001738943486,22.37704849243164,14751400
2013-01-09,22.441432883096375,22.46902745488388,22.245197019331837,22.340248107910156,14745000
2013-01-10,22.524225226221148,22.582483568681035,22.401577192297704,22.542621612548828,16733600
2013-01-11,22.56714647441933,22.603941577892076,22.487424919886447,22.570213317871094,12732800
2013-01-14,22.557950362465526,22.637671924346062,22.493560679940753,22.57328224182129,16794200
2013-01-15,22.487433150845565,22.69286962961809,22.44144217881596,22.674470901489258,19279000
2013-01-16,22.637674359980934,22.778718775827084,22.60394609322244,22.775651931762695,17170400
2013-01-17,22.889098332275793,23.063870988639046,22.824708652491044,22.91975975036621,21004000
2013-01-18,22.93815701763022,23.146657943725586,22.889099214657612,23.146657943725586,26813000
2013-01-22,23.1068040954857,23.39809116019581,23.04241439715979,23.367429733276367,20299600
2013-01-23,23.312244087943846,23.352106058342493,23.198796545898492,23.2877140045166,14338600
2013-01-24,23.315300146880542,23.54526430915858,23.290770074801607,23.355159759521484,17641600
2013-01-25,23.468609685383086,23.624985971386977,23.428750072577422,23.575925827026367,15590600
2013-01-28,23.664847342185066,23.664847342185066,23.39808805086948,23.536067962646484,14902400
2013-01-29,23.60045792081823,23.962268328862802,23.59125972779181,23.916275024414062,23292000
2013-01-30,23.965342821636998,24.097186749516524,23.756841802332982,23.796701431274414,19886000
2013-01-31,23.720043010390288,23.83655737341756,23.631123230981178,23.716976165771484,21030600
2013-02-01,23.84268350468271,23.968396022399332,23.658712654261443,23.937734603881836,23636600
2013-02-04,23.73230536383701,23.818158288911608,23.69551025052643,23.71084213256836,21348000
2013-02-05,23.873348564079674,23.98066471491564,23.781361955182195,23.916275024414062,23370200
2013-02-06,23.787495034157352,23.943868990234666,23.716971657233334,23.93160629272461,22772800
2013-02-07,23.913203857359456,23.968395344857303,23.710836629411492,23.870277404785156,23861800
2013-02-08,23.904015415755932,24.103318220750047,23.904015415755932,24.094120025634766,18895400
2013-02-11,24.097178772371436,24.097178772371436,23.940804814147597,23.974533081054688,13922000
2013-02-12,24.029725070444165,24.081849724253914,23.900943349015183,24.038923263549805,14405400
2013-02-13,24.063452089128646,24.146238162099422,24.048120208537203,24.124774932861328,11385800
2013-02-14,24.07570810061356,24.379262408948172,24.005187083836265,24.333269119262695,14621400
2013-02-15,24.30261553307741,24.3118137261138,23.925473243368998,24.05425262451172,28675600
2013-02-19,24.143164613576808,24.354732342540466,24.137033266632827,24.333269119262695,15394000
2013-02-20,24.324077714943126,24.327142219612085,23.802824185285356,23.82428741455078,25535400
2013-02-21,23.70469952257091,23.747625968952494,23.480869100626336,23.658708572387695,24524800
2013-02-22,23.80895792804505,23.916274074619135,23.618853368887713,23.907075881958008,13129200
2013-02-25,24.063459330433485,24.137047232920477,23.26624808610828,23.281579971313477,27616000
2013-02-26,23.410350853415917,23.569793979897604,23.137460239304666,23.51153564453125,33703000
2013-02-27,23.441010539725923,23.934667083646605,23.441010539725923,23.870277404785156,21989200
2013-02-28,23.845746219984623,24.060380812136696,23.808953456250517,23.821218490600586,19879800
2013-03-01,23.726168071010957,23.89480939058658,23.618851930970283,23.851882934570312,26525400
2013-03-04,23.769098960684676,23.83349099603655,23.563664834384788,23.799762725830078,20843400
2013-03-05,23.959202943523657,24.045055869419656,23.858018135439043,23.95307159423828,19969800
2013-03-06,24.054249265543753,24.10024256361977,23.8917416397493,23.980661392211914,16400200
2013-03-07,24.035860713493925,24.143176884426577,23.928544542561273,24.103317260742188,16932400
2013-03-08,24.20143698319817,24.259695339901175,24.066523878966898,24.219833374023438,15633400
2013-03-11,24.140103834740415,24.271950037881712,24.035852206078893,24.232088088989258,16334200
2013-03-12,24.253553735887625,24.388466796095326,24.183032701191042,24.259687423706055,17046600
2013-03-13,24.222896586430775,24.29648447801373,24.143175005947715,24.204500198364258,15565400
2013-03-14,24.2443518438236,24.572433912550363,24.2443518438236,24.5356388092041,21982200
2013-03-15,24.528566799874387,24.624043895329425,24.41153028448432,24.516246795654297,22493200
2013-03-18,24.205165978882963,24.46696187883696,24.186687152928503,24.319124221801758,16094000
2013-03-19,24.359165256653792,24.359165256653792,23.835578096260924,24.051172256469727,24704200
2013-03-20,24.22672614880138,24.26676438566928,24.048089676991324,24.18668556213379,13646000
2013-03-21,24.069652997068875,24.257528911752004,24.04501299354976,24.063491821289062,16555000
2013-03-22,24.13125027118118,24.294486179741632,24.11585203157738,24.25444793701172,15809600
2013-03-25,24.349926167797662,24.451564423167763,24.060414341622426,24.162050247192383,19679000
2013-03-26,24.291402955058977,24.44847765569293,24.25444295795711,24.417678833007812,13862400
2013-03-27,24.28216050571899,24.53779519138455,24.217482274972188,24.497756958007812,11389400
2013-03-28,24.497763174797008,24.59940142739161,24.41460375001958,24.426923751831055,13790600
2013-04-01,24.426921237578767,24.497760653253252,24.21132710256918,24.377643585205078,14815600
2013-04-02,24.41768642835863,24.4361652577578,24.162051655935432,24.239049911499023,16816200
2013-04-03,24.248288219355057,24.263686458392556,23.712378745171257,23.786298751831055,31487000
2013-04-04,23.76782079623658,23.900257888866417,23.604584871557996,23.75550079345703,27505400
2013-04-05,23.447509588230762,23.835581481522848,23.404390750065023,23.807863235473633,33239600
2013-04-08,23.844812305587702,23.980329948024703,23.761655247601105,23.96800994873047,17807200
2013-04-09,24.02345178369656,24.27292533874514,23.909493538281836,24.171289443969727,19159600
2013-04-10,24.232885096778315,24.39612098226787,24.195925097312873,24.300643920898438,18383600
2013-04-11,24.41152044271485,24.52239808619361,24.24828456475989,24.405359268188477,22622600
2013-04-12,24.242125570804486,24.288324984709526,23.89101378480588,24.02345085144043,38874200
2013-04-15,23.75550193112254,23.767821934492105,23.025559942428853,23.044038772583008,49586400
2013-04-16,23.2750229060041,23.361260540357755,23.00706824229156,23.327381134033203,32920800
2013-04-17,23.121032534954345,23.145672536901742,22.64364248387324,22.816120147705078,41253400
2013-04-18,22.88079634282486,23.154909878008944,22.67136104461457,23.01015281677246,41071200
2013-04-19,23.185714089839255,23.231913512640315,22.825362821631455,22.963958740234375,26833000
2013-04-22,23.077907278247316,23.305821358276948,22.87771143033783,23.210344314575195,26696000
2013-04-23,23.302748019573794,23.499863322082394,23.191870368187736,23.478303909301758,27895200
2013-04-24,23.56454154542473,23.903333324533254,23.539901545176903,23.792455673217773,27430200
2013-04-25,23.850976564455163,24.097369532803725,23.69698007806235,23.810935974121094,27277600
2013-04-26,23.75857309843951,23.829412502274486,23.58301723218698,23.770893096923828,22324800
2013-04-29,23.915659918631608,24.10969468703267,23.80786282507546,24.011137008666992,24429400
2013-04-30,24.038850961193894,24.115849199570814,23.82325448385867,24.10660743713379,20071000
2013-05-01,23.90025640446579,23.964934652691188,23.70314107183598,23.73086166381836,30648000
2013-05-02,23.826344568269214,24.109697634485897,23.743185121787793,24.04193878173828,27194200
2013-05-03,24.21133163899365,24.540884078427162,24.205170462667635,24.476205825805664,28098000
2013-05-06,24.488516820845756,24.741070911906977,24.488516820845756,24.642513275146484,24014400
2013-05-07,24.753396722383453,24.941272628728008,24.660997888187786,24.833473205566406,19401200
2013-05-08,24.814994756214062,24.91971359321581,24.71951768261247,24.87351417541504,14340800
2013-05-09,24.882758062653423,24.972076326513324,24.716441538548818,24.851959228515625,16271200
2013-05-10,24.713351988235736,24.76263198482583,24.50699728956375,24.722591400146484,26442200
2013-05-13,24.661001142813987,24.731840571686337,24.5809222992627,24.719520568847656,14846200
2013-05-14,24.741074841964267,25.070627212524414,24.725674254168087,25.070627212524414,19200600
2013-05-15,24.953586965991153,25.07986519930057,24.790351083751883,24.999786376953125,26097200
2013-05-16,24.928955141341245,25.067551056810743,24.82115570730919,24.87659454345703,24110800
2013-05-17,25.012112239651202,25.320105251861854,24.98439399645634,25.292387008666992,29314200
2013-05-20,25.280067520867966,25.70509704044358,25.280067520867966,25.649658203125,20384400
2013-05-21,25.711261668568447,25.819058769549034,25.511065709718462,25.59730339050293,21676600
2013-05-22,25.63426501699484,25.856018060197197,25.178434225844004,25.301631927490234,39678800
2013-05-23,24.98439146720333,25.31394386291504,24.901232046436846,25.31394386291504,25583400
2013-05-24,25.089112732505047,25.16919158077282,24.94743621621617,25.16611099243164,17330000
2013-05-28,25.52029893001631,25.634257180416334,25.301624192600045,25.430980682373047,21416800
2013-05-29,25.24002591968815,25.471020674352044,25.19074826058927,25.37554359436035,25506000
2013-05-30,25.304708484924014,25.443304408570807,25.1414702051129,25.317026138305664,24149600
2013-05-31,25.212297012942688,25.292375818632475,24.790345926968648,24.793426513671875,30014400
2013-06-03,24.885838894881967,25.039835416880493,24.7718806226749,25.033674240112305,36730800
2013-06-04,24.910471230431057,25.06754830725416,24.651758256651778,24.8365535736084,31962000
2013-06-05,24.76263552317142,24.851953767404016,24.531640793197433,24.547039031982422,35592200
2013-06-06,24.562444929170145,24.744159694785825,24.362248983298333,24.731842041015625,36648400
2013-06-07,24.895062924237468,25.064457583863913,24.750305907055548,25.042898178100586,21164000
2013-06-10,25.150709102390167,25.15686792837882,24.88891317677111,24.97207260131836,15888000
2013-06-11,24.66714500887588,24.830383185135346,24.562428572957316,24.59322738647461,21191800
2013-06-12,24.83962910562689,24.88274792581396,24.386879143863183,24.442317962646484,18689400
2013-06-13,24.43616674335391,24.916637485145124,24.40536790921611,24.851959228515625,24786000
2013-06-14,24.867349581182367,24.8919895805954,24.55319781296506,24.611717224121094,20796800
2013-06-17,24.778039732961183,25.030593937934515,24.76572207888485,24.96591567993164,22195000
2013-06-18,24.93203379591351,25.184587975959595,24.92279438136796,25.107589721679688,15483400
2013-06-19,25.086029885593288,25.224628150862983,24.851956888347036,24.87659454345703,30107200
2013-06-20,24.550124024314414,24.56244402743274,24.075814478360364,24.149734497070312,50979600
2013-06-21,24.35212167895707,24.37687740995212,23.90648546618364,24.19119644165039,41108400
2013-06-24,23.92815475917885,24.098363737352997,23.52584391680118,23.83222007751465,37809600
2013-06-25,24.09526246986262,24.21595522073599,23.934337227990348,24.138587951660156,25080600
2013-06-26,24.256189183859,24.361409914182154,24.079791876932642,24.287137985229492,22405600
2013-06-27,24.410928239144614,24.553283779612737,24.321181892989443,24.333560943603516,16327000
2013-06-28,24.240711840317342,24.423297450930452,24.154060881988304,24.231428146362305,21635400
2013-07-01,24.383065198096983,24.608976268183152,24.333549019904144,24.404727935791016,23921400
2013-07-02,24.410921311463962,24.664685874379323,24.336649389919952,24.45734214782715,17383600
2013-07-03,24.392359258525374,24.48210559884804,24.246908374590785,24.441875457763672,10511600
2013-07-05,24.58421913522448,24.754425675647514,24.398535838673975,24.745141983032227,20617000
2013-07-08,24.865842029334026,25.05461837162213,24.85036999077418,24.90607452392578,23158400
2013-07-09,25.045337107918453,25.193883331099002,24.9958209131709,25.159841537475586,18514600
2013-07-10,25.252670221792602,25.252670221792602,24.95248491052791,25.005096435546875,21623000
2013-07-11,25.320765113718686,25.33933250670592,25.07009586414235,25.206260681152344,28972400
2013-07-12,25.17530565827747,25.364081959511473,25.169117316411718,25.348609924316406,17555600
2013-07-15,25.36408148487999,25.413597663124925,25.280525885418328,25.32694435119629,20790200
2013-07-16,25.342410009319973,25.391926170492166,25.011278354927626,25.17220115661621,13447600
2013-07-17,25.246487963398838,25.357897020423366,25.206255472157835,25.28362274169922,15846000
2013-07-18,25.37027275369748,25.624037270210884,25.357893708860075,25.552858352661133,18839000
2013-07-19,25.64570985260405,25.90875816345215,25.58690995732117,25.90875816345215,21369600
2013-07-22,25.871616149464185,25.94279508095084,25.800439579039374,25.8251953125,13604600
2013-07-23,25.89018584014706,25.98302515279577,25.837574299144762,25.868520736694336,12019400
2013-07-24,25.89636680820596,25.91493419323553,25.450730679006977,25.58070945739746,18677200
2013-07-25,25.55905336065673,25.78496685600295,25.484781433322656,25.750925064086914,19242200
2013-07-26,25.63332869583728,25.704505273795977,25.463119729306317,25.685937881469727,13660200
2013-07-29,25.605466719741163,25.627129457262193,25.370271958387477,25.472394943237305,16587200
2013-07-30,25.478596159298224,25.531205349120253,25.277440735850274,25.42289161682129,15870400
2013-07-31,25.46931586051188,25.692131699085426,25.450746103167134,25.506450653076172,22495000
2013-08-01,25.713788837552578,25.948986037076434,25.704505141437256,25.92113494873047,21293400
2013-08-02,25.825192754732928,25.84066715254233,25.639511786328182,25.806625366210938,16371000
2013-08-05,25.71378882333866,25.76330501734245,25.61475879639316,25.74473762512207,10382000
2013-08-06,25.68283918837995,25.8097226489373,25.515725595994606,25.586904525756836,12988800
2013-08-07,25.5157349840229,25.59310228520073,25.391949190988502,25.497167587280273,14067200
2013-08-08,25.62093963299971,25.69211618313816,25.413595962859123,25.636411666870117,13478600
2013-08-09,25.630224706661192,25.689024577296312,25.43526006974764,25.559045791625977,19630000
2013-08-12,25.385752579664178,25.54977084223851,25.376468883452365,25.450740814208984,12627000
2013-08-13,25.475504837392986,25.55596749171547,25.3331492865533,25.497167587280273,13832600
2013-08-14,25.438357991553413,25.546674060787154,25.360990719850314,25.379560470581055,12425000
2013-08-15,25.221731834257664,25.351708290552363,25.128890159154665,25.240299224853516,21638000
2013-08-16,25.190790878580334,25.231021020647354,25.039151646568214,25.138181686401367,17900800
2013-08-19,25.076293980610632,25.104147442008443,24.72349920999236,24.73897361755371,21694800
2013-08-20,24.751332464962292,25.685927836533086,24.711099982572907,24.890592575073242,18071200
2013-08-21,24.82251434548142,24.971060541084977,24.704916946380624,24.754430770874023,18975800
2013-08-22,24.86584361296276,25.221733577371204,24.813234428597365,25.122703552246094,16674400
2013-08-23,25.203162676650354,25.34242281847935,25.051521127209693,25.30219268798828,14785000
2013-08-26,25.37336356480211,25.47239355393434,25.20934536665134,25.258861541748047,14524000
2013-08-27,25.07319024908085,25.28362937185961,25.051527502371076,25.101043701171875,20401000
2013-08-28,25.181495884028923,25.61784598966779,25.172209829814197,25.518815994262695,23796400
2013-08-29,25.47239684578238,25.487871242765184,25.209348624505143,25.252674102783203,22817600
2013-08-30,25.348615575350493,25.379562013700973,25.181501974983604,25.24339485168457,17082600
2013-09-03,25.49716264539662,25.586908980695704,25.305290925681803,25.429079055786133,17268800
2013-09-04,25.398123483877466,25.64260430365996,25.342418963407262,25.565237045288086,14980000
2013-09-05,25.6147507598256,25.769485275946735,25.602374076269893,25.651887893676758,12230200
2013-09-06,25.75401296443013,25.84994760785548,25.472395014804178,25.648792266845703,16046200
2013-09-09,25.74164454944463,25.967558072709146,25.7045074006572,25.936609268188477,16869800
2013-09-10,25.96445063617507,25.98301802139637,25.72306518405343,25.945880889892578,18304400
2013-09-11,25.942788451884695,26.143943786621094,25.825188713483687,26.143943786621094,21400400
2013-09-12,26.091336943770013,26.168704212478676,25.97064419346943,25.989213943481445,21404800
2013-09-13,26.01087585833834,26.082052421095668,25.93350859208637,25.97992706298828,11958000
2013-09-16,26.18107949298686,26.199649240327854,25.936598675705515,25.973735809326172,16112600
2013-09-17,25.979931945451646,26.165615308201524,25.945890153018304,26.091341018676758,10843800
2013-09-18,26.085149547828042,26.5153113885748,26.00778227631155,26.406997680664062,22313200
2013-09-19,26.44722694319507,26.533877906677557,26.295587757100716,26.342008590698242,18277000
2013-09-20,26.3584885895845,26.423778263465074,26.078674007229484,26.128419876098633,27947800
2013-09-23,26.06002249042695,26.119095121234757,25.92633342260817,26.00094985961914,17040200
2013-09-24,25.994722177346375,26.21857376881749,25.920105770860268,26.02581214904785,11080800
2013-09-25,26.100433381518215,26.181269220498887,26.013380495852832,26.01959991455078,22387400
2013-09-26,26.08489238205717,26.125309119884342,25.941876572807,26.06623649597168,15440400
2013-09-27,25.957412616196525,26.010268176953083,25.87346945595716,25.9760684967041,14342000
2013-09-30,25.66206026432354,25.86725602126418,25.615424110287336,25.777095794677734,20866400
2013-10-01,25.70558734428273,26.01027483577237,25.693150878098113,25.941875457763672,21688200
2013-10-02,25.833061097334134,26.032042216052997,25.69626469148298,26.00094985961914,15428400
2013-10-03,25.97607716392453,25.991620968852306,25.64962642426482,25.773988723754883,20280200
2013-10-04,25.829941479283782,26.103536532927848,25.71801569097197,26.035137176513672,18626200
2013-10-07,25.76466238808998,25.98540434659131,25.733570033698395,25.82062530517578,15857400
2013-10-08,25.8299482936325,25.885911202552307,25.51904377119209,25.543916702270508,21146800
2013-10-09,25.543924678747317,25.56568790723351,25.279653854539795,25.45376205444336,26219400
2013-10-10,25.6309665320741,25.92943455337758,25.624747114039646,25.92632484436035,25655200
2013-10-11,25.811286718716822,26.2869725256676,25.786416165134867,26.20613670349121,23850800
2013-10-14,26.050684607206865,26.39889845124093,25.991612001626354,26.383352279663086,16739800
2013-10-15,26.286985397338867,26.4579815075036,26.18749601825691,26.286985397338867,22783600
2013-10-16,26.464191532248286,26.76265956352766,26.451755067776677,26.68182373046875,25208800
2013-10-17,26.653844074615336,26.75022371146042,26.579225286077417,26.7377872467041,24574000
2013-10-18,26.9460875833926,27.04557691055959,26.824835040033232,27.030033111572266,25901200
2013-10-21,27.01760862492298,27.123315044137488,26.849719866158424,26.90879249572754,15707000
2013-10-22,27.039373750287485,27.232133086399756,26.93988437203196,27.058027267456055,28575800
2013-10-23,26.834163911737758,26.859036838495786,26.557459124590014,26.63518524169922,33670600
2013-10-24,26.663179232230785,26.80930477414796,26.49218075296306,26.76266860961914,15746600
2013-10-25,26.821730701379668,26.99583883778939,26.744004574843604,26.92432975769043,17492200
2013-10-28,26.939881279965395,27.005170954575558,26.799972801217663,26.94609832763672,15322400
2013-10-29,27.014491530885977,27.154397605608096,26.99272831099558,27.135744094848633,12934000
2013-10-30,27.126433591706572,27.241469178341603,26.740912448951246,26.952327728271484,22793200
2013-10-31,26.97408248652851,27.10466184307962,26.771994031667752,26.859046936035156,18169600
2013-11-01,26.849721518332213,26.874594455682768,26.43932754010353,26.76266860961914,24695200
2013-11-04,26.89323708682321,27.11708868833964,26.834164477530567,27.095325469970703,14466400
2013-11-05,26.97717814849263,27.051796924523448,26.824835631785298,26.849708557128906,16054600
2013-11-06,27.011396478182576,27.132649107937105,26.837290624589272,26.93056297302246,18167400
2013-11-07,27.0020647661808,27.039374173115252,26.426891715021355,26.513944625854492,41767000
2013-11-08,26.52637881653932,26.933663059533842,26.48906941280929,26.90879249572754,26485800
2013-11-11,26.955420716686888,27.045583311397596,26.87147754065318,26.95853042602539,10358200
2013-11-12,26.908790895002706,26.95231734409162,26.632086023503067,26.70981216430664,17361400
2013-11-13,26.591658161067983,26.946089056730468,26.588548452295424,26.942981719970703,21806800
2013-11-14,26.930552341967427,27.123311640348323,26.915006166027425,27.104658126831055,19336200
2013-11-15,27.207254839442374,27.26010803784058,27.051802581555968,27.253890991210938,14739600
2013-11-18,27.368922782588818,27.393795711896598,26.958528937062816,27.045581817626953,20932400
2013-11-19,26.992729052243515,27.182380990216334,26.862149729315284,27.09221839904785,18912800
2013-11-20,27.20414725565159,27.29430985691193,26.946095918114768,27.026931762695312,26525600
2013-11-21,27.1202093445819,27.32851485762805,27.086009648766698,27.284988403320312,14242800
2013-11-22,27.37826051515168,27.43422344252549,27.135755287203192,27.431116104125977,15119000
2013-11-25,27.40312835633008,27.40312835633008,27.045587629737604,27.18238639831543,19505200
2013-11-26,27.15440752911146,27.28498926818765,27.00517464447286,27.113990783691406,13549200
2013-11-27,27.039379131518274,27.16374147209107,26.775110640310054,26.93056297302246,18638600
2013-11-29,26.927446946182894,27.107772179116186,26.799974924691288,26.87459373474121,9953400
2013-12-02,26.90257245473526,27.07667825742883,26.740903119664612,26.893245697021484,19238800
2013-12-03,26.83106080730558,27.04247597407232,26.7750978992787,26.95853042602539,21690200
2013-12-04,26.92433223605029,27.014494835773085,26.656954146393268,26.871479034423828,20068600
2013-12-05,26.80307425332129,26.918109761915296,26.728457844185847,26.78131103515625,20142200
2013-12-06,27.014503510905623,27.06113968049892,26.78132503495327,26.865270614624023,23346000
2013-12-09,26.92433203953268,27.00516788214472,26.78131623922728,26.902568817138672,26144200
2013-12-10,26.84040081204979,26.983416676043213,26.787547587272428,26.821744918823242,21122800
2013-12-11,26.84971659696853,26.84971659696853,26.386469490790244,26.442432403564453,29365400
2013-12-12,26.43933529017107,26.672513809152104,26.38958940088813,26.554370880126953,21967200
2013-12-13,26.49217525457593,26.50772143019692,26.346049742986754,26.467302322387695,24326800
2013-12-16,26.61032288035165,26.784431064773234,26.535706442464566,26.697378158569336,24321600
2013-12-17,26.675606562173975,26.722240338712783,26.457971992936333,26.545024871826172,19712400
2013-12-18,26.62275729241476,26.955425085150512,26.367815641645436,26.94609832763672,30528000
2013-12-19,26.852832391808064,27.03626497568377,26.793759756044853,27.023828506469727,22421200
2013-12-20,27.015387815895306,27.17781257521351,26.999771608732356,27.071611404418945,31388600
2013-12-23,27.17156934729685,27.28089235045317,27.065370539391488,27.099729537963867,19535800
2013-12-24,27.121587577643233,27.274639745037412,27.087228587382597,27.249650955200195,11188800
2013-12-26,27.324620408105563,27.480796787618356,27.280888829424544,27.443313598632812,17715200
2013-12-27,27.53702789220404,27.615116103264427,27.446445281406426,27.577632904052734,11731800
2013-12-30,27.61197872126337,27.640089319950405,27.352725412416056,27.38083839416504,14091400
2013-12-31,27.446435763506432,27.655711524640285,27.34648298333338,27.64634132385254,16150800
2014-01-02,27.48078988290864,27.561999864045852,27.143448415985045,27.252771377563477,22267200
2014-01-03,27.280885872634943,27.39021123289481,27.096598908653426,27.152822494506836,19428600
2014-01-06,27.234042542431464,27.280893557955928,27.03725874497733,27.1903133392334,18513200
2014-01-07,27.2684056825627,27.415209525265997,27.12784546546015,27.396469116210938,13302000
2014-01-08,27.39959032015944,27.408960523663783,27.1028537051652,27.205930709838867,21883000
2014-01-09,27.234033009972908,27.280884009098585,26.896691517895984,27.121585845947266,24445400
2014-01-10,27.140340846137835,27.17782404866502,26.9654240004709,27.143465042114258,20940200
2014-01-13,27.068488020898897,27.109093016839285,26.578091959827415,26.60308074951172,33435200
2014-01-14,26.709282311073622,26.962287256966313,26.709282311073622,26.949792861938477,26444200
2014-01-15,26.98728121243984,27.012270007278417,26.83110481929269,26.8717098236084,23335800
2014-01-16,26.821732738843554,26.915437138332756,26.696791156462147,26.909191131591797,22594200
2014-01-17,26.974782422928946,27.121588589873998,26.83110045059569,26.865459442138672,25265800
2014-01-21,27.055993979042597,27.14969836698804,26.85921023653902,27.087228775024414,25451600
2014-01-22,27.152819965034283,27.243402532863172,27.04037280380269,27.212167739868164,21115200
2014-01-23,27.06537126670446,27.12159486741897,26.774883060189964,26.90294647216797,29801600
2014-01-24,26.74051116940042,26.74051116940042,26.32508156345389,26.340700149536133,34852200
2014-01-27,26.387565652805108,26.440665056991307,26.062718454095773,26.247005462646484,32109000
2014-01-28,26.30946776021053,26.48750869570425,26.237625593965543,26.446901321411133,18225600
2014-01-29,26.21576803468458,26.481267412098738,26.078332053549598,26.30010223388672,40249800
2014-01-30,26.47813812932787,26.521869701064322,26.23450339726705,26.38443374633789,24531400
2014-01-31,26.07833673888357,26.275120544147686,25.93465472509277,26.043977737426758,31966400
2014-02-03,26.01898410324719,26.12830708524827,25.544206605610658,25.57856559753418,50345600
2014-02-04,25.722239225987956,25.906528521337002,25.628534864558556,25.84093475341797,40679600
2014-02-05,25.84094952494115,25.847195532715595,25.55358312299647,25.587942123413086,54541800
2014-02-06,25.65666039471325,26.031482824765785,25.64729019142137,25.969013214111328,26056600
2014-02-07,26.12831799337186,26.290740436858865,25.969017362772274,26.25013542175293,24804600
2014-02-10,26.243874330493462,26.278233320135033,26.01273398631917,26.12205696105957,15922000
2014-02-11,26.150171675243183,26.553106994287575,26.122058689557058,26.4625244140625,21739400
2014-02-12,26.543735466713468,26.596834857723813,26.37194051572453,26.40005111694336,13624800
2014-02-13,26.275116915083107,26.593715704604083,26.203274726578933,26.52499771118164,19598000
2014-02-14,26.54686263989481,26.924809225343395,26.506257635579104,26.8717098236084,25236600
2014-02-18,26.912312649177167,27.027881635356284,26.865459262562446,26.99352264404297,17708000
2014-02-19,26.909192239546687,27.30275740618084,26.909192239546687,27.02788543701172,47644000
2014-02-20,27.018519490563158,27.259030118405448,26.981036293482838,27.205930709838867,18873800
2014-02-21,27.265279490363284,27.271525498569908,26.974791255963112,26.99040985107422,23165600
2014-02-24,27.071621855231776,27.63698215337914,27.056005642040294,27.396469116210938,37227800
2014-02-25,27.343359539691367,27.437063933204637,27.162194375945123,27.38396453857422,19166600
2014-02-26,27.39645468668208,27.42768947967709,27.127831177413494,27.212167739868164,20096600
2014-02-27,27.221543563008364,27.28401316190363,27.04350258478817,27.240283966064453,18666800
2014-02-28,27.2590300024782,27.4839244178778,27.21530079760194,27.37772560119629,20949000
2014-03-03,27.2121771513255,27.51515736953234,27.11534616157099,27.202804565429688,24927200
2014-03-04,27.440190632179245,27.580750809870565,27.333991833226392,27.49953842163086,21049000
2014-03-05,27.41519503375608,27.44018382132937,27.17156031257138,27.2434024810791,21730800
2014-03-06,27.262152174470323,27.468306167639277,27.246535964209585,27.44019317626953,15576600
2014-03-07,27.552632002382076,27.571372402224863,27.38708544893869,27.493284225463867,19705600
2014-03-10,27.46518325530406,27.555765858073546,27.305882651601664,27.537025451660156,17729000
2014-03-11,27.571374020866475,27.590116804871638,27.13408211178229,27.22466468811035,24536000
2014-03-12,27.034137424690066,27.296512648653852,27.006024431800867,27.227794647216797,18737400
2014-03-13,27.268399851904775,27.277770054428725,26.85297006421665,26.95604705810547,22545600
2014-03-14,26.924800210421367,27.08722493942667,26.887319413775405,26.98102378845215,21306800
2014-03-17,27.087231185068344,27.20904856837946,27.018513197956967,27.124711990356445,20838400
2014-03-18,27.22466451262608,27.43706207677666,27.14032794280191,27.35272789001465,13990400
2014-03-19,27.362107295625368,27.3714774991888,26.97791465114687,27.14658546447754,18645200
2014-03-20,27.012260862090926,27.29650056219485,26.921678298765414,27.252771377563477,17426800
2014-03-21,27.346000565218407,27.531193858156712,27.320888879632218,27.327165603637695,28260400
2014-03-24,27.411917560952382,27.537473596927967,27.22044514491561,27.270666122436523,20088000
2014-03-25,27.41192471540968,27.537480784155147,27.402508429340763,27.5155086517334,14337600
2014-03-26,27.609663473622987,27.68185896417366,27.36797010831876,27.386802673339844,17128800
2014-03-27,27.396220388061195,27.694416253581487,27.330304012259543,27.609664916992188,22772600
2014-03-28,27.700697258446475,28.01458617922207,27.68500185449473,27.954946517944336,19911200
2014-03-31,28.09305840941597,28.121307262790214,27.870197563039188,27.954946517944336,16903200
2014-04-01,27.96436670545125,28.124450747929167,27.951813254276637,28.12131118774414,20494600
2014-04-02,28.06166626057602,28.271971234750968,28.039694134838072,28.221750259399414,20017200
2014-04-03,28.28452406516342,28.51994069933483,28.23744025937277,28.40380096435547,21584000
2014-04-04,28.61724651074928,28.658053594809456,28.249997122899252,28.300220489501953,27995600
2014-04-07,28.234308059712763,28.29080816243205,27.82625389099121,27.82625389099121,22489600
2014-04-08,27.89531249655636,28.165257191409076,27.841949553782076,28.10561752319336,23288800
2014-04-09,28.193495925727436,28.253135572530667,27.94866301010847,28.23430061340332,14449000
2014-04-10,28.12758570875492,28.30964185319312,27.782308383126082,27.84194564819336,24596600
2014-04-11,27.703838148731286,27.926699005811457,27.69128230392335,27.76347541809082,26911800
2014-04-14,27.97691690005436,28.199777732518307,27.84508413630649,28.143280029296875,19922800
2014-04-15,28.124444467060933,28.529361428322773,28.03655595976978,28.51994514465332,44885800
2014-04-16,28.686298834227973,28.868354923090568,28.645494150082204,28.862075805664062,26073400
2014-04-17,28.899754887920075,29.213643830938555,28.849533902324065,29.125755310058594,37082000
2014-04-21,29.154006976015456,29.345479441298163,29.100646425305932,29.32350730895996,17012800
2014-04-22,29.241896917909592,29.358034301460677,29.1006454478091,29.27642250061035,12690400
2014-04-23,29.273275223115558,29.511829028145137,29.273275223115558,29.430219650268555,17123400
2014-04-24,29.51497462241308,29.584030567645982,29.38628141111919,29.43964195251465,17753000
2014-04-25,29.358031668064914,29.4490597464669,29.17283834615856,29.263866424560547,17744200
2014-04-28,29.364314113476137,29.389423411051528,29.06925771522443,29.314090728759766,22334000
2014-04-29,29.455339072953752,29.712730321033074,29.439646061708277,29.44906234741211,16545200
2014-04-30,29.383135969455665,29.467884906778494,29.235607824132664,29.423940658569336,21643200
2014-05-01,29.383140098594183,29.46161232353546,29.273279462632846,29.358028411865234,21430600
2014-05-02,29.30467289609711,29.63739442054199,29.263868194255856,29.417673110961914,17422000
2014-05-05,29.307813562762057,29.606007121991592,29.2544506186069,29.5557861328125,16074600
2014-05-06,29.58402841322353,29.756668263733477,29.558916726825313,29.59972381591797,14953400
2014-05-07,29.731558745505108,29.897919489156227,29.56519800185399,29.857114791870117,19261800
2014-05-08,29.797469035058903,29.847690006461267,29.405107967176416,29.430219650268555,21932600
2014-05-09,29.467893931563676,29.52125687340214,29.288977324836864,29.4019775390625,17421600
2014-05-12,29.536952506487808,29.62484103762568,29.445924415014193,29.609148025512695,10427800
2014-05-13,29.66565075026998,29.762955576201765,29.62170648083091,29.719011306762695,9977600
2014-05-14,29.75038468861017,29.82571734173896,29.69074504104303,29.731552124023438,9969200
2014-05-15,29.6719142296594,29.68133051250914,29.175969244795745,29.392553329467773,22897600
2014-05-16,29.33920235667883,29.423951324723078,29.169702025807545,29.317230224609375,29622000
2014-05-19,29.235620442423375,29.48673259324191,29.235620442423375,29.408260345458984,10064400
2014-05-20,29.345479441298163,29.461619223533145,29.267007197978458,29.32350730895996,9351200
2014-05-21,29.458477282727948,29.68133814837264,29.417672581620934,29.640533447265625,11714800
2014-05-22,29.640531140368182,29.76922435370968,29.574614753810472,29.612279891967773,13738400
2014-05-23,29.60601291882915,29.719013160085932,29.546373237392732,29.55265235900879,10561200
2014-05-27,29.637383990359922,29.703300360036227,29.52438381526288,29.634246826171875,10114600
2014-05-28,29.63110107619821,29.784905906640887,29.568321883826783,29.68446159362793,15071000
2014-05-29,29.740982938088077,29.954427555229266,29.659371127032703,29.938732147216797,14556600
2014-05-30,29.857110788803794,29.95127601486563,29.772359451087855,29.916748046875,11916000
2014-06-02,29.945001923243524,30.051723001117605,29.7943341956058,29.879085540771484,10151400
2014-06-03,29.810036146752093,30.020341183898534,29.80689658648314,29.98267364501953,11997200
2014-06-04,29.932452002610823,29.99836839812611,29.84142391505654,29.96697998046875,7373200
2014-06-05,29.935597688056955,30.189847036322178,29.875958005956914,30.139623641967773,12349600
2014-06-06,30.208666206807493,30.43152703209901,30.208666206807493,30.387582778930664,10840000
2014-06-09,30.42839658382333,30.594757349649957,30.35934062937845,30.434673309326172,11304000
2014-06-10,30.437811458515736,30.462923148928486,30.30911584123733,30.384450912475586,7532200
2014-06-11,30.293420115649592,30.541392647989156,30.227503730311085,30.500585556030273,11303400
2014-06-12,30.635548775246658,30.805049027756418,30.544520728818362,30.60102081298828,23739200
2014-06-13,30.682633668862874,30.896078172785366,30.50057756953274,30.8929386138916,19473200
2014-06-16,31.002810907692634,31.147201933824096,30.946310800227224,31.07814598083496,26773800
2014-06-17,31.01535860925772,31.062442418912827,30.8584141735954,31.05616569519043,20091000
2014-06-18,31.06872319175907,31.319832865320606,30.96513928395863,31.291584014892578,29727200
2014-06-19,31.310412308166136,31.52071725969891,31.22252381467673,31.514440536499023,17354000
2014-06-20,31.676534559111573,31.846821848134265,31.572472109626577,31.82790184020996,18192400
2014-06-23,31.925670391810502,32.01396700309619,31.843682056132202,31.941438674926758,15918400
2014-06-24,31.913047356110425,31.938275639707406,31.20036638875732,31.269742965698242,35497000
2014-06-25,31.140451284473542,31.537788349198784,31.10576299436807,31.506254196166992,27720600
2014-06-26,31.525171551468933,31.5661657063672,31.25397352761529,31.540937423706055,16160000
2014-06-27,31.465254981624085,31.556705701844635,31.358038389166413,31.540937423706055,16444200
2014-06-30,31.518865399722188,31.604010257960184,31.39588052084652,31.5661678314209,12589000
2014-07-01,31.64499525108932,31.742754223195654,31.506244539097974,31.585081100463867,13771600
2014-07-02,31.559847269385937,31.65129795318464,31.471550721139057,31.53777313232422,11852800
2014-07-03,31.68914790198627,31.68914790198627,31.48102060235414,31.65761375427246,7337600
2014-07-07,31.626082096730645,31.62923623352075,31.358038211206186,31.4148006439209,13864800
2014-07-08,31.367492057313438,31.443174484107214,31.241353075389824,31.364337921142578,20784600
2014-07-09,31.41481365525145,31.59140689421542,31.364357069317496,31.572486877441406,12816000
2014-07-10,31.285508838520197,31.386419567006573,31.108915665144426,31.269742965698242,29817400
2014-07-11,31.231906102903796,31.238211971975385,30.94809387664287,31.03008460998535,21610400
2014-07-14,31.181441500698956,31.335962921052133,31.137293210855578,31.298120498657227,13740600
2014-07-15,31.212977925287166,31.29181450052128,30.96069992217746,31.162521362304688,19908400
2014-07-16,31.291823137229688,31.648163689515272,31.282360724632788,31.635549545288086,16334800
2014-07-17,31.61031510444612,31.708074101704284,31.10260732615258,31.12468147277832,22035600
2014-07-18,31.203513255797677,31.294963965155297,31.061608393012406,31.216127395629883,16635600
2014-07-21,31.137286850710026,31.285499967439158,31.089984433853793,31.263425827026367,18793400
2014-07-22,31.402187035466262,31.585088477972686,31.37065288473448,31.487329483032227,11955800
2014-07-23,31.566164988766975,31.69230399330369,31.430565979922754,31.689149856567383,13402400
2014-07-24,31.73960153147732,31.840512238381816,31.61030841012101,31.717527389526367,11494400
2014-07-25,31.604007867085,31.632387880416275,31.443180573836788,31.484174728393555,9605800
2014-07-28,31.458941966456244,31.51255025050531,31.216124011338394,31.408485412597656,14957200
2014-07-29,31.35173074725005,31.50940390820693,31.31389072839736,31.32965660095215,13657600
2014-07-30,31.47786483559575,31.575621410216183,31.042687845519715,31.143598556518555,21560600
2014-07-31,30.94492796448434,30.96069624001638,30.44983442713172,30.471908569335938,34569600
2014-08-01,30.38677565210437,30.484532254491484,29.96421027571468,30.225948333740234,35666600
2014-08-04,30.21963472755253,30.80933073406351,30.12818401722757,30.7336483001709,25793000
2014-08-05,30.604360068222427,30.667428367285595,29.88536846703481,30.06196403503418,32879800
2014-08-06,29.998884148862444,30.500285874794958,29.945275870475513,30.150251388549805,23094000
2014-08-07,30.304785962025843,30.358394268015683,29.79707810905877,29.9610595703125,26513400
2014-08-08,30.05249754552095,30.49398035549516,29.979966851938975,30.462446212768555,23170000
2014-08-11,30.661116505723463,30.771487210458062,30.44352682646031,30.465600967407227,22407200
2014-08-12,30.4214522016191,30.4214522016191,30.115565963433802,30.2417049407959,19996200
2014-08-13,30.40570381887039,30.503462853378657,30.22911057857539,30.339481353759766,12978000
2014-08-14,30.383627819573356,30.430930264896144,30.121889707235933,30.166040420532227,15234800
2014-08-15,30.22593408795621,30.434063743734075,30.14709753456775,30.389915466308594,22150600
2014-08-18,30.500290984113388,30.56335927443942,30.342617852397254,30.471908569335938,17195000
2014-08-19,30.534987266329008,30.762037020435905,30.512913118340933,30.70527458190918,11995400
2014-08-20,30.66742905065877,30.812488066457572,30.541290043820247,30.771493911743164,11895800
2014-08-21,30.812499734337706,30.828268018376598,30.657980655546478,30.796733856201172,11134400
2014-08-22,30.75256258857033,30.75256258857033,30.46559877689342,30.591737747192383,14766800
2014-08-25,30.676882391247993,30.885012068205096,30.66742238882284,30.862937927246094,8758000
2014-08-26,30.95124757245926,31.17829735022803,30.891330990575295,31.0206241607666,11193000
2014-08-27,31.04900077740198,31.083689067754186,30.87556173154261,30.957550048828125,7720200
2014-08-28,30.862939314456764,30.995384166163838,30.81248275805348,30.963850021362305,6209000
2014-08-29,31.033220906975085,31.153051597662316,30.92284781150723,31.137283325195312,10734800
2014-09-02,31.093137532136108,31.121519943662914,30.610658189287392,30.74310302734375,17284600
2014-09-03,30.94807714625152,31.04268197249621,30.80617231278516,30.825092315673828,14381800
2014-09-04,30.897631724537586,30.910243459422755,30.26693912061962,30.408843994140625,24573000
2014-09-05,30.424617511777143,30.623284850104245,30.21648776180438,30.61382484436035,17549800
2014-09-08,30.46245588051093,30.48768416505916,29.998896377019193,30.137649536132812,21956200
2014-09-09,30.12188367684923,30.307939282963336,29.82861146164368,30.005207061767578,19996600
2014-09-10,29.976818883342233,29.976818883342233,29.582636003408105,29.93267059326172,20865400
2014-09-11,29.69301141354857,29.995743599865527,29.566872401107787,29.951595306396484,25011400
2014-09-12,29.863288240871842,29.89167065380188,29.41234301727971,29.503793716430664,30880400
2014-09-15,29.47227113108791,29.790771634977897,29.32405795385489,29.71193504333496,26782600
2014-09-16,29.67093332098167,30.260631790143414,29.626785029803937,30.07142448425293,26910800
2014-09-17,30.143951819127015,30.200714249658628,29.81914551337996,29.907442092895508,22138600
2014-09-18,30.005209670731684,30.020975546785603,29.67409499687293,29.752931594848633,24569200
2014-09-19,29.814098083140014,29.950394825719712,29.71583848440155,29.728517532348633,18949200
2014-09-22,29.680975770436852,29.696825187110765,29.17699624152165,29.291105270385742,21259200
2014-09-23,29.24671808514072,29.497123795599446,29.199174686803556,29.20551300048828,18280200
2014-09-24,29.186499558667414,29.39886816068057,28.76810066917657,29.23087501525879,49479800
2014-09-25,29.215030725461375,29.22770977503709,28.768105714754128,28.783952713012695,26872800
2014-09-26,28.787115331159754,29.278418092275537,28.68568538013801,29.154800415039062,22969600
2014-09-29,28.783942216397453,29.142118586021677,28.71420867830139,29.088232040405273,30908600
2014-09-30,29.059714505484767,29.129448063984,28.54622391694779,28.72372817993164,43464200
2014-10-01,28.72054926021737,28.86318428319364,28.048574390943955,28.137325286865234,37954600
2014-10-02,27.972498757663953,28.175358611849184,27.50655419879843,27.99151611328125,58485400
2014-10-03,28.13099183190965,28.146841245324516,27.709422585196137,27.9471492767334,40196000
2014-10-06,28.08979048312607,28.264121962499207,27.77282151886806,27.978849411010742,40244400
2014-10-07,27.829878842708453,28.188052937949397,27.60482872724564,27.61433982849121,35798600
2014-10-08,27.535093188248485,27.909116640969685,27.09133618053638,27.883758544921875,71977200
2014-10-09,27.671389332584518,27.718932738793445,26.783875336374464,26.859947204589844,73334800
2014-10-10,26.78070288863467,27.072316127646552,26.194310880911473,26.48275375366211,120948600
2014-10-13,26.425696187600877,26.749003378605508,25.630103627961976,25.66497039794922,95098600
2014-10-14,25.88050416637779,26.083364014029183,25.20535904434663,25.341655731201172,111991200
2014-10-15,25.012022065847006,25.601582113027142,24.568265033374367,25.535018920898438,138939200
2014-10-16,24.986669542308025,26.251375311441336,24.88206918065141,25.9914608001709,119592600
2014-10-17,26.470077716708737,27.227633314464303,25.99145392463634,26.21333122253418,76000000
2014-10-20,26.191143539766802,26.52079153886484,26.061187527416514,26.44154930114746,53005200
2014-10-21,26.742676841467578,27.306881304941673,26.73316573959862,27.24665641784668,62716400
2014-10-22,27.316374235879856,27.484367331128933,26.714132967071993,26.729982376098633,72285000
2014-10-23,27.10719037291559,27.51608071167907,26.96455527677377,27.22764015197754,53116000
2014-10-24,27.240320016778945,27.287863438058036,26.774375141988997,27.132549285888672,50494800
2014-10-27,26.701463057675532,26.717312472124014,26.289404883107252,26.56199836730957,47002800
2014-10-28,26.701455754818966,27.24030426103764,26.52395396929211,27.167400360107422,47250000
2014-10-29,27.465361414625185,27.69357945729512,26.996246280439074,27.256160736083984,53445000
2014-10-30,27.046961207217752,27.278347187535385,26.844101271755235,27.157899856567383,37592000
2014-10-31,27.21495418538487,27.741121383813798,26.961378058585584,27.70942497253418,40528600
2014-11-03,27.7284430209248,28.023224222135916,27.18959438972416,27.27200698852539,53211200
2014-11-04,26.942367920798425,26.958217339829268,26.476423053360705,26.710979461669922,46878200
2014-11-05,26.98040415103423,27.29737317453579,26.771203434747967,27.18009376525879,54890200
2014-11-06,27.00893019467121,27.528759199602973,26.92017925504116,27.52242088317871,46052600
2014-11-07,27.58580694948647,28.04541337158921,27.531922809120296,27.826704025268555,36084000
2014-11-10,28.067602525296255,28.197558542084444,27.493887060199263,27.5762996673584,45906800
2014-11-11,27.60165597360248,27.725273667178964,27.33223285730196,27.658710479736328,34761800
2014-11-12,27.484377798359276,27.769650341520737,27.382947829488668,27.414644241333008,35249200
2014-11-13,27.268830594265008,27.30369736227041,26.60953478615626,27.050121307373047,63176600
2014-11-14,27.18326023662811,27.357591723599228,26.99941764895845,27.325895309448242,35924600
2014-11-17,27.15789424333285,27.344904725257642,27.056464296566034,27.183252334594727,24430200
2014-11-18,27.173761261903554,27.430505452012945,27.075499199166053,27.20545768737793,39360600
2014-11-19,27.256146993228064,27.443159846564665,27.015252441454923,27.348068237304688,29492400
2014-11-20,27.401960128103156,27.731608070572523,27.329058636164035,27.69040298461914,33834600
2014-11-21,28.169033387922852,28.27997204437089,27.848894049360226,28.051753997802734,57370400
2014-11-24,27.959827935273577,28.111974079786794,27.715762932730517,27.836210250854492,33356200
2014-11-25,27.988365637183957,28.010553372014307,27.34491649054035,27.382953643798828,45108000
2014-11-26,27.25616924509877,27.325902826382404,26.98991639105077,27.03746223449707,41746400
2014-11-28,25.909044509217825,25.991457123557673,25.224392749810963,25.300464630126953,85076600
2014-12-01,25.16416210662191,25.468451976499757,24.935944099643294,25.389209747314453,103189000
2014-12-02,25.2085344405021,25.91220573547287,25.199025761102057,25.66497039794922,66469800
2014-12-03,25.829804919231968,26.184811094365024,25.741053980019135,25.97878074645996,63098400
2014-12-04,25.728363146654043,25.918543989057117,25.52233289310046,25.753721237182617,47159000
2014-12-05,25.696675779917356,25.77274765997624,25.344840009508005,25.446269989013672,46886600
2014-12-08,25.103938724120507,25.1990303720823,24.362232575830355,24.41611671447754,82385400
2014-12-09,24.36223561234976,24.78380492949399,24.279823001729667,24.682374954223633,67337800
2014-12-10,24.29566956142853,24.32419560505021,23.763161649294055,23.921646118164062,89067600
2014-12-11,23.889952867708395,24.514379726286215,23.851915719567646,23.905799865722656,71103400
2014-12-12,23.620524418001214,23.893117900708987,23.42083485576319,23.462039947509766,100108600
2014-12-15,23.655395325454155,23.87727507385339,23.202129563972377,23.252845764160156,94962200
2014-12-16,23.040471065549223,24.181558668976795,22.983416564463802,23.45886993408203,114568800
2014-12-17,23.592000438212967,24.669695415501337,23.547624976055324,24.431968688964844,124940400
2014-12-18,25.059559809041367,25.15148107784672,24.270307945666687,24.90107536315918,104527000
2014-12-19,25.18333858180952,25.728722148402383,24.90586170759071,25.696828842163086,93485600
2014-12-22,25.505471388684573,25.569258013210657,25.170585526663263,25.435304641723633,66476200
2014-12-23,25.620281469902274,25.83077921348176,25.438486968641485,25.744667053222656,53058400
2014-12-24,25.594769094409976,25.655368080268758,25.259883291815996,25.556495666503906,28095600
2014-12-26,25.655367592438683,25.773373067957746,25.4384897050348,25.55011749267578,28929200
2014-12-29,25.60752908702942,25.833974746514794,25.48952116590175,25.64261245727539,36448200
2014-12-30,25.610720528226274,25.664939400327217,25.358759234382077,25.438493728637695,38296200
2014-12-31,25.288590498065233,25.51503615191708,25.097228213586547,25.247129440307617,43083800
2015-01-02,25.10998440047891,25.448057828980687,24.998354177887595,25.36513328552246,55498200
2015-01-05,25.011109219249143,25.020676966800245,24.191438923896598,24.315824508666992,90790400
2015-01-06,24.274373763200753,24.472116218647486,23.789586592848785,23.95862579345703,83753200
2015-01-07,24.2488469680511,24.354097053923795,23.850174612445098,24.0096435546875,62384800
2015-01-08,24.20419910351471,24.606061573160957,24.105329124727625,24.54865264892578,56373800
2015-01-09,24.564595107475665,24.606058590304464,24.134029444558568,24.354097366333008,49904200
2015-01-12,24.0447372432234,24.0447372432234,23.52486914423264,23.65244483947754,57881200
2015-01-13,23.748116554716876,23.933101127040196,23.244194071478795,23.464262008666992,68102800
2015-01-14,23.24100063470157,23.57269627113401,22.86784152290098,23.537612915039062,104305000
2015-01-15,23.815092683940993,23.875691664297563,23.218680361369668,23.237815856933594,82692000
2015-01-16,23.374961561893496,24.025595241672544,23.35582606443931,23.993701934814453,85483800
2015-01-20,23.869320027600597,24.03516915911379,23.579087697408454,24.022411346435547,56171600
2015-01-21,24.197821977951765,24.516759912602648,24.022405140572445,24.510379791259766,56661600
2015-01-22,24.6666555998686,24.701738962938116,24.17549338350142,24.625194549560547,66037600
2015-01-23,24.51357185135548,24.800616502614442,24.411511801274905,24.449785232543945,42294800
2015-01-26,24.53270239777983,24.864398101906243,24.31582453097806,24.80061149597168,36724200
2015-01-27,24.606061600605287,24.902673970600652,24.545462615705212,24.784666061401367,43204600
2015-01-28,24.717694331099366,24.717694331099366,23.760880356992292,23.8087215423584,77666800
2015-01-29,24.000074575038152,24.03196787518827,23.3494410321039,23.888446807861328,60247400
2015-01-30,23.709841451901084,24.370045216754985,23.550372507726436,24.09575843811035,87696200
2015-02-02,24.3923708609165,24.842072019817973,24.226521795717964,24.832504272460938,70931400
2015-02-03,25.119554217233258,25.642612272935782,25.109986467835597,25.5118465423584,94055800
2015-02-04,25.180147334615338,25.323670855883773,24.880347350129636,25.090845108032227,82264400
2015-02-05,25.387455316870458,25.594765430067422,25.234366493770185,25.451244354248047,63572400
2015-02-06,25.65218060329233,25.69683172369499,25.330052577555797,25.45762825012207,52269200
2015-02-09,25.5660693151878,25.776567113956148,25.425735827139803,25.483144760131836,40407600
2015-02-10,25.527791613822895,25.550117171070074,25.007923676036736,25.470382690429688,43942600
2015-02-11,25.14506497684207,25.406596412746737,25.017491752785414,25.291778564453125,52393200
2015-02-12,25.636233839580683,25.74148395649392,25.451251661334485,25.623476028442383,52844600
2015-02-13,25.875431912430845,26.19436982428121,25.80845524293865,26.165666580200195,62375800
2015-02-17,26.041288881062183,26.290060138367156,25.888197566326255,26.24540901184082,44251800
2015-02-18,26.03171275275455,26.136960412379892,25.862673618671067,25.93284034729004,38762800
2015-02-19,25.393854506909356,25.95837392013778,25.27903658670954,25.811662673950195,47744000
2015-02-20,25.741484269136706,25.872250009914758,25.473577531889525,25.687265396118164,51283600
2015-02-23,25.435297221563005,25.78931848100386,25.371510615645192,25.582008361816406,39359000
2015-02-24,25.738284239872712,25.760609792663573,25.486325472648492,25.652172088623047,30861400
2015-02-25,25.671309220198733,25.833968219945426,25.543733581834715,25.79250717163086,32051400
2015-02-26,25.639421626153098,25.65217943615962,25.180150199132054,25.314105987548828,38698200
2015-02-27,25.41297095298584,25.432106447563566,25.17695759774963,25.202470779418945,26724400
2015-03-02,25.151452819401566,25.17377838379565,24.784673604381037,25.027067184448242,35957000
2015-03-03,25.043009558479817,25.26945766956148,24.93138175018136,25.119556427001953,24699400
2015-03-04,25.12593180722986,25.145067305950164,24.806993850939453,25.084470748901367,33205600
2015-03-05,25.02067866490997,25.052574403315734,24.89629307169774,24.934566497802734,22489000
2015-03-06,24.759149105310005,24.886724756114905,24.427453386538527,24.488052368164062,38352600
2015-03-09,24.44659449960294,24.72725902128348,24.312641143798828,24.312641143798828,34882200
2015-03-10,24.118090964556075,24.258422021347936,23.961809602111966,23.974567413330078,38061200
2015-03-11,24.01602789347674,24.14360112303672,23.872504360266692,24.04473114013672,26102000
2015-03-12,24.083003889061995,24.197821739067077,23.88207143490144,23.89164161682129,38490000
2015-03-13,23.73536287289278,23.831045236123718,23.544000579734476,23.802339553833008,42023800
2015-03-16,23.671587745695117,24.143614802438446,23.59823090716223,24.124479293823242,33897000
2015-03-17,23.977752117197916,24.12127320305383,23.856556587659657,24.031970977783203,27872600
2015-03-18,23.875697688977915,24.861214892050498,23.83742425488923,24.730451583862305,55507400
2015-03-19,24.430655708275708,24.535905855510652,24.267996611031197,24.338163375854492,46481800
2015-03-20,24.60627461021474,24.840682331876053,24.509944582692142,24.696186065673828,45221200
2015-03-23,24.75077643885638,24.91774997746244,24.60948944091797,24.60948944091797,24320200
2015-03-24,24.673706834221374,24.712240315866094,24.429668799981624,24.445722579956055,29561800
2015-03-25,24.599869391249197,24.949872880812233,24.574180387472577,24.763633728027344,31797000
2015-03-26,25.049406171095953,25.126470698786388,24.64481311350614,24.734722137451172,30637200
2015-03-27,24.641601377517162,24.689767626013662,24.481048849086932,24.532426834106445,23934600
2015-03-30,24.77003558855172,25.107196765190505,24.76040283204827,25.059030532836914,36375600
2015-03-31,24.869578334395488,25.046187043482828,24.725082081386894,24.91132354736328,18807400
2015-04-01,24.99160313515172,25.1200456271604,24.853527884963825,24.904903411865234,26586600
2015-04-02,24.789309474769972,25.100781772716246,24.731510466389867,24.95628547668457,27715400
2015-04-06,25.10078290946254,25.543909477057063,24.985184887467213,25.405834197998047,31086600
2015-04-07,25.383353501190985,25.59528154623882,25.312710002896054,25.421884536743164,28284200
2015-04-08,25.540686292462432,25.601697012790595,25.206736873030476,25.21636962890625,24091400
2015-04-09,25.283810404540336,25.67877068543167,25.261333149519665,25.6209716796875,27750200
2015-04-10,25.68840196837238,25.77509924708739,25.579227435928516,25.733356475830078,17701000
2015-04-13,25.8457422078615,25.88106395582161,25.434728176874977,25.476470947265625,19880600
2015-04-14,25.643456909774205,25.996672077021337,25.61134688544952,25.93566131591797,27440200
2015-04-15,26.083357622564993,26.609969573976876,26.031979651775305,26.55537986755371,40013800
2015-04-16,26.4558512683694,26.7255808494832,26.285665942706476,26.494384765625,42555000
2015-04-17,26.36914761742502,26.404469368951485,26.092997078129287,26.301715850830078,33834800
2015-04-20,26.330613061092688,26.69025158484406,26.320980301946697,26.401256561279297,25420800
2015-04-21,26.468683073855033,26.484739302470864,26.01271459926911,26.121889114379883,23640800
2015-04-22,26.189319049329267,26.394826022215547,26.015922081612153,26.295284271240234,20259000
2015-04-23,26.35308437356477,26.645291067569833,26.32418610264284,26.4751033782959,25151600
2015-04-24,26.394833097492473,26.42052208844842,26.198958828668154,26.32419204711914,23015200
2015-04-27,26.43335949832036,26.51363573616145,26.250329774036132,26.295284271240234,22651200
2015-04-28,26.288871370285634,26.475110437727118,26.205383371188827,26.42694664001465,22250800
2015-04-29,26.33382234881639,26.670981136760982,26.250334360919105,26.632450103759766,31806200
2015-04-30,26.731995233381685,26.773738007660626,26.398045689638867,26.548965454101562,33104200
2015-05-01,26.57465215925969,26.65492841431438,26.39804341820461,26.609973907470703,22709200
2015-05-04,26.674183701044296,26.764092680248233,26.407666048521236,26.542531967163086,28868400
2015-05-05,26.741633320829184,26.863654831218817,26.205388372042112,26.21502113342285,32152600
2015-05-06,26.44942787425534,26.55539069499951,25.99024748490566,26.112266540527344,32777200
2015-05-07,26.06088311170877,26.067304133814062,25.63702215765703,25.829687118530273,34793200
2015-05-08,26.035198043796782,26.28244785438589,25.739781985736858,26.253549575805664,29030400
2015-05-11,26.27923125678433,26.292075750389706,25.733353752657408,25.759042739868164,36288800
2015-05-12,25.720505030575406,26.012711699926196,25.67555053526548,25.877845764160156,19703000
2015-05-13,26.10262195140991,26.134731956777152,25.714085251842608,25.810415267944336,25069400
2015-05-14,25.884271133263034,26.057668106391517,25.784729379181222,25.800783157348633,19235800
2015-05-15,25.69160784887481,26.006289329355678,25.62738538868948,25.903535842895508,19561200
2015-05-18,25.852166882925975,25.95812968189946,25.742989897832377,25.9260196685791,14459600
2015-05-19,25.752627461153136,25.778316456536654,25.5182221153315,25.556753158569336,27839600
2015-05-20,25.6466551112943,25.688397875901494,25.457201903044535,25.604909896850586,25247600
2015-05-21,25.74940743950214,25.88427093428654,25.65628670743584,25.84573745727539,20174600
2015-05-22,25.669135158709356,25.868218696047133,25.620968917475867,25.752620697021484,12721400
2015-05-26,25.54390794472239,25.598495215768565,25.248489434101923,25.34482192993164,26367200
2015-05-27,25.328763999565837,25.53427102371281,25.161790461135286,25.29986572265625,22750000
2015-05-28,25.213163241510543,25.245275701022592,25.039768699296324,25.200321197509766,24328400
2015-05-29,25.193898303297143,25.331973552919845,25.110410316357736,25.17142105102539,25956200
2015-06-01,25.23563491080141,25.238846646009474,25.075082448104354,25.107194900512695,16974400
2015-06-02,25.184269007150977,25.402620537736926,25.04940547498124,25.280601501464844,20366000
2015-06-03,25.20352490822923,25.38976635291849,25.07187316273245,25.107194900512695,17280600
2015-06-04,24.975553053702267,25.023719306293184,24.747568737931786,24.766834259033203,31892200
2015-06-05,24.654442337567552,25.16178884259892,24.64480957921732,24.94022560119629,37912000
2015-06-08,24.84389898497544,24.98839527977711,24.7411454653785,24.7989444732666,19414600
2015-06-09,24.949857712753452,25.10720092785106,24.786095925371164,24.79572868347168,22066200
2015-06-10,25.10077667236328,25.171420162677578,25.014079402328164,25.10077667236328,19570800
2015-06-11,25.14574224256274,25.187487477850635,24.9659241515926,24.988401412963867,16833000
2015-06-12,24.84710540707944,24.866373374045548,24.667287380974876,24.709030151367188,21009000
2015-06-15,24.538847395278076,24.78288791985144,24.46499460549954,24.651233673095703,16151000
2015-06-16,24.696185055120935,24.85031407278489,24.577375331217688,24.84389305114746,18035200
2015-06-17,24.97554134594454,25.08471829729435,24.657648147602732,24.782878875732422,20827400
2015-06-18,24.859955027419012,24.97234131690624,24.744357001135757,24.766834259033203,25345200
2015-06-19,24.659849391773395,24.760052472321313,24.527320509398788,24.537019729614258,34469800
2015-06-22,24.76004140986893,24.860246911758818,24.65014162431972,24.837617874145508,21154800
2015-06-23,24.802057359174885,24.963676388720604,24.776197722581006,24.918420791625977,14235400
2015-06-24,24.863480100019014,25.00570568772425,24.753580303055212,24.763277053833008,13596600
2015-06-25,24.756796101810533,24.785888802854707,24.50467086794157,24.511137008666992,17371400
2015-06-26,24.488532387095013,24.598432216782932,24.352770437446196,24.591968536376953,23544600
2015-06-29,24.281646919461945,24.43679982618204,24.107098049818596,24.12649154663086,27794400
2015-06-30,24.349530353051264,24.388317352615232,24.13942506300475,24.294580459594727,30341200
2015-07-01,24.343066580765676,24.35276333160141,23.88730202870487,23.984272003173828,27820200
2015-07-02,24.0489165930159,24.220232401837183,24.02952062888307,24.0909366607666,19400400
2015-07-06,23.774169921875,24.003668741429777,23.673964405762245,23.774169921875,27018200
2015-07-07,23.680425795392175,24.074776703592065,23.412137559012095,23.990734100341797,41372200
2015-07-08,23.825883523560535,23.990735669070247,23.408906017925002,23.505878448486328,33042600
2015-07-09,23.829116540293935,23.929319576493324,23.62547492980957,23.62547492980957,23912000
2015-07-10,23.767694375336703,23.916383588367932,23.63839865692803,23.754764556884766,26500800
2015-07-13,23.835577798184328,23.981036428921136,23.77093116193092,23.922853469848633,28717600
2015-07-14,23.854974099840245,24.19113957245285,23.845274884764862,24.09416961669922,25308400
2015-07-15,23.97134602932931,24.090942584686484,23.5866917832391,23.670734405517578,25416600
2015-07-16,23.806486707407068,23.877599484430462,23.657797476408618,23.70305061340332,15721400
2015-07-17,23.680422251406743,23.70304881819041,23.33778821225442,23.415367126464844,28192000
2015-07-20,23.45739279711729,23.46062586917675,23.07597167577752,23.105064392089844,27666800
2015-07-21,23.160022141668794,23.344267853765608,23.043656169174778,23.114768981933594,21238000
2015-07-22,23.02102360899783,23.160016125252525,22.878798020427,22.927284240722656,30418600
2015-07-23,22.94990848387132,23.09536466387385,22.733339516805735,22.907888412475586,22569200
2015-07-24,22.90789063504013,22.917587385832913,22.38424389722544,22.468286514282227,25108200
2015-07-27,22.18060071732743,22.406866415241307,22.048071904184194,22.145044326782227,34393400
2015-07-28,22.177368043770798,22.90142075620558,22.161205151010563,22.77859115600586,37877200
2015-07-29,22.720408343305017,23.111526182772437,22.64929556047254,23.088899612426758,46854600
2015-07-30,23.040417110671452,23.10829683264073,22.82708119392681,22.927284240722656,25254400
2015-07-31,22.73010461804362,22.762427936989603,22.390703603832907,22.426259994506836,43578800
2015-08-03,22.187064190893636,22.326056680081766,21.909079212517376,21.95433235168457,33853200
2015-08-04,22.051307359181223,22.222623186990376,21.78625217035903,21.87999153137207,25525000
2015-08-05,22.05130542987595,22.29373402525082,21.692510911432247,21.715137481689453,36947600
2015-08-06,21.58584227791694,22.11918569431404,21.427456282151926,22.061002731323242,46519200
2015-08-07,21.970501196102536,22.145050122796924,21.589080015424827,21.666656494140625,34163400
2015-08-10,21.71190314727577,22.37454225587654,21.71190314727577,22.358379364013672,38888800
2015-08-11,21.912309965392275,22.423026728932363,21.870289902358294,22.400400161743164,42107800
2015-08-12,22.32282483440902,22.865865000351306,22.193531553179497,22.807682037353516,46966000
2015-08-13,22.65899224276831,22.743034846422923,22.43272653998036,22.461816787719727,39627200
2015-08-14,22.510304416261445,22.66545981229967,22.361615164201798,22.413331985473633,24242400
2015-08-17,22.30343079576816,22.571719033439017,22.229084941360004,22.461816787719727,19064200
2015-08-18,22.41979908015518,22.47798204787282,22.267876749664037,22.377779006958008,22126800
2015-08-19,22.254939337181373,22.290495720110666,21.65694943554153,21.760385513305664,40366000
2015-08-20,21.702209522814357,21.85089877813579,21.26583850691928,21.269071578979492,50673200
2015-08-21,21.055731754206896,21.285230532353406,20.512691592950947,20.52562141418457,50840400
2015-08-24,19.326414396080388,20.228249369040256,18.987014495423583,19.423385620117188,86002200
2015-08-25,20.276727609037764,20.276727609037764,19.12599943016348,19.142162322998047,55393200
2015-08-26,19.627019426530147,19.824194880892342,19.24559833879308,19.80156707763672,79464400
2015-08-27,20.260565582855847,20.829465368009792,20.1862209627726,20.78097915649414,64482800
2015-08-28,20.709862931386724,21.469471898451342,20.70016618391823,21.25290298461914,62926800
2015-08-31,21.09128855339307,21.61170215406838,20.713100522923078,21.47270965576172,72387000
2015-09-01,20.855322062464495,21.100983719995764,20.53855009127651,20.71632957458496,57425200
2015-09-02,21.010475731908173,21.042799047504314,20.42218251005918,20.907039642333984,51057800
2015-09-03,21.046030922481272,21.41452212477342,20.835925683883985,20.965221405029297,43790000
2015-09-04,20.664613109602474,20.768049209354814,20.532085529728814,20.619359970092773,33368400
2015-09-08,20.8423972118672,20.97169050031045,20.587037541746703,20.94260025024414,31255200
2015-09-09,21.088055388479297,21.34018074101389,20.51592497050552,20.548248291015625,36955400
2015-09-10,20.635525262568525,20.78421576106457,20.35107532164159,20.667848587036133,36985600
2015-09-11,20.46097214002475,20.509458349802973,20.199150059777846,20.483598709106445,26688600
2015-09-14,20.341376858843063,20.431883146179363,20.202384355830493,20.30582046508789,24962600
2015-09-15,20.370472036584758,20.599970868561822,20.3672389639902,20.53209114074707,29633200
2015-09-16,20.69693700736107,21.143007203736833,20.664613687680077,21.113914489746094,34433400
2015-09-17,21.130075377245255,21.47594004384032,20.965223256573296,21.100982666015625,39645400
2015-09-18,20.703073762974142,20.856116695667986,20.423038287045376,20.54677391052246,42473800
2015-09-21,20.76494104349102,20.81704057892509,20.53374943263676,20.663997650146484,31379400
2015-09-22,20.344884109298317,20.66073818365282,20.3025528563491,20.44582748413086,34100800
2015-09-23,20.5239865188015,20.618417345328478,20.172314852018403,20.182083129882812,27969400
2015-09-24,20.025785469147095,20.4132758302374,19.89228028237217,20.270002365112305,37824000
2015-09-25,20.494675272665514,20.494675272665514,20.12672282155158,20.309070587158203,31666800
2015-09-28,20.097417277956627,20.097417277956627,19.48199106866312,19.498271942138672,32702800
2015-09-29,19.592706918765504,19.75226250407476,19.338721744346035,19.468971252441406,37762400
2015-09-30,19.64806499029365,20.002993624422242,19.62527151084836,19.9281005859375,32256200
2015-10-01,20.182077650361716,20.403500997613843,19.7880748162208,19.967166900634766,34891000
2015-10-02,19.739226949849463,20.804012207177443,19.70340829180575,20.790987014770508,39859600
2015-10-05,21.051492552106634,21.491082376585435,21.031953515166048,21.419445037841797,47614000
2015-10-06,21.49433186608448,22.05765713636535,21.380364541256096,21.894845962524414,54932800
2015-10-07,22.174891594653694,22.448415784536103,21.719019601051343,22.171634674072266,80006200
2015-10-08,22.129305616088345,22.686119813458934,21.9925447572891,22.594945907592773,54143400
2015-10-09,22.643786833773675,22.66983722757385,22.30839608757888,22.448413848876953,51971400
2015-10-12,22.48423572091836,22.48749015738008,21.956726350710472,22.158613204956055,43492400
2015-10-13,21.989284911802365,22.256295236739742,21.865549268056554,21.92741584777832,41675600
2015-10-14,21.878570907732584,22.197679483936852,21.82972704851303,22.116273880004883,30353400
2015-10-15,22.015332626937475,22.523302821281675,21.940438375162685,22.513534545898438,39016400
2015-10-16,22.591684244091745,22.65029638331565,22.233500052968818,22.542842864990234,40062400
2015-10-19,22.318162172257992,22.331187367878844,21.979514539022002,22.096738815307617,39000400
2015-10-20,22.051157178455856,22.262812310691885,21.933932873965215,22.158613204956055,27513000
2015-10-21,22.060930183376776,22.168386232901263,21.862300207335696,21.885093688964844,29324200
2015-10-22,22.00556540561026,22.334442286008215,21.995797129759126,22.27908706665039,37481400
2015-10-23,22.17489086306843,22.43538984633335,22.031618658144904,22.226991653442383,31262000
2015-10-26,22.184665632978056,22.184665632978056,21.676695199676324,21.68320655822754,23672200
2015-10-27,21.383629102081027,21.494342044556788,21.201281296006282,21.422704696655273,42214600
2015-10-28,21.57248511190308,22.04463662251832,21.399905628496157,21.898107528686523,39513000
2015-10-29,21.81670353248097,22.213963307724928,21.784141785263056,22.008819580078125,19507200
2015-10-30,22.126039686047992,22.389795502681583,21.865543273114387,22.152090072631836,28514400
2015-11-02,22.018594844223962,22.787064160414264,21.986030606042657,22.66983985900879,30773800
2015-11-03,22.82938980231592,23.42202255244463,22.819621526460836,23.24944305419922,42654400
2015-11-04,23.272230086894464,23.33735356411109,22.868459062688256,23.041038513183594,35437600
2015-11-05,22.927078221072662,23.18106333817477,22.74147103701878,22.845672607421875,32467000
2015-11-06,22.643784431730765,22.81962084477585,22.3930537655305,22.72844696044922,27522400
2015-11-09,22.67634843113315,22.927079122241985,22.409338107235573,22.503768920898438,25374000
2015-11-10,22.409337627123488,22.751242204291344,22.32467509180819,22.5526123046875,25370800
2015-11-11,22.54935837091102,22.581920124405617,22.02184902080938,22.073949813842773,28739400
2015-11-12,21.76460292660192,21.9176458725038,21.533411289880686,21.572486877441406,38623000
2015-11-13,21.500849180877218,21.679942515474927,21.230581961139602,21.484569549560547,35559200
2015-11-16,21.455263455136002,22.2237326510445,21.438981338593848,22.200939178466797,34726200
2015-11-17,22.142321189248698,22.23349505548089,21.875310944868055,21.956716537475586,30457800
2015-11-18,22.1097704184127,22.347473475549737,21.901372196688683,22.31816864013672,41903000
2015-11-19,22.187911585736405,22.30839277595034,21.836238774545933,22.01858901977539,37825000
2015-11-20,22.02510337684162,22.126045546211905,21.761349974653584,21.784143447875977,28428000
2015-11-23,21.764606591759478,22.064181178235827,21.624591302434702,21.94044303894043,32814600
2015-11-24,22.044639941384343,22.51028016685984,22.0023099151783,22.409337997436523,37886200
2015-11-25,22.220477812494426,22.412596371620353,22.090228320861968,22.226991653442383,22201200
2015-11-27,22.047890134507774,22.158603030939034,21.989278009173933,22.067426681518555,16752800
2015-11-30,22.1586088035652,22.363750053525052,22.067432430392007,22.14883804321289,35210600
2015-12-01,22.168373431936917,22.344209824813415,22.113018220559617,22.324670791625977,27594000
2015-12-02,22.178146374791652,22.26280891162037,21.56272011232999,21.634357452392578,50856200
2015-12-03,21.7385582010376,21.810195546566664,21.097081496094102,21.20128059387207,48438400
2015-12-04,21.002648414135347,21.191510034867072,20.670513359923447,21.067771911621094,65678600
2015-12-07,20.546775048234018,20.57608111692257,19.976935789851844,20.266740798950195,65600800
2015-12-08,19.820639630535645,20.33186681498137,19.618754044600998,20.0583438873291,54673800
2015-12-09,20.14951638001346,20.751917380560798,20.035547783861936,20.32209587097168,57513800
2015-12-10,20.33186939154358,20.75517965480873,20.191851610706887,20.452350616455078,77829800
2015-12-11,20.100674465588664,20.17556748292238,19.66759723628482,19.6871337890625,58008000
2015-12-14,19.592702350310503,19.89553133019256,19.38104850169633,19.791332244873047,78233200
2015-12-15,20.07136594588264,20.38396317370479,20.045316797972944,20.289533615112305,58140600
2015-12-16,20.21138587655625,20.423040971199086,19.941119882229607,20.156030654907227,57502400
2015-12-17,20.1690514748474,20.208127058098906,19.661081314086914,19.661081314086914,58149600
2015-12-18,19.681451116053257,19.694593035330687,19.310164634973795,19.316736221313477,54278400
2015-12-21,19.320029859824512,19.49088741937333,19.12617236470205,19.336458206176758,48030000
2015-12-22,19.405451347922018,19.688022048724363,19.31016522319694,19.56316566467285,50583000
2015-12-23,19.95745464235599,20.427311232886357,19.88845360154053,20.414169311523438,60421000
2015-12-24,20.440451231524573,20.46673757697019,20.15787928499387,20.230165481567383,14430600
2015-12-28,19.87859951705744,19.98374242249531,19.76031343508926,19.862171173095703,25107800
2015-12-29,20.203887146505217,20.263028936733342,19.891743583655973,20.000171661376953,30212600
2015-12-30,19.724171819440503,20.00674386922119,19.711029895317658,19.730743408203125,30102400
2015-12-31,19.638741813504986,19.92459900390912,19.57631360627258,19.819456100463867,38404800
2016-01-04,19.766885419049217,19.97059964573777,19.48431338500253,19.812885284423828,43617400
2016-01-05,19.79973988396716,19.911454367360097,19.579597337711707,19.88845443725586,31058400
2016-01-06,19.418594833395566,19.458024355814107,18.961880185965086,19.122880935668945,53924200
2016-01-07,18.751593347451035,19.182022875537807,18.577450686908463,18.656307220458984,56163800
2016-01-08,18.81402210705652,18.856736795166128,18.347450718204943,18.41645050048828,38454200
2016-01-11,18.492017268506217,18.515017190211186,17.79544552529486,18.022159576416016,56889400
2016-01-12,18.3014544392396,18.360597479438905,17.56545285753842,18.064882278442383,71188200
2016-01-13,18.285028985761006,18.41645700988771,17.440599199152558,17.63117027282715,67916800
2016-01-14,17.811881913507136,18.55116866839052,17.532596307467664,18.390169143676758,76148600
2016-01-15,17.621308757759508,18.028737151965448,17.51945103250695,17.857879638671875,73760400
2016-01-19,17.992594501390183,18.07802388689202,17.19416603475182,17.473451614379883,71744600
2016-01-20,17.12844648226224,17.266446022105487,16.40558834765935,17.010160446166992,102614800
2016-01-21,16.990451709713966,17.75273837533679,16.878737219748434,17.539167404174805,87341400
2016-01-22,18.17987797595511,18.4394487408053,17.890734446086913,18.314592361450195,77245000
2016-01-25,17.966303141721546,18.426304086718474,17.447159182270678,17.460302352905273,58240000
2016-01-26,17.775735648729206,18.143737003823816,17.54573636854767,18.120737075805664,50709800
2016-01-27,17.995886275960146,18.538029254193596,17.808600360319176,18.035314559936523,72989000
2016-01-28,18.718744602239894,18.791029579735778,18.212743492756047,18.584030151367188,76343800
2016-01-29,18.616883031520715,19.145883969118863,18.561026412471108,19.126169204711914,62996400
2016-02-01,18.80746078491211,18.948745583919496,18.52817384841206,18.80746078491211,55370200
2016-02-02,18.34745700052394,18.432885152592412,18.087884869642764,18.179885864257812,50462400
2016-02-03,18.442739032669117,18.84359585346616,17.77902371858604,18.827167510986328,72881400
2016-02-04,18.86659344723951,19.22145161718984,18.728593883415737,18.81730842590332,74112200
2016-02-05,18.564310758039827,18.643168558774498,18.225882131150115,18.38031005859375,60482000
2016-02-08,18.015595816062902,18.40002429341732,17.742880568652417,18.285024642944336,69613400
2016-02-09,18.01230525166158,18.232449000581163,17.558875834936185,17.84473419189453,74822600
2016-02-10,17.79216425349956,18.176592674765995,17.581877239397762,17.772449493408203,60431600
2016-02-11,17.46359838836151,17.831598594952396,17.207311433472874,17.696884155273438,95973800
2016-02-12,17.94001941400926,18.24230611563431,17.779019937186654,18.163448333740234,51564000
2016-02-16,18.469026035147365,18.52488390942349,18.078025928823774,18.34416961669922,67600400
2016-02-17,18.564306593425712,19.027592778629995,18.49202039675207,18.945449829101562,58560000
2016-02-18,19.106454283930763,19.136025801658104,18.616881657867523,18.708881378173828,57664600
2016-02-19,18.459165699560018,18.672737892617842,18.30145136994587,18.666166305541992,50257600
2016-02-22,19.021020267998228,19.228020841703938,18.938877322461252,19.14259147644043,49416600
2016-02-23,18.958594925574587,19.050594637293038,18.455879171136605,18.488737106323242,42910000
2016-02-24,18.143741158048446,18.7187419969597,18.09445487049511,18.676027297973633,50559600
2016-02-25,18.62016907226759,18.741741578376054,18.327740280227324,18.692455291748047,37177800
2016-02-26,19.0045977502129,19.057169201321834,18.74174049466822,18.804168701171875,42310200
2016-02-29,18.879739498138544,18.93231094761667,18.57416755635874,18.59059715270996,45966600
2016-03-01,18.722025093084195,19.106454834619694,18.531454059328155,19.07688331604004,47286000
2016-03-02,18.95859573275253,19.55659639118697,18.866594763714996,19.543453216552734,53590000
2016-03-03,19.464594970780627,19.875309741612917,19.454736963967285,19.83916664123535,48791200
2016-03-04,19.9508828389506,20.31559778761791,19.737310638238466,20.029739379882812,61103200
2016-03-07,20.019879223159577,20.52259365972102,19.92459310344213,20.49959373474121,66721000
2016-03-08,20.33202935056569,20.345171273868495,19.605884505136604,19.638742446899414,59635200
2016-03-09,19.90488704028425,20.21374418648977,19.661743273788826,19.95745849609375,50935200
2016-03-10,19.87202685004242,19.996884513497875,19.612454767969997,19.97388458251953,57247200
2016-03-11,20.2367399016712,20.558740158057955,20.213739972886586,20.4897403717041,49567200
2016-03-14,20.233460700115803,20.4273169417683,20.154602882888994,20.355031967163086,43532200
2016-03-15,20.075737102385023,20.318880793436268,19.93116595711795,20.315595626831055,43439200
2016-03-16,20.43716902853029,20.71316942872094,20.29588303477781,20.66716957092285,53940800
2016-03-17,20.834739816341134,21.120596959219736,20.64745397237908,20.949739456176758,56321600
2016-03-18,21.10924095682097,21.129095211453347,20.8147243978325,21.009965896606445,60948000
2016-03-21,20.92723717898782,21.0761491431836,20.705521650051413,20.937164306640625,33397000
2016-03-22,20.692290445199713,21.009972505101413,20.679054692065236,20.821348190307617,28360200
2016-03-23,20.67243295559302,20.74854388922178,20.32496829629287,20.36467933654785,37747600
2016-03-24,20.083397113622453,20.463953018188477,19.98743192875579,20.463953018188477,31032000
2016-03-28,20.47057356444865,20.526828979723156,20.21245810641057,20.354751586914062,23129800
2016-03-29,20.126418663026527,20.467263562049098,20.007288063894062,20.45071792602539,28733800
2016-03-30,20.636031638976124,20.72206970082228,20.37129768442902,20.490427017211914,31489600
2016-03-31,20.411012545937265,20.63934540191578,20.37792126675825,20.480504989624023,28092800
2016-04-01,20.12642023803265,20.26540636868068,20.056927803884243,20.205841064453125,29609600
2016-04-04,20.169436904264945,20.38122406007629,19.99735952458047,20.05692481994629,31619000
2016-04-05,19.888154952082207,20.063542206358093,19.835208166085003,19.921247482299805,32097600
2016-04-06,20.083396613484293,20.354749051558716,19.934484644611253,20.3514404296875,36437600
2016-04-07,20.192601471814125,20.381224490337498,20.063543749914032,20.232311248779297,27854200
2016-04-08,20.61287239849311,20.751857284298634,20.536761447358938,20.639345169067383,35333000
2016-04-11,20.804801643733114,20.867676833369508,20.55330467224121,20.55330467224121,32471400
2016-04-12,20.632720960425825,21.28793920844669,20.589702562333837,21.165498733520508,55260800
2016-04-13,21.15557465932085,21.327650801233474,21.00666139963569,21.26477813720703,37405800
2016-04-14,21.3541254058934,21.35743529083734,21.188666504530886,21.314416885375977,34871000
2016-04-15,21.195280889424193,21.231682040451858,21.00003812257564,21.026512145996094,28442400
2016-04-18,20.593010942678717,21.426923804385574,20.54337403876642,21.37397575378418,41371600
2016-04-19,21.49642326417613,21.82403122923392,21.397149423854017,21.800867080688477,34682800
2016-04-20,21.685036032517967,22.164868202502717,21.61554361990672,21.9960994720459,42176600
2016-04-21,22.025885468398993,22.11854203796475,21.820718071418295,21.867046356201172,38670200
2016-04-22,21.91999149981177,22.267456154273912,21.90344712679584,22.18472671508789,31529000
2016-04-25,22.108622510512163,22.111932396192433,21.771087387512534,21.936546325683594,34468600
2016-04-26,22.062293031122138,22.297244407808396,22.009347486581593,22.287317276000977,27171400
2016-04-27,22.403138014189953,22.760529907356418,22.38659363608402,22.710891723632812,43924800
2016-04-28,22.60829759728422,22.773756450462443,22.28730701816619,22.37334632873535,31110400
2016-04-29,22.42298963242663,22.64139405586886,21.996105390355094,22.336950302124023,48214800
2016-05-02,22.297240560368053,22.38989966555554,22.039125079101932,22.31378746032715,30132000
2016-05-03,22.01264468543195,22.052355719032274,21.651945597860525,21.787620544433594,32316200
2016-05-04,21.8008591892442,21.953081042399322,21.344193629778836,21.473251342773438,37210800
2016-05-05,21.83726270487594,21.956393302794613,21.469943782077067,21.648639678955078,28704000
2016-05-06,21.509656146548906,21.863738077511695,21.453400728709575,21.599002838134766,25091000
2016-05-09,21.476564649443002,21.52289293714679,21.01327924770279,21.284631729125977,32041600
2016-05-10,21.39383660665426,21.665189105873512,21.383909476452732,21.6585693359375,20702800
2016-05-11,21.60562182521264,21.916685341509364,21.4302358084759,21.72475242614746,28429600
2016-05-12,21.91999390626504,22.085452802801736,21.622167387558505,21.784318923950195,24954400
2016-05-13,21.688351537220505,21.853810426709796,21.460017461820552,21.506345748901367,24743800
2016-05-16,21.787624258154786,21.939848650551948,21.72475160011474,21.87035369873047,27455400
2016-05-17,21.873658407818134,22.141703448659594,21.804165997141183,21.97293472290039,31674600
2016-05-18,21.969627618512646,22.04242992215628,21.622162996468717,21.761150360107422,41166400
2016-05-19,21.542743432405086,21.814095866418906,21.340883417805575,21.76445770263672,33709800
2016-05-20,21.830643270641797,21.939846728563708,21.69827567237602,21.893518447875977,19667000
2016-05-23,21.76445509040489,21.93322381712747,21.688345436482066,21.837257385253906,20545000
2016-05-24,21.949776330545586,22.0755241744849,21.810791472817566,21.94646644592285,22605800
2016-05-25,22.078834897058567,22.32702323443611,22.058980637973107,22.29393196105957,28511000
2016-05-26,22.379968871186353,22.475935331717142,22.13178053265228,22.20127296447754,21433600
2016-05-27,22.12184579071177,22.231049228017312,21.99940786830992,22.214502334594727,18517400
2016-05-31,22.267458146197175,22.44284416900826,22.029196936075564,22.12847328186035,30812200
2016-06-01,21.9133736816356,22.201270506653596,21.857118270390945,22.135087966918945,33391400
2016-06-02,21.966317356767867,22.118539205087224,21.883587926722445,22.105304718017578,25700000
2016-06-03,22.105305445535475,22.221126146470525,21.89020841539785,22.01926612854004,24315400
2016-06-06,22.23436576095101,22.525572489484624,22.194654719681882,22.505718231201172,36447600
2016-06-07,22.57851992514152,23.074896566229146,22.57190015609381,23.015331268310547,31236600
2016-06-08,23.154316177876858,23.25028263168345,22.899508087669172,22.962383270263672,36259400
2016-06-09,22.697645733759444,22.90281563385029,22.67448159380579,22.78699493408203,24681200
2016-06-10,22.55204742797984,22.697649535777085,22.264148047729055,22.29393196105957,28980400
2016-06-13,22.18472856043869,22.52888335904398,22.16156441652787,22.227746963500977,23147600
2016-06-14,22.135082800509544,22.32701565552508,21.963006722541405,22.214502334594727,24405000
2016-06-15,22.131778055806304,22.42960453365684,22.006030220581437,22.161561965942383,33659000
2016-06-16,21.923302172150958,22.088761056469078,21.622165790834917,22.0556697845459,39987400
2016-06-17,22.284173506527285,22.324143490837493,22.150934295731258,22.280841827392578,34871800
2016-06-20,22.600618769406097,22.650583800761424,22.45405789644475,22.474042892456055,21826400
2016-06-21,22.424077610444822,22.78715446232981,22.35745926360042,22.74051856994629,22444600
2016-06-22,22.840445188260556,22.840445188260556,22.593954292503216,22.61393928527832,20516400
2016-06-23,22.850438151504026,22.993669865747485,22.76383227883138,22.987009048461914,19077000
2016-06-24,22.10097184397594,22.500689522844247,22.080986849496927,22.244203567504883,53759800
2016-06-27,21.941082159667975,21.961067149915348,21.35483121292382,21.5313720703125,43319400
2016-06-28,21.93442250558882,22.134280065786832,21.807846643772987,22.130950927734375,29100800
2016-06-29,22.267516021714638,22.68388693663573,22.267516021714638,22.550647735595703,32708800
2016-06-30,22.45405000849685,22.743842514166992,22.407414131974882,22.730518341064453,24264600
2016-07-01,22.703872528185443,22.933707525476265,22.687216676481597,22.850433349609375,25357600
2016-07-05,22.543980756904734,22.62392323914649,22.167582467579347,22.390756607055664,30139800
2016-07-06,22.2608579084325,22.50401712913087,22.107633698094432,22.487363815307617,31795000
2016-07-07,22.62060320384478,22.76383237738161,22.100970506886004,22.257526397705078,28195600
2016-07-08,22.457381514469745,22.63392237937822,22.334137347592893,22.553979873657227,23135800
2016-07-11,22.673899608353437,22.78049048521075,22.577301229119165,22.597286224365234,19500800
2016-07-12,22.937036943912684,23.25680944277266,22.890403613328473,23.156879425048828,31049000
2016-07-13,23.09026664377246,23.216842494089104,22.74384571828179,22.957027435302734,25092400
2016-07-14,23.136901412860684,23.19352725402246,23.00699387545346,23.073612213134766,21797200
2016-07-15,23.156885205165757,23.2101819056086,22.97368351537823,23.06028938293457,18259000
2016-07-18,22.99367015677579,23.08693684791447,22.84710676137116,23.07694435119629,18802200
2016-07-19,23.020318440649085,23.056959289391596,22.86043086965206,22.947036743164062,13983800
2016-07-20,22.85377309190536,23.026982320639856,22.663908005590194,22.91373062133789,23110000
2016-07-21,22.850432471912253,23.060285013485014,22.630589977557534,22.68721580505371,18513800
2016-07-22,22.73718663752727,22.79381247951938,22.610608236219345,22.757171630859375,15981200
2016-07-25,22.607278441570504,22.657240923449574,22.220884972861402,22.30415916442871,25543400
2016-07-26,22.174259241580057,22.454061942795708,22.16093506139574,22.43407440185547,24787800
2016-07-27,22.46404836188843,22.62726507764262,22.11762739485017,22.21422576904297,32355800
2016-07-28,22.187580411752222,22.324148792791185,22.061004529164016,22.217557907104492,21727000
2016-07-29,21.901112553558907,22.470707723376673,21.881127560650913,22.444059371948242,33003600
2016-08-01,22.247534786225987,22.264188100837945,21.62797455694056,21.704587936401367,61297000
2016-08-02,21.857808036009292,22.00770054591139,21.508055457802616,21.90110969543457,51200200
2016-08-03,21.90444426378222,22.33413940119811,21.81783839218072,22.32414436340332,47811200
2016-08-04,22.240869404933758,22.44405863054184,22.16425857376607,22.290834426879883,33580400
2016-08-05,22.304157329881033,22.524002397372957,22.264184806338925,22.494022369384766,22853600
2016-08-08,22.65058008706853,22.947036005490205,22.643919269932525,22.793811798095703,43326800
2016-08-09,22.857101027620473,22.893741875234415,22.58396178079716,22.67389678955078,22256800
2016-08-10,22.72052669151612,22.77049170717723,22.38076915940786,22.42740249633789,36073600
2016-08-11,22.524004904229074,22.85377000084242,22.47403987957209,22.757171630859375,34859400
2016-08-12,22.81712495971524,22.953695832595393,22.75716744940892,22.883743286132812,20379400
2016-08-15,23.013649338855497,23.113579363456676,22.947031016672106,23.066946029663086,21406800
2016-08-16,23.026978544495773,23.17687361415966,22.88707851253746,23.103591918945312,20485600
2016-08-17,22.990339676244844,23.18686810681498,22.96702300224434,23.17354393005371,29439000
2016-08-18,23.253482086508548,23.64986801147461,23.230165416882688,23.64986801147461,48297000
2016-08-19,23.57325300776811,23.57325300776811,23.366734674373873,23.453340530395508,22091400
2016-08-22,23.250147849492958,23.293449500350402,23.076936163411514,23.18352699279785,28273400
2016-08-23,23.18352977354235,23.40670395225642,23.18352977354235,23.34674644470215,24912400
2016-08-24,23.216836260533086,23.370062960995227,23.193519595910733,23.253477096557617,32905200
2016-08-25,23.216840890410356,23.28679343955312,23.11358171810894,23.190195083618164,23791600
2016-08-26,23.23016933497132,23.410041905848704,23.000334278844782,23.110254287719727,29150200
2016-08-29,23.04363334283292,23.286795089320456,23.01698499282646,23.266807556152344,14788000
2016-08-30,23.32009830556646,23.41003328723136,23.100253286100884,23.186859130859375,14265800
2016-08-31,23.056957756616587,23.09026692380635,22.693880972666435,22.820459365844727,26465600
2016-09-01,22.723862003404058,22.80713619571127,22.573966932455075,22.75383949279785,33337000
2016-09-02,22.977011501691994,23.066946492577024,22.86708898068996,23.01032066345215,21588800
2016-09-06,23.070285129012554,23.376733575750837,23.050297592867427,23.356748580932617,25688200
2016-09-07,23.463334890167747,23.539945716282435,23.360073173936136,23.489980697631836,30189000
2016-09-08,23.639877775292998,23.9629820433625,23.526623553910923,23.929670333862305,36010600
2016-09-09,23.706499179698504,23.779780883960328,23.216846466064453,23.216846466064453,43543600
2016-09-12,23.053623926275556,23.566593185375755,23.010322267102165,23.446678161621094,43945800
2016-09-13,23.190198665489245,23.200191162245513,22.710538490574358,22.777156829833984,49160800
2016-09-14,22.75051077853129,23.0236500327324,22.450723172377213,22.507349014282227,52940400
2016-09-15,22.597281845964115,22.953697800973714,22.560643542220937,22.78714942932129,32954800
2016-09-16,22.455723720935364,22.686947902004842,22.455723720935364,22.60317039489746,34788800
2016-09-19,22.787488834894976,22.851160577720677,22.5864232682775,22.58977508544922,23595000
2016-09-20,22.562962078263975,22.717112406746597,22.408811749781353,22.425565719604492,28265800
2016-09-21,22.61992917432726,22.955039236169146,22.59311975577506,22.94498634338379,40521800
2016-09-22,23.19296349831652,23.276741000863545,22.951683881911244,22.971792221069336,26631800
2016-09-23,22.86120593180858,23.068972507550562,22.536148803931102,22.666841506958008,46150400
2016-09-26,22.743925211974965,22.864565062081848,22.522751301216562,22.566314697265625,26480400
2016-09-27,22.341783659303335,22.475828174077904,22.164175763818776,22.415508270263672,38820400
2016-09-28,22.546206478508783,23.417492202422622,22.35519382920195,23.383981704711914,82286800
2016-09-29,23.367228585756013,23.608505712078056,23.132649979858293,23.34377098083496,54003200
2016-09-30,23.50797429284394,23.786116292602117,23.35717321212203,23.662124633789062,29429000
2016-10-03,23.70233159013399,23.739191338239394,23.44764727248679,23.645360946655273,26309800
2016-10-04,23.66547508009241,23.72244318083397,23.310256652090867,23.40408706665039,23705600
2016-10-05,23.642017331352072,23.873241549615486,23.61855972785616,23.762657165527344,26702400
2016-10-06,23.833033551163986,23.910107449917824,23.585050212222505,23.79952049255371,22351600
2016-10-07,23.802870263779756,23.90340431759436,23.591751818793714,23.662124633789062,23488800
2016-10-10,23.662130875679196,24.12123275939893,23.662130875679196,24.034103393554688,23069000
2016-10-11,23.95031860350758,23.99053017813217,23.628613223075384,23.759305953979492,27424400
2016-10-12,23.65876579284668,23.742543293923816,23.457700301598834,23.65876579284668,20878200
2016-10-13,23.511324109471378,23.64871791086256,23.21977742356282,23.528078079223633,27086800
2016-10-14,23.6487235443512,23.725800004970687,23.373933319422623,23.390689849853516,22744800
2016-10-17,23.397380836174438,23.471105447571077,23.149400144220145,23.27674102783203,14850000
2016-10-18,23.50796554778145,23.558232555989214,23.266685953733177,23.370569229125977,13890200
2016-10-19,23.551534298633054,23.883292537806646,23.528076697008395,23.702335357666016,28631800
2016-10-20,23.561585020052124,23.772705971906294,23.430892314945538,23.67552375793457,24989000
2016-10-21,23.521373748779297,23.56158531597153,23.383977409708166,23.521373748779297,28477000
2016-10-24,23.521378749904677,23.601804458075918,23.1929697267841,23.451005935668945,21336800
2016-10-25,23.444302477630682,23.69563505465076,23.30355684810436,23.34377098083496,26454200
2016-10-26,23.135991657678314,23.49455920815475,23.095777542571085,23.397377014160156,35735600
2016-10-27,23.497916500868577,23.531426992926086,23.303552067573712,23.310253143310547,28412600
2016-10-28,23.270051085036886,23.601809438349637,23.09914418200826,23.246593475341797,37116800
2016-10-31,23.162809555920962,23.286798648737633,22.955040386757588,22.995254516601562,25947600
2016-11-01,23.16616078168691,23.246589048199706,22.747273147843167,22.998605728149414,37649600
2016-11-02,22.780783591994044,22.8612092925985,22.45237459977156,22.743921279907227,45966000
2016-11-03,22.74391968241423,22.87461239547444,22.61992804531417,22.83439826965332,25496200
2016-11-04,22.720458889940645,22.941630159171623,22.5730096726624,22.710403442382812,35108200
2016-11-07,22.968447806641304,23.21307676116549,22.968447806641304,23.199674606323242,29599000
2016-11-08,23.08573046132785,23.36052059198254,23.05221996865029,23.229827880859375,22417400
2016-11-09,23.310255584758075,23.78276200932384,23.038817246969955,23.608503341674805,51987600
2016-11-10,23.591747868062175,23.886643789614,23.511322172491088,23.709035873413086,41269600
2016-11-11,23.568287657440603,23.615202854386375,23.08572842407096,23.27674102783203,35319400
2016-11-14,23.192962364650125,23.43089015345145,23.065621487410166,23.407432556152344,25144000
2016-11-15,23.611856056513105,24.081010682364305,23.59175026974522,24.06760597229004,38457400
2016-11-16,24.013991791557224,24.17484321315993,23.826328390771064,23.900053024291992,33218200
2016-11-17,24.10111433996614,24.258616473565763,23.67887751502008,23.739194869995117,20676000
2016-11-18,23.822975294354624,23.970424553477596,23.70233801297514,23.836380004882812,23924600
2016-11-21,24.171488911920974,24.42952510272423,24.171488911920974,24.4027156829834,33750800
2016-11-22,24.40941280529976,24.5300526179031,24.0944111227791,24.389307022094727,32026400
2016-11-23,24.27202510278426,24.566921075935536,24.245215680673994,24.48984718322754,22924000
2016-11-25,24.385961353534384,24.439580197846848,24.248567539186322,24.36920738220215,17583600
2016-11-28,24.486488654775314,24.493189730122573,23.98717544909295,24.030738830566406,37580200
2016-11-29,23.66547656515746,23.87994682809119,23.481164984501657,23.735849380493164,36723400
2016-11-30,24.560216407889694,25.17346842639274,24.560216407889694,24.942241668701172,89709600
2016-12-01,25.40469649118198,25.488474018254006,24.98245959555376,25.002565383911133,54764800
2016-12-02,24.989156984749627,25.193574325171397,24.91878417919757,25.07628631591797,36677600
2016-12-05,25.30416037402002,25.50187407461209,25.196925261208598,25.297456741333008,45070200
2016-12-06,25.143304674324444,25.351073809468446,24.99250618630299,25.250539779663086,33927000
2016-12-07,25.19356936622322,25.488465239541608,25.19356936622322,25.451602935791016,32016600
2016-12-08,25.51863551465158,25.62251883112791,25.32091921929167,25.589008331298828,29200400
2016-12-09,25.723052437889546,25.723052437889546,25.521986885740663,25.66943359375,17949600
2016-12-12,26.239114503079296,26.289378958650452,25.68283066568498,25.79006576538086,32260400
2016-12-13,25.98444082899303,26.269283939577917,25.746512933954477,26.081623077392578,32057200
2016-12-14,25.957633157842032,26.061516491187128,25.48847841399091,25.55885124206543,39702800
2016-12-15,25.451610331299115,25.70964653253118,25.30751289022704,25.615816116333008,40503600
2016-12-16,25.79839430825396,25.79839430825396,25.643429076092673,25.774812698364258,35729800
2016-12-19,25.7478687793066,25.795032012323187,25.606379080256833,25.656911849975586,14226400
2016-12-20,25.788301158220055,25.82198882201092,25.52890074960201,25.599645614624023,17964200
2016-12-21,25.653543631496902,25.757976142799475,25.512053925176595,25.64006805419922,16205400
2016-12-22,25.656917516615284,25.811882826496237,25.60638473573575,25.744504928588867,21940800
2016-12-23,25.704081829916536,25.774826698010855,25.66365508948945,25.720924377441406,12796200
2016-12-27,25.76134616116012,25.86577867441456,25.737764542999322,25.778188705444336,20017800
2016-12-28,25.835466553693752,25.84557259665246,25.478370091192833,25.498584747314453,16187400
2016-12-29,25.46151367453605,25.53562804280331,25.357078623703625,25.44803810119629,13394800
2016-12-30,25.424462747326423,25.565952446910078,25.293079087683967,25.373929977416992,17706600
2017-01-03,25.6400738642822,25.875890094919054,25.38741251565522,25.66028594970703,49246200
2017-01-04,25.680492940005475,25.727656172055166,25.522158130894347,25.60637855529785,22371000
2017-01-05,25.623228382679965,25.717554873596146,25.421099820687562,25.542377471923828,22282400
2017-01-06,25.623225397076766,25.65354609145494,25.397515238654933,25.565956115722656,14821000
2017-01-09,25.397513503882198,25.42109512225279,25.15832778320803,25.195384979248047,21921800
2017-01-10,25.17517237327125,25.232441649520272,24.946092698071567,24.966304779052734,19321600
2017-01-11,25.053892900140525,25.2829725584537,24.94945782562786,25.235809326171875,26254000
2017-01-12,25.37730105755379,25.40425221250509,25.030313290717523,25.131376266479492,21791200
2017-01-13,25.097692974812638,25.15159529409407,24.99326044395992,25.057266235351562,19813400
2017-01-17,25.134739806386026,25.272859944700414,25.114527730096846,25.212221145629883,19566000
2017-01-18,25.074104025187548,25.222332789690046,25.04378333690145,25.15495491027832,17450400
2017-01-19,25.15495824698986,25.165064287691326,24.95619925931805,25.01683807373047,18001800
2017-01-20,25.17854514734306,25.262765597794626,25.02694936461191,25.111169815063477,18364400
2017-01-23,24.9966236760532,25.047156450277495,24.723750293527146,24.845027923583984,30414000
2017-01-24,24.94271590431527,25.225695236535636,24.895552682278545,25.11789321899414,23714400
2017-01-25,25.124642046488592,25.32677058658813,25.117902972036436,25.249286651611328,18820600
2017-01-26,25.33013955009868,25.370563715080696,25.215598418840813,25.269500732421875,17303400
2017-01-27,25.114527333457367,25.141475911349676,24.93261093911882,25.006725311279297,19901800
2017-01-30,24.892188839245758,24.905664415795687,24.376760244677264,24.54857063293457,26572800
2017-01-31,24.562051025386115,24.59910565540947,24.299281086446133,24.55868148803711,28014800
2017-02-01,24.690064436300116,24.723752098174035,24.225168533950793,24.37676429748535,36848600
2017-02-02,24.41718579925506,24.558675490915007,24.22179380398943,24.51487922668457,25760200
2017-02-03,24.612576422814218,24.85513166044426,24.46771718757424,24.72711753845215,23657200
2017-02-06,24.72711708926223,24.811337513564755,24.447504663729035,24.51824951171875,21043400
2017-02-07,24.41045422591342,24.524995371164714,24.04325430804599,24.171268463134766,28315600
2017-02-08,24.17126161249676,24.282433188678304,23.800692262094973,24.228530883789062,32296800
2017-02-09,24.37339472476829,24.575523265921515,24.37339472476829,24.50141143798828,18523200
2017-02-10,24.696801140500547,24.824817854943056,24.612580700032105,24.686695098876953,20810800
2017-02-13,24.63616019025185,24.743962241921594,24.588996953284063,24.733856201171875,15969800
2017-02-14,24.804605818868573,24.82482047445268,24.504781224779805,24.814714431762695,21543400
2017-02-15,24.740594022685617,24.848396068898044,24.636158943083547,24.717012405395508,17853200
2017-02-16,24.74059216640758,24.774279821408232,24.343071668911918,24.380128860473633,22750800
2017-02-17,24.255482626776008,24.326227476013024,24.167892664300133,24.245376586914062,23290000
2017-02-21,24.474464070256886,24.54183940433958,24.373398498928594,24.41045570373535,23605000
2017-02-22,24.295915445477995,24.322864035129232,24.02303944980016,24.039884567260742,23078800
2017-02-23,24.309386295586727,24.349810457300382,23.9893471175334,24.140945434570312,34780200
2017-02-24,23.965770209033057,24.056729731169312,23.793959777378852,23.915237426757812,27995200
2017-02-27,23.938820590027564,24.225172184617904,23.898396417768588,24.120737075805664,47372800
2017-02-28,24.04999276781577,24.16116438454199,23.979247894500254,24.04662322998047,28036800
2017-03-01,24.268956878401063,24.639526217594366,24.252111766081843,24.52835464477539,37995200
2017-03-02,24.40707889267954,24.528356514051154,24.28580127130793,24.295909881591797,21540600
2017-03-03,24.336337596892964,24.42729711131051,24.19821741194568,24.252117156982422,22333000
2017-03-06,24.211688550480144,24.33970267039377,24.11735951610847,24.306015014648438,16749400
2017-03-07,24.393606197188937,24.40034270059396,24.060091449061186,24.090412139892578,22923600
2017-03-08,23.9927102110882,24.134199879495608,23.45370011462935,23.46380615234375,51132400
2017-03-09,23.345906736013383,23.632255714782747,23.207783982254185,23.6187801361084,55541400
2017-03-10,23.770377891252174,23.800698588362508,23.446971686564858,23.585094451904297,34958600
2017-03-13,23.561512333404718,23.70300206306126,23.507610015323756,23.58846092224121,26157600
2017-03-14,23.406545190558298,23.409912157521596,23.11682667907966,23.322324752807617,52769600
2017-03-15,23.521083139204947,23.895022078688825,23.406544580546896,23.84111976623535,46410000
2017-03-16,23.891649706930885,23.891649706930885,23.605300774056555,23.67267608642578,32555000
2017-03-17,23.770628783143078,23.821464691606156,23.65540313720703,23.65540313720703,28487800
2017-03-20,23.57745314600775,23.672345457762386,23.435114678375786,23.621509552001953,24437400
2017-03-21,23.73334817346255,23.75029433736074,23.367332752483055,23.455448150634766,33434400
2017-03-22,23.384278888093313,23.530007106328032,23.28938657587007,23.421558380126953,24839200
2017-03-23,23.353771067768925,23.526609470402985,23.302935178797433,23.326658248901367,23600800
2017-03-24,23.36055379957508,23.411389701211505,23.19110251786791,23.235158920288086,20885000
2017-03-27,23.01487310941555,23.19110129542834,22.997926947889546,23.126708984375,22982600
2017-03-28,23.160601963908796,23.51306097089406,23.106378893553458,23.455448150634766,55845200
2017-03-29,23.45205793435647,23.81807334805728,23.387668201191328,23.777406692504883,37150400
2017-03-30,23.92652094014012,23.984133756527736,23.70962350205146,23.770626068115234,31824600
2017-03-31,23.692680750160438,23.838406378232662,23.58084227754447,23.68929100036621,39722400
2017-04-03,23.72656933320247,23.74351291010362,23.411389843881565,23.64862060546875,26266600
2017-04-04,23.699453700555697,23.841792140650067,23.472389629125953,23.82145881652832,25948000
2017-04-05,24.02141657301291,24.22814737632626,23.713016535926588,23.746906280517578,45467400
2017-04-06,23.84178756490349,24.004461883520015,23.777397855668692,23.93667984008789,26249400
2017-04-07,23.9502356293543,24.01462792254431,23.80789722025897,23.845176696777344,25160600
2017-04-10,23.97735891189486,24.13325379737251,23.92652300485132,24.024805068969727,21641800
2017-04-11,24.06208225972116,24.072248923032884,23.770625845218486,24.0281925201416,27783000
2017-04-12,24.051910432931678,24.20441552111049,23.85195661678214,23.926515579223633,22907200
2017-04-13,23.906181483908995,23.923125056702712,23.435107238939093,23.489330291748047,35312000
2017-04-17,23.482550246233007,23.563886107403324,23.42493745230488,23.540163040161133,16024400
2017-04-18,23.435109639866873,23.59100448789259,23.272435293532507,23.319881439208984,29500600
2017-04-19,23.37749755534638,23.42155395323107,22.916589909702324,22.97759246826172,36250800
2017-04-20,23.045365839728955,23.258873445361917,23.021642772436405,23.08942222595215,32470800
2017-04-21,22.991144776327676,23.089426813386584,22.858973005777646,22.974201202392578,28232200
2017-04-24,23.143653834631756,23.20465639279938,23.038594878862384,23.109764099121094,26701400
2017-04-25,23.167375323351322,23.36054964673172,23.096206107960743,23.306324005126953,31182000
2017-04-26,23.197875725540904,23.54355773294788,23.187709063962043,23.228378295898438,37475200
2017-04-27,23.048760167445607,23.072483239451486,22.74374739478364,22.974201202392578,41095400
2017-04-28,23.17076852032398,23.211435171958122,22.957258256759566,22.991147994995117,28852000
2017-05-01,22.984361064209732,23.048753348727775,22.875912397748916,22.926748275756836,18838800
2017-05-02,22.974201595608214,23.048760561937357,22.716634962549616,22.811527252197266,32871200
2017-05-03,22.76069752563964,22.98437187420463,22.696305210836645,22.87592315673828,33869600
2017-05-04,22.716634639993693,22.743747461114033,22.309952665672295,22.45568084716797,67889000
2017-05-05,22.46923757677124,22.848806735361837,22.459068329491018,22.811527252197266,37487600
2017-05-08,22.80813969835142,23.014870433954485,22.78780378976001,22.974201202392578,37897400
2017-05-09,23.02165269596063,23.02165269596063,22.71663985242263,22.784421920776367,21439400
2017-05-10,22.91659113088244,23.194491115657065,22.89625521986492,23.086042404174805,36518400
2017-05-11,23.167379148577094,23.208048386495673,23.004704782524115,23.038597106933594,23937400
2017-05-12,23.021648232539647,23.065704629211808,22.892866206068007,22.96064567565918,21417200
2017-05-15,23.30294462669328,23.34022412134551,23.065711243849837,23.140270233154297,26413800
2017-05-16,23.248706303918233,23.248706303918233,22.943693598179905,23.02503204345703,23386800
2017-05-17,22.88948068519577,23.086044803190216,22.78780887640651,22.797975540161133,31213600
2017-05-18,22.69630642082944,22.903037203524306,22.611580774991264,22.79119873046875,28230000
2017-05-19,22.903031810965388,23.11992920639252,22.84880616929815,23.07248306274414,31249000
2017-05-22,23.194487495388376,23.208043905410385,22.94031062512256,23.02164649963379,20678400
2017-05-23,23.082653827837415,23.106376903879145,22.953871784413927,23.07587432861328,18173600
2017-05-24,23.048757327601344,23.1199265348502,22.848803529084503,22.95386505126953,26961400
2017-05-25,22.896249794425735,23.12331641190449,22.45567813963512,22.53701400756836,46658400
2017-05-26,22.53701365903284,22.59462645686038,22.42856497492548,22.57429313659668,26398200
2017-05-30,22.455684159017082,22.455684159017082,22.262509804881194,22.272676467895508,29058200
2017-05-31,22.096445491439134,22.24556344263093,22.062555753155895,22.177783966064453,32186000
2017-06-01,22.187948472061862,22.398066380364817,22.116779252899146,22.316730499267578,35967400
2017-06-02,22.21506148363608,22.221838396443175,21.96427175421551,22.05916404724121,33085000
2017-06-05,21.991389528157207,22.181174156939573,21.984612613824257,22.099838256835938,25105000
2017-06-06,22.086275558951503,22.398065241995248,22.035439666241544,22.360788345336914,29670600
2017-06-07,22.269282824577296,22.377731520469958,21.89310084509507,22.045608520507812,45884200
2017-06-08,21.940547199703975,22.143888183262632,21.933770287354402,21.981216430664062,39138600
2017-06-09,22.03205178371537,22.584461916226417,22.028662034813106,22.509902954101562,46368400
2017-06-12,22.70985677575243,22.892864432213475,22.621741403614706,22.669187545776367,45848800
2017-06-13,22.73697412113087,22.869148513485563,22.62852539289806,22.838645935058594,31615800
2017-06-14,22.77763938680263,22.77763938680263,22.252342001551778,22.425180435180664,60560400
2017-06-15,22.32350982301268,22.435345689038662,22.157445727311003,22.255727767944336,38517800
2017-06-16,22.38847271523972,22.63416281636293,22.245154357391705,22.623926162719727,49242000
2017-06-19,22.572735426833265,22.620508202487944,22.422590929963704,22.480600357055664,31356800
2017-06-20,22.221265387362177,22.255388430022716,21.94486275394287,22.193965911865234,32126800
2017-06-21,22.12572089268054,22.25539212108639,21.716239105998827,21.83567237854004,54611000
2017-06-22,21.845898937821737,22.009693148618872,21.733291882322824,21.82201385498047,30863200
2017-06-23,21.825429758284017,21.992634481712592,21.764007243066416,21.968748092651367,29111000
2017-06-26,22.036992357070048,22.07793895671965,21.832250246849846,21.920970916748047,27206800
2017-06-27,21.999460642826616,22.09841928415946,21.88343917927664,21.886852264404297,28455000
2017-06-28,21.91415413992041,22.139368318022704,21.900504401335205,22.00628662109375,33719800
2017-06-29,22.071120898009443,22.2963350625352,22.006285294493548,22.054058074951172,38044800
2017-06-30,22.21443765054563,22.255386860903915,22.00969680559639,22.15301513671875,39286400
2017-07-03,22.23150391096272,22.685347966467994,22.20761751874778,22.57956314086914,36805600
2017-07-05,22.466949066207626,22.487424971086515,22.036994115063543,22.122303009033203,41976400
2017-07-06,22.1598417100598,22.224674706697137,21.8288427463819,21.876615524291992,41367200
2017-07-07,21.804960738417066,21.87320683388012,21.596806762806604,21.842496871948242,32073400
2017-07-10,21.811778518586394,21.965336097762464,21.764005743754986,21.91415023803711,28307600
2017-07-11,21.951686871965933,22.112068021237658,21.815192110665247,22.03358268737793,23799600
2017-07-12,22.25197501942982,22.306573969625525,21.999461383327777,22.095006942749023,29637200
2017-07-13,22.112070001422566,22.20078939130515,21.989224965593007,22.18372917175293,20113600
2017-07-14,22.197380555849794,22.357759127958182,22.176904646078636,22.31681251525879,20545000
2017-07-17,22.275859083456325,22.443063794985616,22.25538578098118,22.289508819580078,24429800
2017-07-18,22.40211976802297,22.408943335159606,22.09159409317013,22.18372917175293,29913600
2017-07-19,22.159844821459245,22.52837735945012,22.142781996915126,22.507904052734375,49605400
2017-07-20,22.63416142886602,22.716057256412935,22.378234689788172,22.43965721130371,34318600
2017-07-21,22.364586900823337,22.47036912910174,22.187142888345505,22.21785545349121,26095200
2017-07-24,22.265624763378998,22.299747805550503,22.125716906028217,22.176902770996094,20866800
2017-07-25,22.44306489333519,22.617095783153804,22.391881634642445,22.456714630126953,30958600
2017-07-26,22.58297207827055,22.739940141624633,22.419177845010935,22.480600357055664,42422800
2017-07-27,22.487428649039668,22.71946898272556,22.385056918164235,22.709232330322266,31631800
2017-07-28,22.63415586336955,22.907142755875185,22.59661974259415,22.681928634643555,29530000
2017-07-31,22.688753856609242,22.862784738050784,22.62733134571346,22.733116149902344,27039000
2017-08-01,22.746760998509757,22.859366741439295,22.630739568004245,22.729698181152344,25337400
2017-08-02,22.613688983120287,22.736534044967375,22.41236116718423,22.64440155029297,30237000
2017-08-03,22.606858528894627,22.644394653216285,22.228086804136822,22.327045440673828,30655600
2017-08-04,22.33728011468218,22.460125128237745,22.286094258463894,22.39870262145996,18742000
2017-08-07,22.303160632868128,22.34410984505312,22.159842295352473,22.22808837890625,22874600
2017-08-08,22.163253033443244,22.371406975137038,22.112069771896603,22.176902770996094,20858200
2017-08-09,22.211023383859676,22.337281489848255,22.11547783486116,22.197376251220703,20875800
2017-08-10,22.234911191729246,22.272444709621222,21.924385570581737,21.96192169189453,30524200
2017-08-11,21.893678978831723,22.016521408847986,21.798132118541123,21.818605422973633,31981800
2017-08-14,21.859554954234728,21.955100519898547,21.72647325871421,21.753772735595703,22813400
2017-08-15,21.787895170077178,21.787895170077178,21.545618177234164,21.671875,25451200
2017-08-16,21.678693965137594,21.740116467963276,21.419355521203833,21.463716506958008,33166600
2017-08-17,21.378414651760398,21.46031048132526,21.153199167890914,21.160022735595703,29593800
2017-08-18,21.105423128627056,21.409123931811546,21.091774692769935,21.265804290771484,37265400
2017-08-21,21.235086875189975,21.245323524542453,21.088355493156644,21.15660285949707,20750400
2017-08-22,21.214611691364144,21.344281553673955,21.200963259839593,21.2965087890625,30343600
2017-08-23,21.25215611189793,21.49784619929444,21.231682805755366,21.38865089416504,23052000
2017-08-24,21.313572186785468,21.453478710520294,21.30674731956544,21.402294158935547,20781000
2017-08-25,21.44324894980257,21.583155518486386,21.436424080389855,21.497846603393555,16440400
2017-08-28,21.50807634657022,21.57973680152538,21.286274019615668,21.402294158935547,19912000
2017-08-29,21.299927743640648,21.402299475661817,21.218031920076488,21.375,17454200
2017-08-30,21.293104263652907,21.450072344219365,21.231681744872876,21.385236740112305,17328800
2017-08-31,21.477366189028604,21.542201780066573,21.405707032133325,21.48760414123535,20667400
2017-09-01,21.521727944674968,21.76741797903021,21.467130303897186,21.695758819580078,23191000
2017-09-05,21.784480013898772,21.920973468222307,21.661634993810264,21.8151912689209,36229600
2017-09-06,21.924386332533558,22.23149887966568,21.91414968153264,22.170076370239258,34104200
2017-09-07,22.180315281904328,22.265624186834728,22.064296420841146,22.21102523803711,17280600
2017-09-08,22.163250599099488,22.176900335153093,21.87320086736801,21.97557258605957,20529400
2017-09-11,22.060884135923374,22.214439128999686,22.009698270424177,22.18372917175293,27102200
2017-09-12,22.24856488681405,22.367999455362114,22.190555447098557,22.320226669311523,18819400
2017-09-13,22.368000067160807,22.6136875721031,22.34411367348218,22.600040435791016,31786600
2017-09-14,22.644396727206406,22.862787323214157,22.640983641931555,22.709232330322266,29166800
2017-09-15,22.755900143397334,22.762813568115234,22.610694484976758,22.762813568115234,26136200
2017-09-18,22.710959246328393,22.873452444264174,22.693671725724684,22.859622955322266,25167000
2017-09-19,22.908022833233623,22.987539090525292,22.863076338698693,22.952966690063477,21008600
2017-09-20,23.01865948380949,23.170778595762062,22.99791393031628,23.10854721069336,36547600
2017-09-21,23.07743091523978,23.17423469779521,23.011741503774914,23.115461349487305,17748200
2017-09-22,23.094719720010715,23.298698753497572,23.070518773025743,23.233009338378906,29295800
2017-09-25,23.34018702583684,23.637514450703964,23.315986079054884,23.56836700439453,29667600
2017-09-26,23.50959485384234,23.602940613995116,23.443905435920254,23.55799674987793,21421400
2017-09-27,23.578726224112206,23.66515850885998,23.447350100869023,23.658245086669922,21836400
2017-09-28,23.71011595565658,23.820749225815245,23.613312173980898,23.678998947143555,23599800
2017-09-29,23.596025835437043,23.679000132784378,23.519964963824755,23.67554473876953,28575000
2017-10-02,23.423161194420402,23.675544756072412,23.33327083356697,23.668628692626953,24833600
2017-10-03,23.63751101370355,23.72394333074366,23.5925645207115,23.644424438476562,14479600
2017-10-04,23.644429474686866,23.71357428796465,23.544167649040197,23.62714195251465,20395200
2017-10-05,23.644425519802333,23.77234630444567,23.630596031918856,23.734315872192383,20323600
2017-10-06,23.509591551109605,23.640967730791957,23.454273599008527,23.53379249572754,23926600
2017-10-09,23.561452368008066,23.654798118597895,23.533793390905437,23.582195281982422,11528200
2017-10-10,23.748149844404967,23.831124149668643,23.578740564121887,23.602941513061523,15527400
2017-10-11,23.575270831869176,23.672074568754045,23.478467094984303,23.658245086669922,20574000
2017-10-12,23.478481171909564,23.60294130988089,23.44045073280242,23.571826934814453,20362200
2017-10-13,23.710118501821494,23.779263313956474,23.54416725990983,23.55799674987793,17787400
2017-10-16,23.630594749004725,23.748144070779933,23.56144995104634,23.609851837158203,15333800
2017-10-17,23.602946000298758,23.672093465919023,23.495770725719982,23.62369155883789,16754200
2017-10-18,23.606396863094552,23.703200647854846,23.43007417644956,23.457733154296875,15412600
2017-10-19,23.295235770891967,23.48192988125821,23.28486431548909,23.3851261138916,15183800
2017-10-20,23.43698693941577,23.443900364051412,23.274493764576388,23.430070877075195,19640400
2017-10-23,23.447359008133116,23.523419869638065,23.28832386030686,23.309066772460938,17310600
2017-10-24,23.392053426307395,23.45774022135243,23.305621072774258,23.354022979736328,19640400
2017-10-25,23.31252924574554,23.381674057904142,23.11892166153705,23.191524505615234,27045400
2017-10-26,23.20189304395969,23.315984343599176,23.101631232552734,23.23992347717285,18724400
2017-10-27,23.11892344708946,23.405876813644994,22.935684669076554,23.281414031982422,32376000
2017-10-30,23.118923972773114,23.468108738099776,23.118923972773114,23.402421951293945,23229600
2017-10-31,23.412786166491344,23.564907886628426,23.309066332269705,23.47847557067871,19298000
2017-11-01,23.620229071815764,23.855325135177917,23.609857613355107,23.744691848754883,34612600
2017-11-02,23.744689546941416,23.810378961098458,23.5337944530002,23.67554473876953,22656600
2017-11-03,23.66517293771382,23.838037612606414,23.640971988737082,23.744691848754883,22223800
2017-11-06,23.85186168760309,24.318595676300912,23.810375863179733,24.2874813079834,38200000
2017-11-07,24.32898103789949,24.363553453499247,24.128457334632163,24.256378173828125,26820600
2017-11-08,24.1975920866537,24.259823463894126,24.003984529774662,24.138818740844727,28493200
2017-11-09,24.045475277304423,24.252912341903293,24.01090023511679,24.211423873901367,25977800
2017-11-10,24.16993796025341,24.19068087533015,23.90026687572893,24.083505630493164,21068400
2017-11-13,24.017812331907237,24.107702678879296,23.91755052907397,23.945209503173828,14979600
2017-11-14,23.855324189928258,23.855324189928258,23.530337769941735,23.55799674987793,33055400
2017-11-15,23.347095780075847,23.39549766395499,23.19497406633863,23.291780471801758,35386200
2017-11-16,23.219182289804166,23.302156587662527,23.132749960204308,23.198436737060547,25028000
2017-11-17,23.24337999657293,23.360926682344736,23.18460401598202,23.312524795532227,18344800
2017-11-20,23.284872575218188,23.30561813108774,23.15349636400461,23.257213592529297,15570600
2017-11-21,23.34709720321341,23.44044558331676,23.260664885631424,23.309066772460938,16928800
2017-11-22,23.447365819919597,23.495767720810534,23.388592459938565,23.402421951293945,18615000
2017-11-24,23.495762385243257,23.544164275142784,23.46464801503863,23.468103408813477,9981400
2017-11-27,23.3678447554317,23.395503735599277,23.181153233564388,23.229555130004883,21191600
2017-11-28,23.253749450230785,23.443898949847295,23.22609047794682,23.409326553344727,24226600
2017-11-29,23.398960172442475,23.582196287576807,23.350558279301534,23.53725242614746,27198600
2017-11-30,23.59256895530058,23.934842894262708,23.59256895530058,23.889896392822266,44607200
2017-12-01,24.059302758045654,24.2563710079288,23.83458080418223,24.09041976928711,42376600
2017-12-04,24.294388475537822,24.460339643603767,24.00397722855283,24.08003807067871,27151800
2017-12-05,24.080045831953885,24.166478155372452,23.948667012226345,23.97632598876953,21379600
2017-12-06,23.907184700687473,23.948670533897594,23.630600169994008,23.665172576904297,24122400
2017-12-07,23.640967488405188,23.77580169813771,23.620224575432527,23.734315872192383,17280000
2017-12-08,23.855325566357013,23.96250082266179,23.056691597983914,23.952129364013672,21393400
2017-12-11,23.997078000337424,24.249458975548794,23.98324850834276,24.124996185302734,22633400
2017-12-12,24.059305191040043,24.245999364251823,24.028190814357604,24.05930519104004,23516400
2017-12-13,24.05929926804703,24.11461721880509,23.955582066933278,24.02472686767578,18432000
2017-12-14,23.934841877691767,24.1077065369226,23.927925814207523,23.938297271728516,23565600
2017-12-15,24.108137045732693,24.108137045732693,23.8853971331796,23.91672134399414,20306800
2017-12-18,23.975881889911324,24.22298385452274,23.968922430532565,24.101173400878906,19321400
2017-12-19,24.21253646977855,24.275182207492474,24.080285536946032,24.135969161987305,13528400
2017-12-20,24.216023438229595,24.518809031712504,24.142937168931354,24.477046966552734,24509000
2017-12-21,24.487491349438205,25.068703193680424,24.46312925582533,24.995616912841797,33606200
2017-12-22,25.023464668871917,25.14875621772762,24.91905415973565,25.047826766967773,21321600
2017-12-26,25.13831227990128,25.308846943385284,25.08610703243131,25.26708221435547,17262200
2017-12-27,25.27057494801293,25.281015471276916,25.131361775528788,25.18356704711914,21710600
2017-12-28,25.180078982774564,25.22184371948242,25.13483584279331,25.221843719482422,15933600
2017-12-29,25.28795956372432,25.301878481307234,25.106981771924218,25.148746490478516,14712800
2018-01-02,25.27404409578811,25.590751325035765,25.193995696373907,25.562908172607422,29782800
2018-01-03,25.61512529817562,26.011881110826298,25.587282132835476,25.945756912231445,38599200
2018-01-04,25.928344039916993,26.119762407017408,25.83437671305728,26.102359771728516,28613600
2018-01-05,26.067553038221163,26.112796165447605,25.876134701361362,26.091915130615234,28408800
2018-01-08,26.08147394195801,26.262449101475067,26.011866068860023,26.24852752685547,19558400
2018-01-09,26.300729134773558,26.307688593487576,26.140635031666296,26.18239974975586,18469000
2018-01-10,26.258969977364394,26.276372610737404,26.13020004937271,26.151081085205078,21644000
2018-01-11,26.241568189545045,26.78101526840841,26.14759822424179,26.687047958374023,36179000
2018-01-12,26.694010368089483,27.014201310680505,26.694010368089483,26.94459342956543,39638400
2018-01-16,27.007234458282674,27.024637089326582,26.554795259096764,26.603519439697266,33789800
2018-01-17,26.680096858642663,26.951561011879452,26.506081103463213,26.83670997619629,28014800
2018-01-18,26.73577248816334,26.801899304953416,26.568716245055914,26.617443084716797,23029200
2018-01-19,26.5582852227026,26.593090499942186,26.408631558489876,26.5826473236084,25925400
2018-01-22,26.6174456388797,27.167333294822406,26.61048352314483,27.156892776489258,34033400
2018-01-23,27.20909678682205,27.2369399379578,26.979394772855674,27.115129470825195,20369800
2018-01-24,27.1464503577764,27.28218239714376,26.948072557526483,27.04203987121582,25839400
2018-01-25,27.177777735777084,27.177777735777084,26.78102205023797,26.82974624633789,23436800
2018-01-26,26.888909955651574,27.021160947730685,26.833223650395624,26.97591781616211,15570600
2018-01-29,26.86802133957087,26.96199129865156,26.526952075826458,26.568714141845703,25294400
2018-01-30,26.34598495600721,26.41907391171732,26.011875016021477,26.032758712768555,45503600
2018-01-31,26.102357070145274,26.147600199836663,25.869176650916554,26.050151824951172,31450600
2018-02-01,26.084939919050015,26.33552283230421,25.938767438074265,26.31812286376953,36023200
2018-02-02,25.834370296034983,25.89701605013727,25.079140189560547,25.218353271484375,62010800
2018-02-05,24.88076818180862,25.19747808302705,23.763587520581353,24.160343170166016,69535200
2018-02-06,23.74618688764485,24.52577658842113,23.631335872432448,24.351760864257812,65630400
2018-02-07,24.428326376474686,24.734593072146065,23.94108185428961,23.944562911987305,49207400
2018-02-08,23.96892742023296,24.066375803434216,23.210218737105496,23.220659255981445,55542200
2018-02-09,23.495604411752936,23.5199665075386,22.430626347468447,23.203256607055664,70348200
2018-02-12,23.502564585455346,23.84363659206933,23.391194622018624,23.582612991333008,49913800
2018-02-13,23.46079682966069,23.586085684838192,23.321583745246127,23.485158920288086,24570000
2018-02-14,23.25545781738809,23.895836967948625,23.19977417466521,23.826229095458984,39513800
2018-02-15,23.874953934454574,23.892356566872273,23.384231032448533,23.767065048217773,32938800
2018-02-16,23.6661400831595,23.930644745211424,23.56521063770193,23.707904815673828,27582200
2018-02-20,23.756623108040266,23.93063880071947,23.47123747825712,23.579126358032227,35616200
2018-02-21,23.509523430630836,23.728782268844572,23.182373046875,23.182373046875,25090800
2018-02-22,23.349427840189087,23.780988733980944,23.290263133147494,23.43643569946289,30660600
2018-02-23,23.55128570548774,23.961962889937716,23.509523634191524,23.944562911987305,31369600
2018-02-26,24.06637634703036,24.135981577955086,23.948044268135096,24.087257385253906,24312800
2018-02-27,24.135985696944655,24.3274040975587,23.770554189322137,23.774032592773438,26931400
2018-02-28,23.89932000308324,23.986327869110426,23.21717865206241,23.227619171142578,35244000
2018-03-01,23.203256299370874,23.558249867848104,23.025762170401517,23.19281578063965,45950000
2018-03-02,23.032723788217147,23.384236331614435,22.848267525972577,23.30070686340332,29157800
2018-03-05,23.192812271369128,23.620892061462072,23.151047547494326,23.547805786132812,25663000
2018-03-06,23.693986925089707,23.780994806581425,23.443403801550385,23.56173324584961,31355800
2018-03-07,23.307673736940504,23.554775823139952,23.16497952440939,23.384241104125977,24725200
2018-03-08,23.436436360933136,23.50604424347828,23.21021804465177,23.37727165222168,16026600
2018-03-09,23.558246232926866,23.843631873713562,23.537362543417405,23.8227481842041,22786200
2018-03-12,23.83666739386326,23.989802043818283,23.697454317110385,23.815786361694336,18972000
2018-03-13,23.88888083371056,23.996769743993738,23.547811466564603,23.645259857177734,21461800
2018-03-14,23.735743763453783,23.801870588460417,23.4573201973712,23.506044387817383,22696400
2018-03-15,23.593059506732686,23.69398897663444,23.20674426703875,23.384241104125977,24817000
2018-03-16,23.396502381253022,23.69794067830125,23.35093712208973,23.59278678894043,28685200
2018-03-19,23.519177731440134,23.550724964692765,23.095061722949197,23.228254318237305,29050000
2018-03-20,23.354441799258876,23.582273458141163,23.322897234917697,23.424545288085938,22518200
2018-03-21,23.564744362913295,24.192153735111408,23.491135047433982,24.037931442260742,32879200
2018-03-22,23.771546019127907,23.89772960972647,23.501654973454194,23.54722023010254,36967600
2018-03-23,23.666391163939892,23.939790715128503,23.35093487456899,23.40350914001465,38428600
2018-03-26,23.6734023444134,23.859171876161486,23.400005473223825,23.824121475219727,31906000
2018-03-27,23.925770113073558,24.023912307854452,23.463097856124875,23.599796295166016,27846200
2018-03-28,23.613818631835976,23.694434294219633,23.102075241931882,23.140628814697266,36457400
2018-03-29,23.24227756106924,23.722476403896074,23.238774392459383,23.627840042114258,27936200
2018-04-02,23.53670830372086,23.57876772303487,22.758576956315657,23.154651641845703,37986200
2018-04-03,23.242274517287036,23.669896359045534,23.02145458593146,23.648866653442383,28228600
2018-04-04,23.287844016302618,23.66989795613388,23.126610022726407,23.617321014404297,24981600
2018-04-05,23.676907867806477,24.192154370475198,23.676907867806477,24.04143524169922,27056800
2018-04-06,23.89072407331385,24.006390153039124,23.294856436788663,23.606809616088867,37767800
2018-04-09,23.718971252441406,24.02040956049462,23.624334887901256,23.718971252441406,21639600
2018-04-10,24.094012357834092,24.696888877400486,24.08700334735795,24.50411033630371,43684400
2018-04-11,24.4655508051356,24.81606011366663,24.434003576797426,24.759977340698242,42381800
2018-04-12,24.84411044612096,24.952770201026354,24.668855709884898,24.75648307800293,28623200
2018-04-13,24.889674315455633,25.131523993440126,24.854623908779942,25.029878616333008,26660800
2018-04-16,25.085955387720055,25.401414354093518,24.95276279043982,25.28574562072754,28048600
2018-04-17,25.352339874589294,25.499553147868035,25.20862976912155,25.38388442993164,32210600
2018-04-18,25.60470471186537,26.014799939486952,25.597693028526013,25.783462524414062,34623000
2018-04-19,25.804504752693884,26.00779818620261,25.65728876226902,25.815019607543945,36300600
2018-04-20,25.762434013025967,25.783463715668336,25.527593419606895,25.692333221435547,27380800
2018-04-23,25.61172442947617,25.853576796504637,25.471520119978873,25.85007095336914,29689200
2018-04-24,25.920165589624858,26.098926108457718,25.432957802795848,25.573162078857422,45575000
2018-04-25,25.49254512709426,25.811507231572815,25.33130847962052,25.776456832885742,26326600
2018-04-26,25.871097835609806,26.172536132114654,25.790482171529725,26.151506423950195,24433800
2018-04-27,25.88511621727752,26.004290792624275,25.77295332680812,25.874601364135742,21078600
2018-04-30,25.832533699325566,26.1620132888855,25.82552469013593,25.871089935302734,25926400
2018-05-01,25.7414107628415,25.758934628044823,25.38739552597112,25.713369369506836,27601800
2018-05-02,25.63625891730942,26.02181874676718,25.601208509935926,25.818525314331055,26869400
2018-05-03,25.699348067195007,25.80099611000683,25.411930477724272,25.758934020996094,30659200
2018-05-04,25.68883597041246,25.97625359072886,25.58368207368769,25.885120391845703,27171000
2018-05-07,26.088415523957,26.487996037893094,25.867595558100078,25.920169830322266,35947400
2018-05-08,25.930686023059998,26.13748528094572,25.461002046733583,26.123464584350586,57548200
2018-05-09,26.442429519144206,26.950667070390942,26.438923676438005,26.656240463256836,49807800
2018-05-10,26.761382878372263,26.919113658199826,26.638705165733207,26.856021881103516,27780200
2018-05-11,26.915616270689913,27.07685026854016,26.83499793467758,26.89458656311035,24021400
2018-05-14,26.978706652292356,27.203032435287497,26.978706652292356,27.080354690551758,20452600
2018-05-15,27.020760851507568,27.12942055374238,26.880559269818626,27.087358474731445,20965400
2018-05-16,27.048803951654353,27.19952306827773,26.91210552892314,27.18199920654297,23994400
2018-05-17,27.269626485012175,27.630650660972147,27.255605791147115,27.59209442138672,32542600
2018-05-18,27.543022351340873,27.571063738074674,27.35725284403363,27.37828254699707,28185400
2018-05-21,27.53251543315734,27.658699035644528,27.392311133263288,27.65869903564453,23026200
2018-05-22,27.655190938495103,27.83745464157832,27.2135483657895,27.290660858154297,33166800
2018-05-23,27.132936633181576,27.30819135059262,26.908608134654656,27.287158966064453,33211600
2018-05-24,26.971693567624225,27.013755652568307,26.715823238193263,26.8385009765625,38309600
2018-05-25,26.36531316142726,26.400363560830097,25.88160855747631,26.140987396240234,64907000
2018-05-29,25.937689856229778,26.221601551623127,25.81851797022355,26.060367584228516,38655000
2018-05-30,26.284695911329248,26.968190761429046,26.27418105849565,26.849016189575195,46044400
2018-05-31,26.65273312056467,26.96468624949896,26.58964132627603,26.645721435546875,26517400
2018-06-01,26.73686120989078,26.950672194656356,26.62820413290908,26.77191162109375,28205000
2018-06-04,26.86304113754494,27.05932555264451,26.470469633171206,26.540573120117188,27378400
2018-06-05,26.410886099221443,26.68077986893219,26.35130013547875,26.47748374938965,27415800
2018-06-06,26.57562109862812,26.673763297211906,26.368821847922902,26.603662490844727,26958400
2018-06-07,26.743869947860773,27.160974341283694,26.736858261888308,27.006752014160156,30357800
2018-06-08,27.03829172439556,27.11189836884401,26.785924558187045,26.95417022705078,22473200
2018-06-11,26.947161538261962,27.21705527208665,26.89108142518865,27.094377517700195,21435600
2018-06-12,27.09438092550212,27.157472732004038,26.81397230234363,26.8875789642334,31414400
2018-06-13,26.803451449340198,26.94365572954694,26.677267864571554,26.785924911499023,25004200
2018-06-14,26.863034671526183,26.940147151518246,26.684274165560392,26.747365951538086,20582200
2018-06-15,26.592812315432425,26.645744406626946,26.11642887915773,26.172887802124023,32178800
2018-06-18,26.105845233290722,26.610459520348318,26.105845233290722,26.43402099609375,26368800
2018-06-19,26.11642853982915,26.47283238528301,26.042324690014844,26.374027252197266,25215200
2018-06-20,26.532818997207837,26.58927790980865,26.278747159910427,26.4904727935791,23311800
2018-06-21,26.30345154304165,26.317566945916987,25.876470701954464,25.999977111816406,30019600
2018-06-22,26.642211771581923,26.808064381580266,26.515175844444375,26.518705368041992,56072600
2018-06-25,26.441066633648177,26.479883308627514,25.809416649810125,25.985855102539062,36760600
2018-06-26,26.052907212961653,26.416370059514072,25.961158447386858,26.314035415649414,27047200
2018-06-27,26.53282359717252,26.998621148893378,26.52223771748945,26.666915893554688,41167800
2018-06-28,26.705726146619522,26.804531256174716,26.42695304909604,26.631622314453125,28570800
2018-06-29,26.70573275860364,27.079781535168472,26.70573275860364,26.797481536865234,26335800
2018-07-02,26.610458678659093,26.617515034821263,26.25758164131146,26.402259826660156,30593200
2018-07-03,26.67750052023351,26.980974954004942,26.504591544976062,26.5681095123291,18616400
2018-07-05,26.730430827227842,26.815120547309345,26.462243572692476,26.53987693786621,19939000
2018-07-06,26.458716654944265,26.78689234795565,26.335207560441606,26.702199935913086,18620600
2018-07-09,26.86452820652166,27.139774560436603,26.85041280178975,27.1009578704834,22118400
2018-07-10,27.266807463067863,27.524408884650008,27.235049822013725,27.30209732055664,22007200
2018-07-11,27.04801764020856,27.213870230625087,26.546933038015446,26.723371505737305,38725600
2018-07-12,26.793942607841846,26.942150256846062,26.578687487615092,26.769241333007812,25136000
2018-07-13,26.793954134335983,27.07272732295245,26.723379802231797,26.910404205322266,22846200
2018-07-16,26.64574259936687,26.776305364254814,26.37402580604205,26.59986686706543,22781200
2018-07-17,26.511643620265442,26.6422090577007,26.345793719398912,26.494001388549805,19506400
2018-07-18,26.366971904254903,26.5504667738219,26.10584365794254,26.51165008544922,30703000
2018-07-19,26.441072002320414,26.63162589302674,26.41284119801481,26.518705368041992,32463600
2018-07-20,26.518708771103288,26.578697218772568,26.342270259907973,26.426959991455078,21722400
2018-07-23,26.501054949846118,26.518699871939567,26.264628070321823,26.310501098632812,15247600
2018-07-24,26.42695484955877,26.797476727871643,26.39166769263314,26.642210006713867,20337000
2018-07-25,26.677498569385293,26.931570420217916,26.546935812656827,26.86452293395996,22070600
2018-07-26,26.92098653979787,27.206816047079123,26.868054451573013,27.157413482666016,24374800
2018-07-27,26.85393406082312,27.182109716177816,26.818646905973257,27.040958404541016,25281800
2018-07-30,27.256218006366232,27.36913853569461,27.164471927200402,27.263277053833008,22790000
2018-07-31,27.312678030438494,27.38678187110794,27.150354947223857,27.2138729095459,22581000
2018-08-01,26.9774428059259,26.98803137631959,26.69161332676063,26.836294174194336,22345000
2018-08-02,26.638681089414284,26.74101573139311,26.465772131978543,26.68808364868164,19379400
2018-08-03,26.638680052435458,26.68808260977969,26.416368544386405,26.550460815429688,15326600
2018-08-06,26.628093534450343,26.776301202919225,26.46929998855331,26.64926528930664,16400200
2018-08-07,26.920985710792788,26.995089555130498,26.76218945100819,26.846881866455078,23596600
2018-08-08,26.65986056189038,26.751606650826407,26.494007927850387,26.652801513671875,18797600
2018-08-09,26.67396531528528,26.72337056135984,26.363434592274107,26.405780792236328,30465000
2018-08-10,26.345797972712383,26.5681095123291,26.29286588454521,26.5681095123291,33955400
2018-08-13,26.518704323799284,26.610453088060822,26.215229920058302,26.229345321655273,19634000
2018-08-14,26.430493318374317,26.469310011801348,26.183477751817005,26.292871475219727,20875800
2018-08-15,26.04231865575747,26.084662164561124,25.301274944845495,25.375381469726562,52800800
2018-08-16,25.49889521738059,25.703561850892985,25.48477981295937,25.558883666992188,50026600
2018-08-17,25.625929807791387,25.689447778203924,25.5306515060536,25.622400283813477,23065400
2018-08-20,25.629458335279445,25.88705975795144,25.618872454883277,25.795310974121094,16691400
2018-08-21,26.010562526235613,26.13406893389112,25.89764199748804,25.925872802734375,19018200
2018-08-22,26.088192931892337,26.31756348705472,26.070548007557747,26.236400604248047,18690800
2018-08-23,26.11289405822754,26.15876709209732,26.014088943900344,26.11289405822754,12937800
2018-08-24,26.27522454294363,26.45872211466265,26.250523257393553,26.303455352783203,15506600
2018-08-27,26.391670409195655,26.532821743664748,26.35285372491071,26.49753189086914,13969800
2018-08-28,26.54694075109393,26.656331771348533,26.366972707902374,26.384614944458008,16787000
2018-08-29,26.46930457160669,26.656328951186232,26.388141676875524,26.546937942504883,15520800
2018-08-30,26.536351606578133,26.58928369958055,26.335211806959414,26.47283363342285,18500400
2018-08-31,26.391668171280045,26.398724525898146,26.158768085319437,26.26816177368164,17819200
2018-09-04,26.388140841534927,26.40931259938682,26.10584086530452,26.211702346801758,30189400
2018-09-05,26.09172096599894,26.19052607526336,25.827063269510408,26.176410675048828,19196200
2018-09-06,26.077605621546148,26.165824853897632,25.62239405954401,25.692968368530273,28812800
2018-09-07,25.597689123851328,25.73531089127228,25.329501942004654,25.689437866210938,20268800
2018-09-10,25.81999955096722,25.925863687300673,25.671791913889848,25.678848266601562,17823400
2018-09-11,25.65415315755924,26.07054806575295,25.58357884453826,25.922340393066406,28563200
2018-09-12,26.13406417080981,26.3140321561578,26.049374462743753,26.05643081665039,25378800
2018-09-13,26.014090240512708,26.11642488323435,25.84118128182187,26.0670223236084,22074800
2018-09-14,26.070546386925884,26.303446450924834,26.059960509878167,26.204641342163086,18988600
2018-09-17,26.271695304373406,26.42343254361358,26.18347604184396,26.246994018554688,29457800
2018-09-18,26.434010571561537,26.599860457476062,26.416365649199253,26.41989517211914,20447000
2018-09-19,26.426960447624495,26.61045801008836,26.40225916332029,26.50106430053711,21823000
2018-09-20,26.61397148646474,26.7163060964392,26.476349729797608,26.50811004638672,25024800
2018-09-21,26.65131065979028,26.772112523091888,26.470105154087864,26.683286666870117,27420200
2018-09-24,26.917787906102923,27.191370347259703,26.896467857555013,27.074119567871094,25569000
2018-09-25,27.244659022077443,27.361909769703477,27.209129231789046,27.248212814331055,26055200
2018-09-26,27.081223957610344,27.223345851237003,26.93910206398369,26.98529052734375,25457200
2018-09-27,27.091882625251156,27.12741242097041,26.91423093590525,26.98529052734375,21344200
2018-09-28,26.857384714735602,27.19492459644558,26.843174963132043,26.910680770874023,29666200
2018-10-01,27.010157823860354,27.39743986128585,27.010157823860354,27.283742904663086,25425200
2018-10-02,27.351249794660728,27.404543122168086,27.123853184049853,27.312166213989258,18936800
2018-10-03,27.429420949419672,27.61418023243351,27.351256479721265,27.532459259033203,26489600
2018-10-04,27.443629517971704,27.61062252328898,27.258872971912847,27.418758392333984,30385400
2018-10-05,27.3903406956292,27.50404039794894,27.248221489229728,27.41521453857422,23966400
2018-10-08,27.21268300116772,27.436525852517782,27.106093619774384,27.393888473510742,23157200
2018-10-09,27.489820867875455,27.841570421558988,27.372570113064477,27.639047622680664,33633400
2018-10-10,27.685237619921892,27.731428792367897,26.647752442089757,26.77210807800293,52810600
2018-10-11,26.512727268103326,26.53049080266487,25.670657660330985,25.86607551574707,71184200
2018-10-12,26.121905629161095,26.20007281343625,25.542762044099582,25.937149047851562,47158000
2018-10-15,25.933587015704855,26.040179089625166,25.713300705368148,25.72040557861328,23180800
2018-10-16,25.791469954554554,25.979783014963825,25.684880571544106,25.933591842651367,29142200
2018-10-17,25.883848100095573,25.962015269591646,25.54986479963425,25.770151138305664,31608400
2018-10-18,25.532106855860572,25.880302728686793,25.47881079470342,25.642250061035156,33173400
2018-10-19,25.514336662078218,25.78792180212472,25.39708859852243,25.414852142333984,27136200
2018-10-22,25.397087455257207,25.450380795042687,24.9813804296823,25.1341609954834,24589000
2018-10-23,24.764645390330614,24.771752976205466,24.128654702769044,24.476850509643555,52955400
2018-10-24,24.594102032998844,24.601206908341513,23.50332069228428,23.510425567626953,56200400
2018-10-25,23.79822540283203,24.043382931050335,23.638337229733033,23.79822540283203,50666600
2018-10-26,23.60280107041303,23.91191595320626,23.229731477757387,23.620567321777344,51159800
2018-10-29,23.794668740402454,23.826644744716678,22.87088045774467,23.17999267578125,48919600
2018-10-30,23.16577989824268,23.773351079410233,23.05919050790168,23.716501235961914,52794800
2018-10-31,23.94745086361603,24.2636706880929,23.83020008534934,23.862178802490234,34575600
2018-11-01,23.911918610808154,24.178396146393315,23.666758410629914,24.064699172973633,42951600
2018-11-02,24.33117651703559,24.50882820602731,23.762688943662372,24.004295349121094,42425000
2018-11-05,24.295652031526174,24.501728709369978,24.238804881871307,24.405797958374023,26463200
2018-11-06,24.466195137436813,24.572787253920612,24.228142482806465,24.51949119567871,26144200
2018-11-07,24.83571789994746,24.999157202476912,24.551473984656585,24.920989990234375,33325800
2018-11-08,24.8072775859542,25.002695495402993,24.292088858497117,24.38091468811035,30289800
2018-11-09,24.057597290863875,24.49462174556225,23.926134032938275,24.338287353515625,45835600
2018-11-12,24.505274858188606,24.608313164964667,23.7840094215059,23.833751678466797,36083200
2018-11-13,23.766245842285382,23.894155291934922,23.162231105079222,23.28658676147461,65463800
2018-11-14,23.648989355438108,23.737815190109373,23.03431609753258,23.24749755859375,45084200
2018-11-15,23.098274812747825,23.61701745190112,23.098274812747825,23.588592529296875,40613600
2018-11-16,23.734265560360395,23.951000827076598,23.61701480084189,23.869279861450195,39511000
2018-11-19,23.72360797587963,23.958109532413012,23.648994583550813,23.862178802490234,31167600
2018-11-20,23.549505686297184,23.60635552365491,22.902853695475034,23.08050537109375,52648800
2018-11-21,23.26171329023196,23.691630065237998,23.208417239780857,23.44291877746582,34661800
2018-11-23,22.860220552345982,22.941941530999276,22.540448290218844,22.707441329956055,28843600
2018-11-26,22.87442997564274,23.201311136082566,22.870878893683855,23.04853057861328,33365400
2018-11-27,22.93127922535042,23.151568284858882,22.853112052274852,22.984575271606445,44528600
2018-11-28,22.96326020287368,23.396730830591338,22.817587203005512,23.37896728515625,42296400
2018-11-29,23.396725087879904,23.720052437989175,23.364749087495174,23.531742095947266,28828400
2018-11-30,23.325671687378573,23.556619468590274,23.20842090004415,23.489110946655273,36258000
2018-12-03,24.02561649853762,24.15707701954932,23.730714030687423,24.011404037475586,43990800
2018-12-04,24.022057181960218,24.10022434445278,23.279471849030035,23.32210922241211,36592600
2018-12-06,22.810473785412608,22.92772454046295,22.408981979307708,22.892194747924805,70712200
2018-12-07,23.329223699500112,23.673865737523304,22.725206263163173,22.76428985595703,54891400
2018-12-10,22.60439981121178,22.714544342829857,21.893793077772084,22.40898323059082,46765600
2018-12-11,22.753634297560474,22.796271689368634,22.181595500198334,22.416095733642578,34483200
2018-12-12,22.782056645998303,22.93483722757483,22.490706589797135,22.504919052124023,38534800
2018-12-13,22.4516222247626,22.718099785049404,22.352137702642178,22.575979232788086,30598000
2018-12-14,22.43741121639665,22.529789508001645,21.954198354770615,22.060789108276367,45787200
2018-12-17,22.00393497184741,22.188692863040355,21.502957339038034,21.659290313720703,41464600
2018-12-18,21.620210186224586,21.69837736374474,21.030406628128954,21.14765739440918,53234000
2018-12-19,21.257803970248634,21.65929585333279,20.724848847743154,20.89894676208496,91097800
2018-12-20,20.64312350088237,20.959344611829092,20.195441889085085,20.31979751586914,77008800
2018-12-21,20.32338110675683,20.66049119102096,19.953995922223406,20.12255096435547,74787400
2018-12-24,19.885859223124857,19.982688637360972,19.290538703343927,19.308469772338867,31211800
2018-12-26,19.494960808242247,20.51346137940596,19.136333865833237,20.50987434387207,58194000
2018-12-27,20.097449133988768,20.642562113726083,19.824891960093673,20.61745834350586,48754600
2018-12-28,20.71070441344766,20.803946809729336,20.3341464249956,20.459665298461914,38874800
2018-12-31,20.64256771930664,20.717879050418432,20.326975620484,20.5672550201416,37410400
2019-01-02,20.24090436309256,21.112367952322217,20.13690358835303,20.972503662109375,49785200
2019-01-03,21.03346986012381,21.108781186619858,20.52780594670966,20.76449966430664,36048200
2019-01-04,21.12312398788322,21.53554408312547,21.0011907927566,21.470991134643555,42703000
2019-01-07,21.632373426525955,21.9479654659411,21.345472194354453,21.79016876220703,36113400
2019-01-08,22.0950016617823,22.14520920465337,21.840376912620208,21.958723068237305,37384600
2019-01-09,22.252796457549614,22.38190234643353,22.02327548533506,22.306591033935547,37513600
2019-01-10,22.138037228244105,22.39983468754218,22.012518366954954,22.371145248413086,38335200
2019-01-11,22.25638916814464,22.38190805431805,22.04121217577889,22.23845672607422,28211800
2019-01-14,22.026865142212007,22.274318596750486,21.994590032197237,22.184661865234375,26383400
2019-01-15,22.306590365721256,22.47514405511238,22.152380710624172,22.2635555267334,19642400
2019-01-16,22.238450855234166,22.417764284174478,22.159553876776396,22.234865188598633,25082200
2019-01-17,22.066309218461377,22.536110875427685,22.01610167931516,22.439281463623047,20349600
2019-01-18,22.70466924155386,22.912672129510014,22.57197630525019,22.89474105834961,29063600
2019-01-22,22.64370762038449,22.69391517941008,22.335288194309147,22.396255493164062,39726400
2019-01-23,22.47514695532855,22.503837763724654,21.983828489996107,22.166728973388672,46735400
2019-01-24,22.12010808981065,22.48590770501421,22.03045136161526,22.285076141357422,26098400
2019-01-25,22.475146136739944,22.708254158282404,22.439283995604026,22.568389892578125,20467200
2019-01-28,22.27073116009582,22.353216555491155,22.09859040285298,22.342456817626953,24044800
2019-01-29,22.471560854771518,22.561217577200075,22.392662501257423,22.410594940185547,23768200
2019-01-30,22.550460333699167,22.79791240745236,22.428527130388957,22.726186752319336,24233000
2019-01-31,22.762050790047372,22.980813427635805,22.70108350295649,22.87322425842285,35688400
2019-02-01,23.12067293058195,23.40757276238286,23.045361622130248,23.27129554748535,29544800
2019-02-04,23.113502926356322,23.332265557233754,22.94136354422381,23.32509422302246,20215800
2019-02-05,23.307161609461698,23.400405370149787,23.231850288327283,23.3609561920166,15705400
2019-02-06,23.249783897685447,23.314336852778066,23.16729850213689,23.188817977905273,13607600
2019-02-07,23.045370142892825,23.12426851504419,22.46439345932006,22.675983428955078,29200200
2019-02-08,22.61501383030294,22.668807046906377,22.188246924428828,22.571977615356445,21268800
2019-02-11,22.464384693465508,22.715423751217955,22.39983175381337,22.679561614990234,24994800
2019-02-12,22.984394698106605,23.099157922734538,22.70108051159754,22.96646499633789,21354600
2019-02-13,23.05971035554423,23.436266952203404,23.034606582433614,23.253366470336914,26123400
2019-02-14,23.170879840185798,23.51157423622851,23.127843635337054,23.335847854614258,20426400
2019-02-15,23.579720837673328,23.7303434928226,23.5259262505182,23.712413787841797,20367600
2019-02-19,23.59406399989834,23.873792543179597,23.5582018572403,23.784135818481445,17443200
2019-02-20,23.748274759193315,24.002899540619033,23.744687723932046,23.884552001953125,19871400
2019-02-21,23.8092373413994,23.870203251765915,23.429093740166024,23.51516342163086,23732200
2019-02-22,23.690889869570874,23.762616884365247,23.464955929206756,23.583303451538086,19896600
2019-02-25,23.50799075514793,23.701646843435658,23.486471283922647,23.622751235961914,31808800
2019-02-26,23.601237147308133,23.762620905827838,23.540271226494745,23.54744529724121,21101400
2019-02-27,23.66220590257954,23.880965811342364,23.52592591889339,23.637102127075195,20588000
2019-02-28,23.640685256888155,23.672963101572044,23.253367537318574,23.400405883789062,22498800
2019-03-01,23.52592104808819,23.834340361061496,23.52592104808819,23.830753326416016,40655800
2019-03-04,23.916828861358262,23.97420774264259,23.515165747943495,23.87379264831543,39560000
2019-03-05,23.9060732921569,23.91683166265117,23.62634197877373,23.794897079467773,31615000
2019-03-06,23.601242619633066,23.65145018207449,23.37530858864664,23.493656158447266,45381000
2019-03-07,23.507998076485304,23.525927782633772,23.260544601120237,23.353788375854492,46892400
2019-03-08,22.977225682780002,23.023846195409217,22.70466983705533,22.916259765625,31243000
2019-03-11,23.084815259794908,23.328681668864164,23.063295784569902,23.274887084960938,26424200
2019-03-12,23.314329343179534,23.543850279333785,23.307155274865433,23.42550277709961,22026200
2019-03-13,23.572548014868193,23.672963111962265,23.475717216880206,23.66220474243164,26413600
2019-03-14,23.68372222981111,23.805654069819024,23.658618454744406,23.68730926513672,24640800
2019-03-15,23.667070916830752,23.75020049708693,23.587553747844247,23.677913665771484,24854800
2019-03-18,23.706821343022494,24.04657543944938,23.69597859655189,24.006816864013672,20135800
2019-03-19,24.126101771738043,24.248989955258157,23.844179225953056,23.9417667388916,25052000
2019-03-20,23.92006898950891,24.36825324927675,23.847782184166142,24.151390075683594,27325800
2019-03-21,24.079104240686647,24.36102665347522,24.028502923394594,24.32126808166504,35755800
2019-03-22,24.10079763897084,24.140556223825563,23.57309604438601,23.663455963134766,39949600
2019-03-25,23.56224622750008,23.71405018364632,23.44658567649841,23.674291610717773,24692600
2019-03-26,23.94899028732798,24.176696257999847,23.883931044626664,24.014049530029297,23033000
2019-03-27,23.995975498503068,24.104408484579867,23.66345171896344,23.84417152404785,19165200
2019-03-28,23.742969607434166,23.96344799704927,23.69598069181967,23.934532165527344,18298400
2019-03-29,24.165852447131776,24.223681350563087,23.818870753847794,23.898387908935547,20075200
2019-04-01,24.057414295940717,24.26343471826532,24.02488606178857,24.212833404541016,24823400
2019-04-02,24.27429195506076,24.29597745497858,23.98875425668962,24.04658317565918,22304800
2019-04-03,24.11524973101326,24.16223588468778,23.732124650496615,23.81525421142578,23979600
2019-04-04,23.82971454944798,24.032119856711862,23.714053979930693,24.014049530029297,21008600
2019-04-05,24.079109057154906,24.46584934956831,24.068263551938664,24.436933517456055,34538400
2019-04-08,24.47307480587301,24.66825251935154,24.444158976269094,24.545364379882812,21204200
2019-04-09,24.473084538426715,24.473084538426715,24.16947647954136,24.245378494262695,29083800
2019-04-10,24.299589998549894,24.44777882791986,24.27067416340645,24.33573341369629,18751200
2019-04-11,24.31404124241922,24.523676877095525,24.165852436917255,24.35379981994629,21828400
2019-04-12,24.704399037926958,24.722472123096182,24.357417311689808,24.418861389160156,30853600
2019-04-15,24.389948754996347,24.44777766496656,24.234529595450727,24.274288177490234,16601400
2019-04-16,24.36102846347298,24.469458683912922,24.27428373560799,24.43331527709961,16260400
2019-04-17,24.58151099043252,24.635727488611536,24.368260166279217,24.40079116821289,21869200
2019-04-18,24.469461772402667,24.501992772936276,24.223682714459105,24.28512954711914,19519000
2019-04-22,24.509219472916914,24.816445352498782,24.440547821037157,24.798372268676758,28329400
2019-04-23,24.81645098377281,24.87066473241005,24.59597254742785,24.75861930847168,20424400
2019-04-24,24.780296292118617,24.794754205975405,24.31403891110643,24.32488441467285,22038200
2019-04-25,24.32127678957909,24.44778012810208,24.194773451056097,24.248987197875977,24121800
2019-04-26,24.071878228908282,24.0791085655715,23.724896523341595,23.934532165527344,33676800
2019-04-29,23.941758684248164,24.04296133252718,23.865856698038904,23.912845611572266,25949000
2019-04-30,24.144165776079248,24.162236101085806,23.86585574683896,23.894771575927734,28654000
2019-05-01,23.90199892720262,23.974288499237364,23.39959812121329,23.41767120361328,44311400
2019-05-02,23.2694785647597,23.410439776702155,22.998400265565973,23.00924301147461,56066000
2019-05-03,23.22610738581175,23.406827169609553,23.171890899159397,23.222492218017578,39249000
2019-05-06,23.045392949575454,23.320086494459623,23.023707451611113,23.244184494018555,40689400
2019-05-07,22.969482750486236,23.059842636506072,22.74900440799264,23.041770935058594,30129000
2019-05-08,23.030928189946593,23.233333452210267,22.980326874380676,23.041770935058594,19647400
2019-05-09,22.933339347591275,23.12851703230191,22.73816166288064,23.041770935058594,28819000
2019-05-10,23.041770739504493,23.208032597462154,22.71647460108087,23.150203704833984,26150000
2019-05-13,22.940569434660578,23.0526148164271,22.64418910420961,22.752620697021484,28139600
2019-05-14,22.875514230845457,23.22611110882224,22.85382735695173,23.030933380126953,18484000
2019-05-15,22.900809539115066,23.200805019970453,22.83936410017619,23.150203704833984,20184600
2019-05-16,23.20803800638411,23.36345715554416,23.20803800638411,23.27671241760254,18753000
2019-05-17,23.12128807596643,23.247791364881227,23.01285510971667,23.041770935058594,21111400
2019-05-20,23.045389069034904,23.161051013428157,23.00563186986722,23.0526180267334,16372200
2019-05-21,23.150213096028445,23.385146686938214,23.121297259201835,23.320087432861328,36761000
2019-05-22,23.17912187734125,23.23333837194665,22.882742877521984,22.95864486694336,19274000
2019-05-23,22.57551820445717,22.593589909596687,22.05504565101226,22.188777923583984,47927200
2019-05-24,22.36588287468547,22.452627606724754,22.080345259258973,22.271907806396484,20306800
2019-05-28,22.2863655079535,22.326124084250285,22.008056852658672,22.040586471557617,25861200
2019-05-29,21.736975786592286,21.91408178473527,21.606857319186425,21.89962387084961,33903200
2019-05-30,21.86347830299268,21.90323549407311,21.552640079100296,21.621313095092773,30347800
2019-05-31,21.324938889874424,21.520116627570978,21.24180793762207,21.24180793762207,43797000
2019-06-03,21.386379458728022,21.617701949965188,21.353851219897773,21.51288414001465,36049400
2019-06-04,21.715292396699077,21.93576940027726,21.65746073555802,21.885168075561523,29486800
2019-06-05,21.928543562647928,21.935772521319105,21.512888779927003,21.643007278442383,31763800
2019-06-06,21.686376977767864,22.127333750859613,21.686376977767864,22.04420280456543,64787800
2019-06-07,22.112871386902512,22.286362202369965,22.058654903851615,22.145401000976562,31548200
2019-06-10,22.264673856164528,22.409250215519528,22.177929143577405,22.210458755493164,19675600
2019-06-11,22.405644865170206,22.47793169328928,22.24661053422937,22.25383949279785,19045200
2019-06-12,22.10925821635796,22.159860915207936,21.870708151195473,21.939382553100586,27633000
2019-06-13,22.192392985404865,22.297209426224278,21.93215602053964,22.196006774902344,24383000
2019-06-14,22.25022263479945,22.253836424193945,21.99721463492163,22.051429748535156,15832600
2019-06-17,22.004440547305702,22.29720570513803,21.935766149269984,22.235761642456055,17590400
2019-06-18,22.380337831563025,22.67671955166718,22.340580636473714,22.542985916137695,34444200
2019-06-19,22.510459793141738,22.647807239076535,22.398414389874702,22.517688751220703,17655400
2019-06-20,22.8791263364892,23.052617178521505,22.853825674866737,23.0164737701416,51908000
2019-06-21,23.051486506742584,23.266682399023825,23.051486506742584,23.18279266357422,32712600
2019-06-24,23.175503444278224,23.24115653890311,22.938422670203014,22.974897384643555,20793200
2019-06-25,22.96030382323154,22.982187257024535,22.76699134606362,22.792524337768555,23774600
2019-06-26,23.022314731822565,23.31775368721986,22.96395657424179,23.14267921447754,28653600
2019-06-27,23.142676301750292,23.211976170352838,22.923832194839846,22.971248626708984,21217400
2019-06-28,23.02596099186097,23.259393602846664,23.02596099186097,23.23750877380371,34739200
2019-07-01,23.525647064355084,23.602241860403787,23.201029831357246,23.259387969970703,29772600
2019-07-02,23.190093489927776,23.237508531975227,22.78523320073922,22.887359619140625,24190800
2019-07-03,22.920182278293527,22.996777079100347,22.781581168713664,22.978540420532227,13974600
2019-07-05,22.894651509137173,23.033252623748478,22.843588306745616,23.011367797851562,14726400
2019-07-08,22.974897212653417,23.17185510368556,22.90924411852001,23.04419708251953,17256400
2019-07-09,23.00771564849186,23.077015493926744,22.854524685731082,23.06242561340332,14976200
2019-07-10,23.208325373550416,23.43811115901427,23.055134386118578,23.357868194580078,23534800
2019-07-11,23.427173007948763,23.430818392170114,23.259392112109087,23.40528678894043,25362600
2019-07-12,23.419877773356756,23.584011901311474,23.419877773356756,23.503768920898438,16162800
2019-07-15,23.54389174346698,23.55847884733468,23.241157857589975,23.292221069335938,19077800
2019-07-16,23.24480314065246,23.284924630552663,22.95301238415292,23.04419708251953,21174200
2019-07-17,23.025957563467617,23.098905591381257,22.7669919948058,22.78158187866211,27329400
2019-07-18,22.67215542717714,22.78522491455078,22.54084928477359,22.78522491455078,25509000
2019-07-19,22.80711291199562,22.96759884768428,22.701339735090126,22.891002655029297,19930600
2019-07-22,22.97854373430975,23.07337520736051,22.81441100079107,22.996780395507812,15686200
2019-07-23,22.996780075360046,23.12079131769574,22.92748020722494,23.058786392211914,14537600
2019-07-24,23.029603410578275,23.306805627204355,23.004071810542694,23.157262802124023,19815400
2019-07-25,23.24479640459725,23.273976167475308,22.825347748482727,22.8946475982666,20140800
2019-07-26,22.89465131580496,22.89829809107303,22.679455399423528,22.777935028076172,19307600
2019-07-29,22.759700353368586,22.77793701403474,22.518972815018465,22.686752319335938,16569800
2019-07-30,22.595562249575615,22.996774254262313,22.551793996114885,22.94206428527832,21602600
2019-07-31,22.942067671612115,23.139025536940956,22.679455329349796,22.86911964416504,30556000
2019-08-01,22.617453552603386,22.72322814403527,22.208946464931483,22.351194381713867,50380400
2019-08-02,22.442377684345452,22.57368387359282,21.804084791012595,22.030223846435547,43399800
2019-08-05,21.62171403599139,21.68007218406468,21.220501941908495,21.37369155883789,55153800
2019-08-06,21.42840085026104,21.55241207679386,21.118373479612917,21.34815788269043,33995000
2019-08-07,20.957885885124934,21.28979805465885,20.84846455069894,21.187671661376953,49604400
2019-08-08,21.329918370479884,21.80772655406807,21.231438757463952,21.796783447265625,46535600
2019-08-09,21.8150263756426,21.86244141404687,21.46487609834404,21.556060791015625,29186400
2019-08-12,21.504995908203078,21.537822450658876,21.205910250880425,21.300743103027344,43838000
2019-08-13,21.205910920174237,21.69830907255211,21.092842796988446,21.49770164489746,28695200
2019-08-14,21.038134465038915,21.08919767531742,20.622332448350402,20.65515899658203,47299400
2019-08-15,20.54573438842554,20.644212626200968,20.305005478496557,20.527496337890625,28575800
2019-08-16,20.636924467105217,20.85941399325763,20.567623196250285,20.797409057617188,42798600
2019-08-19,21.0891956728609,21.33357137346313,21.049074185346505,21.256975173950195,27763200
2019-08-20,21.154845681999078,21.180377280995515,20.998007921667938,21.078250885009766,19042600
2019-08-21,21.297095081846912,21.3335697911401,21.136610535060555,21.213205337524414,24074800
2019-08-22,21.28615720445686,21.370046963911854,21.107434575100996,21.118377685546875,18706200
2019-08-23,20.866707286768023,21.063666580933685,20.294067458128286,20.410783767700195,48817800
2019-08-26,20.58950432046117,20.69892567571558,20.410781706830154,20.498319625854492,21610600
2019-08-27,20.60774155094052,20.691631305334163,20.261239423580296,20.37066078186035,23662600
2019-08-28,20.476433248321893,20.76457719539667,20.374306843330494,20.662450790405273,31388800
2019-08-29,20.822939156481198,21.052725001196894,20.80105432652841,20.965187072753906,24663400
2019-08-30,21.045430057879297,21.227799466714703,20.841175819091102,20.965187072753906,26044600
2019-09-03,20.62597355990606,20.90682253067918,20.563968647700854,20.863054275512695,27929600
2019-09-04,21.154850006103516,21.246034704405687,21.092845079114717,21.154850006103516,22381800
2019-09-05,21.340859493198735,21.654534979715088,21.308032956438474,21.417455673217773,29077000
2019-09-06,21.37368934726794,21.556058715047932,21.253326288044434,21.530527114868164,24468600
2019-09-09,21.705604809597386,22.01198544926003,21.66183654432217,21.960922241210938,49514200
2019-09-10,22.095875028180966,22.540855374879996,22.052105374642334,22.219884872436523,51436000
2019-09-11,22.3438961999235,22.518972032061892,22.121406721343238,22.241769790649414,45504000
2019-09-12,21.960920592557184,22.263654433790038,21.778551211005233,22.103168487548828,38119000
2019-09-13,22.249064250042284,22.394960309868427,22.15423278511285,22.278244018554688,28123200
2019-09-16,23.21197325324102,23.215621419816816,22.759697993593925,23.025957107543945,61355600
2019-09-17,23.04054360977892,23.047838550932582,22.55179507479335,22.704984664916992,52900000
2019-09-18,22.540856329690236,22.686752398263103,22.438729916510045,22.59556770324707,23209000
2019-09-19,22.730517733065,22.781580933074714,22.46790540002322,22.537206649780273,28037000
2019-09-20,22.55193434267646,22.64395300668081,22.44519235544901,22.555614471435547,40300200
2019-09-23,22.404702723834955,22.62186681546803,22.37893761161521,22.56297492980957,18660800
2019-09-24,22.493043767782087,22.51512734981335,22.07343886006648,22.20594596862793,41101000
2019-09-25,22.102879518910704,22.268513370251874,22.051349299403046,22.242748260498047,20248400
2019-09-26,22.143370033181032,22.194900257537213,21.841548944157722,21.95197105407715,28011000
2019-09-27,21.830506105747165,22.117603858565356,21.790017673099833,21.94828987121582,31263200
2019-09-30,21.845230345142593,21.93356888067961,21.76793500410607,21.790019989013672,39616800
2019-10-01,21.863630217935853,21.944605669287004,21.28207171809657,21.28575325012207,32749400
2019-10-02,21.160609470130286,21.21213968971483,20.704196346208427,20.76308822631836,37824600
2019-10-03,20.64898431879486,21.00969865926,20.47967034124961,20.987613677978516,40914200
2019-10-04,21.075949135762837,21.149564330146113,20.862466616553693,21.120119094848633,20275800
2019-10-07,21.153249182266208,21.23422464511373,20.921361774995116,20.932403564453125,23284800
2019-10-08,20.71891965852585,20.880871977736604,20.545924146485078,20.57537078857422,40038400
2019-10-09,20.759408098102252,20.877191858322117,20.72259979547531,20.76308822631836,17833800
2019-10-10,20.833022722909277,21.079633445982036,20.79989595127542,21.02442169189453,20111400
2019-10-11,21.241590603648497,21.50660483700373,21.204783695279627,21.307844161987305,45127800
2019-10-14,21.153246033398865,21.374090214243868,21.072269178512272,21.296794891357422,24321200
2019-10-15,21.252628066446043,21.598617685699317,21.2268615526262,21.385133743286133,22170000
2019-10-16,21.311519901799194,21.462430431636612,21.079632510651344,21.086994171142578,23910600
2019-10-17,21.175328876229425,21.241582409008753,21.035461555111297,21.101715087890625,22616200
2019-10-18,21.046506614771058,21.21582060082338,20.987614732487934,20.991294860839844,20555600
2019-10-21,21.031781914531408,21.38513318506776,21.006016805477287,21.366729736328125,20948000
2019-10-22,21.43298361800722,21.889396736156105,21.366730078209912,21.642786026000977,39393800
2019-10-23,21.60597705047716,21.867309652276056,21.513958410061242,21.82314109802246,23640800
2019-10-24,21.948290876071027,21.96301279435869,21.61702314296578,21.73112678527832,24233600
2019-10-25,21.73848858560223,21.970374596166746,21.70904194065183,21.90780258178711,23750000
2019-10-28,21.98141056974405,22.106555961489605,21.745843103891907,21.782649993896484,23513200
2019-10-29,21.70167867684068,22.055029965592198,21.628063473994143,21.87099266052246,26936800
2019-10-30,21.922526462912828,21.933568253003948,21.34096784716236,21.42562484741211,31013400
2019-10-31,21.3372844374666,21.37041120673942,21.1238005012433,21.333602905273438,30064800
2019-11-01,21.440347308308883,21.859952164022577,21.421943857532426,21.8194637298584,26620200
2019-11-04,22.069752936047884,22.596099732505312,22.066072807806016,22.52984619140625,43060400
2019-11-05,22.592422428988236,22.75805630244505,22.485680443416808,22.559295654296875,35110200
2019-11-06,22.526159941780676,22.57401002048099,22.036620177144894,22.099193572998047,35655800
2019-11-07,22.323721334429504,22.500396944519395,22.26482946439954,22.430461883544922,26483400
2019-11-08,22.294277107178686,22.367892303696514,22.08447470976338,22.33844566345215,20779600
2019-11-11,22.128645618741086,22.316364460024356,22.043988625177484,22.213302612304688,28961000
2019-11-12,22.27954929379548,22.401014554167173,21.98508997120277,22.099193572998047,25082400
2019-11-13,21.98510034635892,22.080800548922163,21.911485129947224,22.003503799438477,21151200
2019-11-14,21.99613699922887,22.11760228854866,21.841546344559834,21.94460678100586,16233600
2019-11-15,22.03662538785729,22.19857910664796,22.01086027879389,22.113922119140625,18363600
2019-11-18,21.974051317805678,21.999816424449577,21.753205741309802,21.845224380493164,25508200
2019-11-19,21.775289358459354,21.793692804326557,21.495553330636277,21.521318435668945,30758200
2019-11-20,21.51395772879523,21.896755597786026,21.381450666137415,21.738483428955078,34290000
2019-11-21,21.812096731775604,22.113919147851824,21.74216307429902,22.09551429748535,31283400
2019-11-22,22.113918811061108,22.220659359459106,21.97773022170665,22.021900177001953,22984000
2019-11-25,21.996140990081397,22.08079939719987,21.911483987056325,22.043991088867188,24672000
2019-11-26,22.073426695121064,22.080788353105536,21.760562549198053,21.84153938293457,26804000
2019-11-27,21.86730858105063,21.94092377059575,21.71639807432497,21.89675521850586,19336600
2019-11-29,21.716405109323563,21.79370045154382,21.594939796611662,21.67591667175293,15660400
2019-12-02,21.74953188514559,21.889400650182303,21.650151557679507,21.67591667175293,30779000
2019-12-03,21.48451399278726,21.521322295215636,21.27471158327161,21.352006912231445,33891000
2019-12-04,21.53972649636117,21.73848712413387,21.46979282544554,21.67223358154297,34853000
2019-12-05,21.76425240650562,21.79001751726179,21.49555810569607,21.569171905517578,21784800
2019-12-06,21.661187013577234,22.047666419841864,21.657506885825864,21.981412887573242,33459200
2019-12-09,21.81210005694955,22.058710767707137,21.81210005694955,21.955650329589844,16812600
2019-12-10,22.029267859275194,22.08079949116023,21.904122418598337,21.99982261657715,17570200
2019-12-11,21.966692320269438,22.113922722442513,21.918842228949213,21.963010787963867,24872400
2019-12-12,21.996133341911978,22.445184718779434,21.970368237084458,22.367889404296875,44981600
2019-12-13,22.44519102652231,22.588739909214958,22.183858373205265,22.19858169555664,22743000
2019-12-16,22.356852022045885,22.585057882943783,22.34580882916362,22.496719360351562,22271800
2019-12-17,22.592417130485867,22.71388100647222,22.426783295874447,22.51144027709961,46292400
2019-12-18,22.4856777524569,22.739648725301283,22.45623110999154,22.596099853515625,25881400
2019-12-19,22.59978258870046,22.66235460112984,22.548250961643404,22.5887393951416,25534800
2019-12-20,22.656752994294816,22.831436421532597,22.61586951832062,22.805419921875,34839600
2019-12-23,22.7794034401625,23.05443541327174,22.753386940484408,23.039569854736328,26944400
2019-12-24,23.091603436721982,23.12505342540821,22.987536017590962,23.028419494628906,10074800
2019-12-26,23.12877193027451,23.206821439611854,22.99125592556685,23.02098846435547,20312400
2019-12-27,23.10647006398461,23.128770530070828,22.909487575831843,22.924354553222656,21436600
2019-12-30,23.01277217634218,23.054878281303147,22.81755468811405,22.852005004882812,29259000
2019-12-31,22.737165983222837,23.005111208661894,22.672092528336233,22.982145309448242,21444800
2020-01-02,23.135267501828707,23.223306897193353,23.054883896520895,23.188858032226562,23889400
2020-01-03,23.399386731446707,23.468287380538687,23.0051215815998,23.119956970214844,59005800
2020-01-06,23.20033766451016,23.418522539207736,23.119954070714723,23.29986000061035,44916200
2020-01-07,23.234787871645395,23.261582402780125,22.966841100105675,23.238615036010742,22925000
2020-01-08,23.215647811588656,23.242442341202384,22.825211359827044,22.855833053588867,38042800
2020-01-09,22.844346494616126,23.0472197468626,22.576399780586073,23.024253845214844,30733600
2020-01-10,23.012774619746775,23.03191336216321,22.867319009227916,22.894113540649414,18302400
2020-01-13,22.859661624221005,22.974495530894654,22.7409990932159,22.90176773071289,17557000
2020-01-14,22.852002912475353,22.93238649084484,22.702718706877114,22.90559196472168,34678000
2020-01-15,22.80607563310448,22.87497481822345,22.67210150713541,22.73717498779297,21661600
2020-01-16,22.871144919836222,22.947701345497578,22.76396680002574,22.775449752807617,16449000
2020-01-17,22.836695356786812,22.84817830994857,22.591715954719902,22.629993438720703,23818200
2020-01-21,22.50367863343301,22.50750579810648,22.18596993841099,22.2242488861084,34709200
2020-01-22,22.182143126909228,22.197454706231973,21.948646652911354,22.009891510009766,29355400
2020-01-23,21.780220742328286,21.9945769833521,21.61179631273257,21.925676345825195,26556000
2020-01-24,21.82615323688825,21.92567556522146,21.504617426607552,21.67304039001465,40781200
2020-01-27,21.2366726118211,21.320884831302397,21.045282265867204,21.07207679748535,43365000
2020-01-28,21.190735841788356,21.297913950579666,21.083557732997047,21.167768478393555,28600200
2020-01-29,21.2864353220827,21.362991755421156,20.91896619428913,20.94576072692871,27490800
2020-01-30,20.72757556006398,21.137150793651276,20.67398503531875,21.11418342590332,48861000
2020-01-31,20.75819812729367,20.815615818974926,20.348622876532218,20.455801010131836,66861000
2020-02-03,20.429003626450534,20.459626780459303,20.115123598822425,20.18785285949707,42578400
2020-02-04,20.47876684596392,20.639534034329582,20.22230448542086,20.260581970214844,39639600
2020-02-05,20.597428746914492,21.095043334779724,20.58594433367819,21.022314071655273,68764000
2020-02-06,21.121836716687895,21.121836716687895,20.773506378106024,20.80795669555664,30801200
2020-02-07,20.651019334925437,20.750541675779946,20.55532415863773,20.66250228881836,27386600
2020-02-10,20.555325438344344,20.605087341965863,20.432835721885674,20.559152603149414,29281200
2020-02-11,20.838578794289162,20.86920194826005,20.696950357654693,20.788818359375,27689200
2020-02-12,21.098872353667467,21.186911741858367,20.89599904436637,21.06825065612793,34399600
2020-02-13,21.01083152438155,21.12183827325775,20.880686033331767,21.003175735473633,23949800
2020-02-14,21.075900653012116,21.091210767477754,20.76202067348856,20.892166137695312,25040000
2020-02-18,20.708434791055463,20.88834218301783,20.52852885928555,20.719919204711914,32629400
2020-02-19,20.85771982032105,21.079731854618817,20.742884448582046,20.995519638061523,24910800
2020-02-20,21.049111593499365,21.206051624015398,20.918966095496376,20.97255516052246,26101600
2020-02-21,20.773503418420365,20.79264215645675,20.55148996866037,20.72374153137207,27616400
2020-02-24,19.942871043823743,20.05770640561231,19.70554745249911,19.76679229736328,66075000
2020-02-25,19.82038294845047,19.83569452594625,18.771564713260357,18.894054412841797,85674600
2020-02-26,18.962957886816344,19.054824445142568,18.316057512719684,18.323713302612305,97656600
2020-02-27,17.849066234058974,18.19356802238012,17.33613998637881,17.343795776367188,122557400
2020-02-28,16.79641675908269,17.546666546431595,16.658615479734436,17.328481674194336,137511600
2020-03-02,17.715086907126825,18.051934266919748,17.198333646013037,18.028966903686523,73285400
2020-03-03,18.132320658576283,18.369645734863255,17.28254852991763,17.477766036987305,97190600
2020-03-04,17.852889652451466,17.894995758455075,17.4815919469931,17.89116859436035,48969000
2020-03-05,17.37824221275193,17.45862579935471,16.949526830485798,17.23661231994629,58774600
2020-03-06,16.650957668528836,16.800241882960748,16.023197659024255,16.268177032470703,123034800
2020-03-09,13.424116815855434,13.944698715537871,12.911190704132121,12.99157428741455,133113800
2020-03-10,14.036563939073861,14.093981613306008,12.769561084169823,13.607850074768066,96862200
2020-03-11,13.186797447907965,13.416465319375776,12.681526962524613,12.888227462768555,86954600
2020-03-12,11.938929414219562,12.248981555414046,11.246095869322195,11.280546188354492,77658200
2020-03-13,12.233670251201167,12.333194046269007,11.024083354001679,12.321709632873535,68196800
2020-03-16,10.698719947379677,11.91213469241292,10.591541097657913,10.645130157470703,80467200
2020-03-17,10.748481694036593,11.169540597020386,10.315939837669896,10.717859268188477,90887200
2020-03-18,9.967610762311054,10.174311981063697,8.75802295922871,9.179081916809082,104271600
2020-03-19,9.313055156698956,9.841292244274745,8.796301023792363,9.803014755249023,104453000
2020-03-20,10.051821433659756,10.273834214079208,9.47765037428914,9.898709297180176,116714400
2020-03-23,9.834528369114727,9.897144439502794,9.059663175352288,9.224028587341309,96520400
2020-03-24,9.940191444752525,10.758104907283819,9.940191444752525,10.703316688537598,89022200
2020-03-25,10.938123551724361,11.74038274041251,10.464594393049005,11.208151817321777,104869800
2020-03-26,11.321643260769228,12.131729601850537,11.180758420082574,11.8930082321167,93836200
2020-03-27,11.395998682711333,11.431219144752362,11.02030604112812,11.086834907531738,73056800
2020-03-30,10.938124974392464,11.298163455117551,10.60156705320084,11.200326919555664,84254800
2020-03-31,11.513402422208149,11.74038313292061,11.145536875041936,11.372517585754395,68701200
2020-04-01,11.004653044934992,11.145537138282759,10.656354496190641,10.808979988098145,47653000
2020-04-02,11.352951269733722,12.429153122386072,11.059441673555808,11.79908561706543,146256200
2020-04-03,12.170864583603091,12.253046911205896,11.341210473797732,11.67385482788086,127668600
2020-04-06,11.936055195548475,12.374363124602588,11.775603365749216,12.292180061340332,76041400
2020-04-07,12.898767741902423,13.254892650973343,12.530902926962595,12.554384231567383,103019000
2020-04-08,12.82049921672508,13.434914045642989,12.714837069951525,13.391865730285645,83811600
2020-04-09,13.908440509332513,14.26847819846719,12.765709141003196,13.270545959472656,182655200
2020-04-13,13.732334888398086,13.783210300066507,13.016170799451187,13.227498054504395,67685600
2020-04-14,13.294024701328878,13.454476508899488,13.078783197262682,13.16487979888916,72648200
2020-04-15,12.640477739729961,12.671786141849802,12.155208703373297,12.546555519104004,73421000
2020-04-16,12.515248305371486,12.554383811737404,11.994758013640157,12.010412216186523,64605800
2020-04-17,12.26087340292854,13.301854725817458,12.253046301708045,13.286200523376465,91706800
2020-04-20,12.50350837467851,13.344901606145402,12.436979506857545,12.871373176574707,112790000
2020-04-21,12.499593639741102,12.875286253732117,12.284352854156996,12.644392013549805,120861600
2020-04-22,13.215757329022406,13.301853944524014,12.918333471580574,13.094439506530762,73753200
2020-04-23,13.493611404724005,13.834082044666959,13.360553690180012,13.51709270477295,83207200
2020-04-24,13.787123197171677,13.908441028008763,13.33316177188703,13.548401832580566,64859200
2020-04-27,13.446652406727393,13.939747842168469,13.141402922543246,13.841911315917969,46576000
2020-04-28,14.049326683117725,14.244999748381943,13.822345210835064,14.158903121948242,59138000
2020-04-29,14.624602063749387,15.258583765331105,14.6128621594905,15.207708358764648,71075000
2020-04-30,15.293803489901045,15.293803489901045,14.651994750011477,14.871149063110352,84040200
2020-05-01,14.56590274729746,14.675479180796653,13.857565748072242,14.029757499694824,58531800
2020-05-04,13.771471566475673,14.526769814934383,13.704943432308417,14.515029907226562,52780400
2020-05-05,15.109873121416483,15.231189456673016,14.475892859032172,14.526766777038574,68733400
2020-05-06,14.597210551079408,14.722441194971463,14.135421991902316,14.147163391113281,47350200
2020-05-07,14.546336825403152,14.788972532390952,14.413280557068637,14.515029907226562,48469400
2020-05-08,14.855497458737107,15.184228239376468,14.769402332692026,15.176401138305664,49646200
2020-05-11,15.074654017881072,15.117702333641706,14.839845429968646,14.910287857055664,46531400
2020-05-12,15.058998727302626,15.078565735000598,14.628518586479275,14.648085594177246,56129000
2020-05-13,14.550248840790436,14.569815848189824,13.881047334809347,13.982796669006348,68994800
2020-05-14,13.736247189975204,14.272392409236984,13.42317061590762,14.139334678649902,61968400
2020-05-15,14.143247105506914,14.436756665780136,13.959313970018313,14.084546089172363,54427800
2020-05-18,14.890716761128976,15.332938211390877,14.851582753650941,15.235101699829102,73139600
2020-05-19,15.254670846062915,15.30163196020551,14.796796624222093,14.808536529541016,53940600
2020-05-20,15.113785012393075,15.42686157410756,15.035515498747753,15.399467468261719,54521200
2020-05-21,15.446432227790545,15.509047548871703,15.031604792586,15.152922630310059,56241800
2020-05-22,15.031600191928469,15.07464849190872,14.749830586869773,15.05899429321289,38495000
2020-05-26,15.540352740900357,15.638189262552261,15.43860341524379,15.477737426757812,74888600
2020-05-27,15.704717445511825,15.794726858102859,15.23901468936106,15.677323341369629,71225600
2020-05-28,15.716461217726966,15.716461217726966,15.164663209682868,15.239018440246582,54356800
2020-05-29,15.105958066532088,15.282064100821914,14.851584010661734,15.168573379516602,71500400
2020-06-01,15.145094246136184,15.520786140810928,14.941594096637308,15.43468952178955,47680000
2020-06-02,15.602970642052064,15.8808275441916,15.583403633050796,15.86517333984375,50318400
2020-06-03,16.115631538676826,16.405226799083344,16.084323136002173,16.33087158203125,54601800
2020-06-04,16.24086364505002,16.397402686968363,16.006056575039445,16.334787368774414,54849400
2020-06-05,17.152703216895897,17.708414057482656,17.137049011927132,17.547962188720703,100393400
2020-06-08,18.18585335153737,18.34630518935371,17.778853058048703,18.338478088378906,95069400
2020-06-09,17.751462448740856,17.802337868667927,17.40707740232764,17.64971160888672,87399000
2020-06-10,17.485344648946334,17.50099885193406,16.773094834541293,16.780921936035156,80977000
2020-06-11,15.610798550053449,16.060847244649526,15.149009948024014,15.199885368347168,96304400
2020-06-12,15.869081242162027,15.982571949323342,15.160745882214897,15.583398818969727,85635000
2020-06-15,14.918110916147148,15.790812423129957,14.753746292735153,15.63036060333252,65694800
2020-06-16,16.373919554841486,16.397400856367877,15.62253432753156,16.08041000366211,64083800
2020-06-17,16.017792881836346,16.02170568521506,15.528610351833688,15.532523155212402,46736000
2020-06-18,15.375993892053565,15.89648360697931,15.282070139032484,15.724291801452637,36937800
2020-06-19,16.2134721719274,16.217384976821208,15.469913841260219,15.485568046569824,53934200
2020-06-22,15.410654685249723,15.60883696742419,15.228325836520987,15.5573091506958,38896400
2020-06-23,15.791160324559602,15.830796166201408,15.525595347126094,15.573160171508789,29611600
2020-06-24,15.331377550453182,15.33534052979876,14.609994348723323,14.709085464477539,64726000
2020-06-25,14.570356451708024,15.045994091987986,14.49504775086776,14.990503311157227,48034400
2020-06-26,14.883486175639563,14.883486175639563,14.403885509535925,14.471266746520996,67722200
2020-06-29,14.506936159268662,14.792319005683837,14.443517916955308,14.665482521057129,38905600
2020-06-30,14.546577364833139,15.089596303201256,14.395958432376888,15.002395629882812,41886800
2020-07-01,15.06185196371689,15.26399720636629,14.61792411867559,14.637742042541504,49146800
2020-07-02,14.93897509427795,15.145084783070553,14.768538265315035,14.800248146057129,41558400
2020-07-06,15.061849330563934,15.1688679151434,14.657557403933863,14.843849182128906,45084400
2020-07-07,14.6575581228847,14.677376044258057,14.348394315830967,14.372175216674805,41821800
2020-07-08,14.372176210216068,14.594140876169234,14.241376710501417,14.360285758972168,41301800
2020-07-09,14.29686864408845,14.336504492749789,13.634940596977728,13.65079402923584,61087200
2020-07-10,13.571519462167293,14.10264788677805,13.571519462167293,14.086792945861816,50456000
2020-07-13,14.217593862792235,14.273084649587073,13.904467064162715,14.011484146118164,74447600
2020-07-14,13.916356252113236,14.53072085474667,13.876718899420831,14.502975463867188,68442200
2020-07-15,14.871593760462975,14.911229599099736,14.598102845044554,14.816102981567383,51805000
2020-07-16,14.717015607211726,14.938978779114297,14.530723791927176,14.748723983764648,37645600
2020-07-17,14.79628661045928,14.95879598509069,14.479193820144882,14.542612075805664,35433800
2020-07-20,14.491086572086509,14.657558935261818,14.288939831647273,14.30083179473877,40153000
2020-07-21,14.546573303756317,15.279846814824342,14.526755386810452,15.164900779724121,72340400
2020-07-22,15.002397619801915,15.002397619801915,14.760616514276432,14.978616714477539,39243400
2020-07-23,14.927087145700924,15.026178271604943,14.760614779947256,14.9508695602417,42087800
2020-07-24,14.950869607381312,15.17283276241938,14.812141123471928,14.867631912231445,39901200
2020-07-27,14.847811027915546,14.9508666253516,14.661520775952404,14.88348388671875,36462000
2020-07-28,14.796288994563334,14.938978958783656,14.590179252453012,14.629815101623535,35553800
2020-07-29,14.669449719151372,14.946905176082138,14.570358592533998,14.935014724731445,34430000
2020-07-30,14.621884367334795,14.629811837802475,14.221556936784477,14.348393440246582,65667400
2020-07-31,14.130394169241345,14.296866523337846,13.99166569548378,14.281011581420898,49548200
2020-08-03,14.277049723028805,14.411813715884014,14.158140673335526,14.332540512084961,42206800
2020-08-04,14.284976678597745,14.713049544432517,14.273084715650567,14.681341171264648,45144200
2020-08-05,14.970687183902525,15.022214991706042,14.701159205867981,14.835923194885254,61517400
2020-08-06,14.752687178235183,14.887451168755724,14.661523524649313,14.71701431274414,38381400
2020-08-07,14.586214625314577,14.772506441115258,14.41577775383964,14.736833572387695,36753200
2020-08-10,14.847811686902645,15.20057579960749,14.812138826516179,15.192649841308594,52616200
2020-08-11,15.489923969463943,15.668286768547112,15.069777093555722,15.141122817993164,53026200
2020-08-12,15.371014011016786,15.470105130761889,15.12923143691706,15.291742324829102,51065400
2020-08-13,15.168869476941437,15.295705994981377,14.958796777439765,14.99446964263916,31522000
2020-08-14,14.875560718676244,15.160943671632765,14.820069924937084,15.137161254882812,26559400
2020-08-17,15.141123787474053,15.149051258698076,14.966722444566587,15.049960136413574,28511600
2020-08-18,14.994469916871234,15.141124360035079,14.816105587612181,14.859705924987793,28697600
2020-08-19,14.847814924253683,14.915197680569,14.641705187304902,14.68927001953125,29587800
2020-08-20,14.471266335552075,14.566394474958868,14.368212237204325,14.372175216674805,38215400
2020-08-21,14.31668444472879,14.344429837078206,14.146247599147811,14.281011581420898,34695600
2020-08-24,14.368211510843704,14.776466416136072,14.281010846796635,14.673412322998047,49654000
2020-08-25,14.752689098153098,14.772507023335992,14.395960396817928,14.467306137084961,40237000
2020-08-26,14.447488527607028,14.447488527607028,14.142287634686781,14.162105560302734,36002400
2020-08-27,14.166071805660904,14.284980886082232,14.01545283072136,14.189852714538574,44519400
2020-08-28,14.245341135422237,14.48712374864738,14.173995396699711,14.443523406982422,29150200
2020-08-31,14.463341173868839,14.483159096334614,14.13039493560791,14.13039493560791,37583000
2020-09-01,14.06697676196703,14.098685135702782,13.860867040647632,14.035266876220703,36521000
2020-09-02,14.031302316059522,14.114538488752268,13.880683399750929,13.967884063720703,47700400
2020-09-03,13.94013968655807,14.229487121790415,13.781594782990258,13.86483097076416,78884600
2020-09-04,14.007520770283252,14.102648910676887,13.650792133820238,13.821228981018066,68682000
2020-09-08,13.55962985073596,13.623048113382659,13.167229823112834,13.31784725189209,98437600
2020-09-09,13.46846465106614,13.543773356835848,13.361446061597308,13.409010887145996,49955200
2020-09-10,13.448648078541042,13.464503021980716,12.893737154237462,12.917519569396973,74006600
2020-09-11,12.945264924164308,13.012647677568117,12.822391380904786,12.929409980773926,50794600
2020-09-14,12.965081349049695,13.14740864093603,12.873917703106528,13.028499603271484,38888400
2020-09-15,13.115698815554058,13.234607840033902,12.893734194384143,12.933371543884277,51220800
2020-09-16,13.048317136538817,13.627010390130986,12.937335572950643,13.452609062194824,71772200
2020-09-17,13.238572298719282,13.48431781697998,13.107771313703092,13.472427368164062,44713400
2020-09-18,13.464500252589344,13.47242772267865,13.187044847504849,13.321808815002441,52812800
2020-09-21,12.99708445529813,13.029316030279404,12.662690317740884,12.880248069763184,61439200
2020-09-22,12.888306404913271,13.093778091797725,12.723123419692191,12.747296333312988,44697400
2020-09-23,12.795641197503096,12.84398701820258,12.155053309912702,12.171168327331543,52969200
2020-09-24,12.1268522617951,12.388727651969262,11.90123662378507,12.16714096069336,70487600
2020-09-25,12.042244324537828,12.251744916345478,11.965696652042771,12.15908145904541,55116800
2020-09-28,12.380670640104006,12.582113380496626,12.364555620462994,12.4451322555542,52752000
2020-09-29,12.408871517528706,12.437074144441075,11.981813156900532,12.102679252624512,47601800
2020-09-30,12.179228961439387,12.320239045695432,12.010017014020761,12.066421508789062,49149000
2020-10-01,11.933468957631517,11.985843734997205,11.623246935358182,11.69576644897461,56730400
2020-10-02,11.38151622961094,11.9092960590766,11.36137226047562,11.808574676513672,57410400
2020-10-05,11.913322375012415,12.171168811515003,11.88512051707532,12.163111686706543,63144400
2020-10-06,12.34038124256659,12.408871801176197,11.94958262487826,11.981813430786133,62223200
2020-10-07,12.05030534988008,12.183257535315786,11.91332421719564,12.151026725769043,42086000
2020-10-08,12.25174920453975,12.614346036691748,12.19534547486636,12.60628890991211,61126200
2020-10-09,12.719096421966748,12.751327234548418,12.384701453265714,12.40484619140625,51035800
2020-10-12,12.364555154495601,12.481391539929858,12.235631928453783,12.437074661254883,33369200
2020-10-13,12.437075152187683,12.50959389336648,12.207429782237405,12.24368953704834,50767600
2020-10-14,12.271889744244648,12.582111707629757,12.247716833775527,12.296063423156738,54488000
2020-10-15,12.086564423557121,12.449161202575219,11.977785159318769,12.4451322555542,40707800
2020-10-16,12.42095812320913,12.43707390971204,12.142966953577906,12.163111686706543,37423000
2020-10-19,12.20742894483238,12.26786237766704,11.893178782618635,11.905264854431152,50372000
2020-10-20,11.973757528738307,12.151027374937595,11.8931808847882,12.046277046203613,45980600
2020-10-21,11.97778245840196,12.046273005428972,11.812599510003205,11.816628456115723,49315200
2020-10-22,11.836774143709555,12.32023698948667,11.760226461741869,12.304121971130371,65648400
2020-10-23,12.368584589594036,12.441103330772833,12.090593392191227,12.24368953704834,49975400
2020-10-26,12.034189821684352,12.050304841556379,11.687708057340327,11.804544448852539,60802000
2020-10-27,11.792458323169331,11.796487270230038,11.623246388835023,11.651448249816895,43193600
2020-10-28,11.365397446885517,11.437916946186368,11.099493128411035,11.163954734802246,81098200
2020-10-29,11.018916733230077,11.542667488134564,10.86984878508115,11.506407737731934,74504200
2020-10-30,11.425832153095714,11.57892829328591,11.2928799789895,11.570870399475098,75799400
2020-11-02,11.727997633283788,12.122825255097021,11.510439085482739,11.965700149536133,83786200
2020-11-03,12.167140534314862,12.175197659057751,11.78842800745144,11.897207260131836,69755000
2020-11-04,11.913322448730469,12.19937151338318,11.591014401107834,11.913322448730469,87227400
2020-11-05,11.9294382353331,12.151024922018285,11.889149537269521,11.913322448730469,63591600
2020-11-06,11.913323020604887,12.090592839528306,11.607129976443721,11.655476570129395,66446400
2020-11-09,13.05348976450276,13.613500318543892,13.013200295612622,13.3193941116333,198713400
2020-11-10,13.569182835543693,13.750481605529785,13.28716269744156,13.750481605529785,146676200
2020-11-11,13.89954741686941,13.927749274184645,13.480546198348833,13.609469413757324,93085000
2020-11-12,13.3717680114554,13.561124671545333,13.02931598143658,13.17032527923584,77169600
2020-11-13,13.271047845522101,13.718250997394426,13.254933593520652,13.649761199951172,78865400
2020-11-16,14.22991405534158,14.580423968589775,14.056673187864485,14.54819393157959,95865400
2020-11-17,14.358836089466617,14.70531779576165,14.169479450704005,14.697259902954102,78020200
2020-11-18,14.822153866538141,14.878557575234836,14.2701997756958,14.2701997756958,82000400
2020-11-19,14.16948008199688,14.532077590061817,14.02444261565688,14.503875732421875,65872400
2020-11-20,14.467616995184793,14.532078608147268,14.326607697106281,14.427329063415527,39506400
2020-11-23,14.652943723956806,15.4667725361438,14.636829473618713,15.44662857055664,76324600
2020-11-24,15.966352230385379,16.284630596090107,15.825341388243084,16.240314483642578,106932000
2020-11-25,16.13556118419758,16.13556118419758,15.772965218878031,15.86159896850586,71352400
2020-11-27,15.772967493113468,15.90189072651187,15.55137924487918,15.676274299621582,37510800
2020-11-30,15.503034575499356,15.523178544057554,14.78589884400079,14.810070991516113,83087200
2020-12-01,15.221012090293025,15.305619204388899,14.854386385497744,14.878560066223145,68935600
2020-12-02,14.830215578443724,15.595697094448736,14.781868212634926,15.362024307250977,75483600
2020-12-03,15.430513670374955,15.71253381546567,15.273388578122082,15.523177146911621,72975400
2020-12-04,15.805193915402347,16.381320155170826,15.805193915402347,16.369234085083008,103700400
2020-12-07,16.175852639110836,16.212112393791564,15.833399058929265,15.986495971679688,69313200
2020-12-08,15.789085929042358,16.385356425754928,15.785057749318812,16.22420310974121,57854600
2020-12-09,16.389379298938472,16.655283619374337,16.06304154967748,16.260456085205078,86691800
2020-12-10,16.280599563106986,16.95341900552083,16.236281921543178,16.760032653808594,77604400
2020-12-11,16.647225876809223,16.651255591773136,16.33297573260564,16.566648483276367,56152200
2020-12-14,16.82046879245028,16.824496971020967,15.926062534916428,15.986495971679688,79884400
2020-12-15,16.07513390288225,16.381326241664194,15.926065144278754,16.300748825073242,58671800
2020-12-16,16.34103402170589,16.40146591565576,16.107359728485637,16.22016716003418,47628800
2020-12-17,16.36520622306759,16.36923593814359,16.04692789193348,16.143619537353516,46363400
2020-12-18,16.11139409891764,16.20002787636528,15.74879648290228,15.87369155883789,73140400
2020-12-21,15.273525266371077,15.70221251422799,15.114298707804897,15.567482948303223,80158800
2020-12-22,15.534818057697763,15.58789408873509,15.289854396271746,15.306185722351074,50185800
2020-12-23,15.436833943570656,15.861437539555965,15.432750333137895,15.645052909851074,53931800
2020-12-24,15.665461061741762,15.665461061741762,15.408249758193294,15.563392639160156,22903000
2020-12-28,15.620558917103043,15.816531762014762,15.420505575857632,15.465415954589844,37824600
2020-12-29,15.559317369739992,15.604227744442536,15.289856678965936,15.363346099853516,37968600
2020-12-30,15.375594088759566,15.751206864082347,15.33884937766757,15.604228019714355,56436600
2020-12-31,15.534818591805498,15.600142340927752,15.404171093560992,15.473578453063965,36309800
2021-01-04,15.653218063006312,15.783865558656906,15.3143500504219,15.49807357788086,67717600
2021-01-05,15.665470637670952,16.616749665197204,15.653222917855388,16.1921443939209,95473400
2021-01-06,16.5105936276713,16.841296000728033,16.298291042708584,16.6861515045166,86262800
2021-01-07,16.83313349299185,17.102594217226425,16.657575583231598,16.931119918823242,51457200
2021-01-08,17.14750519524583,17.14750519524583,16.775975978313163,16.91070556640625,62744000
2021-01-11,16.543254712164856,17.245486152882286,16.44935192421047,17.17607879638672,46890400
2021-01-12,17.384296970110167,17.870142170465336,17.253647937658936,17.7762393951416,87947200
2021-01-13,17.8374835003772,17.84564916406622,17.502699076332846,17.63743019104004,54764400
2021-01-14,17.747668649303666,18.37232727838757,17.731337317936923,18.160024642944336,83314600
2021-01-15,17.83748554133052,17.841569152362823,17.28223436391553,17.45370864868164,95497000
2021-01-19,17.66600785739965,17.927302845304638,17.608849773475555,17.804821014404297,55619400
2021-01-20,17.955884845087496,18.000795220551804,17.694589814140134,17.870147705078125,50725600
2021-01-21,17.77215830631704,17.861979042167334,17.106673122789218,17.265899658203125,59968000
2021-01-22,16.886204769556976,17.22507121674532,16.74739161400681,17.17607879638672,50444600
2021-01-25,16.988267272689516,17.053590996110714,16.690227687240277,17.00051498413086,81823200
2021-01-26,17.151585678348567,17.408798668802103,16.628995590073348,16.637161254882812,54999600
2021-01-27,16.363612871058827,16.869871455806265,16.13089539753497,16.41260528564453,99867200
2021-01-28,16.54733791489982,16.804550865179397,16.396277033122132,16.604496002197266,57248200
2021-01-29,16.37178066311983,16.584083250730224,15.992085860318316,16.053327560424805,63069000
2021-02-01,16.24929575160924,16.33095081718332,15.898180059849263,16.167640686035156,61021400
2021-02-02,16.555501326935314,16.735142785372094,16.343198776245117,16.343198776245117,63929000
2021-02-03,16.428938699736065,17.08625822158713,16.367697005632206,17.041349411010742,74385600
2021-02-04,17.167914794685558,17.233238547298445,16.865793022891378,17.229156494140625,48327800
2021-02-05,17.49861671070224,17.555774798063503,17.32714089117738,17.376134872436523,48196400
2021-02-08,17.629263831243858,18.188598533606605,17.612932504510674,18.102861404418945,62368200
2021-02-09,17.959972314169192,18.01713041978748,17.674180228636178,17.910978317260742,64798800
2021-02-10,17.97221314307603,18.270252834829492,17.857896975674965,18.253921508789062,58451000
2021-02-11,18.196764034651775,18.200847645019163,17.592518967883365,17.972213745117188,49632600
2021-02-12,17.8456464300665,18.253920207322327,17.812985337755283,18.23758888244629,47400800
2021-02-16,18.65811384500747,18.911243176774793,18.564211053504124,18.69485855102539,76593400
2021-02-17,18.886749701695535,19.09497026035974,18.613206939555525,18.972488403320312,68964400
2021-02-18,18.89083022792906,18.927574934784587,18.48663845251828,18.54379653930664,61360200
2021-02-19,18.568293924777414,18.927575337515933,18.547880544410237,18.85408592224121,54404200
2021-02-22,18.980650275621212,19.789032239489472,18.94798762296827,19.507322311401367,75644600
2021-02-23,19.74003994224906,19.88701877682705,18.98881599908244,19.82986068725586,98370800
2021-02-24,19.96050901402291,20.650492842751543,19.79311679164235,20.532093048095703,77748800
2021-02-25,20.744391237038773,20.744391237038773,19.997249475144407,20.136062622070312,75887800
2021-02-26,19.866607133385774,19.923765227955872,19.07863841266082,19.658388137817383,90308800
2021-03-01,20.176891980827875,20.446354204436368,20.029914709915605,20.16872787475586,69391600
2021-03-02,20.24222003559077,20.405528655688478,20.04624719956747,20.058496475219727,74468200
2021-03-03,20.205474042922546,20.81380122294575,20.20139043215018,20.35245132446289,82574400
2021-03-04,20.53617356740262,21.213908070491833,20.34428592421447,20.83829689025879,107573800
2021-03-05,21.43029740964159,21.667095458604898,20.895458047116247,21.61810302734375,112395800
2021-03-08,21.830405670650578,21.94472186290402,21.34455873869082,21.6589298248291,100610000
2021-03-09,21.53644304906446,21.846730453217717,21.12816924718646,21.27923011779785,118889600
2021-03-10,21.31189283039125,21.89164088314224,21.209824379630223,21.818151473999023,78416600
2021-03-11,21.86306535867616,22.197849806434455,21.777328220030032,21.82632064819336,50797400
2021-03-12,21.867147118685327,22.067200425260356,21.707919015109532,21.87122917175293,59786800
2021-03-15,21.822235793993393,21.88347593197735,21.360885945464055,21.622180938720703,60452600
2021-03-16,21.262904509916094,21.283317892516113,20.87504401075067,21.005691528320312,77287000
2021-03-17,20.944446522813262,21.27106526527128,20.764806603821604,21.168996810913086,64552200
2021-03-18,20.98119164956959,21.075094442569924,20.131982902143328,20.21772003173828,87207200
2021-03-19,20.209548323042714,20.556580348037922,19.948253401995885,20.2217960357666,81158600
2021-03-22,20.176418008856313,20.254812519980412,19.98661820334861,20.02787971496582,59561800
2021-03-23,19.623524421604355,20.176416031360052,19.49974147285046,19.734928131103516,103196200
2021-03-24,20.03613126688875,20.502374525958324,20.03613126688875,20.23005485534668,81630800
2021-03-25,19.89172129298484,20.36209155981115,19.56988933651756,20.3043270111084,80670200
2021-03-26,20.67154239842858,20.836585287719547,20.436357304266622,20.807703018188477,72348600
2021-03-29,20.63028090195578,20.73755767010112,20.308449023554235,20.560138702392578,47286200
2021-03-30,20.349709833546576,20.60139952324143,20.230053821402205,20.382719039916992,53392200
2021-03-31,20.341459938216286,20.432233692507282,20.164039367901577,20.242435455322266,48097400
2021-04-01,20.333207147107608,20.766444364748452,20.2259303642223,20.75819206237793,65039600
2021-04-05,20.71692900964718,20.72105594750836,20.143407416261915,20.263063430786133,53372200
2021-04-06,20.362084782016026,20.634404402373672,20.176413529836335,20.209421157836914,53257800
2021-04-07,20.21767814480451,20.38272104496064,20.143408997130823,20.279569625854492,49888600
2021-04-08,20.13516088585743,20.139287824901515,19.784446617481706,20.015504837036133,63766600
2021-04-09,20.011375045229773,20.184668671561205,19.7926945432499,19.883466720581055,44373400
2021-04-12,20.05675921100701,20.201170546771767,19.656531260508228,19.726675033569336,39196200
2021-04-13,19.693667648077618,19.854583601070512,19.549256298972622,19.74730682373047,44825400
2021-04-14,19.920600915671375,20.56426631689246,19.89997094730447,20.296072006225586,66767800
2021-04-15,20.32082734167599,20.32082734167599,20.048507687974592,20.13102912902832,49686200
2021-04-16,20.27956798657648,20.32908022303475,19.88759231086493,19.97011375427246,57189000
2021-04-19,20.0113753526524,20.15991364834166,19.75556027339076,19.94948387145996,40827800
2021-04-20,19.879343065177597,19.908225338715457,19.22329992888098,19.421350479125977,72574000
2021-04-21,19.17378544932218,19.73905476061405,19.08301170080609,19.66891098022461,56991000
2021-04-22,19.76381170806296,19.77206243615833,19.371836016974356,19.43785285949707,50062800
2021-04-23,19.45435846575589,19.701921244477152,19.338827804915642,19.61527442932129,33897800
2021-04-26,19.54100399702867,19.89584511079027,19.54100399702867,19.74730682373047,35891800
2021-04-27,19.821578610351484,20.056763738234835,19.730804850829536,19.98661994934082,42268800
2021-04-28,20.13515476547615,20.754063220812295,20.118650162248777,20.675668716430664,65874000
2021-04-29,20.972745249977404,21.162543464935833,20.650911783346164,20.906726837158203,66042400
2021-04-30,20.609655111719043,20.89435247922305,20.3332084731579,20.37859535217285,58519000
2021-05-03,20.61377659197002,20.99337458441417,20.547759755105673,20.939735412597656,45740000
2021-05-04,20.980998284374316,21.137788884127108,20.712805535654965,20.952116012573242,53917600
2021-05-05,21.2120569693145,21.694806411152644,21.2120569693145,21.628787994384766,79621200
2021-05-06,21.624663328189317,21.740192413330078,21.2244353204292,21.740192413330078,58710400
2021-05-07,21.517386026672217,22.165176793821594,21.438989943103174,22.128042221069336,63196200
2021-05-10,22.40448420478899,22.751072978547775,22.119786901830714,22.13629150390625,68998000
2021-05-11,21.67417129286663,21.983625487563025,21.37709633625458,21.56689453125,113531800
2021-05-12,21.678301969516266,22.3095881319188,21.57102361542972,21.6700496673584,82195600
2021-05-13,21.410102612269313,21.806203578698394,21.117153037553972,21.405977249145508,79698200
2021-05-14,21.641167889539354,22.15279804325077,21.641167889539354,22.07027816772461,57183600
2021-05-17,21.99188477576249,22.590163390392554,21.958877136302736,22.581911087036133,67404200
2021-05-18,22.54890124608878,22.63142112366457,22.016639536309764,22.057899475097656,70435400
2021-05-19,21.54214001788643,21.752569775035486,21.20793045789121,21.509132385253906,87969600
2021-05-20,21.50088262503798,21.57515177469688,21.170798389868317,21.476125717163086,56522600
2021-05-21,21.690681257197188,21.843344923615394,21.505008379680007,21.521512985229492,50539800
2021-05-24,21.670048072450268,21.78557714622608,21.426610685590102,21.736064910888672,48020400
2021-05-25,21.682427309439152,21.74019185051411,21.261569343651434,21.294578552246094,48558600
2021-05-26,21.315210539540825,21.562773331586303,21.216184478343123,21.484378814697266,39554400
2021-05-27,21.57102148819593,21.764946634867517,21.38122327917915,21.500879287719727,39053600
2021-05-28,21.62053512852232,21.649417396019686,21.42660998335526,21.542139053344727,37125400
2021-06-01,21.96712568290613,22.420991272128983,21.954746443005597,22.371479034423828,72570200
2021-06-02,22.50763417884229,22.895484433183203,22.24356685824913,22.788206100463867,67893400
2021-06-03,22.69330898806168,22.978006297829776,22.548897651360225,22.850099563598633,58761600
2021-06-04,22.99863838443609,23.09766285368014,22.664427259314916,23.002763748168945,52658800
2021-06-07,22.99864061789202,23.138926607915916,22.870732294234266,22.90373992919922,40070400
2021-06-08,22.825346658260333,23.14305322862243,22.553026965659363,23.10179328918457,57553000
2021-06-09,23.167808152876898,23.26683262863493,22.945000721472834,22.957378387451172,56052200
2021-06-10,23.266831907731742,23.37411025610562,22.68505801529068,22.928495407104492,57353800
2021-06-11,23.011015502770405,23.138923810967068,22.821217296258343,22.850099563598633,38091400
2021-06-14,22.932625164170158,23.072909588732372,22.565404775401362,22.75107765197754,37745000
2021-06-15,22.895491984356042,23.24620621506954,22.837725861704705,23.184314727783203,64285000
2021-06-16,23.147178432810367,23.332851306927562,22.858355710812273,23.060531616210938,60786400
2021-06-17,23.002762157978204,23.196687293292882,21.975373523310253,22.27657699584961,106941800
2021-06-18,21.81033638135045,22.086781429985663,21.5999066042419,21.616411209106445,113812200
2021-06-21,21.79564472081179,22.579269725481325,21.79564472081179,22.537588119506836,84366800
2021-06-22,22.48340315865392,22.775179201761567,22.23747784104124,22.687646865844727,48344400
2021-06-23,22.896056973390326,23.154486443425068,22.708486555602438,22.75016975402832,40553000
2021-06-24,22.854375582147842,22.96274871898189,22.63345860352038,22.946075439453125,41756800
2021-06-25,23.008598772458186,23.079457823314236,22.879383244951292,23.066953659057617,38330000
2021-06-28,22.966917970455583,22.979423726068042,22.195797019870383,22.287498474121094,65702800
2021-06-29,22.420876860838078,22.54592326050338,22.149941669853895,22.179119110107422,31911000
2021-06-30,22.24581241991082,22.520915157338983,22.224971616630928,22.4542236328125,47034000
2021-07-01,22.966914201717735,23.037774838388618,22.633456591049402,22.846036911010742,47251600
2021-07-02,22.750169467849293,22.871046766635228,22.55426241284058,22.796018600463867,30471800
2021-07-06,22.720986579144338,22.76266976997335,21.962369996618918,22.0540714263916,68446200
2021-07-07,22.020730730292243,22.224972839747267,21.453851945594177,21.695608139038086,60823800
2021-07-08,21.312132881994383,21.774806068239624,21.23710471178967,21.5705623626709,49379800
2021-07-09,21.84566477824138,22.045739365608927,21.591402826570704,22.02906608581543,51206000
2021-07-12,21.778973942950433,22.129104879510933,21.624750075076026,21.9957218170166,41353000
2021-07-13,21.88734582400223,22.024897993678955,21.699776996336066,21.828990936279297,49786800
2021-07-14,21.895684583315447,22.149946553052096,21.09538617698199,21.17875099182129,66999400
2021-07-15,20.949492574555826,21.2037544862909,20.782764572962382,20.882801055908203,59670800
2021-07-16,21.041198492386652,21.049535132750368,20.2534042636088,20.290918350219727,74253800
2021-07-19,19.598992158658742,19.85325411235218,19.298879480194163,19.57398223876953,114994800
2021-07-20,19.582314564120605,20.044987644794617,19.415586571749188,19.836576461791992,83342000
2021-07-21,20.228388898501287,20.69523109291972,20.18253818386634,20.528501510620117,82042600
2021-07-22,20.50765890621348,20.50765890621348,20.12418153668072,20.29924774169922,47270000
2021-07-23,20.365947618976882,20.374284259789043,20.019984180504608,20.224227905273438,46951800
2021-07-26,20.27424203870661,20.80777422181426,20.236727957703646,20.724411010742188,47266200
2021-07-27,20.561850005934392,20.595194971514307,20.290914806610385,20.532670974731445,46888400
2021-07-28,20.586856608033568,20.891136747447767,20.399286223449156,20.720239639282227,39169200
2021-07-29,20.98700630636391,21.07870773925824,20.795268392176855,20.92031478881836,43794000
2021-07-30,20.878636691245894,20.966169024582737,20.461814239106868,20.58686065673828,49600600
2021-08-02,20.599366206368714,21.099553500573126,20.399291606697265,20.43263816833496,57810800
2021-08-03,20.36594204852472,20.82444603742294,20.17420413244373,20.782764434814453,64302000
2021-08-04,20.407628881072107,20.661890856277704,20.190880993848513,20.22005844116211,64523800
2021-08-05,20.345104688535862,20.699403140790206,20.257570764169984,20.449310302734375,45800000
2021-08-06,20.624372896307243,20.79943913737378,20.52433640717036,20.636877059936523,36214800
2021-08-09,20.361777815887564,20.507666640095962,20.20755394120015,20.34510612487793,42193400
2021-08-10,20.453480357934442,20.75776059822975,20.428470435014344,20.70357322692871,53283000
2021-08-11,20.64938298057327,20.9036449100999,20.520167458504446,20.866130828857422,47686200
2021-08-12,20.84945834511659,20.96200059313315,20.59102888118119,20.84528923034668,36517200
2021-08-13,20.85779437344075,20.85779437344075,20.54934508161286,20.599363327026367,33050800
2021-08-16,20.320096539131317,20.32843317979972,20.04082623197214,20.22005844116211,48258400
2021-08-17,20.02415202620303,20.336768881603593,19.832414069836393,20.011646270751953,51108200
2021-08-18,20.00748073439863,20.1658737354271,19.569817411344,19.594825744628906,56305800
2021-08-19,19.257197032922026,19.382243446826752,18.815364674403806,19.086299896240234,99256200
2021-08-20,18.911231444325185,19.248858153629836,18.82786664807143,19.127979278564453,61587600
2021-08-23,19.590653463001523,19.899102749062855,19.548971857611413,19.84491539001465,58704400
2021-08-24,20.011641808477794,20.27840946791135,19.9782968448306,20.174203872680664,45382200
2021-08-25,20.132523124152865,20.440972423096404,19.99914007327225,20.32843017578125,39817600
2021-08-26,20.211720916073148,20.324261576189443,19.986636415737703,20.019981384277344,41465400
2021-08-27,20.270073221528655,20.69106313478042,20.224222504332168,20.553512573242188,46202600
2021-08-30,20.6327153975133,20.711911106418448,20.303425214607227,20.3117618560791,31817800
2021-08-31,20.21171795056576,20.39511922575333,20.124184042133074,20.174203872680664,53873200
2021-09-01,20.1533643126138,20.27007567690187,19.803233399852427,19.87826156616211,63459800
2021-09-02,20.061664480858177,20.545178447618614,20.061664480858177,20.382617950439453,61635400
2021-09-03,20.340935456593343,20.490991794584723,20.17003831389238,20.265907287597656,39162800
2021-09-07,20.170035486770164,20.424297402722463,20.069999002165126,20.14502716064453,42472800
2021-09-08,20.257570310873493,20.390953366858803,19.87409442242859,19.886598587036133,43798400
2021-09-09,19.753213638717238,20.240896682360894,19.64900803683327,19.928279876708984,50529600
2021-09-10,20.23672717986608,20.278410373851273,19.857418859882806,19.91994285583496,37513000
2021-09-13,20.178374754693497,20.62854376422597,20.178374754693497,20.490991592407227,68499600
2021-09-14,20.6743902741505,20.711904353516974,20.107513149353387,20.195045471191406,58935800
2021-09-15,20.48265275909268,20.96616668604132,20.44930779346758,20.949493408203125,76695000
2021-09-16,20.92865814693084,20.932827262519833,20.599367977675545,20.711910247802734,60643800
2021-09-17,20.607698371547738,20.932820916704372,20.503492774136905,20.557680130004883,64459000
2021-09-20,20.06069823000291,20.17038959651739,19.605061749608144,19.929914474487305,85660000
2021-09-21,20.16617139284193,20.271643002228522,19.765378955299088,19.976322174072266,51323400
2021-09-22,20.313834424942552,20.832754596322292,20.313834424942552,20.5922794342041,79252200
2021-09-23,20.706191337464375,21.376989364562238,20.609156020853757,21.31370735168457,49734200
2021-09-24,21.199793180085933,21.58370976832566,21.15760518068909,21.47402000427246,55503000
2021-09-27,21.94653170182947,22.32622851317531,21.916999781259317,22.237632751464844,81697400
2021-09-28,22.448579289932706,22.710150067156874,22.262949817482284,22.313575744628906,132975200
2021-09-29,22.292481742431914,22.45279905599363,22.01825488576339,22.313575744628906,69894400
2021-09-30,22.250291511230763,22.372637355476638,21.976064682006836,21.976064682006836,89198800
2021-10-01,22.136379199654424,22.73545709558147,22.136379199654424,22.71436309814453,83312000
2021-10-04,22.95905938218213,23.33875782341618,22.853587771769234,23.08562660217285,114815800
2021-10-05,23.414696103644435,23.64673331072568,22.980153609872165,23.22062873840332,98029600
2021-10-06,22.83671139911283,23.102498673722998,22.570922515133756,22.975933074951172,100174800
2021-10-07,23.034994580582485,23.27968944154306,22.92108667978359,23.15312385559082,77596200
2021-10-08,23.39781949840559,23.920959345672717,23.342975424821507,23.866113662719727,86200400
2021-10-11,24.224719750844624,24.296441285887383,23.75642713230526,23.77752113342285,86021400
2021-10-12,23.731110832610938,24.026431644846106,23.634077150330757,23.798612594604492,71038200
2021-10-13,23.625641750385597,23.89986859302165,23.359852830070405,23.77752113342285,57902600
2021-10-14,24.047524776308624,24.169872218436623,23.82814365540049,24.068618774414062,46786600
2021-10-15,24.338628178732623,24.431443710662307,24.174092724398406,24.186750411987305,45354800
2021-10-18,24.42300586829181,24.5580094009735,24.068621192660107,24.203624725341797,65257600
2021-10-19,24.304876594771656,24.562227565093742,24.174091226914985,24.47784996032715,44552600
2021-10-20,24.292223216103874,24.68035798803389,24.19518791375224,24.67613983154297,50212600
2021-10-21,24.48628600268692,24.574881756677065,24.02221001676786,24.220497131347656,64241800
2021-10-22,24.3090951896616,24.469412480675548,24.081277744858493,24.448318481445312,43005000
2021-10-25,24.74786096996484,24.941928365437953,24.617075581170763,24.80692481994629,50112200
2021-10-26,24.89130121943888,25.06427460421615,24.79848568294455,24.95036506652832,45503200
2021-10-27,24.68035834645355,24.815361887291456,24.178314029548158,24.233158111572266,68007600
2021-10-28,24.10237081190844,24.427223537470827,24.098151046604208,24.4061279296875,46735000
2021-10-29,24.52847843170541,24.583324121915904,24.14456181897016,24.24581527709961,43997800
2021-11-01,24.486291120997414,24.730984436884825,24.418789350128215,24.663482666015625,49656800
2021-11-02,24.52003610749612,24.709885301550784,24.351282520067734,24.431440353393555,34125400
2021-11-03,24.136123521999416,24.482070283736924,24.034871674810876,24.228939056396484,46674800
2021-11-04,24.58754429044995,24.650827908130687,24.04331193774649,24.262691497802734,76363200
2021-11-05,24.595979313823243,24.68879484631454,24.376598170260493,24.579103469848633,45207000
2021-11-08,24.78582801380221,25.060054839830183,24.667700327202603,24.802703857421875,40022400
2021-11-09,24.832233637102444,24.912391473328093,24.47784899850297,24.903953552246094,39378000
2021-11-10,24.798485507558446,24.878644964643584,24.102373816881546,24.24581527709961,72033000
2021-11-11,24.262690980419706,24.503167756856964,24.262690980419706,24.33863067626953,48996600
2021-11-12,24.237374000210416,24.376595675329035,24.131902400217655,24.27956199645996,34190000
2021-11-15,24.258469722622923,24.625510466063634,24.051744663820816,24.48206901550293,42751400
2021-11-16,24.55379029128074,24.718325739762264,24.401910920568874,24.520038604736328,40958800
2021-11-17,24.27956530521729,24.62973183741013,24.06018415421137,24.144561767578125,47339000
2021-11-18,24.089717295293877,24.27956653262426,23.710020430002306,24.001121520996094,57911000
2021-11-19,23.482195733917838,23.545479334362163,23.013901596862507,23.06452751159668,91379600
2021-11-22,23.030780177172975,23.82814526888054,23.02656202101382,23.4737606048584,67785800
2021-11-23,23.781736223444835,24.275344154669337,23.760642225047135,24.1951847076416,67724600
2021-11-24,24.068617806837718,24.570663632156585,24.03486773309957,24.431440353393555,42868600
2021-11-26,23.220631015123168,23.524388170257794,22.84093255949349,23.448450088500977,89454400
2021-11-29,23.958934767656924,24.199409944373183,23.507516340532074,23.58345603942871,70882400
2021-11-30,23.14046864192993,23.490635130144646,22.916869362554074,23.030778884887695,92524000
2021-12-01,23.570794137563464,23.78595711577404,22.773429051019672,22.78608512878418,89549600
2021-12-02,22.798744557476464,23.532826092535025,22.52873748208163,23.448450088500977,100743800
2021-12-03,23.764865210649138,23.87033682629867,23.039219979982253,23.262819290161133,75880200
2021-12-06,23.621424244300503,23.887211562564744,23.330321549007525,23.608766555786133,63939000
2021-12-07,23.937834897947425,24.389253214441357,23.908301369508386,24.161434173583984,73686600
2021-12-08,24.296438406147256,24.41456608589996,24.106589199852607,24.157215118408203,47030000
2021-12-09,24.005339823508503,24.068621825847746,23.823928519938285,23.971588134765625,46798800
2021-12-10,24.228942495299957,24.245818342016328,23.718460202399612,24.148784637451172,39051200
2021-12-13,23.933618096144777,24.005339629459073,23.36407203285005,23.477981567382812,57208000
2021-12-14,23.334539050203695,23.739549637232976,23.300787363266746,23.380945205688477,57597600
2021-12-15,23.347194277489542,23.406258118108255,22.74811473113769,23.26703643798828,67716200
2021-12-16,23.469545247266332,23.89564988238691,23.376729707007332,23.41469955444336,53731800
2021-12-17,23.245940369539042,23.351411971232718,22.73124004764476,22.937963485717773,69270200
2021-12-20,22.320448134943025,22.670874342475198,22.076859225565972,22.653779983520508,72661600
2021-12-21,22.884545005708762,23.384544322849873,22.875997827700388,23.299074172973633,50319400
2021-12-22,23.3247222272099,23.606772659500823,23.042670164711005,23.448652267456055,42206200
2021-12-23,23.551210668411017,23.786252362405214,23.452920564748265,23.461467742919922,33370600
2021-12-27,23.38454451029494,23.995653886028407,23.187962674941584,23.974285125732422,43484400
2021-12-28,24.03412017719403,24.19223892770887,23.824718347965298,23.957197189331055,35877000
2021-12-29,23.918733010100286,24.034117478940807,23.687964072419245,23.803348541259766,30218200
2021-12-30,23.81189266110239,23.99992568049748,23.636679593195673,23.65804672241211,27180000
2021-12-31,23.598222996460628,23.84181190643938,23.559761503821466,23.717880249023438,26482400
2022-01-03,23.752068510374883,24.491382405596013,23.739246926269796,24.45292091369629,65054200
2022-01-04,24.78625104509494,25.397360468519928,24.70505529233921,25.299070358276367,79957600
2022-01-05,25.54693398393062,25.82898438332074,25.256336405139862,25.294797897338867,90804000
2022-01-06,25.88881219567577,26.004195031174888,25.49565013139266,25.858896255493164,74681400
2022-01-07,25.957187511772133,26.28197214126718,25.77770002505065,26.21359634399414,71169200
2022-01-10,26.27342871619885,26.32471016392769,25.79052366197942,26.132404327392578,66473000
2022-01-11,26.358895167720462,27.068294677121827,26.136673418603365,27.021286010742188,76887800
2022-01-12,27.166588145172767,27.239238355895615,26.875990562696984,27.07257080078125,60496800
2022-01-13,27.072569322768842,27.290518312830773,26.82470765137008,26.93581771850586,59554000
2022-01-14,26.961457885633106,27.611028787979304,26.944363528416925,27.568294525146484,64801000
2022-01-18,27.863163571923057,28.00418957542134,27.25632855497416,27.67940330505371,82133400
2022-01-19,27.893077804625474,27.92299211494342,27.260602883498823,27.478551864624023,65978000
2022-01-20,27.299069666719486,27.957186251552955,27.170865221892598,27.22641944885254,83980800
2022-01-21,26.918722874353875,27.089661551140026,26.40590358358026,26.68795394897461,114539600
2022-01-24,26.05547505375313,26.961454685994802,25.572570116054145,26.8674373626709,124505600
2022-01-25,26.764880962565915,28.01274147940754,26.26915595373487,27.910175323486328,118434400
2022-01-26,28.205043615097498,28.431538140643205,27.559745492199454,27.863162994384766,130725400
2022-01-27,28.354615423632577,28.658032928596132,27.700771746416656,28.166584014892578,108901400
2022-01-28,27.97855232261869,28.320429722421892,27.461460187839048,28.046926498413086,105302400
2022-01-31,27.982825058299923,28.35034234455153,27.538381530692927,28.170856475830078,63298400
2022-02-01,28.004187529731148,29.24350063945269,27.94008450914959,29.17512321472168,90444600
2022-02-02,29.02555515909894,29.324701537596724,28.66658341740014,29.26914405822754,65197000
2022-02-03,29.149480042343686,29.20930865206766,28.675122307807406,28.99135971069336,61962600
2022-02-04,29.358890838011455,29.914446141957008,29.29051665653181,29.44436264038086,81733400
2022-02-07,29.303327298099102,30.098196875208203,29.081107203400197,29.820419311523438,65165000
2022-02-08,29.730682229435157,29.790510853615274,28.97427561777767,29.179401397705078,75764200
2022-02-09,29.247783120117507,29.64948918988704,29.17513127117488,29.42299461364746,70791400
2022-02-10,29.277686593115366,29.803324139442566,29.046917697015097,29.23922348022461,75643200
2022-02-11,29.435809856527463,30.12811669039678,29.252049581758072,30.089656829833984,93034000
2022-02-14,29.905893705312415,29.9400791579722,29.02982668015471,29.380252838134766,99633000
2022-02-15,28.658032079544476,29.140938690947007,28.495640581258545,29.072561264038086,86092200
2022-02-16,29.30332752481399,29.81614513834203,29.12811609001761,29.307601928710938,73444200
2022-02-17,29.28196463929315,29.568291070353972,29.034104590605796,29.26059913635254,67622800
2022-02-18,28.846068563644618,29.31187758730261,28.799059894781745,29.081111907958984,63291600
2022-02-22,29.961449762387026,29.961449762387026,28.179404553994118,28.611024856567383,93002800
2022-02-23,28.777689188476756,29.128118609206673,28.61102328664505,28.905895233154297,67958000
2022-02-24,29.5212797354889,29.555468449607535,27.93154039353989,28.679401397705078,123485800
2022-02-25,28.743504647697772,29.46572249174803,28.743504647697772,29.435808181762695,78423000
2022-02-28,29.2264082385369,30.1964926392133,29.064016734559242,30.162303924560547,96394200
2022-03-01,30.431532416055898,30.978538803438063,30.03837198267687,30.465721130371094,124231000
2022-03-02,30.93154063725833,31.4101730189155,30.781969036870574,31.162309646606445,90908200
2022-03-03,30.858879143202728,31.46144295918625,30.79477612399374,31.24776840209961,89119800
2022-03-04,31.24349380738797,32.166566192953695,31.16229643285773,32.14947509765625,105216800
2022-03-07,32.482809960375235,33.145199189806384,31.897340448314733,32.62383270263672,131214800
2022-03-08,33.36743051783347,34.28195766009462,32.19222006993173,33.136661529541016,196054400
2022-03-09,31.922985675419532,32.880250283083214,31.41016791164071,32.12384033203125,174036400
2022-03-10,32.50417892528672,33.19221139423827,32.27340996733878,33.10674285888672,137802600
2022-03-11,32.576831013066034,33.25204027244521,32.525547935218036,32.8417854309082,91837800
2022-03-14,32.14092974524622,32.367424277061254,31.431531839191855,31.8588809967041,101490000
2022-03-15,30.623840799144894,31.046915532918625,30.102474329032223,30.692214965820312,124724400
2022-03-16,30.807594410471136,31.076826424512767,30.23067378960522,30.551185607910156,107536200
2022-03-17,31.093919586765313,31.683660136076934,30.901610546909676,31.602462768554688,76956400
2022-03-18,31.5469118234964,31.786226286722673,31.333237264068654,31.572551727294922,58550800
2022-03-21,32.21107789686637,32.94883454047437,32.19382002728698,32.84528732299805,68714800
2022-03-22,32.707235050351166,32.888441076089315,32.23265505026214,32.60369110107422,66462200
2022-03-23,33.216336377573285,33.47088593966217,33.05670678137163,33.16456604003906,58663000
2022-03-24,33.289674951579556,33.57442161248723,33.02649816211498,33.24652862548828,52700600
2022-03-25,33.04806835403378,34.01880145165515,33.02218319141003,33.97565841674805,56083600
2022-03-28,33.27673679947196,33.289682675264494,32.92295856801865,33.13436508178711,69760400
2022-03-29,32.39228255966547,33.06532305617563,32.00830399008187,33.048065185546875,73274000
2022-03-30,33.36732117395031,33.669328914721255,33.16023334926324,33.432037353515625,49736400
2022-03-31,33.11710940916049,33.74269182502158,32.97473439039922,32.97904968261719,65606600
2022-04-01,32.93589351060534,33.55716374037122,32.91432363916224,33.24652862548828,49612600
2022-04-04,33.46224881310352,33.57010805068222,32.93589520706303,33.289676666259766,46007400
2022-04-05,33.35007786674427,33.86348560380529,32.72880759956143,32.767635345458984,54577200
2022-04-06,33.12572538874861,33.42341790965228,32.776262545324236,32.9617805480957,64328400
2022-04-07,33.11710340580526,33.50539734494581,32.50446039444886,33.39322280883789,54097400
2022-04-08,33.48381770188148,34.40709239433868,33.48381770188148,34.31217575073242,53426200
2022-04-11,33.945457263348004,33.95408455351054,33.20770051935734,33.281044006347656,52461000
2022-04-12,33.954080453308684,34.450233513604225,33.76856246699303,33.83327865600586,63929400
2022-04-13,34.24747234363944,34.43299040950999,33.682290853207434,34.33807373046875,49295800
2022-04-14,34.17412547798092,34.722052328963045,34.12235185133281,34.45024490356445,51869400
2022-04-18,34.734990425816264,35.16211209277917,34.51927194671946,34.955020904541016,60913200
2022-04-19,34.77381677129508,35.11465234953053,34.467496938309395,34.67027282714844,45727800
2022-04-20,34.760865458961916,34.98952645350498,34.424345256305955,34.80400848388672,52079400
2022-04-21,35.011103896012365,35.16642143802901,33.57010298765844,33.69953536987305,65157800
2022-04-22,33.56579769830553,34.04900499974478,32.86255332815639,32.87549591064453,71499200
2022-04-25,31.840046473792764,31.960848286485987,30.63202176365548,31.788272857666016,110724400
2022-04-26,32.02555992583635,32.702915671980755,31.749437304060905,31.831411361694336,89168600
2022-04-27,32.034194103169064,32.61231804640844,31.460382159551873,32.29737091064453,89132600
2022-04-28,32.51308765773409,33.54853695918855,31.874559546163013,33.276729583740234,87469600
2022-04-29,33.35007931615811,33.53990934591197,32.3059993402989,32.422489166259766,79416200
2022-05-02,32.224028585784815,32.953154832297066,32.12479663363072,32.94021224975586,104141200
2022-05-03,33.00060585872446,34.018797153581986,32.97903598979742,33.86347961425781,83298800
2022-05-04,34.514955293147935,35.343313430198855,34.074891061465465,35.26996994018555,90767400
2022-05-05,35.52020674764003,35.554722495436124,34.03174721706175,34.73930358886719,93194000
2022-05-06,35.187999014773794,35.77906886200292,34.484757922764814,35.77475357055664,94245600
2022-05-09,35.00679453223289,35.036994987648995,32.68134959038395,32.815093994140625,106044000
2022-05-10,33.31988035863097,33.949777972302016,32.413860041654594,33.112789154052734,113727800
2022-05-11,33.66501481501858,34.65732082582629,33.501070007045875,33.55715560913086,99705000
2022-05-12,33.54421782785641,33.716793240275145,32.651143607061805,33.69953536987305,90043600
2022-05-13,34.20000781784857,34.98953827803716,34.13960690422132,34.851478576660156,59437400
2022-05-16,34.97659344735087,36.137159897574435,34.955020283183565,35.77043914794922,56518800
2022-05-17,36.253648107216215,36.40465038858213,35.86104217566484,36.18461990356445,56329400
2022-05-18,36.443478237472114,36.48662127242829,34.834217029946636,35.25702667236328,66461400
2022-05-19,34.45454969612738,35.71865989338252,34.45454969612738,35.12759017944336,71441000
2022-05-20,35.5590373128571,35.977531736137685,34.57104617222644,35.278602600097656,63840000
2022-05-23,35.69709913213771,36.335627388270154,35.47706861561119,36.21051025390625,53289400
2022-05-24,35.809264185874326,36.499562596197194,35.53314482174518,36.34856033325195,53127600
2022-05-25,36.47368748032318,37.15104349632843,36.42191385093812,37.09926986694336,52648000
2022-05-26,37.323610554921814,37.78955994792796,37.29772210026402,37.50912857055664,42678200
2022-05-27,37.340863326202566,38.29865043602539,37.2502586846821,38.195106506347656,37334400
2022-05-31,38.82500526104842,39.02778112836339,37.4185233532424,37.62129592895508,78681200
2022-06-01,38.09588424598758,38.5143753252255,37.67738987514693,38.233943939208984,59297200
2022-06-02,37.966449317292664,38.380628369398096,37.733472983307884,38.113136291503906,52605400
2022-06-03,38.16059831446133,38.7387255603591,38.11745527619501,38.617923736572266,41050600
2022-06-06,38.80344056871109,38.82932573255326,38.36768832495257,38.57477951049805,33384600
2022-06-07,38.54889817100477,39.77849305452605,38.51869771041314,39.726722717285156,51378800
2022-06-08,39.920862783826166,40.257383097785464,39.567084595868586,39.81300354003906,56985400
2022-06-09,39.47215740317173,39.722391571977894,38.889718300441665,38.932861328125,49176200
2022-06-10,38.484173103480686,39.062300305281774,37.82839041368509,38.272769927978516,62543600
2022-06-13,37.112200492181714,37.151031524608264,35.55471631974488,36.27521514892578,89462600
2022-06-14,37.00435165210978,37.47893500604594,35.86967347770614,36.34425354003906,69512800
2022-06-15,36.26227695774687,36.443479686730264,34.94207765268982,35.54177474975586,86446400
2022-06-16,34.59692798679369,34.786757995052575,33.25084359901768,33.5399055480957,115958200
2022-06-17,33.30693143515982,33.552850366559525,31.322322110860103,31.706300735473633,128468400
2022-06-21,32.550496271229406,33.57574243050447,32.49378168768784,33.348880767822266,70013400
2022-06-22,31.743377986178984,32.57666171677936,31.56886727619785,32.01386642456055,82425200
2022-06-23,32.16657231074885,32.39779763670373,30.308039006530358,30.827207565307617,113842200
2022-06-24,31.355096698915375,31.896076961042766,30.901370136690204,31.23293685913086,94797000
2022-06-27,31.595048966673257,32.3672579293021,31.555785796632264,32.14912033081055,67958800
2022-06-28,32.91260216543934,33.549563558255784,32.519953819589304,33.01730728149414,79568000
2022-06-29,33.475400383690044,33.588829548724824,31.778286650329818,31.86990737915039,71184000
2022-06-30,31.18495419185536,32.005150407234616,30.91882604135952,31.198041915893555,75533400
2022-07-01,31.577597014681754,31.800098293289526,30.595977838401957,31.664854049682617,69204000
2022-07-05,31.010438532363896,31.158770486018682,29.749603612237216,30.408376693725586,89865800
2022-07-06,30.081174297729213,30.62215795285555,28.990486276368244,29.88921546936035,96419000
2022-07-07,30.700687803433542,31.211129001577785,30.626518487874456,30.966815948486328,67587200
2022-07-08,31.34200663539207,31.472890517882917,30.521810513526916,30.95372200012207,43940600
2022-07-11,30.565445120931937,30.914466677129266,30.246966029779397,30.657062530517578,45508200
2022-07-12,29.854306848746127,30.238227759347186,29.518376468034578,30.059356689453125,64690200
2022-07-13,29.6230925961907,30.639614811795074,29.6230925961907,30.011377334594727,58978000
2022-07-14,28.959948103394296,29.47911668386999,28.56730306552158,29.4442138671875,73273600
2022-07-15,30.085537248789052,30.11607637950247,29.4791149899686,29.924114227294922,59920600
2022-07-18,30.72249515157485,31.115143450839053,30.465094411705405,30.609066009521484,51453600
2022-07-19,30.565439241772467,31.629951787754294,30.556715202377884,31.551422119140625,48776400
2022-07-20,31.202400635072635,32.00078504468684,31.0715200730393,31.856813430786133,41849400
2022-07-21,30.984265018173375,31.328922845381094,30.39093377434626,31.298383712768555,43159200
2022-07-22,31.42053086558847,31.73028911201553,30.862099276759942,31.040973663330078,40836400
2022-07-25,31.46853752706458,32.210207565669876,31.0933404868503,32.17966842651367,39112000
2022-07-26,32.56358181239639,32.70755343232757,31.673579973525115,31.887353897094727,37228800
2022-07-27,32.09241088013459,32.768638945026126,31.765204396190256,32.607215881347656,44810800
2022-07-28,32.89951221306158,33.12637383722975,32.184017871034094,32.790443420410156,46665400
2022-07-29,33.38814376310772,34.317412159525155,33.32270181105473,34.212703704833984,51667600
2022-08-01,33.6280921886551,33.715345894586235,33.05656943070496,33.50593566894531,51331000
2022-08-02,33.51029250972431,33.763332890307474,33.13073526736474,33.42740249633789,39864400
2022-08-03,33.56701327441189,33.66735470142499,32.26691177888413,32.46759796142578,57013200
2022-08-04,32.24510423411921,32.33672163409726,31.145688777350856,31.263484954833984,55991000
2022-08-05,30.840301729346066,32.15785165829083,30.840301729346066,31.882999420166016,45179600
2022-08-08,31.848096115001336,32.33672563722339,31.800105566902907,32.04878234863281,37756600
2022-08-09,32.502503462061036,33.02603238776177,32.445788882473444,32.611572265625,34683000
2022-08-10,32.685741112391916,33.03476264573357,32.04005560278068,32.847164154052734,34788400
2022-08-11,33.46231445441669,34.2650627438621,33.36197299855877,33.97711944580078,60531600
2022-08-12,33.754610318926034,34.25196373491898,33.61063871731878,34.23451232910156,38381000
2022-08-15,32.99549004835804,33.75024756019636,32.694462443175595,33.567012786865234,42024400
2022-08-16,33.61501128758716,33.968393195395215,33.279077461693895,33.48849105834961,39357600
2022-08-17,33.33578869145301,34.116718348380026,33.24853165679948,33.7677001953125,45472400
2022-08-18,34.14290685573694,34.71006276433722,34.081828578326395,34.67516326904297,46866000
2022-08-19,34.587890329648495,34.90637262579717,34.38720417764979,34.666419982910156,39488400
2022-08-22,34.36975735848851,34.81475989583708,33.80260163462331,34.600982666015625,45696200
2022-08-23,35.16814375516807,36.11922381394786,35.14196830857822,35.848731994628906,54367000
2022-08-24,35.853096287817564,36.34172571306346,35.69167326456738,36.289371490478516,49093200
2022-08-25,36.4987859535148,36.75182304763414,36.215206399080024,36.56858825683594,39798600
2022-08-26,36.49442217263941,36.891430884982924,35.97961728901241,36.14103698730469,38635200
2022-08-29,36.123590179152686,37.16192402264588,36.03196945225649,36.68638229370117,52125000
2022-08-30,36.05814273904461,36.066866777721906,35.15068960490087,35.4429931640625,57641800
2022-08-31,34.56609102217112,35.70476641185345,34.43957079475838,35.12015914916992,58304600
2022-09-01,34.60098255062331,34.731866432587076,33.77642274839156,34.256324768066406,56604200
2022-09-02,35.098341193108425,35.34701794298797,34.696968777253,34.88456726074219,57188200
2022-09-06,35.21177091636648,35.329567084080274,34.41775018722567,34.56172180175781,45568200
2022-09-07,33.80696561063721,34.30868277555335,33.497210606197164,34.16035079956055,60541400
2022-09-08,34.313045172024836,34.47882854988638,33.894221379125426,34.30868148803711,53681600
2022-09-09,34.92382706249568,35.33392343979519,34.66642299336241,35.16377639770508,38678800
2022-09-12,35.67857963045454,36.19774810073944,35.37318837058995,35.80946350097656,41731800
2022-09-13,35.251041359646884,35.853100003447615,34.749324158888285,34.9063835144043,61146000
2022-09-14,35.233591249895746,36.14540495389739,35.233591249895746,35.892364501953125,54384200
2022-09-15,35.25539670950967,35.40373200355239,34.79730976139727,34.96745681762695,55886400
2022-09-16,34.85838931311773,34.884564760118444,33.72407445337308,34.22142791748047,70403600
2022-09-19,33.28026856382777,34.263771234347395,33.20088268295709,34.24171829223633,37625800
2022-09-20,34.00355529785156,34.20202165119517,33.60221806008715,34.00355529785156,42299600
2022-09-21,34.64305483855216,34.691568613582476,33.49196138520773,33.505191802978516,68705800
2022-09-22,34.11381549339383,34.22407346419653,33.359651376880116,33.386112213134766,57748000
2022-09-23,32.089475324733506,32.15121950873161,30.845765759505806,31.08392333984375,105475600
2022-09-26,30.889867627897765,31.277974399966187,30.28124495617114,30.32093620300293,72159600
2022-09-27,30.845769846371823,31.229465417082093,30.488531746130327,30.660533905029297,67671200
2022-09-28,30.96926231351481,32.19533052671092,30.784029712558542,32.018917083740234,63147600
2022-09-29,31.78517070184686,32.08507254545506,31.22506163758198,32.018917083740234,48563000
2022-09-30,31.763111114501953,32.204142947256976,31.45439017749578,31.763111114501953,43369400
2022-10-03,32.90538033918756,33.73451884815795,32.85245531592358,33.55810546875,69550600
2022-10-04,34.237299560146276,35.03115819563008,33.96826987616598,35.00028610229492,66330800
2022-10-05,34.98705329788191,36.001424413093545,34.68715154103551,35.723575592041016,61273600
2022-10-06,35.43250335825105,36.468931077322985,35.40604251940039,36.358673095703125,52670200
2022-10-07,36.43364312492832,36.84380289946538,35.81619783269531,36.07640838623047,56915400
2022-10-10,36.217535783808366,36.526256724792184,35.220802886794225,35.335472106933594,46331600
2022-10-11,34.67393489069992,35.65743430512331,34.528393532215304,35.05322265625,53842200
2022-10-12,34.823873559239395,35.58244885972064,34.59453848376655,35.335472106933594,41102400
2022-10-13,34.87238768430483,36.91877516622296,34.86356852796124,36.777645111083984,70134800
2022-10-14,36.37630454652756,36.90113010337433,35.3354692235629,35.40603256225586,53494600
2022-10-17,35.961745665348275,36.43806097967768,35.745640951642194,35.847076416015625,37988400
2022-10-18,36.14256416065237,36.495391039281,35.463377971222954,36.16020584106445,50375800
2022-10-19,36.26605504236904,37.36422354408822,36.252821258776656,37.22750473022461,62527600
2022-10-20,37.50977087436045,37.853775276992884,37.03786679501471,37.26279067993164,50523600
2022-10-21,37.47006817651958,38.413876131932945,37.37304062440688,38.33890151977539,50548400
2022-10-24,38.31685152265554,38.78875553660569,38.10956934926594,38.51972579956055,44992000
2022-10-25,38.369773880035346,38.73583115104205,38.16248835633742,38.559417724609375,37683600
2022-10-26,38.704956114073504,39.39296472361872,38.67849191499454,39.08424377441406,45413000
2022-10-27,39.6223059790139,39.88692782220008,39.10629944145257,39.225379943847656,50021200
2022-10-28,39.64877779855777,39.970729276909644,38.6564557904088,39.36210632324219,49328000
2022-10-31,38.97399779760033,40.21329660099582,38.92989190717344,39.69287872314453,59520800
2022-11-01,40.35882874074687,40.37647041992461,39.833999720829596,40.076568603515625,43510800
2022-11-02,39.94867145094603,40.155956988237506,39.01809384617355,39.11071014404297,56499200
2022-11-03,38.87254626931985,40.058923000568484,38.76228830886346,39.8339958190918,53634400
2022-11-04,40.7204782380816,41.02478797673322,39.75461725044936,40.31913757324219,60590600
2022-11-07,40.40292815995918,41.13945054395245,40.33236144865621,41.01155090332031,38775400
2022-11-08,40.93216995931699,41.22766389243621,40.5484743560711,41.05125045776367,43718600
2022-11-09,40.49554318378853,40.62344282043749,38.956343013092216,39.04454803466797,63028000
2022-11-10,39.85163929243315,39.957485997095546,39.03131976048591,39.91338348388672,58488200
2022-11-11,40.6763658363394,41.28498853058278,40.57933829853124,41.07329177856445,51082600
2022-11-14,40.95422332187167,41.77013168022065,40.94981206063771,41.0600700378418,46245200
2022-11-15,41.21442303257154,41.59812193474475,40.945393347968334,41.49227523803711,51542200
2022-11-16,41.12181206219645,41.373200102341166,40.433803397549056,40.64550018310547,47277200
2022-11-17,40.02364953274502,40.76899460629133,39.81636397751214,40.73371124267578,42859800
2022-11-18,39.97953765246191,40.52200494064476,39.47676161545079,40.411746978759766,47366200
2022-11-21,39.53409049756844,39.97071103979464,38.49766643489961,39.864864349365234,85153600
2022-11-22,40.36323888256643,41.205611444936245,40.17800628810408,41.11299514770508,53755000
2022-11-23,40.36765110774255,40.927763530552305,40.21770187001806,40.66755294799805,41197400
2022-11-25,40.69401874024493,40.98069019616387,40.44704191166586,40.517608642578125,15182600
2022-11-28,39.52527708247088,40.023641880227814,39.27388905318731,39.40619659423828,58262400
2022-11-29,39.84281518100157,40.23533661787316,39.69727722970067,40.0015869140625,38048400
2022-11-30,40.44703860649279,40.52642448987852,39.56938599253314,40.2000617980957,43830200
2022-12-01,40.482320102537884,40.68519438076818,39.93103020577951,40.0677490234375,38902000
2022-12-02,39.78989477692986,40.30148998263673,39.595839682624124,39.829586029052734,36770000
2022-12-05,40.22210477971627,40.380876520449334,38.31684725572563,38.647621154785156,51753800
2022-12-06,38.405054589330405,38.868136016368545,37.36863040713341,37.62883758544922,64930200
2022-12-07,37.620016204060136,38.113969697021865,37.209856470193955,37.54063034057617,48894200
2022-12-08,38.383002618817535,38.46679974978811,37.16575373097684,37.37303924560547,51280800
2022-12-09,37.253959251514864,37.66411898837093,36.45128145479509,36.46451187133789,48097800
2022-12-12,36.67180171093657,37.509762960832916,36.53067164309765,37.42155456542969,42184800
2022-12-13,38.14925254699212,38.44915432010406,37.831709097249394,38.13161087036133,54557400
2022-12-14,38.39182602087413,38.52854482523018,37.558276047259554,37.89786911010742,52675600
2022-12-15,37.56708690655721,37.7567307052953,37.02902760014658,37.66852569580078,40406600
2022-12-16,36.95847138463193,37.38186156841083,36.69826083633088,37.205448150634766,59101000
2022-12-19,37.59754953305199,37.71785646998513,36.92918823730315,37.20098876953125,36836600
2022-12-20,37.316846369290424,38.0030311761358,37.174262734066836,37.762420654296875,28593000
2022-12-21,38.53325986384654,38.65356340692925,37.96737870335501,38.47978973388672,34058200
2022-12-22,38.519889468981766,38.54216953948282,36.84007617672342,37.59309768676758,37359400
2022-12-23,38.09213943120492,38.80060421458823,37.896089084416225,38.791690826416016,29630000
2022-12-27,38.96102135787855,39.37094893460188,38.81843770512859,39.206085205078125,32749200
2022-12-28,39.1526039751776,39.1526039751776,38.2079855005134,38.32828903198242,31838000
2022-12-29,38.16789555015221,38.903090413647895,38.150072170506085,38.72931671142578,26915800
2022-12-30,38.524345774680945,39.05012347826856,38.519889080733364,38.9743766784668,22661800
2023-01-03,38.72931383942743,38.92536760153422,37.1386138681876,37.606468200683594,53082800
2023-01-04,37.049505246138004,37.82034691308982,36.90692160026203,37.60201644897461,45705200
2023-01-05,37.539631665742846,38.49761701128919,37.4326947944494,38.2881965637207,38723800
2023-01-06,38.78278347451295,39.49124490660239,38.68475659472306,39.01448059082031,44422400
2023-01-09,39.60264292409388,39.665023054710105,38.75159777099411,38.87635803222656,46003200
2023-01-10,39.130326893879335,39.232810457700516,38.537712380107074,39.15260696411133,31599000
2023-01-11,39.49569817946814,39.59372505076593,38.849616926949416,39.272911071777344,32903000
2023-01-12,39.50905817535218,40.2799029332647,39.43331138742774,40.02146911621094,36716000
2023-01-13,39.99029323848173,40.17743362773798,39.56699901524087,40.07940673828125,31808400
2023-01-17,40.172975888671274,40.58290338154463,39.999198804198834,40.1640625,33933200
2023-01-18,40.35120206573588,40.80123299975277,39.388763475552935,39.428863525390625,38075200
2023-01-19,39.201623497953435,40.079401903423054,39.11696330373315,39.91899490356445,34293800
2023-01-20,40.00365915963756,40.45369014379465,39.598188323991465,40.3155632019043,28560000
2023-01-23,40.609636685908676,40.81014373770002,40.23980924424207,40.36902618408203,29305000
2023-01-24,40.23535761827218,40.30664773318056,39.415499200323694,40.213077545166016,30755200
2023-01-25,40.01702645330522,40.21753692626953,39.379855073770116,40.21753692626953,26861200
2023-01-26,40.86807494407113,41.50524632287806,40.369030509098444,41.487422943115234,36663000
2023-01-27,41.26463726733543,41.469601042726545,40.58290911453274,40.64974594116211,34841000
2023-01-30,40.355661949799064,40.41358538174137,39.66502046378093,39.71849060058594,27525000
2023-01-31,39.584814098401964,40.132871912806216,39.179343305176175,40.070491790771484,27848200
2023-02-01,39.88335055404073,40.05266753880156,38.76495827718309,39.28182601928711,46967200
2023-02-02,39.13033491974709,39.206081734933726,37.962929029053896,38.386226654052734,49803000
2023-02-03,38.546630467523876,39.17043511599727,38.26146321098664,38.30156326293945,45454800
2023-02-06,38.3372051500539,38.626829064283434,37.65993045221301,38.127784729003906,31714400
2023-02-07,38.36839647691381,39.424408605443546,38.16788943706736,39.36648178100586,41014000
2023-02-08,39.335294597601106,39.53580505156999,38.791693463829404,39.01448059082031,26967200
2023-02-09,39.01893906659553,39.14369931949241,38.65356829762813,38.680301666259766,32150400
2023-02-10,39.321930101095184,40.27545878569737,39.28628334292304,40.195255279541016,40003200
2023-02-13,39.99028605692166,40.248719919176985,39.57590189829209,40.092769622802734,24744800
2023-02-14,39.77641273635872,40.40021738090854,39.66501917124132,40.10614013671875,27022600
2023-02-15,39.65610505455129,39.74076524305721,38.92090692140046,39.424407958984375,31939600
2023-02-16,39.210543595009696,39.54918105972521,38.99666640690974,39.03676986694336,25314200
2023-02-17,38.43078773658551,38.45752110979165,37.481715593679816,37.646575927734375,44680400
2023-02-21,37.481710769025646,37.891638302912256,37.38814057538601,37.45943069458008,33622600
2023-02-22,37.356944454450286,37.70894852898985,36.88909351952694,37.20990753173828,40270400
2023-02-23,37.77132797241211,37.98966180423369,37.29456365715845,37.77132797241211,35023400
2023-02-24,37.21435898148765,37.77578347501958,37.00048525025945,37.72231674194336,37496800
2023-02-27,37.79805915121973,37.99856617586181,37.521801931092604,37.83370590209961,30676400
2023-02-28,38.21690343472714,38.23027351830258,37.258921478995795,37.29011154174805,38007600
2023-03-01,37.321298192143175,38.21689994048346,37.18316787018826,38.02530288696289,37094000
2023-03-02,37.95846397036517,38.50206499223054,37.83815704285801,38.35947799682617,32798600
2023-03-03,37.90054439987862,39.072406846315545,37.87381103285964,38.88080978393555,50675200
2023-03-06,38.66693154381526,38.96101217046236,38.510981241560714,38.89863204956055,33898400
2023-03-07,38.66693351029555,38.76496039082993,38.12333237239531,38.22135925292969,37000400
2023-03-08,38.052048947629046,38.53772334178678,37.46389096049967,37.829261779785156,39399000
2023-03-09,38.0475848623359,38.58227260152242,37.28565330423734,37.29456329345703,37888200
2023-03-10,37.29456678443115,37.820344583613625,36.603928673289566,36.81780242919922,56624800
2023-03-13,35.87763967820031,36.71532150372001,35.24938170852253,36.069236755371094,83327000
2023-03-14,36.06478324831558,37.236642378871544,35.78406927674804,36.425697326660156,61066400
2023-03-15,35.088971488885804,35.35631535367069,33.97057919180347,34.46962356567383,115347000
2023-03-16,33.71214706244623,34.93301947142348,33.57847343687771,34.843902587890625,88790400
2023-03-17,34.6434000534464,34.933024013528374,34.01513869083187,34.29585266113281,67351600
2023-03-20,34.26208246281105,35.20755318994361,34.26208246281105,34.98244094848633,52288800
2023-03-21,35.70280325229338,36.30610241710271,35.59474690207718,36.193546295166016,59712400
2023-03-22,36.21606018141363,36.38264104944197,35.39665172197306,35.42366409301758,49209400
2023-03-23,35.61726173648857,35.927917751717665,34.59525016157514,34.932918548583984,49486200
2023-03-24,34.239570390562776,35.20305042734543,34.131514050687024,35.0679817199707,41298000
2023-03-27,35.437170649663464,36.0179606777856,35.153530445904444,35.81536102294922,40223800
2023-03-28,35.612751995389324,36.52670704561217,35.59924581197753,36.3691291809082,32596800
2023-03-29,36.72931088399826,36.91390111945786,36.49069247880077,36.873382568359375,36204600
2023-03-30,37.17954076059224,37.233565503285654,36.81935977958089,37.03546905517578,27460800
2023-03-31,37.1300102956512,37.35512251673803,36.99494158902315,37.292091369628906,32294600
2023-04-03,38.863375096802244,39.23255901515122,38.66077546457587,38.98043441772461,62452200
2023-04-04,39.09749061301617,39.147015578608205,37.93141090575297,38.273582458496094,49363000
2023-04-05,38.36813251061715,38.84987258911133,38.04847352721824,38.84987258911133,40552200
2023-04-06,38.79134733008814,38.83186588920105,38.18354146386992,38.26008224487305,33378600
2023-04-10,38.404149685623025,39.00744884268534,38.404149685623025,38.56623077392578,26977200
2023-04-11,38.78232951215353,39.174025976438365,38.56172051810187,38.930904388427734,25575200
2023-04-12,39.20104552170344,39.282086065884535,38.84086456202297,38.957923889160156,33334400
2023-04-13,38.89939262240161,39.30009210249668,38.80484590141805,39.20104217529297,31384600
2023-04-14,39.2550733418388,39.502694743811524,39.0434672875569,39.2730827331543,23560200
2023-04-17,39.142517650630694,39.30459873930355,38.67428377612469,38.809349060058594,23762000
2023-04-18,38.71930361102043,39.06147516285452,38.52570695556773,38.962425231933594,24493600
2023-04-19,38.61124862525891,38.85887000430096,38.399642590572526,38.827354431152344,34246200
2023-04-20,38.287087673166184,38.49419050815175,38.016953689921536,38.48518753051758,30396200
2023-04-21,38.624763016651514,38.642772410126334,38.088994724332565,38.26008224487305,33757600
2023-04-24,38.138518883508254,39.02546174230109,38.1250126974256,38.84537124633789,25251800
2023-04-25,38.467175627926395,38.53470654312198,37.89088891865914,38.11600112915039,30665200
2023-04-26,37.8458724770094,38.19704705696244,37.37763855875851,37.60725402832031,40070000
2023-04-27,37.5847393261396,37.836863923847496,37.229061591550234,37.74231719970703,34114600
2023-04-28,37.60725525398785,38.53471670664895,37.47668972527351,38.327613830566406,38228600
2023-05-01,37.845872214071996,38.30510315000506,37.69279752538798,37.8953971862793,27821400
2023-05-02,37.440669411723135,37.49919735755429,35.90089907931559,36.24757385253906,67648000
2023-05-03,35.78384490083016,36.20255382474255,35.549726236416596,35.563232421875,59367600
2023-05-04,35.57673663679032,35.936917592119606,35.058981236547204,35.16703414916992,52861000
2023-05-05,36.139515507462725,36.40514972219903,35.923409692533525,36.12150955200195,39073400
2023-05-08,36.64827134019937,36.80584921253107,36.117006345666766,36.12150955200195,32711800
2023-05-09,35.83787515883037,36.47719322516143,35.76133780615854,36.13502502441406,41421200
2023-05-10,36.31510379756823,36.38713791945568,35.45517349637707,35.72530746459961,36052000
2023-05-11,35.22106245554043,35.48219004244999,35.02746579243667,35.29759979248047,38168200
2023-05-12,35.47318606446089,35.711804481689896,35.09499572710656,35.35162353515625,37913200
2023-05-15,35.48219423449483,35.7343223079382,35.20305722327833,35.53171920776367,32544600
2023-05-16,35.36513555537671,35.518210235334536,34.604255057512596,34.65828323364258,44511200
2023-05-17,35.0139518977825,35.51370128257078,34.75732411383228,35.324607849121094,46200600
2023-05-18,35.11301524549121,35.62627100962776,34.89240615545314,35.58124923706055,33154200
2023-05-19,35.909905096198536,36.13501733375129,35.65327728278601,35.85587692260742,36122200
2023-05-22,35.720804462055696,36.07198240117931,35.65327354582018,35.707298278808594,26943600
2023-05-23,36.04947815851779,36.499702690751036,35.95493141894168,36.09000015258789,42803800
2023-05-24,36.37363615736935,36.52671083182321,35.94142106869115,36.24757385253906,33474200
2023-05-25,35.725303577079465,35.801840896675,35.27057599517409,35.60374450683594,38251000
2023-05-26,35.81985773619015,35.918907669186574,35.27958974613345,35.46417999267578,28785800
2023-05-30,34.847377935792764,35.14002455574885,34.712309208139054,35.09950256347656,40331600
2023-05-31,34.55022325815377,34.81585746926081,34.3656330202129,34.482688903808594,44797600
2023-06-01,34.56373323266617,35.302104570227264,34.329618004859235,34.91040802001953,51623600
2023-06-02,35.56323259040257,36.14402261244881,35.32011094617807,35.972938537597656,55278800
2023-06-05,36.49969021944987,36.49969021944987,35.67127901196571,35.734310150146484,37826200
2023-06-06,35.261576747130036,36.05397269508232,35.22555796882771,36.022457122802734,34750800
2023-06-07,36.198053626051525,37.02196535688611,36.17554102512312,36.9769401550293,60654200
2023-06-08,37.026461682170456,37.15252399177635,36.20705323479186,36.819358825683594,46155200
2023-06-09,36.80134668306693,36.98143715544692,36.51770650765299,36.616756439208984,38387000
2023-06-12,36.067483169039775,36.630263765941606,36.01795820171721,36.26558303833008,36387000
2023-06-13,36.666283849462125,37.15252369188275,36.418659004063436,36.436668395996094,40136400
2023-06-14,36.79685265493059,36.958930326935985,35.79285043328961,36.062984466552734,47605400
2023-06-15,36.126010345133516,36.73381268985459,36.1170073671485,36.45917892456055,46777000
2023-06-16,36.594240988018505,36.69779411791625,36.30159442259249,36.405147552490234,47461800
2023-06-20,36.16262020750885,36.203495656829844,35.32236567604463,35.59033966064453,42552000
2023-06-21,35.44499698124369,36.176243343419955,35.390492919987395,35.8719367980957,34473800
2023-06-22,35.54491792029844,35.58579336568728,35.25877594179483,35.3904914855957,33507400
2023-06-23,35.00897387136296,35.231526050945554,34.845465157532146,35.136146545410156,34905200
2023-06-26,35.199737427726625,35.96731990759394,35.11798306025439,35.76747512817383,32488600
2023-06-27,35.731133696433055,36.00364705852106,35.5222066699924,35.84922409057617,28388400
2023-06-28,35.81288077308317,36.25798849734778,35.494949159461804,36.21257019042969,32903200
2023-06-29,36.348829235057096,36.630428314208984,36.15352737447653,36.630428314208984,28435800
2023-06-30,36.8802366299821,37.052831094580505,36.60772324901093,36.86661148071289,35970600
2023-07-03,36.95745043360267,37.22996380608746,36.816649143415695,36.95290756225586,19539800
2023-07-05,37.107338556001835,37.11642430065914,36.53960079679008,36.748531341552734,32557400
2023-07-06,36.3488300249629,36.603175350243404,35.64937691524636,35.92189025878906,41967800
2023-07-07,35.74476018802668,37.034661899336974,35.71750989035245,36.69401931762695,48916000
2023-07-10,36.59863793614261,37.05282802182759,36.571384174668665,36.98015594482422,30925000
2023-07-11,37.148206596247384,37.85219913236017,37.07553452105895,37.793155670166016,39642000
2023-07-12,38.10200439290393,38.356349721224284,37.906702525745025,38.14288330078125,43077600
2023-07-13,38.14289167891927,38.37906904063696,37.643279723984975,37.99755096435547,53226400
2023-07-14,37.75228213958781,37.78861471382765,36.902945410064284,36.99378204345703,43988200
2023-07-17,36.8620647889539,37.08007406456494,36.753056685953425,36.92110824584961,32445800
2023-07-18,36.83481562262217,37.679609467619926,36.775772158365804,37.293548583984375,43209400
2023-07-19,37.29354922617158,37.76590734394259,37.21179486991899,37.511558532714844,37521000
2023-07-20,37.8204099978913,38.029340503735014,37.6341938494597,37.952125549316406,35449800
2023-07-21,38.092928993577296,38.30639545255966,37.84766589761909,38.288230895996094,31529000
2023-07-24,38.48352881780616,39.18752139588628,38.46990020399943,38.90592575073242,44539600
2023-07-25,38.88776121614132,39.337408486589425,38.65158040172712,39.110313415527344,33606600
2023-07-26,38.78783598916572,39.2783621383749,38.73333192863286,39.12393569946289,32788000
2023-07-27,39.337406106469096,39.496371953555126,38.76512559176381,38.87413024902344,35550600
2023-07-28,38.84688112978711,39.00130757535348,38.42448417174373,38.99222183227539,34627800
2023-07-31,39.33285829163233,39.846095274399694,39.2193107772424,39.732547760009766,36266400
2023-08-01,39.57357979379529,39.65987701648585,39.119389721015935,39.546329498291016,35766000
2023-08-02,39.27835125637828,39.478192492575396,38.69698516734742,39.02854537963867,45920000
2023-08-03,39.13302085192357,39.77796996512176,38.919550949550604,39.423702239990234,41630600
2023-08-04,39.70530170738256,40.07773748826688,39.432788312988436,39.478206634521484,43208200
2023-08-07,39.70075793078204,39.78250882142527,39.405533675520466,39.52362060546875,26821600
2023-08-08,38.883213565867784,39.73708968065264,38.5925321878476,39.71892166137695,37237200
2023-08-09,40.10498123947988,40.586421564871245,39.85517533562873,40.218528747558594,52085600
2023-08-10,40.277579411195816,40.73631239616994,39.941479697398755,40.213993072509766,39226600
2023-08-11,40.195809871248244,40.87709478432024,40.186727597092755,40.8316764831543,46689200
2023-08-14,40.71814651444978,40.82715117718034,40.386586189433146,40.65909957885742,30189400
2023-08-15,40.37749908465206,40.42291739992751,39.74163227520964,39.81430435180664,44982400
2023-08-16,39.85517706208966,40.286656225401764,39.441862451485456,39.4691162109375,37995400
2023-08-17,40.02322926381385,40.48650159950781,39.88242798913042,39.94147491455078,40464200
2023-08-18,39.70983550570187,40.386577697942634,39.58266284838898,40.33661651611328,35307200
2023-08-21,40.50013329570245,40.66364202066786,39.805222947197294,40.082279205322266,30488400
2023-08-22,40.13224049206192,40.273038324650194,39.75071897784155,39.77342987060547,25732800
2023-08-23,39.34195083162697,39.70984373296021,39.001308229593754,39.67350769042969,38798600
2023-08-24,39.314688501863465,39.81883972025173,39.28743820850031,39.40098571777344,33455000
2023-08-25,39.63716815796811,39.98235360122406,39.291986179907596,39.782508850097656,38036800
2023-08-28,39.88697118904094,40.35024352855686,39.81884198656047,40.050479888916016,25718200
2023-08-29,40.19582090026167,40.20036377118303,39.75979885208226,40.15948486328125,27019400
2023-08-30,40.34116501829275,40.4320016532839,40.18219917446048,40.35933303833008,27890200
2023-08-31,40.50921468403701,40.57734042445251,40.09590004447451,40.38658142089844,29617400
2023-09-01,40.83169301705584,41.25862937912741,40.82260727402702,41.21321105957031,35764200
2023-09-05,41.444842340763785,41.85361408154733,41.403966899282985,41.431217193603516,48737400
2023-09-06,41.34946803273959,41.671942595035745,41.14508040410983,41.44939041137695,40324200
2023-09-07,41.53113773553017,41.74460760551838,41.33583588268936,41.408504486083984,30729200
2023-09-08,41.60380561632504,42.107956821525285,41.58109819418141,41.80819320678711,34739000
2023-09-11,42.11250070140875,42.239673357084904,41.09057312018896,41.25862121582031,44095000
2023-09-12,41.70373248550421,42.27601294940277,41.62652100451658,42.230594635009766,53599400
2023-09-13,42.27147310634204,42.35777033550697,41.694653195322836,41.912662506103516,36315400
2023-09-14,42.34868274018722,42.5530703584475,42.2215100702628,42.4031867980957,37099800
2023-09-15,42.0125797734399,42.42589438369388,41.7900276184082,41.7900276184082,49612800
2023-09-18,42.22194246627604,42.345480665325645,41.83303276595629,42.144161224365234,33746600
2023-09-19,42.45987390807881,42.51935307625777,41.503609877906115,41.75068283081055,36264400
2023-09-20,41.544784177573376,42.016051529455076,41.334311941829576,41.36176681518555,35930400
2023-09-21,41.645450446626974,41.74153729037969,40.725794000574965,40.79442596435547,43446200
2023-09-22,41.10096835796997,41.375492657168586,40.826444058771344,40.86304473876953,42067400
2023-09-25,40.75324267911634,41.43955528973855,40.75324267911634,41.3754997253418,35073800
2023-09-26,41.01861523419002,41.384646509823185,40.95455967368506,41.137577056884766,33460000
2023-09-27,41.650020000687604,42.28142977483845,41.46700262425597,42.16246795654297,46289400
2023-09-28,41.97945438167913,42.455298207186324,41.8833710357738,42.20822525024414,48462800
2023-09-29,42.14416525683733,42.30888054415341,41.201630494457795,41.35719299316406,48369200
2023-10-02,41.30228914917372,41.412101674317014,40.25452169186996,40.53361892700195,50599800
2023-10-03,40.43753640855873,40.58394962096332,40.10810929872314,40.506168365478516,41466600
2023-10-04,39.902217725027114,39.97084968933787,38.84987373840683,39.23420715332031,59572400
2023-10-05,38.6714255421999,39.33486314616397,38.6714255421999,38.99170684814453,47037000
2023-10-06,38.991704633071194,39.581933851026356,38.55246501545098,39.22505187988281,51481000
2023-10-09,40.27739668320012,40.70291061852317,39.989146658923055,40.53361892700195,61489000
2023-10-10,40.57022816275839,40.85390531861492,40.341457276322494,40.583953857421875,41700600
2023-10-11,40.167587356611826,40.20876443516631,39.600236610563876,40.06235122680664,47145400
2023-10-12,40.48786549199841,40.524469667080915,39.920514741284684,40.10810852050781,39986400
2023-10-13,40.7623828977944,41.18789676122373,40.588518331842614,40.991153717041016,48511800
2023-10-16,41.2565332465501,41.38922075521087,40.87219990347701,41.26568603515625,38365200
2023-10-17,41.17418058392976,41.8238925136887,41.11470141385856,41.695777893066406,40424000
2023-10-18,41.86506605491024,42.249399411977706,41.76898271564337,42.07553482055664,47616800
2023-10-19,41.92912243015436,42.35005996963652,41.531059881933416,42.0023307800293,63297000
2023-10-20,41.929120513762946,42.084686504753854,41.15587393469018,41.29771423339844,46549600
2023-10-23,41.05979804732878,41.06437444250865,40.44211734718255,40.62971115112305,51888200
2023-10-24,40.73036465320166,40.762392435759715,40.044052034871974,40.05778121948242,44271600
2023-10-25,40.08522928375931,40.29112165588137,39.78325008116301,39.98456954956055,41412600
2023-10-26,39.618532767088354,39.85645639774804,39.27995289812837,39.673439025878906,44770400
2023-10-27,39.632262647872444,39.78324875336511,38.589064657075156,38.72175216674805,53809400
2023-10-30,38.85901807279533,39.138118798768396,38.47468121622329,38.84986877441406,45530600
2023-10-31,38.89562391535562,39.060339219410004,38.506714138303046,38.97798156738281,37205600
2023-11-01,39.225050341531485,39.43551909854733,38.831564211660016,38.88646697998047,46082600
2023-11-02,38.98255250611672,40.098955401588114,38.75835804442108,40.06235122680664,45323000
2023-11-03,39.98914047336062,40.11725157544518,39.417213417079054,39.65970993041992,47235000
2023-11-06,39.975423975001725,39.975423975001725,39.0969411615615,39.211326599121094,41035400
2023-11-07,38.69888105119577,38.76751301007277,38.17270735416067,38.34199905395508,47550200
2023-11-08,38.19558306083504,38.44722890406931,37.84785038769791,37.861576080322266,50742000
2023-11-09,38.140686255232005,38.22762031776012,37.72432152498372,37.74720001220703,38232200
2023-11-10,38.172700627780145,38.25505826576709,37.80209300222182,38.163551330566406,34565600
2023-11-13,38.223034672883664,38.5158610864947,38.10407285148974,38.438079833984375,28447400
2023-11-14,38.584495469619306,38.89104759523309,38.52043990578259,38.7812385559082,34724000
2023-11-15,38.72175639443005,39.19760022531719,38.65312792569777,38.708030700683594,33043600
2023-11-16,38.3419962802431,38.488409486231305,37.56874968164836,37.95308303833008,53166000
2023-11-17,38.277950469350955,39.00544029010256,38.186440010573754,38.74921798706055,48850800
2023-11-20,38.90934761041827,39.13811846643618,38.79496218240932,38.80411148071289,29093800
2023-11-21,38.62109120527423,38.78580298287887,38.3465634308133,38.7171745300293,26973800
2023-11-22,37.943930970844946,38.730903204632035,37.72888582663964,38.698875427246094,36547200
2023-11-24,38.68514803285545,39.14726258754566,38.66226955397283,38.859012603759766,19152600
2023-11-27,38.657696609080595,38.79038411875349,38.36029381090108,38.72175216674805,24501800
2023-11-28,38.79953557513704,39.0877855747427,38.65769528165867,38.73090362548828,28921800
2023-11-29,38.97340372508301,39.02373359338399,38.31911892793654,38.44265365600586,45268000
2023-11-30,38.77208027951428,39.25250043106935,38.23675736144955,38.698875427246094,58364600
2023-12-01,38.653130405317924,39.36231805692254,38.47926229799849,38.90019989013672,43048000
2023-12-04,38.61651953233698,38.964252195936076,38.438078551582485,38.72175216674805,37070200
2023-12-05,38.69888635530336,38.77209122824364,38.021722954079465,38.04460144042969,37747200
2023-12-06,37.79751930291492,38.06289432098832,37.33082482412845,37.47724151611328,62306600
2023-12-07,37.6511023787413,37.838692637957244,37.08832461956201,37.221012115478516,40908800
2023-12-08,37.468091226336504,37.73804265672979,37.39030997160666,37.6236572265625,34127200
2023-12-11,37.65568501246708,37.792945434226596,37.48181692449887,37.669410705566406,29344200
2023-12-12,37.32167740221217,37.36285797159433,36.94191694251176,37.15238571166992,45386600
2023-12-13,37.17526480939302,37.683136398665724,37.001400212191115,37.669410705566406,46445600
2023-12-14,38.04917125715833,38.826990787844395,38.04917125715833,38.77666091918945,60717400
2023-12-15,38.42893375053811,38.64397894916245,38.25049273269382,38.57077407836914,46366400
2023-12-18,39.25535372319558,39.453986500483886,38.84884746774336,38.88580322265625,42447200
2023-12-19,38.9597185982104,39.39393999006462,38.87195306901306,39.35236740112305,36862400
2023-12-20,39.490939527243256,39.72190771366299,38.941237640084786,38.987430572509766,39818200
2023-12-21,39.06596198750042,39.19992396909217,38.77494331843258,39.13987350463867,26062800
2023-12-22,39.42164586156816,39.597183927641986,39.195298040061736,39.25535202026367,25037800
2023-12-26,39.58794709315909,39.80505775968749,39.46784616961589,39.592567443847656,25983400
2023-12-27,39.59257254540625,39.72653453827635,39.273835268429266,39.41703796386719,20238200
2023-12-28,39.213778626316646,39.36621847603156,38.80265553414842,38.81651306152344,26198000
2023-12-29,38.950479357031476,38.98743511699707,38.61326421486218,38.7287483215332,24345400
2024-01-02,39.001293933801065,39.504802963851766,38.94586029202217,39.144493103027344,39301800
2024-01-03,39.204546617708274,39.9251663305651,39.00591380912654,39.78196716308594,37936000
2024-01-04,40.06836156804636,40.239279301460456,39.0613400947069,39.08443832397461,42049000
2024-01-05,39.458603622770845,39.47708150036597,38.93661679681409,39.11677169799805,34029200
2024-01-08,38.45158363029569,38.71027040194328,37.92497643430209,38.6640739440918,47218600
2024-01-09,38.714884579060936,38.75646068342326,37.96192959315792,38.04507827758789,33750400
2024-01-10,38.118989030399696,38.13285008239048,37.51847384304481,37.67091369628906,33159800
2024-01-11,37.87416484726533,37.97117106936949,37.61548158832091,37.767921447753906,38588600
2024-01-12,38.34996212571481,38.502401998445414,37.96193720345008,38.19290542602539,38769200
2024-01-16,38.10974528730565,38.1605585629656,37.25978417498338,37.28287887573242,36031200
2024-01-17,36.899477158626304,37.34293566523367,36.816328468368994,36.973388671875,39284200
2024-01-18,36.98262916673484,37.01496457560834,36.4837405047287,36.9133415222168,35705600
2024-01-19,36.894857033026405,37.038056171771814,36.76551189640761,37.0334358215332,39940200
2024-01-22,36.95491688729051,37.25517629185885,36.71471147821315,37.172027587890625,30136800
2024-01-23,37.11196699300396,37.550808667581286,37.05653688307895,37.25054931640625,24709200
2024-01-24,37.4445613247285,37.800254306086224,37.269026771466855,37.781776428222656,33841000
2024-01-25,38.04970699013561,38.645605438795776,37.823355590150705,38.631744384765625,37609400
2024-01-26,38.59016978370167,38.93200175508647,38.30838827946837,38.91814422607422,36469600
2024-01-29,38.858096033029994,38.91814650369585,38.45621004667869,38.86271286010742,29680600
2024-01-30,38.47930454082157,39.273832209291186,38.33148502990919,39.26459503173828,35341200
2024-01-31,39.26459033601531,39.33850184477986,38.511635343023706,38.530113220214844,38580800
2024-02-01,38.76108215524326,38.94123705600492,38.16980064646972,38.52549362182617,51101400
2024-02-02,38.84884893458543,38.88580469089368,38.25757093083303,38.58092498779297,38075000
2024-02-05,38.345342243100475,38.71488925519536,38.06818110295554,38.48392105102539,31593600
2024-02-06,38.67331720894732,38.98743411196691,38.44696935250964,38.608646392822266,28056200
2024-02-07,38.71950734175616,38.88580472097704,38.37305505576182,38.687171936035156,26920400
2024-02-08,38.66407451650817,39.227637477408464,38.654837339378076,39.08443832397461,36201000
2024-02-09,39.158347784286285,39.32464517323227,38.44234846593645,38.48392105102539,38073400
2024-02-12,38.6178790517939,39.019764954371205,38.6178790517939,38.90890121459961,25893800
2024-02-13,38.94585926034009,39.07982124786889,38.26681214479197,38.516258239746094,41156800
2024-02-14,38.798035154911105,38.91813959923058,38.27604831983374,38.47930145263672,40894600
2024-02-15,38.47005818031028,39.66185479415287,38.437722777188725,39.55099105834961,43364400
2024-02-16,39.71267214256915,39.8420137683066,39.41241278322436,39.527896881103516,26960800
2024-02-20,39.56947321190325,39.592567917032206,39.11677399497673,39.16758728027344,28995600
2024-02-21,39.33388547423587,39.939021035221096,39.30616689349723,39.90206527709961,28745800
2024-02-22,39.64800515736904,40.13765665187382,39.45860952690116,39.97135925292969,35206800
2024-02-23,39.583336110918616,39.83739904758102,39.32926964996073,39.70805740356445,28952400
2024-02-26,39.6618586506312,40.10993751195174,39.46322586234359,39.84663391113281,23376400
2024-02-27,39.883590201371454,40.05450795147545,39.47246705518444,39.67572021484375,26317400
2024-02-28,39.72653249185706,40.02679187252665,39.44013064002994,39.597190856933594,26679600
2024-02-29,39.680338792259974,39.92054417760559,39.56947503935393,39.791202545166016,27335400
2024-03-01,40.07760492438977,40.437914769346676,40.008313756291464,40.25313949584961,32459600
2024-03-04,40.23003867527857,40.33628559609578,39.78658016200999,39.82353591918945,33198000
2024-03-05,39.763485485975046,40.37786173342517,39.71267220089,40.11917495727539,32174200
2024-03-06,40.45639445426904,40.668884794768545,40.156135061975796,40.24390411376953,28008800
2024-03-07,40.29932588803045,40.81207551466757,40.26699048474229,40.58572769165039,24569200
2024-03-08,40.53029483849862,40.73816831301829,40.428668276417184,40.72892761230469,28252000
2024-03-11,40.73817646492644,41.16315715113069,40.43329671767421,41.14929962158203,24983800
2024-03-12,41.144675708418085,41.26015981038673,40.86751456855235,41.084625244140625,23780600
2024-03-13,41.51422223715235,41.966917899566404,41.444931077800675,41.740570068359375,42725200
2024-03-14,41.906873833452586,42.188655339982134,41.74519678650005,42.1701774597168,35946000
2024-03-15,42.13783848957843,42.599774884291115,42.04083226960417,42.29489517211914,37753400
2024-03-18,42.464405045023675,42.59013425332516,42.110495211884775,42.44112014770508,30496800
2024-03-19,42.436456867299434,42.958007944651214,42.40851783641889,42.925411224365234,28545800
2024-03-20,42.67860349826371,43.018540188851425,42.613410063006455,42.864871978759766,32659400
2024-03-21,42.93938374886873,43.20947290889451,42.80433916885583,43.120994567871094,23334200
2024-03-22,43.13961840954468,43.24672394836594,42.9207531953096,43.02785873413086,17948800
2024-03-25,43.176875149332666,43.717049903634404,43.16755977009272,43.42833709716797,35074400
2024-03-26,43.47025072927234,43.568040906071055,43.009238880713646,43.09305953979492,35373800
2024-03-27,42.9999182072643,43.502842099843996,42.92541293768371,43.4935302734375,33960000
2024-03-28,43.749648459919065,44.043022521083365,43.54009860432431,43.96385955810547,34615200
2024-04-01,44.094245106490185,44.42021232809508,43.661172339057245,44.289825439453125,42899000
2024-04-02,44.48074204166274,44.95572684609345,44.28516173526222,44.90916061401367,38671200
2024-04-03,45.07680824208791,45.27704626573842,44.92779414677424,45.21650695800781,29148800
2024-04-04,45.2863544596696,45.44933805822375,45.011611186789175,45.18856430053711,36941200
2024-04-05,45.37483482651421,45.854473817802315,45.100087988544345,45.6728630065918,31194600
2024-04-08,45.6961453467548,45.826535787065744,45.30498468415063,45.38414764404297,34034600
2024-04-09,45.57972788022781,45.70080294101862,45.06749215764911,45.39811706542969,35322800
2024-04-10,45.27238744700918,45.70546020583557,45.07680711793306,45.537818908691406,39199600
2024-04-11,45.68217927413595,45.70080648129876,44.86259992285438,45.505226135253906,39204600
2024-04-12,45.79393394171879,46.0873079813857,44.55059731037421,44.76480484008789,46572400
2024-04-15,44.97901804448753,45.19322915400283,44.2898291319849,44.34571075439453,48690800
2024-04-16,44.26188770038016,44.46677986590074,43.64720409826569,43.95920181274414,36497600
2024-04-17,43.86606229669614,44.303792731830114,43.52146788647157,43.833465576171875,27421000
2024-04-18,43.98248013996585,44.1082128867623,43.54475325286354,43.698421478271484,25555600
2024-04-19,43.782240337184646,44.522656613703305,43.71704689809194,44.22462844848633,35451400
2024-04-22,43.99179626811213,44.816029683067946,43.64254415871496,44.513343811035156,30244400
2024-04-23,44.30845472952448,44.760154724121094,44.094247180568885,44.760154724121094,28657400
2024-04-24,44.48074625226059,44.843971423528,44.26653872219588,44.792747497558594,21303800
2024-04-25,44.741530216677425,45.132690924602024,44.35502364614957,44.99764633178711,26500200
2024-04-26,44.592510111760554,44.760151407700626,44.126840634766154,44.583194732666016,32366600
2024-04-29,44.45280299347832,44.98366585506167,44.424863964797865,44.8858757019043,22236400
2024-04-30,44.70427374190244,44.7834367073207,43.53078811939915,43.54941177368164,35399000
2024-05-01,43.48887493053337,43.62857720360266,42.62272936416708,42.85556411743164,50943800
2024-05-02,43.14427950319531,43.39574145729992,42.897475238826786,43.10236740112305,34616800
2024-05-03,43.1396218691265,43.18618810821864,42.538907792341924,43.107025146484375,38087800
2024-05-06,43.24207614754985,43.88469886910362,43.24207614754985,43.44697189331055,33445600
2024-05-07,43.50749621630008,43.72636142302817,43.39107885551075,43.40504837036133,20942200
2024-05-08,43.153586612033486,43.56337799737731,43.088393173960775,43.353824615478516,19811800
2024-05-09,43.400392493390065,43.9359130859375,43.400392493390065,43.9359130859375,22489400
2024-05-10,44.02905013694426,44.17340653682912,43.57735017924192,43.69376754760742,20568400
2024-05-13,43.79621200576589,43.95919559829024,43.391078316254614,43.57734680175781,20978000
2024-05-14,43.49352578895391,43.66582120553078,43.31656913049011,43.63322448730469,24911600
2024-05-15,43.54009569198793,43.81018483878631,42.89747309874195,43.731021881103516,38792200
2024-05-16,43.633228546759725,43.949883933034606,43.49352983541196,43.609947204589844,24580200
2024-05-17,43.689111581358425,44.28982565215199,43.67514206504774,44.219974517822266,29001600
2024-05-20,44.23859504944954,44.33638520164681,43.824149548471496,43.931251525878906,20134600
2024-05-21,43.819496497052164,44.17806397916638,43.68445192417061,43.71704864501953,22467600
2024-05-22,43.540095002862685,43.55872220780666,42.706546233694,42.87884521484375,34868000
2024-05-23,43.0930502183351,43.242064296382274,42.41317326519638,42.48767852783203,26931400
2024-05-24,42.81831486375083,42.93007811678403,42.42715413646506,42.5482292175293,19041400
2024-05-28,42.69724144240814,43.09771753274595,42.59013588452757,42.98595428466797,28904200
2024-05-29,42.864878119898094,42.90212897911353,42.03598344057589,42.22690963745117,30053600
2024-05-30,42.1337729807283,42.50164871613154,42.11979991303529,42.34798049926758,22731400
2024-05-31,42.42248550619003,43.4329873438678,42.380576961692526,43.400390625,32503000
2024-06-03,43.25603870714439,43.27000822342127,41.952162712066546,42.264163970947266,40796600
2024-06-04,41.826431142158214,41.896282272359834,41.304880063132316,41.85902786254883,34721400
2024-06-05,41.91025173182932,41.975445172523415,41.59825404382529,41.8543701171875,21040200
2024-06-06,41.71001295156839,42.08720407331443,41.55168704216545,42.07323455810547,25506600
2024-06-07,41.994068383948004,42.39454436885735,41.70069792872285,41.90559005737305,20089800
2024-06-10,42.06392977089108,42.47371768095425,41.905600282218465,42.22225570678711,22543800
2024-06-11,42.03597608102499,42.18499015012653,41.649473170801876,42.138423919677734,18591200
2024-06-12,42.48767760077324,42.501647115164126,41.47717579504021,41.68672561645508,32560600
2024-06-13,41.57497504415659,41.69139242658434,41.09533599699847,41.30488586425781,28495600
2024-06-14,41.25832095785215,41.30488720177583,40.82524813908624,40.9975471496582,25811400
2024-06-17,40.94166116263656,41.29091328401369,40.79264706629337,41.104644775390625,29547800
2024-06-18,41.370071860140825,41.798490450392755,41.1744915455682,41.276939392089844,29285800
2024-06-20,41.39801910054927,42.25019513492188,41.26763220949744,42.03598403930664,34073800
2024-06-21,42.14774062917153,42.26415798535978,41.73329512536342,41.79383087158203,39972600
2024-06-24,42.026190436675435,43.011948696403564,41.95577836498627,42.84765625,31188200
2024-06-25,42.810106594002356,42.95093075029664,42.57540205438325,42.94623565673828,27666600
2024-06-26,42.993170773092444,42.993170773092444,42.32191930707726,42.52376174926758,23127400
2024-06-27,42.74908384377506,42.79602403449404,42.38294534233726,42.622344970703125,15631600
2024-06-28,42.950928806576066,43.101139561882306,42.631730503886935,42.78663635253906,25670000
2024-07-01,43.12930267066985,43.27012681964865,42.556626632046346,42.81010437011719,24563200
2024-07-02,43.223189159556796,43.23257576542808,42.50499383661604,42.77724838256836,25226800
2024-07-03,42.81479703619724,43.16215871433047,42.73969345395799,42.96500778198242,16280000
2024-07-05,42.88051588859535,42.91337437875676,42.10599024186859,42.29375457763672,23450400
2024-07-08,41.98864353465833,42.42519415101827,41.87129125694123,42.035587310791016,19595000
2024-07-09,41.61780895579495,42.12476801852357,41.49576159749597,41.66474914550781,19086600
2024-07-10,41.61781094898961,41.960477573481015,41.49106849125722,41.94639587402344,19320800
2024-07-11,41.83842600008237,42.472131062374764,41.69291034525121,42.38294219970703,22684800
2024-07-12,42.62235095741786,42.68337285579293,42.17641012968347,42.49091339111328,18117200
2024-07-15,42.79132847315279,43.523605406735754,42.627032449222604,43.133995056152344,30792000
2024-07-16,42.95092929411324,43.36870307396672,42.73030646134201,43.32645797729492,24129400
2024-07-17,43.42503980079846,44.03996461765352,43.415649612626986,43.75831985473633,29435400
2024-07-18,43.71137300687032,44.36385131451808,43.55646715737805,43.838111877441406,32867600
2024-07-19,43.76769368369187,44.06811515393696,43.246649412824766,43.359310150146484,26500200
2024-07-22,43.12930029988616,43.335841418686506,42.84296050566085,43.08705520629883,21527600
2024-07-23,42.965011403189,43.00256498812708,42.35008667038259,42.4017219543457,33103800
2024-07-24,42.51437587038302,42.7866339683631,42.11537890958142,42.406410217285156,29328600
2024-07-25,42.43457739736187,43.2748199981272,42.23273136945393,43.13869094848633,36437400
2024-07-26,43.02603600719216,43.45789148135854,42.87113015842371,43.27482223510742,23730800
2024-07-29,43.27950912763605,43.31236761496091,42.50029203622928,42.90398406982422,27156600
2024-07-30,42.899293909015576,43.70667806902867,42.84765862566774,43.57054901123047,25673200
2024-07-31,44.16200348842572,44.19016688490048,43.72075784335166,43.75361633300781,36173800
2024-08-01,43.65504272805765,43.87566556001501,42.37355441413639,42.59417724609375,42558400
2024-08-02,42.10599537504159,42.336008415519345,41.07799186820604,41.495765686035156,45836200
2024-08-05,40.60388570504698,40.923084024940096,40.120394922261916,40.580413818359375,50039200
2024-08-06,40.73062169257924,41.28921960809543,40.571024334607095,40.829200744628906,31418600
2024-08-07,41.32677980493457,41.74924873380009,40.97002786708063,40.993499755859375,26126000
2024-08-08,41.11084866989627,41.93231457156525,41.11084866989627,41.87598419189453,21596800
2024-08-09,41.81495804923424,42.148238037132366,41.54739504028466,41.96986389160156,22345600
2024-08-12,42.21395662971946,42.4486611581664,41.07329247821504,42.1764030456543,28785800
2024-08-13,41.85720209506321,41.89475567675205,41.5614756972036,41.76801681518555,31386400
2024-08-14,41.84781540619592,42.19987217588129,41.68352296327075,42.012107849121094,21657600
2024-08-15,42.251505880414584,42.65050282159135,42.21395230020096,42.514373779296875,18335200
2024-08-16,42.25151000877398,42.5707083091653,42.21865151820312,42.467437744140625,17753000
2024-08-19,42.53784881999535,43.11521993808737,42.53784881999535,42.75377655029297,21762600
2024-08-20,42.65989189748585,42.69744547987513,41.608416659733095,41.627193450927734,33866400
2024-08-21,41.89006480602112,42.101301038332394,41.580256679127764,41.697608947753906,22737800
2024-08-22,41.725770016371975,41.99333303064743,41.641276244426734,41.80556869506836,19595400
2024-08-23,42.002725469681685,42.5002979415394,41.95109018509565,42.42988586425781,20734600
2024-08-26,42.899293236557554,43.185633046522746,42.495601162878984,42.81010437011719,19514800
2024-08-27,42.81010307793995,42.92745533811118,42.33600252538908,42.41110610961914,16627200
2024-08-28,42.152932630373364,42.40171884505762,41.95108660276613,42.13884735107422,17049000
2024-08-29,42.387635462876446,42.84765429178271,41.988634935308475,42.68805694580078,22498800
2024-08-30,42.25619986164043,42.86173794807649,42.157624393798294,42.84765625,28085000
2024-09-03,42.14824301278299,42.213959999489504,41.51923296405427,41.7821044921875,38194200
2024-09-04,41.82435086776358,42.09191391646296,41.12493229858576,41.20473098754883,30114000
2024-09-05,41.50045687066877,41.53331536174083,40.84797497999736,40.885528564453125,24991200
2024-09-06,40.97471769421315,41.22350392553628,40.20958220789579,40.37387466430664,35912000
2024-09-09,40.49591800011762,41.040434228337425,40.43489611163378,40.6649055480957,32824400
2024-09-10,40.725932426032486,40.777567710883744,39.62282181397813,39.96548843383789,49326800
2024-09-11,39.96079258248493,39.97956937492085,38.97033916465882,39.59465408325195,48125800
2024-09-12,39.74955853658122,40.106310417700115,39.45383212405908,39.9514045715332,31762000
2024-09-13,40.15325136134704,40.47714475827473,40.05936740070507,40.176719665527344,26195400
2024-09-16,40.51469428144778,40.8902229569548,40.331625036997494,40.636741638183594,26875000
2024-09-17,40.65081764371103,41.21411057808338,40.56163237128117,41.185943603515625,25034600
2024-09-18,41.12493054059785,41.77271379362438,41.06860016069275,41.26575469970703,28209600
2024-09-19,41.9651699741578,42.22803789731659,41.5286194124509,41.758628845214844,37806800
2024-09-20,41.58494688355834,41.763324618296906,41.20472669118515,41.66474914550781,27961600
2024-09-23,41.74378142541409,42.38745002157357,41.60179793592365,42.17920684814453,26630200
2024-09-24,42.66196160517935,42.66196160517935,42.01355906502596,42.07508850097656,34627400
2024-09-25,41.96623414070069,42.094023277399394,41.166383915799116,41.2515754699707,27633600
2024-09-26,40.43278517576804,40.977064287105584,40.30972992021503,40.4422492980957,46896400
2024-09-27,40.6599650073021,41.32729578261093,40.636299284475136,41.265769958496094,30489600
2024-09-30,41.190045752580964,41.63020151102523,40.95340294935034,41.55447769165039,22806600
2024-10-01,41.18057436979687,42.6714244895145,41.12851267339313,42.501041412353516,66114200
2024-10-02,43.09738540184754,43.20624267818457,42.4584505666729,42.93647003173828,41925200
2024-10-03,43.08792436943224,43.750524976391056,42.76135612787848,43.693729400634766,44726000
2024-10-04,44.06288244549447,44.23799939280233,43.66059046420665,44.100746154785156,35945600
2024-10-07,44.25693130493164,44.588229734450266,44.1102103339602,44.25693130493164,32519400
2024-10-08,43.68425459012715,43.731582419571325,42.89386503379358,43.10211181640625,39759800
2024-10-09,42.78028013383884,43.47601046289521,42.69508859128332,43.362422943115234,31519600
2024-10-10,43.60379919819314,43.897237557796345,43.28669872611248,43.655860900878906,26047400
2024-10-11,43.641661857755075,44.081817581093816,43.556470310951376,43.92563247680664,26414600
2024-10-14,43.61799926257265,43.97769369097423,43.55173596167522,43.906700134277344,22198600
2024-10-15,42.737691499388696,43.021662139704105,42.467918849456666,42.491580963134766,37839200
2024-10-16,42.73295496013499,42.8370783642789,42.58150372071177,42.695091247558594,19877000
2024-10-17,42.690358532772294,43.04059246723154,42.64303069621584,42.89860534667969,21433400
2024-10-18,42.8181441172804,42.94119937084184,42.45371222312443,42.756614685058594,24015200
2024-10-21,43.0405896903836,43.1778429351599,42.55310614462631,42.62882995605469,21162000
2024-10-22,42.78501746323848,42.927000971734664,42.57203678417054,42.72822189331055,17956400
2024-10-23,42.60989502969497,42.77554424045873,42.259664753954155,42.50577163696289,19813200
2024-10-24,42.59569707260651,42.723482575036265,42.21706720983055,42.501041412353516,17046600
2024-10-25,42.728219755645625,42.84180727893635,42.363791463433515,42.48684310913086,19104600
2024-10-28,41.58287060062032,42.24547112289296,41.545006888288775,42.217071533203125,24228000
2024-10-29,42.12240766469296,42.155537503814195,41.48347298970822,41.573394775390625,23791600
2024-10-30,41.72012582162771,41.99463233268287,41.559206842053726,41.66806411743164,19364200
2024-10-31,41.93310148157237,42.2454716962234,41.819513953918545,41.928367614746094,31623200
2024-11-01,42.49630983996898,42.647761071078094,41.57813472024872,41.663326263427734,26304600
2024-11-04,41.947299427613295,42.45844871784838,41.89050746928655,42.392189025878906,25811800
2024-11-05,42.60043128369312,42.785012350297855,42.411116350772815,42.67615509033203,20876600
2024-11-06,43.84990590925153,44.61662617144469,43.56593530803621,44.28059387207031,50053200
2024-11-07,44.25220054748465,44.25220054748465,43.74105126813189,44.077083587646484,26138000
2024-11-08,44.08181706301743,44.436781235380714,43.90670010473393,44.370521545410156,22336800
2024-11-11,44.37998793293251,44.77281583700861,44.17174472991777,44.62136459350586,20909400
2024-11-12,44.74915175693194,44.89113526035256,44.33739201415927,44.38471984863281,18500400
2024-11-13,44.51723632243419,44.91479804999133,43.98242496713117,44.73021697998047,23676200
2024-11-14,45.02838594022952,45.04731779511582,44.61662622093718,44.90060043334961,18011000
2024-11-15,44.858005068155556,45.2886966635627,44.67342398751886,44.83434295654297,28080400
2024-11-18,45.189306288563664,45.52060473203905,44.990523611596224,45.43067932128906,23892600
2024-11-19,45.06625159090767,45.41174802753668,44.92899834523235,45.14197540283203,23796400
2024-11-20,45.30762786818083,45.62946219072107,45.16564075701693,45.59632873535156,17917600
2024-11-21,45.804573289713694,46.31098866540837,45.69098577288106,45.965492248535156,33541000
2024-11-22,45.903968192379615,46.34412393387839,45.86137422266158,46.0364875793457,21555600
2024-11-25,46.02701648861412,46.25892538069747,45.018919638189736,45.12777328491211,32950600
2024-11-26,45.18930892438451,45.28396459636082,44.858006850702594,45.066253662109375,24932800
2024-11-27,45.02365115390085,45.402281022126836,44.962125334938996,45.0189208984375,15595600
2024-11-29,45.118315062301235,45.28869815942157,45.03785738057286,45.21297073364258,13636400
2024-12-02,45.198768617939,45.27449603680502,44.332655221789835,44.734947204589844,22190000
2024-12-03,45.02365170108386,45.10411298640511,44.53616817716377,44.73021697998047,17886600
2024-12-04,44.71128545814792,44.71128545814792,43.390818370704935,43.651126861572266,32518000
2024-12-05,43.812046192087344,44.11021480890305,43.63692922678657,43.821510314941406,22662400
2024-12-06,43.731585620400466,43.73631948695594,42.997991572235385,43.07844924926758,26206600
2024-12-09,43.43814954392025,43.670058464880306,42.96959783519781,43.00746154785156,23627800
2024-12-10,43.25356886235525,43.3150946878305,42.65249776461263,42.71402359008789,23299800
2024-12-11,42.8039545945713,42.94593812056398,42.57677589774698,42.7850227355957,23147600
2024-12-12,42.70929061663028,42.78501804422918,42.396924004991,42.439517974853516,21746200
2024-12-13,42.543640080699255,42.55783807021903,42.10821821797513,42.226539611816406,22346000
2024-12-16,42.108214620985265,42.108214620985265,41.26576694654055,41.29889678955078,25036200
2024-12-17,40.98652666216131,41.066984336604314,40.60790040019783,40.99126052856445,32011600
2024-12-18,40.87767396568149,41.071719162156874,39.7796516418457,39.7796516418457,39241200
2024-12-19,40.20087456366339,40.32866006953279,39.40575471913694,39.43415069580078,49981400
2024-12-20,39.429418671857974,39.95949979660599,39.32529527138227,39.82224655151367,35704800
2024-12-23,39.76020267364664,40.189733871872505,39.49294043527273,40.05610275268555,34445400
2024-12-24,40.17064753271563,40.47132122455239,39.90815884628348,40.39495849609375,15024200
2024-12-26,40.40927426056157,40.433138522709235,40.11337780051147,40.361549377441406,15386400
2024-12-27,40.328142988535696,40.79585559809384,40.15633049042661,40.35677719116211,20369800
2024-12-30,40.36154852483517,40.581085895490496,40.01792354774855,40.35200500488281,23545400
2024-12-31,40.4474548408622,40.99630008906173,40.366322177010346,40.88175964355469,21165000
2025-01-02,41.21583432687905,41.66445619600879,41.08220321041695,41.359012603759766,34887000
2025-01-03,41.60240812681483,41.88399108378432,41.43536924107426,41.74558639526367,22120800
2025-01-06,41.93649767720019,42.27057551350875,41.44969438295019,41.554691314697266,22835200
2025-01-07,41.86013153492341,42.28966274742108,41.607186387890074,41.96990203857422,25035800
2025-01-08,41.71218169855045,42.031942395035884,41.564229839247204,42.01285171508789,28483800
2025-01-10,42.55692484909787,43.048498041262235,41.96035473410712,42.18466567993164,34075800
2025-01-13,42.37557130923992,43.32530996800656,42.37557130923992,43.072364807128906,48896200
2025-01-14,42.995999495253535,43.57348256966238,42.93395751423957,43.535301208496094,31173000
2025-01-15,43.80255941843403,44.2941325643387,43.62120343136643,44.17959213256836,34657800
2025-01-16,44.03165017734583,44.54231407460868,43.97915171341622,44.499359130859375,25230600
2025-01-17,44.499358267224885,45.000478634581796,44.34186651966782,44.84298324584961,23899600
2025-01-21,44.728439668755,44.86207078638178,44.38004113393531,44.61389923095703,49302000
2025-01-22,44.47549166509159,44.527990120941745,43.77392470161647,43.80255889892578,35880200
2025-01-23,44.136644559184354,44.29890988111546,43.69279625231252,44.00300979614258,29359200
2025-01-24,44.065054118802,44.246410115821234,43.525752425656194,43.578250885009766,29156800
2025-01-27,43.430306291987634,43.50666901784752,42.82419263046928,43.12486267089844,31993400
2025-01-28,43.253718392808686,43.40644019690418,42.49965653324815,42.714420318603516,37401800
2025-01-29,42.6094211841349,43.02940885448138,42.54737920609501,42.80986785888672,20681800
2025-01-30,43.07236261674682,43.25371862220485,42.76214542645214,43.02941131591797,39092600
2025-01-31,42.910102323625075,43.005552097442646,41.726505465939695,41.82672882080078,44537400
2025-02-03,41.82195223802616,42.261030633128755,41.44014952898394,42.08921813964844,39816400
2025-02-04,41.89353770161001,43.06281727064264,41.82194856208966,42.972137451171875,40279800
2025-02-05,42.95781970231991,43.12485859789315,42.719191668308184,43.06281661987305,21772000
2025-02-06,43.25848874057918,43.36348565576878,42.04148433804489,42.27056884765625,41309600
2025-02-07,42.42806944895715,42.65238040610918,42.20853207249512,42.26580047607422,22568400
2025-02-10,42.64283423913961,43.26804224180093,42.64283423913961,43.19645309448242,25871400
2025-02-11,43.40167093563945,43.835972093593284,43.12486152352487,43.54484558105469,26226800
2025-02-12,43.186904394316336,43.48280449347605,42.418521765567455,42.4948844909668,38798800
2025-02-13,42.42806758795969,42.910097263600306,42.15125817888487,42.81464385986328,31550400
2025-02-14,42.976914304592434,43.587801544831684,42.976914304592434,42.98645782470703,25885800
2025-02-18,43.19167240333608,43.85983159968892,42.943500860152,43.57347869873047,29574800
2025-02-19,43.75483749452765,44.3275433332001,43.73097323409341,43.9171028137207,24531200
2025-02-20,43.82642383112922,44.39435605314986,43.64029426340842,44.317996978759766,28332200
2025-02-21,44.05073464354727,44.17004865542993,43.37302828876102,43.39689254760742,31276600
2025-02-24,43.473256297409705,43.64029884495082,43.177359846468434,43.40644073486328,26295200
2025-02-25,43.396891652064305,43.59733831400881,42.43283605806365,42.78123092651367,26608600
2025-02-26,42.833734255331954,42.94827469787849,42.3421610631791,42.53783416748047,24305600
2025-02-27,42.83373374315752,43.29189914904026,42.46624815884296,42.76691818237305,30048000
2025-02-28,42.62851882454905,43.46371708023471,42.361256547905775,43.4303092956543,26627200
2025-03-03,43.59734152847252,43.84551672542304,41.52605191997909,41.912628173828125,49501800
2025-03-04,41.29697177772219,42.17989487783077,40.77199077018536,41.50696563720703,50677000
2025-03-05,40.90562196944309,41.115615829273345,40.10383153511652,40.900848388671875,56510800
2025-03-06,40.70517594141878,41.27788184343585,40.385415206812176,41.02493667602539,47104200
2025-03-07,41.21106776440756,42.02717534278114,41.21106776440756,41.726505279541016,44849200
2025-03-10,41.95558380134609,42.61419588187726,41.64536662066168,42.03671646118164,40045400
2025-03-11,42.20853066088945,42.389886668116745,41.47832941027482,41.70263671875,30230200
2025-03-12,41.731277904127055,42.28011955031065,41.57378250458333,41.8935432434082,32240400
2025-03-13,41.74559006445514,42.34693374715038,41.35424022296219,41.60718536376953,30742000
2025-03-14,41.836264072112776,42.895769368078554,41.64536093765225,42.8385009765625,32023200
2025-03-17,42.80509675222514,43.72142750424502,42.80509675222514,43.52098083496094,29761600
2025-03-18,43.764383749119325,43.864610736267025,43.248949918571256,43.59257125854492,30806600
2025-03-19,43.64984207273278,44.49935734043145,43.64029855293647,44.30368423461914,31742600
2025-03-20,44.0602830549942,44.61390187936942,43.87415346708273,44.46595001220703,33163600
2025-03-21,44.317996334102034,44.42299324588896,43.87892164951546,44.15572738647461,36975600
2025-03-24,44.355821343604504,44.923375909088776,44.28367386154982,44.658836364746094,23824600
2025-03-25,44.8560387171628,45.231201216005246,44.706932944093964,44.841609954833984,22292000
2025-03-26,45.260060686861145,45.6063656759372,44.99552480378667,45.10614776611328,25564600
2025-03-27,44.971475886488875,45.139817575678656,44.49049753476172,44.668460845947266,19147800
2025-03-28,44.644406503328476,44.812748177596745,44.23557567451318,44.456825256347656,22248800
2025-03-31,44.36063533116532,45.21196540557275,44.298105796438996,44.947425842285156,28813800
2025-04-01,44.97147448519443,45.25524994247578,44.485685337606405,45.21196365356445,27121200
2025-04-02,44.82718034819347,45.3129695047962,44.721368194588855,45.27449035644531,33960600
2025-04-03,43.1197110561586,43.45158363192878,41.70563349207463,41.720062255859375,75657800
2025-04-04,40.23383879537046,40.68595593876661,37.88185501098633,37.88185501098633,100752000
2025-04-07,36.65535475891053,39.23820947741155,36.06375352171705,37.63655090332031,113906800
2025-04-08,38.795712658453866,38.997722670103954,36.17918944997271,36.76598358154297,90538400
2025-04-09,36.04932533491146,40.02220747500899,35.82807573751164,39.61337661743164,118962400
2025-04-10,38.584079720342146,38.584079720342146,36.304243611305345,37.02571105957031,79046600
2025-04-11,37.19886380401061,38.22816084836546,36.46777832708669,37.94438171386719,41916800
2025-04-14,38.84380939350644,38.84380939350644,37.699078665693484,38.07905197143555,32748200
2025-04-15,38.045382314758484,38.72837061142017,38.00209602970126,38.02133560180664,22167000
2025-04-16,38.25701449624037,38.983292758123646,38.16081663431065,38.33396911621094,27331400
2025-04-17,38.646611683856285,39.805771328597416,38.62737210851414,39.199737548828125,47908800
2025-04-21,38.5792671839413,38.675465041150254,37.7519839598095,38.17524719238281,31012000
2025-04-22,38.6706601577028,39.435413974464474,38.50231846875277,39.146827697753906,22097400
2025-04-23,39.488322005071794,39.911585303785365,38.834191152126834,39.07468032836914,43216200
2025-04-24,39.44022622716647,39.81538876756137,39.09873202579229,39.699954986572266,21219000
2025-04-25,39.34402835285654,39.66147213837175,39.19011543603057,39.627803802490234,17664800
2025-04-28,39.5845180132337,40.01739557442627,39.531610103385994,39.90677261352539,16436800
2025-04-29,39.45946364380723,39.93563117521772,39.38250534764166,39.79133987426758,19843400
2025-04-30,39.15163502604332,39.20935007450728,38.242586317003244,38.718753814697266,37814200
2025-05-01,38.401309920321445,39.37288824779103,38.401309920321445,38.86305236816406,36314400
2025-05-02,39.334408970066484,39.627806057835,38.632181017733615,39.430606842041016,32038800
2025-05-05,38.93519258558366,38.9881004930578,38.50231504381088,38.718753814697266,29530200
2025-05-06,38.89190902565085,39.065061522327674,38.51193569514191,38.72837448120117,22995400
2025-05-07,38.814945472125416,38.94000085158093,38.44940462382933,38.742801666259766,22446200
2025-05-08,39.09872685966764,39.786525982703814,39.03620100105463,39.25263977050781,30565800
2025-05-09,39.72881439603621,39.84424818249242,39.32479430865253,39.64704895019531,19993200
2025-05-12,41.11402976525544,41.30161102268103,40.38294063976343,40.681148529052734,32610000
2025-05-13,40.88315782404358,41.58057493085966,40.71962695414265,41.253509521484375,29031600
2025-05-14,40.97935232558613,41.16212643985841,40.844678980063456,41.00340270996094,21332600
2025-05-15,40.48394940605736,41.20060983509676,40.38294438650105,41.17655944824219,29721600
2025-05-16,41.26794184823696,41.29198856279851,40.69557646590022,41.11402893066406,21725800
2025-05-19,40.77253137096581,40.81582132879248,40.28193508956196,40.580142974853516,24787000
2025-05-20,40.55128394568743,40.6426710074233,40.166503463337655,40.204978942871094,22782200
2025-05-21,39.96449348141449,40.041451786784606,39.45946836332556,39.46427917480469,25698400
2025-05-22,39.25744823617313,39.53641284757665,38.82456705354971,39.31035614013672,23732200
2025-05-23,38.96405286977134,39.536414547925666,38.9496241079922,39.43540954589844,23511000
2025-05-27,39.7095683894883,39.83943458909825,39.41617132467863,39.77690505981445,19028000
2025-05-28,39.969298209304405,40.0895427909627,39.17087609527147,39.271881103515625,29552600
2025-05-29,39.33440968693375,39.56528091430664,39.08430255438899,39.56528091430664,23792800
2025-05-30,39.262258016142354,39.42098173870289,38.90152428463566,39.21416091918945,31038600
2025-06-02,39.950058948322216,40.00296685823151,39.27188141064384,39.72880935668945,32031000
2025-06-03,39.757669438742106,40.45027571980992,39.38250326909592,40.20016860961914,30352600
2025-06-04,40.18093335660239,40.49357003013367,39.36807873933582,39.416175842285156,44939200
2025-06-05,39.70956954161076,39.72880911505835,39.27669198254703,39.3776969909668,27655000
2025-06-06,39.73362403354049,40.238652797423434,39.73362403354049,40.118408203125,28556800
2025-06-09,40.277119888061506,40.61380688370166,39.95967613342293,40.19535446166992,28680400
2025-06-10,40.62343154233228,41.17655738612248,40.6041919677269,40.912017822265625,46092200
2025-06-11,41.19099107413985,41.57096446148182,40.786970967846564,41.50362777709961,48996600
2025-06-12,41.311231498622035,41.66234731987433,41.00821644955472,41.64791488647461,34028200
2025-06-13,42.42709537601507,42.60024785747221,41.82106169091504,42.37418746948242,84194800
2025-06-16,42.258755685126495,42.68682609834971,41.93169027922381,42.2491340637207,69406600
2025-06-17,42.60024947191946,42.96098321036393,42.33570992923084,42.64353942871094,67884200
2025-06-18,42.79745183255412,43.01389060520663,42.26837275349543,42.36457061767578,70473000
2025-06-20,42.53291148478473,42.917695595047604,42.40785609851331,42.79745101928711,56744800
2025-06-23,43.33470966508189,43.363801941039924,41.535764512990674,41.715171813964844,105688200
2025-06-24,41.109061864176475,41.603652797675764,41.01693138257022,41.17210006713867,65358800
2025-06-25,41.12360617283711,41.27392490446493,40.85691833181336,40.9926872253418,43723000
2025-06-26,41.08481950453501,41.66183732733478,40.98298913049824,41.57940673828125,33565600
2025-06-27,41.55515950581539,41.55515950581539,41.11391059524702,41.3612060546875,35411800
2025-06-30,41.201191977088,41.380599293020964,41.00238487633252,41.12360763549805,26247600
2025-07-01,41.186643853807674,41.63274269818485,40.80842945533899,41.438785552978516,40772800
2025-07-02,41.787912508500085,42.219465264308255,41.32726747234426,42.151580810546875,42468800
2025-07-03,42.09339279968344,42.33583833581695,41.99641606500016,42.200069427490234,22266200
2025-07-07,41.94307397671048,42.16612340595043,41.361206222121474,41.79275894165039,35673000
2025-07-08,41.74426644718054,43.07287051546806,41.734570254455235,42.91770553588867,47472400
2025-07-09,42.81102377267243,42.980734870652064,42.573428235500934,42.69949722290039,28672400
2025-07-10,42.602523231643076,43.04862206038522,42.29704323576144,43.02437973022461,28823800
2025-07-11,42.95165015449256,43.36865675400609,42.820727499138826,43.21833801269531,30171600
2025-07-14,43.13590938883073,43.13590938883073,42.51524940760552,42.74314880371094,33441600
2025-07-15,42.660713865294426,42.84497112238834,42.073992471502784,42.1273307800293,33859000
2025-07-16,42.069144128047775,42.31158962765709,41.61334540496634,41.7636604309082,35501600
2025-07-17,41.550311715390855,42.083691085025464,41.448485047504455,42.02065658569336,36085600
2025-07-18,42.355226811069635,42.54918394500587,41.51636747847552,41.68122863769531,60975600
2025-07-21,41.71032456182917,41.78305895584618,41.16724897860872,41.24967956542969,30434400
2025-07-22,41.20118853512605,41.67153339330353,41.16239636757179,41.443634033203125,32444000
2025-07-23,41.61335030850354,42.11763745104491,41.50667368419717,42.09339141845703,28046000
2025-07-24,41.98186724998119,42.44736220576876,41.792760039799525,42.39402389526367,24022200
2025-07-25,42.437662137735025,42.510396533525224,42.015809301116946,42.2340087890625,20143200
2025-07-28,42.5152430916745,42.7867808682654,42.452208593372966,42.714046478271484,23705200
2025-07-29,42.78193550435263,43.14560376239926,42.64131666731029,43.13105392456055,24552000
2025-07-30,42.864369492328485,42.88861182513521,42.248555788120974,42.5152473449707,26552400
2025-07-31,42.069146404544504,42.777086857781676,42.069146404544504,42.28734588623047,24960800
2025-08-01,42.12733332721338,42.277652069161014,41.273927738038765,41.50182342529297,42329400
2025-08-04,41.429090756747684,41.739420719766954,41.196341434770744,41.40969467163086,26509600
2025-08-05,41.39999356915563,41.52121632302348,40.900556415128065,41.46303176879883,31413600
2025-08-06,41.72487343841344,41.967318946598475,40.95874474468678,41.0799674987793,38249400
2025-08-07,41.322416674444,41.78306170110913,40.86661789478677,40.91995620727539,35042000
2025-08-08,41.11391257653677,41.56001145470844,40.905409277044015,41.18179702758789,40736200
2025-08-11,41.26423034935883,41.44364138153998,40.779339267229055,40.852073669433594,28828800
2025-08-12,40.934496302077015,41.40969109786627,40.813273555127424,41.050872802734375,34522600
2025-08-13,41.079966984798986,41.530915772358,40.934498201938084,41.526065826416016,25601200
2025-08-14,41.49697787751475,41.55031619016498,41.04602904292432,41.48727798461914,24944600
2025-08-15,41.50667407098515,41.95762290557558,41.356359025930075,41.48727798461914,27297800
2025-08-18,41.26907869966407,41.433939885486915,41.00238713503861,41.239986419677734,26428400
2025-08-19,41.12360540119074,41.496973550812925,41.016928787012965,41.2545280456543,25693800
2025-08-20,41.32241671770349,41.7685156049615,41.28362454504839,41.59880447387695,27967200
2025-08-21,41.52606935305408,41.97701817891032,41.41454648289106,41.8848876953125,22088000
2025-08-22,42.025502328013566,42.840119360756574,41.95761788357038,42.7382926940918,30936400
2025-08-25,42.631619808042,42.903161308975285,42.49100096099665,42.849822998046875,23412800
2025-08-26,42.680106275044714,42.82072511583789,42.384326154081386,42.78193664550781,22855600
2025-08-27,42.71889886576716,43.417143130538186,42.67041050280805,43.26197814941406,26877400
2025-08-28,43.27652540575606,43.65473982579752,42.99044146731318,43.591705322265625,24086200
2025-08-29,43.61109664721699,43.94082266705425,43.55290839686054,43.82929611206055,23745000
2025-09-02,43.71292287353301,43.9699145027103,43.38319685699384,43.892330169677734,25964400
2025-09-03,43.54321450421323,43.90688276443965,42.76253967630653,42.90800476074219,36018200
2025-09-04,42.912854124917544,43.37349910185578,42.72859687402721,43.194091796875,25895400
2025-09-05,42.84012180333383,42.98074064610505,42.1467274817654,42.36008071899414,48182200
2025-09-08,42.500699051351944,42.68495630892984,41.889735324441105,42.26310348510742,34931800
2025-09-09,42.49100106069026,43.0680225896741,42.44251269593933,42.466758728027344,41193400
2025-09-10,42.563731320707866,43.23288326728034,42.46675460063129,43.20863723754883,29932800
2025-09-11,42.864369617398445,43.310468496134966,42.73344696204471,43.21833801269531,25176800
2025-09-12,43.397744497772706,43.5917016376477,42.95164566565754,42.961341857910156,22297800
2025-09-15,43.04377550045222,43.155302066122914,42.74314542672472,42.815879821777344,23287800
2025-09-16,43.00498648503686,43.66928482619587,42.99528659279259,43.53351593017578,41593000
2025-09-17,43.475330420018906,43.94082535305115,43.286219519656704,43.63534164428711,26044800
2025-09-18,43.67413381623212,43.76141434739505,43.16984671389348,43.49957275390625,28713000
2025-09-19,43.460779513754666,43.49472173618031,42.77223517344884,42.922550201416016,29979200
2025-09-22,42.77046569811447,43.08344388503778,42.59930633510864,42.87316131591797,22502400
2025-09-23,43.04431986881498,44.08106242535803,43.04431986881498,43.611595153808594,44214800
2025-09-24,43.91968262999128,44.58965354044413,43.870780488066416,44.17886734008789,35406200
2025-09-25,44.17397817030596,44.61899249632572,44.051720954334336,44.574981689453125,31887200
2025-09-26,44.64833996134188,45.4356767870394,44.63855729400715,44.98576736450195,40161600
2025-09-29,44.6727836139147,44.73635975070337,43.92946142164539,44.159305572509766,37674400
2025-09-30,43.77297615469574,43.86588910494958,43.347519685342796,43.68983840942383,47544800
2025-10-01,43.47466823899901,43.836548566026714,43.42576609712947,43.68983840942383,27661200
2025-10-02,43.59203260988285,43.9783658599087,43.205699359857,43.24971389770508,31793600
2025-10-03,43.46977437095344,43.73385039884478,43.415980898735164,43.479557037353516,24048000
2025-10-06,43.7534136589609,43.94413462005643,43.518678159384926,43.69472885131836,21488400
2025-10-07,43.65560808332147,43.797426911462416,42.99053221454871,43.7631950378418,25324000
2025-10-08,43.76319306256842,43.76319306256842,43.18125123728419,43.5088996887207,20024200
2025-10-09,43.601816467011794,43.97347572723993,42.8731607539189,42.91717529296875,23397800
2025-10-10,42.59930547121254,42.81447936948153,41.660370929483804,41.67504119873047,44892200
2025-10-13,41.992907549915124,42.29610304082816,41.85597634160641,42.2423095703125,22889600
2025-10-14,41.64081091243522,42.47704987028565,41.587017435819604,42.2374267578125,25084600
2025-10-15,42.50639114248558,42.746017990083004,41.8999963504518,42.212974548339844,24267000
2025-10-16,42.28632943299332,42.413477991229854,41.420746193644774,41.704383850097656,29193800
2025-10-17,41.880427785251456,42.13472486063718,41.709268444699795,42.04669952392578,24071800
2025-10-20,42.12005530568957,42.589522574014545,42.12005530568957,42.49171829223633,25352400
2025-10-21,42.609087265449574,42.70689528531243,42.17874317103643,42.393917083740234,25885200
2025-10-22,42.6775486206903,43.1225666913741,42.320559628444016,42.936737060546875,32814000
2025-10-23,43.70451198529276,43.797424934643956,43.244823647997556,43.5088996887207,47308800
2025-10-24,43.70451424092367,43.71918451099973,43.03943463684983,43.06877517700195,21191000
2025-10-27,43.20569869808603,43.34751751410009,42.980745871958455,43.17146682739258,19597200
2025-10-28,43.010086667893,43.14701788248384,42.69710849653073,42.721561431884766,22474600
2025-10-29,42.770461359927936,43.259490193767945,42.682436020596974,43.0394287109375,26807800
2025-10-30,43.0247601864243,43.33773835428558,42.726452287213704,42.785133361816406,20663400
2025-10-31,42.887831445239584,43.34262845459341,42.70200181329716,43.098114013671875,26985400
2025-11-03,43.1078919738319,43.22036651501822,42.609080479459045,43.10300064086914,22232000
2025-11-04,42.57485159438531,42.755793616749166,42.2374242161853,42.638427734375,29477600
2025-11-05,42.643313326868146,43.22525883999408,42.58951985602488,42.75090026855469,23857200
2025-11-06,42.8144749522248,43.57246738938786,42.8144749522248,43.16657257080078,32154800
2025-11-07,43.31817996075176,43.890342866469325,43.20081034086534,43.78764724731445,35458400
2025-11-10,43.90012014114985,44.28645339725059,43.33284859047889,44.18375778198242,31264600
2025-11-11,44.447836468901016,45.073792864595084,44.41360459510507,44.76081466674805,38752800
2025-11-12,44.45761803495298,44.663009272640636,44.07128476540086,44.134857177734375,29863200
2025-11-13,44.27667406471241,44.64833704830081,44.05172123361774,44.24733352661133,32243800
2025-11-14,44.482065468361505,45.098242887866846,43.9245728562833,45.00043487548828,34179400
2025-11-17,44.946646265384736,44.96131653486277,44.002820375357246,44.17886734008789,37447400
2025-11-18,43.98814536817258,44.64833732752902,43.86588815066127,44.530967712402344,34839400
2025-11-19,43.743632073492954,44.09573346606346,43.4355452204909,43.953914642333984,41062800
2025-11-20,44.178865451820506,44.78037259167043,43.42087295689715,43.45510482788086,41630000
2025-11-21,43.52845824490035,43.919679079668505,43.068769939778946,43.72895812988281,39317200
2025-11-24,43.68005979074837,43.74363220254115,42.93184619482589,43.60670471191406,33681800
2025-11-25,43.264387661945435,43.504010779828796,42.97585866894778,43.33285140991211,29299000
2025-11-26,43.323064652792645,43.97347392807185,43.28394517978631,43.66049575805664,26611000
2025-11-28,43.6849484571616,44.42337934095896,43.621372318256064,44.23265838623047,16666600
2025-12-01,44.296235074908985,44.90262981718739,44.26200320391732,44.65811538696289,31150000
2025-12-02,44.58965279257023,44.58965279257023,43.86100081642647,44.08106231689453,33305000
2025-12-03,44.379372009369625,44.98576679159609,44.315799596481114,44.90752410888672,30174000
2025-12-04,44.88306981320154,45.17159879125703,44.7510336578163,45.098243713378906,23799600
2025-12-05,45.01999386325753,45.63617124697605,44.9026279862139,44.91240692138672,22164400
2025-12-08,44.65811731018183,44.912410686929135,44.27667537956372,44.42338180541992,27891900
2025-12-09,44.501630428295336,45.068905749906996,44.46250722039223,44.697242736816406,20917400
2025-12-10,44.834166309124974,45.25473142978493,44.62877508210336,45.16670608520508,26255100
2025-12-11,44.89285319280155,45.23517192034155,44.834168383368564,44.951534271240234,25827200
2025-12-12,45.039558017953205,45.22539137571757,44.39404006112695,44.51140594482422,33161200
2025-12-15,44.609215309552155,44.609215309552155,43.83654877888115,44.198429107666016,27521600
2025-12-16,43.84632840644839,43.86588627714,42.809585903074044,42.84870910644531,49312400
2025-12-17,43.16168902526379,43.89523232880875,43.09322528207913,43.79742431640625,43375300
2025-12-18,43.67028023844891,43.72896131589284,43.01497960270247,43.16168975830078,29920200
2025-12-19,43.27905564418289,43.55291062157256,43.06388174423716,43.16168975830078,31959600
2025-12-22,43.5394769699306,43.88471749562493,43.490157969916694,43.608524322509766,23707400
2025-12-23,43.76634462416732,43.943896023275364,43.618387633442794,43.89457702636719,19137500
2025-12-24,43.81566497621672,43.953763439748336,43.70716468478233,43.7663459777832,11293900
2025-12-26,43.71702586115342,43.83539220692597,43.39151746957932,43.59865951538086,17884500
2025-12-29,43.904443022493915,44.131317200437614,43.68743866524127,44.01294708251953,31352100
2025-12-30,44.19049695174934,44.47655241585333,44.19049695174934,44.34832000732422,18654700
2025-12-31,44.318730836980755,44.40750654387454,43.96362800940562,44.101722717285156,16965900
2026-01-02,44.111590539790114,45.1571669485899,43.88472011594113,45.02893829345703,31935500
2026-01-05,46.51839086889819,46.67621392795168,45.127573985114786,46.2520637512207,94961000
2026-01-06,46.360563619021065,46.41974867186546,44.91056180811796,45.019065856933594,69568200
2026-01-07,45.19662152386199,45.19662152386199,44.466691283791825,44.51601028442383,42739200
2026-01-08,44.70342159966567,46.21260476247344,44.604783603680225,45.91668701171875,51451000
2026-01-09,46.11396666001867,46.242199064742366,45.87723020228249,46.03505325317383,38839900
2026-01-12,46.11397078949498,46.17315584992859,45.47281247125953,45.70954895019531,28264400
2026-01-13,46.09424187572818,46.74526248138987,46.04492287403233,46.36056900024414,50469200
2026-01-14,46.607165665725375,47.98812022760699,46.53811831391114,47.40614700317383,80750200
2026-01-15,46.98199718183817,47.41600964827695,46.626894362570766,46.9622688293457,49328800
2026-01-16,46.912951006761325,47.15954977490763,46.84390365270424,47.04117965698242,30796300
2026-01-20,47.43573926415899,47.65274738455736,46.853766019925864,46.9524040222168,50178700
2026-01-21,47.63301684967995,48.38267541602881,47.63301684967995,48.08675765991211,58996000
2026-01-22,47.95852765409975,48.33335883744312,47.76124788587699,48.24458312988281,50869500
2026-01-23,48.846283198394005,49.21124831234551,48.42213302699151,48.52077102661133,51431200
2026-01-26,49.19151997127256,49.2112483237608,48.28403833360458,48.55036544799805,40122600
2026-01-27,48.71805040015705,49.14220056817724,48.49117999260181,48.994239807128906,39840300
2026-01-28,49.29016231236838,49.457847666289254,48.88574048860792,49.36907196044922,41890400
2026-01-29,50.45411096737403,51.02621816982149,49.7932242924448,49.82281494140625,77520700
2026-01-30,49.67485372723385,50.39492163910921,49.201384569951365,50.355464935302734,74039400
2026-02-02,49.418390960849564,49.82281278461002,49.09288254796848,49.36907196044922,61479900
2026-02-03,49.556488135493225,51.07553362725899,49.33948002404164,50.9670295715332,83754100
2026-02-04,51.11499073230775,52.23948047719165,51.11499073230775,52.11125183105469,78149900
2026-02-05,51.54900619719447,51.775880381135266,50.74016251736652,51.49968719482422,54235600
2026-02-06,51.78574306864134,52.69322476008177,51.64764835583942,52.52553939819336,41669600
2026-02-09,52.486082350065765,52.989145958061826,52.25921192867882,52.91023254394531,38798500
2026-02-10,53.03846121696996,53.05818956910663,52.51567305514244,52.85104751586914,32146000
2026-02-11,53.54152116818829,54.36023085143168,53.511930521304265,54.231998443603516,57349700
2026-02-12,54.192539951080526,54.488461461350234,53.0285935499345,53.245601654052734,67427800
2026-02-13,53.206147183742296,53.83744317105111,53.07791853756258,53.61056900024414,48392100
2026-02-17,53.81771532399336,54.16295208663945,52.456489100363,53.018733978271484,50499600
2026-02-18,53.788122604072655,54.11363478719556,53.48234253691934,54.03472137451172,59196100
2026-02-19,54.70546873814633,55.11975661707548,54.182680564134294,54.42927932739258,62513500
2026-02-20,54.251728169738456,54.53778363952327,53.76839293586762,54.13336181640625,50833500
2026-02-23,54.29118466274033,55.16907565855058,54.12349554694369,54.399688720703125,44013500
2026-02-24,54.36023074253246,54.46873479795443,53.659891173825024,54.350364685058594,42921700
2026-02-25,54.547647194883524,54.61669454948931,53.45274805356519,54.123497009277344,36207500
2026-02-26,53.630299324899504,54.91261217344385,53.383700555456414,54.301048278808594,47033500
2026-02-27,54.883020791091724,55.386084381193875,54.18268119831275,55.159210205078125,59071500
2026-03-02,56.98404501768559,57.09254908004628,55.50445237705508,56.26397705078125,135633300
2026-03-03,56.6092116872707,56.93472386204049,55.287442161123856,55.75104904174805,154770800
2026-03-04,55.29730846069143,55.66227357958824,54.57724051787404,55.425537109375,70732700
2026-03-05,55.7609126293355,56.2837045800732,55.31703785388459,55.71159362792969,85177800
2026-03-06,56.37248021409155,56.559893924308284,55.40580972636696,55.80036926269531,68219000
2026-03-09,56.066694028505296,56.37247784444592,55.17893699048314,55.553768157958984,88747400
2026-03-10,55.29730766094714,55.69186342186484,54.616692670676656,54.843563079833984,88817900
2026-03-11,54.87315642617765,56.263973264257444,54.78438072320242,56.20478820800781,48743700
2026-03-12,56.35274980272964,57.42792054901559,56.283702450813905,56.727577209472656,69358700
2026-03-13,56.71771352999056,57.14186368871697,56.32315401770606,56.91499328613281,43374600
2026-03-16,56.97417950941003,57.309553995034754,56.49084801597359,57.11227798461914,39474300
2026-03-17,57.43778458299758,58.24662824090066,57.19118581503204,57.71397399902344,40137700
2026-03-18,57.94084699201869,58.167717402372034,57.63506317138672,57.63506317138672,42908000
2026-03-19,58.06907490091974,58.907512941872604,57.72383814233815,58.55241012573242,69231400
2026-03-20,58.74968865942256,59.49934721788898,58.47349549552577,58.503089904785156,73003400
2026-03-23,57.47549807819441,59.411536535345356,57.24714536810346,59.203041076660156,71027200
2026-03-24,59.371822624548365,61.02986715331858,59.34203864083448,60.40437698364258,51207500
2026-03-25,59.88810061008044,60.56323202416012,59.82852885446746,60.13631057739258,42680700
2026-03-26,60.23559356656986,61.417075445045725,60.15616834578744,61.07950973510742,54967600
2026-03-27,61.089436708017516,62.34041707987342,60.821369485476964,62.112064361572266,59553200
2026-03-30,62.67798203894341,63.00561722652753,61.33764594232601,61.516357421875,49750100
2026-03-31,61.595786850274166,62.380131261722504,59.610107097169646,60.82136917114258,94766900
2026-04-01,59.292397532672084,60.185951132456296,57.9421347197891,58.547767639160156,96652900
2026-04-02,60.09659755438024,60.57316024887561,58.5576964766045,58.82576370239258,60400500
2026-04-06,58.686767106752185,59.26261227942818,58.468341116745606,59.252685546875,25474200
2026-04-07,59.381755597908416,60.33488098997417,59.36189834548409,59.729248046875,38811700
2026-04-08,56.27416407763926,57.773350613373275,55.77774414314166,57.63435363769531,88023600
2026-04-09,57.78327948867368,58.597407855091625,56.70108391076933,56.91950988769531,55088500
2026-04-10,56.76065558022724,57.06843731439435,55.99617218587995,56.53230285644531,42561700
2026-04-13,57.207430791312646,57.306717048213,56.24437871737159,56.70108413696289,43100900
2026-04-14,56.09545388317427,56.09545388317427,55.013258249684945,55.54939270019531,58830100
2026-04-15,55.20189406673632,55.80752698035851,54.87425888614051,55.360748291015625,39551500
2026-04-16,55.44017782010455,56.47273218135727,55.37067933303788,56.17488098144531,31282600
2026-04-17,54.020416126820315,54.76504601486914,53.02757627608854,54.62604904174805,90913300
2026-04-20,54.70547368050917,55.32103710835422,54.40762248592345,54.675689697265625,35150000
2026-04-21,54.92390189682722,55.55931881448799,54.52676442959745,55.46996307373047,41299800
2026-04-22,55.95645469177575,56.37344561187344,55.728101980191276,56.13516616821289,40565500
2026-04-23,56.48265811752774,56.78050931324235,56.06566720100398,56.57201385498047,34707200
2026-04-24,56.36352041396586,56.512444123461414,55.767814213832914,56.46280288696289,36426700
2026-04-27,56.69115677347918,57.26700573340741,56.22452459591297,56.363521575927734,33070600
2026-04-28,57.30671778147171,57.63435296497647,56.96915207845813,57.29678726196289,39151300
2026-04-29,57.86270802835476,58.686766961423544,57.64428582627273,58.607337951660156,40616700
2026-04-30,57.78328180632978,59.41153860447417,57.52514131644821,59.222900390625,35896800
2026-05-01,58.637122444739674,59.17325308112495,57.84284754106007,58.42862319946289,35828400
2026-05-04,58.30948565780623,59.20304306414503,57.80313898580329,58.964759826660156,36883000
2026-05-05,58.80590415909029,59.332108070294815,58.46833845688389,59.024330139160156,27041400
2026-05-06,56.87979764316289,57.475500056303616,56.254307458196614,56.59187316894531,57907500
2026-05-07,55.46996369091217,55.74796143601956,54.73526429196117,55.54939270019531,52909900
2026-05-08,55.45010550202801,55.82738571498337,55.06289855677173,55.30118179321289,30573500
2026-05-11,55.85717030494039,56.810299473656464,55.83731684012328,56.76065444946289,31943300
2026-05-12,57.31664536574677,57.42585835766658,56.73086968967258,57.15779113769531,36814500
2026-05-13,57.05850722615089,57.2967866685258,56.552156783183165,57.21736145019531,22707200
2026-05-14,57.237222009711886,57.76342594713718,57.09822124167879,57.654212951660156,23487000
2026-05-15,58.279701099650694,59.04418825368483,58.0612751163885,59.014400482177734,33565500
2026-05-18,58.7066216871356,60.26537995650868,58.29955749807734,60.146240234375,41516600
2026-05-19,60.37459544643889,61.049726878790324,59.86824497848349,60.851158142089844,31111000
2026-05-20,60.37459272804226,61.25821958982081,59.25268263547523,59.371822357177734,61776800
2026-05-21,60.04695539844201,60.156168391060646,58.299558878694455,58.70662307739258,45851100
2026-05-22,58.56762502227034,59.183184675154536,58.40877079612657,59.06404495239258,42428900
2026-05-26,58.44848048028792,59.14346912766657,57.42585665425201,57.43578338623047,38819900
2026-05-27,56.60180079167806,57.088294007056554,56.075596858880125,56.581947326660156,48329800
2026-05-28,57.13793493268975,57.26700517890385,56.274165288544744,56.542232513427734,46554100
2026-05-29,56.27416603230401,56.383379027668326,55.58910786236011,55.886959075927734,32389600
2026-06-01,56.62165750763975,57.39607519442813,56.442946025102714,56.88972473144531,55879400
2026-06-02,56.78051101173333,57.75349363344397,56.67130180703181,57.54499816894531,23842600
2026-06-03,57.822994917988616,58.95483174859303,57.59463841806068,58.28962707519531,46312800
2026-06-04,58.08113192294506,58.60733583780561,57.75349295056385,58.329341888427734,23916300
2026-06-05,58.24991230076228,58.359125290467134,57.217361733060635,57.25707244873047,28213000
2026-06-08,57.66413974086009,58.537836073382145,57.55492675244897,57.912349700927734,25717800
2026-06-09,57.66414214243866,57.79320860013309,56.40323503829512,56.97908020019531,46026300
2026-06-10,57.525142158223254,58.6172683152556,57.36628792650374,57.832923889160156,36515300
2026-06-11,58.35912786966154,58.567627126214326,56.6514458241162,56.71101379394531,40863500
2026-06-12,56.38337897888371,57.73364185243122,56.22452474595952,57.137935638427734,31964700
2026-06-15,54.804763559872185,55.64867596488314,54.6260520738302,55.15225601196289,44319100
2026-06-16,54.606192460846295,55.082755140564025,54.556551225176776,54.96361541748047,42008400
2026-06-17,54.86432867448348,54.96361493232966,54.149486554908385,54.2785530090332,38553000
2026-06-18,53.752351840543504,53.861564836054214,52.868724931242156,53.38500213623047,39645700
2026-06-22,53.529998779296875,54.130001068115234,53.16999816894531,54.060001373291016,30765600
2026-06-23,54.13999938964844,54.560001373291016,53.869998931884766,54.459999084472656,38690400
2026-06-24,53.5,53.77000045776367,52.939998626708984,53.56999969482422,43034600
2026-06-25,53.20000076293945,54.31999969482422,53.0,54.09000015258789,28221700
2026-06-26,54.0,54.150001525878906,53.68000030517578,53.84000015258789,19025200
2026-06-29,53.97999954223633,54.279998779296875,53.470001220703125,53.58000183105469,25142300
2026-06-30,53.619998931884766,54.119998931884766,53.08000183105469,53.11000061035156,28284000
2026-07-01,53.04999923706055,53.439998626708984,52.619998931884766,52.810001373291016,33662700
2026-07-02,53.2400016784668,53.650001525878906,52.90999984741211,53.220001220703125,28525600
2026-07-06,53.060001373291016,53.54999923706055,53.0,53.130001068115234,24735300
2026-07-07,53.61000061035156,54.81999969482422,53.599998474121094,54.63999938964844,41833600
2026-07-08,55.459999084472656,56.040000915527344,54.869998931884766,55.599998474121094,39741400
2026-07-09,55.279998779296875,55.47999954223633,54.72999954223633,54.81999969482422,21770700
2026-07-10,55.08000183105469,55.2400016784668,54.36000061035156,55.08000183105469,22974700
2026-07-13,55.86000061035156,56.970001220703125,55.86000061035156,56.7400016784668,41200900
2026-07-14,57.0,57.220001220703125,56.290000915527344,56.95000076293945,32579000
2026-07-15,56.939998626708984,57.040000915527344,55.7599983215332,56.5,33184200
2026-07-16,56.65999984741211,57.29999923706055,56.599998474121094,57.02000045776367,27477000
2026-07-17,57.95000076293945,58.119998931884766,57.279998779296875,57.68000030517578,31397800
2026-07-20,57.560001373291016,58.38999938964844,57.40999984741211,57.939998626708984,27329300
2026-07-21,58.15999984741211,58.529998779296875,57.83000183105469,58.5,20315700
2026-07-22,59.27000045776367,59.52000045776367,58.900001525878906,59.20000076293945,29548600
2026-07-23,60.2400016784668,60.380001068115234,59.27000045776367,59.380001068115234,35838600
2026-07-24,59.400001525878906,60.45000076293945,59.400001525878906,59.619998931884766,34181900
2026-07-27,58.40999984741211,59.279998779296875,58.22999954223633,58.36000061035156,33819500
2026-07-28,58.40999984741211,58.790000915527344,57.25,57.56999969482422,27800800
2026-07-29,59.08000183105469,59.29999923706055,58.41999816894531,58.650001525878906,34166800
2026-07-30,58.08000183105469,59.11000061035156,58.02000045776367,58.959999084472656,23045700
2026-07-31,58.93000030517578,59.689998626708984,58.31999969482422,59.54999923706055,23556500
2026-08-03,58.689998626708984,59.33000183105469,58.15999984741211,58.790000915527344,26038400
2026-08-04,57.70000076293945,58.720001220703125,57.130001068115234,58.52000045776367,37661500
2026-08-05,58.77000045776367,58.97999954223633,57.209999084472656,57.310001373291016,33213500
2026-08-06,58.38999938964844,58.560001373291016,57.58000183105469,58.15999984741211,25084300
2026-08-07,57.529998779296875,58.04999923706055,57.11000061035156,57.5,21092700
2026-08-10,58.189998626708984,60.209999084472656,58.099998474121094,60.18000030517578,33677800
2026-08-11,59.9900016784668,61.08000183105469,59.9900016784668,60.93000030517578,22400800
2026-08-12,60.470001220703125,61.16999816894531,60.34000015258789,61.029998779296875,22584200
2026-08-13,60.52000045776367,61.130001068115234,60.22999954223633,61.060001373291016,20703600
2026-08-14,61.369998931884766,62.11000061035156,61.25,61.90999984741211,22777700
2026-08-17,62.220001220703125,62.689998626708984,61.790000915527344,62.58000183105469,23550300
2026-08-18,63.40999984741211,63.709999084472656,63.119998931884766,63.68000030517578,27280500
2026-08-19,63.849998474121094,64.25,63.400001525878906,63.58000183105469,25537800
2026-08-20,64.25,64.69999694824219,63.689998626708984,63.75,24304100
2026-08-21,63.90999984741211,64.30000305175781,63.349998474121094,63.63999938964844,27791900
2026-08-24,63.2400016784668,63.720001220703125,62.560001373291016,63.11000061035156,23007900
2026-08-25,62.20000076293945,62.790000915527344,62.040000915527344,62.060001373291016,27426400
2026-08-26,61.43000030517578,63.02000045776367,61.310001373291016,62.43000030517578,24394100
2026-08-27,62.22999954223633,62.720001220703125,61.54999923706055,62.290000915527344,29599300
2026-08-28,62.349998474121094,62.7400016784668,62.119998931884766,62.68000030517578,20624500
2026-08-31,63.79999923706055,64.44000244140625,63.13999938964844,63.959999084472656,27148800
2026-09-01,64.87000274658203,64.94999694824219,64.05000305175781,64.7699966430664,33275900
2026-09-02,64.2699966430664,65.3499984741211,64.25,65.0999984741211,27393300
2026-09-03,65.12000274658203,65.5199966430664,64.58000183105469,64.62000274658203,24070700
2026-09-04,64.04000091552734,64.33000183105469,63.380001068115234,64.05999755859375,26281800
