Date,open,high,low,close,volume
2009-01-02,39.31855579963969,40.09322739965536,38.907505009038886,39.6979866027832,51588500
2009-01-05,39.91144120618688,40.15648871901262,39.041909116320284,39.84029769897461,59247000
2009-01-06,40.17228057854071,41.03390576987011,39.82446970895256,40.51218795776367,77980800
2009-01-07,39.73752746104363,40.591246387681274,38.757328529253,39.318572998046875,77662100
2009-01-08,39.03400135127302,39.64267284294367,38.86799784230868,39.5082893371582,59214100
2009-01-09,39.6110365052445,39.674273470075555,37.87987973820193,38.04588317871094,82725900
2009-01-12,37.90359897347065,38.03007592770695,36.75739987951438,36.915496826171875,53721400
2009-01-13,36.86018889713279,37.6348611557323,36.68628183371944,37.40562057495117,62644600
2009-01-14,36.615128817202496,36.89179633231908,35.666549741096006,35.761409759521484,74519500
2009-01-15,35.81672972840229,36.77321193689142,34.6310070851831,36.33844757080078,100622800
2009-01-16,37.13682558183037,37.1763490591406,35.547958876554176,36.74158477783203,80512600
2009-01-20,36.267307356514586,36.559784790513,34.235769286147935,34.25157928466797,85180200
2009-01-21,34.781199488701446,36.11711265622864,34.02233767811021,35.95901870727539,66088100
2009-01-22,35.1922473525006,35.83253864611292,34.28319214723665,34.91557693481445,69790800
2009-01-23,34.02235448218608,35.57960235975149,33.88006744549174,35.08950424194336,76444000
2009-01-26,35.06578289057334,36.25940941400619,34.92349588573371,35.484737396240234,62967900
2009-01-27,35.62700846624336,36.21986971609047,35.35034108916067,35.8720588684082,54932300
2009-01-28,36.55980236315853,37.540001634395956,35.959037207880996,37.350284576416016,71034500
2009-01-29,36.82854293656015,37.334450747760926,35.769297326065356,35.88787078857422,66434400
2009-01-30,36.172460685532016,36.370081216630844,34.86816698954973,35.16064453125,58185500
2009-02-02,34.51243687966542,35.682349636465226,34.49662688107299,35.44520568847656,62907300
2009-02-03,35.79300376212212,36.030150640428246,35.13690564103254,35.69814682006836,57452200
2009-02-04,35.737659475701925,36.456997350692596,35.200131941044404,35.437278747558594,65080500
2009-02-05,35.129015903510656,36.370072293076774,34.93930192885492,35.84835433959961,71623700
2009-02-06,35.90368975315954,37.28703320540539,35.7376892625979,37.12103271484375,53776100
2009-02-09,36.98665998727805,37.26332752959663,36.53608540953062,36.955039978027344,55265000
2009-02-10,36.670452002732,37.23169338431624,35.13691832172117,35.24758529663086,83914300
2009-02-11,35.47684475323192,35.7218923244969,34.85236304271373,35.38198471069336,58417600
2009-02-12,34.86024831254658,35.73768364685029,34.36224691911659,35.682350158691406,79209300
2009-02-13,35.634925824689944,36.12502376283778,35.2396848710822,35.31082534790039,58901500
2009-02-17,33.99072148282702,34.48081941336993,33.85634100810119,33.91167449951172,81542900
2009-02-18,34.18834343459856,34.25948692883765,33.30300451830584,33.429481506347656,78276200
2009-02-19,33.81680769597426,33.99071464281124,32.90775550898214,32.96308898925781,64544300
2009-02-20,32.330713720056025,32.91566868813464,31.76946923064083,32.52042770385742,83388200
2009-02-23,32.710142129869055,32.765475622078945,31.20032180932251,31.271465301513672,78804200
2009-02-24,31.650895733326834,32.702235083444975,31.303081770366664,32.425567626953125,81463900
2009-02-25,32.28326919192095,32.60736653259672,31.216120220669733,31.753644943237305,104493600
2009-02-26,32.085650787812575,32.21212773314072,30.994785249702183,31.160785675048828,68400200
2009-02-27,30.607455493071882,31.524414237449513,30.544215503243024,30.947362899780273,87450900
2009-03-02,30.243839184359306,30.370316180358817,29.105546220363706,29.200403213500977,83622800
2009-03-03,29.587726695981207,29.619346683866926,28.473147754317775,28.64705467224121,67796200
2009-03-04,29.08182840912715,29.761643292508495,28.631253989295143,29.239925384521484,80120300
2009-03-05,28.65497065831195,29.00278163039591,27.603628218467172,27.68267822265625,97980100
2009-03-06,27.983063430501534,28.362494420841795,27.129341440648858,27.824966430664062,76036000
2009-03-09,27.453433435898624,28.17277177643687,27.081906012995198,27.184669494628906,75737000
2009-03-10,27.864490590049193,29.09764359959618,27.74591708348619,28.95535659790039,76181500
2009-03-11,29.311066977216342,29.880211830202438,28.741919108781445,28.994873046875,82274800
2009-03-12,28.8763067502228,30.978988768185253,28.512685750717534,30.797178268432617,86839000
2009-03-13,31.089671298294352,31.350528897582347,30.639093598704605,31.121288299560547,72449700
2009-03-16,31.46908929841364,31.777376793912385,30.480986804917915,30.560033798217773,78042300
2009-03-17,30.615361122907387,31.974990844726566,30.37821717537934,31.974990844726562,64727100
2009-03-18,31.824798745686234,33.3425255034656,31.54813129748509,33.0816650390625,111491000
2009-03-19,33.55594639053905,33.595469869649,32.52832085643942,32.73384475708008,64512500
2009-03-20,33.04212689882664,33.13698383680344,31.57973729451421,31.603450775146484,68436500
2009-03-23,32.67852330695063,34.40177416614025,32.35442583428373,34.291107177734375,94771600
2009-03-24,33.86364399879678,34.188798299130546,32.91990118115131,32.959556579589844,70562700
2009-03-25,33.26885414612317,34.32362194626868,32.3647665959177,33.8874397277832,95016000
2009-03-26,34.35532849883261,35.26734790035742,33.99845121018025,35.19597244262695,111103100
2009-03-27,34.59326118607186,34.89462470102343,33.96674635997272,34.01432800292969,78132900
2009-03-30,33.030934870549416,33.15782429061062,32.34097081276433,33.03886413574219,59094200
2009-03-31,33.4433414093221,34.34743242250907,32.99922971016084,33.348175048828125,66094400
2009-04-01,32.78507386469355,34.10155227330283,32.60267057603291,33.92707824707031,66464100
2009-04-02,34.9897824692757,36.1397192893981,34.75186523673218,35.624229431152344,92895500
2009-04-03,35.57665677949521,36.195242345298055,35.18012695007646,36.187313079833984,50763600
2009-04-06,35.679752656231855,35.77491896094239,34.91841314270073,35.568721771240234,63427300
2009-04-07,34.9580700124594,35.259430494258865,34.196730466921935,34.30775833129883,48410400
2009-04-08,34.506022132813,35.07702601733714,34.252243300865004,34.94220733642578,60265100
2009-04-09,35.90972023511671,37.043795152947155,35.76696933460093,36.98828125,66699400
2009-04-13,36.68693299386701,37.27379838466456,36.21902774419718,37.00415802001953,58557300
2009-04-14,36.44903126443187,36.90107515283969,35.87009791656368,35.93354415893555,56579200
2009-04-15,35.69561676676138,36.599707391349035,35.600450447172115,36.48074722290039,48436100
2009-04-16,36.90105343821149,37.82100223427115,36.290397328501314,37.53550338745117,66307000
2009-04-17,37.61482008765159,38.280990326106036,37.21035796504575,37.86859893798828,51981400
2009-04-20,37.09140850339598,37.27381190072726,35.84630481596881,35.92560958862305,53370100
2009-04-21,35.735245894271856,37.32136417235312,35.6480089049325,37.17068099975586,60408100
2009-04-22,36.631421630147415,38.19375000150513,36.504532215867954,37.16277313232422,72784100
2009-04-23,37.35311983239322,37.44035690486055,36.42524120767718,37.0755500793457,70030200
2009-04-24,37.36896929598489,38.288918355065995,37.01209185382359,37.765499114990234,60773000
2009-04-27,37.146923131660095,37.90033058684731,36.96451973097825,37.36104965209961,49385100
2009-04-28,36.908999582305505,38.05893676539266,36.78211014987895,37.41655731201172,51197500
2009-04-29,37.916186700409945,39.311970491140826,37.773435707288485,38.83613586425781,79875900
2009-04-30,39.45472653330269,39.8433271810367,38.423749359599654,38.47926330566406,67809000
2009-05-01,38.58233682533595,39.09782356412192,38.39200125890588,38.71715545654297,64532300
2009-05-04,39.08197626344355,40.20812247272627,38.915434472899655,40.128814697265625,47528900
2009-05-05,39.95433964978675,40.13674297719799,39.35954500703108,39.930545806884766,58364200
2009-05-06,40.3905137883528,40.620501730765035,39.25643865194088,40.041568756103516,87550000
2009-05-07,40.64431021257923,40.763270379412056,38.77268880947669,39.097843170166016,67577300
2009-05-08,39.77195434863861,40.572943499466284,39.367492114088144,40.453983306884766,63463900
2009-05-11,39.69262343921056,40.17639017034858,39.48642932075386,39.85916519165039,40051600
2009-05-12,40.0812542579351,40.303310096114984,38.629952964815125,39.29612350463867,49453100
2009-05-13,38.62200738276036,38.709244432422565,37.440347117369505,37.4958610534668,68822200
2009-05-14,37.58307841199721,38.661639505846296,37.321370425411466,38.01926040649414,72813500
2009-05-15,37.971687562339284,38.39993736893637,37.49585007404668,37.87651824951172,53885500
2009-05-18,38.304772125237434,39.3119580238297,38.15409191374353,39.145416259765625,55512900
2009-05-19,39.15334166815389,39.62124683441505,38.701298052901095,39.16127395629883,55704100
2009-05-20,39.518153830893816,40.200182416402754,38.74095290793582,38.79646682739258,48021100
2009-05-21,38.28097911606308,38.62199491358183,37.63067062434863,38.29684066772461,49312200
2009-05-22,38.495105083060025,38.59027136665359,37.551362434378326,37.90031051635742,38440200
2009-05-26,37.567234452013146,39.77987158265065,37.527582074908885,39.70849609375,73480700
2009-05-27,39.46265117791314,39.946418101478336,38.86785637522467,38.939231872558594,48207700
2009-05-28,39.3040376642578,39.45471790988732,38.14616826658208,38.986812591552734,58832400
2009-05-29,39.16921805272292,39.867111434978334,38.923371482194,39.787803649902344,51665800
2009-06-01,40.731567477204266,41.53255685213627,40.52537015574329,41.34222412109375,70173300
2009-06-02,41.20738771969222,42.03217066253444,40.98533193711283,41.857696533203125,56794100
2009-06-03,41.48495377026713,41.643563289177564,41.03290998575057,41.58012008666992,44068400
2009-06-04,41.83389183116801,42.23835087604189,41.31047264206421,42.17490768432617,42972900
2009-06-05,42.57937053561731,42.65867831395442,41.77838163874816,42.190773010253906,50619300
2009-06-08,41.87354254993119,42.25421076103359,41.27081863867288,41.691139221191406,46325400
2009-06-09,41.905264358315634,42.24628018743208,41.68320866504239,41.881473541259766,35033700
2009-06-10,42.33351225715779,42.357303071426294,40.929796734966274,41.71492385864258,65032200
2009-06-11,41.7545830262726,42.3969592718793,41.69906910443701,41.73078918457031,62963200
2009-06-12,41.46116662129242,41.889419652223935,41.151873774047374,41.857696533203125,44094300
2009-06-15,41.26290074195737,41.310485419423735,40.2874375435199,40.73155212402344,45942200
2009-06-16,41.04083939354018,41.11221488740982,39.906763782768536,40.04951477050781,53065700
2009-06-17,40.04951487525294,40.73947596760884,39.652985025002906,40.263641357421875,71985300
2009-06-18,40.26364535040207,40.69982762387714,39.890906286111736,40.446048736572266,34317000
2009-06-19,41.01704119875939,41.175650689711844,40.5332743856209,40.69188690185547,38711500
2009-06-22,40.43810533569274,40.46982541655659,39.17714060657665,39.24851608276367,54877300
2009-06-23,39.446783405916904,39.6053928959236,38.87577956099006,38.93129348754883,40810600
2009-06-24,39.311971153128745,39.85125201949478,39.12163850928357,39.35162353515625,39962500
2009-06-25,38.978872333944906,40.509477281338675,38.931287678873424,40.48568344116211,42339200
2009-06-26,40.279491958034676,40.890148124348954,40.105017903292925,40.62843704223633,60379100
2009-06-29,40.70774480588342,40.90600967707837,39.97019924301564,40.62843704223633,49196600
2009-06-30,40.636391877845234,40.92982320294162,40.263652745098796,40.50950241088867,44575900
2009-07-01,40.723613998490286,41.43736893183106,40.69189391000609,41.13600540161133,46382900
2009-07-02,40.492154183601954,40.492154183601954,39.54510698775429,39.720191955566406,51688200
2009-07-06,39.37004089355469,39.58491715798028,38.717455069392194,39.37004089355469,47241700
2009-07-07,39.29044921880069,39.3939088192803,38.478695581855916,38.518489837646484,40473600
2009-07-08,38.693561115415385,38.8208948054669,37.619183295347895,38.25585174560547,65594900
2009-07-09,38.43095557357474,38.534412160364454,38.033037217341935,38.096702575683594,41678300
2009-07-10,37.87386782249537,38.415037009192325,37.666951620935244,38.27974319458008,39883000
2009-07-13,38.43095564354895,39.2267923574636,37.73857551661238,39.20291519165039,44825200
2009-07-14,39.19497674420395,39.569021148573626,38.9562262240036,39.4337272644043,32721400
2009-07-15,40.15792523394095,41.08109582428868,39.998757262665166,40.95376205444336,57645800
2009-07-16,40.81050692216086,41.677969087357006,40.69909026466569,41.46309280395508,38353400
2009-07-17,41.582466181864476,41.59838327963634,41.168630747424054,41.303924560546875,35682600
2009-07-20,41.582461969559965,41.9724232357775,41.4073769476816,41.813255310058594,42596800
2009-07-21,42.21117813035852,42.23505225921855,41.21638228284371,41.741634368896484,40423000
2009-07-22,41.558589545054836,42.346466104019136,41.49492115780983,42.06792449951172,47552200
2009-07-23,42.08385506970379,43.62777752418106,41.99631252715257,43.3969841003418,64531400
2009-07-24,43.110485267792974,43.66757172890061,42.943360240223775,43.61982345581055,31293500
2009-07-27,43.61184277793281,43.9460957109995,43.30942403580114,43.84263610839844,32672800
2009-07-28,43.580018217998685,44.02568788195355,43.2457682469397,43.866519927978516,56192800
2009-07-29,43.627771102340034,43.874481591771655,43.40493778019297,43.6436882019043,47421300
2009-07-30,44.2564764560525,44.91701929486439,44.07343439142087,44.407684326171875,67822300
2009-07-31,44.23259614333386,44.789679290025354,44.20076195327279,44.22463607788086,40477300
2009-08-03,44.75784314823986,45.02842766185542,44.26442236490404,44.9965934753418,32392400
2009-08-04,44.733990494045784,45.61736992049321,44.69419925704514,45.45024490356445,41223700
2009-08-05,45.49796825149333,45.49796825149333,44.56684106503323,44.9965934753418,54105900
2009-08-06,45.187615652196946,45.33086652895686,44.25648798913415,44.36790466308594,52403600
2009-08-07,45.06028944514139,46.03121154272821,44.79766481755571,45.43433380126953,49363300
2009-08-10,45.306969356761634,45.80038710588423,45.13188436622212,45.513885498046875,44780600
2009-08-11,45.33880921450736,45.394517530124446,44.550929694404125,44.78172302246094,36077000
2009-08-12,44.80561259440226,46.031202032256495,44.77377839282451,45.45819854736328,53618600
2009-08-13,45.832244873046875,45.98345278347918,45.14782468794237,45.832244873046875,43539700
2009-08-14,45.76060471979693,45.80039594281291,44.42359898250498,44.89314270019531,60224900
2009-08-17,43.97795192115968,44.06549447816794,43.51636803313058,43.627784729003906,48853300
2009-08-18,43.93017957381998,44.47930571798781,43.70734326828941,44.20872116088867,39358200
2009-08-19,43.71529127415233,44.78171211253468,43.62774878925997,44.7498779296875,37740100
2009-08-20,44.65439875181129,45.33881881532409,44.45543957222623,45.23535919189453,40013900
2009-08-21,45.7128393155063,46.46888446286232,45.65713101331031,46.27788543701172,38321700
2009-08-24,46.47685820835444,46.771316897483594,46.03118862371587,46.26198196411133,33986500
2009-08-25,46.47687367493557,47.01008291203996,46.31770569631987,46.46095657348633,30197300
2009-08-26,46.39726335312762,46.7713074474437,46.18238715229977,46.564388275146484,34163900
2009-08-27,46.50869969246032,46.636033454079,45.54573793047679,46.49278259277344,45253800
2009-08-28,46.97028102942799,47.097614776282,45.887942663230916,46.19831848144531,39328800
2009-08-31,45.72876675005576,45.856100474715184,45.30697435634808,45.5218505859375,35360500
2009-09-01,45.2512775662033,46.26199059129262,44.32810706833942,44.50318908691406,77077500
2009-09-02,44.2883212440071,44.61461422611488,44.145070370313285,44.28036117553711,43436100
2009-09-03,44.50318858312395,44.81356745864863,43.93814523218051,44.773773193359375,43089000
2009-09-04,44.71806857663005,45.45024000928086,44.463401044197546,45.402488708496094,37229900
2009-09-08,45.88793727414524,45.935688562061074,45.36268525057363,45.90385437011719,41062500
2009-09-09,45.90385398839963,46.97823215262888,45.776520257558566,46.69173049926758,37219700
2009-09-10,46.691730264375664,47.40002736423369,46.317689139591764,47.2726936340332,39171200
2009-09-11,47.423910000718045,47.74224590128621,47.03394867431585,47.28861618041992,31718400
2009-09-14,46.93844451223878,47.83774076259759,46.850901996379626,47.78998947143555,37896000
2009-09-15,47.75817792007457,48.323224507822246,47.567178736623,48.17997360229492,48814300
2009-09-16,48.39484668318381,49.18272357435009,48.24363571765792,49.174766540527344,39404000
2009-09-17,49.13493835523189,49.6124389583693,48.82455962373029,49.07126998901367,50596200
2009-09-18,49.41351073477813,49.41351073477813,48.7529646840789,49.270259857177734,36822800
2009-09-21,48.800707175233015,49.3100421876596,48.61766509488447,49.13496017456055,37511600
2009-09-22,49.481970973138466,49.64949245573551,49.13097952217133,49.473995208740234,36266400
2009-09-23,49.56175489989198,49.94465558000457,48.90763252432163,49.00335693359375,54838900
2009-09-24,49.083093174037515,49.266566100829934,47.6711461707859,48.02214050292969,60639600
2009-09-25,47.79081642175924,48.133832040158445,47.47173113482232,47.72700119018555,51804400
2009-09-28,48.0380978295934,49.12298393128804,47.894509784191335,48.867713928222656,47925100
2009-09-29,48.89962811672185,49.282528596390414,48.596497429184126,48.652339935302734,37453200
2009-09-30,48.75604077653301,48.85176818013081,47.51161495998721,48.05405807495117,79344900
2009-10-01,47.96631140065714,48.00619629891159,46.53840952478017,46.61817932128906,62840600
2009-10-02,46.09167661696495,46.681983276371184,45.892249143830945,46.267173767089844,66448000
2009-10-05,46.51448132554857,47.29623693063895,46.33100835075395,47.09680938720703,48919600
2009-10-06,47.47971326447227,48.22158402196582,47.352079749367086,47.97429275512695,52211000
2009-10-07,47.84664252559162,48.18965804817683,47.74293937985094,47.990230560302734,35534000
2009-10-08,48.44494016489356,48.90761354234734,48.157764005511616,48.428985595703125,48971800
2009-10-09,48.540674294768685,49.06716301179722,48.39708618621331,48.99536895751953,34597000
2009-10-12,49.29053320443422,49.48198202297846,48.77202015508069,49.00335693359375,26895500
2009-10-13,48.915586696111966,49.051199005485174,48.34123440798593,48.795928955078125,35459500
2009-10-14,49.51387354980218,49.824980051469566,49.09906386657131,49.72925567626953,38634600
2009-10-15,49.450049923355735,49.81699583521191,49.322416430404786,49.69733810424805,28632600
2009-10-16,49.370277178299034,49.47398034245511,48.771994608434966,49.2027587890625,49031800
2009-10-19,49.362296650879976,49.87283057432696,48.963441642809244,49.60958480834961,38229600
2009-10-20,49.649484896235656,49.713300130775416,48.65234713199028,48.92356872558594,43952800
2009-10-21,48.85175842001662,49.777101835429335,48.18965770434809,48.261451721191406,64591600
2009-10-22,48.24550645567644,49.14691972021528,47.6791330153207,48.93153762817383,58421000
2009-10-23,49.0352440635348,49.202762465287606,47.838678834404305,47.91047286987305,68826500
2009-10-26,48.05406578154884,48.79593349876106,47.240400978612655,47.479713439941406,69899500
2009-10-27,47.519597642441155,47.77486466983166,46.81761179560578,46.89738464355469,71958600
2009-10-28,46.7378463449224,46.905364776687136,45.14242575358595,45.33387756347656,84951000
2009-10-29,45.732726101098784,46.45864224351196,45.56520465052432,46.195396423339844,73615700
2009-10-30,46.003941463949374,46.059783972299435,44.65581244772304,44.93501281738281,116215600
2009-11-02,45.174324359401865,45.5811551763743,44.137301825510136,44.84726333618164,97996600
2009-11-03,44.57605536552128,45.54128416206222,44.424488450957604,45.52532958984375,83105700
2009-11-04,45.83643700567695,46.01193426036897,44.87120819091797,44.87120819091797,92803000
2009-11-05,45.461503899128175,46.402799099565335,45.286006688069364,46.29909896850586,67422600
2009-11-06,45.812492302724095,46.72986015528355,45.684858805613636,46.33100509643555,56216700
2009-11-09,46.73784390954904,47.280287125780156,46.70593476905942,47.24040222167969,49200200
2009-11-10,47.1446675536235,47.471728585811924,46.56233952280132,46.94524002075195,55864400
2009-11-11,47.304202221030714,47.734966349804644,46.90534722246718,47.27229309082031,50320800
2009-11-12,47.28826033477419,47.64723053833229,46.26719223845157,46.402801513671875,68550500
2009-11-13,46.546371946184706,47.03297547727848,45.972022881289696,46.84950256347656,69258000
2009-11-16,47.160624343181574,48.405053302413954,47.160624343181574,48.085968017578125,66099700
2009-11-17,47.92642841818301,48.24551065999604,47.655206838979396,48.085968017578125,43026500
2009-11-18,48.14179435559914,48.16572772339897,47.543511891976834,47.990230560302734,54309000
2009-11-19,47.51161865134156,47.591388450848115,46.418753531360466,46.793678283691406,72350600
2009-11-20,46.44269062636688,46.90536097801256,46.338987444282,46.73784255981445,39780100
2009-11-23,47.391963392085586,48.1178795605105,47.296239019057836,47.55150604248047,57935400
2009-11-24,47.55948997265511,47.56746878020761,46.76177962671915,47.33613204956055,45238000
2009-11-25,47.6153094921001,47.71901264564383,47.27229394370502,47.3281364440918,47641700
2009-11-27,45.58912482863385,46.801641273948036,45.50137624731015,45.9321403503418,51862100
2009-11-30,45.98798648048645,46.46661130244429,45.357794798591435,46.3389778137207,77936900
2009-12-01,46.77772632738507,47.24837547401081,46.634138245836674,47.05692672729492,63141300
2009-12-02,47.12073885177383,48.03012794620974,47.11276308911332,47.615318298339844,71220600
2009-12-03,47.84664645507102,48.15775287482119,47.00905154581542,47.032981872558594,53866100
2009-12-04,48.02214152385399,48.55660575113058,47.28824675806009,48.197635650634766,100434300
2009-12-07,48.18966609131346,48.53268167114997,47.9503536745263,48.26943588256836,55543100
2009-12-08,47.97428960647985,48.2375354258074,47.368031210275944,47.8945198059082,59576600
2009-12-09,47.81474447343969,47.942377973524394,47.30421047310086,47.742950439453125,55537000
2009-12-10,47.95833691011562,48.21360393353825,47.352078490242604,47.55150604248047,54319700
2009-12-11,47.886535795807326,48.07798755660459,47.447795854299116,47.99821472167969,50543400
2009-12-14,48.3811169642888,48.963444950245126,47.83867387322929,48.7241325378418,48248700
2009-12-15,48.62842785175863,49.07514679511413,48.48483972864521,48.58854293823242,55378800
2009-12-16,48.89961242675781,49.1548793312984,48.58053031759284,48.89961242675781,56550000
2009-12-17,48.60446508740634,48.795913761823094,48.006182654565805,48.357173919677734,60917400
2009-12-18,48.69222275094269,48.811877434026584,48.11787053446838,48.80390167236328,63876100
2009-12-21,49.16289319432669,49.545793824203514,49.15491438617009,49.450069427490234,47658100
2009-12-22,49.49790255161349,49.976530354801895,49.39419940446937,49.91271209716797,38750700
2009-12-23,50.219473142142014,50.587908730451275,49.88307317275554,50.555870056152344,49503600
2009-12-24,50.69204555851158,50.77213920889237,50.56389388467617,50.748111724853516,16521900
2009-12-28,50.93232906973187,50.94834841072763,50.435741720370906,50.66801452636719,35784500
2009-12-29,50.79616490079626,50.884269746332855,50.60393892451351,50.643985748291016,24085300
2009-12-30,50.49180183126398,50.85222932200438,50.1794323577478,50.611942291259766,45268900
2009-12-31,50.64400378626732,50.91632656247564,49.867082295683424,50.011253356933594,34407900
2010-01-04,50.69204406653453,51.29275559284095,50.676024725854475,51.24469757080078,42863900
2010-01-05,51.1646127647922,51.4048968057641,50.852243205991,51.06849670410156,55523100
2010-01-06,51.068486483905545,51.34080915727514,50.892279851991155,51.02043151855469,59708600
2010-01-07,51.05248352163867,51.43693862165623,50.571912355083576,51.396888732910156,56123500
2010-01-08,51.212663065380426,51.67721176147461,51.10053072685345,51.67721176147461,48811500
2010-01-11,51.885461936905,51.965555594214806,51.268734053789714,51.468971252441406,51638900
2010-01-12,51.148590147417934,51.38887722838686,50.668019040857246,50.90830612182617,45854900
2010-01-13,51.08451070367923,51.66920598456251,50.64398949875009,51.56507873535156,39501900
2010-01-14,51.37285088211066,51.91749626112548,51.27673483495963,51.75730895996094,41859800
2010-01-15,51.78133869645942,51.901482232935784,50.676028549158865,51.004417419433594,68725100
2010-01-19,51.19666073382066,51.95756598178847,51.19666073382066,51.94154357910156,46839000
2010-01-20,51.57308414363982,51.581095341315226,50.61194513282849,51.188629150390625,62485000
2010-01-21,51.228671786058044,51.645168480594684,50.17141987718078,50.34762954711914,98323100
2010-01-22,50.26753051682295,50.50781753025013,49.00203337488762,49.44255447387695,83757000
2010-01-25,49.72289058005799,49.77895673765661,49.1221791297502,49.49862289428711,62298700
2010-01-26,49.31441693882697,49.68285265030336,48.97000871341904,49.01005554199219,58213200
2010-01-27,48.79381076876396,49.61077910126703,48.6256122149663,49.53068542480469,72565800
2010-01-28,49.626775494730886,49.65080603085754,48.23312661444481,48.68165588378906,93814200
2010-01-29,48.88189850288151,49.41052452612273,48.032894830771674,48.14502716064453,79325600
2010-02-01,48.36929115785584,48.80981232862672,48.18507332481991,48.71369934082031,60731800
2010-02-02,48.801814672348144,49.306413313666866,48.55351942383759,49.25034713745117,71047700
2010-02-03,49.0180681109799,49.36247634601398,48.52948884475121,48.92195510864258,50241000
2010-02-04,48.58554169853527,48.60156103709628,47.2479590101431,47.28800582885742,99167300
2010-02-05,47.39213230204975,47.520287025020146,46.45502380565446,47.47222900390625,106752200
2010-02-08,47.32006417375517,47.73655492794309,46.95162534446942,46.99968338012695,61579200
2010-02-09,47.560344080782436,48.00086534195185,47.05574544434169,47.6484489440918,91986700
2010-02-10,47.50426719358526,47.880710994600726,47.00767681333865,47.76057052612305,55715500
2010-02-11,47.62440820148845,48.55350855630573,47.255972538714325,48.5214729309082,51969700
2010-02-12,48.05692563534683,48.93796804984403,47.90474647077063,48.87389373779297,65909800
2010-02-16,49.386502074540296,49.746929639695196,48.92195336696732,49.69887161254883,50057600
2010-02-17,49.94716964524744,50.14740685321885,49.650819432955416,50.035274505615234,50459400
2010-02-18,50.03525084856994,50.45975255104096,49.85904121114761,50.44373321533203,43072800
2010-02-19,50.251520615573476,50.764127272610125,50.14739643355769,50.5078239440918,56840800
2010-02-22,50.796159645243414,50.820190181325074,50.47578203279397,50.65999984741211,45344900
2010-02-23,50.58792058944354,50.66000609582659,49.923134746468186,50.06730270385742,58965400
2010-02-24,50.25151823837918,50.74009433468323,50.09933604369907,50.49180221557617,50476000
2010-02-25,49.80298826297806,50.555878908578556,49.64279791880993,50.5078239440918,51949700
2010-02-26,50.58792932507961,50.62797615656849,50.027264518103145,50.29958724975586,60093900
2010-03-01,50.668019402457475,51.51702622467642,50.668019402457475,51.468971252441406,70967800
2010-03-02,51.66119773599632,52.181815679517705,51.58110407793635,51.86143493652344,55605300
2010-03-03,52.11773362749092,52.454130627579836,51.885457762452226,52.15778350830078,56207500
2010-03-04,52.1737865525275,52.35800740244242,51.95753313899916,52.29393005371094,47174200
2010-03-05,52.63034839337741,53.439308445857854,52.46214986755064,53.359214782714844,52293900
2010-03-08,53.37522479719911,53.60750067053998,53.279108746272314,53.455318450927734,46046400
2010-03-09,53.303151847499606,54.05603965971435,53.287129447444194,53.647560119628906,70685800
2010-03-10,53.69561363398063,54.384430159454894,53.67158614530792,54.10409927368164,73655200
2010-03-11,53.77569918010841,54.3523832641987,53.583473188996344,54.264278411865234,59964100
2010-03-12,54.544607955023764,54.56863543949572,53.87181394679319,54.24024963378906,61862000
2010-03-15,54.20820101745319,54.31232213466984,53.663555729795306,54.0560188293457,49862700
2010-03-16,54.32835430584886,54.544607776141206,53.93588502491422,54.52058029174805,52874400
2010-03-17,54.640720469614266,55.16934342606889,54.6246980738333,54.84095764160156,53589100
2010-03-18,54.816938669805786,55.08925833282838,54.57665158181157,54.672767639160156,71527500
2010-03-19,53.99196243286133,54.873004905261226,53.79172522955433,53.99196243286133,80546500
2010-03-22,53.60750024777835,54.87300074327445,53.487356712755854,54.75285720825195,56679400
2010-03-23,54.800915276263844,55.46570424498698,54.55262310439917,55.44968795776367,61187700
2010-03-24,55.146165375005175,55.37901974855661,54.80089939021835,54.81695556640625,59664500
2010-03-25,55.2987436796372,55.692184440368194,54.43156287453703,54.47170639038086,66977000
2010-03-26,54.696537150477106,55.057859431814876,54.24688442977463,54.4476203918457,58114700
2010-03-29,54.68848032874823,54.921334670577814,54.4475948369321,54.744686126708984,38646400
2010-03-30,54.833010253508796,55.1943323643041,54.49577546663684,54.91330337524414,35773100
2010-03-31,54.70454191134024,55.25054377093002,54.431544044531925,54.4395751953125,59821600
2010-04-01,54.865141429987375,55.154201635936964,54.11037243378858,54.9454345703125,58838700
2010-04-05,55.08996495172075,56.01335138506143,54.95346599988077,55.973201751708984,52020600
2010-04-06,55.78048041827437,56.43889377823416,55.668068829449936,56.30239486694336,50203600
2010-04-07,56.23818220621047,56.4549743279888,55.76444219791738,56.125770568847656,71418200
2010-04-08,55.96517440122153,56.366646258119744,55.53159018662891,56.06956100463867,54603600
2010-04-09,56.157881114612,56.41482283882349,55.80458394658099,56.40679168701172,53070100
2010-04-12,56.43086996161812,56.75204859683988,56.30240218311318,56.6396369934082,49301000
2010-04-13,56.51917503186682,56.80020394494059,56.15785301876781,56.76808547973633,42151000
2010-04-14,57.0973197552555,57.98055648803711,57.0009643181258,57.98055648803711,62041600
2010-04-15,57.95647538261929,58.277654081560755,57.884207265519734,58.15721130371094,55141800
2010-04-16,58.00466747423967,58.18934727257038,56.96084404647024,57.37837219238281,93241600
2010-04-19,57.05716711376485,57.62725630325536,56.029400342515856,57.09731674194336,85284600
2010-04-20,57.40243881080414,57.91632224766273,57.1535282440059,57.87617874145508,50736600
2010-04-21,57.972541610991534,58.39007582979137,57.74771832054941,58.27766418457031,60382500
2010-04-22,57.68346934839564,59.00832760695101,57.37835296424504,58.89591598510742,79289500
2010-04-23,59.00832951542283,59.58644994701564,58.32582861044905,59.522212982177734,66271100
2010-04-26,59.55432022492397,59.947766965820385,59.281322364846936,59.29737854003906,62710000
2010-04-27,59.056501679731674,59.6105285741412,57.827992878973376,57.94041061401367,101050200
2010-04-28,58.26958214587923,58.438199466462066,57.74766789114003,58.03672790527344,79762700
2010-04-29,58.470353952792365,59.2893537468145,58.11705680095312,59.26526641845703,68869600
2010-04-30,59.25724439610769,59.3616248662712,57.46667734378279,57.530914306640625,88759100
2010-05-03,57.892225326993014,58.86378623026944,57.86010685176411,58.82364273071289,53775400
2010-05-04,57.9645180012326,57.97254302896238,56.63162828104523,56.97689437866211,105727600
2010-05-05,56.51116082778816,56.96883837372522,55.71624848504962,56.141807556152344,110340400
2010-05-06,55.74035720765206,56.35862736510636,50.874519732815855,54.03812026977539,195388200
2010-05-07,53.5643689486158,54.295050594107884,51.90227587563157,52.48039627075195,189573100
2010-05-10,55.04177942349888,55.45127619815643,54.359272547124135,55.427188873291016,107703400
2010-05-11,54.768798869261126,56.623597188763014,54.58412521567001,55.796566009521484,100027800
2010-05-12,56.08561084993552,57.57105532751803,56.03743619285973,57.5068244934082,84618400
2010-05-13,57.378352274051636,57.892235718004905,56.67978909587741,56.95279312133789,78553600
2010-05-14,56.58343813822597,56.60752546677945,55.09799365968252,55.85275650024414,86134200
2010-05-17,56.20604860216447,56.663726181457456,54.399425611380614,55.95713806152344,78565900
2010-05-18,56.68781032842145,56.848402705290155,54.704538887395664,54.881187438964844,87146900
2010-05-19,54.63227234833597,55.24251107751248,53.459975662004965,54.23080062866211,107292800
2010-05-20,52.80958921824714,53.09062433294922,51.45261892238935,51.484737396240234,166841100
2010-05-21,50.641656026523876,52.705220972826545,50.39274239104083,52.24754333496094,139644500
2010-05-24,52.03072485901444,52.52052072979059,51.50077937549763,51.548954010009766,75991800
2010-05-25,50.424852884967095,51.58109046121701,49.54964431798354,51.54094696044922,110830700
2010-05-26,51.74168644292885,52.954126842419704,51.3723300669211,51.66941833496094,104172900
2010-05-27,52.96217248385537,53.909646415953,51.66943247160414,53.88555908203125,86856200
2010-05-28,53.72497224266342,53.93373321857883,52.77749831989926,53.19502639770508,92369800
2010-06-01,52.67309657155633,53.37165967756482,51.54094933185785,51.581092834472656,88420300
2010-06-02,51.89422802661401,53.07455576587497,51.404432078676166,53.05046844482422,61553800
2010-06-03,53.15485473331549,53.86947392440834,52.889888046598024,53.732975006103516,74864100
2010-06-04,52.279668878499855,52.753402758016136,50.88254538371347,51.03510665893555,105547200
2010-06-07,51.259914883254396,51.47671000309032,49.670087067444115,49.71826171875,88434200
2010-06-08,49.87082045276047,50.26426104600068,48.738670258947884,49.69417190551758,129072000
2010-06-09,50.07960106426136,50.92269139310998,49.453305916485924,49.7263069152832,108638000
2010-06-10,50.60953327192007,51.45262648805082,50.424856614601794,51.44459533691406,75497300
2010-06-11,50.818299828988195,52.21541994059725,50.72997554525689,52.143157958984375,65295200
2010-06-14,52.833690810338034,53.39574887441619,52.319807401474165,52.47236251831055,70543000
2010-06-15,52.930039004622486,53.933718473578345,52.48039256284172,53.789188385009766,72336400
2010-06-16,53.315459959701585,54.10234131168354,53.19501718616077,53.540283203125,62369400
2010-06-17,53.86147594096204,53.95782528414937,52.970207760625975,53.60453414916992,67327600
2010-06-18,53.77315671459387,54.2228033612889,53.35562243468324,53.63665771484375,52760900
2010-06-21,54.495785947619865,54.60016641335369,52.769455931414676,53.082603454589844,58648400
2010-06-22,53.28334424337714,53.877520864111595,51.926367434616374,51.990604400634766,70827400
2010-06-23,51.85411193328048,52.4001139608353,51.235844841402596,51.8460807800293,70315300
2010-06-24,51.41248750701102,51.81395938337497,50.898603995343144,51.019046783447266,72504900
2010-06-25,51.21175557379872,52.127111033415105,50.74604975354985,51.894256591796875,87177700
2010-06-28,51.86212708644676,52.38404168085494,51.31612822583301,51.59716033935547,64643900
2010-06-29,50.76209482503732,50.76209482503732,49.28467849444158,49.64600372314453,110269700
2010-06-30,49.485411584512704,50.28032397956975,48.931378577608015,49.07590866088867,93806400
2010-07-01,49.1401337548352,49.30072303783183,47.47001011244752,48.72260284423828,114225800
2010-07-02,48.93933089686709,49.052112402305184,47.86790044907409,48.19013595581055,72084200
2010-07-06,49.027936841296544,49.543511099256946,47.255648024758905,47.561771392822266,89452600
2010-07-07,47.70677672500228,49.26155706509485,47.52149241932609,49.221275329589844,79640200
2010-07-08,49.76102641894053,50.03492566533828,49.17294925789413,49.930198669433594,58770100
2010-07-09,49.93018711687939,50.703548431396484,49.761014905528405,50.703548431396484,38202700
2010-07-12,50.55854348948641,50.896890989861944,49.64017653185452,50.13158416748047,43038300
2010-07-13,50.81633790143886,51.91193473967111,50.62299601754758,51.718589782714844,83581200
2010-07-14,51.573604615769916,51.87167359983066,51.13053607561373,51.533329010009766,52526100
2010-07-15,51.638029574484065,51.638029574484065,50.43770889450289,51.05801010131836,71044000
2010-07-16,50.67937889595501,50.784105861522825,49.05209597086661,49.19710159301758,98127500
2010-07-19,49.35821513341837,49.52738732065163,48.455960395110104,49.406551361083984,63879600
2010-07-20,48.69765575949942,50.32493922822874,48.50431384101852,50.236324310302734,71430700
2010-07-21,50.631039084287075,50.727711540928716,49.22126469210494,49.334049224853516,68456600
2010-07-22,50.0913159928342,51.28358238678015,50.083258415412764,51.090240478515625,81000700
2010-07-23,50.84051448953881,52.45168590446033,50.70356332127638,52.346961975097656,73916800
2010-07-26,52.57251113740994,53.58754443614366,52.29860887305591,53.53921127319336,66248300
2010-07-27,54.02256368151577,54.19173590530047,53.15253598007013,53.34587478637695,84127100
2010-07-28,53.27336466312776,53.51504276142102,52.185825513066746,52.48389434814453,59705100
2010-07-29,52.93503609971054,53.16059911441856,51.51720660672847,52.346961975097656,63214400
2010-07-30,51.6380284766012,52.854464282631334,51.41246552366942,52.37916564941406,67453000
2010-08-02,53.3055949382715,53.603663807564686,52.838353839205446,53.289485931396484,49896600
2010-08-03,53.112259326097444,53.59560946116912,52.43556422009276,52.86252975463867,51145700
2010-08-04,53.15252317399382,53.555315841996986,52.93501169144023,53.41836166381836,40817400
2010-08-05,52.89475004380058,53.337818407622926,52.7336292464861,52.79001998901367,37991000
2010-08-06,51.91998175921904,52.69334922908471,51.444689275871255,52.47583770751953,62483200
2010-08-09,52.86253122596853,53.25726646354857,52.24222684935502,53.055870056152344,35100700
2010-08-10,52.53223452443348,52.69335532685462,51.662200629749805,52.056941986083984,59841700
2010-08-11,51.01773948501365,51.01773948501365,49.873806291028565,50.01075744628906,87392600
2010-08-12,49.01988410135782,50.06714787336402,48.947381272112246,49.761024475097656,63300200
2010-08-13,49.54350357114882,49.68850919329978,49.11654427985127,49.19710159301758,68238000
2010-08-16,48.8506949054215,49.88184316525175,48.641244067542566,49.591835021972656,51371000
2010-08-17,50.12353028140758,50.872725034600315,49.83351901267945,50.445762634277344,54593200
2010-08-18,50.38937340700162,51.0982895214809,49.89796575059206,50.59882736206055,61766600
2010-08-19,50.421589131349194,50.63103997830922,49.09237202316669,49.21321105957031,89236900
2010-08-20,49.03599628204346,49.29378343698024,48.44791914277735,49.26156234741211,64085700
2010-08-23,49.62407077546188,49.881857916654006,48.56069804977806,48.59292221069336,55423700
2010-08-24,47.81957033740159,48.59293191542987,47.36844121368556,48.037078857421875,78875300
2010-08-25,47.64232543509266,48.882927828482885,47.440929062388975,48.762088775634766,64025300
2010-08-26,48.93931504471348,49.36627434073526,48.22234450118084,48.399574279785156,74569900
2010-08-27,48.95542496281651,49.78517693865706,47.98066736961642,49.66434097290039,72003600
2010-08-30,49.4226770387596,49.67240968969351,48.55264615868632,48.576812744140625,42401800
2010-08-31,48.455974101898455,49.06821779352754,48.07734789407612,48.480140686035156,60625100
2010-09-01,49.32600999114711,50.38938282508446,49.1568377387174,50.35715866088867,62585200
2010-09-02,50.34104084325829,51.05801146930015,50.16381104425832,50.91300582885742,45824200
2010-09-03,51.68637041678254,51.98443312856271,51.243295918014965,51.82331848144531,51986300
2010-09-07,51.66220986449085,51.67026744258476,50.67939737856251,50.84051513671875,48881600
2010-09-08,50.96135048330764,51.54943075383811,50.93718389547359,51.138580322265625,58863300
2010-09-09,51.91999105920489,51.944163790698234,50.784118524240164,51.170799255371094,52494300
2010-09-10,51.364134081335564,51.64609087187659,51.03384412383582,51.331912994384766,46973500
2010-09-13,51.919978964258085,52.74973712724536,51.81525507003832,52.58055877685547,60551500
2010-09-14,52.46779631138246,52.862537743763546,52.16973352520936,52.35501480102539,55811200
2010-09-15,52.21000919134409,52.82225606702342,51.82333148280131,52.65308380126953,63008500
2010-09-16,52.52417177181819,52.69335013422136,51.87164948817292,52.31472396850586,52659700
2010-09-17,52.685293590881,52.78195991857205,51.78303560694322,52.532230377197266,61775400
2010-09-20,52.70140552787548,54.135346832254456,52.338894486612936,53.99034118652344,70669500
2010-09-21,53.99035210206641,54.320645196503804,53.595616821265494,53.67617416381836,64974200
2010-09-22,53.53116451799435,53.893681751788726,52.62891251451852,53.039756774902344,65225800
2010-09-23,52.615766936397186,53.43145436173142,52.22003995565124,52.397708892822266,62724700
2010-09-24,53.13262814339103,54.158289466394244,53.05186842813879,54.10175704956055,71675000
2010-09-27,54.117929172575465,54.23907186313664,53.714124311753686,53.964481353759766,48357100
2010-09-28,54.085611158746346,54.618630244024416,53.10032654722768,54.497493743896484,66176700
2010-09-29,54.41674001562395,54.877077303640995,54.20676592745695,54.65094757080078,53580600
2010-09-30,55.054730539587844,55.36162605064714,54.06944609968923,54.513633728027344,81818000
2010-10-01,55.030504342284594,55.12741968901223,54.31173246504094,54.80437469482422,61763500
2010-10-04,54.65899231845763,54.99818671246818,53.68986371797909,54.061363220214844,56292700
2010-10-05,54.65899029367103,55.73311199648408,54.31171809507618,55.5958137512207,77655500
2010-10-06,55.54736059918591,55.77349019262837,55.095101412300984,55.41006851196289,43163400
2010-10-07,55.741201771838526,55.78966252891896,54.85283260526515,55.248565673828125,39955400
2010-10-08,55.32935314189868,56.258105711670204,55.0305352760285,55.951210021972656,59953200
2010-10-11,55.999629974365234,56.419590291366134,55.83811056725438,55.999629974365234,37345900
2010-10-12,55.8542667544179,56.38728573238404,55.248559729437446,56.14500045776367,51099800
2010-10-13,56.52459810232539,57.453350439107716,56.34692299214079,57.00109100341797,58582200
2010-10-14,57.041456891935084,57.29989168603901,56.44382758586441,56.960697174072266,70382100
2010-10-15,57.453339247622765,57.54217678541017,56.44382737419452,56.76687240600586,74953500
2010-10-18,56.984923820915164,57.364501268253704,56.7426446701003,57.24335861206055,39841500
2010-10-19,56.56493574572876,57.146415218223886,55.68463872165483,56.12882614135742,64627600
2010-10-20,56.40342616899995,57.041438205782,56.07230958576112,56.70224380493164,54118800
2010-10-21,56.98491195438251,57.412943910436404,55.6927382677377,56.42766571044922,62505300
2010-10-22,56.564973674675585,56.847635785127494,56.33884398631406,56.79110336303711,26267800
2010-10-25,57.21106215836967,57.79254206691275,56.82341299372254,57.13030242919922,36095900
2010-10-26,56.82342260597344,57.47758453295626,56.52460477976512,57.089935302734375,37884100
2010-10-27,56.70224524511676,57.033367998335294,56.16114852122123,56.94453048706055,53515400
2010-10-28,57.388728633381696,57.43718939285773,56.33076216865533,56.59727478027344,48482400
2010-10-29,56.435743668527465,57.07375584538717,56.39536689474395,56.77494430541992,40455100
2010-11-01,57.06570925296411,57.47758579895012,55.975431135213874,56.38731384277344,47357500
2010-11-02,57.07377359816146,57.59064329130102,56.75072849955604,57.5583381652832,55102800
2010-11-03,57.631014198964465,57.840994393424914,56.93646953861732,57.784461975097656,58044500
2010-11-04,58.8424414997979,59.26239582032228,58.64861690275379,59.246246337890625,60908000
2010-11-05,59.31890442624503,59.76309203437188,59.197767952728945,59.57733917236328,45659100
2010-11-08,59.38353778945197,59.69043340611593,59.052421030218426,59.528907775878906,31656700
2010-11-09,59.69044086201782,59.80350573652023,58.41441595083521,58.73746109008789,48438600
2010-11-10,58.81821468580496,59.39969464335867,58.23673472825126,59.39161682128906,53667600
2010-11-11,58.73744776591089,59.39160955736474,58.51938972771152,59.15740203857422,42989400
2010-11-12,58.57592010387983,59.036257304282344,58.06712830182608,58.172115325927734,48799200
2010-11-15,58.45474082724109,58.83431806663357,58.1236243207202,58.18015670776367,38922600
2010-11-16,57.74408235901226,57.88945232330202,56.653810707625,57.049537658691406,69965600
2010-11-17,57.178748930257285,57.35641782547617,56.855703932600576,57.20297622680664,39512500
2010-11-18,57.8813721197138,58.61629973158136,57.87330046094299,58.317481994628906,52638700
2010-11-19,58.14788873741255,58.64053106547472,57.76831125563625,58.51131057739258,32830300
2010-11-22,58.28517410470911,58.947413625164074,57.93790178535033,58.79397201538086,42163100
2010-11-23,58.08325804484686,58.3416927684558,57.74406362540446,58.2367057800293,52202300
2010-11-24,58.761650545663535,59.561181975072486,58.75357272795286,59.5450325012207,42138400
2010-11-26,59.18162568189329,59.54505366923598,59.060483019445726,59.13317108154297,19004000
2010-11-29,58.91511218957238,59.36737771194767,58.17211290780312,59.222007751464844,47897000
2010-11-30,58.535526380146926,59.15738284710756,58.29324111887542,58.753578186035156,68631800
2010-12-01,59.86001423153908,60.22343601685693,58.80204166960492,60.06998825073242,59974000
2010-12-02,60.142685842289836,60.804925445192865,60.05384829640035,60.67570495605469,42529200
2010-12-03,60.43340844412084,61.29755019221794,60.37687603673394,61.11179733276367,36549400
2010-12-06,61.087574087061846,61.6609760175807,60.974509264794506,61.49137878417969,36177500
2010-12-07,62.23435914672056,62.379729040228675,61.709418128311796,61.846710205078125,66769100
2010-12-08,61.98403342558125,62.194013635390135,61.67714401245436,61.806358337402344,40388800
2010-12-09,62.25056500379441,62.25056500379441,61.76600035501147,62.016357421875,49384000
2010-12-10,62.226317026478704,62.945089018433514,62.0001811813578,62.79164123535156,43303000
2010-12-13,63.04199945277946,63.146992637604654,62.44437011147952,62.468597412109375,43025600
2010-12-14,62.759339619448504,62.76741744047544,62.33130752860227,62.43629455566406,60000700
2010-12-15,62.38783211055465,63.04199381535084,62.12131950431496,62.242462158203125,52002400
2010-12-16,62.33127739417954,62.96928939227082,62.07284270040818,62.81584167480469,57936100
2010-12-17,62.880471210551335,63.130828164130705,62.420134078269676,63.00968551635742,40362300
2010-12-20,63.24388845985056,63.647693149108335,62.936999114180054,63.26004409790039,42692700
2010-12-21,63.51852951868174,64.02732161482366,63.47006872744763,63.962711334228516,30166800
2010-12-22,64.11436922455552,64.23606039705957,63.862878673658564,63.94400405883789,29812300
2010-12-23,64.05759435429204,64.18739994954841,63.773652351508,63.862892150878906,25239600
2010-12-27,63.660067913710726,64.17116345741077,63.53026233402586,64.05758666992188,15770300
2010-12-28,64.17926769828483,64.21983348288522,63.700617435773154,63.87909698486328,25827900
2010-12-29,63.96834099656032,64.10625477018523,63.88721561145567,64.01702117919922,18138800
2010-12-30,63.960255663195724,64.26854093192891,63.89535903930664,63.89535903930664,37997400
2010-12-31,63.82231351072464,63.992678678108994,63.416680391389455,63.47346878051758,33323500
2011-01-03,64.04137250170416,64.91753552208837,63.87100729803303,64.5768051147461,48878000
2011-01-04,64.77150747214034,64.82018766578291,62.92993543716855,63.619510650634766,77509000
2011-01-05,63.60327393481492,64.38208877612243,63.368005984398565,64.36585998535156,47145300
2011-01-06,64.41454145118863,64.52000383541923,63.806091764035344,64.0656967163086,39392300
2011-01-07,64.28476604019707,64.44702307991139,62.824489819607265,63.700653076171875,59486800
2011-01-10,63.47346963077914,64.32530166858186,62.97048851732674,64.0656967163086,55020300
2011-01-11,64.38211342270434,64.64171846918812,63.98459454922316,64.32532501220703,42124300
2011-01-12,64.85264663765086,65.00678306534756,64.50380179159164,64.87698364257812,38442600
2011-01-13,64.89321311943324,65.14470997240872,64.552482635435,64.85265350341797,29687600
2011-01-14,64.78774737128833,65.45298569669248,64.64983354285063,65.33940887451172,38036700
2011-01-18,65.13658615508791,65.41241378621133,64.7958557203571,65.38807678222656,37824100
2011-01-19,65.36369288462541,65.46915522272198,63.570796000178056,63.708709716796875,70707400
2011-01-20,63.39232454591766,63.716832182793034,62.74330927216691,63.043479919433594,79653000
2011-01-21,63.44913577321103,63.47347277158617,62.564858488404674,62.621646881103516,56676500
2011-01-24,62.62974360647016,63.335547377316004,62.540503835806796,63.08405685424805,48142600
2011-01-25,62.71899402657446,63.197644349539054,62.42693767108059,63.18141555786133,47013400
2011-01-26,63.27877268580425,64.3983179743436,63.07595610668308,64.18739318847656,65896200
2011-01-27,64.18739749133145,64.63359028162644,63.8710041018504,64.37398529052734,48174800
2011-01-28,64.34151436318594,64.45509112547555,62.73521090253607,62.800113677978516,91023700
2011-01-31,63.173304545940155,63.68440005062121,62.67031724726736,63.23820114135742,53265200
2011-02-01,63.74930625869003,64.90941729560075,63.57894108131482,64.698486328125,57786700
2011-02-02,64.5686777928964,65.00676231013308,64.4307640160266,64.4551010131836,39937400
2011-02-03,64.40643246880123,64.7796142322169,63.6844059411862,64.68226623535156,41156200
2011-02-04,64.57680725666769,64.87697806707585,64.28475084369536,64.79585266113281,39532700
2011-02-07,64.88509090690579,65.91539653553995,64.82830250516172,65.43675231933594,40835200
2011-02-08,65.43674076295238,65.93160749677149,65.17712961286034,65.89916229248047,37563900
2011-02-09,65.72070114388033,65.95596917249702,65.2420506885644,65.60712432861328,43298900
2011-02-10,65.16905514175684,65.94787042678088,65.09603792062794,65.86674499511719,48001000
2011-02-11,65.62331788523177,66.60494917661919,65.54219250873527,66.58061218261719,38579100
2011-02-14,66.61307723147851,67.01871038661382,66.56440323349291,66.92135620117188,36730500
2011-02-15,66.74289383935817,66.921373463973,66.38594077960086,66.54007720947266,42908600
2011-02-16,66.69419673640755,67.18906963713964,66.66985973956338,67.07549285888672,38284700
2011-02-17,67.01059702262958,67.74885234729322,66.88890583632042,67.54603576660156,34891200
2011-02-18,67.7001515537731,67.95975645046586,67.36753568119904,67.61902618408203,39514200
2011-02-22,67.11605502319095,67.35131677296357,65.78557276932699,65.88292694091797,68370300
2011-02-23,66.0127726248205,66.06956104539643,64.32533642845891,64.7471923828125,91258600
2011-02-24,64.86885518528501,65.48541933085934,64.38209662381936,65.1609115600586,85126500
2011-02-25,65.46919155545906,66.69420546926911,65.42051755539741,66.66986846923828,58566800
2011-02-28,67.0511439639609,67.20528031311287,66.1911976947513,66.74285888671875,49869300
2011-03-01,66.99437821496885,67.0430522164617,65.18525148933978,65.404296875,70865100
2011-03-02,65.33126242273262,66.01272921094461,65.0959944952231,65.68010711669922,61072300
2011-03-03,66.33722701225292,67.35130964854403,65.73689182461996,67.17283630371094,78937600
2011-03-04,67.16477096507391,67.20533058646778,66.23992742045087,66.88082885742188,60907100
2011-03-07,67.14038739336434,67.1890613810717,65.23391320470269,65.78556823730469,90777900
2011-03-08,65.84240772340911,67.18099281423484,65.34753454590768,66.85649108886719,67755300
2011-03-09,66.72662068859746,66.99433992272913,66.3209877360832,66.58870697021484,51216900
2011-03-10,65.7125871555992,65.73692416052644,64.65793821928833,64.87698364257812,107642100
2011-03-11,64.36585829758349,65.46918084120593,64.3171843054875,65.04732513427734,83202700
2011-03-14,64.36586417981823,65.16902225962066,64.01702561862417,64.698486328125,60138300
2011-03-15,63.24631330317761,64.63357778643548,62.929919974862834,64.12248229980469,84941700
2011-03-16,63.830419697552564,64.60923444378389,63.08405633943123,63.48157501220703,126014500
2011-03-17,64.35776605774353,64.44700585837144,63.619510650634766,63.619510650634766,63992800
2011-03-18,64.35777153325351,64.5686963622543,64.14684051478065,64.4632339477539,70017700
2011-03-21,65.29072491075334,65.9721857399735,65.19337071109118,65.95596313476562,50638200
2011-03-22,66.05331719159895,66.19934540972405,65.44486731432303,65.60712432861328,52372800
2011-03-23,65.46109170304122,66.00463873800442,64.77962466784933,65.8099365234375,58044700
2011-03-24,66.24811873287968,66.49200925090746,65.63839864020375,66.2643814086914,52850900
2011-03-25,66.64645934209139,67.52445137311453,66.29688631595707,66.84156799316406,78164900
2011-03-28,67.0610810514661,67.28058376535449,66.63834450242707,66.69525146484375,42798300
2011-03-29,66.73588816398254,67.38625869114396,66.32128300025032,67.32122039794922,40967200
2011-03-30,67.61389249703757,68.28051955528068,67.50820991304066,68.19109344482422,42147100
2011-03-31,68.12605050526378,68.52439916873598,68.0447495433207,68.42684173583984,41625800
2011-04-01,68.91463086914293,69.11787091160546,68.49189430987416,68.72765350341797,49160200
2011-04-04,68.90649840582228,69.0772192790495,68.72764619509093,68.88211059570312,42236600
2011-04-05,68.8414388586521,69.7113056312614,68.71136230831475,69.25605010986328,45454400
2011-04-06,69.6137854158287,69.81702548253631,69.02845923372226,69.4105453491211,59035700
2011-04-07,69.4755847499211,69.73573179129579,68.79270109221056,68.99594116210938,69434400
2011-04-08,69.30484113135613,69.39426722900735,67.96345586898038,68.27238464355469,63650400
2011-04-11,68.30491469281445,68.51628608587244,67.39440321944636,67.66268157958984,41784100
2011-04-12,67.30497566314021,67.51634705168763,66.70338685216048,66.77655029296875,58103300
2011-04-13,67.19115973690647,67.32123013972489,66.39445603596567,66.86597442626953,80424900
2011-04-14,66.32942445722357,67.23994217882806,66.21561051732232,67.1749038696289,58532300
2011-04-15,67.19926701604213,67.8902816772461,66.87408182183093,67.8902816772461,53690700
2011-04-18,66.86596717232966,66.87409850987179,66.1993401489201,66.7684097290039,58593400
2011-04-19,66.99604696759613,67.2317999460537,66.39445200857183,66.78467559814453,31991000
2011-04-20,67.88215812022207,68.20734335169563,67.67891812585015,68.15043640136719,47061100
2011-04-21,68.56504625119393,68.67886636209025,68.069146336939,68.65447235107422,30293300
2011-04-25,68.58944986159804,68.71952025992329,68.10166881129572,68.56505584716797,23441400
2011-04-26,68.71952991181476,69.64630411372784,68.57319681664983,69.24795532226562,53200000
2011-04-27,69.28858339549622,69.72757633654457,69.01217377078487,69.66254425048828,44680600
2011-04-28,69.58939063971135,70.32105604715477,69.5243523362955,69.9796142578125,43464600
2011-04-29,70.06903886532481,70.46738761097816,69.8576674849726,70.23162841796875,41030900
2011-05-02,70.54869096316264,70.5730787787844,69.32925056291697,69.4105453491211,48962400
2011-05-03,69.33735269738482,69.49994220131042,68.06100586415369,68.53252410888672,56070000
2011-05-04,68.63007356116005,68.6625927015853,67.25617554194629,67.64639282226562,64754600
2011-05-05,67.18299141644809,68.35365540937134,66.99601415237261,67.33745574951172,91858900
2011-05-06,68.09353002897092,68.56504210609742,67.3456021295161,67.69517517089844,76446200
2011-05-09,67.61388996100607,68.55692665321455,67.50820738097305,68.48375701904297,45806800
2011-05-10,68.83330947245682,69.54058677956006,68.7438833921659,69.53245544433594,44373700
2011-05-11,69.29668943433497,69.39424684012529,67.92279163320198,68.24797058105469,81313700
2011-05-12,67.8577893031312,69.05284179685367,67.4594405393551,68.84960174560547,80109400
2011-05-13,68.90648153266126,69.0934588327183,67.69516683928437,67.8902816772461,74669000
2011-05-16,67.443165021436,68.19921811623041,66.84157632094795,66.89848327636719,68771600
2011-05-17,66.36196360627397,66.9229083379354,66.17498616398444,66.68714904785156,76475100
2011-05-18,66.76839691335017,67.73582121619661,66.66271435516045,67.71143341064453,54512200
2011-05-19,68.17478840871496,68.26421445547106,67.25614634940773,67.85773468017578,52914400
2011-05-20,67.67891606800566,67.84150557760253,66.89847525763464,67.36186218261719,56016800
2011-05-23,66.19119511680022,66.62206288149007,66.03673694981583,66.15055084228516,50696600
2011-05-24,66.32940361840538,66.63020105215352,65.71155848230649,65.83350372314453,60223400
2011-05-25,65.66277620161134,66.89847886988257,65.65465106736733,66.6627197265625,60009900
2011-05-26,66.41884431790172,67.57325248893508,66.37820003028126,67.54073333740234,51821300
2011-05-27,67.84967067917515,68.23176303950744,67.6870810886656,68.00413513183594,46619400
2011-05-31,68.78457258911698,68.98781266739651,68.10168270085236,68.97154998779297,77456200
2011-06-01,68.86584641954977,68.95527252296613,66.68711319542899,66.75215148925781,80933800
2011-06-02,66.92284602908897,67.1992555679162,66.33751401970486,66.72773742675781,64666600
2011-06-03,65.69531318668345,66.44324130054927,65.59776193012279,65.7522201538086,76493800
2011-06-06,65.64651657012358,65.90666350843581,64.62218528697257,64.67096710205078,63782200
2011-06-07,65.06934529087279,65.38639932208208,64.65473378760099,64.82545471191406,58242200
2011-06-08,64.60592796383624,64.80916795053389,63.988076667605526,64.10189056396484,67740400
2011-06-09,64.28889352662203,64.80105621515584,64.0043586996588,64.44335174560547,58469700
2011-06-10,64.0449965662108,64.15068535019572,63.126353873441424,63.410888671875,71823100
2011-06-13,63.5978838731293,63.93119435450654,62.88247487474868,63.23204803466797,60285400
2011-06-14,63.76859822029109,64.77666710233639,63.727947730514344,64.58968353271484,66662700
2011-06-15,63.89863998809386,64.39454596964684,63.18323758633453,63.43525314331055,89262000
2011-06-16,63.48404275737032,64.12628189492506,62.784902870900325,63.581600189208984,81849500
2011-06-17,64.21570351368563,64.32951740836715,63.27267321455412,63.59785842895508,77862900
2011-06-20,63.3783607303517,64.41082340164935,63.35397292278275,64.18318939208984,53343900
2011-06-21,64.69536586639758,65.66278416208516,64.56528927401317,65.5733642578125,75970200
2011-06-22,65.21564608370525,65.93917991974124,65.0449252439836,65.0693130493164,55839700
2011-06-23,64.32953015883257,65.45141906076083,63.65477799302169,65.32134246826172,92521100
2011-06-24,65.54896001108544,65.6546487764954,64.60592967310264,64.98802185058594,73865400
2011-06-27,64.96366144808856,65.62215731542405,64.597825586595,65.49208068847656,51195400
2011-06-28,65.71155768553402,66.54077414887149,65.5814811095793,66.50825500488281,54021800
2011-06-29,66.74398451315868,66.98787488359194,66.20743438155118,66.82527923583984,68230200
2011-06-30,66.99604116724255,67.516335106698,66.89035239047026,67.31309509277344,59915500
2011-07-01,67.37812784410202,68.47562889197089,67.16676269327085,68.36180877685547,63908100
2011-07-05,68.4368096422564,68.60804361481505,68.11064702836805,68.52650451660156,48268900
2011-07-06,68.42049946909722,68.90974024479031,68.17587597073367,68.8037338256836,57094100
2011-07-07,69.48056811947126,70.10027684807899,69.26041179565759,69.83934783935547,68556600
2011-07-08,68.99948507003002,69.48057041848567,68.75486139455322,69.41533660888672,61977400
2011-07-11,68.54285027289141,68.92609110365963,67.75190748956773,67.939453125,59769800
2011-07-12,67.58065160461516,68.30636034826102,67.49911248462813,67.55619049072266,65322100
2011-07-13,67.98833481520921,68.87712777657684,67.85787350314824,68.1595687866211,79327200
2011-07-14,68.29008448631387,68.63255267068847,66.90390018515644,67.07513427734375,91726600
2011-07-15,67.36050419712406,67.60512781021903,67.00988033624094,67.5235824584961,75496200
2011-07-18,67.22188132925903,67.37680379806056,66.04769804003783,66.43909454345703,56859700
2011-07-19,67.05066585452738,68.01284271139978,67.0098931708566,67.939453125,56060800
2011-07-20,67.96389637019901,68.02097437970198,67.39311627516926,67.82527923583984,40277400
2011-07-21,68.03725227485609,68.73849959953239,67.87416788479568,68.44495391845703,63405500
2011-07-22,68.37159875550223,68.70591725740036,68.00466958023324,68.53468322753906,34540200
2011-07-25,67.69480772932579,68.29821090451213,67.47465148289128,67.72742462158203,49764900
2011-07-26,67.58062836510102,67.75186232450096,67.03430960591545,67.21369934082031,52205500
2011-07-27,66.77341369877209,66.78972525782366,65.10998927462195,65.20783996582031,97533300
2011-07-28,65.19967257318365,66.02323196956226,64.97951633349696,65.10182189941406,67439400
2011-07-29,64.18860768552453,65.37909684966587,63.715671844402316,65.02031707763672,93519600
2011-08-01,65.7949196381506,66.0395369898546,63.98472261877606,64.59627532958984,93483200
2011-08-02,64.35166579457257,64.97137441860431,62.46808502511182,62.58224105834961,95669600
2011-08-03,62.533301423819765,63.07146454206736,61.05741674008115,62.99808120727539,114910400
2011-08-04,62.02775885554327,62.14191487520771,59.190151258509914,59.198307037353516,130904800
2011-08-05,59.94848413554333,60.217568880333616,56.801031217316975,58.16275405883789,188585600
2011-08-08,56.27100639263382,58.22797635386443,53.06646986966656,53.09908676147461,170159700
2011-08-09,54.56681333794083,56.76840702937429,51.990137806863544,56.637939453125,207867000
2011-08-10,54.91741443458069,56.72761086880146,53.71062095912275,53.865543365478516,182376400
2011-08-11,54.23249737445774,57.43703390109186,53.87371778519472,56.556396484375,121880100
2011-08-12,57.07009880782204,57.56749552404078,56.099772710163165,56.907020568847656,86475800
2011-08-15,57.55119391124248,58.57044852335274,57.38810944068296,58.513370513916016,57616800
2011-08-16,57.55934399938193,58.22798100328251,56.801024533179245,57.43703842163086,79484300
2011-08-17,57.869196213340025,58.31766447409433,56.88255857443741,57.453338623046875,66789100
2011-08-18,55.496371255569606,57.40441905995225,53.669868794231505,54.183570861816406,110692200
2011-08-19,53.009381762412445,54.966351350708855,52.91968688229223,53.22953796386719,99196100
2011-08-22,54.729900546375504,54.78697855858106,52.650618548390696,53.042015075683594,72211900
2011-08-23,53.37634237482516,55.692092851815794,52.88710124395174,55.60239791870117,93274300
2011-08-24,55.54529881024822,56.77655384110982,55.0560516440123,56.42593002319336,67698000
2011-08-25,57.06194512684985,57.314718245303574,54.83589062160916,55.03974151611328,80732900
2011-08-26,54.84405118513531,56.52378071169612,53.865563073508355,56.35254669189453,84468500
2011-08-29,57.135343928780266,59.07600273020498,57.110882810184066,59.018924713134766,53069800
2011-08-30,58.627528386720435,59.74462749545507,57.99151448401731,59.361392974853516,67801600
2011-08-31,59.68753912539014,60.25016958215328,58.62751821186468,59.239070892333984,70313900
2011-09-01,59.2798374552727,60.038163029391,57.640880747529586,57.967037200927734,86788800
2011-09-02,56.556381717336095,57.11085629186035,55.5289716660929,55.82251739501953,78920100
2011-09-06,53.75956104959823,55.70021943046821,53.75956104959823,55.6676025390625,71493900
2011-09-07,56.58900303832617,57.852874706006176,56.31991839553631,57.77133560180664,68952400
2011-09-08,57.355486152958335,58.13827908231048,56.40962121329778,56.71132278442383,71124100
2011-09-09,56.018223321318835,56.36884710870735,54.42818883260092,55.03974151611328,99453600
2011-09-12,54.12648272543279,55.65128952789424,54.11833316948238,55.512672424316406,100109900
2011-09-13,55.88777571600081,56.63794569905225,55.3088397798826,56.40963363647461,84144100
2011-09-14,56.94777600630747,58.219809664276546,55.806216112153585,57.420711517333984,77019200
2011-09-15,57.95073727617497,58.25243886687021,57.07009983931009,58.22797775268555,74213100
2011-09-16,58.423660088965946,58.73351116915627,57.795795930930154,58.31765365600586,75773300
2011-09-19,57.15978504584445,57.901805229144536,56.62977151792083,57.27394104003906,69216200
2011-09-20,57.47779245621778,58.13011776146382,56.352537836755275,56.385154724121094,63453200
2011-09-21,56.29546438321705,56.7765495133663,54.256955416071456,54.29772186279297,81413800
2011-09-22,52.43045832732904,53.75140828768606,51.76998023663239,52.78108215332031,159808200
2011-09-23,52.59280857235217,53.64057091900439,52.47002255622594,53.32133102416992,84086000
2011-09-26,53.894333573217,54.418221083727865,52.61737376956235,54.32817840576172,75555800
2011-09-27,55.53964277108783,56.80023381956309,55.064873497280985,55.49871826171875,93999600
2011-09-28,55.490528270003466,55.76065624887916,53.288586176696285,53.37044143676758,85412600
2011-09-29,54.6228603844983,54.86023880475922,52.691045947789306,54.295433044433594,73927200
2011-09-30,53.32952243632169,54.17264356791641,52.58462512889308,52.63374328613281,72124900
2011-10-03,52.23263518659033,53.173983088499426,49.80968034791034,49.92428207397461,119485000
2011-10-04,49.37584156184229,53.108496039869955,49.18757198269421,53.034828186035156,165100000
2011-10-05,53.026660476247145,54.13172241017156,52.32269380082553,53.763370513916016,100371000
2011-10-06,53.624202861599024,55.09761633330117,53.32951891822734,54.95846176147461,85789700
2011-10-07,55.15492444316268,55.34319719903167,53.370451943619166,53.616024017333984,93662300
2011-10-10,54.819305318877056,55.97347885339844,53.64875698519591,55.96529769897461,76366700
2011-10-11,55.4332474109493,56.57924016878797,55.285905395724924,56.35003662109375,63173300
2011-10-12,56.78388121023964,57.73341377933377,56.333667764661776,57.1522331237793,88580000
2011-10-13,56.82480343813267,57.39780291348838,56.137211561895214,57.103118896484375,54163300
2011-10-14,57.774336328021434,58.39644141595399,57.14403759386076,58.232730865478516,69768200
2011-10-17,57.717026082517826,57.80706874177754,56.17811972073806,56.464622497558594,57529900
2011-10-18,56.6528603318116,58.355476352378645,55.53961187568337,57.962562561035156,98948000
2011-10-19,57.7988999174249,58.24092595625922,56.538308527821385,56.83299255371094,71071600
2011-10-20,56.93938054005639,57.07854133915698,55.45777985888141,56.98849868774414,90998600
2011-10-21,57.766142410009074,58.24909909619373,57.315929079256975,58.22453689575195,60408600
2011-10-24,58.4864854926546,60.23003349823589,58.24910706232856,60.09906005859375,81399100
2011-10-25,59.665222788472526,59.70615355055533,58.24910835067514,58.412818908691406,66767900
2011-10-26,59.42782698731833,59.78799764174623,57.74158482369011,59.419639587402344,76643400
2011-10-27,61.62976838682822,63.00495803271426,59.46875697831533,62.554744720458984,130508100
2011-10-28,62.456531711529834,62.964038174817226,62.01450572259232,62.23551559448242,82397500
2011-10-31,61.2696039465645,61.75256066185371,60.51652546170211,60.58201217651367,66969200
2011-11-01,58.26546474731245,59.73069704281908,58.08537942398728,58.43736267089844,110064900
2011-11-02,59.44419043428206,60.00081486429342,58.79752335786041,59.878028869628906,63821300
2011-11-03,60.79482903502617,61.55609485044562,59.174073586169456,61.367828369140625,74622200
2011-11-04,60.72114564080806,61.24502668676378,60.20545199264516,61.06494140625,65262500
2011-11-07,60.98308849073251,61.28595976907649,59.67338582586857,60.94215774536133,67136100
2011-11-08,61.50697672602906,61.91625924682785,60.13178720633891,61.83440399169922,72278500
2011-11-09,60.01719856834817,60.50833642584838,58.789350802019314,58.88758087158203,78806400
2011-11-10,59.85348352186715,59.943526184227146,58.63381700268398,59.321414947509766,72175100
2011-11-11,60.033578992931574,61.00767374525206,59.37054306647903,60.8848876953125,62452000
2011-11-14,60.655673689629715,60.79482826015218,59.566980589329084,60.00900650024414,61114200
2011-11-15,59.68979934045677,61.097733107696406,59.288703963330015,60.77030563354492,65795300
2011-11-16,60.139973782947955,61.294147228335575,59.68157936437195,59.78799057006836,56938700
2011-11-17,59.71431022488589,60.11541154434801,58.33912086782058,58.936676025390625,78923500
2011-11-18,59.1413246034819,59.32140991291811,58.486470068287645,58.92031478881836,53462900
2011-11-21,57.74156057397929,57.9953136583996,56.980295075564676,57.51236343383789,58233500
2011-11-22,57.405965755155286,57.81524828761936,56.72656149758335,57.02942657470703,55404700
2011-11-23,56.3991275714697,56.55465066875935,55.14672416904965,55.23676681518555,69700300
2011-11-25,54.8847972997677,55.695175071685924,54.532814025878906,54.532814025878906,28167900
2011-11-28,56.55466330568706,57.234073880104155,56.407327573803165,57.127662658691406,59167100
2011-11-29,57.168575937312,57.44689128155527,56.57921439009822,57.021240234375,58157100
2011-11-30,59.395068938980856,60.40190654425026,57.01304825553627,60.3527946472168,93802900
2011-12-01,60.139972808506684,60.688409871153226,59.80435815380463,59.9189567565918,57394700
2011-12-02,60.64748593918396,61.08951184754323,60.00900615327263,60.16453552246094,47671500
2011-12-05,61.34326480546884,61.711616567656954,60.680222890312535,61.1959228515625,58429900
2011-12-06,61.23685243478589,61.629766426177504,60.647484570276475,61.25322723388672,43597000
2011-12-07,60.80303524642607,61.441515241702746,59.86168381319277,61.130462646484375,55904400
2011-12-08,60.49197556045124,60.72117284007851,59.116785637530114,59.23138427734375,71486700
2011-12-09,59.34596148742281,61.367818002150194,59.24773144084292,61.01583480834961,72184900
2011-12-12,60.15634887067989,61.064956652745096,59.34597115119015,60.13998031616211,47638600
2011-12-13,60.76209587759622,60.95854977156496,58.56834095194907,58.88758087158203,79040300
2011-12-14,58.32275008578235,58.84663113080017,57.774313092584755,58.15085220336914,77704900
2011-12-15,58.98579644059936,59.02672719181118,58.150862824218265,58.69111251831055,50096100
2011-12-16,59.1658779822795,59.984442993091676,58.71567097342605,59.14950942993164,66225600
2011-12-19,59.697967577067566,59.918977460191776,57.978981696149155,58.12632369995117,52897500
2011-12-20,59.386910060501265,60.54927119072852,59.35416670181298,60.459228515625,74174400
2011-12-21,60.189088220243605,60.89305467563933,59.534239915445696,60.70478820800781,59194600
2011-12-22,61.0009130829244,61.42041320493104,60.852852370563106,61.09138870239258,41502800
2011-12-23,61.32172775268555,61.428658079397394,60.93512432251027,61.32172775268555,24333600
2011-12-27,61.083173937524755,61.82347757565887,60.93511320989793,61.5026741027832,26922400
2011-12-28,61.59314244796657,61.609597122758885,60.26882353007064,60.38398742675781,37827500
2011-12-29,60.647202934047705,61.23121834973332,60.54026637970934,60.99267578125,27090500
2011-12-30,60.96801072345471,61.29702895424937,60.61431047729201,60.66366195678711,31979800
2012-01-03,62.25119072963826,62.40747876044405,61.50265992485224,61.66717529296875,60504700
2012-01-04,61.346368765116495,61.576683969552114,60.926862485255235,61.32991409301758,34648500
2012-01-05,60.89399230252652,61.97154170904691,60.35110706683103,61.6754264831543,57274600
2012-01-06,61.70828497370373,62.00440629133024,61.09136660791818,61.519100189208984,45499800
2012-01-09,61.80699693682047,61.93860920637336,61.20653321493608,61.83167266845703,52042400
2012-01-10,62.64604322031976,62.86813120032986,62.48152779473654,62.73651885986328,42977600
2012-01-11,62.47328049485472,63.065523286494034,62.407480621265755,62.98326873779297,33445800
2012-01-12,63.164250382284045,63.27118069828879,62.465077107068105,63.17247772216797,36131400
2012-01-13,62.66249147657191,62.90926147655105,62.18540615694385,62.835227966308594,42600400
2012-01-17,63.41920739402793,63.559040718882876,62.62132529538067,62.810516357421875,34518400
2012-01-18,62.77765064940465,63.93746089138879,62.637817241336506,63.92923355102539,49330800
2012-01-19,64.26644921070397,64.455640297051,63.87985225272355,64.32402801513672,35830500
2012-01-20,64.2417655215493,64.57901724547776,64.07725646514699,64.36515045166016,42221200
2012-01-23,64.37341037631023,64.85048939164628,63.78939477211945,64.28292846679688,37481400
2012-01-24,63.896316559904264,64.77645351859238,63.559064710239745,64.65306854248047,49856900
2012-01-25,64.65306543533454,65.45094779680967,64.3158198774982,65.20417785644531,68272900
2012-01-26,65.68950498357225,65.73063540797163,64.77646478737664,65.13016510009766,52755700
2012-01-27,64.81755861577253,65.62366176365246,64.79287660969537,65.57431030273438,52203500
2012-01-30,65.04790553974543,65.33579966160347,64.58726866915137,65.0643539428711,46332400
2012-01-31,65.52497808835257,65.65658411466323,64.63661387718068,64.99853515625,52024000
2012-02-01,65.60724127365623,66.54495708365258,65.36869865172793,66.39689636230469,67292200
2012-02-02,66.66008807101497,67.06313965522624,66.41331820889967,66.7752456665039,46400100
2012-02-03,67.8363767444818,68.45329540345216,67.64718559445758,68.231201171875,72738000
2012-02-06,67.91861235816448,68.21473373388858,67.75410327192637,68.00909423828125,34516000
2012-02-07,67.9515539116451,68.2641238627543,67.51559893817443,67.96800231933594,41623400
2012-02-08,68.10780677025278,68.44505229614072,67.39217903148617,68.11602783203125,46697400
2012-02-09,68.28879843587423,68.2970257773894,67.31817923263738,67.77881622314453,48712500
2012-02-10,67.03845709735087,67.1782904096879,66.6929843460649,66.8492660522461,42503000
2012-02-13,67.54023812080356,67.80345643070926,67.12895911934969,67.71297454833984,38574100
2012-02-14,67.37574119697676,67.54847765570526,66.92333170343495,67.40863800048828,49375200
2012-02-15,67.7952087265347,67.8034360612656,66.62717821945301,66.8492660522461,59836600
2012-02-16,66.8904147714368,68.19005788771197,66.85751169911876,68.10780334472656,61456800
2012-02-17,68.5108425142359,68.527290909588,67.96795133334308,68.09956359863281,33292000
2012-02-21,68.20650728101516,68.30521649940917,67.30992208084255,67.63894653320312,39889400
2012-02-22,67.42509865810271,67.7458958635687,67.03849528853569,67.10430145263672,42626900
2012-02-23,67.21121188201342,68.14892747840959,66.84106330076942,68.10780334472656,53177500
2012-02-24,68.13245373795834,68.29696276273944,67.83633247285873,67.97616577148438,37607700
2012-02-27,67.31816959512335,68.2312098282855,66.83286320079456,67.8610610961914,51807700
2012-02-28,67.90220140879006,68.32170169274326,67.31817939662399,67.68010711669922,47680600
2012-02-29,67.90214099980193,68.23938639524192,66.60249832086762,66.66830444335938,64213200
2012-03-01,66.93976809104174,67.75410503326222,66.92331969223808,67.01380157470703,69526300
2012-03-02,66.97267584946599,67.15363962706353,65.67303260637453,66.01028442382812,70789500
2012-03-05,65.79643356143536,66.13368546085245,65.32757560353902,66.0843276977539,44334800
2012-03-06,65.32758949938129,65.49210495200136,64.4968099972356,64.76824951171875,80769300
2012-03-07,64.90809502540436,65.44275303631508,64.8011584027235,65.376953125,57456300
2012-03-08,65.80466040287486,66.37222760704852,65.26999628197721,66.22416687011719,43803100
2012-03-09,66.23235591751495,67.57312924149176,66.18300445426814,67.12071990966797,61462900
2012-03-12,67.23588409944352,67.39217211587207,66.6683233896065,66.98912048339844,34084200
2012-03-13,67.49908232113957,68.34631574135496,66.95619750674466,68.32164001464844,60998100
2012-03-14,68.23942963731098,68.46152387255331,67.45800183330118,67.76234436035156,46707700
2012-03-15,67.65541279690189,68.3710406990836,67.47444898653724,68.32991027832031,58740500
2012-03-16,68.45326444911434,68.4943885757435,67.9844067313376,68.27230072021484,42045800
2012-03-19,68.18183637091579,69.4156734478786,68.06667874578218,68.84810638427734,66822800
2012-03-20,68.37104083738033,68.51910156655808,67.92685864984713,68.231201171875,43829100
2012-03-21,68.43684015136056,68.62603129979934,67.97620956472154,68.21475219726562,40504700
2012-03-22,67.52381383094884,67.82816268819946,67.13721666714055,67.55671691894531,60102900
2012-03-23,67.65654344690101,68.30835724280915,67.03773359830132,68.21759796142578,46464800
2012-03-26,69.09217076805824,69.68622914593114,68.99316523498503,69.63672637939453,56454000
2012-03-27,69.65322433497622,69.85124798837084,69.1004224660141,69.1499252319336,41730700
2012-03-28,69.1416923336086,69.32320460868847,68.15984532067787,68.74565124511719,48836000
2012-03-29,68.25884604592531,68.66313333455956,67.67303392206576,68.54762268066406,45615600
2012-03-30,68.96840548543209,68.97665804455978,68.09382306364145,68.32484436035156,45904700
2012-04-02,68.1020741231631,69.19117899428457,67.97005835945961,69.16642761230469,52756800
2012-04-03,69.02615539411565,69.30667940828441,68.42384457713983,68.7043685913086,52012300
2012-04-04,67.96181729942643,68.01132006717678,67.20273918972246,67.6070327758789,65172400
2012-04-05,67.3264811188859,67.65651415421925,67.17796656772872,67.30998229980469,31978700
2012-04-09,66.08061303878198,66.47665396195828,65.88259572462228,66.20437622070312,50062200
2012-04-10,65.94038715309232,66.13841087056853,64.47174587020905,64.64501190185547,101228600
2012-04-11,65.1895382465921,65.65158078901605,65.05752249455239,65.56082153320312,54346800
2012-04-12,65.62683664568365,66.7571980414493,65.54432993898983,66.50141906738281,60728700
2012-04-13,66.31990259566675,66.34466027381627,65.53607941544236,65.62683868408203,53965200
2012-04-16,65.91561123845872,66.17138390979741,65.0822790483172,65.73409271240234,44725900
2012-04-17,66.27865793586899,67.28525623968062,66.22914887028453,66.68294525146484,46737700
2012-04-18,66.3446384946491,66.55915460932444,65.86609092525396,66.17961883544922,49008100
2012-04-19,66.27038969971433,66.82319149158188,65.3875548264076,65.80009460449219,74260400
2012-04-20,66.2373741424551,66.80668095069609,66.05585566476338,66.17961883544922,46632000
2012-04-23,65.16478842377471,65.31330300093907,64.61198031747213,65.2637939453125,62477000
2012-04-24,65.28857006635262,65.94863650273467,65.0658012636182,65.75886535644531,44810200
2012-04-25,66.62517713787052,67.13672875170327,66.4436586202248,66.78194427490234,50263300
2012-04-26,66.79021795886972,67.54929628019232,66.68295983388927,67.44203186035156,43147600
2012-04-27,67.64004300974815,68.09383311099813,66.85621344327411,67.9700698852539,46796400
2012-04-30,67.94530608753495,67.95355864637284,67.18623434075641,67.21923828125,38093600
2012-05-01,67.29351695790402,68.45688267868765,67.07074814693497,67.28527069091797,60493600
2012-05-02,66.75720358504563,67.50802286162387,66.47667320516123,67.46676635742188,52095800
2012-05-03,67.37598955511082,67.45849623948213,66.14661666700917,66.51790618896484,61487800
2012-05-04,66.06411194960401,66.46015285917699,65.13177442822176,65.25553131103516,75093300
2012-05-07,64.98325883466195,65.6763225467591,64.86774821597909,65.42880249023438,47361400
2012-05-08,64.9255154239901,65.42881448114179,64.33145710768925,65.38755798339844,62939600
2012-05-09,64.56245448262734,65.39578632860481,64.33143328846063,65.01625061035156,64431000
2012-05-10,65.44531246127535,65.63508353565224,64.87600553300236,65.2637939453125,45697800
2012-05-11,64.72752612588671,65.64336546688354,64.70277473205347,65.09881591796875,44862900
2012-05-14,64.43048506078433,64.7357668837332,64.03445024195005,64.23246765136719,51220200
2012-05-15,64.21594754931735,64.76049681852555,63.91891838616456,64.11693572998047,54317800
2012-05-16,64.33972882058472,64.67800828232885,63.61365453123407,63.654911041259766,52659400
2012-05-17,63.71267429941008,63.8199324260082,62.178025099582555,62.211029052734375,71665100
2012-05-18,62.20274772548077,62.631792623185085,61.460174860113696,61.62519454956055,77636200
2012-05-21,61.82319465346505,63.07731246948242,61.394156170180516,63.07731246948242,61384400
2012-05-22,63.05257650479043,63.555875524336734,62.268753465094264,62.697792053222656,59678300
2012-05-23,62.087242030360564,63.23410221012343,61.625199452861274,63.10209274291992,66981800
2012-05-24,63.060838184598715,63.31661086289318,62.33477035548576,63.23410415649414,54576500
2012-05-25,63.28362657273247,63.44039376997206,62.92884195967352,63.192867279052734,33847700
2012-05-29,63.803374937533825,64.28192237597933,63.33308005350416,64.10865020751953,51160000
2012-05-30,63.448632898364586,63.564143557708455,62.79681915214772,62.87932586669922,47891500
2012-05-31,62.92884637454821,63.19287171245055,61.9387529311296,62.796836853027344,59563900
2012-06-01,61.385938389329404,61.889237571003065,60.816631312878364,60.90739059448242,76127100
2012-06-04,61.13016265648952,61.34468517861677,60.181325871217496,60.76713180541992,50123200
2012-06-05,60.44535272750021,61.60871206488242,60.40409621626871,61.55095672607422,48270600
2012-06-06,62.03774596483598,63.12685093999515,61.90573018852156,63.069095611572266,48638400
2012-06-07,64.07568548160053,64.12518824380543,62.65654754638672,62.65654754638672,57907100
2012-06-08,62.62355077202663,63.58063995502618,62.16975441703208,63.506385803222656,50420100
2012-06-11,64.18296852967883,64.24072387300205,61.95524894108251,62.103763580322266,52803000
2012-06-12,62.244023435916795,62.92058863435679,61.69946773492733,62.8875846862793,56599400
2012-06-13,62.780297215006144,63.151586773316694,61.88096356604439,62.1614875793457,62715800
2012-06-14,62.19450953067739,63.09384973500087,62.01299727265313,62.87107467651367,53619000
2012-06-15,62.994806121544144,63.79513408561825,62.788536287292295,63.71262741088867,57935000
2012-06-18,63.201082488118466,64.02616191040424,62.994812632547024,63.786888122558594,45656600
2012-06-19,64.0674449549628,65.24730926967109,63.97668567730377,64.89252471923828,66897000
2012-06-20,64.90902109606387,65.24730680818718,64.33972036069507,64.79351043701172,54642300
2012-06-21,64.66148718704227,64.7934966429156,63.11033359024264,63.21759796142578,62486400
2012-06-22,63.58889283812431,64.1416947316692,63.24236087156112,63.9354248046875,41001200
2012-06-25,63.03608075430326,64.0261737258157,62.70604766551325,62.937068939208984,48620100
2012-06-26,63.09214334901902,63.498445074665426,62.53659567451311,63.183353424072266,42495600
2012-06-27,63.37405369092254,64.2281057343624,63.31601150329431,64.2115249633789,38510400
2012-06-28,63.66425847961237,64.15347657904489,63.11700452428141,64.10372161865234,58183700
2012-06-29,65.45528948645237,66.11034062682681,65.14019791257992,65.96937561035156,71660200
2012-07-02,66.26791000616277,66.75712835830387,65.73723654609128,66.73225402832031,53370400
2012-07-03,66.79856362324495,67.66090932122685,66.690772783294,67.60286712646484,32322500
2012-07-05,67.67747334116504,67.8598870866931,67.18825530118164,67.5282211303711,42819900
2012-07-06,66.97269017680875,67.02244514809964,66.45860397375952,66.77368927001953,38530600
2012-07-09,66.68244978276027,66.77365980940603,66.21811242974331,66.51661682128906,34636100
2012-07-10,67.00582745516685,67.13020533741795,65.48843753529356,65.77864837646484,49990800
2012-07-11,65.82843982405254,66.04402787179856,65.13193335212443,65.5548095703125,40171300
2012-07-12,65.04067602166091,65.58792980548701,64.33587018440343,65.33088684082031,55502600
2012-07-13,65.56310968130312,66.40886852842628,65.52164824739076,66.1435317993164,42114800
2012-07-16,66.0191388622976,66.2347205359741,65.59625641202899,65.878173828125,31922600
2012-07-17,66.31765367454975,66.45861240448515,65.21484550855389,66.11035919189453,43662500
2012-07-18,66.00252451893317,66.9229120051789,65.96106944162636,66.51661682128906,46045000
2012-07-19,66.79026681192278,66.94780627444756,66.17667075409324,66.29275512695312,49405400
2012-07-20,65.77870162623033,65.8864925041761,65.34752546219319,65.44702911376953,42314300
2012-07-23,64.26955655531916,64.70072611716995,63.995926433273084,64.4022216796875,47367200
2012-07-24,64.63439224756125,64.6592728898349,63.199918523147765,63.55646514892578,55609200
2012-07-25,63.84666659913233,64.1617517672825,63.407203542512654,63.69741439819336,37217500
2012-07-26,64.65929414196545,64.82512718822342,63.84669703260089,64.24470520019531,44745100
2012-07-27,64.5349200231204,66.10206580990159,64.17007970835634,65.77039337158203,67297100
2012-07-30,65.93623239757642,66.25961764065848,65.2894745636646,65.54652404785156,34785200
2012-07-31,65.28117132631745,65.89476113028121,64.96607971191406,64.96607971191406,48933500
2012-08-01,65.43040694893544,65.50502989582203,63.87984257146551,63.89642333984375,63601100
2012-08-02,63.24138226811863,64.10372786078803,63.22480149712214,63.66426467895508,43374800
2012-08-03,64.62610837390632,65.52161543232796,64.38564609512346,65.18165588378906,52414100
2012-08-06,65.2562934630875,66.0274291071616,65.16508339461772,65.68746948242188,34662800
2012-08-07,66.2098403193834,66.80684929575759,66.03571375562827,66.28446960449219,50064000
2012-08-08,66.00252410069646,66.49174208834386,65.95277547779473,66.18494415283203,28011700
2012-08-09,66.13522708294532,66.65760685100582,66.07718488649415,66.50006103515625,24045900
2012-08-10,66.14350537486001,66.37568045543757,65.91963016910107,66.26788330078125,26068400
2012-08-13,66.16838876388206,66.34251533694038,65.41383395450498,66.16009521484375,31544800
2012-08-14,66.58296874708722,66.68246601774547,65.72891044182171,66.0025405883789,26052900
2012-08-15,65.82012139859157,66.58296966552734,65.76207921453246,66.58296966552734,27061400
2012-08-16,66.48345504676634,67.4121361638932,66.1932441745775,67.27946472167969,46037700
2012-08-17,67.34582559884953,67.8764989136838,67.15511191095992,67.75212097167969,33453500
2012-08-20,67.65261577165377,67.71066429254056,67.1468231179418,67.60286712646484,32657000
2012-08-21,67.93454414252103,68.58130187846491,67.3209542810006,67.56141662597656,43743800
2012-08-22,67.3872741011606,67.57798777038768,66.98927231704437,67.23802185058594,37611400
2012-08-23,67.21316058626108,67.21316058626108,66.50006706456365,66.7654037475586,32208500
2012-08-24,66.6161653253211,67.22146812007108,66.4254579055022,66.94783782958984,25676100
2012-08-27,67.35411451539835,67.50336677031139,66.81514768787213,67.14682006835938,23628400
2012-08-28,67.13853558599888,67.58629241120607,66.95611543578943,67.45362091064453,28505600
2012-08-29,67.5945605696994,67.9594007672116,67.27947533392657,67.66089630126953,30858800
2012-08-30,67.31264423059702,67.37068641507891,66.86488752482657,66.98926544189453,24562900
2012-08-31,67.56140580201483,67.60286089380872,66.61613734770084,67.26290130615234,34088500
2012-09-04,67.31265044507602,68.32424831897403,66.79027073651154,68.08378601074219,69560700
2012-09-05,68.15842978080283,68.41547926525097,67.86821874299962,68.10038757324219,35103700
2012-09-06,68.47346812397845,69.6011498432404,68.4237131804584,69.3523941040039,46332500
2012-09-07,69.5348513548714,69.98260812948861,69.4021798692998,69.86652374267578,32012900
2012-09-10,69.8001779557294,70.02405314776033,69.47679916383822,69.55142211914062,30671300
2012-09-11,69.55968681669889,70.11523411838772,69.50993820046439,69.70064544677734,33164100
2012-09-12,70.0572280883789,70.18989956825568,69.56801624011307,70.0572280883789,29751700
2012-09-13,70.18158283038532,71.4336426219982,69.80845548723529,70.97759246826172,69437600
2012-09-14,71.19321151950935,72.1053058996927,71.1683371959055,71.6409683227539,46040200
2012-09-17,71.29269962542186,71.49170049707145,70.95273374048533,71.30928039550781,30183000
2012-09-18,71.09368342912008,71.22635487750964,70.77859822837915,71.07710266113281,32991100
2012-09-19,71.25954159124527,71.33416455611368,70.8200783729103,70.95274353027344,29342000
2012-09-20,70.596203370957,70.81179138854912,70.15674011187986,70.63766479492188,34939800
2012-09-21,71.34244817252916,71.37561603878319,70.86981714912554,70.89469146728516,38826000
2012-09-24,70.66326904296875,71.11277110742525,70.42186943330972,70.66326904296875,54635300
2012-09-25,71.11280218411237,71.17939652293755,69.57284461579766,69.64775848388672,74752200
2012-09-26,69.79756079690466,69.86415510541411,68.95682511662547,69.20655059814453,42167400
2012-09-27,69.49789107272778,70.21376399487369,69.14828048771214,69.95571899414062,33252800
2012-09-28,69.73930754532773,69.92243875820087,69.30645714736009,69.45629119873047,43944300
2012-10-01,69.88916878579563,70.37196828923379,69.3481008147554,69.68939208984375,43705600
2012-10-02,70.04732512896108,70.12223900449679,69.3980461378395,69.82257080078125,25792500
2012-10-03,69.87249010151588,70.10556386093725,69.23153091232349,69.62276458740234,38568500
2012-10-04,69.88915697937661,70.13888257022016,69.25652347314904,70.09725952148438,43327200
2012-10-05,70.4052106073305,70.96292355566247,69.7892228860147,70.01397705078125,40981400
2012-10-08,69.60610446357093,69.83917817370313,69.41464742980104,69.57280731201172,21062200
2012-10-09,69.60615747131143,69.67274547435686,68.62391298003607,68.75709533691406,45221200
2012-10-10,68.81532128883923,68.94850991420905,68.40744223751476,68.64884185791016,32465600
2012-10-11,69.17328698058398,69.4563097535733,68.75708187678892,68.89859008789062,38978500
2012-10-12,68.87361571924379,69.10668955082525,68.18272010442321,68.34087371826172,31847100
2012-10-15,68.54064916884653,68.79037475585938,68.05785610515944,68.79037475585938,34413700
2012-10-16,69.1566028300835,69.38967654151791,68.99011707135726,69.29811096191406,29234800
2012-10-17,69.43961752379462,70.04727941553782,69.29810939516341,69.92241668701172,35466500
2012-10-18,69.87250080870771,70.04730615506074,69.46461531643273,69.53953552246094,31431700
2012-10-19,68.9651536718036,68.99012495076894,67.81643038391645,68.13274383544922,53565500
2012-10-22,67.9579518232799,68.23264864719062,67.71655216142968,68.1161117553711,30682000
2012-10-23,67.55006291813967,67.86637638572374,66.95072678942594,67.77481079101562,40737600
2012-10-24,68.00788739082091,68.13275014799932,67.35028914786308,67.59168243408203,24472200
2012-10-25,68.15772864397414,68.37415702260736,67.31699911493212,67.86638641357422,27794000
2012-10-26,67.79147359145892,68.17438143591238,66.97570898316458,67.541748046875,41402800
2012-10-31,67.5584109302344,67.96629012616565,67.32533075320251,67.94963836669922,24879800
2012-11-01,68.10779880385995,68.84864333565929,67.8580732164012,68.66551208496094,77113300
2012-11-02,68.99846856878709,69.04841113955942,67.56672226599028,67.5833740234375,39322100
2012-11-05,67.57506215686192,68.12444960163067,67.35863372066282,68.03289031982422,26861600
2012-11-06,68.28262709914846,68.73212949701339,68.23268450520378,68.5406723022461,27342500
2012-11-07,67.7332039797915,67.7332039797915,66.51788614200207,66.87581634521484,65095500
2012-11-08,66.73432421156735,67.00902110176318,65.88526860189077,65.93521118164062,42653100
2012-11-09,65.65217380926335,66.5678234669027,65.51065929382644,66.07669830322266,33030000
2012-11-12,66.22653104081242,66.30977711323555,65.78535480041789,65.88524627685547,20155100
2012-11-13,65.58557845948258,66.22653130452078,65.41077313810852,65.51065826416016,34408200
2012-11-14,65.66053223164076,65.84366354180763,64.14554550769785,64.29537963867188,54653100
2012-11-15,64.17049343072286,64.50345875058338,63.50456914178709,63.9623908996582,55966400
2012-11-16,63.91244161005217,64.66161191333698,63.37137381596955,64.49513244628906,62748300
2012-11-19,65.19435234336177,65.91022546676872,65.11111261173444,65.86028289794922,45621100
2012-11-20,65.74372529577298,66.05171284086362,65.46070267644428,65.97679901123047,36928500
2012-11-21,66.10168336123536,66.36805431612117,65.86860321877381,66.32643127441406,19254500
2012-11-23,66.50957339642487,67.05896080244362,66.47627622775926,66.98404693603516,20093300
2012-11-26,66.88415766260844,67.25042017937037,66.65108382495477,67.20047760009766,31180700
2012-11-27,67.15885632738642,67.6166844854542,67.06729069577285,67.11723327636719,39942000
2012-11-28,66.85918143497078,67.68326568603516,66.28481641261226,67.68326568603516,51316900
2012-11-29,68.21597498841074,68.59888905377042,67.94128460348018,68.4573745727539,53043500
2012-11-30,68.59058971322324,68.59891559198216,68.03287650128469,68.32421875,35722500
2012-12-03,68.84861895394066,68.89024198737211,68.04950624816628,68.24928283691406,24959800
2012-12-04,68.31592752183585,68.52403014086796,67.80815662333441,68.33257293701172,37225000
2012-12-05,68.65716824203582,68.68213952178138,67.75816406649592,68.24928283691406,40376100
2012-12-06,68.24096891609948,68.51565936664676,67.93297495544492,68.35750579833984,31829500
2012-12-07,68.67382639571825,68.71544943687792,68.11611320857159,68.40745544433594,24123400
2012-12-10,68.56560701192201,68.80700664946143,68.43241837709324,68.70711517333984,29173000
2012-12-11,69.1816098574688,69.55619189430811,69.02344989264145,69.43133544921875,40262100
2012-12-12,69.64772516651317,69.7559425030326,68.89855509007444,69.04006958007812,40570000
2012-12-13,69.07338089123463,69.26483162453152,68.34918194377751,68.59890747070312,33439300
2012-12-14,68.44077507914893,68.93189410200935,68.35753532028286,68.55731201171875,28508000
2012-12-17,68.82364409575682,69.5311911718202,68.69045547632786,69.52286529541016,35849400
2012-12-18,69.68104652410885,70.56339917019213,69.49791529172518,70.47183990478516,53500700
2012-12-19,70.59525964210258,70.96468813066943,70.32658146596621,70.62884521484375,49010900
2012-12-20,70.64563414097896,71.04025660977459,70.40214354521584,70.98148345947266,50304600
2012-12-21,69.91518930643615,70.6876449584961,69.75566578314385,70.6876449584961,54923200
2012-12-24,70.43574252937921,70.50291368702666,70.11668913924505,70.3433837890625,10103000
2012-12-26,70.50289254985084,70.53647811860542,69.75563126099014,69.83959197998047,24671600
2012-12-27,69.90677665719123,70.04951054769901,68.89083702731668,69.78923034667969,35567700
2012-12-28,69.42818077755192,69.99912264141253,69.28544050724253,69.29383850097656,34262200
2012-12-31,69.40299464254404,70.88911927469633,69.14270807772535,70.79676055908203,67461100
2013-01-02,72.49278984254003,72.9713794060789,72.24090767865857,72.87902069091797,116410600
2013-01-03,72.92100273748852,73.28203962847002,72.51798868594207,72.71109771728516,45872900
2013-01-04,73.05534220901116,73.41637908607515,72.76147647321318,73.24845123291016,29852500
2013-01-07,72.87904628170504,73.10574094937928,72.72791436799065,72.97140502929688,23693400
2013-01-08,72.94622335550767,73.05537811516179,72.53481112318457,72.92103576660156,23760000
2013-01-09,73.06372325304419,73.34079936643539,73.01334810726094,73.27362823486328,27425500
2013-01-10,73.55912040289743,73.62629155096279,73.00496804004811,73.44157409667969,39753000
2013-01-11,73.38279427909666,73.5003405746391,73.04694497506426,73.33241271972656,27322400
2013-01-14,73.181280639995,73.48353793991406,73.0889219295948,73.3743896484375,24351900
2013-01-15,72.9042199633916,73.79421528232223,72.85383839789822,73.6934585571289,34704100
2013-01-16,73.52554148351253,73.6766733774416,73.29884684551584,73.47516632080078,20881400
2013-01-17,73.81100962273976,74.31478042585793,73.74383847411247,74.1552505493164,34219400
2013-01-18,74.17204262371615,74.40714165180457,73.97893357217114,74.36515808105469,23256900
2013-01-22,74.42390563324027,74.94447226480276,74.20560267087001,74.9024887084961,31589000
2013-01-23,74.92770333936585,74.96968691083445,74.65063354737136,74.7261962890625,32818900
2013-01-24,74.8521573348729,75.43988903209048,74.66743982837735,74.9697036743164,39814600
2013-01-25,75.33907675394417,75.51539611816406,74.96964204465117,75.51539611816406,34620300
2013-01-28,75.57420152184592,75.75891895539631,75.04523679744388,75.56580352783203,42633600
2013-01-29,75.53220370686616,75.70013152649827,75.27192359367554,75.60777282714844,37055100
2013-01-30,75.54063958903342,75.5826167606529,74.46592662749777,74.70101928710938,39299300
2013-01-31,74.61705852581395,75.29714892040641,74.52469978015392,75.21318817138672,36924200
2013-02-01,75.53221755473432,76.15353458680536,75.4398588384517,75.87646484375,33925100
2013-02-04,75.41466109025394,75.71692477444667,74.85211728025865,74.96126556396484,27006300
2013-02-05,75.32232620082428,75.88487018867711,75.22156947230692,75.63298797607422,26551000
2013-02-06,75.27192863862737,76.00239388416323,75.20475750627251,75.95201873779297,24297800
2013-02-07,75.8932815139834,76.02762384226895,75.18800350786861,75.7001724243164,30206500
2013-02-08,75.80086669599707,76.28784766712766,75.76728113876841,76.23747253417969,25189600
2013-02-11,76.16194718991592,76.1955327664421,75.78412066413534,76.15354919433594,15722100
2013-02-12,76.18710857440747,76.60691852794521,76.13673342983623,76.48937225341797,19792700
2013-02-13,76.56495819626572,76.86722194167912,76.38863874574005,76.8084487915039,22591300
2013-02-14,76.55655878115886,77.14429027200524,76.53976919818874,77.00155639648438,22359300
2013-02-15,76.96799075171465,77.27025456977522,76.80006925536743,77.02676391601562,29339100
2013-02-19,77.14429019640043,77.71523210371714,77.13589860782,77.70684051513672,21162300
2013-02-20,77.77401543143725,77.81599900300523,76.18713379423089,76.26270294189453,41753800
2013-02-21,76.21229943763201,76.2542829971153,75.03683664160167,75.52381134033203,45067400
2013-02-22,75.91003518059328,76.43059539794922,75.87644961724915,76.43059539794922,24762300
2013-02-25,76.82521816666723,76.85040573786084,74.7009809187887,74.74295806884766,53492800
2013-02-26,75.07042791517298,75.381083218116,74.54986120464704,75.0368423461914,47522800
2013-02-27,75.02846653018813,76.2794989170314,74.98648295510316,75.82610321044922,41192300
2013-02-28,75.81767158337516,76.44738644235404,75.71691489985385,75.96880340576172,31208800
2013-03-01,75.46505408965382,76.45580608761867,74.9025101465686,76.31307220458984,49278200
2013-03-04,76.12833251105093,76.54814244845272,75.73371014496665,76.51455688476562,27577000
2013-03-05,76.91759796661756,77.53891504774799,76.90919997198534,77.40457916259766,35612300
2013-03-06,77.63966467122928,77.74881296830199,77.34579894388548,77.6060791015625,28483000
2013-03-07,77.64808875410174,78.0343133263488,77.51374643029689,77.97554016113281,27907700
2013-03-08,78.58844659659907,78.7143909032029,78.0175046250161,78.69760131835938,38066100
2013-03-11,78.43730882329521,78.71438499587101,78.36174608847983,78.67240142822266,26716100
2013-03-12,78.48766033176345,78.71435485519856,78.23577183391058,78.51284790039062,21489000
2013-03-13,78.53806924596527,78.94108332890585,78.29457863486674,78.80674743652344,28662200
2013-03-14,78.9494819371387,79.60438463134832,78.815146043713,79.59599304199219,24747300
2013-03-15,79.47003250812932,79.73031265246878,79.25172951937799,79.55399322509766,35361700
2013-03-18,78.70599786065432,79.43646976028847,78.64722470131323,79.11741638183594,36700800
2013-03-19,79.2685363690414,79.52041855446382,78.09306695302458,78.78155517578125,51516400
2013-03-20,79.22657135973242,79.54562476498556,79.14261061159154,79.51203918457031,27958600
2013-03-21,78.95785071808831,79.31888750641522,78.5380407970473,78.81511688232422,37122600
2013-03-22,79.13421754144878,79.23497428896701,78.87393728427024,79.05865478515625,33429900
2013-03-25,79.24722943725612,79.75241659570428,78.53996227638612,79.10408782958984,36680500
2013-03-26,79.43245700411548,79.55875539522685,78.93569146922792,79.35668182373047,26348000
2013-03-27,78.85149213531147,79.46613443569575,78.5062769723482,79.40719604492188,28461800
2013-03-28,79.3735197472996,79.70189813840956,79.26406456613168,79.50823974609375,24160700
2013-04-01,79.37353482355473,79.54193485403343,78.06004670484259,78.4389419555664,59660300
2013-04-02,78.96095880736088,79.0788356060704,77.88322440555744,77.9505844116211,47917200
2013-04-03,78.25369538341714,78.2873753853163,76.55289061842893,76.72970581054688,65441400
2013-04-04,76.83916296374503,77.41171011519917,76.5865661760611,77.3864517211914,37706300
2013-04-05,76.21609900967945,77.25173821770929,76.13190221463887,77.23490142822266,46418300
2013-04-08,77.45379606353752,77.90004476794968,76.89809219020617,77.87478637695312,28886500
2013-04-09,78.00109895281577,78.16107735664833,77.49591176952778,77.64746856689453,36828400
2013-04-10,77.89164246385002,79.23038879840776,77.84111924970203,79.05357360839844,50119600
2013-04-11,79.00306816080622,79.62613221845699,78.9357081481401,79.16304016113281,32619000
2013-04-12,78.89361830660026,79.09569837475257,78.23687414461855,78.84310150146484,41931800
2013-04-15,78.35476785603463,78.4305495038722,75.60149217819941,75.87092590332031,100204000
2013-04-16,76.46029068026982,77.29385647497813,76.1908570238261,77.18439483642578,58061700
2013-04-17,76.55287217029787,76.63706894285382,75.12992936983719,75.84561157226562,77710600
2013-04-18,75.90456560954904,76.08980240165545,75.0457416504745,75.42463684082031,58516600
2013-04-19,75.74459653840317,76.35924538572802,75.11311090054252,76.29188537597656,44931600
2013-04-22,76.36766159406221,76.67919682549088,75.10469030138992,76.51080322265625,49190300
2013-04-23,77.12543813068764,77.74850210895967,76.50237415241561,77.7232437133789,55313200
2013-04-24,77.70642801398617,78.18635693168542,77.40331433714398,78.1274185180664,41020800
2013-04-25,78.32944846972586,79.0619738507977,78.21157170823867,78.64098358154297,36543300
2013-04-26,78.37997317100867,78.60731153672018,77.88320768648757,78.22000122070312,32405600
2013-04-29,78.56523234666562,78.96096438046587,78.36315873801595,78.78414916992188,20791400
2013-04-30,78.79256526398186,79.26407245910703,78.44735005054825,79.23039245605469,30488500
2013-05-01,78.98623215266987,79.06201377978489,77.26017503128938,77.3106918334961,120177800
2013-05-02,77.74849126110603,78.6999335205888,77.60535609025021,78.53995513916016,38830300
2013-05-03,79.59241344121422,80.38387714499396,79.44085669844365,79.78607177734375,51981000
2013-05-06,79.8450351348071,80.40916068902781,79.76925352781149,80.2997055053711,26893800
2013-05-07,80.4175615073049,80.97326531181031,80.09760479750332,80.95642852783203,29920800
2013-05-08,80.77119417451362,81.22586444099669,80.56069903764934,81.19218444824219,37669300
2013-05-09,81.08277536464101,81.25959060922543,80.61968323086842,80.91437530517578,32331100
2013-05-10,81.00697652029012,81.61320375794833,80.88909971561259,81.52900695800781,39288900
2013-05-13,81.45324192634293,81.77319882458997,81.19222986624065,81.47008514404297,22522300
2013-05-14,81.6216394716009,82.53939567003351,81.61321786301014,82.5141372680664,33539600
2013-05-15,82.34571560327777,83.07823470614782,82.2530972117282,82.68250274658203,34000200
2013-05-16,82.53938302104687,82.98563185089294,82.26152779437903,82.4720230102539,42053300
2013-05-17,82.85091976216022,83.41504540926688,82.48044611985529,83.39820861816406,35675100
2013-05-20,83.15400923334477,83.86126988265684,83.14558762833798,83.53289794921875,25027400
2013-05-21,83.52451697200677,83.81921547636912,83.25508329495406,83.5497817993164,23596700
2013-05-22,83.70130534727546,84.51802123883687,81.76474714746702,82.32887268066406,68650700
2013-05-23,81.37745551248578,82.45519003989162,81.25957870003855,82.429931640625,44524500
2013-05-24,81.92472674250396,82.47200907224297,81.427954776617,82.41307067871094,33332500
2013-05-28,83.52447890674792,84.28226278554718,82.91825822751115,83.48238372802734,46121100
2013-05-29,82.97720488237029,83.50765043846772,81.98366734759814,82.70777130126953,40491500
2013-05-30,82.93507874346825,83.46552414266002,82.77510039382888,83.2634506225586,30620300
2013-05-31,82.83405465295104,83.37292175907054,82.32044593871173,82.34571075439453,38953700
2013-06-03,82.63198173069559,83.22136562511602,81.69738268111269,83.12875366210938,87088500
2013-06-04,83.08666308653117,83.52449026280773,81.60477512471196,82.24468231201172,68206900
2013-06-05,82.1436201543001,82.26991852117902,80.95643092276248,81.19218444824219,58967500
2013-06-06,81.13325432511766,82.05101013183594,80.60280883879629,82.05101013183594,46335300
2013-06-07,82.42991238910383,82.89299792304868,81.89946043317394,82.68250274658203,44757500
2013-06-10,83.05300883272133,83.18772888183594,82.35416303150173,83.18772888183594,32136500
2013-06-11,82.24467207863178,82.90983757859465,81.5542481863847,82.28677368164062,43461300
2013-06-12,82.79199508605977,82.91829352358859,81.36062350040882,81.47008514404297,58446900
2013-06-13,81.44479877445684,83.10349541524009,81.14168519799419,82.90984344482422,47768600
2013-06-14,82.7498566887843,83.05297023461742,82.0257528208277,82.26992797851562,37838400
2013-06-17,83.01088860701906,83.23822703299747,82.31204938622884,82.8088150024414,33308600
2013-06-18,82.95194162484991,84.02968239333457,82.79196964868228,83.78550720214844,40520200
2013-06-19,83.78551075006612,83.94548273300781,82.64883796102129,82.75829315185547,43193500
2013-06-20,81.427931953497,82.69090268130725,80.2323212062156,80.5691146850586,76262300
2013-06-21,80.52704590798362,80.98171632614059,79.67664347270093,80.80490112304688,66115300
2013-06-24,79.91240331545742,80.42600570965159,79.00306248125061,79.74400329589844,58774600
2013-06-25,80.48495856334824,80.695453807743,79.87873765548764,80.51022338867188,32418400
2013-06-26,81.2679725996813,81.36059098860497,80.53545351757947,80.88908386230469,33752300
2013-06-27,81.3774470391074,82.29520304385784,81.34376703565731,82.14364624023438,40852300
2013-06-28,82.00892799097646,82.48043516488175,81.54583599960273,81.67213439941406,46135800
2013-07-01,82.21944460829796,83.44031446907933,82.21102299976836,83.00248718261719,37805800
2013-07-02,83.01092293213064,83.59443051186379,82.41049189701164,82.94326782226562,36848900
2013-07-03,82.64726671964968,83.41682245735825,82.528867077288,83.11238098144531,19153600
2013-07-05,84.04265022194349,84.35555032529987,83.13778392515351,84.28789520263672,29427500
2013-07-08,84.676890147208,84.93905209635807,84.47393126072622,84.62615203857422,30905300
2013-07-09,85.15892471728552,85.58175951022525,84.82066204449124,85.41262817382812,36010700
2013-07-10,85.44643994713721,85.73396445628785,85.19273653746075,85.64939880371094,36061100
2013-07-11,86.61345278253052,86.75721502274041,86.20753510994432,86.6557388305664,34434200
2013-07-12,86.66419695954099,87.1969663220089,86.655738459581,86.83332824707031,28584000
2013-07-15,87.06165321951372,87.67899465705048,86.96862907889934,87.59442901611328,30786600
2013-07-16,87.6282805653786,87.6705601714557,86.95174234867888,87.15470123291016,38630800
2013-07-17,87.64521703699714,87.90737260882167,87.30694782860994,87.49299621582031,28476600
2013-07-18,87.72129741999373,88.44856723220083,87.66210081486247,88.07647705078125,32034100
2013-07-19,88.00038981900552,88.21180725097656,87.7297757641605,88.21180725097656,22806600
2013-07-22,88.35554754683133,88.59233396205283,88.05955807585852,88.3978271484375,25854900
2013-07-23,88.71919346522898,88.75301456870693,88.1610484786457,88.33863830566406,26309700
2013-07-24,88.71921844914235,88.77841507481862,87.47608285799214,87.6029281616211,31809700
2013-07-25,87.50142961343603,88.49931994328085,87.38303639226348,88.40629577636719,46093900
2013-07-26,87.91582956978431,88.09341944938124,87.40842899208616,88.05113983154297,23036800
2013-07-29,87.81434090869564,88.17797914753648,87.10398143855892,87.43379211425781,30360800
2013-07-30,87.68746223646383,87.83968298669066,87.19697243551674,87.50987243652344,26311000
2013-07-31,87.85660976001863,88.524689484278,87.6198233163716,87.662109375,38330400
2013-08-01,88.52468160578022,89.09127861007357,87.73820872969165,88.8544921875,34487100
2013-08-02,88.55852919475937,89.03210214704764,88.42321895013555,88.93062591552734,22983000
2013-08-05,88.83759472079586,89.32807818896016,88.71074298946402,89.23505401611328,14985000
2013-08-06,88.98134895483517,89.065914617423,88.07648281605788,88.33863830566406,24689300
2013-08-07,88.05111395165736,88.2371558289717,87.50142746573577,87.71284484863281,23362200
2013-08-08,88.20332876233282,88.45702573348987,87.59444570844217,88.07647705078125,27640300
2013-08-09,87.89045055001371,88.43167863182613,87.54372288250542,87.98347473144531,27686900
2013-08-12,87.38300117279601,88.48236727658002,87.38300117279601,88.44853973388672,18960800
2013-08-13,88.52469177852969,88.52469177852969,87.76358786712001,88.33018493652344,22812900
2013-08-14,88.35557145717172,88.490875251651,87.95810567322718,87.98347473144531,23629000
2013-08-15,86.96866888632358,87.07015157306593,86.165285251777,86.35133361816406,50044500
2013-08-16,86.09761324461857,86.57964462121578,85.87774381104549,85.98767852783203,36059500
2013-08-19,85.95387231226191,86.15683124439039,85.06591649978414,85.11666107177734,25184600
2013-08-20,85.21810781217478,86.53735654419987,85.16736970969355,86.34284973144531,32450400
2013-08-21,85.99613994389644,86.68113022544529,85.42108438285952,85.81855010986328,41452900
2013-08-22,86.10605667435856,87.09548830808525,86.08068762507511,87.02783966064453,24006100
2013-08-23,87.26465107549357,87.31538918860718,86.63885090467201,87.24773406982422,20801100
2013-08-26,87.40840822129702,87.79741545349108,86.9094598145622,87.25618743896484,23376100
2013-08-27,86.20756912905172,86.58811790376602,85.04054084295895,85.20967864990234,47269300
2013-08-28,85.09128248387958,85.71707621817383,84.98979980320453,85.3788070678711,28927500
2013-08-29,85.31958565148364,86.56272070764693,85.25193055069823,86.23291015625,27628600
2013-08-30,86.24983413258612,86.30057869204768,84.7699124452297,84.8883056640625,43334600
2013-09-03,86.13990956585903,86.57120288639749,84.67689825796643,85.46337127685547,37995800
2013-09-04,85.54792261673482,86.26674034168605,85.20119505357788,86.21599578857422,22580800
2013-09-05,86.28367849366916,86.70651334384058,86.13145768952954,86.35133361816406,22770200
2013-09-06,86.85025974253035,87.01093902079911,85.19274820757518,86.58810424804688,36792000
2013-09-09,86.88411809576519,87.9750329703882,86.87566604271575,87.89892578125,27358500
2013-09-10,88.44011490341846,88.77838398250513,88.1187563749104,88.76146697998047,25126300
2013-09-11,88.617716003474,88.98135418070994,88.39784010627517,88.80376434326172,26412500
2013-09-12,88.71921440094015,88.81223213537427,88.12724171924037,88.1526107788086,32707600
2013-09-13,88.44858756583909,88.65155293176016,88.03421123465843,88.63463592529297,29478700
2013-09-16,89.68326014917942,89.70862920387455,88.66845279774657,88.82913208007812,28755900
2013-09-17,88.84603925493438,89.70862579345703,88.8291287030961,89.70862579345703,28901400
2013-09-18,89.68327619955879,91.00251889538143,89.0151963479197,90.5627670288086,46237100
2013-09-19,90.79107099548459,90.85026759781616,90.16527742055862,90.46971893310547,34775900
2013-09-20,90.68957126801216,90.72339881325429,90.10606385543288,90.13988494873047,49522500
2013-09-23,90.24985149975498,90.37670321715059,89.47183709591656,90.14836883544922,47759700
2013-09-24,90.26960747034676,91.08361030025922,89.70150233943693,90.44766998291016,45267000
2013-09-25,90.53247133532076,91.13450059908436,90.15939070444554,90.2780990600586,37106600
2013-09-26,90.51549759103251,91.12600127963293,90.18480917122712,90.77835083007812,29490600
2013-09-27,90.21027667473291,90.76990740418864,90.05765070025599,90.37138366699219,30296400
2013-09-30,89.39625081821316,90.59181525554982,89.23514386707154,90.39679718017578,45771700
2013-10-01,90.35442375621325,91.51607739311189,90.26115196577724,91.4482421875,39344400
2013-10-02,90.8038163559783,91.36344707199176,90.60031721793747,91.07515716552734,30622900
2013-10-03,90.90557835655375,91.03276775661749,89.540425498721,90.14244842529297,57799200
2013-10-04,90.16787478458357,90.99883983084598,90.00677426728846,90.74446105957031,25902800
2013-10-07,89.87109861252958,90.43921030596466,89.64216290705612,89.68455505371094,32924200
2013-10-08,89.74391683471346,89.90502382535922,88.1159107693453,88.234619140625,61365000
2013-10-09,88.43810963208794,88.48898279133358,87.33581040821973,87.87847900390625,52604900
2013-10-10,89.04015062480124,90.14244360512718,88.96383440119519,89.99829864501953,53157800
2013-10-11,89.74391510612571,91.34649102577596,89.73544055771258,91.30409240722656,43197100
2013-10-14,90.77837194814859,91.87219023316305,90.66814460561054,91.761962890625,38774800
2013-10-15,91.5669282417105,91.77043380893807,90.65965361245993,90.8631591796875,42263500
2013-10-16,91.49907877823753,92.08413936130009,91.27013668428931,91.9908676147461,34333600
2013-10-17,91.57539464548134,92.81335753754269,91.54995807091659,92.79640197753906,38967200
2013-10-18,93.45779956776725,93.92415196639854,93.12711108667814,93.8563232421875,39496400
2013-10-21,93.99197671595049,94.18700125782759,93.50018132262508,93.66976928710938,29198900
2013-10-22,94.07678043371193,94.5346582972667,93.58499144170445,93.91567993164062,38112600
2013-10-23,93.47474698120621,93.7376067151648,93.07622334153439,93.60193634033203,32275300
2013-10-24,93.66977736758913,94.33963532956923,93.55106901676938,94.10221862792969,24711800
2013-10-25,94.32269091705295,94.5007534765456,93.75458563641628,94.18702697753906,21321900
2013-10-28,94.22942120483368,94.36509161645836,93.66131591167826,94.1446304321289,22512200
2013-10-29,94.39901428083125,94.64491206324452,93.72067512457942,94.41596984863281,30026900
2013-10-30,94.4583328384209,94.5261680222803,92.86423836332068,93.1270980834961,46076600
2013-10-31,93.0762387856387,93.4238893269935,92.33007100760578,92.5844497680664,47370000
2013-11-01,92.7709956267995,92.9575327240858,91.5075892794501,92.18592834472656,117030400
2013-11-04,92.62684185467398,93.39845268354361,92.27919778266768,93.2458267211914,31960000
2013-11-05,92.88969574451467,93.21190321389346,92.30462851439404,92.9236068725586,26643500
2013-11-06,93.56804716695308,93.58500920351898,92.34704576818932,92.52510833740234,31773400
2013-11-07,92.94902640926611,93.11012686864237,90.84618120088213,90.96488952636719,60459700
2013-11-08,91.10059140468222,92.81338817159576,91.05819278700108,92.61837005615234,48147500
2013-11-11,92.45723934972723,92.93207269414617,92.11806990266264,92.74552917480469,19897700
2013-11-12,92.48269176194934,92.85577886451591,92.14352225680884,92.82186126708984,28075100
2013-11-13,92.13504723893455,93.73761651169391,92.10112964168162,93.71217346191406,36465900
2013-11-14,93.6697772728923,93.78000460736496,93.0507924707122,93.61890411376953,33226800
2013-11-15,93.78001966067961,94.11070818629872,93.40693898536016,93.97504425048828,27518500
2013-11-18,94.39051592643541,94.47530668811366,93.05928091381355,93.31365966796875,35509600
2013-11-19,93.36454290210432,93.85633842965528,92.41486944915638,92.7370834350586,36081300
2013-11-20,93.21191422629975,93.44084994780462,92.29615840203842,92.70316314697266,43376700
2013-11-21,93.1101216816742,94.42440067233831,92.99989437675534,94.37352752685547,45585000
2013-11-22,94.3650713845171,94.94165757205889,94.20396442253457,94.83990478515625,28786400
2013-11-25,95.07731888157667,95.20450824444163,94.65335865143996,94.95861053466797,22968600
2013-11-26,94.95862366009878,95.83198081983899,94.8823139133039,95.66239929199219,30760700
2013-11-27,95.67934695243454,96.29833176926617,95.50976543859797,96.19657897949219,29099600
2013-11-29,96.61208846650747,96.79863205911658,96.19660265783386,96.24748229980469,15675500
2013-12-02,96.408582908246,96.4594625502545,95.01799345028526,95.28085327148438,43155200
2013-12-03,95.07732454226274,95.4758482173776,94.3481123854824,94.82295227050781,36930700
2013-12-04,94.38203706601476,95.32322942112512,93.58499612508356,94.5685806274414,40609500
2013-12-05,94.53466077882878,94.98405763750704,94.2463708955712,94.63641357421875,37926700
2013-12-06,95.49281572161763,95.89981396739279,95.12820962233714,95.37410736083984,36471900
2013-12-09,95.50131221277638,95.72177342021357,94.87385266604807,95.34868621826172,31236500
2013-12-10,95.16214193541732,95.45891288324991,94.32269579410612,94.48380279541016,34938800
2013-12-11,94.56857767554659,94.5855397092126,92.69467404091627,92.93209075927734,47181600
2013-12-12,93.01690409979636,93.48326310201301,92.72861414869658,93.13561248779297,37706200
2013-12-13,93.31364353005382,93.72064170337022,92.77944953253699,93.44082641601562,32980300
2013-12-16,93.79694902075585,94.60247074478147,93.39842543150068,94.55159759521484,33991200
2013-12-17,94.50076062588388,94.577076853795,93.79699135249052,94.41596984863281,32399800
2013-12-18,94.56857307513593,95.73022649817291,93.57650763490732,95.71326446533203,52979000
2013-12-19,95.57757788789561,95.6878051987474,94.8738024816179,95.00099182128906,32871100
2013-12-20,95.05191071895968,96.84950496102012,95.04342970046798,96.60360717773438,48770500
2013-12-23,97.18837136340586,97.73312962393537,96.99259581945118,97.69908142089844,37049100
2013-12-24,97.80969728052084,98.26082441053559,97.77564909225188,98.07356262207031,17371200
2013-12-26,98.42257654706056,98.71198299254448,97.97144927330588,98.08210754394531,19670000
2013-12-27,98.2864103404135,98.51622761390809,97.69909015010434,98.02254486083984,20069700
2013-12-30,97.97995611735959,98.2012661491831,97.75864608553607,97.96292877197266,28917400
2013-12-31,98.1927490234375,98.49066261693721,98.03102171809654,98.1927490234375,38357200
2014-01-02,97.96292699691702,97.98846801453462,96.72871073393816,97.12876892089844,44247700
2014-01-03,97.48626662517518,97.80120757330923,97.12877030179891,97.6224594116211,26468000
2014-01-06,98.0735785442957,98.11613391601982,96.78828682809458,96.83084869384766,36198000
2014-01-07,97.19688980587186,98.02254091143708,97.12879339645738,97.6395034790039,28545300
2014-01-08,97.6990849879243,97.95444327300915,97.09474397352314,97.76718139648438,30763600
2014-01-09,98.09910606126812,98.21827148403284,97.17131719916723,97.79267883300781,29872800
2014-01-10,97.81820859942552,98.337432127966,97.37559512124139,98.32891845703125,29174600
2014-01-13,98.14168252677372,98.30340334228677,96.40526347294126,96.98406982421875,45370800
2014-01-14,97.40965098569797,98.32041902662837,97.18834098215517,98.17571258544922,39125300
2014-01-15,98.4310760012058,98.98434779238858,98.36297961280782,98.9077377319336,31644100
2014-01-16,98.78007842726439,99.06096470269166,98.59281658095959,99.02691650390625,23091900
2014-01-17,99.00136557429153,99.1035101537229,98.47363481563482,98.67791748046875,28722300
2014-01-21,99.35888208023991,99.4780475256897,98.5502519929395,99.26525115966797,29828700
2014-01-22,99.32482724153944,99.90363357818077,99.1630999360865,99.76744079589844,24011500
2014-01-23,99.35033648731428,99.40140552066218,98.44808226335407,99.09497833251953,36057500
2014-01-24,98.47363837539373,98.5161937478402,96.37120945447215,96.56697845458984,53591900
2014-01-27,96.8478483828203,96.89891741534242,94.60923370555767,95.15399169921875,60368200
2014-01-28,95.27320582037889,96.17546049109858,95.15404035420953,96.15843963623047,43722200
2014-01-29,95.23060640480308,95.82643999481907,94.4985865474306,94.77096557617188,61904600
2014-01-30,95.61365965947167,96.73722415260993,95.3668151087178,96.18395233154297,40851600
2014-01-31,94.69438174289213,96.18395628716235,94.62628534801553,95.46896362304688,49293400
2014-02-03,95.22211853946132,95.50300480223366,92.05570762940566,92.4813003540039,91686000
2014-02-04,92.94093700751591,93.58783324349504,92.268499754249,93.17926788330078,53138100
2014-02-05,92.61748664897995,92.90689307860215,91.3066602779338,92.4813003540039,60644600
2014-02-06,92.67706689623861,93.60486238798657,92.65153237248921,93.21331787109375,57611700
2014-02-07,93.60485241706137,94.34537950302968,93.20479427019038,94.2687759399414,44068600
2014-02-10,94.30284388027793,94.55819563807323,93.59635834505374,94.51564025878906,38211600
2014-02-11,94.5837163513927,95.62215700058894,94.37092001856885,95.35829162597656,44394100
2014-02-12,95.5030025304375,96.19246714382601,95.30723351843578,95.73282623291016,42307500
2014-02-13,94.8050289590775,97.09471979806415,94.78800810819095,96.95001983642578,42082400
2014-02-14,96.72871582110795,97.21389127688848,96.30312308817663,97.08621215820312,32428200
2014-02-18,97.37563749432206,98.26937851053714,97.15432741191267,98.0991439819336,33630400
2014-02-19,97.80121974796224,98.43109522861005,97.01813061050494,97.09473419189453,44024300
2014-02-20,97.20534606438639,98.34593759545831,96.95850807412214,98.14165496826172,35919600
2014-02-21,98.41406429043207,98.83114334355132,98.2268024519619,98.44811248779297,34814100
2014-02-24,98.60132401638018,99.85256772536856,98.5332341126623,99.17162322998047,43102800
2014-02-25,99.29929895337393,99.79298158507251,98.89072707490199,99.27375793457031,28474200
2014-02-26,99.34185376629155,100.53351470320737,99.10352287771433,99.88661193847656,40794800
2014-02-27,99.5546611481359,100.49096395432437,99.38442663574905,100.43138122558594,29906200
2014-02-28,100.40581173665042,101.04420067685854,99.41844021935647,100.03128814697266,47362700
2014-03-03,99.18013044196762,99.810012380298,98.38002049727133,99.49507141113281,50892800
2014-03-04,100.61012209202009,102.63594770980097,100.59310123963189,101.99755859375,112793900
2014-03-05,102.02308263431962,102.10819987557285,101.6911208476116,101.9379653930664,34691300
2014-03-06,102.24439884183698,102.35505061275687,101.6485651289624,101.92094421386719,35087600
2014-03-07,102.49125695047525,102.54232600626142,101.31661671514941,101.88690948486328,36931800
2014-03-10,101.59748628043769,101.78474810087812,100.8569526707039,101.54641723632812,32089000
2014-03-11,101.6400570838249,101.9805260665317,100.0228034398493,100.49095153808594,50359500
2014-03-12,99.92064344725783,100.81439062417856,99.52058531080814,100.79736328125,37159100
2014-03-13,101.1634014579962,101.25703238814756,99.0609721075563,99.63127136230469,53542800
2014-03-14,99.27378066825352,100.32925555683063,99.26527348740053,100.0483627319336,46888100
2014-03-17,100.62714432639231,101.37618517998868,100.33773789825604,100.49095153808594,41561600
2014-03-18,100.62713942115441,102.04010381379314,100.52499483490384,101.95498657226562,41606600
2014-03-19,101.86986772627903,101.92093677158535,100.52499325162665,101.29106140136719,47423000
2014-03-20,101.06123614550324,101.75069417828232,100.57606077169045,101.42724609375,33212900
2014-03-21,101.90392281153943,102.36356373246304,100.91654457532658,100.9591064453125,47110800
2014-03-24,101.35065648301051,101.48684927914752,98.89924459881391,99.81001281738281,66747000
2014-03-25,100.41760406811447,100.96376881965361,99.11192875550383,99.78610229492188,47699700
2014-03-26,100.38347712892416,100.42614889904834,97.84039849299384,97.8745346069336,69052500
2014-03-27,97.89158375056066,98.46334891830104,97.02113577211985,97.62703704833984,65234900
2014-03-28,97.69531750868234,98.99245718637357,97.26862588287901,97.53317260742188,50558000
2014-03-31,98.1732212148007,99.5727693857914,97.8233309166539,99.2826156616211,44599200
2014-04-01,99.53009497085974,100.75043338751294,99.4959588565228,100.58829498291016,47906600
2014-04-02,100.94672331330112,101.1088682429912,100.45175937799355,101.04059600830078,33856500
2014-04-03,101.04058918738386,101.07472530242465,99.57276879462079,100.01652526855469,38473500
2014-04-04,100.66510653368033,100.80165100483183,97.30277380576047,97.70386505126953,86345900
2014-04-07,97.24303025448624,97.49051220760347,95.64720755482438,96.2787094116211,68537700
2014-04-08,96.27016401385531,97.45636623100462,95.74959970148933,96.95287322998047,60087900
2014-04-09,97.28571814414995,98.35244750976562,96.85902639790368,98.35244750976562,42744900
2014-04-10,98.22443086638252,98.23296652365194,95.06691479977584,95.54480743408203,74860200
2014-04-11,94.75967499144159,95.78373226691528,93.75268251588027,94.2220458984375,70998200
2014-04-14,95.19491250552574,95.55333193942462,93.57348288590944,94.48660278320312,62657700
2014-04-15,94.75115305467364,95.33998965426453,92.72863866616287,94.85356140136719,76968000
2014-04-16,95.51916107117381,95.95438823158139,94.92179556535612,95.88611602783203,49353800
2014-04-17,95.57038986450391,96.78219904698358,95.33997924809017,96.3640365600586,50275100
2014-04-21,96.54323996057893,96.88459454587976,95.8178655360629,96.81632232666016,31970700
2014-04-22,96.96991960026031,98.15612159195811,96.83338168946447,97.81477355957031,40541900
2014-04-23,97.69531938782895,97.9427948060532,97.0894115380319,97.20035552978516,33859500
2014-04-24,97.7891851833963,97.85745740716834,96.15922653332395,96.95287322998047,44318900
2014-04-25,96.57738485061971,96.61152096333304,94.90475439245363,95.24610900878906,58386300
2014-04-28,95.58746898365723,96.03976110856765,93.29186573368004,94.69141387939453,66050100
2014-04-29,95.08394521984333,95.56184419213345,94.64018886428444,94.93033599853516,34487600
2014-04-30,94.6231323478981,95.63012484260406,93.82948566553836,95.56185913085938,43929700
2014-05-01,95.36557269870912,96.23602069885935,94.33297980693598,95.52771759033203,78690900
2014-05-02,95.6557159822049,96.53470611253405,95.3058322696479,95.6045150756836,43450300
2014-05-05,94.8279366060393,95.73252064855524,94.32443716917712,95.48503875732422,28108400
2014-05-06,95.07542931527854,95.33144037924288,93.86362017364343,93.93189239501953,45354700
2014-05-07,94.06846897476501,94.25620788149125,92.53237602300779,93.99166107177734,64243800
2014-05-08,93.89776348827,94.93035650031513,92.75423299107547,93.04438018798828,58520300
2014-05-09,92.75422051115767,93.92335130832849,92.4043302799363,93.89775085449219,48409900
2014-05-12,94.45247672409195,96.46646210630603,94.30740310599317,96.03123474121094,76291700
2014-05-13,95.9032256766882,96.30431692280887,95.01570614524641,95.09251403808594,58122800
2014-05-14,94.81088575030164,94.82795706278463,93.37720150923843,93.54788208007812,65720700
2014-05-15,93.07851912196548,93.19799226676163,91.68750664424,92.91637420654297,75870500
2014-05-16,92.95906882255676,93.54790554576172,92.19102233811543,93.50523376464844,44666200
2014-05-19,93.24918174000591,94.75967368796891,92.97609936958284,94.51219177246094,35336900
2014-05-20,94.28180917746366,94.30740963998436,92.5238347917188,93.06999969482422,89567900
2014-05-21,93.57348253800457,93.98310288642375,92.63476218617942,93.54788208007812,55278500
2014-05-22,93.83801987165953,94.76821098473616,93.54787269653302,94.5207290649414,41295000
2014-05-23,94.46098479742895,95.59597946083761,94.30737556700416,95.55331420898438,42643800
2014-05-27,96.18484593961621,97.14916687489311,96.13364501709853,96.92729187011719,46373900
2014-05-28,96.71392841925586,96.82486590146387,96.03121919281261,96.42377471923828,37055400
2014-05-29,96.71391839553056,96.93579333695077,96.17628281941944,96.74805450439453,25556800
2014-05-30,96.71394219149012,96.79927922924823,95.86908793852838,96.31285095214844,38856000
2014-06-02,96.49204851372659,96.51764897074506,95.032763866493,95.79227447509766,40369700
2014-06-03,95.27170544045386,95.8861424217385,94.81941336000752,95.56185913085938,31143700
2014-06-04,95.13517911652643,96.0653638466934,94.86209670382804,95.9373550415039,28835500
2014-06-05,96.19339458422112,98.03669966251391,95.65575878200256,97.95136260986328,67182000
2014-06-06,98.36951882724084,99.1973019114884,98.23298084501845,98.89008331298828,45854000
2014-06-09,98.89007378232742,100.25549253775604,98.70233488871517,99.76052856445312,44025700
2014-06-10,99.53011101150922,99.70079161070137,98.95834565351355,99.56424713134766,39799900
2014-06-11,99.0095628321228,99.27411617660218,98.48046916476443,99.07783508300781,30144700
2014-06-12,98.80470460407736,98.92417772970187,98.06226539638173,98.47188568115234,39481200
2014-06-13,98.71082745144464,98.91564409532938,97.84891515725084,98.6425552368164,33779400
2014-06-16,98.55722447007048,99.1204605102539,98.22440554116105,99.1204605102539,30051100
2014-06-17,99.02659712038654,100.22986416598609,98.80471564338036,99.82024383544922,62573000
2014-06-18,99.76052030052442,100.53709580531556,99.41916563994428,100.49443054199219,37448900
2014-06-19,100.8443120832012,100.8955195131569,99.9311921303726,100.57976531982422,30915900
2014-06-20,100.58829906429942,100.95525416981303,100.32374579515349,100.91258239746094,30104400
2014-06-23,101.12592018018869,101.1685919491408,100.43468179658954,100.71629333496094,21388700
2014-06-24,100.47736437098338,101.47582794367663,99.54717954685935,99.64105224609375,41788300
2014-06-25,99.04365069052153,100.52000647013504,99.03512154641757,100.48587036132812,34620800
2014-06-26,100.52001860182149,100.54561905881712,99.49595474641139,100.3152084350586,28018300
2014-06-27,99.89702007750651,101.1344294353202,99.87141962713729,100.98934936523438,38525100
2014-06-30,100.83577845045824,101.45020898540096,100.5541603860273,101.39047241210938,34195600
2014-07-01,101.77449095647552,103.23377557194488,101.72328353275537,102.42305755615234,65733200
2014-07-02,102.42220742094712,102.76487252707668,101.84824712626126,102.02814483642578,30796700
2014-07-03,102.4393543970157,102.72205362770174,102.15665516632966,102.64495086669922,15933900
2014-07-07,102.31940490879087,102.34510364608914,100.82881278756321,100.88877868652344,32279000
2014-07-08,100.66604614228643,100.82880698106673,99.11548821139156,99.66374969482422,52537600
2014-07-09,99.9464887461255,100.30628426275095,99.38965861660799,99.79228973388672,27891700
2014-07-10,97.77054240309569,99.41533354335968,97.63348028728629,98.7300033569336,50834300
2014-07-11,98.67002815479013,98.84135741734998,98.09606793584298,98.60149383544922,33923700
2014-07-14,99.73229133051362,99.76655849271603,98.85850156962715,99.10693359375,28823400
2014-07-15,98.99557729027931,99.37250959052498,97.547827069033,98.13035583496094,49534700
2014-07-16,98.55867523054047,98.5929358580486,97.50498120035469,97.86477661132812,63433000
2014-07-17,97.2479834206433,97.8904780446945,96.11719314374487,96.35706329345703,62221500
2014-07-18,96.53694497852771,98.04466074024558,96.33991045077784,97.856201171875,46164100
2014-07-21,97.23944664050185,97.65063964602824,96.81111678053145,97.46217346191406,32720500
2014-07-22,98.06183543793016,98.73002894820823,97.82197177124519,98.2845687866211,31326500
2014-07-23,98.52438887257769,98.89275263655956,98.09605921844955,98.40445709228516,26417600
2014-07-24,98.70432264520595,99.07268654392097,97.95045799529937,98.20745849609375,31905100
2014-07-25,97.46212067826825,97.66772360547576,96.98239358636694,97.31649017333984,46514500
2014-07-28,97.53925314998608,97.55638346458075,96.14290048985389,96.8282241821289,37373400
2014-07-29,97.13661610509754,97.75341196493619,96.82821817517822,97.09378051757812,30574500
2014-07-30,97.81336756799799,97.92473093371366,97.0680715598604,97.4792709350586,30219000
2014-07-31,96.48555357395794,96.79395150544843,95.13203658107533,95.25196838378906,61507700
2014-08-01,95.22625520539889,95.68884549669458,94.11259545102553,94.81505584716797,67805300
2014-08-04,95.22625711415405,95.77451857892349,94.13829607240156,95.65458679199219,34646200
2014-08-05,95.18343108382943,96.14289201135514,94.71226577660858,95.41472625732422,44375000
2014-08-06,94.8065206888169,96.34851065348555,94.77225351895822,95.71458435058594,33658300
2014-08-07,96.02295667672222,96.39132050956957,94.89216643985479,95.25196838378906,40852200
2014-08-08,95.37190665978947,96.28853209176995,95.08063902214866,96.17716217041016,32667200
2014-08-11,96.7082863730755,97.84764502884448,96.47699119353251,97.09378051757812,31000700
2014-08-12,96.75113296078747,97.20516148262507,95.98013804833033,96.42559814453125,31188400
2014-08-13,96.73399200507062,97.35935633413868,96.54552586382289,97.17945861816406,23122900
2014-08-14,97.24798574563454,97.4278899961681,96.99956023656019,97.32508850097656,20882100
2014-08-15,98.04466883995894,98.04466883995894,96.168589138515,97.13661193847656,53713800
2014-08-18,98.08749776088811,98.6357592342428,97.73626428238062,98.55009460449219,33287300
2014-08-19,98.6272228131181,99.14122382998957,98.56725689925568,98.89279174804688,22692600
2014-08-20,98.38737305008351,98.7043395171377,98.01044719649498,98.47303771972656,26266900
2014-08-21,98.41303354884745,98.85850011513186,97.52210695207145,98.68716430664062,33018200
2014-08-22,98.55010158223273,99.05552750860213,98.1817377660104,98.69573211669922,30100100
2014-08-25,99.33821524113776,99.72371586157334,98.78995379214638,99.15831756591797,27808600
2014-08-26,99.26971425300034,100.16064104066226,99.20118645071422,100.05784606933594,34831700
2014-08-27,100.13491542185058,100.17775100560237,99.62092109579126,99.80938720703125,19070100
2014-08-28,99.39817456869925,99.56951034506419,98.95271462173358,99.29537963867188,22817800
2014-08-29,99.50956009294201,100.0663834801933,99.07266196430231,99.85221862792969,26231100
2014-09-02,100.21201497888498,100.65747497109358,99.80081560963747,100.40047454833984,38816400
2014-09-03,100.88023879590007,100.91450596503432,99.60381125487721,99.7665786743164,33266600
2014-09-04,100.04068259430915,100.64890997737513,99.13262573167438,99.38105773925781,26523500
2014-09-05,99.18401900021613,99.73228046413288,98.66145627120294,99.69801330566406,26935300
2014-09-08,99.59522472668893,100.05782159187342,99.22686091936382,99.85221862792969,20347300
2014-09-09,99.6809178572016,99.70661660109317,98.51586020495768,98.67005920410156,36390100
2014-09-10,98.65290448145802,99.31252937607296,98.2674038110684,99.2525634765625,23060600
2014-09-11,98.66146599493534,99.99785916376088,98.635767257499,99.89505767822266,27075600
2014-09-12,99.84365251075437,99.8522143987116,98.49012913318633,98.83279418945312,32892900
2014-09-15,98.82425779051202,98.85852496082249,97.41076806022883,97.75343322753906,41644400
2014-09-16,97.47072733109344,98.31025660699471,97.14519903902242,98.02755737304688,51365900
2014-09-17,98.0789657559242,98.91849512511635,97.82197177124519,98.2845687866211,45543000
2014-09-18,98.72141842839682,98.96985041604955,98.43872581936407,98.88418579101562,24714600
2014-09-19,99.27826079390432,99.2953976425438,97.32507833974135,97.63347625732422,52459600
2014-09-22,97.1794580668204,97.25655428646063,95.98870185655836,96.26283264160156,45800600
2014-09-23,95.86018339281642,96.47697917582354,95.25195603340445,95.36331939697266,51616800
2014-09-24,95.47930163626937,96.30395337624768,95.00684183817008,96.22663879394531,34323100
2014-09-25,95.97752200303182,96.06342198926531,94.27667343911403,94.60309600830078,49733600
2014-09-26,94.96388460729243,95.5394217130945,94.66322483064326,95.45352172851562,26473300
2014-09-29,94.33682321469904,95.6511122764576,94.25092321104655,95.37622833251953,30619000
2014-09-30,95.2817329056077,95.37622487232237,93.89872126960198,93.9330825805664,55596900
2014-10-01,93.88152813528063,93.9674281214005,92.2837634892054,92.60160064697266,88621100
2014-10-02,92.59299971400216,93.87292707834085,91.86284007208069,93.48637390136719,71825900
2014-10-03,94.2766806324361,94.76631780045003,93.70114347163451,94.19078063964844,44034600
2014-10-06,94.44847504723927,94.55155896475397,93.21150080580782,93.38330078125,35571200
2014-10-07,92.79058564009095,93.20291478268713,91.78554195680883,91.84567260742188,40271900
2014-10-08,91.63949573492313,93.66676668775453,90.8492054458528,93.60663604736328,51589200
2014-10-09,93.537923914832,93.54651587977787,91.06396886409165,91.08114624023438,60783400
2014-10-10,90.85782023749483,91.81991734862414,89.84418443329177,89.97303771972656,66579500
2014-10-13,90.05893523477168,91.14988560215649,89.21710602035292,89.61225128173828,72054300
2014-10-14,90.39395582588621,91.90581423726626,90.07611860396248,90.66024780273438,70034800
2014-10-15,89.50056012014142,91.91438437906497,88.94220039961233,91.5707778930664,117497300
2014-10-16,90.3252149691774,93.2630377492194,90.15340844318881,92.60160064697266,100532300
2014-10-17,93.76984006430152,93.8213787349212,91.94873057535158,92.32669830322266,72675000
2014-10-20,91.92299905474822,93.40908813476562,91.91440708819458,93.40908813476562,34914400
2014-10-21,93.91591076301772,94.9982626306117,93.64102681277555,94.94672393798828,44748100
2014-10-22,95.17865706656957,95.40199576082728,93.51216950345407,93.5894775390625,48798300
2014-10-23,94.52580758978111,95.84868862411491,94.29387036972734,95.24737548828125,60795100
2014-10-24,95.28173022204375,95.6253367682605,94.86940760958345,95.41058349609375,41927400
2014-10-27,94.85221061677083,95.42774773402759,94.07051222167188,95.3590316772461,31133700
2014-10-28,95.78853067231697,98.10786288949238,95.60813874909206,98.07350158691406,84912900
2014-10-29,98.23674377092954,98.69201968910735,97.0513079903675,97.84159851074219,67133500
2014-10-30,97.48937788064434,99.11291183218074,97.1887246588318,98.67481994628906,59046200
2014-10-31,100.42723150374181,100.47017822941565,99.54244244535676,100.12657165527344,53133300
2014-11-03,100.28975694123439,100.82234730318393,99.55959728067744,99.95474243164062,39729600
2014-11-04,99.5595978500268,100.07500428667632,99.02700748503155,99.49087524414062,37347600
2014-11-05,100.22105538855607,100.28118604255677,99.25896492454474,99.6712875366211,31073500
2014-11-06,99.62833867521998,100.10079193115234,99.267548205213,100.10079193115234,31720900
2014-11-07,99.98052533520323,100.25540924072266,99.38780425146632,100.25540924072266,28657700
2014-11-10,100.22965592726324,100.77083185955712,100.04067198316847,100.75365447998047,29371800
2014-11-11,100.60761915613413,100.88250309288244,100.39286587574482,100.82237243652344,23536800
2014-11-12,100.23825893134848,101.43228683278726,100.21248958227083,101.27766418457031,34594700
2014-11-13,101.31199921878395,101.5782911618393,100.17810227726687,100.41862487792969,25135200
2014-11-14,100.45301932031799,100.68495003210296,99.96338199210396,100.23826599121094,23321400
2014-11-17,100.15232062191352,100.44438844431552,99.37062221471058,99.40498352050781,29847300
2014-11-18,99.78295283663175,100.6076045269656,99.43075436220582,99.98052215576172,33717200
2014-11-19,99.86025718910582,99.86025718910582,98.24531517412835,98.91534423828125,38258700
2014-11-20,98.46006474163902,100.04064539258907,98.46006474163902,100.02346801757812,26555000
2014-11-21,101.43226502927865,101.46662633857969,99.78296150532688,100.14374542236328,43240400
2014-11-24,100.28117209056835,101.406483535661,100.14373342358115,101.33776092529297,24573200
2014-11-25,101.5525071619382,102.03355229383251,100.95978615746242,101.4150619506836,26745900
2014-11-26,101.42368416804918,101.79306009128995,101.22610825637373,101.75010681152344,14640700
2014-11-28,101.77590061406765,101.81025537942347,100.13518203388901,100.23826599121094,21110700
2014-12-01,99.9203861025476,100.04923935582403,98.62327471272927,98.67481994628906,36244100
2014-12-02,98.77792444826324,100.19529751627455,98.76933903510141,99.86028289794922,31812100
2014-12-03,99.88604472607604,101.1144337520529,99.66269947942115,100.82237243652344,29148000
2014-12-04,100.66773773517939,100.76222969151429,99.8344940586348,100.34130859375,28631900
2014-12-05,100.71929923989994,101.3463817691377,100.47018462164115,101.0972671508789,30261400
2014-12-08,100.73644759670958,101.68136710191035,99.51665075840346,99.83448791503906,32295000
2014-12-09,98.75214366807059,101.59547488806328,98.5631597403823,101.50957489013672,52645900
2014-12-10,101.14019679041903,101.50098725982568,99.2675480400448,99.35345458984375,45413600
2014-12-11,99.82591185422518,101.08866216348942,99.53385054517761,99.74860382080078,36021800
2014-12-12,98.59752231729391,99.63692737918625,98.44289969753927,98.53739166259766,44816000
2014-12-15,99.00986642220357,99.42218910124274,97.20593995546785,97.54095458984375,66361200
2014-12-16,97.34334988379696,99.07855320642007,97.09423533506043,97.40348052978516,62849700
2014-12-17,97.61821953514013,100.49591126556552,97.48936629717376,100.4100112915039,70379400
2014-12-18,101.75868584505363,101.99920845217565,100.90826475451522,101.90471649169922,54315600
2014-12-19,101.92191205569016,102.63489454657,101.4838135120019,102.13666534423828,49041800
2014-12-22,102.39435237854515,102.83245086669922,102.05075240342374,102.83245086669922,27043400
2014-12-23,103.45954818069063,103.45954818069063,102.60912042460531,102.96131896972656,34533000
2014-12-24,103.14667412725227,103.52605044992144,102.82765910880025,103.2587661743164,19175400
2014-12-26,103.58639510892758,104.1813249065366,103.52604038874776,103.93128204345703,18261900
2014-12-29,104.00887493859214,104.65553545405305,103.99163355257505,104.37100982666016,27692500
2014-12-30,104.14685042119928,104.53484416657021,103.69849536886139,103.75885009765625,23996000
2014-12-31,104.1554745085444,104.68142567921156,103.06908281098265,103.1380615234375,35688700
2015-01-02,103.52606027306821,103.94854339547356,101.6464330259411,102.54313659667969,46133100
2015-01-05,101.93955663136794,102.35341563721236,100.69796645749409,101.17218017578125,51141900
2015-01-06,101.41360121005586,101.54292803242282,98.60278205627706,99.42188262939453,67446000
2015-01-07,100.06856704270272,100.672120863838,99.56848786060637,100.64625549316406,32252100
2015-01-08,101.44811843484047,102.47414878388325,101.2670476774258,102.35343933105469,28361700
2015-01-09,102.43968071346735,102.4655460904231,101.14635924029402,101.37053680419922,26975200
2015-01-12,101.48261211549506,101.74990299962515,100.2151627246116,101.03426361083984,27316800
2015-01-13,101.81886992160466,102.93975099307055,99.86164661657948,101.11185455322266,49991400
2015-01-14,99.99960389536184,100.96527957083848,99.62885153333501,100.70661926269531,34224200
2015-01-15,101.07737979325678,101.20670666869378,98.70629059704534,99.00806427001953,46199400
2015-01-16,98.64591220938385,100.82731269434007,98.46484147084331,100.62037658691406,41895700
2015-01-20,100.74970768608634,100.9480198065868,99.29257045438247,100.19789123535156,36444400
2015-01-21,99.84439295806008,100.7238484240561,99.40466193597638,99.87887573242188,27333500
2015-01-22,100.4996733216858,101.94819327181384,99.24084152593441,101.91370391845703,37877000
2015-01-23,101.9482109505236,102.40518344994406,101.35328759192556,101.8447494506836,28173400
2015-01-26,101.63777726697967,102.83625412190027,100.93938607792862,102.82763671875,23006800
2015-01-27,101.62054244273386,102.81901937502346,101.4136129248732,102.336181640625,26919100
2015-01-28,102.75868980006207,102.99148474234161,100.29275663346901,100.61177825927734,38086100
2015-01-29,100.89629175449048,102.01717272316769,100.09443237306364,101.99993133544922,39299900
2015-01-30,101.2929254880207,101.70678461361557,99.67195860795292,99.7581787109375,49739800
2015-02-02,100.12031782360536,100.7411065377608,98.62006034108879,100.67213439941406,44819100
2015-02-03,101.16359651420426,102.60349269000001,101.11185918758983,102.47415924072266,43920000
2015-02-04,102.10339737341963,102.81041270850918,101.82748911041327,102.09477996826172,28597100
2015-02-05,102.40517535634709,103.68125523829103,102.25860052437652,103.41397094726562,32337100
2015-02-06,103.55192278701222,104.17271805562223,102.90526214523882,103.3018798828125,31694900
2015-02-09,102.94836158634875,103.65537686276951,102.36205575384093,102.4827651977539,32367900
2015-02-10,103.06045882738277,103.32774311543025,101.8274922994835,103.1380615234375,28960800
2015-02-11,102.92251345774994,103.31050722415479,102.27585279496024,102.99148559570312,23794200
2015-02-12,103.60365906291788,104.25893710366539,103.32774421017515,104.16409301757812,27854600
2015-02-13,104.25032063463071,104.92284664880205,104.02614310384953,104.7848892211914,20446900
2015-02-17,104.89700286614065,105.241883349808,104.55211580429973,105.11255645751953,16868500
2015-02-18,104.810751312693,105.23324098789324,104.43999896031295,105.22461700439453,20450200
2015-02-19,104.98319533070482,105.51776388646876,104.79350716775433,105.23323822021484,16620500
2015-02-20,105.06078120478536,105.6557110072896,104.24168048443794,105.51775360107422,30331600
2015-02-23,105.27635171544614,105.6471040817947,104.56071235604765,105.6212387084961,25778200
2015-02-24,105.5953706228307,106.0954564209991,105.3539517073486,105.75919342041016,20023600
2015-02-25,105.68161638689546,106.08685819836148,105.38846665495969,105.87992858886719,17059600
2015-02-26,105.78506071981171,106.31101190019399,105.4746630862034,106.26789855957031,24379000
2015-02-27,106.07818684308313,106.3627190404375,105.66432780890472,105.69019317626953,23821700
2015-03-02,105.66432999389662,106.72484954680826,105.64708202984959,106.45756530761719,29683500
2015-03-03,106.21614814744183,106.21614814744183,105.41428883877998,105.8281478881836,23068400
2015-03-04,105.37119298701374,105.71607997084682,104.85386580035018,105.50052642822266,22822500
2015-03-05,105.6471131582591,105.9833761963748,105.1125445223689,105.8109359741211,19725600
2015-03-06,105.1728775611407,105.78504877547702,104.22443679988717,104.47447967529297,37319900
2015-03-09,104.64692424589809,105.12113803841002,104.4313707279823,104.93144989013672,17556300
2015-03-10,103.9916342186738,104.06923032350409,103.31910833079405,103.72434997558594,32440300
2015-03-11,103.87094964958841,104.4486316066454,103.36223983172546,104.36241149902344,20914500
2015-03-12,105.03492508041288,106.18167145236822,104.96594637123397,106.09545135498047,41063300
2015-03-13,106.0006196161712,106.21617317382362,104.50898610282051,105.7160873413086,26371000
2015-03-16,106.14715728114115,106.55239888010925,105.94884518315901,106.33684539794922,19906300
2015-03-17,106.02646909086099,106.72486040790892,105.85402232369563,106.62139892578125,23142600
2015-03-18,106.39720809425776,107.88021721531639,105.9229877666504,107.4749755859375,40292600
2015-03-19,107.22495047305141,107.74227763898732,107.18183713498516,107.68192291259766,34008200
2015-03-20,108.08715571276754,108.776929596024,108.04404237824978,108.6303482055664,34165600
2015-03-23,108.59588482618902,108.91490647467471,108.45793396344713,108.53553009033203,17132400
2015-03-24,108.44068772131514,108.90628422455838,108.3458502018919,108.5096664428711,30115600
2015-03-25,108.5641286457297,108.62466760811286,105.83986214198332,105.9177017211914,42514000
2015-03-26,105.58904638130353,106.29822644508465,105.11338503390944,105.7879638671875,26899200
2015-03-27,105.83988743038779,106.57501206129412,105.39017025926903,106.46257781982422,23066800
2015-03-30,106.99876064589154,108.09711229066835,106.98146002885449,107.90684509277344,20487000
2015-03-31,107.48307350493923,107.85495759620342,107.15443435847986,107.5609130859375,24507800
2015-04-01,107.43984021230767,107.60415649414062,106.28959324821454,107.60415649414062,31955200
2015-04-02,107.55223345544506,108.33059606196251,107.49169450817428,107.80303955078125,23586400
2015-04-06,107.16308660409861,108.5208947575359,107.13713567779533,108.27873229980469,22045600
2015-04-07,108.07983035476616,108.53819778370998,107.56092395592887,107.58686828613281,20214700
2015-04-08,107.5695443375383,108.67655277275742,107.5695443375383,108.5122299194336,19314400
2015-04-09,108.41709795386393,108.73709335769348,107.04198934642227,108.123046875,22325300
2015-04-10,108.48631045084512,108.78900530401654,108.29604322935083,108.64198303222656,14966300
2015-04-13,108.70249215529269,109.30788169540745,108.60735857066736,108.71113586425781,22819200
2015-04-14,108.74573487930387,109.03978595225172,107.91548350585035,108.68519592285156,22600800
2015-04-15,109.10900717881832,109.94790250733267,108.90143932596118,109.44629669189453,37282300
2015-04-16,109.37707662104671,109.61923244963336,109.10897646771885,109.38572692871094,24439900
2015-04-17,108.20955419090377,108.58143830458356,107.08525154073165,107.61280822753906,48283500
2015-04-20,108.14902418236737,108.92738051423076,107.95875695519966,108.66793060302734,24602300
2015-04-21,109.01387792325356,109.18684454263354,108.46902053552486,108.55550384521484,13844600
2015-04-22,108.5555028389636,108.86684802956441,107.64741819825586,108.7198257446289,21991300
2015-04-23,108.52090318871124,109.43763804174762,108.33063597055211,109.21277618408203,18025800
2015-04-24,109.25599649699403,109.36842410134922,108.70249558620468,108.84951782226562,14992500
2015-04-27,109.15223807169652,109.75763437043463,107.27552340193938,107.64740753173828,32924600
2015-04-28,107.70794885290256,108.42577279789909,106.59229643915272,108.24415588378906,35654900
2015-04-29,107.6473773365864,108.0192613620716,106.92090330152762,107.06793212890625,26437900
2015-04-30,106.42795597662733,106.75660170831293,104.35233067330653,104.80204772949219,72393800
2015-05-01,105.09609818283647,105.64960577310254,104.56854811709871,105.48528289794922,47996200
2015-05-04,105.62365937053066,106.6787727436997,105.33826515179439,105.8658218383789,37675100
2015-05-05,105.81393190569067,106.0474440761585,104.02370052453328,104.51666259765625,56891600
2015-05-06,104.74151086868781,105.07015000871229,103.98909239228067,104.8798828125,34348300
2015-05-07,104.76747015023956,105.7101559574177,104.27450807071155,105.2777328491211,29826100
2015-05-08,106.31552630272279,106.59227677768813,105.85715894714754,106.0647201538086,26357100
2015-05-11,106.03013342735811,106.94687480513076,105.89176147868159,106.1252670288086,28406700
2015-05-12,105.81393487309771,106.30689696004511,104.53396614829705,105.93501281738281,34961600
2015-05-13,106.16852499439916,106.5577031584223,105.51124001238492,105.93501281738281,27214700
2015-05-14,106.4452557372061,107.11983461518605,105.9003984909516,107.05929565429688,23293200
2015-05-15,106.86040045773672,106.9987790247936,106.32420000602434,106.93824005126953,22055600
2015-05-18,106.7220122901155,108.24414330543827,106.52309477972724,108.14900970458984,30846000
2015-05-19,107.93281621502965,108.14902778068615,107.5090367956005,108.00199890136719,23256800
2015-05-20,108.25278587189233,108.50359203527391,107.53496201789523,108.20089721679688,20838500
2015-05-21,108.08847666414593,108.51224943771736,107.65605358140904,108.07982635498047,16229300
2015-05-22,107.8982090446485,108.31333150748715,107.24092411385928,107.61280822753906,22601400
2015-05-26,107.18902966263099,107.27551295452741,105.96094316399375,106.58363342285156,44037800
2015-05-27,106.6874288121632,107.99334843455485,106.19446673723104,107.88956451416016,32086300
2015-05-28,107.63010308082283,107.85496493224865,107.0420074220379,107.79442596435547,18631900
2015-05-29,107.76848039023673,107.87226430467744,106.6528280534463,107.14579010009766,33468900
2015-06-01,107.83767574462642,108.01929265644478,106.40202787274862,107.48308563232422,35649400
2015-06-02,107.06794443361156,108.37385722818054,106.79119395946263,107.69062805175781,29477600
2015-06-03,107.89820774227347,108.91007615626319,107.60415661958055,108.76305389404297,30774800
2015-06-04,108.17492917235323,108.64194676057711,107.31008325303142,107.6733169555664,25820600
2015-06-05,107.43982998671714,108.5554756085554,106.65281689726716,108.45169830322266,36626500
2015-06-08,108.34793222491246,108.64198336765322,107.73389220708236,107.95010375976562,18798700
2015-06-09,107.85495787864491,107.98468611514697,106.80849487449879,107.62145233154297,23928300
2015-06-10,108.04520994087765,109.38572386649265,107.9760206780037,108.96194458007812,42563500
2015-06-11,109.11763819120638,109.43763364509573,108.89278294082715,109.23871612548828,17489400
2015-06-12,108.90142201793594,109.10033952907949,108.4776492659807,108.91007232666016,23578600
2015-06-15,108.20087609099363,108.7976219010876,107.18900792468281,108.5641098022461,30618300
2015-06-16,108.43440627171091,109.53276456062117,108.38251761493645,109.33384704589844,32800900
2015-06-17,109.61060722330292,109.80087444594449,108.94467854231041,109.16954040527344,32467000
2015-06-18,109.67977419417835,110.90786058190206,109.61058492760908,110.631103515625,39642100
2015-06-19,110.54464425080018,110.83869539848547,110.35437702551904,110.57923889160156,23310900
2015-06-22,111.06355962372898,111.42679348405927,110.8300474290498,111.34031677246094,25230000
2015-06-23,111.28836026552432,111.64295023953821,111.0462044775394,111.57376098632812,23378500
2015-06-24,111.35757101984737,111.65162870189255,110.46678725533754,110.631103515625,26436800
2015-06-25,111.00301686352631,111.06354923633305,110.05168074936945,110.57058715820312,24100900
2015-06-26,110.78680393080245,110.99435857384849,109.67979524795139,110.26789093017578,38219900
2015-06-29,109.51547290067577,109.89600734348733,107.33606336060265,107.48308563232422,49224900
2015-06-30,108.26143830152714,108.38251623129008,107.49172577735455,107.98468780517578,39631300
2015-07-01,108.77170628214394,109.10900237863433,107.2928200364294,108.30469512939453,28627700
2015-07-02,108.39932992481037,108.52960846988717,107.14867312030243,107.5047607421875,31486400
2015-07-06,106.77523137495223,108.13879959802394,106.67100719423422,107.47003936767578,27852200
2015-07-07,107.59163665771484,107.68717383856303,105.5506277169688,107.59163665771484,39347100
2015-07-08,106.65362819525389,107.13130739580815,105.33348188823858,105.95012664794922,40724500
2015-07-09,107.13133053783339,107.28766351253337,106.1933326896335,106.3322982788086,29770400
2015-07-10,107.55688384689398,107.99114130420782,107.14000039856874,107.80875396728516,28735800
2015-07-13,108.36460787106647,109.12021826632693,108.34724048753733,109.0246810913086,21349900
2015-07-14,108.96388443356855,109.86714077341617,108.91177565715684,109.63264465332031,21009500
2015-07-15,109.70213703888584,109.84978963762991,108.79888056543984,109.05075073242188,22238300
2015-07-16,109.52842520294939,110.07558725762462,109.40683363524379,109.7021255493164,33568400
2015-07-17,109.70210544763292,109.76290122034557,108.87701901421224,109.22442626953125,24739900
2015-07-20,109.24178488783286,109.31126765857168,108.35590275275916,108.63382720947266,23271100
2015-07-21,108.62516972875984,109.2591885881423,107.79139613201606,108.12142944335938,28118700
2015-07-22,107.76531617720008,108.64251133967765,107.59160924435159,108.52091979980469,20654200
2015-07-23,108.5556927174584,108.90310005782136,107.08790680944678,107.32240295410156,39712100
2015-07-24,107.24423499924035,107.44398973832729,105.51588538021936,105.59405517578125,39533000
2015-07-27,105.20321654641056,105.3682365120743,104.45629313773932,104.71685028076172,35627200
2015-07-28,105.02080646925387,105.79378409969868,103.64855151529311,105.61139678955078,53474800
2015-07-29,105.40295235116834,106.24541273294281,105.06423212310834,105.90669250488281,32411300
2015-07-30,105.63747031540115,106.34097192630026,105.09899529060007,106.210693359375,29383900
2015-07-31,106.34965044038485,107.40923971431077,106.14989571734553,106.79259490966797,31812700
2015-08-03,106.85338487947851,106.96629605494145,105.48981677969611,106.2627944946289,34033200
2015-08-04,106.2975367968047,106.79259001877465,105.62009624318718,106.01092529296875,21728900
2015-08-05,106.47123332889501,107.28763941632843,105.88064958627467,106.25410461425781,25673500
2015-08-06,106.36705427505112,106.53207427828465,104.03074633977603,104.82109832763672,42225300
2015-08-07,104.34340000211249,104.6039571736661,103.41408914206265,104.11758422851562,42261400
2015-08-10,104.50839722856982,105.54192543118937,104.49102322025266,105.31611633300781,28798900
2015-08-11,104.63868806537695,105.16847610885279,103.91781903920237,104.41287231445312,33383800
2015-08-12,103.84832196627133,104.51707549563652,102.4586995098847,104.21309661865234,46500100
2015-08-13,104.30862892438633,104.73419933233842,103.69198419516204,103.86568450927734,35698300
2015-08-14,103.77883641974468,104.64735126010866,103.37063338457482,104.5344467163086,21091500
2015-08-17,104.24784389579773,105.68089482678982,103.87438221834212,105.63746643066406,22328200
2015-08-18,105.48984442792414,105.48984442792414,104.67343810441635,104.79503631591797,26360400
2015-08-19,104.1349439447409,104.65605159006519,103.12746342103647,103.7093734741211,45178900
2015-08-20,102.78005783096168,103.01456058232992,101.08645629882812,101.08645629882812,51879800
2015-08-21,99.99211597104984,101.32094930644521,99.33204943167846,99.90526580810547,79168300
2015-08-24,95.1110688331353,99.80973101026164,94.0254252049531,96.0056381225586,83809200
2015-08-25,99.05415198658956,99.09757376679906,95.15451433082677,95.26742553710938,59240200
2015-08-26,97.12604612987238,97.87296965294371,95.03292153873788,97.69058227539062,51605300
2015-08-27,98.40274341507464,99.98344030970303,97.58633726715081,99.43627166748047,49533700
2015-08-28,99.32337101994261,100.48717788181165,99.19309245113435,100.4177017211914,41601400
2015-08-31,99.96605968977623,100.7303570121807,99.67076781611456,100.05290985107422,29250900
2015-09-01,98.23773866691958,99.11494073019107,96.92627907497327,97.18683624267578,45129200
2015-09-02,98.49828341961492,98.98464967002964,97.34315694863677,98.93254089355469,26865800
2015-09-03,99.08020117949332,99.99213803096154,98.61988925071734,98.7762222290039,33334500
2015-09-04,97.73399070354301,98.75015165091078,97.51686195617845,98.02928924560547,31154600
2015-09-08,99.49706468957426,100.37426659274061,99.10623563559786,100.2700424194336,29916300
2015-09-09,100.89540418323807,101.11253297245545,99.0194148900471,99.11495208740234,40963000
2015-09-10,98.7935810197913,100.1224079064959,98.77621363537895,99.56655883789062,29877900
2015-09-11,99.14966307639084,100.05291273138363,98.71540563115697,100.0355453491211,27949400
2015-09-14,100.33085254752172,100.34822655867929,99.38417435299108,99.57524871826172,22365800
2015-09-15,99.75761245332795,100.91273875072946,99.6447079125169,100.69561004638672,26745300
2015-09-16,100.70429818407801,101.63360884522922,100.56533924823624,101.56413269042969,27127800
2015-09-17,101.54677769977633,103.25775340247833,101.33833594385523,101.91155242919922,50405400
2015-09-18,100.53928851092267,101.47727958406597,100.22662261112725,100.50454711914062,42736100
2015-09-21,101.21673580536412,101.87680904056265,99.94870473922181,100.3221664428711,33021700
2015-09-22,99.40150145214736,99.64469112608624,98.18558621365834,98.80223083496094,35786900
2015-09-23,99.02808096016905,99.375488297962,98.20299433087418,98.50697326660156,25506800
2015-09-24,97.95978556982116,98.50694751107002,97.16075354018223,98.34193420410156,39810300
2015-09-25,99.13804133390572,99.21643543909686,96.62083100431407,97.04762268066406,43750300
2015-09-28,96.72537128535784,96.81247069347603,93.96427286667297,94.3301010131836,56765300
2015-09-29,94.28653485284555,95.03560161978672,93.18906385670371,93.65940856933594,49980700
2015-09-30,94.48688629240638,95.31434066970158,93.99041233697744,95.11400604248047,50834500
2015-10-01,95.26204941738506,95.53205949331466,93.57229350806772,94.948486328125,44985900
2015-10-02,94.05136374159586,96.35952758789062,93.30229699120133,96.35952758789062,58019200
2015-10-05,97.25668090521643,98.81577816602885,97.15215763413187,98.65899658203125,45220500
2015-10-06,98.60673293045512,99.0073954800326,97.36119225981415,97.97960662841797,34140000
2015-10-07,98.51089663559719,99.73030784219496,98.10152225632268,99.712890625,36371000
2015-10-08,99.62581152459161,100.81909390522286,99.2512781237554,100.61005401611328,43072200
2015-10-09,100.79296180692731,101.15878326350288,100.51423974783287,100.81037902832031,26497200
2015-10-12,100.85392275381442,101.02812153272048,100.22679651734067,100.66230010986328,22984000
2015-10-13,100.26164809535126,101.29814888051548,99.23385924362137,99.28611755371094,37445300
2015-10-14,99.32966955923509,99.94808392158035,98.17122829887684,98.31059265136719,39987400
2015-10-15,98.58930540174839,100.66230010986328,98.12767265691562,100.66230010986328,42503400
2015-10-16,100.86262605407575,100.86262605407575,99.6693439203974,100.5316390991211,33685600
2015-10-19,100.0787610721332,101.21977874776877,99.86100920149987,100.72330474853516,24949500
2015-10-20,100.67102273855099,101.29814904165607,100.191966077774,100.58392333984375,20531400
2015-10-21,100.96717023450461,101.019435194186,98.98998647749485,99.05095672607422,34060300
2015-10-22,99.65192595939564,100.53163834985983,99.05964086285924,99.92193603515625,36882600
2015-10-23,100.73199017228852,101.08039440265696,99.93066509412165,100.90618896484375,40172500
2015-10-26,100.68843859301266,100.92361427611286,100.10486531981418,100.21809387207031,19783300
2015-10-27,99.80869519403865,100.05258275133511,98.51089654339354,99.12060546875,38189200
2015-10-28,99.41679256919713,102.02981499168226,99.22516986164,102.01239776611328,65529900
2015-10-29,101.68136351185983,102.0036385201179,100.65357490324001,100.92359161376953,27252000
2015-10-30,100.65359011590347,101.06296456400035,100.23551038037384,100.46196746826172,28018700
2015-11-02,100.55777618496484,102.839817386862,100.53164703282887,102.55238342285156,33836900
2015-11-03,102.4217423268061,103.67599492989218,102.24754352982553,103.08370971679688,28626300
2015-11-04,103.34499620054264,103.64984736373752,102.50883016209794,103.03143310546875,25696000
2015-11-05,102.98789228395752,103.3014554161538,101.98623264751149,103.10983276367188,27141300
2015-11-06,102.78759631618536,103.96345510504663,102.1604698567234,103.84151458740234,35141300
2015-11-09,103.71082933662908,103.90245198811704,102.14301368378013,102.6220703125,32983100
2015-11-10,102.18657082197983,102.92692565917969,101.87300767877034,102.92692565917969,21892200
2015-11-11,103.0488620081596,103.07499116150225,101.9775268495647,102.02978515625,22037600
2015-11-12,101.32426054859349,101.46361823320079,99.93065047623536,100.07872009277344,39916100
2015-11-13,99.67809485141692,100.46199624136487,98.99871010265696,99.35581970214844,43883000
2015-11-16,99.26000247050939,100.24423843985856,98.73739935975107,100.20940399169922,28979100
2015-11-17,100.2964937347387,101.1675010504633,99.68678462657641,99.8261489868164,34441000
2015-11-18,100.10487301628457,101.60300669181878,99.7477568201418,101.51590728759766,35554300
2015-11-19,101.42009837544482,101.60300912226215,100.81038924079495,101.089111328125,25512500
2015-11-20,101.45493561071993,102.22141966042885,101.36782956246746,101.74236297607422,31697700
2015-11-23,101.65525053779437,102.68303930995003,101.62912138477259,102.2475357055664,22716400
2015-11-24,101.80333016336903,103.14468219399406,101.52460809500916,102.99661254882812,24994500
2015-11-25,103.04016340868665,103.9285879062912,102.87466989976438,103.79793548583984,20772600
2015-11-27,103.88503775864223,104.4337766106686,103.54534544322512,104.18989562988281,14129300
2015-11-30,104.53827874552128,104.58183176259335,103.6934073635369,103.73695373535156,30165400
2015-12-01,104.18116027277732,104.44246506215961,103.56274602617987,104.42504119873047,27899900
2015-12-02,104.28569502611968,104.5557051317569,103.17080022760935,103.30145263671875,22238300
2015-12-03,103.58887346834682,104.04179423118505,101.1587628900779,101.5594253540039,39485400
2015-12-04,101.55944565967596,102.71788691573006,101.33298191034959,102.58723449707031,32669900
2015-12-07,102.46527909742291,102.49140824830002,100.61003628731949,101.04553985595703,29621400
2015-12-08,100.13097441798203,101.04553452194575,99.69547087233393,100.48809051513672,30946000
2015-12-09,100.19194074069075,101.18488825441912,98.94640038290777,99.36448669433594,41980400
2015-12-10,99.19903688887334,100.23553786978069,98.98999696377972,99.69551086425781,31278800
2015-12-11,98.65903636961312,98.72000664101948,97.14348487661151,97.47447204589844,52609300
2015-12-14,97.43957811322622,97.88378700181208,96.05467320604049,96.7776107788086,53400400
2015-12-15,97.31762799037664,98.38896302166634,97.20439281233712,98.17121124267578,48273900
2015-12-16,98.85060837954474,99.86097995307895,98.27574706497971,99.66935729980469,44560600
2015-12-17,100.08744387658895,100.11357303021835,98.39768772580466,98.60672760009766,41318000
2015-12-18,98.12768048879232,98.32800843599735,97.06505057498417,97.09989166259766,49876600
2015-12-21,97.70086768267636,98.10153016301736,97.11729450339209,97.8315200805664,26479300
2015-12-22,98.11026904009866,98.87675312883455,97.36991410906555,98.72868347167969,28108700
2015-12-23,99.22515344044534,100.13100186109195,99.05966656651832,99.9742202758789,29609700
2015-12-24,100.11068474596944,100.74053282081047,99.85699556726406,100.16316986083984,13370500
2015-12-28,99.70830418903788,99.78703187784305,98.8160170046432,99.69955444335938,22125500
2015-12-29,100.14569407565814,100.85426994328844,99.78702793212663,100.7755355834961,22841500
2015-12-30,100.64430999668834,100.9067422564453,99.72578040229067,99.76077270507812,21273200
2015-12-31,99.34087334507991,99.69953944885128,98.42235040999368,98.5185775756836,39517700
2016-01-04,96.76026095627645,96.95271530406119,95.42183694099175,96.23538970947266,66665900
2016-01-05,96.58527404949483,96.73398629649142,95.83295639820899,96.44530487060547,28253300
2016-01-06,95.08940509975,95.87671523854827,94.47705647740658,94.9756851196289,35569200
2016-01-07,93.35734198663819,94.0396753070566,92.28135020698586,92.43881225585938,52482000
2016-01-08,92.61375415840979,93.15611813189587,90.68047460244729,90.8466796875,60299300
2016-01-11,91.16158615520496,91.66021466249472,89.49948890620654,90.45301055908203,47144800
2016-01-12,91.1703868168445,91.8439704953495,89.17587167372687,90.7242431640625,53702900
2016-01-13,90.89913867639841,91.34527533088094,87.17254343728987,87.8111343383789,70591600
2016-01-14,88.23106932914851,89.84942489767153,86.77017578034715,89.0271224975586,69373400
2016-01-15,86.67393009442407,87.73242196083245,85.30051425588287,87.58370971679688,85759200
2016-01-19,88.41478520815758,88.5285051970099,85.50174080799471,86.40277099609375,51391100
2016-01-20,85.23054313707631,87.76742812501446,83.15729443857643,86.76142120361328,94385800
2016-01-21,86.89265764353217,88.27482371270732,86.0616053833623,86.56023406982422,65798200
2016-01-22,88.04735232737471,88.88714742268614,87.59245914610301,88.67720031738281,46056700
2016-01-25,88.12609781815603,88.42352906209999,86.47274984693958,86.70894622802734,35019600
2016-01-26,87.05885126415541,88.70345607715268,86.76142671020432,88.4410171508789,33349600
2016-01-27,87.99488548845412,88.86967312829924,86.65646146734706,87.2250747680664,47973900
2016-01-28,87.959898458649,88.309808169748,86.796429314355,87.20758056640625,41951100
2016-01-29,87.51377454206614,90.08565287529011,87.44378991449918,90.06815338134766,42245300
2016-02-01,89.35078527585954,90.1818306434172,88.57222501704499,89.6569595336914,33615700
2016-02-02,88.64219260141049,88.76466228104186,87.27751996907982,87.72366333007812,39692700
2016-02-03,88.40604718447307,88.41479693065254,85.85166857633305,87.83744049072266,55262500
2016-02-04,87.47874101067373,89.20207327643973,87.45249845622625,88.17857360839844,51188400
2016-02-05,87.78494040466789,87.86367476465246,85.69419842980292,85.7641830444336,53366600
2016-02-08,84.86313701742279,84.86313701742279,83.05232716421607,84.35575866699219,61107700
2016-02-09,83.21854187728545,84.96811707501406,83.12231470748239,83.78715515136719,55857200
2016-02-10,84.37325081366502,85.65918949293047,83.6996673823873,83.83088684082031,42756100
2016-02-11,82.30002127771782,83.45474067457432,81.91511258739901,82.9211196899414,57923200
2016-02-12,83.68218151229544,84.67068905618939,83.27103028967157,84.4957275390625,40097300
2016-02-16,85.54547766776926,86.69144725406998,85.04684901752168,86.49899291992188,38882100
2016-02-17,87.1025939953333,88.43226810280609,87.06760169328149,87.85491180419922,40940400
2016-02-18,87.92490605515222,88.03862604372321,87.07636099106887,87.43502044677734,35043600
2016-02-19,87.09385318848149,87.96864080724599,86.70020142967742,87.8724136352539,32424800
2016-02-22,88.65096877468837,89.23708151648721,88.56349135286898,88.8521728515625,28867400
2016-02-23,88.56346049970374,88.78215731511378,87.95986182755809,88.03858947753906,29857100
2016-02-24,87.14633594289344,89.07086583487272,86.57772271486802,88.88716125488281,36909600
2016-02-25,89.04460831676047,89.75318395968996,88.69469202952563,89.70069885253906,22612600
2016-02-26,90.15562146801766,90.51428764148247,89.84069735076588,90.26934814453125,27474700
2016-02-29,90.21683012279951,91.00414018711531,89.85817072767156,89.8669204711914,32014400
2016-03-01,90.64548972860435,91.80020904541016,90.16435389906049,91.80020904541016,36422700
2016-03-02,91.66895712674439,92.806176552228,91.49399567152584,92.74494171142578,24937100
2016-03-03,92.77123022664624,93.73349527855616,92.6575035640633,93.71599578857422,28216300
2016-03-04,93.6634882856864,94.75697255477029,93.31357198475988,94.23210144042969,38180900
2016-03-07,93.78594935685996,95.34306974484612,93.78594935685996,95.2555923461914,38739900
2016-03-08,94.73073539396317,94.73073539396317,92.8499410092302,92.95491790771484,46193900
2016-03-09,93.26986034592561,93.61102699074331,92.78872447549037,93.42732238769531,25627200
2016-03-10,93.68974432826225,94.03091093540435,91.68648005801032,92.66624450683594,47051200
2016-03-11,93.41853852021036,94.76571179125612,93.30481857150885,94.65198516845703,33625000
2016-03-14,94.3633233483754,94.77446783803032,93.952172184622,94.40705871582031,24422700
2016-03-15,93.78596096423585,93.84719581828263,92.75371151451984,92.93741607666016,34258400
2016-03-16,92.49128603549411,93.89094471162886,92.49128603549411,93.59351348876953,37952200
2016-03-17,93.59350918390165,95.43931127237754,93.0161529264701,95.02816009521484,41724500
2016-03-18,95.15061977609244,96.18286914483977,95.08938492684887,95.88544464111328,36512600
2016-03-21,95.7367314648137,96.17412514778657,95.4218074791454,95.65799713134766,29903700
2016-03-22,95.15939520968132,95.95545513886569,94.88821318611731,95.54430389404297,23602100
2016-03-23,95.23455672476862,95.27842342687728,93.70785759209495,93.77804565429688,39243300
2016-03-24,93.21650559654036,94.07637466885876,92.77779838894011,94.05882263183594,30924300
2016-03-28,94.2606527206661,94.56774649827175,93.48853026638017,94.17291259765625,21096400
2016-03-29,93.91844019335475,96.8139037589629,93.68153455155563,96.78758239746094,46761100
2016-03-30,97.2964668030598,97.49827502837908,96.55944203748932,96.79634094238281,35683500
2016-03-31,96.93672970405962,97.54214098715936,96.81388554992078,97.0683364868164,28555900
2016-04-01,96.17340844221215,97.58604638974747,96.05934696169291,97.49830627441406,29981400
2016-04-04,97.3140362042425,97.67377263426516,96.6033259744452,96.68229675292969,21529400
2016-04-05,95.96282928608889,96.39276053022002,95.49779396341788,95.58554077148438,32515800
2016-04-06,95.57675709291256,96.75248925240176,95.27843269650386,96.66474914550781,28157800
2016-04-07,95.9628324315725,96.41030903549942,94.87483356198801,95.35741424560547,33298400
2016-04-08,96.17338735037684,96.57699714770796,95.31351834274777,95.73468017578125,26151700
2016-04-11,96.28745627602194,96.99816650602024,95.41881787729153,95.43636322021484,25842100
2016-04-12,95.45390855355124,96.6735139723619,95.13803884998903,96.46293640136719,25058700
2016-04-13,97.02451113521971,98.64772685759542,96.96309237904795,98.54243469238281,40534700
2016-04-14,98.49852642819558,98.88458414950769,98.16510472607297,98.4195556640625,25538600
2016-04-15,98.18265597604119,98.82316463022893,98.14755860272221,98.66522979736328,21176100
2016-04-18,98.25286221077232,99.49001296775603,98.15634609639498,99.41104888916016,19428300
2016-04-19,99.59532052992823,100.13931322890792,99.05132113680723,99.49002838134766,23228100
2016-04-20,99.49000895821453,100.20948843103338,99.12149655133804,99.63916778564453,21422500
2016-04-21,99.560230534949,99.95506440667756,98.84952688818085,99.13906860351562,20535700
2016-04-22,99.13030430884501,100.19197516999955,99.13030430884501,100.12178039550781,29094500
2016-04-25,99.84975606573343,99.94627218011078,98.98111103633737,99.41104888916016,16369600
2016-04-26,99.7356953876876,100.49027232345712,99.29698817824676,100.3849868774414,30564100
2016-04-27,100.44639737894728,100.94652328891674,99.93749545114953,100.7359390258789,24360300
2016-04-28,100.26216944770391,100.90268508978352,99.31456671006124,99.58656311035156,26126500
2016-04-29,99.15661798566252,99.55145184680852,98.02475243779797,98.69158935546875,33284500
2016-05-02,98.99866430984783,99.5953063452126,98.42834363434409,99.56898498535156,21881000
2016-05-03,98.75297672315617,98.76174604589421,97.33156322527206,97.93698120117188,37929600
2016-05-04,97.38420404417668,98.26161827895942,96.84021150286058,97.12975311279297,30767200
2016-05-05,97.52461165744218,97.68254651681688,96.60332386206623,96.74371337890625,26249200
2016-05-06,96.34009544382633,97.33157121996298,96.1119658452485,97.31402587890625,25497400
2016-05-09,97.32278463476142,98.17387750760982,97.06833370515751,97.59478759765625,23427000
2016-05-10,97.9720956318781,98.62138041692971,97.4544176522054,98.57750701904297,18635300
2016-05-11,98.35816213057706,98.50732098597958,97.27894606602793,97.35791015625,23604600
2016-05-12,97.55971241247052,97.82293272444274,96.07687988670588,96.8402328491211,34803000
2016-05-13,96.56822710350713,97.34035606280854,95.95403969873614,96.19971466064453,24510300
2016-05-16,96.44540374562251,97.84926565791815,96.40153703550986,97.4193344116211,27337000
2016-05-17,97.28768316045766,97.7614876272463,95.43633868054131,95.87504577636719,46676300
2016-05-18,95.47146256692297,97.09468462760962,95.45391722363821,96.37519836425781,35734400
2016-05-19,95.67327551436757,96.313784334789,94.75198763452268,95.60308074951172,36995600
2016-05-20,95.89261866070756,97.208740234375,95.8399759398858,97.208740234375,37404500
2016-05-23,97.19119021159197,97.73518954986888,96.95429126884562,97.09468078613281,23721700
2016-05-24,97.66498705283153,99.34085163842347,97.62988967629065,99.09517669677734,41124300
2016-05-25,99.4110503365905,99.93749761731547,99.21801810502525,99.67427062988281,26202900
2016-05-26,99.82342383068018,100.0427774097786,99.3671713315771,99.5602035522461,15157200
2016-05-27,99.63918492657021,100.55169677734375,99.59531821961852,100.55169677734375,21265100
2016-05-31,100.74471407708833,101.37645347186,100.46394175653872,100.90264892578125,32764400
2016-06-01,100.56046291190117,101.73619497124088,100.39375203710446,101.5870361328125,26806100
2016-06-02,101.33261614257295,102.36796569824219,101.22733066873228,102.36796569824219,23303300
2016-06-03,102.19246854432981,102.19246854432981,100.90266814995901,101.7537612915039,28733200
2016-06-06,101.85027294540225,103.16639464602434,101.7888542004722,102.85052490234375,26946000
2016-06-07,102.91195051081523,103.5173686756039,102.62240211077355,103.14884948730469,21038500
2016-06-08,103.23660227868234,104.09646481488706,103.22782625855805,103.9122085571289,27999900
2016-06-09,103.4822593420056,103.4822593420056,102.91193862739381,103.24535369873047,23440700
2016-06-10,102.28900558049197,102.55222596949754,101.50810704639937,101.84152221679688,32686800
2016-06-13,101.47297055823086,101.93799909102734,100.54290679849768,100.7359390258789,36169500
2016-06-14,100.36745559661762,100.99919517992049,99.73571601331476,100.44642639160156,34267600
2016-06-15,100.80614229864501,101.39400835415323,100.42885382982885,100.51659393310547,24197700
2016-06-16,99.77954943755937,100.54289554971226,99.05129400451327,100.50780487060547,36306600
2016-06-17,100.38501185528722,100.83248850047687,99.74449622470824,100.07791137695312,30096400
2016-06-20,101.6045931379887,102.1749071591805,101.16588592529297,101.16588592529297,28219800
2016-06-21,101.20096990055623,101.26239533263553,100.31478620945747,100.97284698486328,34706800
2016-06-22,101.16587562237679,101.67477084973001,100.45516545817395,100.5780029296875,27226100
2016-06-23,101.62212033818938,102.57850537207317,101.54315626718942,102.4995346069336,30240300
2016-06-24,98.2177782434909,100.06034729784534,97.8317137332703,98.60383605957031,74945400
2016-06-27,97.45442443841598,97.45442443841598,94.9274731870679,95.36618041992188,58358800
2016-06-28,96.20849338976241,97.28770938771612,96.13829862891347,96.8402328491211,42040600
2016-06-29,98.0071997264408,99.19171469003993,97.85804086384323,99.04254913330078,34031600
2016-06-30,99.25311765587949,100.92019963231549,98.77053706640137,100.8851089477539,42973800
2016-07-01,100.94651725297986,101.73618476266401,100.72716367936985,101.24483489990234,24401900
2016-07-05,100.92021396183642,101.13079826394954,99.20925834555149,99.75325775146484,29347200
2016-07-06,99.2865632781081,100.58344765727021,99.0836466025564,100.47757720947266,24678300
2016-07-07,100.76868214090486,101.4479987767434,100.05407536762067,100.68927764892578,20780600
2016-07-08,101.6774085228809,103.30071489449314,101.58918652110324,103.03604888916016,37964800
2016-07-11,103.71536899025918,104.482914564929,103.6359712054179,104.22706604003906,26987300
2016-07-12,104.98579296122723,106.2385629929097,104.83581487241479,105.62100219726562,44153000
2016-07-13,106.15915839746009,106.2120902534336,104.94167186280974,105.20634460449219,28050200
2016-07-14,106.1326874664578,106.18561931993615,105.25045401031403,105.31221008300781,19345400
2016-07-15,105.77092080750333,105.9032571124121,105.23275810353725,105.6032943725586,23857300
2016-07-18,105.45336398359719,106.17679514872587,105.2769199846515,105.77979278564453,17422400
2016-07-19,105.65627670144933,105.84154491270783,104.92402134439892,105.25045013427734,19734100
2016-07-20,105.47100077065483,106.25618792176559,104.9328378831421,105.93858337402344,22390500
2016-07-21,105.87683907965936,106.39735358855441,105.20633976755596,105.43572235107422,19018700
2016-07-22,105.49747795621566,106.44146748196728,105.29456130036681,106.22090911865234,17796100
2016-07-25,106.00035482601542,106.27384505313837,105.65628430450353,106.0621109008789,13694600
2016-07-26,106.04445370002765,106.723777198305,105.7974294209838,106.57379913330078,19551100
2016-07-27,106.7502671295779,107.16491800446457,106.17681393517951,106.873779296875,21064700
2016-07-28,106.64436550273038,106.96197004892383,106.3355851747385,106.60025787353516,16540100
2016-07-29,106.49439950719666,107.4207473269777,105.91212892717691,106.81200408935547,30267900
2016-08-01,106.92668107291276,107.36779775511273,106.2561885622214,106.90021514892578,34771700
2016-08-02,106.89140071582973,106.9355083467662,105.07399535621924,105.40924835205078,28691000
2016-08-03,105.31220765327453,106.30912901258974,105.07400085630357,106.2650146484375,17830300
2016-08-04,106.26499908588903,106.91785657901477,106.0973793346538,106.36204528808594,17526700
2016-08-05,107.05019057075309,108.14416476193693,106.72376854173906,107.89714050292969,28643400
2016-08-08,107.94125397509364,108.38237067031748,107.65893955938665,107.84420776367188,14625700
2016-08-09,107.8706793526518,108.1882839283627,107.7559914289978,107.95890808105469,12487700
2016-08-10,107.9677127618811,108.16180517189278,106.88256953267933,107.18252563476562,19138100
2016-08-11,107.65894660973332,107.98537540870244,107.25312003125948,107.6942367553711,21144600
2016-08-12,107.48251288249548,108.03831758485717,107.30606213744659,107.80011749267578,12251200
2016-08-15,108.03829796345794,109.12344797297884,108.01183203923414,108.86759948730469,22048000
2016-08-16,108.58529345938932,108.62058360471401,107.86186230750067,107.9853744506836,20244300
2016-08-17,108.02065745535964,108.07358930439415,107.04137786278199,107.66776275634766,20632600
2016-08-18,107.70305546824315,108.48824265854695,107.66776532440957,108.46177673339844,16244600
2016-08-19,108.31179193937903,108.57646465267756,107.87949945650436,108.46177673339844,17379500
2016-08-22,108.23237163511948,108.81464205990594,107.92359135448233,108.70877838134766,16929700
2016-08-23,109.0528708933685,109.8027679356805,109.0528708933685,109.46752166748047,21539400
2016-08-24,109.34398420562583,109.61747434184461,108.31176625327711,108.5764389038086,21533400
2016-08-25,108.17945631166127,109.12344573138874,108.17063209346577,108.78819274902344,17023200
2016-08-26,108.91172035986614,109.7586704234464,107.89715724309286,108.5676498413086,26734400
2016-08-29,108.7529101750592,109.54692159524878,108.72644424953735,109.13227081298828,14013900
2016-08-30,109.24696019881881,109.54691631481691,108.84995114240745,109.3351821899414,14031300
2016-08-31,109.2028681535768,109.29991438291515,108.1177246522959,108.71764373779297,29236300
2016-09-01,108.81464640320247,109.07049485477258,107.65009877624176,108.79700469970703,22964700
2016-09-02,109.40577656720941,109.86453501868114,109.07052353449225,109.84689331054688,23083300
2016-09-06,110.20859966487347,110.25271402921845,109.37048058957475,109.95275115966797,13711000
2016-09-07,109.88220108764155,110.66738847828809,109.82044500290222,110.64092254638672,17830500
2016-09-08,110.55265584698928,110.64088456425019,110.07624904358607,110.42032623291016,16265500
2016-09-09,109.55576212767501,109.58222805713783,106.93552741633161,106.97081756591797,54239000
2016-09-12,106.47675157637961,108.48824265854695,106.37970536356394,108.46177673339844,33408100
2016-09-13,107.68541675098722,107.7736454839884,105.76214748934856,106.37971496582031,47536200
2016-09-14,106.5473245588864,107.16489197628557,106.12385629697916,106.39734649658203,30545500
2016-09-15,106.46792481825084,107.80009910984046,106.31794675871537,107.66776275634766,29499800
2016-09-16,107.66778210390963,107.66778210390963,106.83848042184454,107.50897979736328,31940500
2016-09-19,107.91480664245913,108.99995686126411,107.62366795803489,108.22358703613281,22807000
2016-09-20,108.6911573597157,108.71763001693702,107.76481628417969,107.76481628417969,16877900
2016-09-21,108.14418816446016,109.37049223769556,107.72071310673138,109.32637786865234,30784700
2016-09-22,110.04096025641061,110.9849495991799,109.97920419588947,110.89672088623047,36287700
2016-09-23,110.7732244327134,111.05553885372653,110.1115493774414,110.1115493774414,26118000
2016-09-26,109.52238251857978,109.84970679770498,108.90310814679617,109.01811981201172,20028000
2016-09-27,108.96501321128291,109.59312931723142,108.64653085481473,109.46043395996094,16939500
2016-09-28,109.65505946281125,110.37164816181,108.87655076150848,110.30087280273438,19426400
2016-09-29,110.24780493692995,110.26549540359332,108.54922990829995,108.69078063964844,26657700
2016-09-30,109.18620209201657,110.38935639188817,108.69078799777914,109.88509368896484,31764500
2016-10-03,109.5489181885528,109.787776621284,108.92964383602747,109.54006958007812,18674300
2016-10-04,109.71697862845798,109.97353422523582,108.50498274826009,109.00039672851562,26057300
2016-10-05,109.42505763437562,110.30088083077509,109.38966995226218,109.65506744384766,24317300
2016-10-06,109.47814281977665,109.71700125250784,108.6553977189082,109.54006958007812,18937100
2016-10-07,109.73466692222452,109.98237389221798,108.13341347368909,108.66421508789062,28732700
2016-10-10,108.66423780702662,110.3539574196248,108.66423780702662,109.96470642089844,21481700
2016-10-11,109.7435224722085,109.79660061213457,107.34605632640734,107.95648193359375,31931300
2016-10-12,108.00954778541748,108.46958077746991,107.51413387044568,107.86800384521484,20210400
2016-10-13,107.0364140461587,107.40798124449447,106.25790547487676,106.9744873046875,26302500
2016-10-14,107.3637836604054,107.78842239796509,106.514499435775,106.5410385131836,24554600
2016-10-17,106.67372328594831,106.91258169325664,106.3021627636865,106.41716766357422,17119500
2016-10-18,107.50529701745829,107.55838190665736,106.74448560036885,107.02758026123047,19158900
2016-10-19,107.19567270927382,107.88571558393461,106.60294426560466,107.47876739501953,18477400
2016-10-20,107.16910403691406,107.92992206025023,106.52329762726156,107.1602554321289,20485600
2016-10-21,106.39061871762122,107.37260482783653,106.24906800827051,107.1072006225586,21093700
2016-10-24,107.96532949383543,108.46959206677394,107.44336970808696,107.78839111328125,15421600
2016-10-25,107.7618536693949,107.92109483954161,106.6914017615511,106.98334503173828,16459800
2016-10-26,106.25791046187555,107.04526767589456,105.68287255007847,105.92173767089844,24975300
2016-10-27,106.26675597549979,106.28444643787473,104.47086694179555,104.70973205566406,29525700
2016-10-28,104.66550790232202,105.30247261376039,104.17009390431862,104.41780090332031,35473700
2016-10-31,104.55049299623794,104.95744113412289,104.21432020829181,104.83358764648438,20311800
2016-11-01,104.9751490286583,105.01052995771923,102.86962602552732,103.55082702636719,34147200
2016-11-02,103.39158289035993,103.50658778029245,102.08226581873964,102.23265838623047,29859900
2016-11-03,102.54230581425415,102.83424236221776,101.63108824188164,101.73725128173828,22717500
2016-11-04,102.0026633572623,103.41813691674388,101.78149540267111,102.39191436767578,35237200
2016-11-07,104.39126047288347,105.11669099601974,104.13470487025475,104.89552307128906,32370900
2016-11-08,104.65666483063441,105.68288049309376,104.13470501778562,105.16976928710938,26196800
2016-11-09,104.46202681132831,108.66421701847067,104.43548774257305,108.40766143798828,77416800
2016-11-10,109.92928990741105,110.93781494559303,108.47842908934194,110.14160919189453,83440700
2016-11-11,110.61048936446568,112.99025813468518,110.1858507750527,112.6717758178711,95612800
2016-11-14,114.07841655987251,115.23733436303971,113.58300255232189,114.2553482055664,83119400
2016-11-15,113.98994732846182,114.9099999034923,113.50337522189942,114.60921478271484,38704500
2016-11-16,114.34381583474615,115.00731960167892,114.14918698319106,114.6003646850586,42325500
2016-11-17,114.96309507319744,115.74161055902654,114.78616341705994,115.27273559570312,42576900
2016-11-18,115.61775160154433,115.97161489714414,115.27273016367769,115.8831558227539,41380600
2016-11-21,116.16625103598011,116.77667673329285,115.54698348038035,116.42281341552734,32293100
2016-11-22,116.88281414634405,117.57285695382423,116.48471460341595,117.4843978881836,39681500
2016-11-23,117.201323491656,118.2363879414256,116.86515736631708,118.21870422363281,37939200
2016-11-25,118.30713442811226,118.6344721136652,118.13904465696686,118.6079330444336,13373400
2016-11-28,118.5194722359907,118.5460113078545,116.90936321481747,117.06861114501953,32505700
2016-11-29,117.22784364812173,117.740954860748,116.8651385056089,117.00667572021484,27993700
2016-11-30,117.59056607408115,117.74095865001566,116.33433382302286,116.43164825439453,32491200
2016-12-01,116.9978189351353,117.26322311456477,115.26385666201104,115.86544036865234,39815900
2016-12-02,115.83893752528854,116.30781253933112,115.4673769575013,115.80354309082031,24054100
2016-12-05,116.75008532012967,117.95323895978474,116.67930998850123,117.79399108886719,27547100
2016-12-06,118.12137850153809,119.35107172178789,117.43133560090985,119.0679702758789,27820000
2016-12-07,119.06798023762667,120.47460522974403,118.70526154184162,120.22689819335938,31825800
2016-12-08,120.53650753062838,122.27046983540735,120.13840800372525,122.12006378173828,49048900
2016-12-09,122.43856497175297,122.81013898641028,121.86353373305602,122.35894775390625,34313500
2016-12-12,122.04045250157557,122.58895810877932,120.76652315441851,121.06732177734375,34592900
2016-12-13,121.6689003062245,122.12893337934618,120.52767972948281,121.076171875,32624600
2016-12-14,120.6869142428236,121.50966596068855,119.26259223578354,119.5633773803711,45923700
2016-12-15,119.75797300942638,121.3238452967412,119.39526796465995,120.45687103271484,41352500
2016-12-16,120.62501369926235,121.66892001616478,119.98804887914446,120.23575592041016,39348200
2016-12-19,120.35073502966581,121.3681156086026,120.23573688522643,121.0230941772461,33393900
2016-12-20,121.44771743370273,122.27046904976577,121.19116860659683,122.04930114746094,31753600
2016-12-21,121.9519957164104,122.21738641951728,121.20886125065572,121.25309753417969,23215900
2016-12-22,121.309089714592,121.47787284012371,119.75452827056849,120.20758056640625,34737900
2016-12-23,120.3319233929721,120.918204731023,120.16314029766288,120.84713745117188,17081400
2016-12-27,121.0159069277563,121.96641643976312,120.99815027581504,121.38899993896484,13571700
2016-12-28,121.60220039457207,121.68214599150208,119.77226221757337,120.14535522460938,22712400
2016-12-29,120.18093160102661,121.04260397994145,119.64794718052464,120.25199890136719,21312900
2016-12-30,120.45627951656353,120.48292805035032,119.39028394630449,119.7900390625,28399300
2017-01-03,121.24691090809563,121.54893672705838,119.47914763587298,120.38523864746094,29792400
2017-01-04,120.85600868299747,122.55270411845903,120.82046827179563,122.3927993774414,34499400
2017-01-05,122.13521972341515,122.37505655656854,120.37633495210001,120.98040008544922,30286900
2017-01-06,121.17584696102831,121.44234591940159,120.52736299955667,120.5362548828125,23436000
2017-01-09,120.40299998787825,120.56290478659056,119.47915228373016,119.74565124511719,24077900
2017-01-10,119.92333492622433,121.14922224297506,119.71013300666249,120.8916015625,21684900
2017-01-11,121.01593697454953,121.51339444634026,120.29639930608798,121.10477447509766,27428800
2017-01-12,120.9537388118135,121.00703588023532,118.67074831330115,120.17201232910156,41844200
2017-01-13,120.50069585982105,121.67328567379334,120.50069585982105,121.04257202148438,27784500
2017-01-17,120.45631974043897,120.53626536849555,119.1504869300431,119.39921569824219,28197800
2017-01-18,119.71007990644286,119.86998466386041,118.99054238480574,119.7900390625,21289700
2017-01-19,120.04764657421474,120.31414546788993,118.29765388987367,118.81288146972656,34105900
2017-01-20,118.81290639691011,119.81671323331872,118.81290639691011,119.42584991455078,29286100
2017-01-23,119.06161028437907,119.63901325905105,118.25323527608086,118.9283676147461,20537000
2017-01-24,119.33696341663831,121.06030722108494,119.23036930244791,120.7493896484375,34313800
2017-01-25,121.75323362962676,122.18851565466474,121.65551780991206,121.88648986816406,29127300
2017-01-26,122.00199331570977,122.14412791768785,121.18473968638835,121.39794158935547,22255600
2017-01-27,121.49562772560935,121.73546455876274,120.50069930974567,120.98040008544922,19467800
2017-01-30,120.12758790371701,120.13647978449794,118.3598386294431,119.29256439208984,40464400
2017-01-31,118.91948495793056,120.42074907416324,118.57304043531518,120.12760162353516,32945000
2017-02-01,121.0070434420536,121.58444645896827,119.65679222063581,120.05653381347656,30010500
2017-02-02,120.18981395741827,120.51848833507448,119.47027623622469,119.75453186035156,19935700
2017-02-03,120.80269128787278,121.68211977401415,120.37628775339319,121.58440399169922,24534100
2017-02-06,121.16692146645845,121.50448762373817,120.30524942107331,120.66946411132812,23691500
2017-02-07,120.6517251350538,121.22912817370104,119.71898568018659,120.1364974975586,30342200
2017-02-08,120.13651120022146,120.13651120022146,118.9372726850798,119.92330932617188,32956900
2017-02-09,119.92328779994556,121.92200926327799,119.92328779994556,121.61109161376953,28267600
2017-02-10,122.40167116531748,122.91689866266276,121.8775653429936,122.53492736816406,27287600
2017-02-13,123.27230166353247,123.66316504913291,122.66823637086762,122.85478973388672,23245100
2017-02-14,122.5349735783151,123.43217270850907,122.24182608713495,123.26338958740234,27145000
2017-02-15,122.75704305343143,124.1605914243168,122.65044890402447,124.00068664550781,20253500
2017-02-16,123.88519260416311,124.22274520342773,122.77479189213012,123.65422058105469,24613600
2017-02-17,122.98794696730627,123.6186603656184,122.81028561225959,123.5742416381836,26703200
2017-02-21,123.81414085273322,124.64916446160768,123.81414085273322,124.54255676269531,21353500
2017-02-22,124.36491440571564,124.3826846173753,123.69867379282788,123.9918212890625,14890800
2017-02-23,124.32937539062287,124.37378058338386,122.31288353730295,123.25450134277344,24596200
2017-02-24,122.10859707428554,123.16568756103516,121.96646247692885,123.16568756103516,24512300
2017-02-27,122.89027551949923,124.3648910522461,122.77480305214496,124.3648910522461,28269000
2017-02-28,123.81413496066703,123.9029588917195,122.37504630876545,122.44611358642578,40184100
2017-03-01,124.0540090931023,125.12888335336228,123.93853659252657,124.68472290039062,35719800
2017-03-02,124.6580497233667,124.68469826090275,123.15678552024167,123.25450134277344,25937000
2017-03-03,123.29894382907003,123.84969845045063,122.48169022632092,123.16568756103516,30989800
2017-03-06,122.39279883477607,122.56158190049813,121.69103159564756,122.32173156738281,23892100
2017-03-07,122.05525447109747,122.35729380005937,121.35348710681329,121.52227020263672,29711300
2017-03-08,121.94868064376784,122.2507064683465,120.61619941859145,120.72279357910156,34115100
2017-03-09,120.66062254012317,121.24691755356159,119.82559877335339,120.24311065673828,35223800
2017-03-10,121.06923409025153,121.08700430130652,119.7811716601043,120.7761001586914,39516600
2017-03-13,120.50067932860317,121.5133642314249,120.50067932860317,121.0603256225586,21295000
2017-03-14,120.58951954785474,120.66058682129734,119.53241588177774,120.48292541503906,30037800
2017-03-15,121.06922752743009,122.60603216494286,120.7849719394564,122.3484115600586,31230400
2017-03-16,122.78373153235904,123.04133866212504,122.19743641050172,122.50835418701172,25306600
2017-03-17,122.71264091871478,123.23674696384884,121.97533299120569,122.99691009521484,33324600
2017-03-20,122.83699078915124,123.05019264634966,122.02861566297676,122.46389770507812,19091200
2017-03-21,123.04126207758877,123.12122122058435,118.96387441790115,119.00829315185547,61869000
2017-03-22,118.77735088124989,119.3103350971742,117.95120569225747,119.03495788574219,46332600
2017-03-23,119.03497804015922,120.54512057301254,118.7151820345798,119.72786712646484,37764600
2017-03-24,120.2240742260972,120.68733494239207,119.25301973483259,119.81427764892578,33514400
2017-03-27,118.27304540873224,120.33098652164034,117.95232854900769,120.03699493408203,35596700
2017-03-28,119.62722035081447,121.0704398519522,119.50249784570052,120.97244262695312,26891900
2017-03-29,120.89220014396635,121.59600171563895,120.53585420971702,121.36436462402344,22119500
2017-03-30,121.44462863760896,122.38895817798245,121.39116448026616,122.28204345703125,25792900
2017-03-31,122.42456153262694,123.09272062426503,121.99694352022338,122.47801208496094,29434300
2017-04-03,122.91453270728118,123.03035128580682,120.80315458326673,121.18622589111328,38834900
2017-04-04,121.09716699171464,121.64952117461608,120.58046917240316,121.04371643066406,25642600
2017-04-05,121.89894996866687,122.43346910178276,119.44903322578956,119.6717529296875,44968800
2017-04-06,119.85883300927377,120.82990127495108,119.22631664611895,120.78535461425781,41012100
2017-04-07,120.45573281334673,121.18624638658754,120.04592256952955,120.73190307617188,24300200
2017-04-10,120.68734015064793,121.91675712267711,120.41116992504261,120.99915313720703,22779900
2017-04-11,120.50918803222326,121.97913272390046,120.3399188726549,121.96131134033203,32589200
2017-04-12,121.7296871290265,121.78313768573571,120.1973743992769,120.30427551269531,25700800
2017-04-13,120.16171840996557,120.59824025482877,119.07484535365667,119.1282958984375,30207000
2017-04-17,119.44009531165683,120.55369351396409,119.09263962255804,120.5269546508789,18278800
2017-04-18,120.01918588121164,120.67844104772308,119.52029595789743,120.55371856689453,24553300
2017-04-19,120.88336289114802,122.01478292636763,120.7497228968401,120.97244262695312,34627600
2017-04-20,121.46242768932197,122.64729827440537,121.29315852091956,122.513671875,31934400
2017-04-21,122.26420543877138,122.54037567829613,121.7920407853134,122.23748016357422,29386000
2017-04-24,123.90344629962918,124.13506993345021,123.3778309803426,123.76090240478516,33836900
2017-04-25,124.93684436534775,125.5070062378979,124.8032043927888,124.96356964111328,32751700
2017-04-26,124.87444589649665,126.34440367405597,124.83881673540188,125.60497283935547,41669200
2017-04-27,125.91683925174932,126.32664958814037,125.1506827396806,125.56939697265625,23004300
2017-04-28,125.64066814746373,125.76539066755106,123.86781398918262,123.88563537597656,31113900
2017-05-01,124.40229509774237,124.98136078719821,123.63613890910861,124.5982894897461,20925200
2017-05-02,124.70520554128,125.02592243997358,123.55597791730447,123.96577453613281,17993900
2017-05-03,123.37777154051442,123.61829895423382,122.66506600338913,123.1995849609375,27050300
2017-05-04,123.41344399390115,123.5916170422541,122.14839767874328,123.0303726196289,25799100
2017-05-05,123.55595300533746,123.8232192993164,122.522530585274,123.8232192993164,23806500
2017-05-08,123.52922293326822,123.81429700036304,122.72742408250029,123.30650329589844,16680000
2017-05-09,123.46686919322467,123.6806849635772,122.7452596596628,123.25306701660156,23988400
2017-05-10,122.97687093357536,124.25973824010862,122.81651931712274,124.01921081542969,19791500
2017-05-11,123.53814638518163,123.68069023816237,122.03255922318141,123.15507507324219,28617300
2017-05-12,122.68293976845959,122.84329144607962,122.19295365284292,122.50475311279297,24111200
2017-05-15,122.92342942124957,124.05484908630598,122.92342942124957,123.45796203613281,31132200
2017-05-16,123.80542848987443,123.86778293741921,122.60273666687978,123.50253295898438,18520900
2017-05-17,121.45351437724057,122.08603074369606,120.0459241731278,120.17064666748047,50791200
2017-05-18,119.88555290526048,121.07040961102318,119.58264381672981,120.60716247558594,44805100
2017-05-19,120.83878374926623,121.83656352201062,120.6427893519443,121.18622589111328,44450500
2017-05-22,121.39110522970435,122.22853323411543,121.30202553174796,122.00581359863281,20062700
2017-05-23,122.30872582565065,122.66508544756513,121.47131130004324,122.40672302246094,16681400
2017-05-24,122.5047233746361,122.96798409819237,121.89893239237247,122.4869155883789,21256000
2017-05-25,123.0660134331593,123.48472761294947,122.22858507357894,122.56712341308594,22804200
2017-05-26,122.38888762380057,122.75413746247858,121.8543551083926,122.53141784667969,20047300
2017-05-30,122.1572979910546,122.44238573504484,121.3555125001128,121.56932830810547,25544100
2017-05-31,121.90781185633193,121.97908376826838,119.94788185612519,121.44456481933594,34345400
2017-06-01,121.80094188108949,123.83214431179896,121.40004916861038,123.78759765625,44618600
2017-06-02,124.23303397381197,125.63172008006693,123.87668792563167,124.58939361572266,46680200
2017-06-05,124.68738669440788,124.82101305962365,123.7875905228553,123.81431579589844,20808900
2017-06-06,123.03925410437125,124.42011876663298,122.77198778365451,123.6985092163086,25460900
2017-06-07,123.70741470372583,124.30430179123947,123.37779394037365,123.81431579589844,20542200
2017-06-08,123.81433351414371,126.02372275590152,123.60053129920267,125.50701141357422,33956400
2017-06-09,126.02371462769837,127.30656861579946,125.3466380741031,126.15734100341797,56979400
2017-06-12,126.20187566522009,126.49586725759217,125.51589528301857,125.95243072509766,34665500
2017-06-13,126.32660573446684,126.78094898979309,126.03261412440968,126.5938720703125,22046800
2017-06-14,126.5315157653842,126.54041965970335,125.12392562024809,125.84553527832031,33021900
2017-06-15,124.44686273274093,125.59609041260202,124.44686273274093,125.2041015625,27376800
2017-06-16,124.74971386953254,124.91898295763202,124.08155500202007,124.89225769042969,35608400
2017-06-19,125.22192993586827,126.13063017604256,125.1773832742821,125.81881713867188,25163300
2017-06-20,125.50698852462118,125.58716434060224,124.45574464919493,124.54483795166016,20111900
2017-06-21,124.76759553393043,125.43575472430093,124.0281643986724,124.23306274414062,23351400
2017-06-22,124.16176362898184,125.07046373528061,123.84104674403702,124.7052001953125,17917200
2017-06-23,124.84776427598777,125.68519258863702,124.32214900527651,125.53374481201172,20772500
2017-06-26,125.6940998180424,126.08608870616918,124.90121814659803,125.68519592285156,22988300
2017-06-27,125.70300611815873,126.16625331404487,124.50031428152423,124.58049011230469,24610100
2017-06-28,125.31991993397426,126.7364139721732,125.07937885025294,126.48696899414062,25085400
2017-06-29,126.71859662232042,126.81659382727707,124.41121035901942,125.7386245727539,38794900
2017-06-30,125.83663997280877,126.21080746572778,125.40902192286315,125.54264831542969,22798500
2017-07-03,125.91679554033944,126.95021812228636,125.88116637263425,126.5938720703125,12968200
2017-07-05,126.23753884984265,126.37117884260553,125.3466599396903,126.13954162597656,21865500
2017-07-06,125.1991455394677,125.68230577635043,124.21495400749144,124.49231719970703,30563400
2017-07-07,124.75176569661761,125.87017432684239,124.52808397057265,125.70018768310547,20511000
2017-07-10,125.19020201875361,126.05808831354642,124.69809943112098,125.1544189453125,17206000
2017-07-11,125.06495720091635,125.60179894016227,124.34917276607264,125.5212631225586,16192900
2017-07-12,126.20127374222282,127.24810292338056,126.16547700900432,126.48757934570312,19358600
2017-07-13,126.3354464579816,126.65754871589158,125.60177743590623,126.59492492675781,16559300
2017-07-14,126.24598550795702,127.3196551804178,126.24598550795702,126.80965423583984,15465300
2017-07-17,126.6933830647825,127.4628490398303,126.38916542630926,127.10494995117188,15374600
2017-07-18,126.63961702577926,126.93487848886332,126.19225365488462,126.77383422851562,16653300
2017-07-19,126.94389320376632,128.07124450492552,126.94389320376632,128.03546142578125,16985500
2017-07-20,128.05335914683116,128.41125823689407,127.76705352723516,128.12493896484375,17047800
2017-07-21,127.95489407632543,128.24121324873894,127.27490652051769,127.54332733154297,21662700
2017-07-24,127.32863836492788,127.78495802007446,127.02443436313348,127.72232055664062,16694000
2017-07-25,128.50069727279845,129.064379695017,128.13386955039508,128.88543701171875,21066400
2017-07-26,128.97491143853526,128.97491143853526,127.99071977853639,128.16966247558594,13574900
2017-07-27,128.37543415945717,128.55437684014913,126.64861749472516,127.3554458618164,24355800
2017-07-28,127.06916912203565,127.37337311344952,126.57706639918705,127.01548767089844,19933300
2017-07-31,127.24804737837721,127.3912069438536,126.12963887143215,126.61278533935547,16417700
2017-08-01,127.20329773747149,127.230138447212,126.12962839051183,126.85435485839844,19835900
2017-08-02,126.68433512219039,126.89013206849611,125.02014311185273,125.4675064086914,19934300
2017-08-03,125.6554369838796,125.74490147455238,124.51018774466453,124.84123229980469,19624900
2017-08-04,125.1812480747406,125.5480893926925,124.80546440236893,125.44966888427734,16473500
2017-08-07,125.65545654296875,126.02229787343751,125.00230968435481,125.65545654296875,9176200
2017-08-08,125.6286211311152,126.86333510533109,124.98441660002406,125.26177978515625,27248700
2017-08-09,124.47439969351325,124.7159797748017,123.72283238778115,124.17913818359375,26534300
2017-08-10,123.7228578563326,123.7228578563326,121.91550535649813,121.9244613647461,40983500
2017-08-11,121.87076183704882,122.34496602045584,121.47707980121288,122.10338592529297,32779600
2017-08-14,122.81024048245087,124.00022919912527,122.78339976084902,123.95549011230469,21710900
2017-08-15,124.18808872520836,124.2059870847807,122.88178152539133,122.93546295166016,16646000
2017-08-16,123.17705870730691,123.8212632094603,122.76549195187278,122.97127532958984,21858600
2017-08-17,122.5597414822916,123.19500387108111,120.71660543242938,120.72554779052734,32722900
2017-08-18,120.31394356434387,121.19972822970901,120.00078364612212,120.71656799316406,42401900
2017-08-21,120.51077850342622,120.80604004360814,120.01867593645635,120.63603973388672,21504100
2017-08-22,121.02076931671755,122.08549663297126,120.913406445314,121.94233703613281,25170600
2017-08-23,121.262330875543,122.19285446016339,120.97602537812415,121.74549102783203,18381900
2017-08-24,122.25547278880873,122.51493756091143,121.70074652624223,122.12126922607422,15726600
2017-08-25,122.47026062011719,122.85498675387761,122.05868011073198,122.47026062011719,17163000
2017-08-28,122.90863046252542,123.12336983441747,122.37180251146897,122.98916625976562,16333300
2017-08-29,122.1212568474775,123.30228903717175,121.88861915905471,123.01598358154297,20277600
2017-08-30,122.89971342898485,123.92864411983372,122.80129290314655,123.80338287353516,15915500
2017-08-31,124.28652599523626,125.20809367706809,124.0717866087361,125.02019500732422,29260600
2017-09-01,125.24386012130306,125.82544076286194,125.02017840973,125.72702026367188,17412500
2017-09-05,125.82548028139844,126.05810441961431,123.9912869399369,124.51917266845703,21908400
2017-09-06,125.02915558485854,125.26177968939952,124.43863248973467,124.77863311767578,18399700
2017-09-07,124.89489620472823,124.98437433529705,124.00016950882369,124.4654312133789,18159800
2017-09-08,124.30441769935449,125.05599876817128,124.0270545089659,124.56389617919922,21870500
2017-09-11,125.61069819215592,126.08490231636634,125.46753862382315,125.87016296386719,22617700
2017-09-12,126.19230776297071,126.77388858596895,125.99548035563333,126.6396713256836,22679600
2017-09-13,126.52338494804984,127.2481118433112,126.44286277134402,127.01548767089844,25052500
2017-09-14,126.85438506780388,127.19438567541414,126.53228282176514,126.89912414550781,18353800
2017-09-15,126.72909400696138,127.47171883417786,126.64857187752075,127.41803741455078,23184000
2017-09-18,127.60594851265614,128.67067572810197,127.5880638040826,128.28594970703125,24427400
2017-09-19,128.45595000562503,128.5633128668635,128.02647125577255,128.28594970703125,16346300
2017-09-20,128.42019229789642,128.85861353522895,128.178612134268,128.6975555419922,20244700
2017-09-21,128.85858552097477,129.0733112620038,128.3754252987585,128.56332397460938,17395900
2017-09-22,128.54541800007382,129.4401449412471,128.44699749044676,129.10910034179688,25203000
2017-09-25,129.08227202636883,129.68173749625012,128.56332871234076,129.28805541992188,30012800
2017-09-26,129.41275558071683,130.1840845291214,129.31409674944967,129.69976806640625,28238100
2017-09-27,130.61457093206346,132.61463908674926,130.1930300014765,132.23794555664062,66351700
2017-09-28,132.06747748572565,132.793958533828,131.64593673439475,132.58767700195312,29291400
2017-09-29,132.66842405182,133.12583460032295,132.50698986487868,132.901611328125,21738700
2017-10-02,133.01822961065298,134.5339813232422,132.8119480045652,134.5339813232422,29772400
2017-10-03,134.63262321989146,134.82994079589844,133.93304769968586,134.82994079589844,28372800
2017-10-04,134.61469017828225,135.08107845023025,133.98686770768114,134.39944458007812,22024700
2017-10-05,134.79407183862187,135.09902592496314,134.41737834014577,134.7671661376953,22538500
2017-10-06,134.27385605350577,134.83888933316487,134.14829158185918,134.57879638671875,19350800
2017-10-09,134.70436780572368,135.14383663640174,133.79849707701652,134.02272033691406,13981300
2017-10-10,134.4712379539149,134.7941201663007,134.0048631803091,134.40846252441406,21951900
2017-10-11,134.48018058963456,134.70440390962915,134.04967564718646,134.3097686767578,15137100
2017-10-12,134.04965589033003,134.5429361732119,133.65502071562184,134.21109008789062,17185600
2017-10-13,134.46221178833483,134.52500087431937,133.84335336021317,133.9689178466797,15464400
2017-10-16,134.18423267935754,134.8479387743621,133.6640328241661,133.85238647460938,20653100
2017-10-17,133.87929761588023,134.3277443693603,133.18868578357848,133.4667205810547,18046800
2017-10-18,134.08554341014127,134.4532729341151,133.70884988027976,134.10348510742188,20541700
2017-10-19,133.4307964406727,133.9330544100356,132.892655081782,133.8971710205078,17164900
2017-10-20,134.81207455212018,134.90176938614184,134.40847517004312,134.51609802246094,25224500
2017-10-23,134.66850657553678,134.66850657553678,133.36801419127812,133.5115203857422,14676400
2017-10-24,133.98691421479592,134.3367021187931,133.67299602778206,133.7895965576172,17527700
2017-10-25,133.5832967519501,133.63710816287156,132.0406391065046,133.14381408691406,27235300
2017-10-26,133.58327711817435,133.94202892859326,133.1976059207449,133.4218292236328,15205900
2017-10-27,133.52949474963884,134.45329386356627,133.00929493156684,134.3456573486328,32744100
2017-10-30,133.52949052954858,134.04071263867345,132.19311446921037,132.92857360839844,30524800
2017-10-31,133.44872889018438,134.38150545189748,133.31420038873716,133.87026977539062,22449400
2017-11-01,134.98238241280276,135.00928810515472,132.2378923089068,132.98231506347656,31585500
2017-11-02,132.95548840751036,133.84340415395212,132.48909998699574,133.3770294189453,28176600
2017-11-03,133.17070723625082,133.60122585404352,132.794013709811,133.2873077392578,22312700
2017-11-06,133.41286785753186,133.97791497134875,133.08998574756572,133.4397735595703,15576800
2017-11-07,133.45771807909713,133.50256547861142,131.43073057929263,131.8433074951172,29549300
2017-11-08,131.53837346337363,132.24691314229185,130.80291439503557,132.02268981933594,30682500
2017-11-09,131.18855864103944,132.1930745418877,130.30062953800217,131.5562744140625,40144400
2017-11-10,131.58319082754494,131.93297858408715,131.26030876877502,131.45762634277344,17823700
2017-11-13,130.88360532296835,131.68185333108386,130.49794785367925,131.49349975585938,14680000
2017-11-14,131.00022342874058,131.38589463541197,130.5786825143695,131.134765625,19682200
2017-11-15,130.36346444238495,131.13479333320143,129.60109955901126,130.61459350585938,23925200
2017-11-16,131.13478409593012,133.09896905713714,131.11684239680073,132.533935546875,25889000
2017-11-17,132.06754481196535,133.66401386833232,131.99579170223458,133.14381408691406,25816700
2017-11-20,133.42184558586132,134.15730467856895,133.03618802664099,134.11245727539062,22793000
2017-11-21,134.71336224154845,135.69097259102682,134.58779773506046,135.5115966796875,29392300
2017-11-22,135.68198685770412,136.1214694027872,135.3052933985626,135.3321990966797,14136600
2017-11-24,135.61923310606926,135.76272562376502,135.22459789002016,135.3860321044922,6816300
2017-11-27,135.69991559906555,135.98691424675445,134.92858706049356,134.9734344482422,18416900
2017-11-28,135.4488255022568,137.19776464210656,135.12594337755334,137.09910583496094,35898300
2017-11-29,137.52955182779647,138.30985794460327,137.17976414974493,137.55645751953125,38234200
2017-11-30,138.2112300245955,138.61482917618858,137.47577112504607,137.8076171875,32230700
2017-12-01,137.24256896972656,137.8614273216409,133.41283207584442,137.24256896972656,62734800
2017-12-04,138.92877018035662,139.38619453355318,136.59685575317184,136.73138427734375,36366800
2017-12-05,135.78959806618644,137.18876267642642,135.35909324753646,135.36805725097656,29667200
2017-12-06,134.8658364995657,135.60129554929398,134.48914296879215,134.73130798339844,21273800
2017-12-07,135.70888911059097,136.22908873681897,134.55190306442165,135.6730194091797,29675200
2017-12-08,136.462337435655,136.57893796735604,135.68204448783018,135.79864501953125,20832400
2017-12-11,135.81652090171778,136.44435704479463,135.44880511724807,135.74478149414062,26654100
2017-12-12,136.05871813386327,136.26499977193018,135.2694612938873,135.32327270507812,25854800
2017-12-13,135.26047505916083,136.96458052378156,135.26047505916083,136.13046264648438,30082600
2017-12-14,136.19323555843292,136.50713996174684,134.2110955988056,134.62367248535156,32882600
2017-12-15,135.475679236952,137.4488409374533,135.05413846680628,136.54298400878906,42851600
2017-12-18,137.82557789850236,138.76731850583033,137.63723798833934,138.390625,22714300
2017-12-19,138.79425813807887,138.81219983860106,137.06326038914844,137.29644775390625,24313600
2017-12-20,137.8973827317629,138.06779469522672,137.0812063201778,137.56553649902344,19042800
2017-12-21,137.96073760991789,138.66296420264294,137.81668760695777,138.1678009033203,16772600
2017-12-22,138.08675282067188,138.0957507927092,137.564581957908,137.9156951904297,13599400
2017-12-26,137.74460830564723,138.13172708146283,137.65457365494834,137.99668884277344,11949600
2017-12-27,137.93368879835043,138.59989582288716,137.57356389839515,137.86166381835938,15949900
2017-12-28,137.96066043517337,138.4198041082303,137.75358352024472,138.40179443359375,10167300
2017-12-29,138.77999623450356,138.77999623450356,137.19548737493488,137.25851440429688,21006500
2018-01-02,137.92471480628245,138.6179434080733,137.25850759956762,138.55491638183594,20489600
2018-01-03,138.52788646220105,139.05906903235697,138.21279259374305,138.69894409179688,21836600
2018-01-04,139.51823064680855,139.68027658767824,138.6629561272591,139.06808471679688,14207100
2018-01-05,139.43720736191256,139.5272283052937,138.59093081742097,139.35617065429688,19883900
2018-01-08,139.30214482294411,139.78831008247658,138.1947897676841,139.57223510742188,18457300
2018-01-09,139.76134550717887,139.9954164992819,139.30218776082918,139.3832244873047,16571300
2018-01-10,139.06806527755185,139.6982667440045,138.5729020762813,139.4011688232422,18516800
2018-01-11,139.6082119074783,141.93996363574018,139.5271752306881,141.79591369628906,26522400
2018-01-12,141.95798681746533,143.02033815308894,141.76893325584413,142.39013671875,24089800
2018-01-16,143.02037408590317,143.51553738634738,140.26548302553192,140.5715789794922,27704700
2018-01-17,141.16577473263735,142.19210696415735,140.69761909132654,141.9040069580078,18571600
2018-01-18,141.5438154045669,141.79589589828643,140.7965718919852,140.93161010742188,17903600
2018-01-19,141.10271530909094,142.86729309821746,140.94066939585915,142.78627014160156,31040900
2018-01-22,142.60620460743613,143.551513671875,142.52518164866294,143.551513671875,12702400
2018-01-23,143.36243958263208,144.31674648233988,142.84926677579318,144.01065063476562,16904600
2018-01-24,144.37077439287594,144.61385699300192,142.6061966551656,143.11936950683594,20340900
2018-01-25,143.72259473230324,143.97467535893992,142.4351839417918,143.1734161376953,20290900
2018-01-26,143.6235269451538,143.76757690724327,142.93931023126962,143.68655395507812,16120300
2018-01-29,143.20040257434067,143.9206387168706,142.80427200908113,142.8762969970703,18293300
2018-01-30,141.94002353588132,142.44418479936311,141.1027449296701,141.50787353515625,24533800
2018-01-31,142.01207603134478,142.62426804485395,140.37353787042304,140.76966857910156,27468900
2018-02-01,140.202463828935,141.5349058277143,140.02240818345177,141.21080017089844,21413000
2018-02-02,140.56250964745558,140.58050558570721,138.20373668753632,138.49183654785156,33314100
2018-02-05,137.4475752698122,138.45589789388862,133.1171730335403,133.1711883544922,52622200
2018-02-06,131.01946184750565,135.37687077249316,129.85809149394484,134.76467895507812,69232400
2018-02-07,134.69264073656737,135.75497834035312,133.79234904358512,134.8997039794922,37101000
2018-02-08,135.03474514946245,135.04374312022088,130.93841552734375,130.93841552734375,44704500
2018-02-09,132.12685254565488,133.18920427779815,128.29161346744823,132.1358642578125,53315300
2018-02-12,132.2708707616368,134.07145437734766,130.9744483603469,133.38723754882812,36213900
2018-02-13,132.68501074230943,133.95441174816395,132.25286078459965,133.67532348632812,25021200
2018-02-14,132.910099186203,136.41223416968992,132.50495683645505,136.07911682128906,36286900
2018-02-15,137.04241955908765,137.62760373697833,135.5479318668784,137.56459045410156,23773600
2018-02-16,137.39352633390314,138.90600989997068,137.33049931663595,138.0507354736328,27973900
2018-02-20,137.33955070284267,138.4379080686661,136.54728932752974,136.91641235351562,24046200
2018-02-21,137.22244017663397,139.3741364908191,136.85331733401563,137.06039428710938,26735500
2018-02-22,137.5736559079715,138.67201354703866,136.76339838155056,136.84442138671875,16340000
2018-02-23,137.72664599900304,138.6629572338229,136.97940210073682,138.62693786621094,18065200
2018-02-26,139.12209932606945,139.77930853409734,138.16779215725435,139.53623962402344,15267700
2018-02-27,139.70729986710734,140.3375152294877,137.5195969965476,137.52859497070312,18125500
2018-02-28,137.87067942311987,138.28481967669723,135.32285209667836,135.35887145996094,29951800
2018-03-01,135.0888292585489,136.45727706567033,133.58534313446714,134.99879455566406,38943200
2018-03-02,133.88239290755888,137.51956555269666,133.6032909241726,137.15945434570312,31842300
2018-03-05,136.68229924997044,138.8789995672637,136.36719164443676,138.38385009765625,19603700
2018-03-06,139.03206512974205,139.8963513584385,137.56459874163045,139.8783416748047,17304000
2018-03-07,139.05903081957388,141.28273818116944,138.8429559146142,141.1116943359375,22684600
2018-03-08,141.25575981937527,141.76893267353262,139.99535695587448,140.82362365722656,23391300
2018-03-09,141.62488588487133,143.1463810639693,141.2287553367794,143.07435607910156,24927200
2018-03-12,143.37149439618085,143.73160568464752,142.68727745314817,143.32647705078125,15310100
2018-03-13,144.04670656779814,144.31679689008564,142.3721630544529,142.66026306152344,17757200
2018-03-14,143.34446685127654,143.4975148145119,141.7149408303648,141.9850311279297,18097500
2018-03-15,142.33612455239629,142.37213017628306,140.77861000640831,141.27377319335938,14172100
2018-03-16,141.32779421458952,142.48917825799472,141.120730959802,142.0660400390625,36000300
2018-03-19,141.498845124685,141.53486448567958,139.05005059677828,140.6975860595703,25663000
2018-03-20,141.04875534427285,141.36386306011352,140.23849798549205,140.66163635253906,11418500
2018-03-21,140.7336352962667,142.48019002915905,140.6255909277079,141.48086547851562,22213500
2018-03-22,140.46295201295956,141.32921971509964,138.34237648435558,138.37847900390625,29774800
2018-03-23,138.5679800562794,138.9108851738883,135.35554401471595,135.40066528320312,35744100
2018-03-26,137.24149895916148,138.40556438514702,135.74356092016353,138.36044311523438,28442400
2018-03-27,138.65821394061203,138.69430269170294,135.09385425779897,135.68038940429688,32820600
2018-03-28,136.02332613474064,136.57377265816208,134.80512052368456,135.6352996826172,26510900
2018-03-29,136.33010400164838,138.1528958285662,136.03232015598275,137.0068817138672,22617700
2018-04-02,136.72718742063972,137.22349396907666,132.8108888313133,133.66815185546875,35040700
2018-04-03,134.47123455563977,135.89698137305118,133.82152679658955,135.58114624023438,29857800
2018-04-04,134.00200843204513,137.68368142711415,133.79446708914261,137.3046875,29619700
2018-04-05,138.09879093197603,138.61314878450025,137.44909676580843,138.4416961669922,17301600
2018-04-06,137.4941486240426,138.4235888667512,134.58851535898637,135.68038940429688,25762700
2018-04-09,136.61890426227987,137.7017600049166,135.7345849236038,135.84286499023438,18997000
2018-04-10,137.28658893589386,138.91987664325885,136.86247387972915,138.40553283691406,23420000
2018-04-11,137.8641574548657,139.24478315391056,137.72880739381444,138.703369140625,14884600
2018-04-12,139.35303403003974,140.2373668073799,138.90184889554774,139.65081787109375,14413200
2018-04-13,140.12912570310817,140.16522823812616,138.52290712187687,138.91995239257812,19813600
2018-04-16,139.72303870310301,140.6073716675225,139.06431212273378,140.2012939453125,18846900
2018-04-17,140.95929646640147,142.1143295606515,140.73370385003886,141.72630310058594,18624200
2018-04-18,142.14137290827273,142.9174119137433,141.81651905088788,142.1052703857422,16974200
2018-04-19,141.79849722296,142.15943990871884,140.66151537064692,141.12171936035156,16174500
2018-04-20,140.81489366402135,141.4194801367549,140.0027521003045,140.36370849609375,21480600
2018-04-23,140.57124106522957,141.03144495099252,139.47938073751428,140.15615844726562,13268200
2018-04-24,140.67955888914378,141.3382992840219,138.2341424849143,139.3530731201172,24859700
2018-04-25,139.2899056503951,139.68695085839641,138.02659250591873,139.14552307128906,21981400
2018-04-26,139.3440730520445,140.2374249455632,138.91093899870967,139.78623962402344,14862900
2018-04-27,139.75914485561722,140.20129758020983,138.76653181638324,139.5876922607422,17734300
2018-04-30,139.88548282922613,140.4539668977663,138.3243719051351,138.35145568847656,15624600
2018-05-01,138.07170446913418,139.22673760109103,136.8986338410175,139.02822875976562,24977500
2018-05-02,138.76651687720548,140.57125764946105,138.67627433096092,139.55157470703125,16786800
2018-05-03,139.06426237892887,139.41618618163406,137.304643365403,138.79354858398438,20985900
2018-05-04,138.29726730302886,141.22095203362832,137.8821846754668,140.526123046875,17927900
2018-05-07,140.94123082556735,142.44818769686833,140.8600207965397,141.71726989746094,16303500
2018-05-08,141.59993657779756,142.4210968017578,141.44653528910345,142.4210968017578,17281200
2018-05-09,142.58353910668527,143.56713328759128,142.0150551289843,143.18812561035156,15758500
2018-05-10,143.38662624163103,144.53264030667412,143.2602949582538,143.9551239013672,15828700
2018-05-11,143.9732124187853,144.49658894795172,143.51299466311303,144.23489379882812,14413600
2018-05-14,144.3973593038755,145.0019460039821,143.52205864738644,143.68447875976562,15028500
2018-05-15,143.21523979256577,144.0093165343474,142.72795197214214,143.71153259277344,17544900
2018-05-16,143.91904396131838,145.57038326097214,143.90099269999442,145.2094268798828,21004400
2018-05-17,145.28161432057047,146.18398459585353,145.0560217517497,145.87718200683594,18639700
2018-05-18,146.13890271955216,146.47278917437774,145.77796001977904,146.06671142578125,17579800
2018-05-21,146.51786885548478,147.30294042045122,146.50885010888194,147.0322265625,15667300
2018-05-22,147.3209626066017,147.38413513349403,145.85010845659835,145.9674072265625,13212000
2018-05-23,145.57942013293737,146.4366692700073,145.39894880446155,146.1569366455078,14235700
2018-05-24,146.11182878275574,146.49985525522155,144.9387443863657,146.21109008789062,12785000
2018-05-25,145.95843586285127,146.32841109141094,145.70577321141585,145.9494171142578,11150200
2018-05-29,145.17335325014733,146.39154501940237,144.47852419210795,145.75086975097656,20986900
2018-05-30,146.50885024471788,148.34066094953997,146.50885024471788,148.06092834472656,25169000
2018-05-31,148.06094832714962,148.3316622218876,146.49081875293382,146.87884521484375,28573700
2018-06-01,147.83535686245287,148.33166337849568,147.3390503464101,147.84437561035156,21108200
2018-06-04,148.27753161162568,148.62945556640625,147.37516108459022,148.62945556640625,14836000
2018-06-05,148.4850599445839,149.58595299246545,148.2955560921438,149.5498504638672,13283600
2018-06-06,149.53182631144335,150.63270568847656,149.4145137366516,150.63270568847656,16661300
2018-06-07,150.79513449346163,150.90341454713143,149.0986735508691,149.81155395507812,17571900
2018-06-08,149.8476445961247,150.34395113013815,149.57693068947358,150.2627410888672,17569800
2018-06-11,150.3709687185654,150.79508381166968,150.05513364273833,150.48828125,15923000
2018-06-12,150.62367152526738,151.5440932253325,150.45221893937406,151.1741180419922,16166700
2018-06-13,151.39072459288587,151.48095339452092,150.3529901059596,150.57858276367188,19853700
2018-06-14,151.13800750436562,151.45382885000944,150.34391722900395,151.3816375732422,19248100
2018-06-15,150.91244431543439,151.48092835592686,150.27175521503582,151.42678833007812,24922600
2018-06-18,150.66882567614041,152.14871296332623,150.4522517673755,152.1396942138672,18616500
2018-06-19,151.19217116972462,152.2930642167444,150.28076820591627,152.148681640625,24605900
2018-06-20,152.90672464666596,153.58350272604255,152.45553926041492,153.37596130371094,19216900
2018-06-21,153.38491596306744,153.47515851024414,151.39068509980984,151.94113159179688,26946200
2018-06-22,152.50967694621727,152.68112959339598,150.9756494104937,151.4358673095703,33638200
2018-06-25,150.91245683664084,151.02975564601843,148.1151026036595,148.9633331298828,37005100
2018-06-26,149.09862639810385,150.38902296226286,148.75573508022927,149.8295440673828,20464000
2018-06-27,149.98298531305466,150.25368540889414,147.36610297761334,147.4292755126953,27511800
2018-06-28,147.2939136365852,148.18726527186465,146.41861326429265,147.88046264648438,26759100
2018-06-29,148.26850879930956,148.93626798989445,147.63685214285488,147.78123474121094,24146500
2018-07-02,146.869785645161,148.85501132818254,146.61712306169971,148.8008575439453,24283600
2018-07-03,149.20389863617177,150.06425219228834,149.15861396080928,149.3940887451172,13561300
2018-07-05,150.20915808722853,151.1238477290124,149.2763518114555,151.0966796875,18640500
2018-07-06,151.2143957791504,152.54568490149651,150.80686139492914,152.3736114501953,19597500
2018-07-09,153.06190867887264,153.35171953875147,152.5004174115354,153.33360290527344,16565200
2018-07-10,153.57811712984733,153.84074610958365,151.75778944693613,152.63624572753906,18790700
2018-07-11,151.80308759973073,152.69967449258877,151.2868809539837,151.34121704101562,23912600
2018-07-12,152.2105762733521,152.3735844706017,150.91550682424733,152.07472229003906,19617600
2018-07-13,152.01139515832708,152.80834747056088,151.62196350097656,151.62196350097656,15409100
2018-07-16,151.92983700151717,152.17436314867933,150.29969953760997,151.03326416015625,15946900
2018-07-17,151.0151653976818,152.1472131143061,150.87025997340785,151.7034454345703,15134700
2018-07-18,151.5676285413272,152.20157259632424,150.8521803547471,152.12911987304688,13780000
2018-07-19,151.93891450071186,153.27925507758152,151.47703020554323,153.20680236816406,18398300
2018-07-20,152.87176587941508,153.33363649220712,152.46423136001678,152.5819549560547,17570700
2018-07-23,152.41892686404572,153.18871111864044,151.9751591274368,152.77212524414062,12335000
2018-07-24,153.46038400157784,153.74112962115953,150.53517660353344,151.14195251464844,25831300
2018-07-25,151.1872265890185,151.6943817138672,150.46271334540293,151.6943817138672,18401200
2018-07-26,151.8393122474144,153.38794591565224,151.703458218606,152.5094757080078,20944200
2018-07-27,152.5999821429874,152.79922358127067,149.24005954188058,149.66571044921875,28777100
2018-07-30,149.65671819776043,150.35406350738074,148.588071714524,148.70579528808594,20093700
2018-07-31,149.0046791084515,150.8974599750154,148.87789029009187,150.21823120117188,23567300
2018-08-01,150.06425522463786,150.55330761812678,148.97749208869135,150.11859130859375,17942600
2018-08-02,149.3940735596941,151.4317593733978,149.37595692760206,151.2144012451172,18292200
2018-08-03,151.3773667308478,151.85735370368735,149.98269047030098,150.6890869140625,21734900
2018-08-06,150.5804341476199,151.70341642363542,150.2453386907005,151.53135681152344,16288800
2018-08-07,152.04758780802155,152.5909762233012,151.78495882596596,151.8936309814453,15045700
2018-08-08,151.89360689644252,152.13813302643922,150.77967602258525,151.7577667236328,14789500
2018-08-09,151.83020744697257,152.79019534926294,151.7396519369795,152.14718627929688,10437800
2018-08-10,151.28687039112836,152.75399991433028,151.2053662662711,151.72157287597656,20521900
2018-08-13,151.91178781793158,152.19253350651502,150.22729986748575,150.83407592773438,20517200
2018-08-14,151.16008659669623,152.69061748032587,151.1419699620359,152.32835388183594,17683100
2018-08-15,151.87549723740634,151.98418319958148,149.56611746107785,150.41741943359375,27479900
2018-08-16,151.114758138004,152.3011417140807,150.9608013353544,151.81210327148438,15484700
2018-08-17,151.66722163040313,152.57285977768257,151.17816929226504,152.4641876220703,15106700
2018-08-20,152.8807510599109,153.21583270330993,151.99322967475317,152.8898162841797,12547300
2018-08-21,153.17961459976732,155.19013211558521,153.16149797001108,154.64674377441406,20661200
2018-08-22,154.4927917348572,155.30787427175883,154.33883492452847,155.02711486816406,14329200
2018-08-23,154.94566175330883,155.33509342907777,154.1215275394942,154.55624389648438,12945800
2018-08-24,154.99993930726316,155.57049567350106,154.8822157632799,155.39842224121094,11894300
2018-08-27,155.8694499816455,156.62113162961168,155.4256821213433,155.6249237060547,15880400
2018-08-28,155.91468082381368,156.20447787124837,154.95470651208834,155.769775390625,13170300
2018-08-29,155.78789273224555,156.4671214070927,155.28073753272386,156.22259521484375,13157900
2018-08-30,155.92375169928437,156.88372613086818,155.6067865709197,156.0958251953125,14199600
2018-08-31,155.73362875506342,157.02868539496652,155.72456352441148,156.693603515625,12240500
2018-09-04,156.48522386718028,156.7840861417083,154.9728096795575,155.99618530273438,17923500
2018-09-05,155.93274233037477,155.97802699361765,154.28448837605868,155.5795440673828,15166100
2018-09-06,155.92371410580935,156.20445971313777,154.33884738926673,154.52903747558594,16647700
2018-09-07,154.14875273996063,155.27173576386684,153.650648744382,154.44760131835938,17248000
2018-09-10,155.09049902897803,155.47991671461727,154.3116498387611,154.63768005371094,11067100
2018-09-11,154.50186338307353,155.40750147132383,153.95847500254715,154.8912811279297,14078400
2018-09-12,154.6739611271291,154.94565538434398,153.35173693106415,154.52000427246094,21572300
2018-09-13,155.11773525058268,155.35319624641065,154.19398026565923,154.55624389648438,14570500
2018-09-14,154.65582739960567,155.7063571284872,154.32073189447354,155.20826721191406,15734900
2018-09-17,155.24445416377083,155.35312629461365,153.3697908120407,153.55996704101562,20023200
2018-09-18,153.77738235113733,154.6015165005724,153.62342550216763,154.20303344726562,13018000
2018-09-19,154.21205116346184,154.927512985299,153.11623682522173,153.64149475097656,17593500
2018-09-20,154.29352622393688,155.13577666564402,153.7863712056322,155.06332397460938,16918700
2018-09-21,155.5433106728965,155.606711959536,154.15768577940406,154.32069396972656,32539000
2018-09-24,154.19393692745808,154.41129504486184,152.83547978630094,153.75018310546875,15786700
2018-09-25,154.00377337096128,154.42942441582016,153.82264850098642,153.98565673828125,13758500
2018-09-26,154.30344361644273,154.39425328407197,152.3511604629041,152.5781707763672,17787200
2018-09-27,152.88695090554938,153.18660627887218,152.33304500739771,152.58729553222656,14471900
2018-09-28,152.05151825536197,153.45898509092763,152.05151825536197,153.0503692626953,22740300
2018-10-01,153.7223254763802,153.74957946606943,150.5260296627323,151.03453063964844,27893100
2018-10-02,150.89831774450496,151.21613778631865,149.0822348898269,149.40005493164062,28440300
2018-10-03,149.990265905827,151.3977327916279,149.3818798544135,150.70762634277344,26027200
2018-10-04,150.22636565600365,150.41704658352828,148.12879231956293,148.59188842773438,29463000
2018-10-05,148.69176823352797,149.06406850529143,145.88592384075798,147.24798583984375,31240100
2018-10-08,146.89386517716636,147.4659218530038,145.7860535304033,146.93927001953125,21330700
2018-10-09,146.75765392950447,147.77466976987645,146.1765079588403,146.36720275878906,20620400
2018-10-10,146.031229221227,146.18559460143987,141.98135835256133,142.1629638671875,46921800
2018-10-11,141.4819101006616,142.85306130571144,139.39341237844278,139.44790649414062,68877400
2018-10-12,141.2549120010942,141.4365175023015,137.92240186651875,139.47515869140625,53492600
2018-10-15,139.2572558783959,141.0097694596756,138.5126551395043,139.99276733398438,32747600
2018-10-16,141.00066197943022,144.2514517272054,139.8746856993636,144.0516815185547,35569100
2018-10-17,143.63396043240272,143.6702898420901,141.55455203512804,143.4342041015625,24140100
2018-10-18,142.9347817441028,143.1345519348979,140.17432848344887,140.74639892578125,31042700
2018-10-19,141.17318514689595,141.9813413675748,138.6942362225501,139.25721740722656,34214200
2018-10-22,139.76569085183547,140.24695154843286,138.4944387958439,138.95753479003906,28218300
2018-10-23,137.0506818138591,138.83044905384216,135.2255235883782,137.71356201171875,37228100
2018-10-24,137.50473544753604,138.0041611081396,132.41063527622615,132.52867126464844,40412400
2018-10-25,133.23686798170226,136.04272553746222,132.94630203187415,135.39801025390625,32311300
2018-10-26,133.97240323307904,135.67952525898187,131.3935693448162,133.9179229736328,36986100
2018-10-29,135.41625311242458,136.778315561415,131.72960630072237,133.18246459960938,33031300
2018-10-30,133.34590928642243,136.10634954597714,133.08256947357842,135.9610595703125,29017200
2018-10-31,137.3503619755356,137.89519245615338,136.2334747314453,136.2334747314453,36785400
2018-11-01,137.0143615575346,139.62952513296906,136.94171658537124,139.37527465820312,28496400
2018-11-02,139.89284390990636,140.64651987016015,138.42182140143638,139.83836364746094,26671600
2018-11-05,139.87466143884294,140.43765640903356,138.3400834376256,139.72938537597656,16940900
2018-11-06,139.52049850497755,140.8462445032273,139.4024625930696,140.41946411132812,15572900
2018-11-07,141.07329650493102,142.93478393554688,140.56479559533287,142.93478393554688,22127800
2018-11-08,142.20834564097518,143.37971279756778,141.96317061541473,142.55340576171875,14987700
2018-11-09,141.65441754713186,141.68165767282687,138.88488930473616,139.91098022460938,20654400
2018-11-12,139.85655914956752,139.99275983567213,136.96897990362376,137.14151000976562,21886800
2018-11-13,137.65908899124832,139.01206188050972,136.46954305623933,136.7056427001953,18468500
2018-11-14,137.85882368969098,138.43996951212947,134.82595550621843,135.70675659179688,24549100
2018-11-15,134.83502551711953,137.84063928750314,134.5081301727378,137.640869140625,24482000
2018-11-16,136.76009218026857,138.2855948180146,136.26066672543158,137.96778869628906,29323500
2018-11-19,137.73170516586814,138.04952518026326,134.72609051757067,135.17103576660156,21540900
2018-11-20,133.70908373478366,134.7805658366001,132.20173182539807,132.56495666503906,25907000
2018-11-21,133.28229159394743,135.63411507129362,133.05528128480722,134.41734313964844,17902300
2018-11-23,133.3186403674278,135.5705790816278,133.30955108615174,134.2902374267578,11134800
2018-11-26,135.5887751591452,136.56944787103347,135.06210938091488,136.03370666503906,15346400
2018-11-27,135.46160678566716,135.96103231714616,134.6534505094964,134.90771484375,14461800
2018-11-28,135.47979558114045,138.35828561268036,134.11773326526648,138.24024963378906,26125900
2018-11-29,137.66819542633493,138.6942869269844,136.60578835607322,137.8679656982422,15134500
2018-11-30,137.5319638225641,138.80321630762998,137.18690363849782,138.5852813720703,20304700
2018-12-03,140.19247076053009,140.27419113761516,138.04041769697403,139.91098022460938,23379800
2018-12-04,139.61136337565944,139.95642353682277,133.60920924801636,133.9542694091797,41077900
2018-12-06,132.07465393462238,133.66372680664062,130.2404059399203,133.66372680664062,37581200
2018-12-07,133.60922329979033,134.62622532729955,130.09510719318268,130.77613830566406,28525100
2018-12-10,131.00311559175347,131.41173138492402,128.44243260482756,130.3947296142578,30776600
2018-12-11,132.283458006089,132.74656796494176,129.29600804324443,130.25852966308594,29229300
2018-12-12,131.5570590093046,133.26416763415992,131.4480846057846,131.50257873535156,27894800
2018-12-13,131.88389970376696,132.29251544422675,129.43217754979187,129.6410369873047,23205400
2018-12-14,128.6966739399061,130.058735724491,127.2165762224713,127.67967224121094,24037200
2018-12-17,127.2505924439766,128.35300579845048,124.05270537928494,124.83623504638672,36468500
2018-12-18,125.96595572026905,126.80414791769724,124.17112643923869,124.68134307861328,42277200
2018-12-19,124.6357980320437,126.34861968303058,121.4014599216518,122.08477020263672,47676600
2018-12-20,121.74764127785713,122.45828266159636,118.64996051865435,120.07124328613281,57908100
2018-12-21,120.60881663441289,121.1281251853027,116.6000618553536,116.95537567138672,59404800
2018-12-24,116.37229465271362,117.04649215668081,114.65034641866289,114.6867904663086,28575700
2018-12-26,115.051216382675,120.35371027307899,114.62300753989743,120.19881439208984,40182700
2018-12-27,118.68643336747314,120.69991302490233,116.49983927949492,120.69991302490234,39527900
2018-12-28,120.69990475454797,123.00493662002513,119.8434871156154,121.0461196899414,35994400
2018-12-31,121.8296416975763,122.13029982253833,120.08036943578101,121.9936294555664,29173400
2019-01-02,120.41747841125837,123.15071923927144,119.84349338874146,122.68607330322266,27295100
2019-01-03,122.00275291372901,122.66783756714857,119.94370276454154,120.4903564453125,29294600
2019-01-04,122.01184541598693,125.36462741555029,121.82052637995059,124.99108123779297,35355300
2019-01-07,125.05486995060566,127.8883300805669,124.58111823063716,127.17768859863281,30477900
2019-01-08,128.28008253995014,129.18204295349278,126.99545624565573,129.12738037109375,27320900
2019-01-09,129.57383149122356,130.63979369264908,129.02717779214228,130.193359375,25764600
2019-01-10,129.42804538896914,130.94044179202223,128.78118626005968,130.8675537109375,22896800
2019-01-11,130.29361521857692,131.1864841037408,129.99295699014232,130.90403747558594,22428400
2019-01-14,130.1204728678406,130.68533810861214,129.4553743531479,129.6011505126953,29185000
2019-01-15,129.96559103340743,130.87667127591845,129.45538832191824,130.6944580078125,25678900
2019-01-16,130.90403911692755,132.33444216996193,130.89493331667353,131.6693572998047,20827300
2019-01-17,131.18643930209237,133.31836357347785,131.16821380605194,132.86282348632812,19273400
2019-01-18,133.56437694643648,134.76699570805417,133.0177232080762,134.22946166992188,28306700
2019-01-22,133.43684244583972,133.71015544618834,131.2411353298142,132.10665893554688,27741100
2019-01-23,132.39819695109827,133.18171266959945,130.70358702316824,131.74221801757812,20621300
2019-01-24,131.58727433715404,132.79901237417505,131.49617468068743,132.53480529785156,16976300
2019-01-25,133.5825770394533,134.5118827538457,133.40946957381365,134.23855590820312,22266900
2019-01-28,132.98129527055482,133.8468188309091,132.4437472934235,133.51882934570312,22784700
2019-01-29,133.66459575928516,133.76481514748676,132.90839744866983,133.19993591308594,12084800
2019-01-30,133.91056138568973,135.14963099047225,132.72615436756257,134.65765380859375,25516900
2019-01-31,134.48453960879357,136.0242672649854,134.41165152957967,135.80560302734375,27252900
2019-02-01,136.06982811266556,136.37047233317233,135.36829249352968,135.91493225097656,17057900
2019-02-04,136.12452004801295,137.54580318658972,135.64164856893197,137.5366973876953,21301700
2019-02-05,137.58221470489346,138.11976258334917,136.8806929669093,137.68243408203125,18295900
2019-02-06,137.60955776461319,137.910215921734,136.75315398909586,137.50933837890625,13720600
2019-02-07,136.58916800655786,137.29980958614374,135.1952161464484,136.37962341308594,22850800
2019-02-08,135.8055990350807,136.57090299135956,135.29539639756146,136.52536010742188,13463000
2019-02-11,136.92625884880792,137.70978850110444,136.32495638698535,137.66424560546875,16374800
2019-02-12,138.4113220663244,139.56839797798756,138.37488496999646,139.3861846923828,20779900
2019-02-13,139.77793884277344,140.08770281025903,139.1219599104615,139.77793884277344,15534500
2019-02-14,139.0126292709369,140.64345683743653,138.84862759329926,140.09681701660156,18251000
2019-02-15,141.01702150761383,142.3472049925242,140.55237551390377,142.3289794921875,27240200
2019-02-19,141.7184778238727,143.13065441537287,141.7184778238727,142.7206573486328,15856900
2019-02-20,142.72982806350842,143.56802018276514,142.61138318838084,143.39491271972656,18317400
2019-02-21,143.15802916088532,143.3766795007527,142.1831667223771,142.84825134277344,17497000
2019-02-22,143.285615286158,144.19669566635514,143.1307332897625,144.0873565673828,20411800
2019-02-25,144.93464012011543,145.31729213650053,144.03266571593448,144.123779296875,17957100
2019-02-26,143.95985594993854,144.12385770445712,142.93945001778107,143.1307830810547,21497300
2019-02-27,142.57499352764614,143.44051722879286,142.23788428674752,143.33119201660156,18194900
2019-02-28,143.12158975099524,143.47691048401214,142.46561087435157,142.8391571044922,18155300
2019-03-01,143.90507529409288,144.26039591844463,142.81178213470105,144.16929626464844,19247100
2019-03-04,144.44263504030994,144.6612992722063,141.7549514865713,142.86647033691406,23301800
2019-03-05,142.98494563589415,142.99405143425253,142.09209082739562,142.201416015625,16798200
2019-03-06,142.14672300270615,142.2013855851233,139.28593200638258,139.41348266601562,29604600
2019-03-07,139.4135002820723,139.52282546072072,137.91020956575167,138.19264221191406,26822500
2019-03-08,137.42730690950435,138.265498859845,137.21776239741368,138.1561737060547,20466800
2019-03-11,138.5844385823402,140.58881265854578,138.39310558370087,140.57058715820312,20854500
2019-03-12,140.67079443193205,141.19922268045346,140.1241545866212,140.64346313476562,18966800
2019-03-13,141.14454090430684,141.88251363147305,140.98965894075172,141.19920349121094,24109100
2019-03-14,141.12634247679904,141.23568157355948,140.48858900395928,140.62525939941406,14217500
2019-03-15,140.78926519700366,142.0101097014273,140.6070518817439,140.99880981445312,22025900
2019-03-18,141.2720940129392,142.53849493867207,140.74366582711085,141.90074157714844,24510200
2019-03-19,142.56583170778592,142.61138850006878,140.82567901922303,141.18099975585938,18633100
2019-03-20,141.1736696351653,141.9775619866648,139.22790501389042,140.00437927246094,29463200
2019-03-21,139.52025501788697,142.5622423005135,139.52025501788697,141.840576171875,31845000
2019-03-22,140.8630874424055,141.173677162394,136.63355017798418,136.67921447753906,40663000
2019-03-25,136.55130982520689,138.2321768361891,135.57386252648394,137.28211975097656,26454700
2019-03-26,138.36922638844476,139.60246926596315,137.74803294362925,138.72549438476562,21308600
2019-03-27,138.58846966586412,139.04522420917928,136.55133436656794,138.1865234375,23477100
2019-03-28,138.6615246287496,139.7029243285738,137.87590633316003,139.41973876953125,19473300
2019-03-29,140.3880422274906,140.65296761655355,138.94471041985543,139.8490753173828,28298900
2019-04-01,140.94529869900524,141.52081383448888,140.42460581279153,141.37464904785156,20075200
2019-04-02,141.47517731590887,141.48432132967096,140.2328041412107,141.00929260253906,18253500
2019-04-03,142.26991876203877,142.644446916504,141.34726560783272,141.74008178710938,19554700
2019-04-04,141.84966575454382,142.5165233715434,141.4477195944761,142.43431091308594,15909500
2019-04-05,142.7814900610988,143.85029414727305,142.68100349202032,143.76808166503906,21379000
2019-04-08,143.28391067006396,143.87768602088218,142.57137467346493,143.53054809570312,14202400
2019-04-09,142.9276417296928,143.1468749954826,141.51169981894805,141.776611328125,18534200
2019-04-10,142.03236330360167,143.7497645376234,141.89534254090418,143.70408630371094,18938800
2019-04-11,143.8959807359127,144.04213162200796,143.2473830362562,143.5214385986328,12218700
2019-04-12,144.45317391666916,144.48057806989277,143.52139088994542,144.04208374023438,14120300
2019-04-15,144.28872293581966,144.425757629465,142.96413786481608,143.57618713378906,10964000
2019-04-16,144.06953917392175,144.24309420964167,143.40266743519305,143.9142303466797,16782900
2019-04-17,144.41665970714968,144.43493379327532,141.77661879325984,142.59878540039062,17108500
2019-04-18,142.60787813979843,142.7631729836019,141.28329299285372,142.17852783203125,23276300
2019-04-22,141.877052715256,142.33380712561433,141.15538688006674,141.80397033691406,15596800
2019-04-23,141.93185882959577,144.38006967973277,141.92272875958298,143.94158935546875,23396100
2019-04-24,143.98729024285515,144.9647516051634,143.75891298314295,144.3892364501953,18053100
2019-04-25,143.72238760703112,143.85027832278544,142.0232601325567,143.1925506591797,19365100
2019-04-26,143.38437541456682,144.7820430367048,142.87279867775536,144.58106994628906,16999100
2019-04-29,144.90078756882139,145.80516646223234,144.78204088191816,145.27532958984375,13698900
2019-04-30,145.38495302109538,145.42150118727184,143.38438000273453,144.59933471679688,24127500
2019-05-01,144.9464508197708,145.0012591217584,143.1559812393265,143.2290496826172,17734300
2019-05-02,143.09202754100565,144.47142090413672,142.21505290058496,143.8959197998047,22715700
2019-05-03,144.61762330805965,146.7461011825277,144.508006676616,146.64561462402344,20178800
2019-05-06,144.49885264954978,147.17544137380952,144.34355778608702,146.81004333496094,21262100
2019-05-07,145.53112001674447,146.0426828386497,142.7357846405898,143.9050750732422,25434500
2019-05-08,143.65846056055375,144.41667491561387,143.10121935690933,143.2017059326172,16113700
2019-05-09,142.0689350901807,143.101190865243,140.44289005359818,142.6809844970703,25259900
2019-05-10,142.13287824127886,143.26563454905366,140.3789424331081,143.07379150390625,26544700
2019-05-13,140.39719179445473,140.69865141857548,138.08601528190246,138.51536560058594,26936500
2019-05-14,138.81681533281431,140.83566214876856,138.5792941033802,140.26014709472656,15519200
2019-05-15,139.21877985285295,141.05494204622354,138.91733411926685,140.71693420410156,18410600
2019-05-16,141.14627813584804,142.6718365749164,141.082339750723,141.59390258789062,13772100
2019-05-17,140.51594578017546,141.84053089822947,139.4562721101164,139.62069702148438,21534000
2019-05-20,138.78941029543552,139.60244665537624,138.3143956699716,138.6523895263672,18689800
2019-05-21,139.4288676152903,140.71690456829037,139.383189382565,140.5159454345703,11659100
2019-05-22,139.96789382761875,140.30588780273067,138.85341138427918,139.3375701904297,13922600
2019-05-23,137.99465922003,137.99465922003,135.72916093577285,136.46910095214844,26379400
2019-05-24,137.3735034773597,138.0220871351344,136.83452251249457,137.74803161621094,16093100
2019-05-28,137.9490062197334,138.53365149484625,136.64269487809176,136.65182495117188,14042200
2019-05-29,135.9666880113084,136.0489004830714,134.61469847693925,135.5099334716797,22622300
2019-05-30,135.88444468340563,136.64265871970196,134.32233837941413,135.13536071777344,17739100
2019-05-31,133.54587490775592,134.1396501464252,132.75112658605144,133.24441528320312,25411300
2019-06-03,133.4911243453549,134.47771610546707,132.7603140853778,133.71035766601562,26554500
2019-06-04,135.12628073725216,137.29129310552725,133.7560169215754,137.17254638671875,21217600
2019-06-05,137.72062885919885,137.83938950438375,135.7565898418464,137.19993591308594,18184100
2019-06-06,137.1359740948986,137.50138607824218,135.48252494501435,136.84365844726562,20772500
2019-06-07,137.34609658560498,138.40575653115178,137.04463691469377,137.81198120117188,17107500
2019-06-10,138.35092926528182,139.89476163861,138.35092926528182,138.62498474121094,18912300
2019-06-11,139.64811482975236,139.97697862368796,137.556185375996,138.2139129638672,15373000
2019-06-12,138.1043067181554,138.65241778421688,137.59274382398786,138.36923217773438,11957600
2019-06-13,139.13656524515795,139.93131368141184,138.73461902115386,139.83084106445312,14839400
2019-06-14,139.6572483347269,139.71205663975297,138.59757464075636,138.60670471191406,16154800
2019-06-17,139.22368209780257,140.16791221053353,139.04033902518896,139.56288146972656,12509300
2019-06-18,140.50708468464038,142.23052602309912,139.58117926469458,141.18545532226562,22100800
2019-06-19,141.35048141108524,141.81800827999274,140.62625749010817,141.68966674804688,15625000
2019-06-20,143.05564060551558,143.21148294120698,141.5797055578711,142.35891723632812,17595700
2019-06-21,142.21224116695078,142.24890418940652,140.81880851455512,141.1304931640625,19854400
2019-06-24,141.50632500444203,141.55216426374028,139.3428434544381,139.4161834716797,24002600
2019-06-25,139.62702312772396,139.80120391497235,138.4261101059726,138.56361389160156,17462200
2019-06-26,139.06786407530046,139.54456733789738,138.20613609651522,138.24281311035156,15726900
2019-06-27,138.6461452048456,140.9654692287946,138.6461452048456,140.83712768554688,22278400
2019-06-28,141.13045853394357,143.0280947056015,141.1212962776231,142.5513916015625,35089900
2019-07-01,144.4215341891053,144.87073660182418,142.29472939238707,143.10145568847656,22850500
2019-07-02,143.02813973417952,143.11980429077516,141.41468687045742,142.23057556152344,19024600
2019-07-03,142.6430772347319,143.32144792891216,142.24887638244107,143.24810791015625,9115100
2019-07-05,142.5422065855796,143.68811791066352,141.9646628015212,143.6331024169922,14156700
2019-07-08,143.2022950075355,143.44980185551518,141.99220557580577,142.26722717285156,9735700
2019-07-09,141.6713442736156,142.48723281646508,141.61634275201354,142.45973205566406,12381600
2019-07-10,143.19312558154573,143.52314871608257,141.95554931816767,142.70726013183594,17325400
2019-07-11,142.9089500049918,142.95478927403877,141.3780135384536,142.01055908203125,14260800
2019-07-12,142.22136726173855,143.6239618160538,141.98302270592944,143.110595703125,16678000
2019-07-15,143.5231676125898,143.55066837840698,141.95556800828203,142.35891723632812,12194300
2019-07-16,142.2122085425602,143.19310153526473,141.79050694606457,142.31304931640625,15152700
2019-07-17,142.31307186514022,142.4047364088654,140.9288015695435,141.29550170898438,14155100
2019-07-18,141.24969587652413,142.1022476746837,140.9288349270888,141.82723999023438,15705500
2019-07-19,142.03802372619637,142.48721207935958,141.01129150390625,141.01129150390625,17182600
2019-07-22,141.39631466446912,141.81800225659043,140.62625151732283,140.8829345703125,14474600
2019-07-23,141.43298382662616,141.83634692405596,140.75459916384165,141.81800842285156,15493200
2019-07-24,141.44218357465496,144.33905205298697,141.28634124355364,144.1648712158203,23823100
2019-07-25,144.09152068200595,144.14653619619378,142.1755595891226,142.42308044433594,17902500
2019-07-26,142.62473588105095,144.31151431417325,142.55139586376154,144.10983276367188,14260300
2019-07-29,144.10068415893966,144.25652646487714,142.6430878961897,143.14727783203125,13192200
2019-07-30,142.1480571327348,144.69656372070312,141.82721023878767,144.69656372070312,1200
2019-07-31,144.64152777537754,145.97078227839447,142.59722563658113,143.5231170654297,40445900
2019-08-01,143.8164933880545,144.99906800006028,140.800446234685,141.44215393066406,38070200
2019-08-02,140.58047364047073,140.9471598431639,138.68283687166956,139.8745880126953,30148300
2019-08-05,137.30769539971496,137.43603692533026,134.03497950243607,135.67591857910156,39221500
2019-08-06,136.50095167511475,137.23433772201986,135.10753357298796,136.9226531982422,24283300
2019-08-07,135.60258751665958,137.24354068981407,134.47501446802937,136.88601684570312,23952100
2019-08-08,137.64692303062307,139.920422166331,137.50025694782053,139.83790588378906,19415600
2019-08-09,139.42536734875688,139.48036887317258,137.53690707352362,138.07777404785156,19313200
2019-08-12,137.3352167358319,137.61940058598117,135.9784612634197,136.29014587402344,15963000
2019-08-13,135.9876023919697,139.1503152464477,135.37339552361877,137.75689697265625,21912600
2019-08-14,135.6300572764663,135.65755802832965,133.58575545496504,133.9066162109375,28235800
2019-08-15,134.4108642238422,134.456703492867,132.7332476924361,133.37496948242188,24202400
2019-08-16,133.970848039781,136.51019266141302,133.9433472739445,136.25350952148438,22783400
2019-08-19,137.8027666351308,138.32529510605397,137.46356725375173,137.6285858154297,17023400
2019-08-20,137.43606435888208,137.51856664435078,136.58351276601235,136.7301788330078,13324100
2019-08-21,138.07777893259433,138.10527969577507,137.31689184550572,137.85777282714844,13446100
2019-08-22,138.12364791603233,138.49951041127161,136.72105273934292,137.5369415283203,12979100
2019-08-23,136.79437411006273,137.61026278764842,132.86159680790044,133.31996154785156,36974600
2019-08-26,134.575868816687,134.80505114982574,133.57663720136532,134.78671264648438,19167100
2019-08-27,135.6392826617428,135.69428418539675,132.63239748292017,132.7882537841797,24546200
2019-08-28,132.5223589028961,135.11670398234222,132.2381751147611,134.3374786376953,20115500
2019-08-29,135.81346080535718,136.85853180638827,135.63929396200294,136.6935272216797,18786300
2019-08-30,137.40859853618127,137.48193858241729,135.7126431889093,136.44602966308594,18727100
2019-09-03,135.1717963941652,135.96936077420108,133.84254107835292,134.4475860595703,20688000
2019-09-04,135.68510867134216,136.00596954529453,134.92422161760427,135.52926635742188,13107500
2019-09-05,137.37189171904464,139.2603518460676,136.93185158189397,138.05026245117188,25666700
2019-09-06,138.1511108904247,138.6369763291319,137.35356082842983,137.417724609375,14645900
2019-09-09,138.03196185423167,139.56289837770635,137.56442087601778,139.2603759765625,25780100
2019-09-10,139.04948828473906,141.13046763423412,138.3252783197508,141.03880310058594,29576200
2019-09-11,141.65305874569958,144.07322427954904,140.77299219330737,143.92654418945312,42970500
2019-09-12,144.09155264478323,144.75159907964502,142.61563140892645,143.9632110595703,38648300
2019-09-13,144.70571973590404,145.68661277329915,144.04567354759888,144.21067810058594,31042800
2019-09-16,143.89898966037,145.5307665855506,143.65146884932992,144.7515411376953,23242600
2019-09-17,144.2565073733721,144.4490266600392,143.42228044477713,144.3756866455078,22986700
2019-09-18,144.36647163946702,144.38481013522045,142.15716549317185,143.48641967773438,19735700
2019-09-19,143.74314007962144,144.6782077719975,142.57889008928305,142.78973388671875,21531600
2019-09-20,142.67974770136547,143.6056392586787,141.58883759618882,142.4872283935547,22707200
2019-09-23,141.9647176033522,142.963949307391,141.68969598153197,142.3772430419922,14944600
2019-09-24,142.73049536247206,142.85928803421587,139.68545759404088,140.2282257080078,27576700
2019-09-25,140.09020796301192,142.003708694636,139.64863519028188,141.7645263671875,21917500
2019-09-26,141.59893965720232,141.59893965720232,139.78663399651245,140.18222045898438,20641600
2019-09-27,140.58698295799763,140.9549579116243,138.452688922398,139.0598602294922,20181900
2019-09-30,139.25309181425956,140.07184830972884,138.71951811512739,139.22549438476562,16905400
2019-10-01,139.933849404759,141.07459453160956,136.19884786200518,136.49322509765625,34093500
2019-10-02,135.81243087567628,135.81243087567628,134.18411295281183,135.4628448486328,24894600
2019-10-03,134.94772885380607,136.0976685788029,133.3286047371064,135.91368103027344,25362800
2019-10-04,136.14361483339275,137.30274856177678,135.34324755768858,137.20155334472656,18640400
2019-10-07,136.87040156636343,138.0571470228506,136.26323012524662,136.96240234375,15762800
2019-10-08,135.61926015730597,136.088430409378,134.41412583420853,134.73611450195312,18110600
2019-10-09,135.72966280129734,135.86766397378543,134.90171191576255,135.3524932861328,10929500
2019-10-10,135.54564710147508,136.61279418257124,135.32486773114175,135.89523315429688,16349000
2019-10-11,137.79954291020343,139.79585021946133,135.86765298771604,138.19512939453125,29236300
2019-10-14,137.90992609324243,138.13070545870997,137.16476766009907,137.6891326904297,10692600
2019-10-15,138.1491573374194,139.9522690055158,137.79957116851241,139.27149963378906,16801200
2019-10-16,139.10592092194182,140.0810676054693,139.0415175565934,139.418701171875,13119100
2019-10-17,140.09943186247298,141.221774008558,139.87865244838957,141.0653839111328,13175800
2019-10-18,140.68822188074495,141.21260114409424,139.32669714870627,140.3938446044922,14490200
2019-10-21,141.8289640679351,142.57412276286493,141.58978165886816,141.70936584472656,17450300
2019-10-22,141.85651415763004,142.63847852367286,141.4333443414751,141.86572265625,12471800
2019-10-23,141.9853629971451,142.3625466188637,141.25860722315048,142.04055786132812,8728000
2019-10-24,142.54650144713787,142.647696687354,141.1849769729691,141.838134765625,9091400
2019-10-25,141.58975489878006,143.08007200697378,141.58054639882738,142.59249877929688,10531500
2019-10-28,143.19968068958502,144.41400959768802,142.6017036801375,143.8252410888672,15392400
2019-10-29,143.52164829976232,144.74518564836666,143.38366117062748,144.29441833496094,11978300
2019-10-30,144.23920992805563,144.2576128911177,142.85008801984654,143.8160400390625,14451500
2019-10-31,143.6044466735582,143.6044466735582,141.8933361801679,143.0064697265625,17344200
2019-11-01,143.8804222719882,145.52714346997166,143.55844763966235,145.44435119628906,18421600
2019-11-04,146.6403397184851,146.91632811943145,145.78479111663995,146.2263641357422,16182000
2019-11-05,146.64026619956988,147.61542659899197,146.24469378517333,146.4102783203125,13760200
2019-11-06,146.26310650968873,146.26310650968873,145.17755634770853,145.56393432617188,16025500
2019-11-07,146.9530753065862,147.34864776115248,145.50874454025424,145.9503173828125,13448900
2019-11-08,145.60995258747897,146.5207098153835,145.30636684484415,146.34591674804688,11967400
2019-11-11,145.37995206276253,146.18030547292864,145.2419649359572,146.06991577148438,10508700
2019-11-12,146.20790776232238,147.08187305232312,145.8031408311118,146.1159210205078,14316900
2019-11-13,145.11317169563725,145.8123298642542,144.60719550378076,145.49034118652344,14514400
2019-11-14,145.28794707398123,146.1895097341269,145.15915441358146,145.44435119628906,13054000
2019-11-15,146.48388268825107,146.53907753577005,145.67433486239486,146.19869995117188,13119200
2019-11-18,146.01470649081432,146.03310945168553,145.29714542764458,145.83071899414062,10759500
2019-11-19,146.3734893798828,146.91625741688316,145.63752534398847,146.3734893798828,15203700
2019-11-20,145.85829334267774,146.82424509408833,144.6715482077795,145.8214874267578,21314300
2019-11-21,146.10671601595357,146.17110532684327,144.643982341953,145.1039581298828,15388300
2019-11-22,145.63752554571656,145.84911046872483,144.7543799312972,145.5547332763672,13482400
2019-11-25,146.29988804539698,148.87575509025208,146.17109539502155,148.64576721191406,24753000
2019-11-26,148.80212781729392,149.52888319248981,148.3789440285231,148.74693298339844,15496700
2019-11-27,149.3817855842298,149.88774787079637,149.1057972223336,149.79576110839844,13202500
2019-11-29,149.40935567172775,149.758927764623,148.72858637529202,148.82058715820312,9988200
2019-12-02,149.17010112323874,149.22530999388104,147.10941914757305,147.36700439453125,17190900
2019-12-03,146.1067128040216,146.9714554749481,145.44434656097602,146.89785766601562,14884400
2019-12-04,147.65225045786806,148.31461681655486,147.46826292208823,147.9098358154297,10833200
2019-12-05,148.54454942339697,148.71013393272568,147.6061950918357,148.05697631835938,11470700
2019-12-06,149.57493056147626,150.32929762797787,149.49213828462055,149.78652954101562,16486200
2019-12-09,149.72210566789246,150.0992891494443,149.39092256851572,149.50131225585938,13476700
2019-12-10,149.40933525057994,149.91531141273734,148.9769568972224,149.59332275390625,13704400
2019-12-11,149.8416781528541,150.02566561265076,148.98611611065164,149.5472869873047,19612200
2019-12-12,149.7221639718563,151.88405643984666,149.2621880456755,150.83531188964844,24857000
2019-12-13,150.62366654117517,151.61721592069964,149.53813042711047,150.2556915283203,23279600
2019-12-16,151.48093504024578,152.21037082505254,151.1854779026249,151.3147430419922,20115300
2019-12-17,151.5547779065262,152.07183837890625,151.14851208141582,152.07183837890625,12980000
2019-12-18,152.40426694809946,152.60739990135812,151.72101436790575,152.36734008789062,15379300
2019-12-19,152.6073941000301,153.02288818359375,152.2380691566054,153.02288818359375,11919800
2019-12-20,153.4107294010197,153.65080336587803,153.0137056727504,153.24453735351562,25449500
2019-12-23,153.49378174882827,153.6045764054686,152.68125002988603,153.54917907714844,13372100
2019-12-24,153.68770901832062,153.9185406672183,153.30914173280541,153.9000701904297,4334500
2019-12-26,154.03857763307576,154.1770709868761,153.60461300604044,153.9000701904297,9371200
2019-12-27,154.30633073358544,154.30633073358544,152.74590658756188,153.1429443359375,12261800
2019-12-30,153.2537476438117,153.4661229092738,151.95186782392145,152.75515747070312,14912700
2019-12-31,152.42275473286358,153.59538344369383,152.08112840396916,152.96751403808594,17362400
2020-01-02,153.9554762379535,153.96470443160229,151.63791754718955,153.06907653808594,18297500
2020-01-03,151.18550963492896,152.72746343846623,151.14856867944562,152.46893310546875,19295600
2020-01-06,151.28708333345602,152.84749360019444,151.00084022579202,152.6720733642578,17150900
2020-01-07,152.21038423219784,152.6628052154122,151.61945581606184,152.16421508789062,11817900
2020-01-08,152.1827107777638,153.2999281753428,152.0903724738503,152.6351318359375,13832400
2020-01-09,153.38302353940176,153.68772303439633,152.5889620312227,152.81979370117188,11895400
2020-01-10,152.85671335819703,152.98597851180216,151.61021687862652,152.247314453125,15353000
2020-01-13,152.29344794442983,153.3090984595935,151.4901585414339,153.23524475097656,17271100
2020-01-14,152.4781736748258,154.7403213165696,152.33043801859537,153.7985382080078,18323000
2020-01-15,153.4106805222417,155.0726709119875,153.40145232993652,154.53713989257812,15437200
2020-01-16,155.66364110392007,156.84549812344682,155.51590545426748,156.5315704345703,19976200
2020-01-17,157.22404401948398,157.48257432672594,155.7374877084201,156.10682678222656,18306400
2020-01-21,155.45126079102417,156.03296103444697,154.44483821815396,154.8141632080078,17935100
2020-01-22,155.29428565025552,155.6913092809767,154.36171687223222,154.71258544921875,14916300
2020-01-23,154.28789757433285,155.0911872968218,152.76440006238283,154.61105346679688,15954300
2020-01-24,155.12811103633834,155.12811103633834,151.63793729951263,152.70899963378906,20491400
2020-01-27,150.3637748103956,151.87803019677574,149.9667369607359,150.97315979003906,18539000
2020-01-28,151.8872554354868,152.71824390263393,150.9547004589018,152.2288818359375,16690400
2020-01-29,152.4411898751144,152.86591211710223,151.33318695602418,151.3608856201172,14944400
2020-01-30,150.3544632544912,151.5547903576107,149.51423287342334,151.3608856201172,21889700
2020-01-31,150.79767671996794,151.35166411514606,147.7599249276957,148.22158813476562,30439000
2020-02-03,149.20957813753193,150.4375900674895,149.10801165210177,149.87437438964844,17373200
2020-02-04,151.71176875523486,152.63509521746752,151.57327542143744,152.13650512695312,15994200
2020-02-05,153.71543337160392,154.6849292767252,152.98601143830868,154.48179626464844,17807000
2020-02-06,155.01732024781555,155.25738011960885,153.97395656065515,154.13092041015625,14768900
2020-02-07,153.53997797574482,153.60461760201622,151.7948912214176,152.23809814453125,18029600
2020-02-10,151.9425979222536,153.1706237878948,151.85027373082437,153.0967559814453,11428800
2020-02-11,154.00165243559843,155.08195706115126,153.5215327007385,154.15863037109375,15005600
2020-02-12,155.13730195653162,155.38658993459308,154.454035364916,155.22039794921875,12123000
2020-02-13,154.39868285466514,155.99603400719676,154.29711636006218,155.626708984375,12649300
2020-02-14,155.76518382203835,155.83905163558762,154.50945916939068,155.02651977539062,16006200
2020-02-18,154.65719545194443,155.17425606013575,153.66922929148646,154.69412231445312,13412100
2020-02-19,155.27579805385383,156.17142578351925,154.68486972499812,155.4881591796875,11084600
2020-02-20,155.02651449456644,156.14374576427994,153.81695902769496,155.8667449951172,20383800
2020-02-21,155.25733856730088,155.70054541193656,153.5768917367992,154.28785705566406,18729900
2020-02-24,149.44964989481088,154.2509455851507,148.74792672330273,149.6435546875,28239500
2020-02-25,150.0589969018769,150.28058620097747,144.00197851987488,144.32513427734375,45047000
2020-02-26,145.00843134323063,146.33802377303735,142.39541562692742,142.65394592285156,39465000
2020-02-27,139.7455144833033,143.12487980737936,137.40949884539737,137.63108825683594,50530300
2020-02-28,133.7438475624934,137.69568380816713,132.87591840864877,135.11036682128906,72036400
2020-03-02,136.62463512732305,139.63467470520484,134.24245086100058,139.45001220703125,33569300
2020-03-03,139.50538451319267,142.3769302243534,135.09188538127714,136.60614013671875,42941300
2020-03-04,138.75751918334691,140.7611361982596,137.1324694526537,140.49337768554688,36195800
2020-03-05,137.42790590366886,140.78881362953575,134.33477073896427,136.0244598388672,32729400
2020-03-06,131.76797394070175,134.78724243533372,130.1798507162246,133.32838439941406,39688300
2020-03-09,123.84580588865127,125.72938602233789,120.27252223575792,120.36486053466797,56320000
2020-03-10,124.3813318840748,124.46442789635027,118.20427470570735,124.12278747558594,54432700
2020-03-11,120.8819304735463,122.1284271602744,114.64947521760065,116.22836303710938,51354800
2020-03-12,107.81681963004031,110.70683574370763,103.0432238769063,103.38485717773438,70114300
2020-03-13,109.23875236703827,110.76224245080277,101.150417565113,110.309814453125,57915100
2020-03-16,100.29173510871274,102.7662506113964,93.65301478049766,95.67510223388672,59095700
2020-03-17,96.91235839192132,102.02758856437073,92.89588911976504,100.06090545654297,59344800
2020-03-18,95.14880980240844,98.59281410646611,88.87018604824384,92.30496215820312,62296700
2020-03-19,92.01872570493644,98.61127659021469,88.35311824003288,95.90592956542969,62654700
2020-03-20,97.9834072277384,100.42098853740562,92.7481408053554,93.62530517578125,76203700
2020-03-23,94.0869946355252,94.34552499127764,88.55626952820357,92.24034118652344,63534700
2020-03-24,97.29092792682557,100.94730047570285,92.26802888864768,100.67953491210938,73386700
2020-03-25,101.47667728942027,105.66624823053829,98.26960774286921,101.93085479736328,56043700
2020-03-26,103.38606267667569,109.00305462817977,103.0709141094932,108.27080535888672,51657600
2020-03-27,104.04415385091934,107.53855127406992,102.76503895961899,104.33148956298828,39931500
2020-03-30,104.96177875402951,106.83411402008372,102.70015564867184,106.63019561767578,41552100
2020-03-31,106.22236293678503,107.67759050759446,103.77535615620943,106.09259796142578,52948000
2020-04-01,100.75367910155933,102.31086600487451,97.81541794945898,98.8628158569336,54224200
2020-04-02,97.99151223628444,102.32011777385242,96.92557970418339,99.79895782470703,43774200
2020-04-03,98.79791194397455,100.1048396335878,95.09959623757635,96.97193145751953,42189200
2020-04-06,101.11515485678018,105.05446572457285,101.05027237241237,104.39636993408203,48708100
2020-04-07,108.3356786736082,109.96701876922882,104.17391466569282,104.66516876220703,57546100
2020-04-08,106.4818949512476,110.52316530360233,105.00813252896393,109.4386978149414,52822300
2020-04-09,113.00723479700974,115.5005889806219,112.46036918278138,114.67565155029297,69528600
2020-04-13,113.86924867521213,114.48100384054177,110.41192823294858,111.57054901123047,40198200
2020-04-14,114.84250493922308,115.7508597640357,112.43257488329924,113.83218383789062,35089700
2020-04-15,109.24404232351938,110.40266316347554,108.13176914582561,109.18843078613281,34809900
2020-04-16,109.45722617290909,109.76310377625724,106.18528200525891,108.36349487304688,49501300
2020-04-17,112.98870887261234,113.74876388191811,111.28321527145026,113.13700866699219,46250200
2020-04-20,110.84756712041641,113.91559984455664,110.33777820526267,111.80227661132812,36700500
2020-04-21,108.83621345561897,110.52316523865382,107.96493532921258,109.13282012939453,31608900
2020-04-22,111.52421513277456,112.1452342494762,110.08752236150512,110.45828247070312,24333800
2020-04-23,111.32955759802633,113.91560010943547,110.93099175422506,111.54273986816406,38571200
2020-04-24,112.64575975305785,114.3049057673224,111.3110261836694,113.46143341064453,27147500
2020-04-27,114.88886800058005,119.05064017586626,114.80545067392397,117.95690155029297,39021300
2020-04-28,121.53468809362735,121.8498437135902,117.97540823864334,119.671630859375,47292700
2020-04-29,123.73143140193196,126.8458045229328,122.23912732013324,125.55741882324219,50390500
2020-04-30,122.2576596448571,123.22164005878031,120.62632667025184,120.78389739990234,43727500
2020-05-01,117.8549161430143,118.142251855434,114.277094335813,115.99185180664062,43352000
2020-05-04,114.56444639640236,116.6963119270467,113.3131370943553,116.49239349365234,28498200
2020-05-05,118.707686019174,120.42243670063678,116.88169102691664,117.39148712158203,31209400
2020-05-06,118.17007665330942,118.82817256390443,115.86210549197456,116.52947235107422,29836800
2020-05-07,118.07738585064044,119.10624189107448,117.29879591283174,118.12373352050781,27493000
2020-05-08,120.64488904282389,123.04554832382156,119.74579802906726,122.6840591430664,32122900
2020-05-11,120.87662825155668,123.23094015699014,119.87557790129641,122.07231903076172,33983200
2020-05-12,122.59134145536623,122.61914722240668,117.56756348914008,117.68806457519531,44275300
2020-05-13,116.4645638375998,116.86312967432218,111.6076274404428,113.7487564086914,58719300
2020-05-14,111.19979613053152,114.2585509397726,108.61375353776793,114.11952209472656,55904300
2020-05-15,113.0906760005864,116.35334949386034,112.58087995242121,115.93624877929688,40236600
2020-05-18,121.84058039165778,123.6387624297695,121.26590890689644,122.98065948486328,46981100
2020-05-19,122.55429312293607,123.69437219978589,120.55219268798828,120.55219268798828,30270000
2020-05-20,123.02700734014167,125.11252512380484,122.70260194867654,124.20417022705078,35901300
2020-05-21,124.25050784409302,125.18666843743263,122.88796853752338,124.42662048339844,32716500
2020-05-22,124.82520295088912,125.17742829628412,123.29582873393838,125.02912139892578,24035200
2020-05-26,129.84893683112736,130.11774475613595,125.12177281979453,128.63470458984375,36971000
2020-05-27,131.220750845927,133.00965439145807,127.29070439809678,132.62962341308594,42682000
2020-05-28,134.15902424306898,134.15902424306898,127.52244093210066,129.48745727539062,42105000
2020-05-29,128.18982684175913,129.09818172134567,126.43799250232392,128.74595642089844,41536400
2020-06-01,129.079653408794,131.31347826654044,128.4771760988303,129.97874450683594,25567500
2020-06-02,130.7573706422263,131.4803491932276,129.35774707700295,131.05397033691406,24666200
2020-06-03,133.1672778652026,135.3918389435949,132.6482178565751,134.2146759033203,36111700
2020-06-04,133.32484685544782,134.9561944530578,132.71309150634409,134.02001953125,28904700
2020-06-05,139.83163683267978,141.1849122387568,138.61740441769987,139.2013397216797,53513400
2020-06-08,141.21271087454045,142.17667717150502,140.54534415228784,141.8986053466797,33834300
2020-06-09,139.83165645108545,140.67513596145594,138.16323932708983,139.2755126953125,39646000
2020-06-10,139.11796015005874,139.275530934721,135.23425965772253,135.49378967285156,51774500
2020-06-11,129.90458162988347,130.7202553445641,124.91788643389167,125.15887451171875,72041500
2020-06-12,130.07143835402442,130.71099945179702,124.34320839179152,128.1620330810547,63864900
2020-06-15,123.95458871022696,132.1202635866668,123.95458871022696,131.12513732910156,57354800
2020-06-16,136.42627811266027,136.42627811266027,131.16229814896747,134.2779083251953,48957000
2020-06-17,134.47320546129168,134.8452264495057,131.4320137078589,131.85052490234375,34811400
2020-06-18,130.54849860738304,133.28279310035643,130.0276833117981,131.80404663085938,26974100
2020-06-19,134.31513834425462,134.3988377676552,130.0555926625311,131.12513732910156,50293800
2020-06-22,130.42757535871715,132.5852402766653,129.11622801350615,132.43643188476562,28983200
2020-06-23,134.22207825105323,134.53828537933384,132.66891402154965,132.9944305419922,20344200
2020-06-24,131.22741363103586,131.69242925100247,126.77255604471151,128.6791229248047,42998700
2020-06-25,128.07460262604002,130.74378762532774,126.75394583558176,130.6228790283203,37191200
2020-06-26,129.7207228503853,130.0462393842314,126.93993917961167,127.10733795166016,39100100
2020-06-29,129.00464865880517,132.05515020623392,127.50729768896991,131.26461791992188,33935200
2020-06-30,130.82744697262345,133.57103533076105,130.7530427965642,133.1618194580078,32865900
2020-07-01,133.5989783262358,134.39880573858989,131.35761388389767,131.89703369140625,26457500
2020-07-02,134.44530260196342,135.1149261743627,131.96212110062837,132.43643188476562,24022400
2020-07-06,135.152120471703,135.50552262457677,132.92933261445984,133.39434814453125,19858200
2020-07-07,132.23180778415983,133.40365598866933,130.6507578385024,131.03207397460938,22661000
2020-07-08,130.91117710008797,132.52943637942934,129.36733620543234,132.0086212158203,27358900
2020-07-09,132.0830206667917,132.3899326324304,127.63747314841626,129.3394317626953,34647800
2020-07-10,129.40453309066686,131.59940716293852,128.7721187231195,131.42269897460938,24008200
2020-07-13,132.808450861286,134.51970476887257,129.63704123861314,129.75794982910156,34235500
2020-07-14,129.67424290780073,132.0458252969513,128.9395245067195,131.9063262939453,28114000
2020-07-15,135.24514180523224,137.4400161088106,134.6592175803194,136.74249267578125,40770100
2020-07-16,135.88681470879294,136.40762973968833,134.7428806808516,135.93331909179688,30530800
2020-07-17,136.41693607588846,137.26326766575426,135.32880154226658,136.33323669433594,20644100
2020-07-20,135.89615443625485,136.57508743004976,134.994023036741,135.7473602294922,19663300
2020-07-21,137.15168547245347,138.72344027934832,136.90057310555682,137.67250061035156,24503800
2020-07-22,136.7982516463644,138.26770227841027,136.74245205888042,137.74688720703125,24424800
2020-07-23,137.6260059867854,139.69067628082772,136.4355672467618,137.88641357421875,21704900
2020-07-24,136.9842620772269,137.33767840440868,135.37531239336536,135.8589324951172,20015500
2020-07-27,135.9612963274932,137.3563434653642,135.21726834906465,137.27264404296875,13370700
2020-07-28,136.77973416571936,137.68185162956502,135.84039330512897,135.90550231933594,13268000
2020-07-29,136.71458280418832,138.99315634602823,136.6959782071557,138.90016174316406,19864400
2020-07-30,136.84477928820792,138.68623694384618,136.09145634686266,138.35142517089844,23618900
2020-07-31,137.7748158717939,138.0352234620524,134.54760660200176,137.0493927001953,29881500
2020-08-03,137.91428644283332,139.4767458534794,136.9191606832786,139.28143310546875,20777100
2020-08-04,138.93732693410905,140.36956839301487,138.61181041605724,140.23936462402344,20285000
2020-08-05,141.63443329773997,143.12248876911016,141.1601225344257,143.02947998046875,18190200
2020-08-06,143.0388028440663,143.6340222504368,142.21107563534565,142.97369384765625,18237700
2020-08-07,142.7132947808535,145.31738516117187,142.43428256311387,145.24298095703125,20475200
2020-08-10,145.68936836889918,147.71684357733494,145.68936836889918,146.74960327148438,24000500
2020-08-11,148.1260636520367,148.6375836173035,145.23366623878152,145.90328979492188,30359400
2020-08-12,147.56801937011593,147.77262732860095,145.5405585702244,146.4984893798828,23378300
2020-08-13,146.0056012150125,147.43784299946606,145.6893798260308,146.1916046142578,15799900
2020-08-14,145.3452792703398,146.72172151514593,144.96396306073765,146.09860229492188,13360900
2020-08-17,146.47992188736637,146.97283731461593,145.77310324612094,146.8519287109375,9744200
2020-08-18,146.80540712096555,146.80540712096555,144.81514123887283,145.4475555419922,14670400
2020-08-19,145.94979407860404,146.9821293113128,145.26158005089846,145.45687866210938,14337300
2020-08-20,143.96882659186272,145.5405815248732,143.72700940761536,144.8616485595703,15413000
2020-08-21,144.29432482628502,144.82444938464664,142.8527879208783,143.7921142578125,20685100
2020-08-24,144.95464487220485,145.33596102134274,143.53169845337135,145.2987518310547,13707100
2020-08-25,145.83819487219782,145.84750426683192,143.95952781450748,145.45687866210938,16269700
2020-08-26,145.54987602601906,145.80098841185412,144.3222280874026,144.54544067382812,13772700
2020-08-27,145.19646735264257,146.01489935516437,143.81072993791364,144.89886474609375,17508400
2020-08-28,145.64288936237432,146.2008995591248,144.83375258080412,146.12649536132812,12371400
2020-08-31,146.19164345979434,146.35904230625084,144.43388461623363,144.55477905273438,17051500
2020-09-01,144.35942289311475,146.30318441104967,143.64329500029478,146.21018981933594,15638800
2020-09-02,146.90777175795537,147.8563936042912,145.25230274732937,147.37278747558594,16763400
2020-09-03,147.05648773527437,147.2145912921838,142.25753886872113,143.02015686035156,32117600
2020-09-04,144.81515874062032,144.98255753833092,138.84434618158733,142.1087646484375,30618800
2020-09-08,140.60216122940133,141.81120506811854,138.5746992864943,139.37452697753906,26447800
2020-09-09,140.834608330367,142.0901560423668,140.03479517567396,141.4856414794922,20160800
2020-09-10,142.13665578521028,143.11319128578629,139.56046564530845,139.6441650390625,23005500
2020-09-11,140.36031641239114,140.4812250176662,137.34701001353133,138.7141571044922,20851000
2020-09-14,140.0533884540368,142.69467353266958,139.84878046431106,142.36917114257812,21991300
2020-09-15,143.57819540607,143.8757979572134,142.16454426248364,142.63885498046875,16175500
2020-09-16,143.32712878719917,145.87541973938272,143.07601635465855,143.98745727539062,22178400
2020-09-17,141.94133760279524,143.5967917749091,141.1322151116913,142.9364776611328,20002900
2020-09-18,143.20619214627223,144.4245306791494,140.56490709273632,142.56446838378906,38352800
2020-09-21,139.33727338409955,139.7464751685926,136.09145956925533,137.57020568847656,40652500
2020-09-22,138.24913119260768,138.85365998287705,136.3053694046972,138.6304473876953,19385800
2020-09-23,138.5520688733094,139.50430648927252,134.41631825465618,134.50035095214844,33403400
2020-09-24,134.47233055615467,136.79694078505304,132.6518595312316,134.50035095214844,31723700
2020-09-25,133.91215342764443,137.09565123730007,133.82813500041064,136.68487548828125,20689300
2020-09-28,138.51466009450215,140.44716916199133,136.6755143207497,140.05506896972656,17600900
2020-09-29,139.89637520663297,140.2978060658726,138.16925383559212,139.4202423095703,18683800
2020-09-30,139.94307176315564,141.87558140504026,138.62674009974455,139.8403778076172,29073700
2020-10-01,140.79259962818054,142.09026974765754,139.5602866689007,142.07159423828125,25872000
2020-10-02,139.4855940482742,143.3786042719468,139.09349383638337,142.6970977783203,29452000
2020-10-05,144.2281671578305,146.86084417598587,144.21882228050225,146.6367950439453,18553600
2020-10-06,147.97180231810455,150.31507304987147,145.95527465314535,146.2166748046875,36348000
2020-10-07,148.0558328613078,149.89497894999025,147.93447765295585,149.40951538085938,27049700
2020-10-08,150.97789674465224,151.50069697307447,149.9136207810105,151.1085968017578,37278600
2020-10-09,152.4996705721291,152.8357585576391,151.06195531652008,151.89283752441406,25038100
2020-10-12,152.54630633562945,153.33052096928336,151.7994569629894,152.910400390625,20336200
2020-10-13,151.72480065427985,152.37830111353776,150.75387347603245,151.89283752441406,20106500
2020-10-14,152.18220402880667,153.02243089532482,150.24970930176698,150.38973999023438,19024900
2020-10-15,148.70934943804596,152.34096035480889,148.26123684225246,151.9395294189453,22865100
2020-10-16,152.36893115349903,152.82637423429162,151.52870428396773,151.56605529785156,17637900
2020-10-19,152.06084693949776,153.13445352491308,149.40014993009427,149.75491333007812,18360600
2020-10-20,150.82855931977164,151.65944151687904,149.68959528617614,150.08169555664062,18927700
2020-10-21,150.18435396733605,150.65114192819206,148.7093023016025,148.7933349609375,17504100
2020-10-22,149.5028658161699,151.41669953877388,148.60662655381867,151.36068725585938,20673900
2020-10-23,152.23826599121094,152.4809906561412,150.53915060097563,152.23826599121094,20889800
2020-10-26,150.23108225369387,150.65118869984428,146.92622873270264,148.95208740234375,26509900
2020-10-27,148.8586954762473,149.42817742566447,147.4490007959968,147.6730499267578,20523000
2020-10-28,144.3868591030175,145.11504720065204,142.87445638503632,143.12652587890625,32338700
2020-10-29,142.62240569394524,145.44179488196278,141.5954664233171,144.83497619628906,27203200
2020-10-30,144.06943590243355,144.9656607653166,141.33405118050092,142.92112731933594,31764500
2020-11-02,144.4895756291781,145.53517629288478,143.46263623072284,145.46983337402344,25252100
2020-11-03,147.9064826734372,150.52049909713233,147.56106400955113,149.5962677001953,30257400
2020-11-04,147.27162064473663,151.56607613659352,147.2342838709573,149.76426696777344,45226300
2020-11-05,151.2486601676705,154.5815337118028,151.15531110399104,153.95603942871094,31911000
2020-11-06,154.6188919779393,154.7029246657433,152.45300251332165,152.75173950195312,24930400
2020-11-09,165.19625195301614,166.26987278059036,158.08240818376274,158.2877960205078,55052700
2020-11-10,159.82819749647072,161.81671879989997,158.47451523745178,161.2285614013672,35492200
2020-11-11,161.82602358079333,161.95672362122937,159.51075961653953,161.16319274902344,23972600
2020-11-12,160.01496182962256,161.1726014954501,157.15822081460925,158.6892852783203,33986800
2020-11-13,159.96825068054844,162.56359077846196,159.9308996638256,161.97543334960938,25440400
2020-11-16,164.76685477299574,165.97116170154086,163.74924597441728,165.8311309814453,31812300
2020-11-17,164.34673603205312,166.92341527368308,162.7036471677932,166.6060028076172,26154500
2020-11-18,167.05413264059445,167.78232095935135,164.17871614680757,164.27207946777344,24377800
2020-11-19,163.98262426021458,165.79376404084277,163.4411626976719,165.53236389160156,20187600
2020-11-20,164.93490786569745,166.12055364505088,164.15070726551957,165.70977783203125,24898800
2020-11-23,167.34354357978165,169.90154764479777,166.8580799388877,168.80926513671875,24816000
2020-11-24,171.20849814824345,173.12233175345028,170.24691602988995,171.98336791992188,34945400
2020-11-25,171.31118422135293,172.06737845012185,169.80812639488738,171.39520263671875,21082700
2020-11-27,171.5165943469295,172.23545189955075,171.04980631838797,172.1234130859375,10384400
2020-11-30,171.60994146566512,172.07672945018243,168.3424255740438,168.9959259033203,25481600
2020-12-01,171.404588663358,171.9834013240444,168.9959604612799,170.56436157226562,30265000
2020-12-02,169.8641811169336,171.29255151602243,168.75322319647745,170.7417449951172,20142800
2020-12-03,171.16183227852883,172.87960881867187,170.7884075507552,171.70330810546875,19603600
2020-12-04,172.73025520493158,175.93241441235588,171.70331578973497,175.6990203857422,24415700
2020-12-07,175.7270357180409,176.3992116894555,174.9895168232829,175.86708068847656,14671500
2020-12-08,174.69071507335534,178.2943185598967,174.6533783058533,178.12628173828125,20165600
2020-12-09,179.26527786946517,180.00279668418545,175.4189348403996,176.82864379882812,29507600
2020-12-10,175.2882391112694,178.9198494814463,174.86813272561466,178.53709411621094,21245300
2020-12-11,177.37010910053453,178.98519158942946,175.79236338367795,177.65951538085938,30865000
2020-12-14,179.76848749761447,180.8548041963344,177.82058809105564,177.86740112304688,32237700
2020-12-15,179.58121780992042,182.5217942099441,178.61663478724896,182.31576538085938,26807000
2020-12-16,182.73715801478255,182.81207887204226,180.7049779893247,181.66018676757812,25494600
2020-12-17,182.3625803810647,183.90779649470883,181.7351341857163,183.82350158691406,23834200
2020-12-18,184.12319880024344,185.2657171187355,182.4281551133794,182.93385314941406,37033400
2020-12-21,179.7123242590993,183.3459079891906,179.31900039497015,182.8402099609375,30873000
2020-12-22,183.54257928476258,185.16270209248,182.98067987795994,184.91921997070312,21919700
2020-12-23,185.95865551987688,186.9700512168621,185.33119522070734,186.49244689941406,18392000
2020-12-24,187.23231129617696,187.24168533520142,185.48108076184005,186.37074279785156,8904900
2020-12-28,188.38420331588787,188.4029228145312,185.5466416948176,185.67774963378906,27168400
2020-12-29,186.02427693104045,186.36141372846873,181.15453430461764,182.08164978027344,33901300
2020-12-30,182.6622564398814,184.93791877438954,182.64352265116577,183.93588256835938,20595700
2020-12-31,184.13257090016705,184.3385997445127,182.25959179862224,183.60813903808594,24747700
2021-01-04,184.99411970959946,185.32189673305552,178.8132979119442,181.21070861816406,33664200
2021-01-05,180.82674575501832,185.06904185046713,180.80802625446577,184.0108184814453,27442900
2021-01-06,186.81090205001422,193.64727754768256,186.51123287179038,191.54017639160156,52952200
2021-01-07,192.64523402692808,195.27676686258326,192.63585998785146,194.94898986816406,24031400
2021-01-08,196.02597671258766,196.447394103235,191.66193248658914,194.527587890625,29017000
2021-01-11,192.06458240065044,194.90214376693643,191.82110033290667,194.35897827148438,20945100
2021-01-12,195.27674102101275,197.96446057667848,195.2486474868881,197.84271240234375,24892200
2021-01-13,198.0019452212927,198.28289489673188,195.90421812936077,196.42864990234375,22782200
2021-01-14,197.8240055431262,201.34520017870628,197.72099114819125,200.35252380371094,33913700
2021-01-15,197.42129937415305,200.3712491283231,195.03324889402268,197.3651123046875,41043500
2021-01-19,199.7906470924426,200.04350323399453,198.27353882251995,199.89366149902344,19744300
2021-01-20,200.7458780174406,202.2629863457565,199.53781292076215,200.7739715576172,25474200
2021-01-21,201.31711020105058,201.4950454581462,198.4889084544149,199.03207397460938,21180500
2021-01-22,197.12166786188757,201.65427333327378,196.24136549973926,201.34523010253906,24800200
2021-01-25,201.2796369822297,204.0703853652904,198.16114020996955,201.14852905273438,33985000
2021-01-26,202.56265724765916,202.92788753696826,199.25685085502462,199.75318908691406,23969800
2021-01-27,196.19455189303648,199.46290541969785,194.12490379323802,196.09153747558594,45830300
2021-01-28,197.44941847496506,198.88224609062976,194.44329555178382,195.4640655517578,32202500
2021-01-29,196.40990429694745,197.5898900048627,191.8304720187878,192.50474548339844,40591900
2021-02-01,194.94900281244784,198.13307544637183,192.69205985796276,197.23403930664062,26375100
2021-02-02,199.61272661884655,200.45557572328192,197.49626554180696,200.04351806640625,22773100
2021-02-03,200.1277503190234,201.10170714345043,198.1517574254732,200.642822265625,23923200
2021-02-04,201.42951439635743,204.9319901188652,201.4201546460535,204.73532104492188,25400800
2021-02-05,206.90796127507565,207.7507959823441,204.87578108069823,207.57286071777344,23338800
2021-02-08,209.5769211766646,212.89210109552374,209.21169094387758,212.8733673095703,20831500
2021-02-09,212.70484599167472,215.03669549608858,211.93691781019123,213.87545776367188,19510900
2021-02-10,215.31760892894155,215.69221320672983,210.66325616390114,212.47068786621094,27955400
2021-02-11,213.650686486007,214.4560679240344,209.2304554712095,212.2272186279297,25847600
2021-02-12,211.5810208599626,213.2760784976665,210.37295594945664,212.82655334472656,17440200
2021-02-16,214.89620147229715,215.0460431902823,210.51342410423464,211.4873809814453,22999500
2021-02-17,209.4083708850909,210.466608356385,206.926679980375,209.8297882080078,25042300
2021-02-18,208.2190566998842,208.74348849499597,205.45641573583086,206.5802001953125,24501500
2021-02-19,208.33140410473732,211.927519382477,208.0598142209716,210.8880157470703,31238200
2021-02-22,209.31469267159628,212.01178609808355,208.81835454654006,209.52072143554688,23272100
2021-02-23,206.9267079593475,208.81840629394455,201.86965653149315,207.67588806152344,38646800
2021-02-24,208.48130104188613,213.00454732640296,207.6291064034064,212.5831298828125,27584900
2021-02-25,212.38642872517678,213.13562311717854,204.16405278201256,204.7259521484375,49961400
2021-02-26,205.5781504905233,208.11602868083446,201.1672792706368,204.4449920654297,47734200
2021-03-01,209.28667004869874,212.3115414308044,208.7809720047397,211.71218872070312,26161000
2021-03-02,211.44993210341923,211.6091478739142,207.47922625357404,207.638427734375,26895400
2021-03-03,208.293962332325,210.0170993301281,205.28783948035348,205.39085388183594,33407600
2021-03-04,204.63226188845297,206.67381589422155,196.1289377415024,199.650146484375,59126500
2021-03-05,203.11514388928146,204.29511514787282,194.0499352087454,203.88307189941406,53204300
2021-03-08,205.42830559528966,208.1534930493373,203.84563629813428,204.84768676757812,40619700
2021-03-09,208.28461977557484,210.70076424548773,206.88924536571386,209.15554809570312,32247300
2021-03-10,211.27201527327077,214.42797999227255,210.8974109378276,212.78912353515625,36812000
2021-03-11,214.9711327718542,217.5277446917376,214.25939172170382,217.4715576171875,25256700
2021-03-12,217.25615755620234,219.27896358128842,216.67552447399996,218.75453186035156,23732200
2021-03-15,218.52041962987448,219.63484423319073,217.18124672988495,219.53182983398438,21497400
2021-03-16,219.15727154719957,219.2228183799894,214.5684645331814,215.86082458496094,24675000
2021-03-17,214.42796100607688,218.0334506083679,212.9202126274434,217.5558319091797,29422600
2021-03-18,216.14173857834697,218.13645111908738,210.34486738337682,210.9348602294922,35637200
2021-03-19,210.307441096457,214.08149240898226,208.79031848163936,212.52691650390625,40855600
2021-03-22,213.21990279682754,213.61324092541054,209.8672832715827,210.92550659179688,26128400
2021-03-23,208.98697450714042,209.64251421845387,202.30980062191196,203.27438354492188,43660700
2021-03-24,205.89658166434714,207.27322237000052,198.57322692871094,198.57322692871094,47270200
2021-03-25,196.41331204825156,204.088206856297,195.18420646040573,203.28131103515625,59244600
2021-03-26,205.43931928374286,207.05309684292504,202.6245680097505,206.9874267578125,34452600
2021-03-29,205.48620818739997,207.28764717812606,200.86064073958048,201.16087341308594,38078800
2021-03-30,201.15152662071745,205.17661501642138,199.97871348115066,204.54798889160156,36205400
2021-03-31,205.63635078918017,208.66689575438923,205.58943540305202,207.29705810546875,34800100
2021-04-01,208.66689731691343,210.07427301190134,208.31037187611463,209.92416381835938,29799200
2021-04-05,212.41992325424704,212.55127776134282,209.76468674056554,211.07823181152344,27826600
2021-04-06,211.10633364579692,212.69197906472013,210.0179597785809,210.4589385986328,24907800
2021-04-07,210.383900388332,210.51525488241143,206.35881214245316,207.0625,26233700
2021-04-08,208.14147513631278,209.0609708796928,205.84276441099396,208.8170166015625,23989400
2021-04-09,208.751352610149,209.31429430325002,207.578539520481,208.8451690673828,23267400
2021-04-12,208.9671659657098,209.1641905661237,206.79041779354512,208.02891540527344,20533900
2021-04-13,207.8037429852642,208.82644704006304,205.31738457276452,207.4847412109375,24608400
2021-04-14,208.16963093166385,212.04461002357283,208.10396084220022,209.5301055908203,27362000
2021-04-15,211.19075813810812,211.21890450198924,208.5355080516694,210.44015502929688,20587300
2021-04-16,211.48164192649526,211.74435090247823,209.2392239637055,210.7779541015625,23943000
2021-04-19,209.8960306438472,210.78736577672237,206.35882216612362,208.0382843017578,25285900
2021-04-20,207.13759496911874,207.93509941227282,201.94907014619014,203.77865600585938,35570800
2021-04-21,203.61914819288015,208.87334293641902,202.19300327943952,208.76075744628906,31147800
2021-04-22,209.4738218705366,211.41600746658088,207.14696441263092,207.89756774902344,31943700
2021-04-23,209.06096798914135,212.6544545426993,208.3103647807347,211.8194122314453,27999500
2021-04-26,212.98283351116635,214.5684789235518,212.74827091919371,214.0242919921875,19069200
2021-04-27,214.58726176909215,215.22526518842437,213.46134980181003,214.3433074951172,19648100
2021-04-28,213.9961481228839,215.31908459301806,213.0766667602628,214.70921325683594,16222700
2021-04-29,216.59514024845322,216.6889567113707,211.84758054794122,213.9117431640625,25500300
2021-04-30,211.78192353291848,213.73348647085254,210.29948588824067,211.003173828125,27006000
2021-05-03,213.1799146236715,213.36756187111408,211.03131283823734,212.03524780273438,18693400
2021-05-04,210.73105798857836,212.1759573904622,207.31582690392352,209.50193786621094,26892700
2021-05-05,210.4308161151649,210.67475608554443,207.69112643668132,208.66690063476562,25139500
2021-05-06,208.90146180503632,209.05158531648968,205.13908256734516,208.8451690673828,27647300
2021-05-07,208.91085498256066,211.9789237393835,208.4417297433022,211.47227478027344,26172700
2021-05-10,211.3221474805835,211.7349799743831,206.03041544924486,206.09609985351562,28109100
2021-05-11,201.64882105908487,206.7810530837635,201.17969575018603,205.43936157226562,39519500
2021-05-12,203.69415536949722,205.26103172568548,198.47747143195573,198.76834106445312,42113400
2021-05-13,200.13820260599564,204.01318157304115,198.7214495704983,202.4275360107422,37739900
2021-05-14,204.48230301802843,207.7380331875071,202.36184786275018,207.3721160888672,25070400
2021-05-17,206.20866611821668,207.71924979350146,204.444750833233,207.65357971191406,20048500
2021-05-18,207.71926985658357,209.455038943317,205.9178306819198,206.07733154296875,24564500
2021-05-19,202.69022967860533,204.68870758145846,200.8324979235468,204.49166870117188,31202800
2021-05-20,204.7919594245982,206.2931517723289,202.97175099702076,205.8521728515625,24932800
2021-05-21,207.6629687855853,208.638742930657,205.80523694822963,206.38694763183594,24213700
2021-05-24,207.52225194440942,208.71383416399314,206.41512315579885,207.72866821289062,18324200
2021-05-25,208.5073842775859,209.89600519012788,205.65510933496248,205.7207794189453,20514900
2021-05-26,206.53707521702444,209.87724451345053,206.52768354996434,209.55824279785156,20388200
2021-05-27,211.14385323518647,212.3823505736566,210.3369573585795,211.7161865234375,21225700
2021-05-28,213.05792271981983,213.1517391787623,211.15327537283528,211.5754852294922,20668400
2021-06-01,213.41442959921713,214.4464963879383,212.00705408286308,213.9773712158203,23081500
2021-06-02,214.7748998338575,214.7842771837777,212.82333730809552,214.230712890625,18927500
2021-06-03,212.8139837139324,213.56457265514888,210.20563417190965,212.4386749267578,24811500
2021-06-04,213.50829307978958,213.97741835525636,212.24166342596962,213.35816955566406,19395800
2021-06-07,213.81792937939707,216.52947304984048,213.21744956604323,216.2198486328125,24049900
2021-06-08,216.93288617902672,219.06270432716568,215.7788278530552,218.50914001464844,27770300
2021-06-09,219.1190188742172,219.21284965230126,216.7170998475596,217.05487060546875,18700600
2021-06-10,217.7003681373422,218.1701980212761,214.90959181779934,215.4451904296875,29069000
2021-06-11,216.4036895675942,217.8131794939944,216.18757179353992,217.71920776367188,16707200
2021-06-14,218.2924163441402,219.2696707915399,216.2533558269881,217.08026123046875,19182800
2021-06-15,217.1742041529248,217.50309087231543,214.69350244591584,216.46006774902344,17039900
2021-06-16,215.8398933139375,216.76075607445296,213.90419606021035,215.9996337890625,24527000
2021-06-17,215.40765048323138,216.3097159991412,210.9724544054684,213.57530212402344,48292500
2021-06-18,210.20189724416318,212.11881129148924,207.7869789811971,208.7266387939453,54023700
2021-06-21,210.53080891138077,213.77263278266827,209.8072667549945,213.19004821777344,26736400
2021-06-22,212.6168713875258,214.62774320618004,211.16039552557712,214.1579132080078,21188500
2021-06-23,214.23306995610483,216.08420114238464,214.23306995610483,214.86264038085938,22387500
2021-06-24,216.23451840077635,217.9165175484269,214.91900035630496,217.89772033691406,21732500
2021-06-25,218.2736126295938,219.32604156761482,217.76620254406873,218.26422119140625,27619000
2021-06-28,218.22660787618622,218.55548021956312,214.96598706233357,216.53521728515625,25006000
2021-06-29,217.2775588445124,217.74738880355574,214.96600347533987,215.50160217285156,18844300
2021-06-30,214.85321367507993,216.4224582034297,214.01691700270214,215.52976989746094,26039000
2021-07-01,216.88286732170238,217.8601215032699,215.84925018658953,217.42787170410156,18089100
2021-07-02,218.0011296790002,218.0763042029067,214.76869684139209,215.36068725585938,21029700
2021-07-06,215.52036125546218,215.61433296587413,210.36162405615738,212.23155212402344,27771300
2021-07-07,211.93087892948125,212.99269916153756,208.41656022258474,210.25828552246094,28521500
2021-07-08,206.07681468392343,210.55899651530495,204.70491923055786,208.32260131835938,42297900
2021-07-09,210.63415358902026,212.78596831809298,209.86362563643345,212.72019958496094,23976400
2021-07-12,211.949707416497,213.19945693771794,211.00065597770836,212.89877319335938,16831000
2021-07-13,211.63961039581383,212.1188461554482,208.81123905627467,208.88641357421875,25357500
2021-07-14,210.2113566645565,210.82212996348372,205.3627073522642,205.66339111328125,30594100
2021-07-15,204.68611331242425,205.84189094977705,201.9704968336565,204.49818420410156,45477000
2021-07-16,206.56544933692155,206.6124352022199,201.52887141170118,201.9799041748047,36620200
2021-07-19,197.9205757942935,201.51006927381994,196.435911383198,198.95419311523438,58571000
2021-07-20,199.39583063726081,206.03923310332195,198.51254802509862,205.1277618408203,40794600
2021-07-21,206.20836052038925,208.81122243700784,206.12379457121023,208.66087341308594,28278700
2021-07-22,208.10648987084744,208.5387254176902,204.45121324594353,205.34388732910156,32879000
2021-07-23,206.6030060831003,206.6781805914694,203.82162096380065,206.3023223876953,23660300
2021-07-26,207.09166142729035,208.6515004277607,205.92647789596185,206.9037322998047,22194200
2021-07-27,205.7949268461601,205.86070992696762,202.38397087216273,204.48880004882812,35063600
2021-07-28,205.78552432823878,209.15890003019896,204.2820627075066,207.49571228027344,33043700
2021-07-29,209.34683751584413,210.89728506258402,208.736064273175,209.0931396484375,22634800
2021-07-30,208.27556394290482,210.5307557951372,206.98823475955953,207.71177673339844,28473000
2021-08-02,209.0461854021816,211.00068014765594,206.3869455756116,206.67823791503906,24192600
2021-08-03,207.30772540407088,207.77755526988597,204.00013347214272,207.5332489013672,27798600
2021-08-04,205.8794872008477,207.85276436285068,204.7424924275894,204.94921875,25588500
2021-08-05,205.87008797689845,209.01795443717387,205.48482396941208,208.6326904296875,23915200
2021-08-06,210.248907417695,211.6208172117199,208.7360543706861,209.91062927246094,24429200
2021-08-09,209.4689733649393,209.72268554070237,207.86216304060684,208.7548370361328,17225600
2021-08-10,209.2058845315002,209.7508890070137,207.84338051175268,209.16830444335938,22681600
2021-08-11,209.56298017086746,210.23013075095736,207.16684426945156,210.1925506591797,25691300
2021-08-12,210.25832171305734,210.33349623551211,208.33203013519133,209.6945343017578,23269500
2021-08-13,209.52538019795472,209.82607827651685,207.38295657145693,207.78701782226562,20813700
2021-08-16,206.50904686157781,206.96947100638883,204.51695825272103,205.85128784179688,24074400
2021-08-17,203.5866974354213,204.31963093859045,200.85228395309827,203.34237670898438,35161500
2021-08-18,203.0605068816475,204.88343501454835,201.43488495720234,201.56643676757812,29102300
2021-08-19,199.61195924010332,201.15301534538088,197.96755430335162,199.1515350341797,38119900
2021-08-20,199.30189786893183,202.9853634617251,198.6629215934684,202.51553344726562,31759500
2021-08-23,204.35724652129386,206.66881635919108,204.31966643119821,206.3681182861328,25778800
2021-08-24,207.0258707238979,208.5293179223738,206.43388041394556,208.39776611328125,18677900
2021-08-25,208.38841217794854,210.4556614091713,207.52392665718534,209.1307373046875,21548000
2021-08-26,208.7360282510369,209.69448526561143,206.48085045705415,206.9130859375,22380300
2021-08-27,207.33597745887343,213.3310129683278,207.2608172748579,212.74842834472656,33998500
2021-08-30,213.5377137680392,213.63168549392512,211.404681765465,211.87451171875,20733300
2021-08-31,211.6489715887894,212.93630088448683,210.79387775763016,212.28793334960938,20839800
2021-09-01,213.1430544524849,214.46797833779627,211.30131476034234,213.71624755859375,20451500
2021-09-02,214.55256006884585,215.97144144463306,213.8666123137247,215.200927734375,22810100
2021-09-03,214.47737482635898,215.1539311097683,213.48133761413757,214.2048797607422,18213100
2021-09-07,213.97936370454264,215.18212728643408,212.5980624391079,212.7296142578125,19153400
2021-09-08,211.99667317416313,212.33495131577357,209.19649065298762,210.4086456298828,25241500
2021-09-09,210.0515704018947,212.63563515967533,209.50658027048468,210.30528259277344,27180500
2021-09-10,211.5738098185151,211.6959558459809,208.1534486261219,208.24740600585938,24366100
2021-09-13,209.74148596214815,209.90122641953337,206.96008643725906,209.431396484375,34693100
2021-09-14,210.24890085607746,210.2676980685795,205.8512994433512,206.76275634765625,30312600
2021-09-15,206.74397915636575,209.29985528016564,206.21777189641972,208.6326904296875,27572000
2021-09-16,208.8488040154608,209.863638427073,206.96948421723198,208.7830352783203,22369000
2021-09-17,208.24740346077382,209.57232724009796,207.3265408574029,209.05551147460938,39957600
2021-09-20,204.32906901737638,205.7761534812938,201.29397115947552,204.0847625732422,44958500
2021-09-21,205.5693960173067,206.05800883162578,202.79740223817882,204.3948211669922,26711200
2021-09-22,205.6727591816727,209.12130922169484,205.66335340650397,207.57086181640625,32100300
2021-09-23,208.77362402403287,212.03424493543582,208.19103949005404,211.24493408203125,31057800
2021-09-24,210.19781543147587,211.46077076066095,209.0856502207916,210.22608947753906,28866000
2021-09-27,210.7633280133692,214.5899026303973,210.6785058682256,213.42120361328125,29743200
2021-09-28,212.45044399886015,212.6295225773696,208.152615640678,208.5673065185547,39938200
2021-09-29,209.49094504188238,209.8585220389254,207.51167543841427,208.1243133544922,23628900
2021-09-30,209.34955182090826,209.81138521114204,206.03193909523742,206.17330932617188,33153600
2021-10-01,207.3043090050285,210.65021007264056,205.22137762126587,209.50035095214844,32647000
2021-10-04,209.3684135754137,209.53807224019954,206.34296109006488,207.59649658203125,32580200
2021-10-05,208.25627233752817,210.23552764155258,207.23836344623993,208.3128204345703,20407600
2021-10-06,206.18274468038823,207.53995652519984,204.29773142515208,207.2289276123047,32893300
2021-10-07,208.79347889437125,212.01684963170368,208.64267439190323,210.42401123046875,24289300
2021-10-08,210.5465566568705,211.22516258471853,208.76521969164688,208.8406219482422,17989600
2021-10-11,209.07624506949713,210.69735760509292,207.5870828853331,207.6436309814453,15929800
2021-10-12,208.15259515913885,209.6794512989103,207.69076173271583,208.78407287597656,18800600
2021-10-13,209.1328153694846,209.89624351107312,207.1912538287752,209.7737274169922,19676200
2021-10-14,211.82833895711408,213.00647209925597,211.42306805934115,212.88394165039062,18160000
2021-10-15,214.87262831348806,215.27791358775926,212.12051105324522,212.2147674560547,27555300
2021-10-18,211.00839300461692,212.70489346619712,210.8670083784785,212.09226989746094,19082600
2021-10-19,212.98761794215943,213.83588243340645,211.6963886204545,212.88394165039062,15498400
2021-10-20,212.97821078791225,214.87264381639793,212.17707445075416,214.29771423339844,18130500
2021-10-21,214.1280909828891,215.8434456304818,213.59085528206768,214.84439086914062,17851600
2021-10-22,214.7029956816362,215.25907109642682,212.71430627925005,214.33541870117188,16887000
2021-10-25,214.6935713645407,216.7576631126447,214.21289817749965,216.37124633789062,16387100
2021-10-26,216.80478381533922,217.45511564568744,214.70299820396727,214.74069213867188,25290200
2021-10-27,214.11864260838271,214.3825576875236,210.6502252215066,210.79159545898438,27088500
2021-10-28,211.8754686820919,215.13653318933717,211.84719463699793,214.9951629638672,22890600
2021-10-29,214.70301774667928,215.67379844566017,213.91131561224032,214.9386444091797,20777700
2021-11-01,216.06963769116447,220.71618831832328,215.7303347404676,220.50885009765625,35500800
2021-11-02,220.9047351313447,221.347714451286,219.2741881104919,220.970703125,24949700
2021-11-03,220.68790957288195,226.02250025802195,220.47113708667922,224.91976928710938,47648500
2021-11-04,225.71148520602443,227.0875512227144,223.90187419033631,224.8349609375,26514000
2021-11-05,227.30429761808034,229.4060831485695,226.3900651354556,227.90750122070312,42041700
2021-11-08,229.7265757242067,230.40518166177,228.02062660964518,228.61441040039062,31324500
2021-11-09,228.08659779045894,228.58612513923134,225.76802522059262,227.28546142578125,29895900
2021-11-10,226.2769725511828,227.67187820788922,222.72371885753367,223.7039337158203,32471600
2021-11-11,224.60874149549153,226.55973702544156,223.99611796914027,225.50411987304688,17987500
2021-11-12,226.1261824683815,226.39951743689969,225.0140315799542,225.73033142089844,20526700
2021-11-15,226.73882836941027,226.9178925498165,223.89245430131808,224.8349609375,27390000
2021-11-16,224.09038597923706,225.60782232906888,223.3269578595317,225.2496795654297,21925200
2021-11-17,224.37310255716793,224.43908491748792,221.61156532337455,222.29959106445312,26527800
2021-11-18,223.2986473496836,223.44003195934724,219.65115164819528,221.35708618164062,30637300
2021-11-19,219.85854575487704,220.94242272610018,219.02913524238627,219.3401641845703,33994000
2021-11-22,220.7538745711161,222.18648848436692,218.30335190751666,218.4070281982422,31042100
2021-11-23,218.08659264830177,219.60402878728544,215.47584544662618,218.03004455566406,33843800
2021-11-24,216.2016093389858,218.65213248893545,215.40047289878783,218.2657012939453,24099300
2021-11-26,212.0263025237872,213.16672751778137,207.01216023765062,210.03761291503906,62595400
2021-11-29,213.2138324548186,213.71335977477477,208.52015387225455,209.9056396484375,45982400
2021-11-30,207.97350981948574,209.1045148632487,203.4683294217482,205.6266632080078,64908400
2021-12-01,210.33919075970513,211.31940565201538,200.89527084497396,200.9989471435547,69120100
2021-12-02,202.04511488541817,207.29488302166874,201.52674781284722,206.6068572998047,64315700
2021-12-03,207.62479046999988,207.70962700125446,200.48060248235998,202.36561584472656,64425200
2021-12-06,204.09038382045622,208.0017950498774,201.42310265462913,206.4278106689453,43878300
2021-12-07,209.36840954884036,213.04417943089956,209.21760504559973,211.21572875976562,44679200
2021-12-08,211.6869800097968,213.51543066334074,210.23551184770983,212.6577606201172,36546400
2021-12-09,211.07431237240576,212.8273749095441,207.80381390590836,207.84152221679688,34830300
2021-12-10,209.42496588935776,210.03760381483272,205.76805002157113,207.26663208007812,32924600
2021-12-13,206.45928011769226,207.08322755729557,203.01813512151128,204.23765563964844,33478400
2021-12-14,202.85743510544035,205.63682437460892,201.65681152875115,202.47927856445312,36543500
2021-12-15,202.50763616303186,206.24184334182252,199.5486245849977,205.6935272216797,51261000
2021-12-16,207.46139277455842,207.8868062852665,200.6547333276358,201.53392028808594,52743800
2021-12-17,200.6074364874454,205.47609883138628,198.81123992572495,203.38682556152344,62620900
2021-12-20,200.50345463843348,201.30702464720994,197.35537183109983,200.5318145751953,49993000
2021-12-21,202.4982050009669,206.4593067069555,200.4751142386842,206.26077270507812,38545300
2021-12-22,205.96771849939492,208.31224604405605,205.26815406325457,208.24606323242188,32442000
2021-12-23,208.9739900127896,210.62838710608779,208.30277113070727,209.90989685058594,22125400
2021-12-27,210.19349431926,211.9897053931263,208.54856028369014,211.87625122070312,24196700
2021-12-28,211.56427860379483,213.3982981279875,210.20295835432506,210.5811004638672,23120300
2021-12-29,210.55272955394088,211.28066822332957,209.17248351816974,210.8079833984375,19444400
2021-12-30,210.76074466836997,213.11470622873088,210.5338507242154,210.75128173828125,23607700
2021-12-31,210.33532347893126,211.87626638140605,210.24078073267978,210.29750061035156,23997400
2022-01-03,211.4886506979891,214.3058482152602,210.56217805506958,213.0106964111328,30618800
2022-01-04,213.65352049190028,214.7217927104221,211.17665686155206,212.68923950195312,22013100
2022-01-05,212.58528666808374,213.5684792658523,205.44775674341608,205.48556518554688,40582100
2022-01-06,205.92044964954079,208.3784023895472,204.02971011482913,206.6578369140625,39105900
2022-01-07,206.6578057249382,208.3405625028514,204.1336561328727,204.26602172851562,31583900
2022-01-10,203.03703540602731,203.62315994882084,199.57697916750735,203.55699157714844,45778100
2022-01-11,203.70823619925758,205.9298605165792,201.32591520707746,205.7218780517578,35209900
2022-01-12,206.58216783122572,207.39518625951152,202.91412918846717,204.1903839111328,35284500
2022-01-13,204.96558023998054,206.27019490131886,201.72296944284517,202.31854248046875,34489600
2022-01-14,200.4089076118636,202.68723739511492,199.0759330077322,202.60215759277344,42020900
2022-01-18,200.6074418885777,200.8343358033528,196.19256724310367,196.47618103027344,49434400
2022-01-19,197.40261943557562,198.0171183168951,193.21463912570448,193.2808074951172,46209100
2022-01-20,194.16005634164824,197.57284193535384,189.38593591247474,189.78298950195312,50466000
2022-01-21,188.84704192110183,191.9289563073736,186.22837829589844,186.22837829589844,85821000
2022-01-24,183.46792000737292,191.33338907066874,180.78305887079784,190.52037048339844,85782000
2022-01-25,187.63694604481358,190.68103717902895,183.93109910428936,187.97727966308594,61088500
2022-01-26,190.75664757304324,192.42995554829957,183.13697206989318,185.26405334472656,71471700
2022-01-27,186.83339877793458,188.70522654802073,180.1874516398996,181.05718994140625,59829000
2022-01-28,181.227339755231,184.64012440595485,177.8145551045071,184.58340454101562,65870000
2022-01-31,183.77042718998393,190.2462158203125,183.25993386633596,190.2462158203125,53393800
2022-02-01,190.6432104819297,192.4488696288317,187.15479483509404,192.25033569335938,43429400
2022-02-02,192.4961859173638,192.76088829615105,188.40273312549272,190.3407440185547,42777800
2022-02-03,187.97730834609106,190.2462042891771,186.285102924235,186.73887634277344,39629400
2022-02-04,186.27564356132052,189.16848702602837,184.27146436797526,187.54244995117188,34291100
2022-02-07,187.58970127223114,190.17057092046002,187.1737507244446,188.46890258789062,33242600
2022-02-08,188.57289134303403,192.02348490714058,188.4689001011603,191.6831512451172,28341900
2022-02-09,193.39426729157353,195.36062337857356,193.139013458809,195.32281494140625,27329300
2022-02-10,191.81546590230795,197.62949698613377,191.07807884585296,192.3259735107422,44788100
2022-02-11,192.52447241314374,194.80281612768957,188.78081766971664,190.3784942626953,41516600
2022-02-14,190.61489435784964,192.4110909907338,188.35546138586741,189.71678161621094,32262700
2022-02-15,191.70204532760644,195.03919884407176,191.56024565842898,194.8028564453125,25847500
2022-02-16,194.08440410080624,195.94678358114962,192.93105190205966,195.2093963623047,30104800
2022-02-17,193.37535266358563,193.829126028069,189.8113052675761,190.20835876464844,27140200
2022-02-18,190.04766562821192,191.64534269554278,187.90167241542332,188.57289123535156,36255400
2022-02-22,187.63694694055414,189.4993261348248,184.67795001567723,185.9163818359375,31847100
2022-02-23,187.41009277257598,188.0340258056052,182.0309369217308,182.43743896484375,31491500
2022-02-24,178.03201361441512,187.6369579824775,177.65385711161227,187.2209930419922,52221100
2022-02-25,187.8355064516404,191.55080241789972,186.2378293637876,191.43736267089844,33656200
2022-02-28,189.5182457884486,193.42262687151472,189.50879728547295,192.21255493164062,34975900
2022-03-01,191.58860143645003,192.65685924653724,186.99410472722275,188.59178161621094,40638900
2022-03-02,189.86805539127377,194.0844107847947,189.7262557001498,193.0823211669922,29978600
2022-03-03,193.88585826030436,193.90476969237915,189.34808105049413,190.7945098876953,30142700
2022-03-04,188.79032228554098,189.88695457682138,186.21891560090944,187.80714416503906,31610400
2022-03-07,188.33655740319563,188.68633958470403,183.09920105874417,183.13702392578125,39279800
2022-03-08,183.72310041498963,188.66739315821903,182.89118508564326,184.1485137939453,45715800
2022-03-09,187.3911488697303,190.01927500180943,186.8239213832293,189.33860778808594,29048000
2022-03-10,186.62541848363492,189.1117307529518,185.82184854371553,188.998291015625,25661000
2022-03-11,189.81130900692028,190.73776718500727,185.70840836448235,185.98255920410156,24990000
2022-03-14,186.46471326293553,186.65378430617648,181.3975314080202,182.18218994140625,34969500
2022-03-15,182.89120744714032,185.093905900302,182.34289135326134,185.08445739746094,25464300
2022-03-16,186.74830873473894,190.90794372558594,185.4342455375049,190.90794372558594,31869700
2022-03-17,189.8018690698548,193.99931263273876,189.35754417940203,193.90476989746094,25783100
2022-03-18,193.05394843495137,196.11693696182215,192.85541445533735,195.94677734375,37092200
2022-03-21,195.88055038866378,196.8070084259042,192.79865112385562,194.21670532226562,26747500
2022-03-22,195.03922282345144,197.3837356683383,194.55708946377624,196.16421508789062,24699900
2022-03-23,194.8879768069125,195.880617973329,192.6190950767018,192.76089477539062,19775000
2022-03-24,193.5944569921985,195.0342330989886,192.0315221707101,194.97740173339844,19781200
2022-03-25,195.21419906470493,195.71622870730863,193.65127877411618,195.24261474609375,19430400
2022-03-28,194.7500684328132,195.32787804897737,192.3156857119662,195.30892944335938,18999100
2022-03-29,197.02340625084912,201.04912488818618,196.90974352622533,200.53762817382812,29550600
2022-03-30,200.21556741872698,200.56605158908377,195.70676757432236,196.5119171142578,26251500
2022-03-31,196.19932930089556,197.88539389038874,194.32380755914807,194.43748474121094,26771600
2022-04-01,195.29944345627328,196.75818253099087,194.19118853650912,196.61610412597656,25948500
2022-04-04,196.90025891794704,197.43070422929833,195.0152846475059,196.9381561279297,20333900
2022-04-05,196.9855254526677,198.38741873332197,191.8231217035534,192.27780151367188,26509800
2022-04-06,190.64854664696918,191.15057623335917,188.19521561788378,189.5497589111328,34903900
2022-04-07,189.54978968923004,190.61068039068593,186.30079023569368,188.93409729003906,29291200
2022-04-08,188.70674195227355,189.7392168865317,187.07750882043936,187.427978515625,25249600
2022-04-11,186.7175457327904,188.73514564131906,185.54299247066453,186.16815185546875,33702300
2022-04-12,188.21418730301818,191.03692249496348,186.05450877313368,186.75546264648438,33699800
2022-04-13,187.2480147179122,190.81906814593495,187.18171627708207,190.3075714111328,22303600
2022-04-14,190.49699862853575,191.69050054844143,188.37520298404195,188.46046447753906,27107000
2022-04-18,187.98689045484284,188.66888137277374,186.15873275102828,187.1912078857422,22246400
2022-04-19,187.41850804204887,191.56737076226187,187.2574810376249,190.92324829101562,22786700
2022-04-20,192.3346389501554,193.11135835658757,191.20743537232866,191.6526336669922,20516200
2022-04-21,193.45236321214983,193.99229008981308,186.62285767964693,187.3616943359375,31547700
2022-04-22,186.48074310227997,186.95435702956044,182.14243779396477,182.51185607910156,35686900
2022-04-25,180.91107513363372,183.8664217739179,179.22501050387652,183.62014770507812,35556500
2022-04-26,182.17087068153333,182.5402889722562,177.5862768114351,177.8325653076172,40513600
2022-04-27,177.76627377370832,179.76492539528923,176.43067884928772,177.09375,37808000
2022-04-28,179.18710083099742,181.29941500951938,174.9624724739535,180.39955139160156,37405200
2022-04-29,179.58494112718083,181.6120083344468,174.77302147225333,175.18980407714844,41193400
2022-05-02,175.14241624048535,177.90833416406502,172.75541256648273,177.02740478515625,38002100
2022-05-03,177.05582933526534,179.5091460165872,175.88126158904694,178.54298400878906,30246300
2022-05-04,179.07343117120968,183.6958933343789,175.89074495951846,183.3075408935547,38834700
2022-05-05,181.42259873281887,181.45101441983155,173.7026954185573,175.87184143066406,41468700
2022-05-06,175.19929245750907,175.63500923162695,171.0220136226751,172.94488525390625,45457900
2022-05-09,170.36843879347967,173.01119871113633,164.91241039217553,165.67018127441406,53682200
2022-05-10,168.19929187656084,169.46857399546542,162.16543936604472,165.71754455566406,53650800
2022-05-11,165.8879860770312,168.78650042775834,161.31287470740506,161.5970458984375,64377800
2022-05-12,160.8677362295611,165.13972939272543,159.98680665588844,163.49156188964844,52967400
2022-05-13,165.80278319409237,169.94217939333444,165.77436751030223,168.6728973388672,36517000
2022-05-16,168.13291363484123,169.97053765136144,166.8446834085676,167.86769104003906,28225500
2022-05-17,170.8893796697694,173.19113640463473,169.54431785890796,173.00169372558594,31833700
2022-05-18,170.9462387878473,171.83663542287186,165.85962903895236,166.93946838378906,36093800
2022-05-19,165.6607037680154,169.37383578072695,165.6607037680154,167.2141571044922,33627700
2022-05-20,169.0801773184273,169.52537558025566,162.72427185630684,166.7878875732422,42243700
2022-05-23,168.4929092636591,169.51591716521816,166.23850215910016,168.8054962158203,24644100
2022-05-24,167.25202212592123,167.59301026369698,163.23577098959683,166.30479431152344,26861800
2022-05-25,165.6512160080752,170.29262683104895,165.58490311887968,169.29803466796875,27950100
2022-05-26,170.3589747041652,174.10052270166605,170.21688182108846,173.0775146484375,25702700
2022-05-27,174.06261983377215,177.7473363398384,173.72161716043337,177.7378692626953,24952100
2022-05-31,177.04636259212748,177.7757176369915,174.37517309207988,175.53079223632812,29794500
2022-06-01,176.44010017587652,177.07474097329364,172.17757570827587,174.53616333007812,28352100
2022-06-02,174.84878296751015,178.79872131347656,174.4509490103858,178.79872131347656,24876000
2022-06-03,177.40631968926078,178.04097514666765,175.98547773788465,177.18846130371094,18972100
2022-06-06,179.30078101411567,179.31972962103143,176.97060823780404,177.95571899414062,24678700
2022-06-07,176.57280621754543,180.86374866113005,176.0897106017222,180.8258514404297,21661600
2022-06-08,179.93541618937255,180.636355577098,177.18844663860224,178.03147888183594,21521700
2022-06-09,177.17105545465955,177.6649161048107,174.3028842636838,174.34088134765625,21697200
2022-06-10,171.43470524536625,172.42242650057128,168.71849353101368,169.61123657226562,37153600
2022-06-13,164.90062815879406,166.16376316556486,160.77881385030543,161.64306640625,39712700
2022-06-14,162.08939541183136,162.6307450547339,159.30671101226656,160.8642578125,30282400
2022-06-15,162.6022895478739,165.30899487098912,160.18048989650865,163.2196044921875,32150500
2022-06-16,159.40172131823715,159.95256314530513,154.59611873062656,155.65980529785156,43810600
2022-06-17,156.2106080490887,159.09777728311101,155.46982444769958,156.8754119873047,40327300
2022-06-21,159.53467089537472,161.52909755999997,158.4234952936463,159.68663024902344,34665400
2022-06-22,157.61620319014182,160.75028083210236,157.0558550101906,159.3826904296875,29303500
2022-06-23,159.73412455644953,161.67155565777188,158.17657735996937,161.2916717529297,27089800
2022-06-24,162.61178796016918,166.29672270371617,162.3078692428431,166.28721618652344,37138500
2022-06-27,166.8380686163996,168.09171166773248,165.4229741705726,166.90455627441406,24745400
2022-06-28,168.03469924950065,169.19336395696226,163.68497507555762,163.77044677734375,25909200
2022-06-29,163.87491657876353,164.01736941468917,160.47490214213713,162.10842895507812,21292500
2022-06-30,159.74360758738615,162.69725042989705,158.37600242033218,160.8452911376953,31466300
2022-07-01,160.5508865300572,163.20061079752372,159.23077040905383,162.792236328125,24598600
2022-07-05,160.19944463168048,164.20728125283253,158.34748564599147,164.14080810546875,25151100
2022-07-06,163.77990144583305,164.97656296445743,161.21564953564095,162.92515563964844,25697600
2022-07-07,164.16934037137426,167.132475501202,164.1598483455221,166.7810821533203,24822500
2022-07-08,166.26817790865263,168.0916461429761,164.9195571549106,166.76202392578125,20547000
2022-07-11,165.49892081645865,166.1732313215749,162.972665657438,163.40953063964844,22031500
2022-07-12,162.91568580602006,164.64419083692846,161.98496013103016,162.84921264648438,23864200
2022-07-13,160.645812198027,163.6184530181675,160.3039109711366,162.70672607421875,25535600
2022-07-14,160.199500972354,161.45314410610817,158.6229695200261,161.03526306152344,25102200
2022-07-15,162.9156960789593,164.63470919308418,160.79781499918604,164.3877716064453,34935900
2022-07-18,166.3252102172327,167.4268793182009,163.4095498544593,163.9224090576172,23031500
2022-07-19,165.96430680318767,169.89616447911686,165.87883510171218,169.7062225341797,24234600
2022-07-20,169.66820527201503,172.66933691668643,169.43077424617027,172.3654327392578,26049300
2022-07-21,171.37771480687792,173.32465215405975,169.85816490763455,173.24867248535156,21709900
2022-07-22,173.685565749113,174.03695906460587,169.09839613954557,170.4849853515625,25116100
2022-07-25,170.9978180391663,171.82407332504388,169.45925522440663,171.3682098388672,19267200
2022-07-26,170.74141412588588,171.14980306421276,169.56375091048776,170.3140411376953,19391200
2022-07-27,171.40623463967998,174.98669924637008,170.95037104122991,174.18893432617188,21670700
2022-07-28,175.05317229846983,176.78166281470067,172.6218661624011,176.58221435546875,22838500
2022-07-29,176.68673399755997,178.2917706702969,175.73700952769389,177.83590698242188,21760600
2022-08-01,176.44924738506182,178.8520628704275,174.95818797198058,177.7693634033203,23905600
2022-08-02,177.09505132484415,179.51685064040836,176.15481926351512,177.59840393066406,17492600
2022-08-03,178.83307731071824,180.59005845993346,178.20625583425272,180.21017456054688,19157700
2022-08-04,180.2956167573118,180.48555867591955,178.96600883541814,179.83026123046875,14838900
2022-08-05,178.04478385074646,181.4163074113379,177.7598637133539,181.20736694335938,18540300
2022-08-08,182.48946560763744,184.8447916236242,182.24254257812657,183.12579345703125,22188700
2022-08-09,182.38500205576625,182.5084708208567,179.64980661803534,180.62802124023438,18247300
2022-08-10,183.89509238979468,186.09844488918642,183.40123177255632,185.7850341796875,20796400
2022-08-11,187.49454511111819,189.4984637024024,186.183921110744,186.4783477783203,23727600
2022-08-12,187.42806348136713,190.3532010589437,186.69677184115287,190.28672790527344,21726600
2022-08-15,188.80519657801653,191.04654653939284,188.25435473673457,190.96107482910156,17414800
2022-08-16,190.41970072914066,191.83479499394403,189.02360500586005,190.88507080078125,18833100
2022-08-17,188.72919751201667,189.30852986390022,186.50684632281414,187.6750030517578,22428000
2022-08-18,187.9314064875717,189.23252384607707,187.0006664507348,188.9191131591797,18368100
2022-08-19,186.93419080233673,187.20011238312514,184.31295758100538,184.86378479003906,27416400
2022-08-22,182.33753801470266,182.6794392756911,180.45707383344615,181.05540466308594,22937000
2022-08-23,181.34037674753722,183.23031900275544,180.81802543643016,181.34986877441406,20069800
2022-08-24,181.1978567635805,183.5816735568691,180.5995404279583,182.73641967773438,16038300
2022-08-25,183.65767830757343,185.62359995020807,183.2777799163007,185.57611083984375,14795000
2022-08-26,185.51911277665414,185.61409098871664,179.1749623835014,179.47886657714844,24177200
2022-08-29,177.55091162662256,179.48835684079532,177.142537233341,177.8263397216797,19753300
2022-08-30,178.37721822749126,178.5576536646789,174.31238504510037,175.3380889892578,22548900
2022-08-31,175.6420040339668,176.4017863276247,173.97998660668344,174.27439880371094,22412500
2022-09-01,172.64084529403863,172.74531552443517,169.90563525575837,172.3749237060547,30706600
2022-09-02,174.3693532959481,174.70174804118608,170.13357736708377,171.0358123779297,27468200
2022-09-06,171.62465299128533,171.97604628018226,168.57603217395857,169.34530639648438,23837100
2022-09-07,169.0224208059244,173.29617980131505,168.98442372175722,173.03025817871094,24781200
2022-09-08,171.60567517425721,174.54981162207105,170.58946328188367,174.47384643554688,25273200
2022-09-09,176.0218876397131,178.19676427051516,175.79396309614737,177.9783172607422,23208800
2022-09-12,179.11798844104072,180.31463570619164,178.51965756264474,180.13418579101562,23134600
2022-09-13,175.565984270469,176.56319739748514,172.41289354377236,173.0872039794922,34144700
2022-09-14,173.3911285820252,174.10342162699166,171.4916804621146,173.7615203857422,25278300
2022-09-15,172.77382673081277,175.40456685301376,171.76712138578807,172.4984130859375,25378700
2022-09-16,170.08609836570332,170.64643214879493,168.01570662818898,169.9911346435547,41155900
2022-09-19,168.1106427802857,171.66261581553331,168.0631681728176,171.44418334960938,25412200
2022-09-20,169.7821901607294,169.94364152704958,167.8257607326093,169.10787963867188,22247500
2022-09-21,170.35199921139923,171.99503226152635,166.5151204031921,166.5246124267578,29357100
2022-09-22,166.20172868841988,166.75257044249838,162.15590896705243,162.77322387695312,33468600
2022-09-23,160.50339749971454,160.68384742503375,156.70450051747278,158.8983612060547,40336900
2022-09-26,157.96376338307152,161.30499241408683,156.15950028898735,156.7227325439453,30597800
2022-09-27,158.76565218971254,160.0257798236568,155.87310369959778,157.25732421875,42406600
2022-09-28,158.24061285100325,163.23337450110037,157.5819256028435,162.2310028076172,35186500
2022-09-29,160.16895587676865,160.31214556542392,156.3695056162374,158.59381103515625,31464000
2022-09-30,158.2597090453572,161.8300564065257,157.3909859433178,157.438720703125,40643800
2022-10-03,159.7489496829024,162.57468156973619,157.75376187887628,161.61048889160156,33611600
2022-10-04,164.7798644794675,168.09245545837487,164.70349178476448,168.01608276367188,37537300
2022-10-05,165.54359494945575,167.3764961228096,163.643862198458,166.7750701904297,25281400
2022-10-06,165.96361550344633,168.17836533146047,165.06625456999342,165.83950805664062,22635900
2022-10-07,164.13070571954063,164.6462177729829,160.3026172162182,160.96131896972656,26536100
2022-10-10,161.6104873431632,161.87779909786042,159.03297041992155,160.06398010253906,23386400
2022-10-11,159.3861451915011,162.39324488213438,157.32412648367276,160.11166381835938,28009100
2022-10-12,160.28349804065024,160.8181068350559,157.97327894671943,159.6725311279297,26796700
2022-10-13,156.5604487544145,164.38846827881466,155.1284934304412,163.624755859375,45376500
2022-10-14,164.90396961848614,166.0304340747164,159.14751075615254,159.2429656982422,29608600
2022-10-17,162.49831037666183,164.78943333692638,162.39329972459777,164.32167053222656,28199200
2022-10-18,167.88241185158253,169.24753535042848,164.856215238819,166.26907348632812,34523100
2022-10-19,164.66532395801087,165.53403246551167,161.64866786108493,163.44338989257812,27146900
2022-10-20,163.64387125461184,165.67725270682217,160.82769504439008,161.36228942871094,26710700
2022-10-21,161.71549409043791,165.34311742692813,160.56039153404268,164.8657989501953,45402700
2022-10-24,165.45765283815393,166.10679885319786,163.29062328021388,165.57220458984375,27284500
2022-10-25,165.6963256970934,170.78452730896274,165.68677000593038,170.087646484375,33105700
2022-10-26,171.0231740546656,174.09710566497168,170.24037946629147,170.92771911621094,37084700
2022-10-27,172.39786715610393,173.7439086255059,170.75589059057864,170.96591186523438,28651800
2022-10-28,171.6723454033069,175.0899470527952,170.63179473933877,174.85128784179688,33221600
2022-10-31,174.0016675638001,175.88230337589272,173.31432784737018,175.01358032226562,25699400
2022-11-01,176.83692838790554,177.18059822306267,174.583984927787,175.25222778320312,27446700
2022-11-02,174.54582142727614,176.6078407941551,169.38123188428366,169.4385223388672,38139600
2022-11-03,167.33829763214447,169.86809418493,166.21183306972466,168.302490234375,29093200
2022-11-04,170.8036420386878,171.77737581028578,167.51014746115206,170.57452392578125,25842400
2022-11-07,171.58645281963743,172.3978854974969,169.61988844167456,171.34779357910156,20689900
2022-11-08,172.05417089044514,173.69614720389967,169.31436818249963,171.41456604003906,20265200
2022-11-09,169.92534264338175,170.5649475221934,166.37409274415828,166.70822143554688,27277000
2022-11-10,173.60072916220037,177.0374133230248,172.9324716670981,176.97059631347656,38572800
2022-11-11,177.3333605412933,180.27364419399424,177.26654352718418,178.42164611816406,28765400
2022-11-14,177.36196209092674,179.27123566324207,176.2545944896009,176.42642211914062,26499600
2022-11-15,179.31899833596475,180.96097502914094,177.66748051741789,179.0421600341797,26128800
2022-11-16,178.13524820494845,178.17342727096545,175.37634819557982,175.891845703125,24802000
2022-11-17,173.38115046600893,174.65081930088238,172.3215029160982,174.25941467285156,20835700
2022-11-18,176.21639356607605,176.90373318898406,174.28803782581815,175.3858642578125,27269100
2022-11-21,174.4885029414621,174.87990750257256,173.19973751013765,174.4694061279297,19038900
2022-11-22,175.40499466542622,176.55055606747365,174.05895309888385,176.33099365234375,16869700
2022-11-23,175.93001792779995,177.35243207221785,175.22359598443452,176.78919982910156,19758800
2022-11-25,176.69375218464145,177.91568633332903,176.2832652820592,177.16152954101562,13393400
2022-11-28,175.77729793383497,176.53145467928596,173.06611805371261,173.59117126464844,17465600
2022-11-29,173.70574736882648,175.28089252362702,173.70574736882648,174.09713745117188,14020600
2022-11-30,174.3835100521817,178.92757617279037,172.59834382026438,178.87030029296875,28030100
2022-12-01,179.61493332795996,180.65549865676905,177.686577208993,178.4789276123047,21996400
2022-12-02,176.0063839221436,180.29270844116346,175.9682048590649,179.5194549560547,22574800
2022-12-05,178.38346975068092,178.5743942366622,173.9157610323758,174.574462890625,25449300
2022-12-06,174.58397037017852,174.6794253035061,170.95634787191915,171.9014434814453,18502100
2022-12-07,171.59598797688287,173.26660260252706,170.98502092502568,171.3955078125,17177800
2022-12-08,172.5697033824515,174.3453284642309,171.36685165719976,172.6365203857422,20971400
2022-12-09,171.61509898948168,172.60791506839536,170.45998180061224,170.5172576904297,22046500
2022-12-12,170.73680640848778,172.87518362935316,169.92535925954007,172.52197265625,22765400
2022-12-13,178.12278014773648,178.9955114564548,172.76174148071675,173.95095825195312,38445300
2022-12-14,173.88379883976395,175.41827097694545,171.50538019756243,172.80967712402344,32406900
2022-12-15,170.73814345757233,171.28480409320474,167.87060433309225,168.48439025878906,33546700
2022-12-16,166.68141182836752,167.93775382332763,165.5976902752439,167.22805786132812,38502400
2022-12-19,167.4582199216035,167.8802004802284,164.44683050228363,164.96470642089844,25614000
2022-12-20,164.63864629068613,166.89239958354108,164.16871070537707,165.8374481201172,18050800
2022-12-21,167.30478158859373,169.55853489761324,167.0650212209879,168.6953887939453,22997200
2022-12-22,167.1896743100144,167.34312443262957,163.67957958269065,166.4895782470703,21297600
2022-12-23,166.37452210527445,167.30479356890464,165.28121533605508,167.24725341796875,11647700
2022-12-27,167.21845919925678,167.41986433226575,165.51136667683963,166.12515258789062,13553800
2022-12-28,166.0868032938004,166.96913436934122,163.36312889101058,163.54534912109375,19648000
2022-12-29,164.6865959030412,168.07201098789858,164.37969562051737,167.6884002685547,22311300
2022-12-30,166.24023375172803,167.56371557441182,165.54013762303478,167.2184600830078,21275600
2023-01-03,168.72414887431384,170.05723048770685,164.85921314812148,166.2977752685547,22503800
2023-01-04,167.46782237728186,169.4338603829196,167.141751778754,168.36932373046875,22973500
2023-01-05,167.43906128168922,167.60209658969575,165.329172791152,166.5663299560547,17032600
2023-01-06,168.11998135411045,170.74774575282277,166.7485443711618,170.3065948486328,21986900
2023-01-09,171.67800621349164,172.74254281775168,170.3737092446128,170.59429931640625,18366500
2023-01-10,170.38331763396357,173.22207229955268,170.03806210611492,173.1165771484375,18751100
2023-01-11,173.8358367217027,175.30316887464627,173.2795909606023,175.27439880371094,18222700
2023-01-12,176.05126037899987,178.3337692654229,174.46883307697485,178.21868896484375,29650800
2023-01-13,176.94314381952975,179.66681796837702,176.78010853250132,179.38870239257812,22120000
2023-01-17,179.34075703911876,180.14634837145775,178.61189078135658,179.1681365966797,22422600
2023-01-18,179.7723310419663,181.220493111222,176.17592532106616,176.27183532714844,23507800
2023-01-19,175.24563374030788,175.60048901500065,173.3755059070215,174.58389282226562,24624500
2023-01-20,175.22649034833395,177.56653946876605,173.8454681567262,177.46104431152344,36070300
2023-01-23,177.83503912886277,180.41486282685884,177.01986272212355,179.6572265625,20329900
2023-01-24,178.94756523855622,180.13678206817832,178.2666539104037,179.2736358642578,19263500
2023-01-25,177.8158854160047,179.82986375614357,176.3389533327578,179.77232360839844,18174600
2023-01-26,181.23967926485204,182.07405541610575,178.65985499390095,180.83688354492188,18369100
2023-01-27,180.2806065712096,182.50558974583433,180.098386355414,181.81507873535156,20019900
2023-01-30,180.1463345385413,181.8438419279038,179.177707984784,179.283203125,18395100
2023-01-31,179.74354686077422,183.73316280617252,179.70519164163878,183.6372528076172,21567900
2023-02-01,183.35914693602584,188.1543544415077,182.34256528627358,186.52398681640625,27007300
2023-02-02,187.98169984835422,191.09858440337035,186.3897022434881,190.1970977783203,31020400
2023-02-03,188.0776390943553,190.97394867495575,187.68442854645068,188.92160034179688,24981500
2023-02-06,187.63644067677552,188.33655142250868,185.44982749486556,186.18829345703125,18160100
2023-02-07,185.48821766505895,188.0680416086167,183.80029528091376,187.5693359375,27074100
2023-02-08,186.3993045084099,187.36793114475654,184.32777137871017,184.82647705078125,17933500
2023-02-09,186.27459166632127,187.12813785659458,181.67119039910645,182.1507110595703,20516600
2023-02-10,181.5273709372129,182.82208279425453,180.8080898241479,182.5151824951172,15248700
2023-02-13,182.70697235163786,184.96072550140136,181.5561255952139,184.7113800048828,15754400
2023-02-14,183.44545933109686,186.006098413286,182.29461244291699,184.6250762939453,21889600
2023-02-15,183.15773392327353,186.5815189595149,182.7261681930595,186.49520874023438,18721200
2023-02-16,183.9441439559967,186.8883934525662,183.41666825777435,184.7113800048828,21366300
2023-02-17,184.02086380800623,185.44982609181812,183.1481326442141,185.21966552734375,23892200
2023-02-21,182.93718367909503,183.50301470627556,179.57095295925407,179.75315856933594,26004000
2023-02-22,180.13673814273957,181.40266511246125,179.10097173088934,180.2422332763672,24651700
2023-02-23,181.5945141969256,182.50560069676067,179.0530454371823,181.52737426757812,21311700
2023-02-24,179.00508823529134,180.08880980169195,178.1707268219029,179.82986450195312,24280700
2023-02-27,181.38353116602713,182.40969800437475,179.916198780346,180.4628448486328,17562900
2023-02-28,180.41487196408048,182.23705949000347,180.36693159887577,180.472412109375,19542600
2023-03-01,180.4820002629037,181.72875698794377,179.52295887961293,180.70257568359375,22532800
2023-03-02,179.20647211692867,181.5465354159378,178.49677623046867,181.13414001464844,18104400
2023-03-03,181.90137042660464,184.06879860142794,180.7025687435323,183.6564178466797,22774300
2023-03-06,183.71397419045908,183.8866092576297,180.2038790407028,180.9711151123047,23266700
2023-03-07,180.9231518159709,181.3259620762905,178.59268826963594,178.8708038330078,25865700
2023-03-08,179.139358916542,179.92577998644583,177.53776133567806,178.9571533203125,22505900
2023-03-09,179.08181421166609,179.59970481374972,173.85504099220248,173.97972106933594,33546900
2023-03-10,173.00148384337226,173.00148384337226,167.12255516505365,168.9639129638672,69274200
2023-03-13,165.4538352500846,169.17490612955993,164.0632280726775,166.2114715576172,74171500
2023-03-14,171.28483204622322,171.91778836734258,167.45825087374553,169.29002380371094,48946200
2023-03-15,164.88797888329813,166.78689136867254,163.4014764383271,166.49917602539062,54405800
2023-03-16,164.4468531891477,170.11479217352604,163.51658172942484,168.77212524414062,52392300
2023-03-17,166.9115791251654,167.60209018788433,163.86183412633358,164.2166748046875,70239900
2023-03-20,165.96212292286677,168.18709143805228,165.46341728019328,166.34573364257812,46103200
2023-03-21,169.31873173267857,170.8819589833525,168.75290092026404,169.4146270751953,34465900
2023-03-22,169.28998993837027,170.08599604661393,164.50436814319818,164.60986328125,56098200
2023-03-23,165.83332445407657,167.86436937103753,162.39692059594034,163.87928771972656,47720900
2023-03-24,162.43539618182965,165.66966599109568,161.19367428254142,165.36163330078125,47519700
2023-03-27,167.3349406960131,168.19163649803576,165.91032609341764,167.20018005371094,33880600
2023-03-28,166.62262420419694,167.97985100705577,166.2279628309724,166.9595184326172,28555100
2023-03-29,168.7788115223433,168.98095983030785,167.0750551155081,168.85581970214844,25564800
2023-03-30,170.26123062948528,170.67513316294963,167.9221525541909,168.6248321533203,26728600
2023-03-31,169.79911359692355,171.9552981794168,169.77023737067728,171.72427368164062,39602900
2023-04-03,172.25372919066237,173.05267254395898,169.88579005045142,171.8013153076172,27609000
2023-04-04,172.22485599179043,172.39812807387193,167.7969956692762,168.7884521484375,33487200
2023-04-05,167.72960755130322,168.28790585547446,166.0739683562599,167.1328125,28247300
2023-04-06,167.21946551421945,167.93178028612226,166.2183736895014,167.3831024169922,26366300
2023-04-10,166.59378420601826,169.2986325742213,166.55527276777335,169.17349243164062,22237800
2023-04-11,169.96279626359515,171.31040269463261,169.5296234149395,170.51145935058594,21876200
2023-04-12,172.12856989676487,172.28257154051641,169.00980527785492,169.26007080078125,27018100
2023-04-13,169.93391910389886,172.00347555433277,169.34674453544397,171.5029296875,23259900
2023-04-14,171.65693234693111,172.5136281549782,168.7788122023283,169.905029296875,29600400
2023-04-17,170.3478200694649,172.16709606956906,170.13605124932084,172.090087890625,22177300
2023-04-18,172.86976368882762,172.90827511957104,170.3189321948496,171.3585205078125,22873100
2023-04-19,170.45367811630163,172.0996817872503,169.97238808819634,171.57989501953125,19306800
2023-04-20,170.5210638767224,171.75316526609163,169.91464838351868,170.6943359375,20336300
2023-04-21,171.1563860210276,171.30078186625116,169.27935753558947,170.91574096679688,25972800
2023-04-24,170.74249472564614,171.77244798733878,169.8954193793498,170.8002471923828,17781000
2023-04-25,169.0579597886834,169.35635729103672,166.535989758088,166.58412170410156,28857900
2023-04-26,165.78517206237146,166.91138905455037,164.60120261230753,164.9766082763672,30309800
2023-04-27,165.5926719939645,167.35419553700055,164.54346309240248,167.18092346191406,33424100
2023-04-28,166.8055113176427,169.2504731763883,166.6996269113536,168.64404296875,31911900
2023-05-01,168.45151844098177,170.7039523624904,168.22049392808086,168.74029541015625,27420100
2023-05-02,167.8739726280244,167.9221045731843,163.56161765979573,165.27500915527344,40851100
2023-05-03,165.77552430674803,169.12529850387352,165.74664808255076,165.88140869140625,43261400
2023-05-04,164.90926846563084,165.14027834362355,162.46430621293368,164.023681640625,42382100
2023-05-05,166.80550738507685,168.54778979072336,166.62262949471423,167.92210388183594,35456800
2023-05-08,168.7018233491328,168.98097987000807,166.65153723393226,167.537109375,22109900
2023-05-09,166.50710752955445,167.74884412805497,165.7177994570364,167.03652954101562,21465500
2023-05-10,169.3755927191037,169.43334517227927,166.25682805736898,167.8835906982422,27281900
2023-05-11,166.73813114424777,167.27717366651572,165.6696666133927,166.59375,25884600
2023-05-12,167.15202837976307,167.69108557316557,165.22686818103128,166.2568359375,20406400
2023-05-15,166.82479190067824,169.13499346739889,166.35313694692786,168.2879180908203,24310000
2023-05-16,167.11354639603064,168.26863967971335,165.78518104150115,165.83331298828125,24212900
2023-05-17,166.94028929023725,169.89541777130876,165.71782292172304,169.52963256835938,38231600
2023-05-18,168.99057516742266,170.92537074220468,168.47078832942347,170.55958557128906,30446600
2023-05-19,171.83019094088343,172.19597612704362,168.69218469017795,169.52000427246094,34316300
2023-05-22,170.01092277596834,172.32112423921762,169.45262445621165,171.5895538330078,28207200
2023-05-23,171.2526602228717,173.77461584286843,170.74249385222822,170.78099060058594,32708900
2023-05-24,169.94354417719197,170.12643677269892,168.13388862730267,168.97132873535156,28744200
2023-05-25,168.69216089231108,168.96168214267797,166.23757872350643,167.65257263183594,36202600
2023-05-26,167.77773757859168,169.77990622611634,167.50821628832958,169.55850219726562,29841300
2023-05-30,170.0975286265692,170.9060923507612,168.220485761958,168.93280029296875,25572600
2023-05-31,168.15313487390668,169.4237330804934,165.91032128023693,167.26756286621094,34598800
2023-06-01,167.3541973445005,169.6451429641991,166.45899010380316,169.07720947265625,27800900
2023-06-02,171.34890607804027,175.27623528494485,170.80986348474516,175.2088623046875,50212400
2023-06-05,174.47726547432208,174.47726547432208,171.76279720141866,172.86013793945312,34465800
2023-06-06,172.2344758241768,178.03884820206005,172.2344758241768,177.4131622314453,58584500
2023-06-07,178.53189124489649,181.24422991444126,178.53189124489649,180.73265075683594,60685600
2023-06-08,180.25968445209173,180.86779412480422,178.48363540651653,180.05697631835938,34185000
2023-06-09,179.84460157908012,180.12451637596186,178.03958194728594,178.59942626953125,30242200
2023-06-12,178.79249989254336,180.1921035484983,177.81760680330228,179.3426971435547,26580500
2023-06-13,179.96045932616985,182.41217758658718,179.79636928021728,181.39866638183594,35758200
2023-06-14,181.77511393864677,182.6631383942505,178.13613279207138,179.44886779785156,37114100
2023-06-15,178.6477088364443,181.05117637449834,178.48361880463096,180.92568969726562,36488400
2023-06-16,181.4179679792284,181.99712142345493,178.6573640549186,179.4778289794922,50684500
2023-06-20,178.7248943025799,179.12064856767427,177.37354150850945,178.69593811035156,33269300
2023-06-21,178.029970912877,179.4488836817966,177.2095059384595,178.2809295654297,30730200
2023-06-22,177.79827047152577,177.8465357064233,176.14770842879452,176.95851135253906,27063700
2023-06-23,174.48751035103493,176.07051308220525,173.7925321053032,174.29446411132812,50610100
2023-06-26,174.1689615712281,176.3890299469498,174.10138729281653,174.4681854248047,31507900
2023-06-27,174.90256820518906,177.5956127307949,174.130368477369,176.9875030517578,28818800
2023-06-28,176.6303343508532,178.01062877601484,175.79056048897857,177.85618591308594,23187600
2023-06-29,178.3002303270024,180.5782113231956,178.02030075784552,179.9025421142578,32084100
2023-06-30,181.7171806567272,181.88127068583017,180.4141075802686,180.7615966796875,30287300
2023-07-03,180.41413010919948,182.27704778559985,180.25004005960605,181.12840270996094,14011900
2023-07-05,180.62646735404985,180.7036887923452,178.9951994502089,179.32337951660156,24092100
2023-07-06,177.2481077212116,177.32532915992869,174.439238642872,176.42764282226562,39080800
2023-07-07,176.62068714185315,180.00870960963377,176.57242190211733,178.2905731201172,31706700
2023-07-10,178.16509146184265,181.5144959408021,177.7596899479103,181.3407440185547,29725100
2023-07-11,181.92954266185882,183.47394198946478,181.16700488326165,183.20367431640625,26738800
2023-07-12,186.06082008954147,186.3407496871698,184.71912869230093,185.20175170898438,40127300
2023-07-13,185.81945303755234,186.9584506752778,185.13413680666298,186.6978302001953,23523000
2023-07-14,186.62065858173202,186.76545431919283,183.67665532851697,184.87356567382812,32198600
2023-07-17,184.69012381590898,187.6051701924147,184.49707760580858,186.85227966308594,23283700
2023-07-18,186.9681133176015,189.5646269428643,186.76541994234418,189.1592254638672,28489800
2023-07-19,189.8638577062057,190.79050021228892,189.12061427006998,189.96038818359375,23679000
2023-07-20,190.09552885165158,190.09552885165158,187.51832408031717,188.3001708984375,27278100
2023-07-21,189.56463867892845,189.78664110840114,187.34457019875165,187.70172119140625,28982400
2023-07-24,187.798240905514,189.43915599818857,187.24805839851865,188.1650390625,16929800
2023-07-25,187.81754137768317,189.3908968440341,187.66309850510626,188.14572143554688,18961100
2023-07-26,188.0009192124592,190.30785597024953,187.943006823905,189.63218688964844,20377900
2023-07-27,190.7615496844065,191.02215546983038,186.466193697186,187.18048095703125,31159300
2023-07-28,189.20751657694396,190.10518824710033,188.70558455542957,189.60325622558594,21612200
2023-07-31,190.08586488934958,191.84261946811324,190.07621773276242,191.80401611328125,24203900
2023-08-01,190.5685081491177,191.06079302873192,188.97585816191668,190.9256591796875,27444300
2023-08-02,188.79243070147277,189.27505362247155,187.34456193847637,188.32911682128906,28079700
2023-08-03,187.5472744097216,188.84070033325827,186.35036423554084,187.79823303222656,24279300
2023-08-04,188.04920208190143,189.48740896081685,186.97777860772172,187.42178344726562,24950400
2023-08-07,187.89473024977042,188.2808226358157,185.98353317194915,187.5472412109375,20185000
2023-08-08,185.46237157563053,186.5723986185003,183.89867772047836,186.3697052001953,25578200
2023-08-09,186.1669783399682,186.1766402255257,184.12066167561363,184.91217041015625,22293200
2023-08-10,185.55886788242609,187.3735200687365,183.2905342389345,184.09169006347656,29378800
2023-08-11,183.31950522486846,185.02799464463354,183.14576802717238,184.35232543945312,21789000
2023-08-14,183.338819948486,184.07240157562964,182.08399725513453,184.03379821777344,20354900
2023-08-15,182.93337745749298,183.0492022336151,181.5048031524082,181.60133361816406,25491300
2023-08-16,181.45657405178687,182.48937946048997,179.3523304236477,179.38128662109375,27018400
2023-08-17,179.863908720768,180.250015899074,177.24810070697808,177.26739501953125,26715100
2023-08-18,175.87749323104558,178.81183480891434,175.61687266767183,178.23268127441406,33375200
2023-08-21,178.28091693134579,178.84076132750602,176.7075761107668,177.9720458984375,22678100
2023-08-22,178.6091014435039,179.10138629689143,176.8523614995176,177.441162109375,21299200
2023-08-23,177.60522433886587,179.64189353319537,177.0550271720579,179.3330078125,21231100
2023-08-24,178.8118039666189,179.86391846861744,176.83304691494877,176.85235595703125,26582300
2023-08-25,177.66316752750225,178.57050107873005,175.29831789134568,177.60525512695312,29340400
2023-08-28,178.4160480175797,180.25967121517877,178.39675370415316,179.18824768066406,23002000
2023-08-29,179.09168850159395,181.82333571904627,178.15541368199678,181.68820190429688,22986000
2023-08-30,181.2056116352668,183.0202786699465,180.8195191603699,182.37356567382812,19869900
2023-08-31,182.624514718894,183.64767297927364,181.97780175673864,182.05502319335938,17953400
2023-09-01,183.46431814476318,185.19210204053525,183.2519628420222,184.2172088623047,25094600
2023-09-05,183.0588691774054,183.3001806393996,180.2789711506005,180.33688354492188,27160100
2023-09-06,180.55889598398684,181.55309808428595,178.65736037969046,179.66122436523438,26406200
2023-09-07,178.70562918792405,178.93729351117045,177.20949506498602,177.9237823486328,23894800
2023-09-08,178.1457872040646,178.4064077301932,177.074363628296,177.5280303955078,19399100
2023-09-11,178.8214436586446,179.26546323710443,177.79828539823893,177.95272827148438,17424700
2023-09-12,177.64384260839725,178.89866517926018,177.35428063152995,177.7789764404297,16826300
2023-09-13,178.08787859885004,178.4546767746619,176.05120904578885,176.61105346679688,24415700
2023-09-14,178.11683962909248,179.6033266872285,177.8369247752404,179.1013946533203,27952500
2023-09-15,178.36775795438146,178.63804031805796,176.43726642957043,177.22877502441406,39695500
2023-09-18,177.31567833593766,177.37359073646726,176.0318994530891,176.05120849609375,19287800
2023-09-19,176.14770617353633,176.9295528920285,174.77705894518874,175.3658447265625,24085900
2023-09-20,176.06083352864405,177.132256989254,173.5705122479121,173.60911560058594,27642900
2023-09-21,172.29638643245787,172.54734505441934,170.9160919189453,170.9160919189453,31625600
2023-09-22,171.38905174274709,172.1708985291299,170.42380588726553,170.5299835205078,23164700
2023-09-25,169.5840521607752,171.67863396712437,169.4392564407059,171.29254150390625,22416200
2023-09-26,170.19567764784316,171.66974122151328,169.02224224827012,169.0901336669922,30476000
2023-09-27,170.1472262771805,171.58249086722284,169.1871573381648,170.67091369628906,37293000
2023-09-28,170.76788823610906,173.1729438766632,170.65151982684728,172.21286010742188,31372400
2023-09-29,173.56083576978614,173.7450956027405,170.82605997088143,171.3982391357422,36689000
2023-10-02,171.00064897204794,171.38855355534864,167.9167527836455,168.8089599609375,42139300
2023-10-03,167.72277591883324,168.2561557409344,165.2207517695662,165.9674835205078,42733600
2023-10-04,165.84141495936782,166.42328657148175,163.97944651725692,166.04507446289062,42491900
2023-10-05,165.63777796723832,166.70452290897933,164.80376984309365,166.17115783691406,33365100
2023-10-06,165.22075479083583,168.6343709170964,164.38674672582925,167.77127075195312,42160900
2023-10-09,166.64630807303536,169.27440760366557,166.57843144624977,168.74102783203125,26658400
2023-10-10,169.0416726107261,171.68915726718254,169.01258051102067,170.65150451660156,31585000
2023-10-11,170.79699206543043,171.87344431784328,169.10959082483458,170.360595703125,27427200
2023-10-12,170.56424664312266,170.56424664312266,165.62807442746413,166.5105743408203,38693800
2023-10-13,167.1408998983768,167.48031262058265,164.5612921810965,165.12376403808594,33955600
2023-10-16,166.54936759672887,168.1494923854105,165.85112755863972,167.79067993164062,31140300
2023-10-17,166.7433023112833,171.08789502585458,166.70450298124828,169.66232299804688,39823200
2023-10-18,168.3919388246052,168.41133849194173,165.8317302477721,166.17115783691406,38501400
2023-10-19,165.69595504538597,166.94695977899454,163.2715146489579,163.52365112304688,51397300
2023-10-20,163.56245015024928,163.92126259301463,161.39983866639963,161.4095458984375,54421900
2023-10-23,160.65310843902807,162.39870833684319,159.6736251309606,160.04214477539062,45590900
2023-10-24,161.41922948498808,162.55386575048902,160.41066884819023,161.43862915039062,32666300
2023-10-25,160.0227484285155,160.65311177009022,158.4614083205418,158.77174377441406,36832900
2023-10-26,159.1887238048905,160.75977098059136,158.26743956832462,159.1790313720703,50525600
2023-10-27,159.54756873778643,159.84819696234186,156.78370092295995,157.30738830566406,46017100
2023-10-30,158.8396317301158,159.82880756284084,157.0455547014471,158.18019104003906,35156300
2023-10-31,158.46141755008975,160.00337288021393,157.90865283739635,159.54757690429688,31533200
2023-11-01,159.4894065019297,160.5949508205793,158.17051022725903,160.4591827392578,44367100
2023-11-02,162.6799647207301,164.8619612669098,162.2726604744899,164.7358856201172,50458100
2023-11-03,167.57730836886677,170.34116129826828,167.55790870407697,169.2162322998047,57060700
2023-11-06,169.21626224190155,169.49749084187752,166.20994996469466,167.10214233398438,35294400
2023-11-07,166.37480626165865,167.29609071294212,165.41473727244792,166.5105743408203,31168900
2023-11-08,166.51057792005668,166.92758939919545,164.18312085650945,164.7358856201172,44938600
2023-11-09,165.86080875641065,165.86080875641065,161.93321250765362,162.18536376953125,38577400
2023-11-10,163.13574017667813,164.58071192338338,161.74895262958626,163.99884033203125,36121300
2023-11-13,163.15513741889762,164.6388936774355,162.4568974386905,164.05702209472656,27610300
2023-11-14,168.96410489895047,173.07596135585712,168.9544124639918,173.06626892089844,77611000
2023-11-15,172.95957812669266,176.2665034727612,172.72682652913088,173.36688232421875,59641400
2023-11-16,172.7559128896883,173.23110850315274,169.8659842712856,170.56422424316406,46616700
2023-11-17,172.08677403560827,173.2408100162109,171.75705369761027,172.90138244628906,43418700
2023-11-20,173.12445676565514,174.22029384345015,172.36803248987735,173.90997314453125,26665100
2023-11-21,172.85291267632985,173.11474159220467,171.56310857356084,171.66978454589844,30457000
2023-11-22,172.79469278565162,173.96812833950588,172.05766830071713,172.7462158203125,28940900
2023-11-24,172.6686607536338,174.2978777175826,172.42621669607396,173.90997314453125,13846900
2023-11-27,173.10505010181205,173.6966141702549,171.87343019585202,173.32809448242188,30665800
2023-11-28,173.15353084328012,173.80327907418766,171.84432714970222,172.658935546875,28350200
2023-11-29,174.1233056152827,176.25681012355628,173.29898999277256,173.57052612304688,31590200
2023-11-30,174.60814668616808,175.18031089258076,173.35712753915158,174.2299346923828,32216800
2023-12-01,173.78389100150963,179.58314849817296,172.8238220399411,179.32131958007812,64221300
2023-12-04,178.661847095845,181.33843860735107,178.4582024011228,181.241455078125,44862600
2023-12-05,180.4268484980245,180.4268484980245,178.4194048444347,178.8170166015625,36873500
2023-12-06,180.08742629676505,182.2403305120706,178.23515031733925,178.4969940185547,43637900
2023-12-07,178.75884382300666,179.95166437298766,177.84725185237025,179.78680419921875,32662300
2023-12-08,179.5540353932287,182.07545912168027,179.27280684081947,181.1541748046875,36087100
2023-12-11,181.03778389991606,181.94937574440607,180.2716673398748,181.53237915039062,29302100
2023-12-12,181.31903717349866,181.98818504484868,179.7382974077071,181.34812927246094,32024000
2023-12-13,181.44513017442537,187.7874599148408,180.05834253479796,187.48683166503906,69484800
2023-12-14,190.91982428585808,193.99401287940825,190.54161218249035,192.7042236328125,83649300
2023-12-15,192.93696227910613,193.51883388874148,190.02763382614867,191.08468627929688,74160700
2023-12-18,191.97690358189746,192.76241993840318,190.7355764287403,191.152587890625,44451100
2023-12-19,192.48116806706662,195.21594394074424,192.03507932018934,194.85711669921875,52156200
2023-12-20,194.53006126385355,196.77845496554613,190.9287371828991,191.0455322265625,62360300
2023-12-21,193.20635146919165,194.49115650206275,192.25249051718552,194.29647827148438,38613400
2023-12-22,195.52288243243635,197.4014055401114,194.85128116327135,196.10687255859375,39173800
2023-12-26,196.8173863204603,199.1047066338935,196.31124973778338,198.656982421875,26879000
2023-12-27,198.98793255091365,200.0099337930694,197.97565927896142,199.35780334472656,35806400
2023-12-28,198.35525411909333,199.69845657374736,197.85886031500328,198.5985870361328,28930100
2023-12-29,198.05354012636582,198.58887555868418,195.357421875,195.357421875,41496800
2024-01-02,194.08234780389435,196.24314550815734,193.1479576274836,194.19915771484375,44341500
2024-01-03,192.13568530244575,192.39848903865595,188.6122290504812,189.02102661132812,57532500
2024-01-04,188.8847589404135,190.27663107996992,188.52463094186507,188.6511688232422,43114200
2024-01-05,187.55128063881267,190.2474135055555,187.16193906224802,188.09634399414062,40964900
2024-01-08,188.13525744502968,191.71712543726065,187.13272709042292,191.4835205078125,31545400
2024-01-09,189.16700120055722,190.54913028156477,188.16447084706678,189.7704620361328,28998700
2024-01-10,189.54664947140031,190.1695812601943,187.93091503888726,189.87757873535156,35075200
2024-01-11,189.31299824123835,189.5466031744273,186.19834005802733,188.38833618164062,48939200
2024-01-12,190.66593957690955,191.84367742831947,187.50261166044777,188.07687377929688,42992100
2024-01-16,186.6071622937477,188.10608663782722,185.04009759900543,185.75062561035156,42213000
2024-01-17,183.11290619513505,184.8648914570904,182.52890120657406,184.42689514160156,37787700
2024-01-18,185.6241111577529,186.07183546158112,183.19078169649063,185.5170440673828,41760000
2024-01-19,186.1886050263364,187.70701487779812,184.1835442011289,187.29820251464844,63338300
2024-01-22,188.97233715376763,191.57114577356043,188.91393963006217,191.29859924316406,42379500
2024-01-23,192.93380114750457,193.2939291059618,189.78020124999006,190.74380493164062,42471200
2024-01-24,193.0895555706209,193.16742389214002,188.94315284794254,189.1767578125,41120100
2024-01-25,191.84367445042602,192.3887377989653,189.22540993160626,190.74380493164062,37659500
2024-01-26,191.63927543951226,192.61260712742728,190.16954993743124,190.7535400390625,33478600
2024-01-29,190.92875862144146,194.0920867919922,189.88728652562705,194.0920867919922,29234400
2024-01-30,193.09928215642492,193.6248747580799,191.84369075411027,192.4374237060547,33121200
2024-01-31,191.95076491908475,193.63462472286074,187.57077195356987,187.73623657226562,68126700
2024-02-01,189.12809663968784,190.51996881427,186.42223546735917,190.22796630859375,59479000
2024-02-02,188.0866217916908,190.28634607224916,187.25928391150103,189.2254180908203,52839300
2024-02-05,187.33713837494787,187.96007001862242,184.9914056027274,186.82127380371094,39751900
2024-02-06,186.58767763930462,188.63168008125112,185.92581923447628,188.50514221191406,34689100
2024-02-07,188.89447649783443,188.972329958569,186.91859962590294,188.067138671875,31713900
2024-02-08,188.20344753246053,191.13317106086419,187.5707877692868,190.91903686523438,35370800
2024-02-09,191.66848006545092,194.22834723557403,191.21101296998717,194.02394104003906,46107100
2024-02-12,194.53981783316212,198.1216865013239,194.5106190679537,197.54742431640625,43291000
2024-02-13,190.9871390255628,192.35954022710465,187.91140742337132,189.42007446289062,86247400
2024-02-14,192.4082066893935,194.46193720635648,190.9968786701035,193.81954956054688,43808000
2024-02-15,195.6299539859638,199.30914681670382,195.3671502546641,198.98794555664062,44931900
2024-02-16,196.72979823908284,198.26766410564667,195.72726777731387,196.28207397460938,48346200
2024-02-20,193.83899124349912,194.39379741027912,192.7293937618014,193.57620239257812,30547500
2024-02-21,192.38875370359102,193.06035497494133,191.15261824548045,192.66128540039062,28669100
2024-02-22,193.35233649450973,194.7539365204769,192.53474142998323,194.12127685546875,38184700
2024-02-23,194.2770207264808,195.77594506726217,193.2744902251043,194.5592803955078,37667700
2024-02-26,194.36460386663003,196.26259765576546,193.83899644695396,195.78565979003906,29118200
2024-02-27,197.6641985057127,198.7737960220616,197.1385910837322,198.55966186523438,32268600
2024-02-28,197.0412640409902,198.42339321887272,196.4864578647297,196.92446899414062,30143900
2024-02-29,199.70817234466804,200.54523812222658,197.1191215529345,198.29684448242188,40404100
2024-03-01,199.07552977939633,200.82752979539345,197.72259932157192,200.39926147460938,35156900
2024-03-04,201.50885787649534,202.22912867120652,199.97099202953655,200.21432495117188,24785400
2024-03-05,198.85165062827588,200.41871511236124,197.5960445360072,198.29684448242188,34163500
2024-03-06,200.53553422770477,200.58420378435517,198.63754033324753,199.77633666992188,34255200
2024-03-07,201.18768959570824,202.5503630912131,200.89568707153825,201.44076538085938,28020200
2024-03-08,203.1732608040872,204.7987229320576,200.31166328050156,201.31419372558594,41447800
2024-03-11,200.46739556336433,201.32391732632894,199.28965771797706,199.71792602539062,24435800
2024-03-12,199.67897888103838,200.4284483981402,197.96592055095348,199.4453887939453,34958900
2024-03-13,199.4064501859858,201.07085384066158,199.3091259321993,200.22406005859375,25140700
2024-03-14,199.58167795234817,199.8055400959275,194.8318142682129,196.6422119140625,47509100
2024-03-15,195.8830013843802,197.66420014813625,195.76620633490862,197.01206970214844,53217000
2024-03-18,197.49874510216924,197.76153397619817,195.5520816401642,195.8830108642578,32405100
2024-03-19,194.4522057355206,197.3430020711484,194.33541068417827,196.71034240722656,29864100
2024-03-20,196.14582218876856,201.46994815175617,195.74675259915045,200.6036834716797,49609600
2024-03-21,201.99126615219924,203.89407944963096,201.8351340638009,202.9085235595703,43067300
2024-03-22,202.82073385220312,203.20129656612008,200.10800170898438,200.10800170898438,28437300
2024-03-25,200.7422416794592,202.0010212948255,200.53731644973297,200.56658935546875,20107800
2024-03-26,202.04005062472436,202.615770925226,200.0298984639391,200.20553588867188,23434800
2024-03-27,201.7961203424886,204.6357114475677,201.17160684177895,204.56739807128906,35028400
2024-03-28,204.99674787578658,206.75319669795286,204.76254973630577,205.21142578125,37675100
2024-04-01,205.67005766493483,205.69933057162362,202.92805288152545,203.2793426513672,25684200
2024-04-02,200.7715295060828,200.89838870008293,198.47838578918626,199.54202270507812,36632100
2024-04-03,198.4588488656255,201.4057636500238,198.36126259506423,200.8495635986328,27362800
2024-04-04,203.01586846768996,203.50377009107322,198.29298432683822,198.8394317626953,32265200
2024-04-05,198.2246452411633,200.72269884653485,197.9709417901588,199.50294494628906,27569400
2024-04-08,200.99592367838272,201.4252794360563,199.62980525812512,200.59585571289062,21331000
2024-04-09,201.23012890718303,201.96198127740422,199.52247337666694,201.38626098632812,23289100
2024-04-10,196.31208129399042,198.01973689977493,194.71176463615254,196.06813049316406,57130500
2024-04-11,197.08298385646,198.00024129501526,195.25823654119117,197.39523315429688,37184000
2024-04-12,196.36087304501385,197.02442696115344,192.8967687198343,193.88233947753906,35388700
2024-04-15,194.54586960962683,195.3850609157575,190.26209436880947,191.04273986816406,41119300
2024-04-16,189.70591328708733,191.4916350202171,188.68131689731436,190.34017944335938,43267500
2024-04-17,191.71607090896865,191.86243544460078,188.32027967611614,188.3300323486328,38589500
2024-04-18,189.01308052399764,190.9256613844648,187.50058255677968,188.17388916015625,40238200
2024-04-19,187.2956681688703,189.68638302557557,186.7101802943577,188.4666290283203,42666500
2024-04-22,189.51074940441293,191.5501745552996,188.2324346823638,190.57437133789062,31553000
2024-04-23,190.53532251505533,194.4970959112346,190.40847822726627,193.76524353027344,31838300
2024-04-24,193.3749385289058,194.09703833247778,191.7063232210085,192.89678955078125,28791700
2024-04-25,190.7109860096542,192.06735190630397,189.08139639926029,191.72581481933594,31915600
2024-04-26,192.23322508229217,194.07749248369157,191.66725745519938,193.56031799316406,24613600
2024-04-29,194.42878573207122,195.56072100669448,194.06774331620392,195.12161254882812,20494600
2024-04-30,193.3163519502815,193.84327907072586,191.01345604806542,191.15982055664062,30606800
2024-05-01,191.14033304121907,195.47290157398962,190.31089437640873,191.55992126464844,38782100
2024-05-02,193.97016547630201,195.2777382351029,191.7843608740026,195.08258056640625,27201000
2024-05-03,198.48812071142353,199.21997306801094,196.25352317781505,197.0146484375,30880600
2024-05-06,198.54666421530118,199.824963934319,198.45884550702687,199.56149291992188,23129800
2024-05-07,199.8152335653239,201.16183191121772,199.5517625215199,200.01039123535156,20116900
2024-05-08,197.814833081661,199.0248344538667,197.6587009904908,198.84918212890625,18349400
2024-05-09,199.03457778200743,201.00570439416094,198.4881303781411,200.87884521484375,22914300
2024-05-10,201.3569951213503,201.62045126334564,198.75158748946222,199.36634826660156,21520200
2024-05-13,201.09352240306873,201.55215109175836,199.64933785654338,199.78594970703125,18585300
2024-05-14,202.11811580093752,202.71335633149914,200.92763473981424,201.85464477539062,33169000
2024-05-15,204.14780757736017,204.69425502330833,202.69385535258112,204.3722381591797,33412300
2024-05-16,203.845288256353,204.28441162036142,202.8987579345703,202.8987579345703,26731100
2024-05-17,202.97683737940903,203.4745065875863,202.3328185228601,203.04515075683594,35219800
2024-05-20,202.98658110542127,204.41124540607802,202.7523829826288,203.49398803710938,15695900
2024-05-21,202.8011586489195,203.64034990466445,202.56696054630223,203.29881286621094,13466800
2024-05-22,202.50843093318645,203.18173750366373,200.82029561604787,201.5814208984375,20853100
2024-05-23,202.4889148012698,202.59625374786125,197.45378165185878,198.27345275878906,34039800
2024-05-24,199.83472839323377,200.70319263529294,199.02482484971938,200.46900939941406,19946100
2024-05-28,201.9620023029246,202.07909392968608,199.03459251727799,200.19580078125,18475900
2024-05-29,197.6294205480747,198.09780191414814,196.89756814939582,197.23910522460938,25654800
2024-05-30,198.5954811096152,199.9811199343812,198.16612529836289,199.11265563964844,20428200
2024-05-31,199.99086510382372,201.2886851611203,198.16611786403382,200.79103088378906,25784900
2024-06-03,202.50841614107637,202.5376890429089,198.23439379863984,199.65907287597656,23902900
2024-06-04,198.23441794612555,199.55175824735392,196.77071311790533,197.08297729492188,27098900
2024-06-05,198.38078213458436,200.0981903076172,196.90730985795443,200.0981903076172,20707600
2024-06-06,199.23947760223453,199.85423834393825,198.07828437506814,198.66375732421875,17335500
2024-06-07,196.65360556799234,198.25392212164283,195.82416694335262,196.3315887451172,26036000
2024-06-10,194.69226444174407,197.23911146531253,194.19459526556795,197.00491333007812,25075300
2024-06-11,195.35313799741425,196.70351009285292,194.15933381211235,196.3316650390625,23768400
2024-06-12,201.4493779196833,202.81932487699075,198.73886848711192,199.34555053710938,43668700
2024-06-13,198.9052025661312,199.16939412576266,196.20445828523722,197.603759765625,28021100
2024-06-14,195.27487156994687,195.7445604113781,193.68966239815458,194.4626922607422,33453700
2024-06-17,193.86577651241473,196.63500988628218,193.1710306606672,196.09681701660156,25538100
2024-06-18,196.1555342691722,197.35911833084793,195.7347598836559,196.43930053710938,25446900
2024-06-20,196.01856901191252,197.5254942774809,194.94218315712112,195.60757446289062,27999700
2024-06-21,195.63691807176755,196.106621835315,194.19849695571224,196.04791259765625,37511300
2024-06-24,196.38062798947215,198.33768240773404,196.2240600525375,196.8992462158203,22289600
2024-06-25,196.81117035210926,196.8405249721024,195.52930217527776,196.25340270996094,15925400
2024-06-26,195.04980575485678,196.27296461179702,194.54096748965088,195.73477172851562,19313500
2024-06-27,196.32188961299616,197.80923999974092,195.6662782719038,197.72117614746094,17432600
2024-06-28,199.50213354938987,200.24580885823997,196.99710626574702,198.53338623046875,35026000
2024-07-01,199.14982758558773,199.44338868414556,196.17509701920366,196.86985778808594,21886200
2024-07-02,197.19278884465368,197.92668418257523,196.58609187879742,197.54505920410156,17219100
2024-07-03,197.90711914397764,198.9150009295522,197.30043707957262,197.4961395263672,15167200
2024-07-05,196.88945802127287,197.3004376400508,195.58801509623962,196.55674743652344,17282500
2024-07-08,198.16153473282017,199.32598447121026,197.50592331102487,197.9364776611328,20823800
2024-07-09,197.58420146079473,198.17132372659202,196.22404931179912,197.0753631591797,17864200
2024-07-10,197.946255874724,199.2183441898251,197.1634460787908,199.00306701660156,19286100
2024-07-11,203.43577801123297,206.6942750442668,202.4964003571615,206.1560821533203,65443600
2024-07-12,208.3480162716798,210.3246454593882,208.09360456678294,208.56329345703125,50810700
2024-07-15,210.1778623018066,213.553793272776,209.6983935033114,212.52633666992188,48925300
2024-07-16,214.43445643785083,220.03163338410235,214.31703794829636,219.7772216796875,67945700
2024-07-17,217.5852997175704,221.773394764467,216.90033369235636,217.4776611328125,66092100
2024-07-18,216.65569951693433,219.95333122917236,212.32081648520548,213.26998901367188,53180000
2024-07-19,212.9568827525457,213.95496976224078,211.21510550291273,212.183837890625,37933500
2024-07-22,213.0057817139956,215.9120085285547,210.75518122585774,215.5597381591797,36185900
2024-07-23,214.50294152708386,218.94544818536724,214.33657877341756,217.84950256347656,44884600
2024-07-24,216.32300833567848,219.0530925664509,213.0449363483167,213.17214965820312,42443000
2024-07-25,213.7592525271224,219.20965590926434,213.51462074008492,215.833740234375,45053100
2024-07-26,219.09221388939469,220.55022465805777,216.93945723428223,219.4053497314453,40822600
2024-07-29,219.88483256148965,220.57957844531995,216.02943337482313,216.96881103515625,33869700
2024-07-30,217.9375903758271,219.64023316651702,216.3621609056381,217.7908172607422,26876800
2024-07-31,218.90632747772574,223.7206795318942,217.2134646636023,219.0531005859375,52387700
2024-08-01,218.96502546925888,220.06097110396425,210.44204738674,211.92941284179688,71508100
2024-08-02,204.36539453293574,206.6551444052035,202.54533349651138,204.4338836669922,66850200
2024-08-05,193.6505300585486,200.3436675631232,192.47630038567004,197.8582000732422,65683100
2024-08-06,198.65080358549125,202.79976433232568,196.8796717238512,200.01095581054688,37072500
2024-08-07,203.38689416756395,203.49453276192992,197.23194942533496,197.64292907714844,30594500
2024-08-08,200.03053109615698,202.555133097515,198.80737207986763,202.44749450683594,26550300
2024-08-09,202.60407616854891,202.6725653139075,200.53938301194708,202.02674865722656,20954500
2024-08-12,202.17349927638338,202.5355495514717,199.44341504063112,200.2066650390625,20357900
2024-08-13,201.66465194369772,203.90548742511822,200.46106775866178,203.50428771972656,25458300
2024-08-14,204.15011366701404,204.2675321410589,201.32217094503724,202.24197387695312,25345600
2024-08-15,206.7236427089172,208.52414403326978,205.4026399999233,207.4868927001953,42561600
2024-08-16,206.8312824264573,209.3852389285311,206.74321856493674,208.03488159179688,30427400
2024-08-19,208.3871492585964,210.58883535481172,208.25015605429968,210.57904052734375,17246200
2024-08-20,210.27568137139866,210.33439060658762,207.49666807744174,208.1229248046875,21703900
2024-08-21,209.67878060376987,211.02915274631127,208.25013943456764,210.8334503173828,19623100
2024-08-22,210.94112297769968,211.72393281990318,208.55351413801327,208.97427368164062,18084300
2024-08-23,210.55944401240765,216.3327625814547,210.17781905913756,215.64779663085938,40003100
2024-08-26,217.16452460417798,217.67336290611087,215.35425832392787,215.71630859375,24865500
2024-08-27,214.2093776055147,214.65949172386365,213.0351480357768,214.04302978515625,19577900
2024-08-28,213.1917050141314,214.41486394946037,211.62607053559395,212.5948028564453,19685000
2024-08-29,214.0821413554179,216.2348978243956,212.48713752655183,214.1114959716797,24599500
2024-08-30,214.99219779433048,215.76522764112144,212.73178762926696,215.354248046875,23010500
2024-09-03,213.44612677847,214.65949085881584,208.33821398611227,208.76876831054688,31338500
2024-09-04,208.19143191040897,210.74538837960165,207.1541955161484,208.41650390625,23706300
2024-09-05,208.9546711777379,209.43415483381438,206.3909349437219,207.37924194335938,23910500
2024-09-06,207.37922317501392,208.61217677015696,202.69208534166623,203.43576049804688,34561300
2024-09-09,203.6804106800305,205.74510346625874,203.06394875782135,204.00332641601562,23584100
2024-09-10,204.238190075609,204.37518328079423,201.37109773197184,203.8369903564453,23025700
2024-09-11,203.01502233235476,204.7567994076154,199.82502930341266,204.4338836669922,27175600
2024-09-12,205.402638416734,208.21100656988966,203.93484768618333,207.06613159179688,27611700
2024-09-13,209.43414770561716,212.58500606713318,209.34608385274493,212.1740264892578,37388100
2024-09-16,212.9568458398064,213.6026623426256,211.49883516577702,212.93727111816406,23289000
2024-09-17,214.8649867346273,217.03731813484399,213.77882103451898,214.69863891601562,35563500
2024-09-18,214.52250054484705,220.10989707934775,213.5635481291556,214.73777770996094,54085200
2024-09-19,219.83590692871604,219.8554667207464,216.74375763808092,219.1607208251953,35369500
2024-09-20,218.6518920352075,218.66168686278695,216.5382697753129,216.81227111816406,34587500
2024-09-23,217.90820313606568,218.31918272792856,215.29553756063402,216.01963806152344,20157700
2024-09-24,216.87097744311393,217.16452364375826,214.78670983170272,216.3817138671875,20939800
2024-09-25,216.32475969607572,216.6094942905324,213.59515798607,213.74244689941406,23242300
2024-09-26,216.49166854643232,217.1200622707818,214.41993041142118,214.88140869140625,24974700
2024-09-27,216.85496734997182,218.56341991433885,215.54908351925678,216.33457946777344,23959600
2024-09-30,215.44108538172003,217.57173329301006,214.61632134807672,216.88442993164062,21938200
2024-10-01,216.17746585241704,216.3443812980626,212.37764869180253,213.93881225585938,30016000
2024-10-02,213.0551458783409,214.78322494606934,212.28929146338604,213.64425659179688,14455400
2024-10-03,212.30893202888365,213.2907982649465,211.1797918502473,212.21075439453125,21353000
2024-10-04,215.31342501946955,215.99091507136225,213.34969268683614,215.17596435546875,27901500
2024-10-07,214.67523208971332,214.69487360931322,211.95545843557835,213.48716735839844,14891800
2024-10-08,213.68354149583556,214.4101128803224,212.77039815797082,213.6344451904297,18118600
2024-10-09,213.58535551534212,215.62763903049589,212.986416527811,214.10574340820312,18230700
2024-10-10,211.9849092046081,212.94714887959344,210.70849511451922,212.91769409179688,24571400
2024-10-11,212.83914150857328,217.59137034631635,212.78023193339212,217.24771118164062,19950900
2024-10-14,217.4342700450622,219.0641715556377,216.43276231202202,218.84815979003906,19263300
2024-10-15,218.53396923945013,221.4108300392445,217.95465678998835,219.02490234375,25998800
2024-10-16,220.81188326016303,223.05053693820022,220.3209501731884,222.6283416748047,27656700
2024-10-17,222.79529032692528,222.8443866393567,220.83155768639622,222.0196075439453,18003600
2024-10-18,222.54978460755945,222.913070287898,221.30281040514038,221.55809020996094,20047400
2024-10-21,221.53846558028079,221.59737515250865,217.51280834770483,218.07247924804688,24243800
2024-10-22,217.45390967686393,217.80738211004007,216.3051280145638,217.24771118164062,15813900
2024-10-23,216.04001093942207,216.79605208094262,213.42824334659744,215.26434326171875,23263500
2024-10-24,216.4327427796038,217.03168171524044,214.5672031346179,215.73562622070312,18381900
2024-10-25,217.29681456954606,217.94484988183524,214.55741435972695,214.9207000732422,23807800
2024-10-28,216.78623459537465,218.92671073059097,216.48185846645197,218.42596435546875,19877700
2024-10-29,216.73714323180397,217.87609659984423,215.98110208775933,217.71900939941406,20282200
2024-10-30,217.06118326889683,220.40933585963876,216.8942528189353,217.42446899414062,19754800
2024-10-31,217.2084515380255,217.7484809682501,213.68355532033473,213.81118774414062,24078400
2024-11-01,215.5196383573549,216.96298291986426,214.3806699302432,215.00906372070312,21222200
2024-11-04,214.53777425644168,217.71902627970053,213.88973893987395,216.09893798828125,20463700
2024-11-05,215.3625537183266,220.22278897623704,215.08763234897225,220.16387939453125,26404600
2024-11-06,232.29970871611272,233.27176159767632,228.52934629770783,232.9182891845703,75554600
2024-11-07,232.59428274373255,234.16527465133385,231.13129671705497,232.09353637695312,34970300
2024-11-08,231.65169720934648,234.14564587472867,231.3767758578683,233.80198669433594,26597800
2024-11-11,236.15846742973096,237.994552466865,235.50061886018074,237.3170623779297,29207700
2024-11-12,235.60862675257385,237.40542876625807,232.27027258685087,233.15396118164062,35314300
2024-11-13,234.61693565151612,235.53007904773781,230.57165152664075,230.84657287597656,25947700
2024-11-14,231.67133273312112,232.14262432601558,227.01729641634796,227.7340545654297,29272100
2024-11-15,228.0089770852322,228.07769993063232,223.67894341606504,224.3367919921875,37930000
2024-11-18,225.06339035882124,226.41837062225147,223.99315970714196,224.7786407470703,29368500
2024-11-19,222.48108194706728,226.63438719485455,222.294524952408,226.4478302001953,26009400
2024-11-20,226.05503678761445,226.74234008789062,223.9047475479668,226.74234008789062,24222700
2024-11-21,227.9500669036643,231.29823433413557,226.91910436868088,230.188720703125,28679400
2024-11-22,231.36695475247922,234.9016791261771,231.06257862237263,234.44020080566406,22693100
2024-11-25,237.11089234782892,240.53759606199688,237.01269972740806,238.00437927246094,33534000
2024-11-26,236.80646494757787,237.22867517221243,235.088199228019,236.25662231445312,22581400
2024-11-27,237.621449060054,239.27099217358733,236.0799268168904,236.58067321777344,19472800
2024-11-29,237.97489609204987,239.06476812750049,237.1599453824707,237.4839630126953,16782700
2024-12-02,237.8472850156116,238.25966704141197,235.65771249816834,237.3661651611328,25274800
2024-12-03,237.15996553737122,237.7490912754986,235.0293175897513,235.67735290527344,21376700
2024-12-04,235.92283524493703,237.28762881352617,234.8722460862546,236.5217742919922,19903000
2024-12-05,236.1584511209906,236.49228201703576,233.42886441645484,233.7626953125,20227000
2024-12-06,235.4416955921744,235.53988820754844,234.05727560077423,234.5972900390625,20760900
2024-12-09,236.1879374937019,237.00288830686245,233.3405162822812,233.4190673828125,16684300
2024-12-10,233.27177716603913,234.48929666623565,231.64187565337835,232.40773010253906,19946500
2024-12-11,234.38128486302512,234.9507540691228,232.53537163111554,233.4583282470703,23156900
2024-12-12,232.85940124672703,233.34050611614617,230.10035950741604,230.4243621826172,21454500
2024-12-13,230.11999633768474,230.60111621071277,227.67515887745978,228.8435821533203,23972900
2024-12-16,228.6864665740682,231.35714391063354,228.13662388396762,230.188720703125,32293500
2024-12-17,229.12909280526267,229.88737871145432,227.04136098863177,227.55345153808594,33064300
2024-12-18,228.70564322129357,229.53285601072173,215.5883474464816,217.4791259765625,52267500
2024-12-19,219.85244641361894,221.0144812468582,215.992105148761,216.5140380859375,51871700
2024-12-20,215.27324257432412,221.24101607847123,214.7513095798408,218.54270935058594,53882200
2024-12-23,218.36543071151968,219.01537500837816,216.0413460312983,218.0404510498047,29606800
2024-12-24,218.6411801594684,220.22667888359572,217.12460832252626,219.99032592773438,13399600
2024-12-26,219.03508605520153,222.6984742136856,218.0995466926288,222.24546813964844,20024800
2024-12-27,220.87663301308947,222.00914073859897,216.84888033935928,219.00555419921875,26956000
2024-12-30,217.31172131574442,218.4343715705096,214.53464543356628,217.32156372070312,25706100
2024-12-31,218.73965564339747,219.88200575672704,216.79963494239607,217.59732055664062,26208300
2025-01-02,219.53731881314084,220.95540648845187,216.25800984719936,217.77456665039062,29363000
2025-01-03,218.6904260295762,221.3985750445096,218.0109244179413,221.01449584960938,24525300
2025-01-06,222.32426887266666,223.71281441179565,220.72892763077496,221.1031494140625,23541900
2025-01-07,222.14701156697762,223.0727085770364,218.01093229102656,219.33053588867188,28835200
2025-01-08,217.53822136700035,218.9267668502563,215.67698498416232,218.33590698242188,26795900
2025-01-10,214.98762362220523,215.38154519556917,212.0332794415476,213.5301513671875,37379400
2025-01-13,211.23562235771854,214.20966656292254,210.7136893880514,213.9437713623047,28603800
2025-01-14,215.84436932348976,216.8783927474692,213.91420629019427,216.37615966796875,25447500
2025-01-15,222.00913519161304,222.14700399522647,219.60626602014548,220.63043212890625,30124700
2025-01-16,220.7387407907456,221.80230648661978,219.32066822281803,221.07357788085938,21029800
2025-01-17,223.47643870432842,223.51583837570487,221.25083812185883,222.02882385253906,26754900
2025-01-21,224.05747989938976,226.3914071293444,223.53554693257774,226.2929229736328,26086300
2025-01-22,225.85960041985152,226.35199107694598,224.3627286148447,224.8157196044922,21307300
2025-01-23,223.47645076941885,225.85963513948616,223.10224403057103,225.83993530273438,20850700
2025-01-24,225.33769741683776,226.72622783384128,224.56955406543034,225.2096710205078,19074500
2025-01-27,223.25980448629397,226.12550702584994,221.78263234209257,223.05299377441406,27461700
2025-01-28,223.2893366728629,224.09684959484844,221.7530650897475,223.29917907714844,16847400
2025-01-29,223.23025803441644,224.7468299241545,221.16222594828207,222.787109375,20280500
2025-01-30,225.04225110136542,226.5489654503849,223.4665948411731,225.05209350585938,25575100
2025-01-31,225.26875273747652,226.8148667996206,222.1075977267146,223.03329467773438,35330700
2025-02-03,218.1389145247745,222.11743965011766,217.31170178541166,220.42361450195312,34023300
2025-02-04,220.19714655932432,223.6734240071846,219.81308238036044,223.47645568847656,17985500
2025-02-05,224.58925571260625,226.00734340883486,223.43706321606362,225.9088592529297,15197300
2025-02-06,227.00193616178365,227.18904701642126,223.84079654645168,225.1702423095703,18809400
2025-02-07,225.36722560472316,225.76113214745985,222.14698627352223,222.5605926513672,28914400
2025-02-10,223.9097584934174,224.05748473016982,222.4227438801754,223.56509399414062,14574700
2025-02-11,221.62506531316407,222.97421107280917,221.388712358813,222.26516723632812,18215700
2025-02-12,218.87752399304696,221.0637400573783,218.41467550027403,220.21682739257812,25572800
2025-02-13,221.6152206746988,222.89543962150074,220.34485915983814,222.698486328125,21419400
2025-02-14,223.81128579310646,224.5104722122375,222.17654496918075,222.53106689453125,13574500
2025-02-18,222.70831631843672,224.20518831247955,222.07805679882483,223.752197265625,15166500
2025-02-19,221.97960350437828,223.69311371267867,221.65462380328637,222.98406982421875,16194800
2025-02-20,222.57045928337354,222.74772776550145,219.61611481154122,220.8470916748047,18507700
2025-02-21,222.56061785063915,222.91513978987123,214.1505904957629,214.48541259765625,45036900
2025-02-24,215.4603079058087,215.4603079058087,211.87570434377588,212.93927001953125,30246200
2025-02-25,213.07715667568166,213.96346899307983,210.24099632909562,212.13177490234375,33665100
2025-02-26,212.77188106721357,215.08612352215414,211.5704464769771,212.3976593017578,25464200
2025-02-27,212.3582852849487,213.1953555832942,208.99033430697372,209.15774536132812,29378500
2025-02-28,208.41912951216,211.39317347079034,207.7494853902091,211.38331604003906,32015400
2025-03-03,212.12190924440387,212.67339945513092,204.26335781704748,205.6026611328125,36330000
2025-03-04,202.7960466272195,206.57761899893018,200.09775494028065,203.27859497070312,56427100
2025-03-05,203.30813102638876,205.66175813341874,201.70294745190952,205.29739379882812,35778500
2025-03-06,202.64832027754863,204.95270520388803,200.79692639147834,202.1559295654297,39206300
2025-03-07,201.8506532580911,203.95808494175168,198.65995597819614,202.81573486328125,43514000
2025-03-10,200.34393366924894,201.6241525153247,195.72530642409674,197.71456909179688,39442800
2025-03-11,198.05921902497337,200.12726585725196,195.50863895131505,197.69485473632812,51509700
2025-03-12,199.95987155665517,200.64921554954782,196.51313656562002,198.03955078125,36881700
2025-03-13,198.20696037258384,198.95538884131827,194.00193950679838,195.085205078125,31336900
2025-03-14,197.19264230566256,199.97957560313787,196.30632998764918,199.80230712890625,34089400
2025-03-17,199.62505740166202,202.88468164688405,199.51673083943837,202.32334899902344,26947600
2025-03-18,201.19818690484962,201.2672684660002,199.71769992265146,200.56651306152344,22888000
2025-03-19,200.70469133829556,204.97835050918906,200.2605331951938,203.68539428710938,31595600
2025-03-20,201.66204643895287,204.60327595761308,201.54359725558464,202.3924102783203,25665900
2025-03-21,200.0828888725333,201.76077116550186,199.135370544342,201.1389617919922,39470200
2025-03-24,204.2677127883947,206.5081720502588,204.00122093784628,206.1429901123047,25774700
2025-03-25,205.9752041411996,206.54766086723419,204.39601213418754,204.99807739257812,17836900
2025-03-26,205.25472228044782,206.1035354211475,202.01737688360137,202.91554260253906,19344600
2025-03-27,202.65890758329917,203.6656428374941,201.10932414986723,201.94827270507812,23960000
2025-03-28,201.8791981138432,201.9186862004358,196.78633434474256,197.8424072265625,26656200
2025-03-31,194.91103533350986,198.02993141799834,192.94693230901544,196.8948974609375,32250800
2025-04-01,196.40140244720862,198.6122533007929,194.1017109315992,196.9146270751953,26054100
2025-04-02,194.22015254708734,200.68494876513736,193.98326920638388,200.02366638183594,36603000
2025-04-03,190.59788833054728,192.52251833112348,186.73874877792275,187.18289184570312,60551500
2025-04-04,180.23447254338618,181.6557423512859,174.37174211594544,178.83294677734375,92612800
2025-04-07,172.05231923501026,187.77508237238942,169.49600049171474,177.2142791748047,96706200
2025-04-08,183.2744124971355,183.5014162737921,170.0980729350363,172.5458221435547,61090600
2025-04-09,170.47313065644326,189.61089047591042,169.5058834440602,187.21249389648438,123015100
2025-04-10,182.119634482438,183.0671376737285,174.67771182689765,179.34619140625,67503000
2025-04-11,178.78360252439856,182.4453468543634,176.2569072195447,181.9617156982422,44954400
2025-04-14,185.3668481240794,185.52477035888626,180.66877459077438,184.10350036621094,35214600
2025-04-15,183.9159403482875,186.59069318142207,183.42244473821248,184.33047485351562,30715500
2025-04-16,183.28428116950147,184.30088100241105,180.18512909377583,182.56378173828125,35063300
2025-04-17,182.58353074701625,184.99177693086844,182.0604265492643,184.05413818359375,42359200
2025-04-21,182.593387852705,182.8796086990268,178.41841893111678,180.36279296875,26019000
2025-04-22,182.74140801152805,185.65304399389535,182.14922234923387,185.03123474121094,34477100
2025-04-23,190.4103657543358,192.9666696869549,187.37043064785937,187.7751007080078,44866100
2025-04-24,188.2784332753273,191.84147206025244,187.4197557625463,191.53550720214844,29820100
2025-04-25,190.2129600579711,191.73291999762085,189.0581820714214,191.59474182128906,25029000
2025-04-28,191.96981990183153,193.5983496249535,190.02544571394068,192.4040985107422,22482300
2025-04-29,191.94020242256954,194.2991110653392,190.4991884747168,193.53912353515625,20118200
2025-04-30,190.6274928333569,192.93704878521032,188.23897577285575,192.3251190185547,29046100
2025-05-01,193.16407644589478,195.09857098513177,191.2197023549432,193.51939392089844,33169700
2025-05-02,195.74996893629535,198.59250844691945,195.60191121828075,197.8719940185547,30201800
2025-05-05,195.98688405153533,197.89177017137644,195.50325285734112,196.35206604003906,20834200
2025-05-06,194.0326151075837,196.00659769797034,193.09497638920843,194.2102813720703,24642100
2025-05-07,195.5229838191082,195.97699138628198,193.4897690773084,194.85182189941406,23623300
2025-05-08,197.17125048182302,200.1026157623678,195.68088402359348,198.56289672851562,32646300
2025-05-09,198.91822283113356,199.648601825324,197.35878980780342,198.19772338867188,17203000
2025-05-12,206.12326106911425,207.00168273048533,203.142558163509,205.16587829589844,38207200
2025-05-13,206.21208570888018,206.8832476262787,205.25471800042948,205.91600036621094,28295800
2025-05-14,205.3336609744974,205.82715661860678,203.8433095509922,204.09005737304688,26316100
2025-05-15,203.89266110919436,205.48171767770225,202.71813907243308,205.42250061035156,21563700
2025-05-16,205.70871188670074,207.39647352914204,205.07703809719166,207.1201171875,28906400
2025-05-19,204.1098023571944,206.3700057911126,203.57681862533434,206.25157165527344,25859600
2025-05-20,205.9456186386119,207.03130008708376,205.25472770589477,206.3601531982422,22053100
2025-05-21,203.9420215737002,204.90926885185448,200.2013160315824,200.56651306152344,36704400
2025-05-22,199.65844449522217,201.71138801155408,198.90833660014133,200.55661010742188,31831300
2025-05-23,197.18110758998247,200.6158328685756,197.0527939102262,199.92494201660156,29114600
2025-05-27,202.96487784924662,205.04742996660184,201.5041350319497,204.99807739257812,31655900
2025-05-28,205.00795587373463,205.32378523731424,202.53059823740878,202.83656311035156,26046700
2025-05-29,204.25784900537087,204.36641865210203,201.81011476850432,203.4386444091797,32749500
2025-05-30,202.4714100561054,203.56697108471852,200.89221783205818,202.40232849121094,37768900
2025-06-02,202.6490553293206,203.16227994768832,200.03351942062463,203.0339813232422,30334300
2025-06-03,203.77423119636907,206.88324777902835,202.876065495497,206.310791015625,37702200
2025-06-04,206.45884908808364,207.27805373853104,205.43238468215398,205.72848510742188,27225300
2025-06-05,205.98507797082044,207.1003829410992,204.3071957999804,205.81729125976562,35728700
2025-06-06,208.74865738494447,209.37046671559727,207.86037124997637,209.14344787597656,32144500
2025-06-09,211.08783281735052,211.4925028807431,209.78501208144047,210.58447265625,33984400
2025-06-10,211.67017541928493,212.62754319082717,211.02862199387428,211.71951293945312,30182200
2025-06-11,212.77558213404723,213.12102004617157,210.5252432185202,210.8509521484375,31113400
2025-06-12,209.40995858359292,210.4956551220615,208.87698986671313,210.01202392578125,25367000
2025-06-13,207.11026145193125,208.6894536374392,205.5113402828168,206.17262268066406,60580000
2025-06-16,208.31633567764698,209.77122580475884,207.4849742055642,208.60336303710938,28974000
2025-06-17,206.910940923648,208.2866516524059,206.22803144283753,206.40618896484375,32843200
2025-06-18,206.2973350066823,209.2170073419927,205.6441158789091,207.49488830566406,42850500
2025-06-20,208.93986510273817,209.07842534859597,206.3171121983105,207.0594024658203,36978100
2025-06-23,206.33690529066698,209.60298563939907,204.68407403067602,209.5930938720703,35516400
2025-06-24,211.09747233456025,212.72061330076852,210.17703954668113,212.26535034179688,31772500
2025-06-25,212.453381131525,212.52265370535912,209.71185144088253,209.79103088378906,27725600
2025-06-26,210.6421982221206,213.3342389652794,210.51352973525488,213.1956787109375,26261200
2025-06-27,213.8290862070605,215.17510649701558,211.9288249333476,213.2649383544922,47717300
2025-06-30,214.45261265178826,214.48231815807094,213.1758799590362,213.57176208496094,25558000
2025-07-01,212.41378464899992,218.2630357612863,211.9486148589033,215.76893615722656,43864800
2025-07-02,216.1252290259459,218.82717646770357,215.12561690438258,218.7578887939453,35735200
2025-07-03,219.727796239541,221.03423427182386,219.4902730350773,220.78680419921875,23515700
2025-07-07,219.29234939774906,220.52949985893977,216.1648294073947,217.47125244140625,41551200
2025-07-08,218.3125208786494,220.00493425311743,218.06509078631734,218.9756317138672,36339300
2025-07-09,220.28206745090796,221.39054941986254,218.84696084946634,221.3509521484375,32425200
2025-07-10,221.09364159958767,223.72630151243447,220.56909099088432,222.48915100097656,33865900
2025-07-11,220.87589541593343,221.24208712395347,219.29235186892518,219.42100524902344,31579600
2025-07-14,219.0943774684442,221.04412766306086,218.7875665924676,220.8956756591797,24632200
2025-07-15,221.76666522069414,221.92500901289563,216.54092742772622,216.5706329345703,44215400
2025-07-16,217.95622177973868,219.0943941680691,214.68024976097442,218.7480010986328,48199800
2025-07-17,218.80737714716804,221.8952998115864,218.44118544968956,221.61817932128906,43548000
2025-07-18,222.97410435962962,223.04339203720733,219.6981322212549,220.04454040527344,49009900
2025-07-21,221.24208869712123,222.10315570325128,218.97563565541472,219.15377807617188,28191400
2025-07-22,219.34182112096312,221.50931112340353,218.3916980334409,220.97486877441406,30873300
2025-07-23,222.5089574700563,224.37952850514768,221.7666671370528,224.34982299804688,37478100
2025-07-24,223.20173390832943,223.52834343071726,221.18269597028353,221.25198364257812,29446700
2025-07-25,222.11303797949,222.29119549456908,220.2523588985491,222.07345581054688,24555500
2025-07-28,223.0038081553602,223.12256977094256,221.13322209832842,221.81613159179688,24934900
2025-07-29,223.29081481795887,223.36999426033643,219.7773044598685,220.4008331298828,28685900
2025-07-30,221.3608589789108,222.61779296065612,217.8572404531755,219.28244018554688,48924400
2025-07-31,218.19375840614265,219.73771975989402,216.6299984165412,217.13475036621094,42913900
2025-08-01,213.99733281993994,214.33383411059933,210.1572130735586,212.710693359375,63854100
2025-08-04,214.32394891706556,217.48115931033374,213.8587791355031,217.47125244140625,34989600
2025-08-05,218.29271507687437,218.98551629227484,215.99657174841377,218.57974243164062,31337100
2025-08-06,218.6787149535204,218.71831222580607,217.12486180983464,218.292724609375,23142100
2025-08-07,220.47010558793158,220.54928503026773,216.26379398865583,217.5801239013672,37088000
2025-08-08,218.79751191133687,219.29237214714996,217.48118187184167,218.0552215576172,28318100
2025-08-11,218.50056696452475,219.4012010099508,217.55042877903622,218.00570678710938,25212800
2025-08-12,219.5694803017847,224.64673576588777,218.87666392912683,224.47848510742188,43815500
2025-08-13,225.91357584238878,229.080693242841,225.48800331408984,228.84315490722656,41705800
2025-08-14,226.09172462372354,226.448024562395,223.84505514649155,225.89378356933594,55945500
2025-08-15,226.28966888221478,226.42822913244146,223.7163898329369,224.79519653320312,33571400
2025-08-18,224.87437840224996,226.11152890045315,224.60714966609632,225.61666870117188,20144100
2025-08-19,225.67605032504468,226.62617345401785,223.36999997582078,223.88465881347656,25000700
2025-08-20,223.6075239865383,224.05291025060276,221.3905599432499,223.09288024902344,29229700
2025-08-21,222.10316380022041,223.99353343304318,221.47963510096986,223.64712524414062,24539400
2025-08-22,225.03271045077722,232.9999622640186,224.8446611685495,232.41603088378906,58205500
2025-08-25,231.73312129648113,231.8914801763655,229.97142028808594,229.97142028808594,28453700
2025-08-26,230.43659731572205,232.45562024105993,230.19905898841515,231.87168884277344,25121500
2025-08-27,231.33723620644432,233.6927603310371,231.1590786933953,233.51461791992188,25395400
2025-08-28,234.52413125403078,234.5340230204327,232.9306809511824,233.79173278808594,25011200
2025-08-29,234.30641651848228,234.5835370265685,231.96076886526922,232.75254821777344,29254800
2025-09-02,229.60523576678597,231.9904503986115,229.09057694204773,231.49559020996094,33108600
2025-09-03,230.87207748313685,232.84161137590726,230.07040639091025,231.26795959472656,33252400
2025-09-04,231.82220299831602,234.23712316911275,231.17889078482077,234.15794372558594,30323800
2025-09-05,235.27633188305632,237.21617538677896,232.53480217929388,235.32582092285156,47542500
2025-09-08,236.05820993184045,236.107698972807,233.960007491887,235.80088806152344,31487700
2025-09-09,235.4544622170162,235.51385812288217,232.99996000890647,234.41526794433594,35395800
2025-09-10,234.87056211695318,235.82070041218603,233.03958831019284,233.99960327148438,33910200
2025-09-11,234.41526892632334,238.45331462996344,233.81153891392768,238.3246612548828,43629800
2025-09-12,237.73081876087238,237.8495954690455,235.75137811323492,235.8899383544922,46097600
2025-09-15,236.77081068321223,237.5724818031586,236.09780804985206,236.88958740234375,33014000
2025-09-16,236.66822434967324,237.1446333997298,234.99085013254944,236.49949645996094,37059300
2025-09-17,237.03548088501972,242.45467383574072,235.24892793349636,237.10494995117188,79955600
2025-09-18,239.00067747192801,243.31816395743635,238.33568571838362,243.01048278808594,49167700
2025-09-19,243.73504125825818,243.73504125825818,240.69789369116583,241.1643829345703,56092000
2025-09-22,240.4299142871118,242.9608477935262,239.3083531454436,242.5638427734375,53572900
2025-09-23,243.17921522887335,245.3329985993615,241.62095455809856,242.01795959472656,41854500
2025-09-24,242.07750994013557,242.78221129985226,239.75499866124633,239.79470825195312,36002200
2025-09-25,237.19425671377857,238.19671934627527,235.77494942487567,237.50193786621094,37209500
2025-09-26,237.82947231221308,239.8740768623684,237.54164595539623,239.53662109375,28942800
2025-09-29,241.0254297168939,241.11475357762586,239.0105996416043,239.81454467773438,26391500
2025-09-30,239.3083686620756,240.32075121714615,237.61113952989174,240.1520233154297,33447700
2025-10-01,238.77240338447385,241.2239329455022,238.75254858932885,240.6780548095703,28520000
2025-10-02,241.18424221466918,242.26609382277996,239.66567597526966,242.19662475585938,28687400
2025-10-03,243.51667871023943,246.23619493186112,243.19906257484865,243.9930877685547,34579600
2025-10-06,245.878882944208,246.62327871940096,244.23129847180667,244.96575927734375,31507400
2025-10-07,245.51165695806787,245.78956350755766,241.3728181909118,242.3355712890625,31766600
2025-10-08,243.4472071907466,245.11466169892054,241.97827034992486,244.87644958496094,25825000
2025-10-09,244.46950002379532,245.40247850274264,242.18668324132722,243.29832458496094,26243100
2025-10-10,243.9136801634774,245.0451611258915,235.78487594768384,236.01315307617188,70569400
2025-10-13,240.0229863180991,242.80206703221253,239.59619151259704,242.58370971679688,36298600
2025-10-14,239.42744957038843,247.73491660471703,238.56395532947255,246.047607421875,45320800
2025-10-15,248.48924727707015,250.8812427814342,245.21390268390743,248.45947265625,45369000
2025-10-16,249.09469403582884,249.3825204235658,242.17677431213409,243.22885131835938,52740400
2025-10-17,241.5018474063295,243.32809474089152,239.66566510210706,241.59117126464844,55379500
2025-10-20,244.7771781719498,246.47440721405,244.30076911328536,246.30567932128906,32545000
2025-10-21,245.58113919505018,246.51411772328044,243.6754876914354,245.14443969726562,26337900
2025-10-22,244.19158462961133,245.01538442384918,238.97089446930474,241.5216827392578,46578400
2025-10-23,242.46458546648836,245.27344067830364,241.85914296295545,244.57867431640625,28591000
2025-10-24,247.93343819766542,249.23364714388148,247.10963833709815,247.56619262695312,26627000
2025-10-27,249.89863961134188,250.32543442583147,247.6356775173542,248.42970275878906,31798100
2025-10-28,247.68530392637044,249.0252073067946,246.25606153810065,247.09971618652344,28075900
2025-10-29,246.98059991948207,249.26341675720798,242.86161584417238,244.99554443359375,56235300
2025-10-30,243.4372760812936,246.28582576745342,242.80205895161703,243.02041625976562,44538700
2025-10-31,243.15936628899047,244.9459040303369,241.86907725208525,244.3900909423828,37214700
2025-11-03,244.33055909729927,244.4198829617713,240.67806417657164,243.60601806640625,28887900
2025-11-04,239.98326225987242,242.23630434505233,239.19917205252793,239.39767456054688,34468700
2025-11-05,240.15202300160502,243.89384174521987,239.83440684953842,242.8516845703125,38229200
2025-11-06,242.43481855599123,242.96085704278133,238.2066558664789,238.55404663085938,40601200
2025-11-07,236.62852568767693,239.85424061856082,234.50451707743957,239.8046112060547,54978900
2025-11-10,243.17921591256314,243.4075081967989,240.4398448046771,242.20654296875,31238000
2025-11-11,241.55146860451163,242.9112418919344,240.70782912157034,242.41497802734375,27357900
2025-11-12,243.01048826705525,244.5389894679801,241.51177683152503,241.8194580078125,34543200
2025-11-13,240.03291343351793,240.8666331296416,234.07774678445418,235.02064514160156,65710000
2025-11-14,231.5964107656507,236.94613448324262,231.52694170166683,235.70547485351562,58344400
2025-11-17,234.69310121581427,236.06277911191455,230.02820901713,231.02073669433594,55765900
2025-11-18,229.58158509282447,233.32341884758492,229.23420947677505,231.72544860839844,63092500
2025-11-19,232.05299080492708,234.60377924523291,230.69321749000216,231.6857452392578,57280500
2025-11-20,235.46728068634576,237.3133828430372,227.18958802873308,227.3980255126953,95483000
2025-11-21,228.2416827988891,235.33824999009613,227.86451741624566,233.83953857421875,99504100
2025-11-24,234.19684490513868,238.593735387003,233.72042070053112,238.10739135742188,36135300
2025-11-25,238.94112850469702,243.71518440953443,238.2463469856368,243.29832458496094,46160800
2025-11-26,243.2189304613506,246.9706841801686,242.94102390031014,245.45211791992188,34636600
2025-11-28,246.1567899175531,246.9508151080965,245.22382659929332,246.89126586914062,18911800
2025-12-01,243.73503843998748,245.83919235116963,243.50674616111692,243.78465270996094,36920000
2025-12-02,245.52158598684827,245.52158598684827,243.28839853738128,243.33802795410156,31918500
2025-12-03,244.13203920274435,247.97311654947296,243.64569517837955,247.7646942138672,32846300
2025-12-04,247.10962915636065,250.77205888850196,246.6828343588952,249.93833923339844,40245800
2025-12-05,249.61080036522182,250.77205597378403,248.40983516700882,248.89617919921875,36956600
2025-12-08,250.81176526444062,250.88124947805673,248.31059103538308,248.9954376220703,29100000
2025-12-09,248.3800546825375,251.05987641938896,248.2311815867899,249.51153564453125,30170100
2025-12-10,249.0252035086654,254.65284911283777,248.66789291704768,252.90599060058594,51105200
2025-12-11,252.73726578616234,256.0820946038533,252.41966478127773,255.87364196777344,41345200
2025-12-12,256.0225405346723,256.27067246762334,251.54623077158243,251.9531707763672,57657700
2025-12-15,253.64046124629056,253.7794145209553,249.85893306562667,250.04750061035156,43120100
2025-12-16,249.30260476099497,251.11507010112945,247.44035877383777,248.8644256591797,43115300
2025-12-17,249.33248864222205,251.11507958323045,245.67769855306926,246.21546936035156,38132400
2025-12-18,249.1432614919246,250.3183795429759,247.18143903603925,247.6793670654297,39068000
2025-12-19,248.2470104217149,250.3582205168994,248.0279208613967,249.75074768066406,43610400
2025-12-22,251.2345741025572,254.06280176172635,251.15490379159434,252.52919006347656,40497300
2025-12-23,251.3739878080867,252.17067570459957,250.41797448871745,251.035400390625,24973500
2025-12-24,250.925872266895,251.8121836217492,250.07938847150848,251.66281127929688,12103000
2025-12-26,251.53332472492366,251.70261843116316,249.36235061876317,250.3781280517578,17429900
2025-12-29,249.22294318488622,250.45781022458533,248.3167256786223,248.8445281982422,25218800
2025-12-30,248.93414523097934,249.11339203129393,246.92251169706574,247.00218200683594,22123600
2025-12-31,247.1515567121519,247.2511483992098,244.99055082390532,245.1399383544922,35352000
2026-01-02,246.60385601216453,248.05779743875965,244.8411864239075,247.74908447265625,40007700
2026-01-05,248.7548742838663,252.4993027305365,248.53579993432874,251.6826934814453,37428100
2026-01-06,251.19474554482858,255.18812299425983,250.4777279445757,255.01881408691406,40677800
2026-01-07,255.33749620704148,255.73583256608075,252.91757319453964,254.4213104248047,33052000
2026-01-08,253.64453926277673,257.8570062052604,253.30595184421142,257.1997375488281,37957000
2026-01-09,258.5043110728011,260.47611707640004,257.02049522039874,259.1516418457031,36301500
2026-01-12,258.2055799790852,260.5757224660217,257.1698810790966,260.4163818359375,28423400
2026-01-13,261.3226033276642,261.8006251973436,259.3806717726527,260.2669982910156,33882400
2026-01-14,260.0479041321928,262.3682354363099,259.11179698174664,262.099365234375,37164300
2026-01-15,262.96575603814006,265.94335601465525,262.63713690135086,264.4097595214844,33465200
2026-01-16,264.76825150504897,266.11266329319164,263.61305480366576,264.6587219238281,33844900
2026-01-20,260.05787749479043,263.9815225833427,259.9781919874733,261.49188232421875,47911500
2026-01-21,263.5433573991926,267.4769705282831,261.83048379224016,266.6802978515625,59952800
2026-01-22,268.7118094284621,270.47449398775785,268.3035352151935,268.6719970703125,35110800
2026-01-23,267.9251286495007,267.935066544356,263.36409077766166,263.712646484375,42636700
2026-01-26,263.9715879177616,265.5848699628326,262.39811823571983,262.8861083984375,32119300
2026-01-27,262.9557903619885,263.76243136959306,261.5715661899831,263.63299560546875,26975500
2026-01-28,264.8778102049026,265.57489122387966,261.4719690507107,262.2088928222656,37139100
2026-01-29,262.97573693942996,263.96162478820776,258.33504370205276,262.27862548828125,43922900
2026-01-30,259.9881647079238,261.89025354526973,256.871130187759,258.57403564453125,59164200
2026-02-02,257.40888716337287,262.67694387669945,257.27942101207213,261.0935363769531,42896200
2026-02-03,261.96987850509583,263.9615905170808,257.4785581929134,261.6910400390625,54588000
2026-02-04,263.0653296673872,263.55328939161757,256.0744313537076,259.4403991699219,48826500
2026-02-05,257.42878547901046,260.5358514508403,253.99308519161283,254.7698516845703,48279600
2026-02-06,258.6636343308419,264.6188643039633,258.5042937198328,263.9217529296875,43354900
2026-02-09,263.74252343444306,266.56081319036696,262.2487392982776,265.7740783691406,29064800
2026-02-10,266.12264121064806,267.40727372057216,264.77822937384855,265.05706787109375,24661700
2026-02-11,267.3574837695425,267.8454435249658,261.0138853845763,263.8520812988281,41829400
2026-02-12,265.91346104914527,266.3516401251635,257.3192492049249,258.4644775390625,47628200
2026-02-13,259.5200945857015,264.0711640609934,257.43875907307796,261.87030029296875,45360300
2026-02-17,261.2927130550697,263.2644885671054,257.98646370312207,261.9499816894531,33734800
2026-02-18,261.94001332121513,265.8039396239448,260.7649104863768,262.8960266113281,36034700
2026-02-19,261.4819532957484,263.5433827940721,259.99810698503546,263.5035400390625,31006000
2026-02-20,261.7607722469699,266.2221879590529,261.0537229517273,263.5134582519531,47126600
2026-02-23,262.3084670985484,263.2744486444188,257.0304423991211,259.4105224609375,44001100
2026-02-24,259.32091849561954,263.04544092005057,258.78314770012446,262.23876953125,34884200
2026-02-25,264.15081847161343,264.1806929376056,261.3424971038912,263.48358154296875,26012100
2026-02-26,263.9118368124776,265.1367203745678,261.0337980736441,264.88775634765625,41206500
2026-02-27,261.0138948623686,261.67116354782814,258.69353308612426,260.3267517089844,40631500
2026-03-02,256.74163041590236,263.18481988848544,256.72172423689796,262.7167663574219,53495700
2026-03-03,255.73584950723875,260.0379554085336,252.26032123704508,258.1657409667969,59537000
2026-03-04,260.1176160043469,261.87030201056433,257.7474737100763,260.67529296875,37979700
2026-03-05,257.9167386000377,259.6794231900685,253.10676743832065,255.6959991455078,60414600
2026-03-06,250.44786154819343,252.2503586974075,248.90428152025285,249.850341796875,64192000
2026-03-09,246.5640045239366,253.59474605519165,243.3772680899403,252.5690155029297,65369500
2026-03-10,251.9117527700634,256.5823048742884,251.35406061851242,252.31008911132812,55879100
2026-03-11,251.29431925088056,253.32587416093008,249.54161802277875,251.80221557617188,50418100
2026-03-12,247.908424268805,248.7748142282663,245.5582032241845,246.384765625,61802900
2026-03-13,248.2270796472705,249.57149142600255,244.52249383466796,245.56814575195312,53933300
2026-03-16,248.72501952374324,250.42794017815856,247.2810311861673,247.8885040283203,48755700
2026-03-17,249.27719097589141,251.11283723653293,248.36936147481853,249.45677185058594,40642800
2026-03-18,247.8206696280403,248.6387163240215,245.29667308039598,245.43634033203125,43192600
2026-03-19,242.45341824329515,249.4966661940341,241.9446336813532,247.04251098632812,59219500
2026-03-20,246.38408626057796,246.9128276636263,239.7598396949907,241.64535522460938,76749900
2026-03-23,246.58359580607743,250.76365761006707,245.5261130554199,246.86293029785156,78746600
2026-03-24,244.92754236044698,249.5665197537807,244.0197128293134,248.18978881835938,45210800
2026-03-25,251.1427679243884,252.46961440848705,248.92803351906144,251.2225799560547,45671700
2026-03-26,248.2995232285758,251.26247830470308,246.57363180911813,246.85296630859375,46830200
2026-03-27,245.42635432838185,246.15463341864134,241.83490419072396,242.5232696533203,48114400
2026-03-30,244.7679219585388,244.78786354898818,238.12371891774902,239.04153442382812,51290500
2026-03-31,242.46339692754933,248.32945188649109,241.66530705287005,247.41163635253906,58660800
2026-04-01,249.32707254808628,251.84109820695582,248.51899667766813,248.96792602539062,51295900
2026-04-02,244.35889141066053,251.771256705617,244.28905017621042,250.69381713867188,30369200
2026-04-06,250.3945466187304,252.44965695551957,249.6562967446284,251.76129150390625,22151400
2026-04-07,250.6140185430932,252.87862207623573,248.92802558155137,252.3099822998047,34881900
2026-04-08,260.89954753718933,261.64776820433946,257.7969404510919,259.85205078125,46680200
2026-04-09,258.16605271685324,262.276273296629,258.16605271685324,261.3385009765625,26758400
2026-04-10,261.7774500505577,262.12662576477896,259.72233983507584,260.6800537109375,22365900
2026-04-13,259.62257366538563,264.73042164939943,259.40309439520496,264.4411315917969,23820000
2026-04-14,266.45635115975784,268.78084050946086,265.648275242013,268.0824890136719,24270400
2026-04-15,268.1423468558891,268.9504227815357,266.9551675685459,268.75091552734375,21670600
2026-04-16,268.8107565356257,269.70861524496405,267.41405360423624,269.3095703125,30847900
2026-04-17,273.09056363678235,276.9713495314102,272.47203940924874,275.125732421875,46462700
2026-04-20,273.99840994581405,277.01126473538915,273.87869950692345,276.6920166015625,22993900
2026-04-21,277.5200409236246,279.12623720536925,273.1105439417984,273.8587646484375,32235200
2026-04-22,276.9314180894915,277.35043504144795,274.24779763994167,275.8240661621094,20274300
2026-04-23,276.07348426995344,277.2107638512214,271.30482577460936,274.8663330078125,32886600
2026-04-24,276.0136243794261,277.4701520604947,273.57941075069436,275.99365234375,21568600
2026-04-27,276.1632653053457,277.5798793750334,275.5946102958115,276.4825134277344,23399400
2026-04-28,275.39506945151976,276.3129001815731,272.2725208341959,273.2601623535156,24139400
2026-04-29,273.27014016474544,273.7290402934027,269.71855822959566,271.4344787597656,29428900
2026-04-30,272.4820329150789,277.5599537765156,271.7936674312815,277.310546875,29220700
2026-05-01,277.99890740711186,279.14617304461314,275.91386940100114,278.617431640625,28936700
2026-05-04,278.03882610431344,280.12386414843724,275.4449882384273,277.22076416015625,28632300
2026-05-05,279.4654207088753,282.27873780996407,279.33572425138726,281.8896484375,24863200
2026-05-06,284.6829817699608,286.36897475746855,282.68772667896246,286.11956787109375,23330300
2026-05-07,286.8478487872096,286.8977179867352,280.48298013469935,281.5903625488281,28350400
2026-05-08,283.3661531496334,284.29393951446093,281.9395225376543,283.495849609375,22474300
2026-05-11,284.2440451646209,286.3689661990807,283.9148110351468,284.6530456542969,20150400
2026-05-12,283.36614142045306,283.38608301144234,277.61979691711826,281.8996276855469,27404600
2026-05-13,282.24879653301366,282.8872623260369,279.265869490763,281.9993896484375,20742300
2026-05-14,283.1666083473194,284.982297847797,281.2910636277208,283.7751770019531,17428700
2026-05-15,279.6349822928174,279.6649099006762,276.5822445105188,276.94140625,35408000
2026-05-18,278.07869446196264,278.4178841766605,273.2900943842351,275.3152770996094,27243300
2026-05-19,273.1604013320659,274.4273773802567,269.9879529799434,272.3523254394531,30276900
2026-05-20,274.25779992920155,279.4255034539349,272.76135856870656,279.2060241699219,31562000
2026-05-21,277.99889362333676,283.0069729079917,276.4924662972495,281.8197937011719,31680500
2026-05-22,283.426003818627,285.9300283615987,282.99703126266184,284.4435729980469,23849300
2026-05-26,287.70583516264253,289.8606839643037,287.05735287329577,289.82080078125,24506500
2026-05-27,290.4692561561424,291.0279251774643,288.6236390040142,289.6811218261719,24519900
2026-05-28,288.9528745725601,292.0454957966981,287.2968090922787,291.3371887207031,23710600
2026-05-29,290.6887251630068,290.7186527721911,287.64594281844177,289.740966796875,26952800
2026-06-01,287.68586492882105,289.92054100094987,285.59084088861124,288.29443359375,23826100
2026-06-02,287.7756278321383,291.17754135166444,287.71577261614937,290.9680480957031,18378800
2026-06-03,289.30199098825983,289.32196302331045,286.099615215707,286.9875183105469,29167300
2026-06-04,286.87777545503303,292.1851613207092,285.97991675028067,291.3172302246094,24307800
2026-06-05,288.4141181044229,288.7133941781847,279.4853397466996,280.9817810058594,35812800
2026-06-08,284.83264650495266,286.1594777271065,282.90720222917486,283.4359436035156,27277400
2026-06-09,286.49865958181994,290.17990751091946,276.961343069542,284.3437805175781,41761300
2026-06-10,283.9148112740411,288.31435227533143,281.0915387981565,281.3808288574219,39285000
2026-06-11,283.7651708592053,290.36946009205604,283.3960535524108,289.72100830078125,41468800
2026-06-12,290.93812920126356,295.0184222543192,289.6212535197146,292.2550048828125,34415200
2026-06-15,296.55999755859375,297.9100036621094,293.9200134277344,294.6400146484375,23889000
2026-06-16,295.5,296.79998779296875,291.5799865722656,292.0799865722656,23807700
2026-06-17,292.4700012207031,295.82000732421875,288.92999267578125,289.8800048828125,39920100
2026-06-18,294.54998779296875,295.9700012207031,291.4200134277344,295.5899963378906,32463200
2026-06-22,297.1300048828125,299.489990234375,296.1600036621094,298.17999267578125,22796200
2026-06-23,293.260009765625,297.75,292.3999938964844,295.32000732421875,26821700
2026-06-24,295.8800048828125,299.69000244140625,294.69000244140625,296.69000244140625,28664900
2026-06-25,299.5199890136719,301.5,296.7300109863281,298.9100036621094,27599900
2026-06-26,296.6000061035156,300.0299987792969,295.7300109863281,299.8299865722656,39832500
2026-06-29,298.1099853515625,299.1600036621094,294.67999267578125,298.9700012207031,24834100
2026-06-30,298.55999755859375,300.9800109863281,297.44000244140625,300.45001220703125,23230300
2026-07-01,299.92999267578125,302.7200012207031,298.9200134277344,299.32000732421875,20607900
2026-07-02,300.5400085449219,302.2300109863281,294.9800109863281,297.5799865722656,21178900
2026-07-06,297.75,300.4100036621094,297.6199951171875,298.8999938964844,18581300
2026-07-07,299.1700134277344,299.9700012207031,295.17999267578125,296.19000244140625,18057100
2026-07-08,294.0299987792969,295.1000061035156,290.67999267578125,293.4800109863281,24078400
2026-07-09,295.2699890136719,297.8800048828125,294.8999938964844,297.239990234375,16466800
2026-07-10,297.69000244140625,298.2099914550781,293.6199951171875,295.989990234375,15888500
2026-07-13,295.05999755859375,295.7799987792969,292.6000061035156,293.4800109863281,19375500
2026-07-14,295.489990234375,296.07000732421875,293.75,294.510009765625,18326900
2026-07-15,295.25,297.1400146484375,294.1499938964844,295.7699890136719,18832700
2026-07-16,294.6499938964844,297.80999755859375,294.3500061035156,295.5899963378906,24081300
2026-07-17,292.0299987792969,296.1300048828125,291.6400146484375,294.0400085449219,28738500
2026-07-20,295.010009765625,295.989990234375,292.17999267578125,292.30999755859375,20539900
2026-07-21,293.42999267578125,296.75,292.67999267578125,296.5400085449219,18190200
2026-07-22,295.70001220703125,296.44000244140625,293.4100036621094,293.7900085449219,19116000
2026-07-23,290.8699951171875,293.010009765625,290.1700134277344,292.0899963378906,27795100
2026-07-24,293.4100036621094,293.9700012207031,290.4800109863281,291.1700134277344,19771000
2026-07-27,293.9800109863281,295.5199890136719,291.1099853515625,292.9100036621094,19445500
2026-07-28,293.1600036621094,293.7699890136719,290.3800048828125,293.3699951171875,20531100
2026-07-29,292.489990234375,293.6700134277344,288.260009765625,288.57000732421875,33297400
2026-07-30,291.1499938964844,292.8399963378906,288.9599914550781,292.5899963378906,22198800
2026-07-31,293.55999755859375,293.95001220703125,287.8299865722656,291.20001220703125,28350700
2026-08-03,292.8999938964844,296.6600036621094,292.3999938964844,296.2200012207031,23175700
2026-08-04,297.5899963378906,302.3900146484375,297.2200012207031,301.7099914550781,20751800
2026-08-05,302.42999267578125,303.05999755859375,299.75,299.7699890136719,17791000
2026-08-06,299.6000061035156,301.3800048828125,297.95001220703125,298.25,16314100
2026-08-07,300.4599914550781,302.0299987792969,299.79998779296875,301.55999755859375,18416800
2026-08-10,300.510009765625,301.3900146484375,299.0799865722656,299.9800109863281,16226900
2026-08-11,300.92999267578125,301.989990234375,300.6000061035156,300.989990234375,14942800
2026-08-12,303.0199890136719,303.4100036621094,301.0,302.7099914550781,15480600
2026-08-13,304.0400085449219,305.04998779296875,302.7200012207031,303.5,14719300
2026-08-14,303.2799987792969,305.17999267578125,302.739990234375,305.0899963378906,13163400
2026-08-17,303.9599914550781,304.3299865722656,303.2300109863281,304.05999755859375,14546800
2026-08-18,302.45001220703125,303.1499938964844,300.1099853515625,300.2300109863281,18263700
2026-08-19,302.8800048828125,303.4100036621094,301.2300109863281,301.7200012207031,14995700
2026-08-20,299.2699890136719,300.0400085449219,297.0400085449219,297.6700134277344,21638700
2026-08-21,299.8500061035156,300.3299865722656,298.1700134277344,299.9599914550781,22949600
2026-08-24,299.54998779296875,299.739990234375,297.3999938964844,297.9700012207031,12868900
2026-08-25,299.6000061035156,299.7799987792969,297.9700012207031,299.2300109863281,14618000
2026-08-26,298.6400146484375,299.95001220703125,298.1300048828125,298.92999267578125,10555700
2026-08-27,298.7699890136719,300.32000732421875,298.1400146484375,299.80999755859375,13658700
2026-08-28,299.70001220703125,300.3900146484375,295.6700134277344,295.75,19052800
2026-08-31,295.0899963378906,295.3500061035156,292.7099914550781,293.92999267578125,20883400
2026-09-01,291.9800109863281,292.94000244140625,289.9700012207031,290.57000732421875,22801600
2026-09-02,291.5400085449219,294.3500061035156,291.19000244140625,294.010009765625,22395200
2026-09-03,295.7900085449219,296.17999267578125,293.42999267578125,295.19000244140625,16651200
2026-09-04,293.70001220703125,296.17999267578125,293.55999755859375,296.010009765625,13951100
