Date,open,high,low,close,volume
2009-01-02,59.93838071392975,61.758003563302594,59.67941060777935,61.47176742553711,24558800
2009-01-05,61.24696352019742,61.56045574546713,60.565457326268586,61.131103515625,25612100
2009-01-06,61.45819229708835,61.948877297380726,60.912985585768716,61.437747955322266,37258400
2009-01-07,60.572169945696935,60.77662355052199,59.44769071757263,59.877037048339844,33165500
2009-01-08,59.33869913558588,59.67945197435678,58.98431847103344,59.584041595458984,23641700
2009-01-09,59.74756675019078,59.8089049292197,58.500410837820276,58.704864501953125,24494100
2009-01-12,58.45276213004421,58.62313861488103,57.42369190525379,57.784889221191406,22622000
2009-01-13,57.662168192058886,58.12559203894278,57.13059484993656,57.53268051147461,29846500
2009-01-14,56.674019539190915,56.810318606691084,55.52908969397061,55.937992095947266,38850600
2009-01-15,55.931126090900484,56.55129825804904,54.547671501995595,56.0060920715332,44216600
2009-01-16,56.81234877875116,56.93523077788509,55.31728532402321,56.450531005859375,37613200
2009-01-20,56.12289606697876,56.25943464195298,54.17726694721933,54.211402893066406,36892100
2009-01-21,55.057868699607,56.259380971079324,54.170387038372276,56.1433219909668,34826600
2009-01-22,55.22856941914077,56.006820769467836,54.30695652621789,55.40606689453125,40157400
2009-01-23,54.27279592022563,55.658628743711,53.9655934983807,54.96912384033203,44701000
2009-01-26,55.201242998199454,56.17747096923167,54.74385082094087,55.3446044921875,28917300
2009-01-27,55.631336374333415,56.1433440240391,55.160292878323766,55.64499282836914,23352800
2009-01-28,56.689494790136386,57.372171742991966,56.38228703630429,57.126407623291016,21080000
2009-01-29,56.37548548965324,56.621249702963155,55.535790226108716,55.65867233276367,20825600
2009-01-30,55.863450566564836,55.95219668629604,54.34107882630102,54.668766021728516,26172600
2009-02-02,54.02702416561745,54.559511065077,53.692514099517545,54.149906158447266,22968000
2009-02-03,54.46395714584397,55.365090361078984,53.94512129209929,55.04423141479492,24065100
2009-02-04,55.16027546632282,55.78150851015895,54.16356297278483,54.402503967285156,27506400
2009-02-05,54.10895146711588,55.399209888653566,53.59011576694119,54.98960494995117,39865100
2009-02-06,55.208149869906556,56.84657225427541,55.10574716877907,56.56667709350586,30049700
2009-02-09,56.525659677244754,56.86016996068883,56.04778263534087,56.49152374267578,20793600
2009-02-10,56.13652227485636,56.477860715712225,53.66523008803185,54.06118392944336,49006600
2009-02-11,54.354732972208716,54.6209765285062,53.71301506297322,54.30694580078125,33244600
2009-02-12,53.5423591273962,54.35474645153659,52.668533371217805,54.272823333740234,45482100
2009-02-13,54.25916882384586,54.58002263033622,53.56966361363511,53.6242790222168,23850300
2009-02-17,52.293015801201406,52.60704634783377,51.69226239134923,51.71274185180664,36731400
2009-02-18,52.05409552503194,52.21793646570686,51.262188096352226,51.71958541870117,35793800
2009-02-19,52.17698181572977,52.22476897769976,51.06422063933711,51.22123336791992,30933800
2009-02-20,50.29857321086219,51.25213276288468,49.722323654477776,50.57984161376953,46343700
2009-02-23,50.92967917761117,51.0463055382917,48.75501599895301,48.809898376464844,36003600
2009-02-24,49.097996687213715,50.627809428558734,48.80987221054135,50.33967971801758,37524300
2009-02-25,50.09958454587001,50.79932151888762,49.09114347137795,49.85261917114258,43668900
2009-02-26,50.408340216282255,50.81308619842768,49.22839461551164,49.28327178955078,31367300
2009-02-27,48.45317321719794,49.39301440323117,48.2748133224631,48.5423583984375,35756000
2009-03-02,47.78090613105822,47.89752732811318,46.367712845194625,46.5323600769043,36931600
2009-03-03,46.9782741002876,47.06059248857021,46.024709153721155,46.107032775878906,30799800
2009-03-04,46.88907178094181,47.93867272006059,46.39514069573927,47.17719650268555,31996400
2009-03-05,46.305971026083704,46.68328103169785,44.954521849087726,45.32497024536133,35056100
2009-03-06,45.64737527194972,46.395128070208756,44.43998908489606,45.61993408203125,35830500
2009-03-09,44.940778185968355,46.07955869372485,44.76241308214936,44.892757415771484,28114400
2009-03-10,45.70226176516487,47.492759005990145,45.64737938038831,47.43101501464844,31008100
2009-03-11,47.80834997743707,48.240537208332256,47.211515505736536,47.66428756713867,21875300
2009-03-12,47.59564146663002,49.38613812554793,47.23205494492657,49.23521423339844,21938300
2009-03-13,49.523346015514754,49.797747393403164,48.84418847378979,49.612525939941406,21835800
2009-03-16,50.058465780714776,50.81308048613438,49.53023182320932,49.60569381713867,24509000
2009-03-17,49.59197620401308,50.84738367544211,49.296989834779055,50.819942474365234,20439900
2009-03-18,50.415181465452726,52.061616571749,49.88695284092693,51.430484771728516,35906600
2009-03-19,52.02045654958681,52.047897744864244,50.6484281889523,50.840511322021484,25410900
2009-03-20,51.1822829805662,51.27167645341121,49.87573433939577,50.0201416015625,22996500
2009-03-23,51.26482426970389,53.48595313068091,51.0035112885966,53.47220230102539,25706800
2009-03-24,52.88762603190724,53.60278366256256,52.56442686910011,52.74321365356445,20383500
2009-03-25,53.12150921460507,54.063601299091694,51.90435849635947,53.231536865234375,30263100
2009-03-26,53.76099953806433,54.5311769095991,53.30714361026595,54.39364242553711,29403800
2009-03-27,53.73350455228797,53.926047626251396,53.17650419597871,53.50657653808594,19994100
2009-03-30,52.32380304855768,52.344437159401785,51.14103776734033,51.74617385864258,25811800
2009-03-31,52.28940901144057,53.10772205239423,51.711774733589884,52.15187454223633,28187500
2009-04-01,51.491712374179336,53.547808908613874,51.43670384620695,53.314002990722656,25416600
2009-04-02,54.586144411326686,55.53511327537254,54.31108614283821,54.813072204589844,30176700
2009-04-03,54.84746831976955,55.143160740581386,54.29734117757036,55.12253189086914,20617100
2009-04-06,54.6412083395994,54.96440787290174,54.04982307577066,54.84750747680664,17834000
2009-04-07,54.146045391887704,54.146045391887704,53.424009560760055,53.56153869628906,17326400
2009-04-08,53.761002327920885,54.2836229016689,53.34153131097114,53.891658782958984,15719000
2009-04-09,55.01940254076767,55.64516727889618,54.847488401685766,55.62453842163086,19287700
2009-04-13,55.033132342047416,55.823938129034666,54.79933172047616,55.390716552734375,11991300
2009-04-14,54.99191050525301,55.246340142131494,54.37989642449536,54.51054763793945,18590000
2009-04-15,54.35238127610404,55.32885244255013,54.14608218622217,55.21883010864258,18263400
2009-04-16,55.60392641815515,56.243447419237555,54.81312008940092,55.878990173339844,19526700
2009-04-17,56.09522641425931,56.377628423034224,55.668173450060245,56.005680084228516,16835600
2009-04-20,55.13783352815795,55.21360111229706,53.966883299233736,54.08397674560547,16640200
2009-04-21,53.60871679234099,54.938086409906866,53.594938000721235,54.820987701416016,18051200
2009-04-22,54.43525707745723,55.413340926248914,54.180407278234135,54.283721923828125,20467800
2009-04-23,54.37326659306484,55.00006486206872,53.73957367447862,54.862308502197266,19521000
2009-04-24,55.1722624720238,55.97814820608775,55.05516904161826,55.606204986572266,17662200
2009-04-27,54.94495490574661,55.950596204873996,54.86919259368742,55.282466888427734,17582800
2009-04-28,54.738311589886386,55.75772100276341,54.66943342767581,55.18602752685547,16457900
2009-04-29,55.66818974409462,56.85980265544517,55.57864864292154,56.322540283203125,18084100
2009-04-30,56.98380479292828,57.21110231990976,56.033267797103484,56.25368118286133,17496500
2009-05-01,56.33633903677072,56.61185708695895,55.76464000226734,56.59119415283203,12356400
2009-05-04,56.99067249829792,58.06519204216675,56.89424199828083,58.023860931396484,13866800
2009-05-05,57.89988182144489,58.24427798789188,57.589927373669994,57.96876525878906,11985000
2009-05-06,58.581759260896966,58.733289080327275,57.98939774517567,58.68507385253906,18357600
2009-05-07,59.09840512296749,59.174172726733296,57.61750003354994,57.975669860839844,19835900
2009-05-08,58.643795883307675,59.21549494734432,58.27873668135439,59.043296813964844,18463400
2009-05-11,58.38199999505849,58.54041918129763,57.99627297690886,58.15469741821289,13335600
2009-05-12,58.38887521671973,58.74016048594071,57.70008345632162,58.35443878173828,16819400
2009-05-13,57.65884711051503,57.762167085925235,57.03204836848503,57.25934600830078,17683700
2009-05-14,57.25239440372716,57.83786656776589,57.12841163033704,57.4383659362793,15029400
2009-05-15,57.44256370999737,57.995225010941624,56.841539208718714,57.186954498291016,23137600
2009-05-18,57.73961765305234,58.803497314453125,57.684349945042726,58.803497314453125,12745200
2009-05-19,58.67909703791468,58.98996840398138,58.464936171592946,58.54092788696289,17908900
2009-05-20,58.95548078801844,59.39070743857923,58.09885232104263,58.16102981567383,18083800
2009-05-21,57.53233915080538,57.5668827696151,56.855328495311305,57.407989501953125,20038800
2009-05-22,57.629057013515656,57.85012247817779,57.10402982907834,57.24910354614258,10156800
2009-05-26,56.83461491415274,58.76203237026484,56.83461491415274,58.61695861816406,13636800
2009-05-27,58.69984873064639,58.76893070334116,57.3181881942842,57.44944763183594,13708200
2009-05-28,57.884675813395255,58.3406211048906,57.014228094300286,58.04356384277344,17780200
2009-05-29,58.29915249575655,59.24559164281487,57.86393142436705,58.98998260498047,15275000
2009-06-01,59.60485906800087,60.56511311177449,59.445970992894665,60.34404754638672,12952000
2009-06-02,60.1989515811757,60.77234199189314,60.053877851467114,60.44765090942383,10553900
2009-06-03,60.11610697913612,60.178284505389705,59.466729469843465,60.0677490234375,9488600
2009-06-04,60.040084943223256,60.558207849793206,59.749932109873825,60.45458221435547,11762200
2009-06-05,60.96576045732972,61.1730116096236,60.18512428883884,60.73088073730469,16834300
2009-06-08,60.25425758034433,61.069438058879676,59.756858607594594,60.613487243652344,23538400
2009-06-09,60.77238063185526,60.95199809881939,60.40624118542011,60.613487243652344,22428400
2009-06-10,61.17302548796665,61.193749553774566,59.812088946666265,60.55127716064453,25155700
2009-06-11,60.69633102416992,61.49769117326248,60.654882906121316,60.69633102416992,21696400
2009-06-12,60.51668694017685,61.02099499253234,60.35779904424644,61.00717544555664,12743500
2009-06-15,60.26113048813937,60.29566884139972,59.41140688455621,59.74991226196289,14006100
2009-06-16,59.888060397229204,59.936418291258036,58.87253935200865,58.90017318725586,12830900
2009-06-17,58.87259537442986,59.31472661788143,58.60317181265843,58.8795051574707,13494000
2009-06-18,58.91400640917037,59.51503066012958,58.70676048411387,59.14889144897461,13378600
2009-06-19,59.58076410426308,59.67780075733688,58.859916618499845,59.13023376464844,13880400
2009-06-22,58.624184756814344,58.755874171818846,57.750850677490234,57.750850677490234,20652400
2009-06-23,57.82015998918099,58.02116573961078,57.42508117987949,57.653812408447266,12151100
2009-06-24,58.041969712143185,58.416255806997846,57.23795184356654,57.54985427856445,15355500
2009-06-25,57.31418317803089,58.845980113706396,57.23100674561582,58.72121810913086,13851400
2009-06-26,58.54101937396239,58.70043958613714,58.23604433576482,58.409324645996094,7779000
2009-06-29,58.57570314109209,59.15792269953643,58.43014825148101,59.0886116027832,7529200
2009-06-30,59.144050870208616,59.35891681397608,58.19447263983895,58.67966079711914,13421400
2009-07-01,58.90151192761708,59.49066459041013,58.86685371117574,58.93616485595703,9144200
2009-07-02,58.22218297768869,58.24990846129712,57.49440357522946,57.52212905883789,16516500
2009-07-06,56.981473663671146,57.743905664416026,56.891369842305394,57.70232009887695,12392700
2009-07-07,57.63997364107839,57.660766435351974,56.517115157439235,56.5240478515625,15240600
2009-07-08,56.78739929199219,57.02999056536543,56.11507112857696,56.78739929199219,17902700
2009-07-09,57.002308312324,57.12014298138495,56.510192702330684,56.67654037475586,11452000
2009-07-10,56.426991636795165,56.794344975962446,56.15666954108358,56.447784423828125,16023500
2009-07-13,56.62108897481132,57.79939324199959,56.413150439144395,57.74394226074219,14384000
2009-07-14,57.903346226065594,58.021175562028745,57.48054186704945,57.98652267456055,10288300
2009-07-15,58.63114429074387,59.85797228916766,58.5964913891082,59.7470703125,11620000
2009-07-16,59.684700451761934,60.648139037422865,59.629249455498474,60.46099853515625,11805400
2009-07-17,60.5415300681367,60.763649660831646,60.19446787356655,60.7081184387207,9075000
2009-07-20,60.999603211695494,61.45772750351632,60.763603640087055,61.31196212768555,13142300
2009-07-21,61.86723487813244,61.964411758970314,61.15228841379262,61.89500045776367,14599300
2009-07-22,61.61049125681997,62.144964784351124,61.520251683779286,61.693782806396484,11857700
2009-07-23,61.707634591446315,63.16529416691816,61.66598354363509,62.90846633911133,16519600
2009-07-24,62.74879694496214,63.18609306291952,62.51973480404626,63.144447326660156,10895100
2009-07-27,63.06804028452531,63.35262806940377,62.727921367466585,63.262393951416016,10045200
2009-07-28,62.89457904277362,63.3596408738231,62.52669415266743,63.15834426879883,11700400
2009-07-29,62.943115234375,63.13052623746532,62.582173367195175,62.943115234375,9063600
2009-07-30,63.56789529933815,64.19260813644703,63.35271319693281,63.45683288574219,11659200
2009-07-31,63.49153693776035,64.00518732667882,63.41518285749243,63.6303596496582,9151300
2009-08-03,64.18563671207895,64.55352152506387,63.8385747683958,64.45634460449219,9843400
2009-08-04,64.26895369975213,64.72013546477812,64.23425066905604,64.68543243408203,12338900
2009-08-05,64.64378094500631,64.70625487303116,63.94271935818053,64.435546875,11396200
2009-08-06,64.72008483815583,64.79643886000602,63.99125821468984,64.29666900634766,10482300
2009-08-07,64.93527184736722,65.59468721963765,64.62985573604531,65.10186004638672,11813100
2009-08-10,64.89365389556338,65.11577337269577,64.55353460464886,64.90059661865234,13051400
2009-08-11,64.68538638159124,64.71315196382878,64.06761674010006,64.26197052001953,9305200
2009-08-12,64.24118576556914,65.5391944067657,64.22730031834176,65.0880126953125,13586400
2009-08-13,65.3448235470404,65.42812032154012,64.6715225164667,65.37953186035156,10209100
2009-08-14,65.29629233464145,65.33100067838328,64.20651706759443,64.83817291259766,10846500
2009-08-17,63.769180712625456,63.84553478457816,63.44294154987233,63.588706970214844,12121400
2009-08-18,63.77611372506094,64.26894114897918,63.68587950797598,64.0676498413086,8539100
2009-08-19,63.64424834208417,64.86590309714158,63.560951533251824,64.64378356933594,14296100
2009-08-20,64.65762131850579,65.21291708048527,64.50491326284484,65.10186004638672,8271000
2009-08-21,65.46340872534537,66.3201836792311,65.4076820560749,66.1948013305664,11866500
2009-08-24,66.47339179011816,66.80774630236779,66.09724495673159,66.26441955566406,9349100
2009-08-25,66.48736114663811,67.44166046875624,66.36894595528861,66.50826263427734,14622300
2009-08-26,66.35500476205044,66.76597693224143,66.08334393088323,66.49431610107422,11497200
2009-08-27,66.52217011129346,66.95404370477617,65.89525854474958,66.74507141113281,13096800
2009-08-28,67.14211386538008,67.18390619794835,66.1808530156072,66.57789611816406,10813900
2009-08-31,65.97184371396173,66.2365371957119,65.76287685396417,66.20867919921875,9890500
2009-09-01,65.89525277594595,66.63361758496241,64.76681736934209,64.9270248413086,17938600
2009-09-02,64.7390069091068,65.07335644542282,64.57879399192909,64.66238403320312,10922400
2009-09-03,64.94792927805122,65.2056610752227,64.5230228279399,65.09420776367188,7262500
2009-09-04,65.1778093635468,65.87437674172487,64.98973850976915,65.79078674316406,8118600
2009-09-08,66.31318669478287,66.32712101302782,65.90918181022923,66.21566772460938,10862500
2009-09-09,66.2365994270979,66.80778986513899,66.08335904487876,66.5430908203125,13560500
2009-09-10,66.5709376842774,67.19088216577288,66.30624401933795,67.10729217529297,12244800
2009-09-11,67.12818304239276,67.3092866882108,66.77293228201957,67.02369689941406,8116500
2009-09-14,66.48036848184557,67.18389745566675,66.45250515896373,67.09334564208984,8417900
2009-09-15,67.21871710118916,67.78293468402612,66.84257027450299,67.49734497070312,11687700
2009-09-16,67.78994319393352,68.36809544582928,67.5252494793442,68.3193359375,10580800
2009-09-17,68.2427542534203,68.76518014963689,68.01288558363116,68.3054428100586,15803800
2009-09-18,68.62291922033792,68.7066586863902,68.32983907498999,68.4624252319336,9910900
2009-09-21,68.07863234276695,68.41358491428942,67.84835810647893,68.20423889160156,7711800
2009-09-22,68.60199917325748,68.67875903459202,68.16935848998038,68.53221893310547,8206300
2009-09-23,68.63689897310513,69.19515159918225,67.96699901614754,68.09260559082031,13199100
2009-09-24,68.21117089222699,68.39957792200224,67.42264469518719,67.68083190917969,16702600
2009-09-25,67.60414789997846,67.93212098976365,67.25524126384829,67.50645446777344,13350100
2009-09-28,67.69479123629509,68.55309761876856,67.65291886659595,68.27397155761719,6393200
2009-09-29,68.35078437769062,68.63689027637389,67.96001078328509,67.99490356445312,8171200
2009-09-30,68.12050146004694,68.2391283827065,67.03888926808209,67.75065612792969,15351500
2009-10-01,67.63198239125674,67.64594162184268,66.29916336017538,66.37592315673828,15473500
2009-10-02,65.74787383358299,66.4805735328079,65.73391460661573,66.19447326660156,15752800
2009-10-05,66.34109854544921,67.18545185101964,66.15269133011202,66.96913146972656,8742700
2009-10-06,67.39475137918792,68.22514486621999,67.38079214390663,67.89019775390625,12439600
2009-10-07,67.77854389082515,68.02278258865292,67.56920328054338,67.88321685791016,10039900
2009-10-08,68.3437637251412,68.69964429699608,68.06463763679218,68.32283020019531,9701300
2009-10-09,68.29493548389416,68.88807525422625,68.16932897644476,68.86714172363281,6494100
2009-10-12,69.0834625205039,69.35560906815842,68.77642320565725,69.04159545898438,5438300
2009-10-13,68.83224999299922,69.09741692432287,68.53916991250118,68.96483612060547,6026200
2009-10-14,69.62078910799977,70.03250147806425,69.38353528285974,69.94178771972656,9162700
2009-10-15,69.69057768914577,70.2488248264232,69.66963882964271,70.23487091064453,7667900
2009-10-16,69.66492987274096,69.99320942739973,69.40650111352512,69.83954620361328,13185400
2009-10-19,69.92338595006679,70.66375772055716,69.79766193914679,70.44723510742188,9772400
2009-10-20,70.52402278460103,70.55196202837591,69.77666533243703,70.11891174316406,9387400
2009-10-21,70.00024444077819,70.68473795148552,69.43448883902828,69.44845581054688,12893600
2009-10-22,69.58111793358538,70.60785749008441,69.2877584457181,70.36339569091797,13423200
2009-10-23,70.53103469507653,70.5938940198852,69.40650503442265,69.72779846191406,13214000
2009-10-26,69.77667252941255,70.38433382537815,68.81278717079168,69.01534271240234,16109800
2009-10-27,69.1131145170481,69.51822552468914,68.7289619371392,69.0223159790039,14503800
2009-10-28,68.88261774158997,69.19692484874246,68.18415276670457,68.22605895996094,17191500
2009-10-29,68.6869935508796,69.66484487648734,68.4844435435971,69.52515411376953,12927200
2009-10-30,69.39251571323553,69.59507125824469,67.6603250223938,67.79302978515625,29751800
2009-11-02,68.03051850402777,69.14806187255832,67.62540736766447,68.3448257446289,20615900
2009-11-03,67.93271135620263,68.4006816545828,67.80000129322171,68.30988311767578,13945600
2009-11-04,68.71500591306466,69.4134711278589,68.40768484218455,68.56832885742188,14714300
2009-11-05,69.0502529169073,70.00715192119925,69.01532753405095,69.95825958251953,9811600
2009-11-06,69.60204660923617,70.26558630675451,69.44838343830796,70.10494232177734,10786100
2009-11-09,70.59387724902352,71.5507764873243,70.48212558851193,71.53680419921875,10959900
2009-11-10,71.4320129655005,71.8022038905044,71.3482005762555,71.72537231445312,9959100
2009-11-11,72.0187097447422,72.3749283035722,71.69043041884629,72.03267669677734,10532400
2009-11-12,71.91397840983143,72.22829095614314,71.17360698188838,71.36219024658203,11966800
2009-11-13,71.48793745202872,72.116557420255,71.31332109023634,71.87908172607422,11677800
2009-11-16,72.22129527186067,73.0384981923634,72.18636988392834,72.82197570800781,10497400
2009-11-17,72.70320440014753,73.08736220300544,72.54256046721709,73.05243682861328,8398000
2009-11-18,72.98960311679183,73.07342084737506,72.57751126470573,73.02452850341797,7773400
2009-11-19,72.66829017192723,72.68924326669429,71.85108750282524,72.39588928222656,12739500
2009-11-20,72.12119108965152,72.49258774646262,71.98104322355998,72.3524398803711,8680400
2009-11-23,73.0181818362307,73.56477158144484,72.969129527259,73.20037841796875,9489200
2009-11-24,73.18631029014068,73.27039684389878,72.5906686874386,73.1302490234375,10211800
2009-11-25,73.2564464446708,73.4666683539834,73.01818853188844,73.31951141357422,6489600
2009-11-27,71.79887233908158,72.76590579127547,71.63770277019943,72.30341339111328,12916100
2009-11-30,72.25439422893544,72.69586517881572,71.97409292186582,72.58374786376953,11959000
2009-12-01,73.07420095354486,73.66983731751903,73.06719195736702,73.38954162597656,10101300
2009-12-02,73.39659451646189,73.75397871312879,73.10228063511323,73.28447723388672,7124600
2009-12-03,73.47366465128029,73.70491352321235,72.59071781518524,72.66079711914062,9723500
2009-12-04,73.55075375877196,73.7679846495573,72.31743168497299,72.87102508544922,16602800
2009-12-07,72.75892759746175,73.2494508217459,72.66082295260492,72.91309356689453,8189500
2009-12-08,72.47157280754213,72.48559080322751,71.30132144386029,72.13521575927734,10719700
2009-12-09,72.14925619713246,72.56970534254994,71.81289901931885,72.49262237548828,8583800
2009-12-10,72.87105946049114,73.31253579685931,72.84302879260244,73.00420379638672,8039500
2009-12-11,73.23538509510297,73.60678174526423,73.05318859540749,73.52268981933594,9235500
2009-12-14,73.80303270843676,73.84507602207283,73.52273147615982,73.71894073486328,9752400
2009-12-15,73.51567696020716,73.68385544469989,73.20734528338913,73.39654541015625,7191500
2009-12-16,73.64183270882587,73.79599860144485,73.20737102559,73.34751892089844,6283400
2009-12-17,72.90607081914658,72.98315378932986,72.38050802951572,72.44357299804688,8223700
2009-12-18,72.7742117940014,72.90787325673874,72.05667236508461,72.55613708496094,8299800
2009-12-21,72.85154175360118,73.43542466665778,72.82340223606138,73.07665252685547,5968000
2009-12-22,73.3158503248189,73.5902039665703,73.1962613767868,73.47764587402344,6849400
2009-12-23,73.61834348970702,73.66758631342995,73.28067457913168,73.47764587402344,4867200
2009-12-24,73.56206980136089,73.89270251346751,73.54800272230058,73.86456298828125,3568000
2009-12-28,74.00531108260299,74.11083303989919,73.7872363067086,74.0686264038086,8116800
2009-12-29,74.20931876882374,74.31484072611994,74.04048685739163,74.0686264038086,3356400
2009-12-30,73.81533294749666,74.09672288103697,73.78015719315415,74.01934051513672,3243500
2009-12-31,74.10375734955346,74.13893310561019,73.18221050518909,73.2103500366211,5189400
2010-01-04,73.75195978257673,74.4765400370893,73.69568613368547,74.32881164550781,8977300
2010-01-05,74.29369288064738,74.33589949144174,73.84347114195266,74.20927429199219,6549200
2010-01-06,74.21631542010819,74.46252961112172,74.11782974370277,74.2585220336914,6797200
2010-01-07,74.13190029753446,74.58212208706257,73.82940702953273,74.52584838867188,6312000
2010-01-08,74.3359248431729,74.64545440673828,74.17412920190432,74.64545440673828,4912000
2010-01-11,74.84942084485921,75.03232506512413,74.44140580237031,74.94790649414062,6858300
2010-01-12,74.4625192454026,74.86349811982458,74.2725841436516,74.6665267944336,8869900
2010-01-13,74.80014711709266,75.26443564802119,74.59613968013237,75.0956039428711,8619100
2010-01-14,75.018264108969,75.37703638176396,74.9760575005459,75.29261779785156,7039900
2010-01-15,75.22931015722958,75.25744968605022,74.24444811677239,74.57508087158203,14027400
2010-01-19,74.49766072794645,75.43327946023935,74.46952121339663,75.39106750488281,10877400
2010-01-20,74.91974584803543,74.9478853637631,73.955987560852,74.58207702636719,11896600
2010-01-21,74.54692517397368,74.6454108199518,72.95707702636719,72.95707702636719,22253800
2010-01-22,72.724918831529,73.06258768526561,71.43756940887747,71.49384307861328,24606900
2010-01-25,72.028551256917,72.12000075283349,71.5220501812299,71.69088745117188,18236800
2010-01-26,71.51500986073728,72.49986696978112,71.38838460856468,71.66976928710938,18352400
2010-01-27,71.5219583699351,72.11287732204245,71.04359745330059,71.96514892578125,16203100
2010-01-28,72.16924021165399,72.19034889470342,70.70602151064097,71.19141387939453,13409200
2010-01-29,71.44457996486118,72.00735943884126,70.6355918507262,70.73407745361328,14556900
2010-02-01,71.19842361997455,72.00038153129671,71.09993793732566,71.64160919189453,9985500
2010-02-02,71.7189551489572,72.52794887455401,71.5290201051702,72.37318420410156,8891300
2010-02-03,72.19033394797064,72.49985813004399,71.99335718311006,72.1973648071289,6561600
2010-02-04,71.7189798994634,71.80339848531551,70.35424764745198,70.37535095214844,16419300
2010-02-05,70.45275686454737,70.58641296132465,69.19354071509602,70.45979309082031,28939700
2010-02-08,70.3472458670397,70.61456346918963,69.72819203555456,69.79853820800781,10929500
2010-02-09,70.45975883731668,71.39537252818815,70.23464264256602,70.80445861816406,19228000
2010-02-10,70.7341213665182,71.02957835860403,70.17134154315515,70.7130126953125,11212100
2010-02-11,70.64271707308706,71.57833691745128,70.25581036404553,71.45874786376953,9934200
2010-02-12,70.720070724384,71.31099025782186,70.34019503154563,71.24063873291016,13643000
2010-02-16,71.76120007393506,72.43653273670313,71.46573767323217,72.323974609375,8958800
2010-02-17,72.5701476461277,72.76711887560597,72.4224138569555,72.72490692138672,8784900
2010-02-18,72.5772360119315,73.37216314704901,72.5702051532097,73.28070831298828,8677700
2010-02-19,73.13610173688487,73.62273712973423,72.9386280646428,73.34062957763672,9324500
2010-02-22,73.61566945261025,73.61566945261025,73.14314248349005,73.23482513427734,5285200
2010-02-23,73.07257716179372,73.4463671093633,72.4237340308899,72.5506820678711,10810200
2010-02-24,72.76936472269718,73.3124173141764,72.63536242655452,73.13610076904297,9658700
2010-02-25,72.1134420030875,72.88217929106847,71.88070295267504,72.85397338867188,10052900
2010-02-26,72.88923345704366,73.07260410713397,72.48723208849124,72.85397338867188,6961100
2010-03-01,73.11495140483105,73.48874165926667,73.05148002460817,73.3617935180664,5818700
2010-03-02,73.65092384947424,73.79902905424066,73.31239382375657,73.3547134399414,5673300
2010-03-03,73.59454171501272,73.89075228728542,73.22780558468774,73.41117095947266,5891900
2010-03-04,73.5169238342517,73.74966289772057,73.31945022188503,73.7002944946289,6168300
2010-03-05,74.04587800291787,74.59598463811547,73.9612495241199,74.58893585205078,6753500
2010-03-08,74.56076614145924,74.73002857419051,74.40560666947401,74.46907806396484,5728100
2010-03-09,74.36327615609453,74.92043714703412,74.34211902922098,74.55369567871094,8672300
2010-03-10,74.63124323329674,74.85692812394011,74.32092449088003,74.59597778320312,7325500
2010-03-11,74.50430338656295,74.96272738472284,74.22219589686819,74.95567321777344,7739600
2010-03-12,75.20963339730895,75.23784470835159,74.84994590746204,75.05447387695312,10139600
2010-03-15,74.96979778232013,75.20253153450784,74.66653310687447,75.16021728515625,6760400
2010-03-16,75.30834289350369,75.548136259735,75.04739777763353,75.51287078857422,6848800
2010-03-17,75.68214827807631,76.07710118682724,75.62573104604604,75.83025360107422,6989400
2010-03-18,75.83731137363147,76.18994464915714,75.78794293028814,76.1335220336914,7495600
2010-03-19,75.84872436523438,76.435221311891,75.5519447263572,75.84872436523438,12068000
2010-03-22,75.57314520978683,76.36456299957663,75.55194743354924,76.16670989990234,8835200
2010-03-23,76.33629827990143,76.9651908064665,76.19497617614694,76.92986297607422,9105900
2010-03-24,76.68256181952476,76.88748269881476,76.47057860691363,76.59777069091797,7075900
2010-03-25,77.01465318582204,77.39622933083075,76.54121821355096,76.62601470947266,9526500
2010-03-26,76.76028728453522,77.07120245218869,76.40697655441772,76.61896514892578,8859800
2010-03-29,76.87335873003404,77.13481064316697,76.78856220361656,76.96521759033203,5886300
2010-03-30,77.02877245057918,77.29021882367479,76.7885184581467,77.11356353759766,5781300
2010-03-31,76.89455992844435,77.05001753823235,76.54124913932431,76.74617004394531,6078200
2010-04-01,77.19129322277718,77.43154721809806,76.78145705138057,77.21955871582031,11474400
2010-04-05,77.43859708642283,77.64351783469054,77.19834852085492,77.53752899169922,4237800
2010-04-06,77.33968107627943,77.63646605023565,77.21955677718056,77.53047180175781,4407600
2010-04-07,77.41034792296578,77.51633678092767,76.68252362138163,77.05703735351562,10894000
2010-04-08,76.81684546734061,77.42454056938786,76.66845555513314,77.28321838378906,8764300
2010-04-09,77.389137778639,77.78484924666634,77.3114144201759,77.77071380615234,6013100
2010-04-12,77.82724903488706,77.98270654248216,77.71419246005777,77.85551452636719,4366500
2010-04-13,77.72832061698377,78.03923562460086,77.39620783904572,77.90497589111328,6104100
2010-04-14,78.15228419929913,78.66105219930412,78.03215991904534,78.63985443115234,7987400
2010-04-15,78.49146761483034,78.87304362918402,78.46320212586814,78.83064270019531,8664000
2010-04-16,78.68287325139322,78.85259930867355,77.5796403903359,77.91909790039062,22103600
2010-04-19,77.69273726157198,78.43529698094979,77.60787159791764,78.38578796386719,10482500
2010-04-20,78.654560219042,78.80307114742098,78.34339138120465,78.56969451904297,8901000
2010-04-21,78.598005114565,78.8525968904247,78.2797680924873,78.61215209960938,9115800
2010-04-22,78.2231730861076,78.85965238045812,77.89786264577126,78.74649810791016,9946100
2010-04-23,78.70409593557224,79.23449463685793,78.53436986189931,79.17791748046875,13873100
2010-04-26,79.28397142523735,79.6163553619886,79.22032079700129,79.26275634765625,8015700
2010-04-27,79.03645587766184,79.3334777648669,77.60084469401107,77.6998519897461,19874600
2010-04-28,78.0604821263025,78.38579242893962,77.57251937009202,78.18070983886719,14833300
2010-04-29,78.45654760757266,79.20617575873162,78.44240062613993,78.98694610595703,7472600
2010-04-30,79.07181105156265,79.20618040559414,77.82007289595538,77.86250305175781,14615900
2010-05-03,78.19486137948168,79.07885863908308,78.19486137948168,78.88084411621094,8324800
2010-05-04,78.15248967631715,78.17370476313263,76.87245701833243,77.3392105102539,19911700
2010-05-05,76.76633863734637,77.48060467284945,76.55417709689485,76.9431381225586,18900400
2010-05-06,76.63907663513471,77.19069040930461,70.12578137117679,74.43968963623047,34425300
2010-05-07,74.26988303068386,74.9205088658996,72.51603615876927,73.39295959472656,33885700
2010-05-10,76.0733002277589,76.70977960377327,75.6701975221987,76.37739562988281,20454000
2010-05-11,75.76922112493268,77.03510665746076,75.65607220901946,76.14403533935547,16440600
2010-05-12,76.43399183198382,77.3321312786737,76.34205260194437,77.26848602294922,12985000
2010-05-13,77.04922978549226,77.40990232230914,76.35617867842497,76.44811248779297,11160700
2010-05-14,75.9884473570374,76.14403183030579,74.69427870179285,75.32368469238281,17962100
2010-05-17,75.45095438097744,75.61360689526433,74.0153433416555,75.33072662353516,17552200
2010-05-18,75.8752860732524,76.03087052114942,74.35480905356786,74.53160858154297,19213400
2010-05-19,74.22748607901802,74.66595069070148,73.25862307704436,74.0931167602539,24115100
2010-05-20,72.82016445119928,73.0181789885676,71.42698380479736,71.50477600097656,28708100
2010-05-21,70.4903919831861,72.3857516180216,70.29162299124384,72.29346466064453,30840500
2010-05-24,71.9598306005561,72.39285357971957,71.36353444240419,71.47001647949219,16537800
2010-05-25,69.94375770010207,71.39189868773407,69.39005784928081,71.31381225585938,25166200
2010-05-26,71.61198488222236,72.26507214546608,70.64655718793274,70.76013946533203,18499900
2010-05-27,72.00948518921513,72.92522158102365,71.7468303522798,72.91812133789062,18333200
2010-05-28,72.8258462879819,72.8542418492409,71.72554672266831,72.03079223632812,19442500
2010-06-01,71.46291675803731,72.61291301841766,71.15057630709191,71.21446228027344,17009600
2010-06-02,71.59776482216421,72.86843767369928,71.27832425627123,72.84004211425781,14879500
2010-06-03,73.10984746700773,73.30151628518918,72.29349211320876,72.89688873291016,11856600
2010-06-04,71.67586444968939,71.82493710227182,70.27741403121115,70.58975982666016,20047200
2010-06-07,70.74592927219646,70.93049230968276,69.70951016803531,69.75920104980469,13694600
2010-06-08,69.8230958283218,70.75302755362654,69.3545771351483,70.58975982666016,25086600
2010-06-09,70.97309165368215,71.54098669796629,70.13544145365536,70.38389587402344,16076800
2010-06-10,71.41324726941905,72.39287581240204,71.41324726941905,72.32188415527344,13825600
2010-06-11,71.7468646994533,72.6555012831178,71.71136888269402,72.62710571289062,9066300
2010-06-14,73.1098225779734,73.46475909654039,72.43544535905674,72.50643157958984,8995700
2010-06-15,72.98202881305413,74.03264305489948,72.47801971986556,73.94745635986328,9402100
2010-06-16,73.60670076134022,74.16750083484071,73.4860182882815,74.03262329101562,9602400
2010-06-17,74.18882143165324,74.26690788722624,73.38666155456708,74.22431182861328,9742800
2010-06-18,74.3238653173222,74.55854567421011,74.12473995959473,74.30963897705078,6890700
2010-06-21,75.19155431287263,75.3551193908061,73.93278794418666,74.28125762939453,10258800
2010-06-22,74.31677808587068,74.62969257194943,73.13624101621791,73.20024871826172,11915600
2010-06-23,73.30691999049559,73.73361808280745,72.73087241140198,73.24291229248047,12966900
2010-06-24,72.90156249517466,72.99401203860221,72.04105306158242,72.2259521484375,13397700
2010-06-25,72.39663910143388,72.5602041032252,71.7068078028288,72.3397445678711,10893500
2010-06-28,72.31840871434157,72.57442868338246,71.85615013547546,72.14061737060547,6770700
2010-06-29,71.25164127321237,71.28008853156454,69.78663730975467,70.21334075927734,16662900
2010-06-30,70.05689772190121,70.49781675114676,69.402621498978,69.50218963623047,13386200
2010-07-01,69.51644932479778,69.69424075529598,68.45681391824236,69.22486877441406,18562200
2010-07-02,69.35992241972465,69.50926642043768,68.39273757398071,68.89055633544922,11305700
2010-07-06,69.6871077293354,70.13514547906163,68.70570126580202,69.3030776977539,10251400
2010-07-07,69.36704231364027,71.37964078524024,69.33859505944788,71.32274627685547,12255100
2010-07-08,71.75659543804767,72.1904067993164,71.40101271082817,72.1904067993164,9456500
2010-07-09,72.15485253592723,72.63133212902619,72.02684252613444,72.61711120605469,7377600
2010-07-12,72.43216951228825,72.75219708555298,72.21882322253796,72.71663665771484,6613100
2010-07-13,73.4065148365773,74.08923316833516,73.37095438591535,73.76921081542969,9339100
2010-07-14,73.62694425171308,74.02519509218274,73.33536929372944,73.78340148925781,8757900
2010-07-15,73.76205959518545,73.875843212243,72.88732396224462,73.74783325195312,11495700
2010-07-16,73.3228760257627,73.39405528572475,71.77114426382043,71.8992691040039,12219700
2010-07-19,72.18401796399365,72.53280026675847,71.72134445914891,72.33349609375,7289500
2010-07-20,71.25150537817015,72.88865505159895,71.20879892028819,72.83882904052734,9200800
2010-07-21,73.08090982177909,73.10226307125467,71.69289429953535,72.05591583251953,10812500
2010-07-22,72.7819551925105,73.8211883264684,72.76060194252894,73.49375915527344,10386600
2010-07-23,73.39409792724285,74.3835048782542,73.25885345329814,74.21978759765625,13384300
2010-07-26,74.31945198999209,74.97431031150965,74.17708794359712,74.92448425292969,9047000
2010-07-27,75.27326214567165,75.3373218897302,74.7394092226527,75.05260467529297,10259500
2010-07-28,74.91022318393931,75.13088603353802,74.5187343899856,74.80345153808594,7157900
2010-07-29,75.20912939197736,75.40131386822172,73.9705879028381,74.50444030761719,11562800
2010-07-30,73.88520668448149,74.83190122773524,73.70013625086872,74.52582550048828,11706000
2010-08-02,75.50809853899102,76.15583674527194,75.36573461463425,75.97077178955078,6852300
2010-08-03,75.79287070766235,76.04200095053072,75.49390898558829,75.72880554199219,5440100
2010-08-04,75.91384886529528,76.26975063641187,75.72165886773948,76.13450622558594,7289900
2010-08-05,75.75724340668052,76.07755279541016,75.61488488516278,76.07755279541016,3631700
2010-08-06,75.39420728482007,75.9707716739882,74.96000681979214,75.94229888916016,7524700
2010-08-09,76.163017550812,76.4263869497071,75.90676771151752,76.2484359741211,3723500
2010-08-10,75.70746951845125,76.29114854764262,75.21632304890774,75.92101287841797,8434400
2010-08-11,74.8746713362145,74.88890502803572,73.96356300190303,74.12015533447266,9496200
2010-08-12,73.20898923556827,73.93503185015923,73.1591632075575,73.63607025146484,14562800
2010-08-13,73.46523594851266,73.88520282237812,73.38693713187044,73.56488800048828,6481600
2010-08-16,73.18054990333012,73.73575602090968,72.8744740397116,73.51509857177734,5818900
2010-08-17,74.02049602445857,74.82483801555483,73.79271896296083,74.26251220703125,5461600
2010-08-18,74.21267687718043,74.81770911210808,73.79982930769744,74.43333435058594,6344900
2010-08-19,74.0845174193927,74.24822920055611,72.99545881810192,73.35847473144531,8882600
2010-08-20,73.18271295482408,73.21843841584872,72.49682662048316,72.97551727294922,8548600
2010-08-23,73.26130759725908,73.62568660100436,72.66115362338802,72.70402526855469,5552400
2010-08-24,71.96813584047383,72.26821014076249,71.38227415617365,71.73236083984375,9543400
2010-08-25,71.38227666132907,72.14675480609813,70.99646449701461,71.88240051269531,9732500
2010-08-26,72.13244408316632,72.20388955076093,71.21078283365844,71.39654541015625,8258800
2010-08-27,71.82525571073678,72.61116710678307,71.01791120994395,72.57544708251953,10431400
2010-08-30,72.32539953670276,72.5468822645225,71.56092109290142,71.56806182861328,4731200
2010-08-31,71.36798725927945,72.05387376291542,71.10363295489148,71.58946990966797,10523400
2010-09-01,72.41823503282535,73.5185127319164,72.39680193656709,73.44706726074219,8511100
2010-09-02,73.525644549341,73.79713946713606,73.31844890775831,73.78999328613281,3782600
2010-09-03,74.4615953893164,74.75452341024962,73.79714225532256,74.71880340576172,6280300
2010-09-07,74.41880402646224,74.5116826726408,73.88295436193165,73.99011993408203,4206700
2010-09-08,74.09724469210695,74.59022781996704,74.07581159105935,74.29015350341797,5742100
2010-09-09,75.00462519822138,75.01891211640063,74.2830131839809,74.48306274414062,4396500
2010-09-10,74.60449392263828,74.89028124240242,74.41159061608785,74.86170196533203,3521600
2010-09-13,75.48330219576086,75.63333933845034,75.06176459882694,75.49758911132812,4944900
2010-09-14,75.3618312302305,75.78336330292211,75.14034319539785,75.333251953125,5077800
2010-09-15,75.16185041574772,75.77629185213385,75.00467241306683,75.69055938720703,4374300
2010-09-16,75.49762287221905,75.90486828475628,75.30471944562485,75.86914825439453,5449000
2010-09-17,76.12033184492999,76.220536829895,75.61930692010502,75.919921875,7777800
2010-09-20,76.15613132007435,77.1009251984564,76.01297742288747,76.95777130126953,5257500
2010-09-21,76.97211159357607,77.52323923940288,76.70728090306667,77.02937316894531,8381800
2010-09-22,76.98639722740408,77.32996109823112,76.64283881733952,76.87187957763672,5593500
2010-09-23,76.32787826527664,77.0293184130234,76.16325817906498,76.34934997558594,7547400
2010-09-24,77.13673050457741,77.77375596355071,77.06515626694711,77.70933532714844,5334900
2010-09-27,77.70931637428576,77.82383949517414,77.35859887290029,77.43733215332031,3989800
2010-09-28,77.55903809020107,77.92407384958814,76.80034124118463,77.70218658447266,7872700
2010-09-29,77.55186992338852,77.80954155144113,77.30135735743859,77.52323913574219,6281000
2010-09-30,77.95266865081254,78.38927299499555,76.92198249346411,77.2369155883789,11670500
2010-10-01,77.69499822909222,77.82383400061404,77.18680874198321,77.5303726196289,5987600
2010-10-04,77.41586563108561,77.69500893103915,76.6356918347504,76.99356842041016,5561600
2010-10-05,77.59481914155354,78.50382344466438,77.4946086540136,78.30341339111328,6493200
2010-10-06,78.33197440784018,78.61111751390298,78.21029230305523,78.56816864013672,7215600
2010-10-07,78.79723534167202,78.81155345791672,78.02422634806044,78.44651794433594,5282200
2010-10-08,78.48948977295044,79.0263046130365,78.28907431227744,78.84736633300781,4812900
2010-10-11,78.94043992808719,79.01917323574362,78.64697842486505,78.9189682006836,3527300
2010-10-12,78.68276827771429,79.18379345301445,78.16742497696849,78.9189682006836,5373500
2010-10-13,79.31978262203992,79.90670012540312,79.20526493055573,79.49156188964844,6921600
2010-10-14,79.4843903425123,79.61322612932173,78.95472907409395,79.49870300292969,8971700
2010-10-15,79.82320677220002,79.85186154508409,78.87762112838216,79.28594207763672,9377400
2010-10-18,79.28591827269113,79.93779639773057,79.19279438778192,79.5223159790039,4434900
2010-10-19,79.00655088162453,79.28592803609261,78.20423377897835,78.68418884277344,9253700
2010-10-20,78.86327520816721,79.93064478921819,78.66986236162596,79.57962799072266,7394700
2010-10-21,79.9306017732061,80.38190181581957,79.30020816599803,79.90194702148438,6992000
2010-10-22,79.9378294200664,80.00230403266683,79.62263781344775,79.7730712890625,3549800
2010-10-25,80.1598819786238,80.62551240659417,79.987958831416,80.02377319335938,6126500
2010-10-26,79.65843190251215,80.16704721743199,79.4650190446357,80.0595932006836,5371300
2010-10-27,79.60113269440015,79.84469004626382,78.98506879042435,79.73723602294922,7608300
2010-10-28,80.06675471385053,80.13122931158097,79.21429854863862,79.58679962158203,5657500
2010-10-29,79.52949303529797,79.78738050511754,79.379059588793,79.73723602294922,5972000
2010-11-01,80.00227983674628,80.59685396435731,79.27876198827188,79.74439239501953,9428500
2010-11-02,80.23872878523083,80.43214175731147,80.12410964226336,80.14559936523438,4073600
2010-11-03,80.28166283309255,80.49657087195848,79.5581449319383,80.44642639160156,10108800
2010-11-04,81.16993478103673,82.03672102133271,81.11979030317956,81.97225189208984,9353700
2010-11-05,81.98661180347159,82.11555558275039,81.7000749298214,82.05108642578125,6347900
2010-11-08,81.7645517008868,81.91498521316402,81.50666411831415,81.82186126708984,4081700
2010-11-09,81.93644901189103,81.95794419142251,81.11264748604808,81.44216918945312,5838500
2010-11-10,81.39201068782626,81.58542354759491,80.77594681546927,81.47080993652344,9956900
2010-11-11,80.87622139473217,81.13410880546314,80.61116892666494,81.00516510009766,5517900
2010-11-12,80.56107117474305,80.9407374536783,79.98082689677338,80.3461685180664,8695800
2010-11-15,80.46079666943618,80.96940682013468,80.3605076518529,80.41065216064453,6607300
2010-11-16,79.93785826356795,80.04531234644756,78.84900370489741,79.15703582763672,9492400
2010-11-17,79.25731263432102,79.36476670064238,78.98510040293567,79.11404418945312,5558800
2010-11-18,79.7730924644591,80.49661072380907,79.76592740219273,80.3390121459961,7154500
2010-11-19,80.2462934772088,80.5337556530431,79.90133119002225,80.4978256225586,4474300
2010-11-22,80.167244819337,80.39002966463772,79.44139016843508,80.36128234863281,6814800
2010-11-23,79.61383649325067,79.63539560081753,78.98141224500975,79.33355712890625,6615500
2010-11-24,79.77198519031161,80.46190440426896,79.77198519031161,80.38285064697266,4288200
2010-11-26,79.72880082689174,80.0234510099887,79.51319885253906,79.51319885253906,2330100
2010-11-29,79.24013687993529,79.6713355040598,78.62208350826124,79.52041625976562,6040400
2010-11-30,78.81609730514135,79.59944608040252,78.7370436081062,79.17543029785156,8055600
2010-12-01,80.26062904070362,81.13740254658192,80.1959462415388,80.97210693359375,7312300
2010-12-02,81.04398180307676,81.83451897865869,81.02961089215152,81.7410888671875,6146200
2010-12-03,81.45358461779784,81.9422776139811,81.43202551962561,81.8847885131836,4550500
2010-12-06,81.76983617202573,81.96387910893685,81.6620351496293,81.7410888671875,6181100
2010-12-07,82.37349133200024,82.43816863422937,81.69075540488343,81.73387908935547,7617300
2010-12-08,81.71232103080578,81.98541761665514,81.53265453295178,81.84886932373047,6518700
2010-12-09,82.17951020156305,82.20825751848055,81.57583299526574,81.8704833984375,5237500
2010-12-10,81.99984230355524,82.17232071937883,81.76268105492905,82.13639068603516,8294000
2010-12-13,82.4094351824169,82.66815540076632,82.2369568645129,82.28007507324219,4756900
2010-12-14,82.38070430001264,82.91970394849398,82.35195699413507,82.65380096435547,5212500
2010-12-15,82.58192705215203,82.96281922110822,82.41663143089444,82.56755065917969,5851100
2010-12-16,82.63943285875497,82.92690046337596,82.22979330414135,82.81909942626953,8109500
2010-12-17,82.78526357033284,82.82848043006112,82.46112613130772,82.79966735839844,4621200
2010-12-20,82.93652206038942,82.9437267016655,82.3890847295613,82.65560150146484,6742100
2010-12-21,82.91488489973446,83.16699230172351,82.82844572096856,83.05894470214844,4783100
2010-12-22,83.08779757637056,83.31109752130271,83.01576764064774,83.25347137451172,3487300
2010-12-23,83.20305731916068,83.40474335545437,83.1238227341121,83.36152648925781,3578800
2010-12-27,83.09500669126903,83.29669272036162,82.94374216944958,83.22466278076172,4138600
2010-12-28,83.3902995825101,83.46953413479015,83.08056601328721,83.40470886230469,4738400
2010-12-29,83.52600615629633,83.72091047487069,83.46104172165651,83.48269653320312,6621900
2010-12-30,83.39600662649634,83.52594090159218,83.20110796751418,83.3382568359375,6599100
2010-12-31,83.24443471260919,83.54039831972605,83.04231591132174,83.46820831298828,3725200
2011-01-03,84.0312728881836,84.35610593660739,83.99517787954758,84.0312728881836,9108900
2011-01-04,84.24786401979875,84.2623042326282,83.81475125948371,84.19733428955078,9775600
2011-01-05,84.06734516704373,84.59430244561904,83.95185107625433,84.48602294921875,7567800
2011-01-06,84.5582849643648,84.59437999869684,84.09629716302548,84.29841613769531,7161600
2011-01-07,84.39219295256812,84.5293418562806,83.60536699888793,84.14675903320312,9249800
2011-01-10,83.85082267476155,83.98075150967783,83.41770452906994,83.87969207763672,6166700
2011-01-11,84.19012195918029,84.35615137808858,83.85806862869177,84.13237762451172,5122600
2011-01-12,84.5654922911722,84.92642055062466,84.46443281911178,84.74595642089844,5255800
2011-01-13,84.72431282761471,84.73152742848299,84.32728948670294,84.60159301757812,6056800
2011-01-14,84.37059182526777,85.01304371603875,84.32006208691483,84.9552993774414,5885800
2011-01-18,85.00578135642766,85.48942365283902,84.99134114939504,85.34505462646484,4665700
2011-01-19,85.43162821973897,85.53268758570128,85.07792043887086,85.29447937011719,9080300
2011-01-20,85.06357682519557,85.42450511554144,84.69543393431941,85.26570129394531,10935600
2011-01-21,85.79617817091098,85.86122742095597,85.26135390121415,85.61549377441406,9663000
2011-01-24,85.54320161414654,86.42494215025621,85.52874377785517,86.41048431396484,12299400
2011-01-25,86.22252411610447,86.43211298842199,85.79610642962903,86.3598403930664,10474000
2011-01-26,86.40324702326322,86.68511413110535,86.25146733684235,86.44660949707031,9154100
2011-01-27,86.45386280051541,86.67790966378071,86.33099323332353,86.46831512451172,7393200
2011-01-28,86.48276456521634,86.62730984734279,85.10956232881888,85.29747009277344,17156100
2011-01-31,85.46367972328842,85.75277572579617,85.19626495601042,85.71663665771484,8965000
2011-02-01,86.12138525393402,86.89471399770319,86.06356494257504,86.79352569580078,7626900
2011-02-02,86.64899940558936,86.95977675463651,86.64899940558936,86.80077362060547,4231200
2011-02-03,86.75018464697702,87.14046357397817,86.41049712639918,86.99591827392578,6338100
2011-02-04,86.99591233761936,87.22718811035156,86.74294980871436,87.22718811035156,5191300
2011-02-07,87.36449041374556,87.92100127086385,87.3428091751134,87.70417785644531,7317100
2011-02-08,87.77644073626641,88.33295153154575,87.68971579137457,88.27513122558594,6032000
2011-02-09,88.25341014972169,88.46300452867429,87.99322440440433,88.37627410888672,7682100
2011-02-10,88.00767992209728,88.35459609983496,87.76195199481917,88.2967758178711,7202200
2011-02-11,88.04381899768683,88.72319352580934,87.96431748847905,88.64369201660156,6887200
2011-02-14,88.52806143736885,88.6870644737177,88.39074514474174,88.61479187011719,4093900
2011-02-15,88.41971003849204,88.44139679699465,88.08725142410147,88.31852722167969,4854700
2011-02-16,88.52811511502455,88.94007527078395,88.44139014373808,88.80998229980469,5680000
2011-02-17,88.64372393439763,89.14240888238947,88.5859036316008,89.01232147216797,4856500
2011-02-18,89.09201997282631,89.57743503061995,88.98334355738436,89.54845428466797,6320900
2011-02-22,89.01956180907705,89.31660475169838,88.01974552181183,88.3095474243164,9844300
2011-02-23,88.15014449616022,88.2225935803702,87.20104877973463,87.5560531616211,14461100
2011-02-24,87.49810431923123,87.69372295511022,86.62145756041524,87.2445297241211,12247300
2011-02-25,87.62132182411119,87.90387731726283,87.4764180279343,87.76622009277344,5649800
2011-02-28,88.0270125533675,88.5196742439025,87.98354419251562,88.49794006347656,5759600
2011-03-01,88.67909004286838,88.73705155831978,87.2083511352539,87.2083511352539,9666700
2011-03-02,87.12136005979875,87.65024891887795,86.94023457110895,87.2662582397461,8298400
2011-03-03,87.98352206719554,88.86741536566224,87.97627549970493,88.65006256103516,7297200
2011-03-04,88.70077789236834,88.7732269850783,87.37493793848125,88.00525665283203,10366700
2011-03-07,88.222629059287,88.57763911145233,87.09240741406002,87.45465850830078,8355500
2011-03-08,87.57058014216771,88.6718210193318,87.36047384749232,88.38201904296875,8009200
2011-03-09,88.29504692366645,88.7225003836222,87.99075193033866,88.39647674560547,7819900
2011-03-10,87.62852443079801,87.70097906086218,86.66494086458371,86.74463653564453,15698000
2011-03-11,86.41135131660637,87.54881923825327,86.37512953302584,87.2445297241211,10479900
2011-03-14,86.77361199312239,87.01994557549068,86.15778632847001,86.83157348632812,8026700
2011-03-15,84.83919107413307,86.30992938806298,84.7087804807667,85.80278015136719,14786600
2011-03-16,85.48404609226714,85.64343752231576,83.68728303675502,84.15821075439453,16469000
2011-03-17,85.0927780961465,85.47676889134583,84.7015517865319,85.26666259765625,7902300
2011-03-18,86.25824359904728,86.38890513176214,85.65574844607607,85.85173797607422,10498900
2011-03-21,86.78087693643216,87.48499146865878,86.78087693643216,87.15834045410156,7615000
2011-03-22,87.216396977017,87.28172495231674,86.94055297958316,87.0494384765625,6360500
2011-03-23,86.87527343993456,87.7681283671836,86.70105987052604,87.56487274169922,6693400
2011-03-24,88.0149284657888,88.30528810031612,87.63020430375357,88.16736602783203,4827100
2011-03-25,88.34154654433576,88.7988645975302,88.26895804739695,88.53028106689453,6604100
2011-03-28,88.63915616747546,88.89321864598607,88.34153616540112,88.38509368896484,2663400
2011-03-29,88.37059938167268,88.99487053937729,88.18912533671548,88.9295425415039,6025800
2011-03-30,89.28521508037987,89.7062361229224,89.2416630891332,89.43765258789062,4100800
2011-03-31,89.41585913961666,89.69169759391835,89.24890064217988,89.29971313476562,4355100
2011-04-01,89.71349749608758,89.97482053850491,89.38684646213981,89.61913299560547,5203200
2011-04-04,89.74979690393353,89.89497391440548,89.6118748672816,89.83690643310547,6278900
2011-04-05,89.66264904217391,90.11270644326508,89.47392011687538,89.75701904296875,8523300
2011-04-06,90.16354273056135,90.27242823968236,89.86592824632079,90.13450622558594,4246000
2011-04-07,90.04013474390162,90.1925722295712,89.36505128556689,89.94577026367188,6542200
2011-04-08,90.22159192364228,90.26514390053492,89.32148265960552,89.75701904296875,6080300
2011-04-11,89.85865661380839,90.21434406397661,89.54652114663936,89.74977111816406,5467500
2011-04-12,89.22712281460174,89.3577842982971,88.68270088889544,88.8932113647461,5161400
2011-04-13,89.4086321090448,89.43766862113034,88.61740792277018,88.95858001708984,4278200
2011-04-14,88.53749506085653,89.2053177428585,88.16728672138275,89.08191680908203,4338300
2011-04-15,89.2795770655083,89.6719196308637,88.96715644179231,89.50481414794922,5299500
2011-04-18,88.51669477491201,88.55301940328731,87.65935483173126,88.45130157470703,10033200
2011-04-19,88.6111784979841,88.9962540702089,88.44407295010178,88.92359924316406,5007200
2011-04-20,90.04243815696385,90.47837235665145,89.91892448330644,90.34032440185547,6708700
2011-04-21,90.55106050293645,90.68184136535898,90.2313782617306,90.66731262207031,4019100
2011-04-25,90.57285712252255,90.60918175041814,90.24590221222714,90.49293518066406,4441200
2011-04-26,90.6673479294977,91.45929501247197,90.56563005724794,91.3285140991211,6200000
2011-04-27,91.45930410473248,92.17860197127409,91.30672728118971,92.04782104492188,5703800
2011-04-28,91.95334458452373,92.66537514799136,91.93881583732171,92.57818603515625,11788000
2011-04-29,92.6799334180263,93.08680498778222,92.66540466619618,93.02867889404297,11425900
2011-05-02,93.43550807129886,93.45730395817358,92.72347768855562,92.88331604003906,10518700
2011-05-03,92.82525890449357,93.1304070723033,92.46924069842717,92.86885070800781,7708200
2011-05-04,92.75982525878791,92.82521847879032,91.9170193463673,92.25123596191406,8253900
2011-05-05,91.9678873273947,92.15678877442062,90.8199221806612,91.28491973876953,11362900
2011-05-06,92.07685212313767,92.59270850265993,91.4229477183887,91.74263000488281,9866400
2011-05-09,91.72084077978838,92.32388630483071,91.57553114293334,92.06232452392578,5464900
2011-05-10,92.24396310018871,92.75981951025128,92.13497810241047,92.5999755859375,4179600
2011-05-11,92.41835065976746,92.45468084594893,91.35757463312466,91.77171325683594,7813600
2011-05-12,91.51739958268787,92.38927398115452,91.08873229942719,92.26575469970703,6684200
2011-05-13,92.25850388078887,92.36022174101667,91.11780598262749,91.51741027832031,6677500
2011-05-16,91.23403939457285,91.8516136118362,91.03060370354085,91.16138458251953,4399900
2011-05-17,90.76904334978376,91.00880922215501,89.98435806377255,90.68185424804688,25391000
2011-05-18,90.73999124438141,91.43748751266055,90.50022534313332,91.33576965332031,4534600
2011-05-19,91.62637954297877,91.89520843780225,91.1541149626485,91.67723846435547,4714900
2011-05-20,91.49132203768562,91.60066661323137,90.80610122166203,91.01020812988281,6881200
2011-05-23,89.82203443236982,90.30314290330351,89.68353089670065,90.04071807861328,5901700
2011-05-24,90.25215036046731,90.36149500576961,89.81477734075781,89.88038635253906,4244400
2011-05-25,89.54499385514336,90.48534819817256,89.51584049575088,90.13545227050781,4110900
2011-05-26,89.96056506927599,90.51456825585477,89.60337221825898,90.24485778808594,6190400
2011-05-27,90.52183089019312,90.86444138233449,90.3760417946637,90.55828094482422,4402800
2011-05-31,91.36012565741497,91.52049698809856,90.82798492937373,91.48404693603516,5290000
2011-06-01,91.21431942942176,91.2507694768572,89.38464272728811,89.44295501708984,8218900
2011-06-02,89.48670942802183,89.56689509504805,88.72859393345387,89.1513900756836,8832200
2011-06-03,88.11625384167128,88.9326870693648,88.0870949162362,88.43699645996094,6224000
2011-06-06,88.27666846781428,88.45161654477478,87.84658661997409,88.0069580078125,4679000
2011-06-07,88.40790029338415,88.64116630095903,87.81744692828843,87.83202362060547,3834600
2011-06-08,87.7736823891939,88.07984288054723,87.53312533391691,87.69349670410156,6860100
2011-06-09,87.9048927535432,88.69945851152417,87.78826256427458,88.29124450683594,4024900
2011-06-10,87.9486199471312,88.0142233753755,86.89892060324007,87.01555633544922,7384800
2011-06-13,87.27799820395121,87.50397302733376,86.81146074556641,87.0811767578125,5363200
2011-06-14,87.65704859361874,88.30581965180339,87.62788965643645,87.98507690429688,4853100
2011-06-15,87.21964003296839,87.51850928438748,86.4177890532264,86.65834045410156,20958800
2011-06-16,86.62921261025676,87.36546044341515,86.51987355312787,87.13219451904297,7469900
2011-06-17,87.79523146792467,87.97048446146322,87.21104739453985,87.43741607666016,7742000
2011-06-20,87.15265676830738,88.16767261466664,87.14535293289063,88.0216293334961,5679800
2011-06-21,88.34285861837668,89.021969902849,88.16760013960419,88.78829193115234,4744500
2011-06-22,88.46704545730854,88.94899261614003,88.2041631629668,88.21876525878906,4702500
2011-06-23,87.34978978455906,87.87554874964012,86.52462938744465,87.86094665527344,9033500
2011-06-24,87.79530656271277,87.85372056306127,86.88981991734865,87.04316711425781,6643300
2011-06-27,87.09422655835027,88.1603635508313,86.955487129592,87.7733383178711,4488800
2011-06-28,88.08732274759952,88.83215776043171,87.98509136484883,88.80294799804688,4085500
2011-06-29,89.0877435845482,89.5331827481664,88.7153260473345,89.41634368896484,5712400
2011-06-30,89.74493775446831,90.56278877830361,89.64270637648889,90.4240493774414,4754500
2011-07-01,90.61393748823964,91.80421200605423,90.40217639325101,91.70198059082031,8692000
2011-07-05,91.67270590330222,91.86986475844162,91.39522162576036,91.63619232177734,5324300
2011-07-06,91.55589537311195,92.19849895218016,91.44636573685449,92.07435607910156,9795100
2011-07-07,92.61477640590591,93.00910001489844,92.4468215910555,92.81193542480469,4400700
2011-07-08,92.0305290288868,92.31531717851729,91.64350952150131,92.29341125488281,5987200
2011-07-11,91.40256376372365,91.61433038160959,90.94252250009126,91.24191284179688,6931200
2011-07-12,91.17617359840068,91.67272834426484,90.77454638807241,90.78915405273438,12501300
2011-07-13,91.24918818867769,91.96481327988724,90.90598052101554,91.13235473632812,7366800
2011-07-14,91.19806222000575,91.76763846753147,90.52625462401085,90.70150756835938,6517000
2011-07-15,91.14884153284775,91.19269293210016,90.46911696333228,91.0392074584961,7853000
2011-07-18,90.5568277846247,90.64453058549896,89.69438159329606,90.35218048095703,6150200
2011-07-19,90.92225626544978,91.96011346665293,90.86378402352344,91.82124328613281,5848000
2011-07-20,91.92358687134278,91.96744385041566,91.55083879466048,91.69701385498047,3291800
2011-07-21,92.11360371777772,93.04183248399563,91.8943411634623,92.84449005126953,6881400
2011-07-22,92.7348826305089,92.8372063004997,92.25250041144118,92.53023529052734,5848500
2011-07-25,91.60932131090037,92.34020789130157,91.45583579816277,91.91629791259766,5236200
2011-07-26,91.62393359541615,91.74818296416976,91.11962011771773,91.23656463623047,7202900
2011-07-27,90.90028839544028,90.91490366103113,89.67239976576745,89.78202819824219,7558600
2011-07-28,89.76750511340938,90.38145284680716,89.21934008326491,89.3728256225586,7454600
2011-07-29,88.49570085767157,89.33622108794087,88.17410915101085,88.53224182128906,16015400
2011-08-01,89.7089972713501,89.86979317530356,87.53826372042009,88.51765441894531,11630000
2011-08-02,87.94027532523093,88.43727843535454,86.55158967257184,86.58082580566406,9644500
2011-08-03,86.68313454527699,86.89509229150238,85.38946794216069,86.82931518554688,16594800
2011-08-04,85.74757734587358,85.9302989141674,82.99944339739304,83.10907745361328,19368300
2011-08-05,84.14697768054067,84.46125916187005,81.3184499247988,83.50379943847656,30450400
2011-08-08,81.32575050600296,82.61211249880733,78.95036902745072,78.9869155883789,30395700
2011-08-09,80.1490058480431,82.13701218559677,77.43010752927637,82.12970733642578,32097800
2011-08-10,80.55831537047574,80.88721208314821,78.10984657552014,78.32910919189453,27711600
2011-08-11,79.08188345409364,82.45857965619764,78.81145913282494,81.31108856201172,17393500
2011-08-12,82.21739880979327,82.94828511409708,81.5522951725112,82.44397735595703,14097500
2011-08-15,83.16026609608289,83.96424014068307,82.91176735962638,83.91307830810547,13586200
2011-08-16,83.27719295810142,83.98615361366775,82.5682323025351,83.3795166015625,10846800
2011-08-17,83.8326334555141,84.38810845296129,82.8678640263787,83.51104736328125,9350200
2011-08-18,81.56697119622883,81.64005876585092,79.67397693476339,80.44871520996094,18143700
2011-08-19,79.4501370788534,81.16694406230192,79.06862068417871,79.17134094238281,15277500
2011-08-22,80.8367966433412,80.92484018659066,79.24471368623837,79.45748138427734,11314800
2011-08-23,79.86099432978001,81.7832361986078,79.55285035312545,81.70986938476562,12374800
2011-08-24,81.6218419743293,82.9571384011542,81.37239363848067,82.86909484863281,9256900
2011-08-25,83.19186954035054,83.47800393067678,81.29897619086383,81.62913513183594,10391700
2011-08-26,81.2330018093722,82.9571476565148,80.03710054370246,82.68568420410156,13140300
2011-08-29,83.61744933755575,84.51987194290204,83.58076312537447,84.4758529663086,7117800
2011-08-30,84.24837973955381,85.2241743710113,83.73480096627354,84.62989044189453,10480300
2011-08-31,85.22421464699462,85.81849325943284,84.46118728418743,85.07013702392578,8390900
2011-09-01,85.17281678319895,85.86247703165503,84.16767984813987,84.2777328491211,7690900
2011-09-02,82.71499421301445,83.11118166599665,82.13538695388463,82.37750244140625,9426300
2011-09-06,80.26448810223245,81.77586513355052,80.10307781781462,81.59244537353516,10881100
2011-09-07,82.7149872249686,83.65409565750069,82.46553899649567,83.59540557861328,7271500
2011-09-08,83.18456674363146,84.13835218414587,82.70767962090376,82.81039428710938,7772800
2011-09-09,81.90796624213043,81.95198521410082,80.13246347061778,80.57266998291016,11877700
2011-09-12,79.50886730994146,81.1082892035182,79.34745688803889,81.07894134521484,10062000
2011-09-13,81.20358019284694,81.7098204207969,80.57261589635232,81.3796615600586,10836700
2011-09-14,81.797879740357,83.51469171251107,80.60932320331602,82.46553039550781,14634500
2011-09-15,83.22119957591666,83.88151171910881,82.78099334629718,83.83015441894531,9646000
2011-09-16,84.2417948548445,84.6240080151021,83.65376856908821,84.42555236816406,12330800
2011-09-19,83.13191809245764,83.95515397086916,82.53654539922535,83.58763885498047,9727400
2011-09-20,83.98461465007816,84.71964539644506,83.4112915651663,83.7052993774414,8070700
2011-09-21,83.74197436716342,83.96248562673578,81.50013045690346,81.55158233642578,14933100
2011-09-22,79.3465087072595,79.67727566554741,77.7073944838736,78.6996841430664,19744500
2011-09-23,78.23661222163547,79.28770557739188,78.00874905813464,78.97898864746094,12056800
2011-09-26,79.68460817059865,81.09586448101743,79.00103001901549,81.02970886230469,11476000
2011-09-27,82.62476171496672,83.38918831982818,81.65451630021323,82.11023712158203,13564400
2011-09-28,82.39690237795106,83.02902893727904,80.6622302767027,80.72838592529297,11260200
2011-09-29,82.22780636423239,82.69087323553123,80.43433140799496,81.86763763427734,13212200
2011-09-30,80.71370414762957,81.70599989172621,80.02277923328799,80.06687927246094,10338600
2011-10-03,79.53762314726882,80.5666666248871,78.13371827758796,78.17781829833984,13520400
2011-10-04,77.23698774074113,79.44942497687637,76.3255461019415,79.1774673461914,18100000
2011-10-05,79.27299577487241,80.41964655304417,78.83933070428814,80.32408905029297,9967000
2011-10-06,80.33882625458253,81.74273142507514,79.72874966689469,81.65452575683594,8534300
2011-10-07,82.22781501178547,82.47772254097438,81.13261618233713,81.60303497314453,10022000
2011-10-10,82.76439307303889,83.9698420602838,82.75704120140685,83.94779205322266,7176500
2011-10-11,83.51413517313335,84.05070409050509,83.44797953760907,83.80079650878906,7836000
2011-10-12,84.35938016928787,85.35167503247861,84.0947745613146,84.52108764648438,7855800
2011-10-13,84.1829535940022,84.53577032981282,83.52877758670263,84.27851104736328,5493900
2011-10-14,85.13122201731996,85.5207872380773,84.64610486190945,85.51343536376953,5256900
2011-10-17,85.14588718868151,85.17528906669091,83.5288231530087,83.71993255615234,8397900
2011-10-18,83.4553402536453,85.57222548154292,82.93346941784598,84.90335083007812,11694400
2011-10-19,84.87392563644372,85.44724821105794,84.21974930306754,84.49170684814453,15286300
2011-10-20,84.57991720649449,85.09443605662173,83.6758276751739,84.77102661132812,7944500
2011-10-21,85.73179250927483,86.78457475628528,85.71707075659833,86.76248931884766,13012000
2011-10-24,86.99807321042222,87.726926317874,86.88028234317008,87.52078247070312,8407500
2011-10-25,87.03487589362426,87.13794499679986,85.8201264726607,85.98209381103516,9405200
2011-10-26,87.15266023255636,87.35880404034324,85.90110372078041,87.17475128173828,9938700
2011-10-27,89.14045562047883,90.2447724474416,88.67663895837312,89.77359771728516,12948500
2011-10-28,89.50854967319883,89.99444609356951,89.34658232746023,89.84720611572266,6666900
2011-10-31,88.89747329520043,89.0226278101822,87.80787860451876,87.85941314697266,13398600
2011-11-01,86.06312333810457,86.6300037076269,85.42261732693055,85.68029022216797,15120600
2011-11-02,86.72569771615186,87.2557651604622,86.26188097921603,86.96864318847656,7605000
2011-11-03,87.77843711189605,88.64716628797275,86.99069159250105,88.48519897460938,12007500
2011-11-04,87.90364040201908,88.10977869091167,87.04963250021025,88.0508804321289,7021900
2011-11-07,87.99194396865386,88.71343328336592,87.2778239541489,88.67662048339844,8694400
2011-11-08,89.08888632825808,89.63368084445271,88.27169174554433,89.51588439941406,7383200
2011-11-09,87.8521314459105,88.10244069345232,86.31344628342836,86.64474487304688,12096200
2011-11-10,87.57961832213833,88.0139855267538,86.78450947144125,87.52808380126953,9960400
2011-11-11,88.5219748202938,89.60420547030027,88.50725307740072,89.47168731689453,7260300
2011-11-14,89.32446422595919,89.50115325812816,88.47782062084984,88.86801147460938,7391200
2011-11-15,88.62514554110146,89.50860278291513,88.29385258595161,88.98589324951172,6467700
2011-11-16,88.24960190355496,89.18458726771154,87.54284011919432,87.6827163696289,7142200
2011-11-17,87.65334744653893,87.98464602208873,85.9821496593959,86.74781036376953,10984300
2011-11-18,87.05403621489269,87.30495786554523,86.55958008301776,86.8843002319336,8307400
2011-11-21,85.68872678745596,85.843705291292,84.33819258628905,84.98763275146484,18829600
2011-11-22,84.85481175350891,85.260706314888,84.22751043330241,84.67768859863281,8396900
2011-11-23,83.94703889096193,84.05035787300613,82.89908599853516,82.89908599853516,7988400
2011-11-25,82.86219961681438,83.73303522331962,82.75888061523438,82.75888061523438,3532100
2011-11-28,84.70714756482589,85.22374794541957,84.36028867668196,84.94330596923828,6666100
2011-11-29,85.1057194070705,85.74039657346121,84.95074088464449,85.2828369140625,5325400
2011-11-30,87.38609810502768,88.84732684874093,87.38609810502768,88.6997299194336,11581500
2011-12-01,88.56697684511091,88.96549569962738,88.30867915157268,88.65553283691406,5437700
2011-12-02,89.45989908410479,89.59273862357003,88.55954283111421,88.60382080078125,5584400
2011-12-05,89.86574592931835,89.92478694452437,88.71447428510643,89.26058959960938,6285400
2011-12-06,89.26801147455903,90.10194507697159,89.06137345841883,89.5853500366211,7062300
2011-12-07,89.34181860791625,90.45619445190529,88.98758358324088,90.08719635009766,9026700
2011-12-08,89.6664845933814,89.8952614766047,88.29381203311992,88.51521301269531,9595600
2011-12-09,88.90638070990487,90.1166937224612,88.86210275081173,89.87315368652344,8999200
2011-12-12,89.23108720483003,89.26798362164934,88.10194874529101,88.73662567138672,6291500
2011-12-13,89.23110977364931,89.65914322587751,87.85843659844085,88.19791412353516,7761800
2011-12-14,87.88058078551481,88.18315627191643,87.01712666203588,87.3197021484375,10062700
2011-12-15,88.25698700061541,88.37506912754299,87.51161468863158,87.68135070800781,5261400
2011-12-16,88.1595117806043,88.38157830381594,87.26385325912022,87.50812530517578,7758400
2011-12-19,87.82640550753777,88.07067751984043,86.6420640579597,86.87152862548828,7977500
2011-12-20,88.16691964121644,89.47709637696315,88.13731039357306,89.32905578613281,7867300
2011-12-21,89.41788726267563,89.46970203636842,88.59624896027103,89.42528533935547,6679800
2011-12-22,89.66954598437218,89.97303651118837,89.49929988423446,89.9582290649414,4202800
2011-12-23,90.0840463957174,90.80945863965944,89.93600584669328,90.77244567871094,2281300
2011-12-27,90.66144138358014,91.0463502983655,90.60222288980196,90.80207824707031,3878700
2011-12-28,90.79461188816572,90.83902290140654,89.66208022408543,89.75090789794922,3871400
2011-12-29,89.95083341647117,90.80948465952032,89.90642236851572,90.69104766845703,5133600
2011-12-30,90.55040417676476,90.77246504768415,90.18769515370663,90.19509887695312,4734000
2012-01-03,91.74215029728953,92.17887396712487,91.49787825447339,91.51268005371094,7175100
2012-01-04,91.34237588296898,91.82351593942906,91.12771322247502,91.76429748535156,7625200
2012-01-05,91.38682368324505,91.8679639333652,90.74283544255641,91.74952697753906,8678900
2012-01-06,91.84577207554345,91.84577207554345,91.14996897504538,91.43865203857422,7488600
2012-01-09,91.55708711200971,91.71993512341795,91.14996708348909,91.53488159179688,5881800
2012-01-10,92.4379629979615,92.526790750141,91.98643180730984,92.06785583496094,5274400
2012-01-11,91.81615193084602,92.11963675632926,91.6385021391635,92.00120544433594,4890300
2012-01-12,92.1566656329132,92.28250068844494,91.53488843095451,92.17887115478516,5591300
2012-01-13,91.57190659899588,91.9050064086914,90.98713664842468,91.9050064086914,6392100
2012-01-17,92.55637196581785,92.94868453618619,92.1270464314057,92.2454833984375,5348800
2012-01-18,92.17885860034981,93.05971516387444,92.09003652495927,92.9856948852539,6473000
2012-01-19,93.2595530125326,93.40019546873772,92.91165155605736,93.39279174804688,8095300
2012-01-20,93.42028197465159,94.10218048095703,93.35357143877773,94.10218048095703,6995400
2012-01-23,94.0502256023453,94.39858812936185,93.67221459910728,93.99092864990234,5166800
2012-01-24,93.46470904828442,93.79825026500254,93.29423732729389,93.70930480957031,4798200
2012-01-25,93.43508387948359,94.51722841037066,92.99778133793961,94.31710815429688,9642500
2012-01-26,94.76180679838436,94.96934620800035,93.87237480522721,94.17626190185547,5902300
2012-01-27,93.73891764053951,93.95386483492483,93.39796867337016,93.72409057617188,6136400
2012-01-30,92.93845123265612,93.62034935351787,92.64938560196757,93.5610580444336,5910600
2012-01-31,94.04284831863785,94.07249680628742,92.93105547869786,93.4424819946289,5951700
2012-02-01,94.18364410119337,94.56906299536196,93.96128334945111,94.06505584716797,9891000
2012-02-02,94.14661421813817,94.25038675126703,93.74637377621161,94.01319885253906,4531500
2012-02-03,94.90259821340514,95.23614499499217,94.74695360441963,95.1471939086914,8654000
2012-02-06,94.74698006858483,95.01381078254146,94.63579966195783,94.96192169189453,3852400
2012-02-07,94.83588633487685,95.43625240154739,94.53941289520196,95.2509536743164,5739300
2012-02-08,95.33255291966545,95.4659739785976,94.8952503287804,95.3992691040039,4884400
2012-02-09,95.58456557445678,95.7031482453018,95.09537388683343,95.43631744384766,5416600
2012-02-10,94.69515881364087,94.81374717834152,94.35420948967469,94.7618637084961,6380600
2012-02-13,95.37695415517287,95.44367029146909,94.93224400170564,95.31024932861328,4654100
2012-02-14,95.15464885406075,95.3844175696838,94.70992718465095,95.3621826171875,5608500
2012-02-15,95.6141574256874,95.64380025015463,94.55424832260323,94.76919555664062,9589200
2012-02-16,94.85815576454408,95.74758200877986,94.83591516042685,95.66606140136719,8699000
2012-02-17,96.0911347778585,96.15058468022872,95.75673899857182,96.03168487548828,5765200
2012-02-21,96.32152611256012,96.41813365141448,95.83108410809214,96.12089538574219,6589200
2012-02-22,96.03165958530701,96.23230153560324,95.74928679704891,95.96478271484375,6092200
2012-02-23,95.85329512002797,96.37346731326454,95.52632650173543,96.2917251586914,12890500
2012-02-24,96.43296787402264,96.52956404281902,96.04654918210909,96.32149505615234,3769100
2012-02-27,95.8087279395907,96.63357671436248,95.54122045049294,96.35120391845703,5778600
2012-02-28,96.3363782454749,96.63361647047506,96.11344390726906,96.49986267089844,4953700
2012-02-29,96.6187471731414,96.878827744041,95.92765196819919,96.0762710571289,7724200
2012-03-01,96.30660930503761,96.72274714105119,96.03165218281708,96.28431701660156,6684300
2012-03-02,96.26200137611147,96.44777798249797,95.92017877014666,96.26943969726562,3818700
2012-03-05,96.17285919189453,96.29918595897975,95.59323692460595,96.17285919189453,5286400
2012-03-06,95.06561696262315,96.20257469616527,94.50828707477913,94.70892333984375,14410100
2012-03-07,94.85016674579343,95.45208153632683,94.71640727351314,95.2885971069336,5736200
2012-03-08,95.72698856982942,96.06138424031265,95.52634663197716,95.8012924194336,4417000
2012-03-09,96.02420611615473,96.29915184482797,95.81613723949876,95.97218322753906,6248400
2012-03-12,95.98708366623553,96.35863698754429,95.93507209748421,96.20259094238281,5197000
2012-03-13,96.64103105125015,97.9191755147455,96.49241197526645,97.85228729248047,8699500
2012-03-14,97.93398156144305,98.21636560486445,97.80765484172903,98.00086975097656,5124600
2012-03-15,98.0974726189848,98.45417185803898,97.844819162166,98.39472198486328,5716900
2012-03-16,98.6739503512958,98.73351495386287,98.29423879081531,98.31657409667969,5047200
2012-03-19,98.21237557213941,98.57719327806858,98.11558163670978,98.33150482177734,4424000
2012-03-20,97.8027787478812,98.05591963137162,97.47517931711512,97.81767272949219,5403700
2012-03-21,97.92936755447533,97.98893213131025,97.3932977237425,97.5273208618164,5031900
2012-03-22,96.96891708899363,97.19972272696366,96.68598818527218,96.91679382324219,6987900
2012-03-23,96.95406286258134,97.31889179010315,96.57435130512604,97.23699188232422,4373300
2012-03-26,97.82520590310857,98.38361144971147,97.78797659451038,98.34638214111328,4991500
2012-03-27,98.44309920677799,98.53989306139846,98.01870586954762,98.03359985351562,5777300
2012-03-28,98.07828740933562,98.17508128069862,97.09550015229337,97.51988220214844,5293700
2012-03-29,96.99131687974291,97.71352224310638,96.82006434478394,97.63162231445312,4487400
2012-03-30,98.06339571924717,98.25697208329724,97.66877895739026,98.13040161132812,4218500
2012-04-02,97.95175197301045,98.78563374532403,97.70605223064224,98.50271606445312,8683800
2012-04-03,98.39097594328047,98.5771109801469,97.57198859753683,98.03359985351562,6098700
2012-04-04,97.28169372341259,97.36359365748332,96.75306481063058,97.17000579833984,10402500
2012-04-05,96.86470048786757,97.3188705389597,96.73811863557077,97.08061218261719,4179800
2012-04-09,96.01598342845392,96.48503639178497,95.92663081003653,96.13510131835938,5360200
2012-04-10,95.94890374228366,96.0978208892291,94.49705244583178,94.5640640258789,12912700
2012-04-11,95.427789869376,95.51713112701749,95.10763710857161,95.18953704833984,5603300
2012-04-12,95.39057060410677,96.63395246731866,95.33100597247609,96.58184051513672,7164600
2012-04-13,96.2839632528779,96.31373986805175,95.50219361535078,95.5989761352539,8826800
2012-04-16,96.21698774622443,96.56692277050817,95.8074881049574,96.09786987304688,7503100
2012-04-17,96.6637250397283,97.63163026790082,96.64883104399918,97.49016571044922,6290900
2012-04-18,96.99122324758676,97.3858285153982,96.84975883822453,96.90187072753906,5057100
2012-04-19,96.96147323588154,97.289072762456,95.91168012126397,96.44773864746094,8957000
2012-04-20,96.87188765011076,97.29675841397068,96.8271542351928,96.88678741455078,5686800
2012-04-23,95.96248557784655,96.21591801748617,95.53015362994505,96.17119598388672,5180000
2012-04-24,96.35762728820727,97.07320318184858,96.35016602702171,96.69305419921875,4418700
2012-04-25,97.27441368301314,97.52039632385731,96.98370899362781,97.37876892089844,7342000
2012-04-26,97.31913874411627,98.4148744627649,97.26696681049256,98.28070831298828,4577100
2012-04-27,98.45960016722198,98.69813294083613,98.1390845482802,98.39251708984375,3969500
2012-04-30,98.25084282475802,98.40738130452803,98.01232153875523,98.24339294433594,3670500
2012-05-01,98.28076282836116,99.24232155673211,97.94532452011882,98.78762817382812,5453200
2012-05-02,98.42232253026079,98.77266041337032,98.13161783724098,98.69066619873047,3746000
2012-05-03,98.69813591623516,98.82485219083698,98.01982111642337,98.25089263916016,5043100
2012-05-04,97.7440619897008,97.88568945648541,96.87939741534326,96.96884155273438,5934300
2012-05-07,96.52903812041423,97.0880866037371,96.49176594675194,96.782470703125,4040500
2012-05-08,96.28307125848261,96.40233768426938,95.34387374662457,96.21598815917969,7641700
2012-05-09,95.4109503274921,96.24579250321875,94.94880148954643,95.66438293457031,11921700
2012-05-10,96.01468513740957,96.3650229999616,95.56745329878196,95.7388916015625,5325000
2012-05-11,95.26184627656217,96.27558779444674,95.20966865521227,95.54508972167969,3673800
2012-05-14,94.79965590529144,95.17981022915997,94.36732398300425,94.62821197509766,6069000
2012-05-15,94.53136915192198,95.10532307943032,93.97232068137671,94.15121459960938,6713000
2012-05-16,94.50154362708906,94.94133133959423,94.01703386098272,94.05430603027344,6043200
2012-05-17,94.07663872881422,94.10645531788154,92.83928156065153,92.85418701171875,8985300
2012-05-18,93.14295302883619,93.23270979666553,92.06589464068811,92.2304458618164,10861600
2012-05-21,92.5146567244765,93.35236358642578,92.32766777044138,93.35236358642578,5384900
2012-05-22,93.41968914104659,93.85350491443663,92.8886411590486,93.3673324584961,9856100
2012-05-23,92.70911700962077,93.34488399025756,91.86392902924977,93.2775650024414,8600000
2012-05-24,93.43461108532894,93.6141245358639,92.71657440253405,93.5842056274414,7043000
2012-05-25,93.4420926237484,93.56924370523124,92.72405593799733,92.94096374511719,6725100
2012-05-29,93.66649734037387,94.18258290686514,93.4196705831893,93.9432373046875,6828700
2012-05-30,93.14291038250273,93.202748200325,92.5520247710167,92.739013671875,6874300
2012-05-31,92.76144026259662,93.29996914528535,92.00600930269222,92.5220947265625,7793500
2012-06-01,91.34781556942202,91.56472337866062,90.43531452888331,90.5101089477539,11815100
2012-06-04,90.56993813341249,90.71205151918998,89.89678267887284,90.33807373046875,6369000
2012-06-05,90.23343694086276,90.74204739317773,90.14368014111787,90.57001495361328,6619900
2012-06-06,91.24312441562212,92.73903598236411,91.21320549951331,92.69416046142578,6138400
2012-06-07,93.62164001274962,93.81611014742087,92.94100310107636,93.13546752929688,8806300
2012-06-08,92.8362354533322,93.81605529785156,92.64176543235787,93.81605529785156,4432700
2012-06-11,94.52663349908676,94.60890907754343,92.63430660748078,92.7315444946289,7232100
2012-06-12,93.04573481581927,93.9881610473067,92.77647017825143,93.93579864501953,4923700
2012-06-13,93.74877876063931,94.19755681311254,93.105542012091,93.41220092773438,4687100
2012-06-14,93.58422040243255,94.94549956510778,93.45706359494949,94.5191650390625,8162700
2012-06-15,94.98371900696179,95.51569881282153,94.88631723274628,95.41079711914062,6268400
2012-06-18,95.00618935178089,95.56064026245242,94.89379918594713,95.2534408569336,4568500
2012-06-19,95.70303527288081,96.43731299441244,95.53819706704289,95.95028686523438,3869500
2012-06-20,95.99516852071098,96.27240244008316,95.23842018646364,95.87528991699219,9212800
2012-06-21,96.01770212970004,96.16006341484842,93.91228253222286,93.98721313476562,7702600
2012-06-22,94.50415573535345,94.76640129180508,94.2419158953016,94.57908630371094,5295800
2012-06-25,93.70248154596712,93.72495843800567,93.14803058220924,93.47770690917969,5922300
2012-06-26,93.6800182174179,94.03966569131204,93.09559607419227,93.71748352050781,7551600
2012-06-27,93.9572193671492,94.57910663323067,93.89727718613871,94.41426849365234,3717100
2012-06-28,93.67248461761018,94.30186600312483,93.095556920922,94.25691223144531,6460100
2012-06-29,95.71797476187913,96.33237351228325,95.48570596743905,96.2424545288086,5844400
2012-07-02,96.36983709304964,96.48223297553272,95.67303063942545,96.17503356933594,3837000
2012-07-03,96.18251529300304,96.82687943574231,96.08511925439485,96.76693725585938,2717700
2012-07-05,96.3698159754589,96.96173776820812,96.1300587244112,96.48970031738281,6637500
2012-07-06,95.74793748226223,95.76292016726467,95.05861964414594,95.58309936523438,4341400
2012-07-09,95.47074354395393,95.53068573831452,94.93876943090885,95.33587646484375,4503800
2012-07-10,95.87532321428951,96.01019026306157,94.33934341503095,94.66901397705078,6730900
2012-07-11,94.72899890504016,94.77395270278288,93.79991754780103,94.33938598632812,6839500
2012-07-12,93.81483779864968,94.5266381820906,93.48516159089179,94.0845718383789,4412400
2012-07-13,94.34686700439099,95.6880437894193,94.30191321020781,95.62061309814453,3942000
2012-07-16,95.34337346107486,95.53818274025207,94.9687433099508,95.2459716796875,1991700
2012-07-17,95.55314539050634,96.01768302197411,94.62406441116957,95.77043151855469,3326900
2012-07-18,95.52319165640967,96.7669607507612,95.4782378687832,96.6246109008789,3099300
2012-07-19,96.85688284271478,97.18655920621184,96.51221807193015,96.89434814453125,3845000
2012-07-20,96.32392842115358,96.5565749441357,95.91866358317675,96.09127044677734,7435600
2012-07-23,94.5753015695582,95.44585941028342,94.207568694071,95.24323272705078,4647900
2012-07-24,95.2582810032327,95.31832068561714,93.76482968953991,94.45526885986328,7077400
2012-07-25,95.01060216319883,95.34081462303412,94.56031608886764,94.94306182861328,3872300
2012-07-26,96.18885250186509,96.83426463452018,96.00873921912584,96.49655151367188,8074000
2012-07-27,96.82676415244522,98.23015564354894,96.79673859195111,97.96748352050781,7463900
2012-07-30,97.79492453767922,98.30525625352799,97.65233168396556,97.86246490478516,4235800
2012-07-31,97.74987143155653,97.96000459606526,97.32960510253906,97.32960510253906,4783400
2012-08-01,97.91493589622321,97.93744933628098,96.94681216816454,97.14944458007812,5770000
2012-08-02,96.55660271626034,97.02939656136196,95.6935509729307,96.46653747558594,10915200
2012-08-03,97.60728791238245,98.36527896142321,97.47220720150372,98.110107421875,7768300
2012-08-06,98.26768119993828,98.77050054653118,98.22265431089951,98.23765563964844,4572700
2012-08-07,98.55280486531655,98.98057149390331,98.5302799835489,98.59783172607422,3584500
2012-08-08,98.26764107896389,98.94306704157269,98.23011486962089,98.72543334960938,3003900
2012-08-09,98.68799289237596,98.96566647028632,98.3953065274052,98.74053192138672,3355100
2012-08-10,98.42530849469516,99.02569393755009,98.15513561798045,99.01068115234375,4410400
2012-08-13,98.86808801524073,98.98815592841316,98.32774232607001,98.77802276611328,3986700
2012-08-14,99.10069245609029,99.1832455526787,98.5528463340364,98.8080062866211,3421500
2012-08-15,98.69545990882914,99.05569796704366,98.64293234912954,98.85306549072266,2834800
2012-08-16,98.89062704647358,99.62609330477936,98.68799449776638,99.49101257324219,5340400
2012-08-17,99.54285500371807,99.7159289429676,99.46761594813216,99.64067840576172,2484300
2012-08-20,99.46762655615844,99.67831430486036,99.31713694731724,99.610595703125,2266700
2012-08-21,99.75359669607691,100.09220129447324,99.00113693002956,99.15162658691406,4094500
2012-08-22,99.00112336167577,99.17418586929305,98.52707009991619,98.92587280273438,4496200
2012-08-23,98.76790043399801,98.790473316603,97.97029463094415,98.10574340820312,4159600
2012-08-24,97.97779299099138,98.99360680486369,97.8649171350333,98.85816955566406,4202400
2012-08-27,98.88824891781077,99.00112475781467,98.53459195272075,98.61736297607422,1806500
2012-08-28,98.38409452275239,98.79794960674431,98.2712301733103,98.46686553955078,3028000
2012-08-29,98.47439864392958,98.78290988083974,98.29381566163993,98.51202392578125,2400400
2012-08-30,98.10568082106359,98.11320128325787,97.5563770770965,97.7595443725586,4120700
2012-08-31,98.30135435513455,98.87321970780965,97.84987385243635,98.48194885253906,5447700
2012-09-04,98.3766055019312,98.42175125613697,97.54137460424572,97.99284362792969,4106900
2012-09-05,98.09814453125,98.44428096442027,97.84983151037983,98.09814453125,2828800
2012-09-06,98.69263299524114,99.94923952000947,98.69263299524114,99.94171905517578,5559400
2012-09-07,99.99437239808843,100.14486204676676,99.75359125652797,100.03199768066406,4827700
2012-09-10,99.90411765739012,100.1975765988374,99.64075206409937,99.68589782714844,2296800
2012-09-11,99.77618421092521,100.41576821693823,99.76865226391966,100.14488220214844,2824400
2012-09-12,100.42327514198671,100.56623283832731,100.13733678605814,100.35554504394531,1953900
2012-09-13,100.2802928816482,102.1162961202758,100.23514714325934,101.87550354003906,6975700
2012-09-14,102.0486001455636,102.69571606925076,101.8905900083804,102.22919464111328,5186100
2012-09-17,102.0109321389525,102.24419272908672,101.76261914511352,101.98082733154297,2606500
2012-09-18,101.69494769451933,102.17652155611101,101.69494769451933,102.04108428955078,3375400
2012-09-19,102.22174225771579,102.51520133241713,101.99600185833776,102.13143920898438,3080800
2012-09-20,101.73256826589525,102.31948602368567,101.58207859393313,102.29691314697266,6949700
2012-09-21,102.70483588941242,102.72745551757998,102.0940714126704,102.14685821533203,5318100
2012-09-24,101.73210781869166,102.3428605616657,101.70195216087885,102.03372192382812,2706900
2012-09-25,102.19212946395832,102.47111263563407,101.24960631055694,101.29484558105469,6292300
2012-09-26,101.31741741300623,101.42297949616479,100.84239379149474,100.96302795410156,5447700
2012-09-27,101.370199064672,101.74720812902713,100.9253311300298,101.4908447265625,4975500
2012-09-28,100.9780772003495,101.40032538939406,100.55582901130495,101.07610321044922,4565400
2012-10-01,101.50593360281258,102.31273865663927,101.43807472129599,101.62657928466797,4854000
2012-10-02,101.87540290057865,102.07899104296318,100.99320295745237,101.4003677368164,6269100
2012-10-03,101.60394188143553,101.87538886541654,101.113834704577,101.55115509033203,3319800
2012-10-04,101.90554526425099,102.32780507991977,101.76229148465666,102.18453979492188,3911800
2012-10-05,102.61437963711248,102.8782907264499,102.15442787067938,102.51636505126953,4560300
2012-10-08,102.09406532482741,102.4409187783905,102.0337539902476,102.2825698852539,2405000
2012-10-09,102.10908963697138,102.35038085684256,101.45309782921932,101.4832534790039,6034700
2012-10-10,101.34002574597692,101.37772895120487,100.33719182041133,100.49552917480469,10138700
2012-10-11,100.97057956252873,101.11384486088158,100.34474307811628,100.3824462890625,3669100
2012-10-12,100.48046083103712,100.9102567260957,100.09591569235678,100.3824462890625,3271200
2012-10-15,100.540766673535,101.18168663507515,100.32964253440704,101.05350494384766,2641800
2012-10-16,101.52852759596955,102.06388548315672,101.46821627567479,102.01864624023438,5454400
2012-10-17,101.75479644074113,102.13935324739202,101.67940149238117,102.1167221069336,3815400
2012-10-18,101.98852788161358,102.37308464128957,101.79248723333333,102.06393432617188,6305000
2012-10-19,101.78226577039484,101.78226577039484,100.27968963238095,100.50621032714844,10437500
2012-10-22,100.37031715358708,100.71765050427973,99.698312896253,100.49868774414062,5591900
2012-10-23,99.36605841437242,99.38870932864083,98.55813740106719,98.71670532226562,8962100
2012-10-24,98.91305319833572,99.10181856703484,98.41470985985235,98.5355224609375,6097300
2012-10-25,99.05649562847086,99.17730820382968,98.2259235745306,98.74691772460938,6313100
2012-10-26,98.67135263039806,99.0866384286031,98.22586946564856,98.75440979003906,4182600
2012-10-31,99.17731899635135,99.35852635778733,98.33164239813398,98.61102294921875,3939600
2012-11-01,98.92815496317533,100.00034084566636,98.89039958619762,99.65300750732422,3807400
2012-11-02,100.09097604915118,100.12873143801698,98.51289987797323,98.66390991210938,5141300
2012-11-05,98.50530635206658,99.0111960614856,98.2410302775795,98.81487274169922,2710700
2012-11-06,99.12445584172777,100.14379330088609,99.06404954950217,99.70585632324219,4408300
2012-11-07,98.95076426680018,98.95076426680018,97.13861062596561,97.5916519165039,18648300
2012-11-08,97.53879289047815,97.91632346185418,96.64027404785156,96.64027404785156,8427500
2012-11-09,96.1646156004776,97.24434781874854,96.10420930891166,96.58744812011719,6571600
2012-11-12,96.79132093028194,97.05558550263089,96.42133670340651,96.67805480957031,3758200
2012-11-13,96.2023650788631,97.34250351884738,96.14195879099805,96.29296875,5407200
2012-11-14,96.51193691442924,96.67804556453599,94.72999175273254,94.95651245117188,9479400
2012-11-15,94.81301727438662,95.17544911864333,94.39018492330275,94.76771545410156,7658000
2012-11-16,94.8154387633869,95.20908115754122,94.1871194996275,95.08039093017578,9350400
2012-11-19,95.86007906928486,96.65494109050928,95.76924165578875,96.6170883178711,9551500
2012-11-20,96.37488362458907,96.7988128984601,95.95096012624255,96.67768859863281,7021800
2012-11-21,96.63229649085694,97.0637918206771,96.54902495567006,97.01079559326172,4589400
2012-11-23,97.40441981425174,98.34311583777652,97.39685387694283,98.32797241210938,3345800
2012-11-26,97.74504850599295,98.04785919189453,97.49523402176662,98.04785919189453,4621000
2012-11-27,97.79046145889836,98.14625677446367,97.28326658482663,97.41195678710938,4910000
2012-11-28,97.02591268820034,98.22198916395277,96.49600831313255,98.13871765136719,7397000
2012-11-29,98.58533999407666,98.82001108149063,98.04029225186778,98.5172119140625,6112800
2012-11-30,98.60045472596694,98.75943175078699,98.24465945469564,98.48690795898438,4979600
2012-12-03,98.93358525897305,99.01685677599392,98.02517606032258,98.07059478759766,5820800
2012-12-04,98.11600591176112,98.51722003966665,97.88133480499171,97.949462890625,5760400
2012-12-05,98.19170429746062,99.03198527857316,97.77534677509894,98.5929183959961,8697300
2012-12-06,98.66860196945755,99.0168313743148,98.47934962032892,98.9714126586914,4129400
2012-12-07,99.3953295553366,99.63000060470154,99.03196830312785,99.59214782714844,3993200
2012-12-10,99.61488859198501,99.93283123179553,99.59975671702945,99.72844696044922,3480900
2012-12-11,100.0842747219645,100.77314488856861,100.061553800092,100.30380249023438,4012700
2012-12-12,100.66710515078672,100.93962899242423,100.17505366915766,100.31130981445312,9551800
2012-12-13,100.32644107886212,100.47027469327517,99.5845752030447,99.78897094726562,3844500
2012-12-14,99.69816967627493,99.92527488394859,99.36508357849365,99.51649475097656,3114300
2012-12-17,99.6602797934269,100.31888580567772,99.64514792265066,100.2583236694336,4534100
2012-12-18,100.44003419575701,101.23489663354681,100.21294054300321,101.09864044189453,6459500
2012-12-19,101.18942378022334,101.21213313335225,100.37942989952172,100.39456176757812,5511500
2012-12-20,100.35679895798796,100.89426947003906,100.1296936982107,100.82614135742188,5530500
2012-12-21,99.52223617139597,100.25123065242289,99.3475857094629,100.07656860351562,11495800
2012-12-24,99.69693953924941,99.79566061171772,99.45394897460938,99.45394897460938,1997400
2012-12-26,99.69691188848019,99.84119292761613,99.07423932486577,99.3324203491211,3982900
2012-12-27,99.4311776393649,99.58304820387706,98.21618994930493,99.1729965209961,8308600
2012-12-28,98.58070808548712,99.05909985654623,97.93524360517566,98.01118469238281,8570000
2012-12-31,97.6998356318165,99.40080463139816,97.60870401613728,99.1578140258789,12067800
2013-01-02,100.98784367251368,101.64848678298334,100.91190262182583,101.58014678955078,9636300
2013-01-03,101.48139775675914,101.79273975695577,101.23080626296486,101.47380828857422,8665200
2013-01-04,101.52702810548347,101.90671034341496,101.36756805426236,101.80039978027344,4759300
2013-01-07,101.51938198429987,101.54975144811601,101.11691996362458,101.3826904296875,6119700
2013-01-08,101.23841190012013,101.3750918554807,100.79797939900016,101.04096984863281,4269800
2013-01-09,101.29917904114684,101.73961166495786,101.29917904114684,101.53459167480469,3898000
2013-01-10,101.906682516009,102.19524464587434,101.47385090819019,102.16486358642578,6004300
2013-01-11,102.10410605749412,102.3622870809193,101.91426502492082,102.3015365600586,4508000
2013-01-14,102.25599826104279,102.51417933924431,102.0585561296114,102.43064880371094,4298000
2013-01-15,101.97497850542396,102.7115624549121,101.93701957796567,102.57488250732422,2966100
2013-01-16,102.22561720067817,102.55214987121032,102.16486666692848,102.43064880371094,3197800
2013-01-17,102.79511186319823,103.41779597091897,102.68880135541374,103.14442443847656,6227500
2013-01-18,103.23950606804274,103.50557232161265,102.94303787661397,103.45235443115234,4922500
2013-01-22,103.4827339547391,103.9692459961307,103.32309193519657,103.94644165039062,4544900
2013-01-23,104.28851607828524,104.62299527406103,104.2505049697904,104.49376678466797,6397800
2013-01-24,104.59259770641955,105.27676296563241,104.57740254019252,104.91947937011719,6288000
2013-01-25,105.20071977412078,105.38316612676158,104.9346536264398,105.37555694580078,4461000
2013-01-28,105.55037507121307,105.57317940875197,105.13227621740337,105.39833068847656,3167700
2013-01-29,105.23866191652185,105.95322849689826,105.23866191652185,105.83919525146484,3946700
2013-01-30,105.83924757815649,105.94567170023136,105.413551089857,105.48196411132812,5496100
2013-01-31,105.48197402514178,106.59183563054192,105.14750646672793,105.2159194946289,3935300
2013-02-01,105.88486327039506,106.34097330912302,105.69481935415178,106.2269515991211,5234900
2013-02-04,105.51996675275488,105.64919520496032,105.177890073463,105.33753204345703,6536200
2013-02-05,105.8468776280934,106.3105853084275,105.8240732831066,105.96089935302734,5819800
2013-02-06,105.57319553930233,106.19653352620212,105.57319553930233,106.10531616210938,3113900
2013-02-07,106.11291218397596,106.15092328490948,105.1474974965497,105.88485717773438,6637600
2013-02-08,105.9456205046145,106.44733895167838,105.9456205046145,106.21928405761719,3573800
2013-02-11,106.13566480130498,106.18127346045483,105.82400176399645,106.05965423583984,2542800
2013-02-12,106.11292241420448,106.58423923237208,106.0521069667196,106.46260833740234,3498600
2013-02-13,106.59946181907381,106.69828839658146,106.04453666713212,106.32579803466797,3387800
2013-02-14,105.9532951731033,106.39419848099416,105.86206619947562,106.31817626953125,3048800
2013-02-15,106.3235040280687,106.47593754206262,105.74429621364274,106.27777862548828,6111300
2013-02-19,106.3616455216802,106.81892294794399,106.33116578681836,106.67411804199219,3944000
2013-02-20,106.69696340439745,106.91035640088255,105.84339141845703,105.84339141845703,5974200
2013-02-21,105.66806731972343,105.84336351487323,105.21841874060296,105.56137084960938,7517900
2013-02-22,106.1176907527386,106.56733917603314,105.82808116463205,106.55209350585938,4158500
2013-02-25,106.94841245578999,107.14655967584636,104.86782594355651,104.9135513305664,10031600
2013-02-26,105.43938358656926,105.90427759094521,105.1573910730712,105.76708984375,9236100
2013-02-27,105.73666748338265,107.35997724049173,105.66045073482368,107.15421295166016,7404500
2013-02-28,107.03989089910617,107.6953154167665,106.8341149753291,106.91033172607422,11383200
2013-03-01,106.61314805476053,107.3828863803135,106.06441978914219,107.26095581054688,6506400
2013-03-04,106.97124128035955,107.53521467601232,106.77309412303998,107.5123519897461,3619700
2013-03-05,107.98487374052164,108.73936572034599,107.98487374052164,108.4802474975586,7962300
2013-03-06,108.91470506030386,109.0366472002566,108.59461566470982,108.8613510131836,4481000
2013-03-07,108.96809991562448,109.28057243872934,108.90712881630782,109.09004211425781,3689100
2013-03-08,109.707312475886,109.7606665262958,109.14335039465809,109.56250762939453,5680700
2013-03-11,109.539612706173,110.0197525024414,109.4481619369942,110.0197525024414,4373000
2013-03-12,109.96646679795859,110.27893929220137,109.76831946526775,110.05030059814453,5166400
2013-03-13,110.08077025249911,110.28654619947766,109.81402322385857,110.09601593017578,4319500
2013-03-14,110.36274227813752,110.77429413834034,110.32463390159373,110.75904846191406,5361200
2013-03-15,110.60018920898438,110.6536427049666,110.27178873584832,110.60018920898438,10835400
2013-03-18,109.85945543697262,110.64607413835019,109.74489218768753,110.10383605957031,5511200
2013-03-19,110.3633673505193,110.607759345676,109.5767495526427,110.20299530029297,9298500
2013-03-20,110.63070938710065,110.85217951568822,110.42450502375642,110.59252166748047,5924700
2013-03-21,110.06558792310899,110.42453159805989,109.58445983052742,109.88993835449219,6075700
2013-03-22,110.21071567032335,110.69185550945592,110.18780535924665,110.66130065917969,5027800
2013-03-25,110.80637048253094,110.98203168047301,109.66845323053089,110.13431549072266,9603200
2013-03-26,110.48560719234536,110.95910230429493,110.45506400745612,110.95146942138672,4877900
2013-03-27,110.24126043137541,110.80639692389421,110.01977857355595,110.70712280273438,4128900
2013-03-28,110.74530400095438,111.14243546372929,110.61547502631383,110.98206329345703,4346000
2013-04-01,110.96676451606115,111.2951533322682,110.71473950086916,111.02786254882812,8621600
2013-04-02,111.40206752658985,111.88320723212543,111.33333661244411,111.70755767822266,5672300
2013-04-03,111.68474195983838,111.8603916624997,110.69955140968949,110.84465789794922,7661100
2013-04-04,111.01258343873747,111.48607861890662,110.80637903794269,111.3257064819336,7520100
2013-04-05,110.11146263568266,111.12719612413474,110.01218847591161,110.97445678710938,7307400
2013-04-08,110.9820448285692,111.46317291259766,110.55435858805939,111.46317291259766,3865000
2013-04-09,111.56248025235006,112.23454710701976,111.31045518184892,111.890869140625,5492300
2013-04-10,112.24981001568233,113.07461613812367,112.23454424447338,112.86077880859375,7947100
2013-04-11,112.89136425923267,113.53287642171851,112.7462578205901,113.33430480957031,6975600
2013-04-12,113.02112143267958,113.38006503067174,112.78436222612135,113.3495101928711,8710800
2013-04-15,112.95233948996051,112.9752497836945,111.28746266127847,111.35619354248047,14177400
2013-04-16,112.24980339282276,112.56292648303857,111.78394102670597,112.5400161743164,6974100
2013-04-17,111.92140234365748,111.95959007178888,111.0202209034421,111.46317291259766,10757100
2013-04-18,111.57778975305386,111.5930555290407,110.56205629325201,110.87516784667969,8277100
2013-04-19,110.6236843214788,111.00590973502679,110.35612186615765,110.952392578125,6028600
2013-04-22,111.13583862212171,111.28108611116228,110.26436535246945,111.08997344970703,11711700
2013-04-23,111.70914833203928,112.29776678183191,110.95997849024977,112.22132873535156,10435300
2013-04-24,112.38953886022031,112.53478635138751,111.90793121363255,111.95379638671875,4963800
2013-04-25,112.0989969261348,112.69526725569511,111.88495176498938,112.19072723388672,4160500
2013-04-26,112.03015501533825,112.48881803780684,112.00722244744391,112.28242492675781,3242600
2013-04-29,112.52709142917286,113.2533169432255,112.30540595567392,113.03163146972656,6132000
2013-04-30,113.03932472136323,113.22279709420792,112.41248119384711,113.15399932861328,8065800
2013-05-01,112.8023347934507,112.99344745382578,112.0531764308659,112.17549133300781,5372800
2013-05-02,112.46596877944262,113.1769139045475,112.30544068527055,113.10811614990234,4340700
2013-05-03,114.10186450181136,114.52996653155762,114.05599934334259,114.17831420898438,5929900
2013-05-06,114.17834419300821,114.361816539652,114.01016412473241,114.23184967041016,3110600
2013-05-07,114.49180533868613,114.88167106703474,114.23953516225087,114.86637878417969,5361800
2013-05-08,114.76700428837134,115.40149986291266,114.74407169714884,115.3862075805664,4087100
2013-05-09,115.35562623108666,115.71491905637846,114.96576050484394,115.30976104736328,3948500
2013-05-10,115.36322245010281,115.50846990475857,114.88925522997535,115.46259307861328,4138200
2013-05-13,115.24093742632193,115.43969039941292,115.03453248126382,115.32502746582031,3841500
2013-05-14,115.3402971491527,116.32643317863212,115.32500487280575,116.29586029052734,5551900
2013-05-15,116.1046784472007,117.04494875169233,116.08938617997013,116.79267883300781,5770700
2013-05-16,116.68578250748988,117.04507535626159,116.38000681962215,116.54053497314453,8194700
2013-05-17,116.84634929656055,117.47497325261912,116.68536822318359,117.39830780029297,5503200
2013-05-20,117.32161712646484,117.72025633735218,117.15297422311197,117.32161712646484,4464700
2013-05-21,117.50567500989179,118.07296914923005,117.20669835345228,117.68199157714844,5734900
2013-05-22,117.83523800067967,118.93148105532725,116.79265138561195,117.16828155517578,12806500
2013-05-23,116.27141174071123,117.47499168555196,116.17942254149042,117.11468505859375,10474400
2013-05-24,116.64705380004209,117.15301779077159,116.31740634032164,117.11468505859375,4535300
2013-05-28,118.21855042696944,118.80882979327464,117.65891851696244,117.96556854248047,9374100
2013-05-29,117.30627698088406,117.48259342164874,116.53966951973138,117.16828155517578,7906200
2013-05-30,117.183693289054,117.9043066433971,116.98437943046282,117.36768341064453,8231800
2013-05-31,116.9920079887359,117.85060491667836,115.68110360285405,115.83443450927734,7424700
2013-06-03,116.1716947319184,116.80031849308756,115.83439725976892,116.7619857788086,10861300
2013-06-04,116.72372152755791,117.22202371045398,115.61981591235369,116.24842834472656,7956400
2013-06-05,115.92643535090586,116.08741644232794,114.44687617720133,114.46221160888672,9426900
2013-06-06,114.51583261991821,115.19811283015629,113.69555697634432,115.18277740478516,15155100
2013-06-07,115.88040857777136,116.86166537805252,115.52776393196544,116.7696762084961,8087900
2013-06-10,117.13009316255638,117.199096809183,116.50914222552835,116.68547058105469,4917900
2013-06-11,115.8190368645411,116.84628787973539,115.52772233582948,115.91102600097656,7012500
2013-06-12,116.6623199515109,116.7926535160857,114.76113668847223,114.88379669189453,6901000
2013-06-13,114.79182365385175,116.51669071506578,114.59249819593151,116.34036254882812,6208200
2013-06-14,116.217744534987,116.53204483578548,115.29014397102783,115.49713134765625,4639300
2013-06-17,116.24074928303752,116.96902438377116,115.79611533687735,116.3557357788086,6693100
2013-06-18,116.49375080373059,117.56699726923573,116.46307993471092,117.36768341064453,4807900
2013-06-19,117.24500376619967,117.45965302348453,115.79611543077321,115.82677459716797,9143700
2013-06-20,114.86851583384849,114.89918669802472,112.91366350412287,113.135986328125,14309900
2013-06-21,113.71512417907464,113.90717161053583,112.56283959030742,113.48466491699219,10968600
2013-06-24,112.40926909163711,113.25427124646497,111.5181656803771,112.37085723876953,14129300
2013-06-25,113.23890506609986,113.53849873520706,112.63202832505537,113.15440368652344,7592300
2013-06-26,113.92265117137146,114.51416112637408,113.66914690494177,114.29905700683594,6326000
2013-06-27,114.99041236388234,115.5511880226739,114.8828661865572,115.15172576904297,6584600
2013-06-28,114.70619494240734,115.25160355651758,114.05322842064447,114.11468505859375,6719200
2013-07-01,114.85976741112145,115.61259029844504,114.6293080761636,114.78294372558594,4895800
2013-07-02,114.57561143377058,115.38990323162048,113.99946854344658,114.40660858154297,4873800
2013-07-03,114.01477577823579,115.21315048549863,113.88418486492135,114.8751449584961,2589400
2013-07-05,115.78158749003272,116.06581401394841,114.77526055456546,116.01204681396484,5528500
2013-07-08,116.59590357609697,117.09522250012559,116.51907987009942,116.7802734375,4915600
2013-07-09,117.31030499039721,117.52539726170986,116.93388765477525,117.37174987792969,5200200
2013-07-10,117.35643042192288,117.75588092134366,117.0414695991212,117.31034088134766,6126900
2013-07-11,118.57011777695966,118.77752061391251,118.07847670143613,118.5931625366211,5848400
2013-07-12,118.6238559028892,118.88503759613933,118.21671628645664,118.43180847167969,6349800
2013-07-15,118.73150448297247,118.96964162776591,118.55482397581203,118.79296112060547,2751600
2013-07-16,118.76222059508332,118.86976676416607,118.24752279841584,118.5317611694336,3594600
2013-07-17,118.79294846102286,118.9542735828242,118.43957576270527,118.63931274414062,6504400
2013-07-18,119.05410902946434,119.6379410593687,118.7314705652996,119.33065795898438,6823000
2013-07-19,119.13537372450533,119.33536430922706,118.89692025193027,119.31997680664062,4828400
2013-07-22,119.31992085026657,119.55068633194118,119.0814674895168,119.3122329711914,3165700
2013-07-23,119.66604829453512,119.74296227981972,119.28913103382332,119.50450897216797,3394100
2013-07-24,119.69669785524755,119.76592389741913,118.92748830968004,119.30440521240234,3894500
2013-07-25,118.87383312943788,119.41997796761423,118.6123042715959,119.31997680664062,5483500
2013-07-26,118.82763115092177,119.41992650438617,118.2045725427672,119.35070037841797,3859300
2013-07-29,119.11985220325654,119.33523004824866,118.80447330979942,119.17369079589844,2592500
2013-07-30,119.53526120164688,119.67372514194513,118.78143848691812,119.15835571289062,4211000
2013-07-31,119.31993887088315,120.01992330069918,118.88918283321843,119.10456085205078,11784600
2013-08-01,119.91220092773438,120.11989100854423,119.74297371184761,119.91220092773438,4872400
2013-08-02,119.58912977542248,120.18142501015551,119.40451507262803,120.15065002441406,3620800
2013-08-05,119.92759460008557,120.00450859667605,119.61221552357316,119.83528137207031,3077100
2013-08-06,119.51220932811933,119.51990894350386,118.77377395875494,119.11222839355469,3582300
2013-08-07,118.70445713447776,119.03521170114375,118.46599224693507,118.87367248535156,4341600
2013-08-08,119.48138386814793,119.57368530695547,118.45064534408894,118.98908996582031,5071200
2013-08-09,118.83532588079015,119.18915611266884,117.94303894760225,118.54302215576172,4550300
2013-08-12,118.03525638725606,118.68908949481252,117.95834243985689,118.48139953613281,3697300
2013-08-13,118.78146461790563,119.20453267131045,117.95071600500677,118.7968521118164,4752500
2013-08-14,118.66608839357717,118.78915313386734,117.77380153746462,117.93534088134766,6372100
2013-08-15,116.99686108334284,116.99686108334284,116.12764991310831,116.24302673339844,10021900
2013-08-16,116.12191336264638,116.49206890528124,115.82115977793697,116.06021881103516,7035200
2013-08-19,115.906040045285,116.22992776052315,115.41249517915479,115.47418975830078,4174100
2013-08-20,115.60529987832287,115.9908822179074,115.33538753379803,115.4819107055664,3845900
2013-08-21,115.24283427287303,115.61298996864906,114.51793770032678,114.62590026855469,9497100
2013-08-22,114.79558944157941,115.373963025673,114.72618743557794,115.2120132446289,4227000
2013-08-23,115.3585563217679,115.68244417264985,114.94983985991384,115.54364013671875,9601600
2013-08-26,115.54358609065017,115.8829003758228,115.05004124868194,115.06546783447266,5770200
2013-08-27,114.27889352618574,114.70303644511011,113.67738602917989,113.74678802490234,11440200
2013-08-28,113.68505170975642,114.47164267366352,113.64649113727413,114.16316986083984,4842500
2013-08-29,114.14777735909007,114.88808872051376,113.99354680604655,114.32514190673828,4695500
2013-08-30,114.45623550962068,114.45623550962068,113.69277840626982,114.01667785644531,6326800
2013-09-03,114.81097065508477,115.05773716790713,113.8315884783303,114.21717071533203,5430300
2013-09-04,114.14773290897269,115.21965072071094,113.99350241598785,115.04227447509766,4577700
2013-09-05,115.042354123831,115.45108227541766,114.9189767042431,114.99608612060547,6021300
2013-09-06,115.44333413866957,115.65155186799494,113.95499216206665,114.9729232788086,9001900
2013-09-09,115.28908653833477,116.27617610378842,115.27365995439574,116.03711700439453,4402500
2013-09-10,116.80834809747745,117.07826051872398,116.52302085053412,117.05511474609375,7917100
2013-09-11,117.07826571873277,118.12703873073629,117.03970511869309,118.1039047241211,7044000
2013-09-12,118.24270434057982,118.30439893878722,117.81856133230495,118.0113525390625,5555700
2013-09-13,118.25042753352271,118.60516857879587,118.15018409421923,118.52033996582031,4829600
2013-09-16,119.78497607855495,119.90836521531102,119.26829730630412,119.48422241210938,6569000
2013-09-17,119.5459977253975,119.9238610322589,119.51514453685145,119.75420379638672,4517600
2013-09-18,119.65385975587668,121.11906726980561,119.26055841835472,120.833740234375,9637300
2013-09-19,120.97260070775806,121.01116129552342,120.47134836792632,120.54846954345703,7626600
2013-09-20,120.6596722726055,120.68285133762635,119.2225112915039,119.2225112915039,9381000
2013-09-23,119.07572471508439,119.23798999021079,118.46532290667639,118.76666259765625,8662000
2013-09-24,118.78994657880811,119.00629261007118,118.17953244133598,118.2645263671875,5774900
2013-09-25,118.41895022521595,118.51940071652875,117.5922025958348,117.76991271972656,7187200
2013-09-26,117.98629941427066,118.6353371445258,117.80858922883677,118.1794662475586,5026300
2013-09-27,117.67731010061964,117.78548312267768,117.2600628798421,117.60777282714844,6634800
2013-09-30,116.51045659844631,117.08995687259926,116.24775263708815,116.67272186279297,9426100
2013-10-01,116.67275974964394,117.2677168588296,116.49504957571938,117.15180969238281,8616300
2013-10-02,116.5954728084273,116.75001567648243,116.01597242311709,116.65728759765625,8895300
2013-10-03,116.41004826035069,116.4873079097419,115.25876983773482,115.64510345458984,10949200
2013-10-04,115.65286024239462,116.33281138285862,115.45969337657826,116.23236083984375,6867800
2013-10-07,115.22007372957222,115.78412900332692,115.0578202979136,115.12735748291016,6081100
2013-10-08,115.12742185313459,115.23559479804223,113.96842096199566,113.9916000366211,10388000
2013-10-09,114.11528482500835,114.60206920753157,113.55124075301906,114.18482208251953,11075200
2013-10-10,115.23565357661445,116.68053831844136,115.1970178358761,116.64191436767578,12792200
2013-10-11,116.61092539646218,117.6153950540486,116.48729582230521,117.5767593383789,8186000
2013-10-14,116.81955816820722,118.12536764846557,116.73456430292515,118.06355285644531,6470100
2013-10-15,117.90909281024167,118.06362398841252,116.9355239868164,116.9355239868164,8144700
2013-10-16,117.73135926183932,118.65083559865953,117.63092049031843,118.61993408203125,8714800
2013-10-17,117.53037064090364,118.67391442965294,117.4840125101379,118.58892059326172,9916600
2013-10-18,118.8597182742066,118.9680111781217,118.26410140115293,118.81330871582031,7714400
2013-10-21,118.88292960070594,118.93707015412454,118.55805087106842,118.75916290283203,3588300
2013-10-22,119.14587148604839,119.78789766458341,118.98343809568165,119.31604766845703,7501700
2013-10-23,118.97568616363104,119.14586233296633,118.59666707986807,118.98342895507812,5428400
2013-10-24,119.26960521222017,119.8574788963666,119.1999909212752,119.741455078125,5182600
2013-10-25,119.82655746729237,120.24425506591797,119.73372659857073,120.24425506591797,4565000
2013-10-28,120.05089067681992,120.39897402411754,119.88845728949802,120.18238830566406,4968800
2013-10-29,120.44540177023904,121.05648040771484,120.37577565464849,121.05648040771484,5779100
2013-10-30,121.2344528260545,121.34274574931544,120.18245937021533,120.56922149658203,6100200
2013-10-31,120.36816953624985,120.80907244285517,119.97367621949255,120.12063598632812,8157400
2013-11-01,120.34478521804222,120.78568746693544,119.95802347552494,120.56137084960938,5909900
2013-11-04,120.87082025253733,120.94817735088066,120.3061512043464,120.71611785888672,4042500
2013-11-05,120.1129120436587,120.8090795383655,119.79576409033783,120.58476257324219,5442800
2013-11-06,121.04879504684756,121.66760490685031,120.95596412541394,121.61346435546875,7548400
2013-11-07,122.00033590720501,122.06221930935008,120.42233866013571,120.55384826660156,10211000
2013-11-08,120.40679862471934,121.82234954833984,120.34491526268165,121.82234954833984,7594900
2013-11-11,121.69852958558401,122.00793445737465,121.55928913115073,121.91511535644531,3795200
2013-11-12,121.76823181031023,122.00029153318636,121.34279095221197,121.72955322265625,4094800
2013-11-13,121.0719695571122,122.30960077073769,121.0564957735683,122.26319122314453,5062900
2013-11-14,122.29418191601269,122.84337749358458,122.17814620307246,122.781494140625,6931000
2013-11-15,122.88840843007246,123.45413970947266,122.8186513426959,123.45413970947266,6529100
2013-11-18,123.77190786947061,123.95789527119837,123.27592175612706,123.56266021728516,5236000
2013-11-19,123.67117704296795,123.94241265660969,123.29143299357713,123.47743225097656,5017300
2013-11-20,123.64784022198924,123.9035845836235,122.71786825028711,123.0433578491211,8401100
2013-11-21,123.4463409158846,123.9035872953054,123.35334726424975,123.8880844116211,4579900
2013-11-22,123.86494670666056,124.32992720566034,123.5936992133095,124.30667877197266,4466400
2013-11-25,124.62433848716766,124.65534426118931,124.22910355767667,124.46934509277344,5114400
2013-11-26,124.41513397416239,124.74838112145837,124.35314605513449,124.38414001464844,5231300
2013-11-27,124.608879201112,124.72513315651372,124.31439519629367,124.65538787841797,6272800
2013-11-29,124.8568372117529,125.22107820039632,124.44609938630195,124.55459594726562,2887900
2013-12-02,124.58565683959257,124.64765659706266,123.77193810775346,123.93467712402344,5655700
2013-12-03,123.39983158373667,123.70207274615387,122.80310661257596,123.2138442993164,8660700
2013-12-04,122.80312986412797,123.62460539314709,122.31488949961279,123.03561401367188,7138200
2013-12-05,122.79540204402048,123.13639464568318,122.45440944235776,122.53965759277344,5823000
2013-12-06,123.63239544598603,124.13612705171874,123.32240858480294,124.12063598632812,6345300
2013-12-09,124.22142362258614,124.40742290692613,124.08193302826518,124.1749267578125,3967700
2013-12-10,123.81844493320833,124.14393481718504,123.7176938410564,123.77969360351562,4047600
2013-12-11,123.87259854118113,123.91909537338465,122.62488230102592,122.68688201904297,7906700
2013-12-12,122.6094614463231,122.77994598694268,121.72598565286887,122.03597259521484,7078700
2013-12-13,122.09017451378652,122.42342160031299,121.74919372034446,122.17542266845703,8886500
2013-12-16,122.7333358454701,123.50831431127513,122.64034221364803,123.14407348632812,7076500
2013-12-17,123.43089902784305,123.44639009246298,122.74891377688128,123.05115509033203,6001100
2013-12-18,123.34564243423908,125.38382886491571,122.53191223822871,125.36058044433594,15330700
2013-12-19,125.14360695338043,125.55434488177379,124.98861351676351,125.45360565185547,8018300
2013-12-20,125.55850762937818,126.26546657755088,125.55074314849263,125.86148834228516,7978200
2013-12-23,126.29656155028908,126.51408557975503,126.1101073018166,126.33539581298828,4992800
2013-12-24,126.41300277553461,126.83250973390841,126.31200531063465,126.75482940673828,2462000
2013-12-26,127.09670357896121,127.7881215764644,127.08116276604906,127.76481628417969,4971600
2013-12-27,127.99791731232429,128.12222015400405,127.57841003936932,127.77262878417969,6176900
2013-12-30,127.83477494450683,127.93576062681599,127.7182365899134,127.8658447265625,4043600
2013-12-31,128.1376806850961,128.58049298164016,128.03668320774216,128.54942321777344,5667800
2014-01-02,128.02120440139572,128.19211782084886,127.28317564694072,127.49293518066406,9291100
2014-01-03,127.71810688131227,128.08323868404156,127.4384317101613,127.71034240722656,6127600
2014-01-06,128.17648105135555,128.23085608226413,127.18208300409262,127.32191467285156,7446800
2014-01-07,127.92024242010453,128.40966561720708,127.81148039250708,128.16107177734375,5387200
2014-01-08,127.95115142475856,128.05214884282123,127.33742615182922,127.67925262451172,9461800
2014-01-09,128.14549718559354,128.17657881624248,127.03457190035547,127.5550765991211,8212900
2014-01-10,127.84251082394796,127.94350833783164,127.03456627538337,127.54729461669922,7497200
2014-01-13,127.3297564748454,127.62497264927873,125.96246129304068,126.04015350341797,10676100
2014-01-14,126.42856640316595,126.99568149593935,126.14111476367968,126.98014068603516,7335400
2014-01-15,127.14335984427603,128.028996831793,127.0889729066266,127.8503189086914,7780800
2014-01-16,127.57834564790453,127.66380232665618,127.034535807742,127.39189147949219,5170900
2014-01-17,127.3476292338262,127.96963604863329,127.20768392898604,127.57311248779297,8013200
2014-01-21,128.3116853661402,128.32723879238375,126.57006940429515,127.3009262084961,9675200
2014-01-22,127.324325491373,127.35543236220192,126.72565466156024,127.0988540649414,5418100
2014-01-23,126.29016239031101,126.29016239031101,125.23276672053407,125.7303695678711,9456000
2014-01-24,124.95289306103284,125.09283833282109,123.21904754638672,123.21904754638672,14663200
2014-01-27,123.39790035891512,123.70889780642666,122.46488428879617,122.86141967773438,14215300
2014-01-28,123.21120899655376,123.7554600827054,123.06348115950178,123.5766372680664,8308000
2014-01-29,122.58144277770266,123.04016788649558,121.87391037098378,122.14604187011719,14271200
2014-01-30,123.07906866354807,123.44449703625605,122.3559826987348,122.97798919677734,7864700
2014-01-31,121.46967911475117,122.61261313165089,121.1742350965771,121.87398529052734,10693100
2014-02-03,121.73406914556284,121.88178525812327,119.15274461171833,119.37044525146484,18172800
2014-02-04,119.69689418487489,120.14784851533926,119.16041382856754,119.7979736328125,11853400
2014-02-05,119.51816278055416,120.13238698962117,119.0516546711355,119.87580871582031,11603200
2014-02-06,120.2800715239922,121.40745187360199,120.2800715239922,121.3996810913086,10426200
2014-02-07,121.72626983357567,122.69038100890648,121.32974626484274,122.6748275756836,11528500
2014-02-10,122.65919900261068,122.70585927369572,122.1693788621864,122.65142822265625,4790700
2014-02-11,122.89252214685088,124.470857423304,122.7992252796849,124.21427917480469,7620400
2014-02-12,124.40084056615446,124.75071555748903,123.88768425150978,124.17536926269531,5249600
2014-02-13,123.35903961871853,124.7663228368373,123.32016196650326,124.6263656616211,5085000
2014-02-14,124.46307884357402,125.82371343555839,124.32312168779801,125.6371078491211,5824400
2014-02-18,125.72252623002787,125.76917462072917,125.27935465458357,125.49705505371094,4966400
2014-02-19,125.19389788621676,126.22019864056523,124.69629500391085,124.80514526367188,8245400
2014-02-20,124.83624360910147,125.73815256495885,124.47859783046796,125.41937255859375,7035600
2014-02-21,125.57923371711816,126.00021672130306,125.22060887247258,125.36873626708984,5268200
2014-02-24,125.5324616598907,126.83440536596889,125.49347888749526,126.03141021728516,6704400
2014-02-25,126.09374922301964,126.48355305923982,125.61818806699624,125.9066390991211,6067800
2014-02-26,126.07033574857333,126.49911036262596,125.72730654063798,126.17167663574219,5032900
2014-02-27,126.01579670458885,126.73303440976191,125.8052992804594,126.7252426147461,5292500
2014-02-28,126.73303474442976,127.67636536212524,126.30424810002272,127.09165954589844,10010400
2014-03-03,125.9768031183786,126.44457248829899,125.11924180135019,125.89884948730469,9144400
2014-03-04,127.17732743911982,127.85558190229153,127.11495743507868,127.56713104248047,7947500
2014-03-05,127.68418657832696,127.71537755740015,127.23981624145473,127.34896087646484,4968400
2014-03-06,127.71536435898744,128.0973645941095,127.66857789521269,127.92584991455078,4651800
2014-03-07,128.4481154546964,128.54946822693432,127.70749077784646,128.1206817626953,7381900
2014-03-10,127.89462153473595,127.98037884145823,127.21635487398062,127.84784698486328,3995400
2014-03-11,128.0739205749043,128.23764338590917,127.16178121724823,127.40345764160156,5198700
2014-03-12,126.81103126825343,127.52047735365801,126.66290385527081,127.25540161132812,5250800
2014-03-13,127.65300971058805,127.87909078136377,125.3453649499161,125.55586242675781,9500500
2014-03-14,125.30630465612,125.98457124060313,125.0334491805901,125.24393463134766,8603100
2014-03-17,125.82872497585036,126.81883045516118,125.7741586023405,126.58494567871094,6641400
2014-03-18,126.83434595389673,127.5749706989968,126.72520137983847,127.2943115234375,7094600
2014-03-19,127.27874648658874,127.52043486168915,125.63377379390475,126.44457244873047,7936400
2014-03-20,126.1795153282595,127.44247603887035,125.89105238018097,127.30994415283203,6616200
2014-03-21,127.66299694463561,128.23309201797323,126.9288957156084,127.00699615478516,7629500
2014-03-24,127.3974434591372,127.65516054584606,126.34314736955103,126.85858154296875,6336000
2014-03-25,127.58484140280855,127.85818090542055,126.96008582503623,127.6004638671875,5991100
2014-03-26,128.13149694150835,128.3345412754531,126.76482351164411,126.77262878417969,6133800
2014-03-27,126.71005464457497,127.04585985533002,126.15557088795168,126.73348236083984,7713700
2014-03-28,126.9913000302411,127.93626236381563,126.76482795430591,127.1787338256836,4536000
2014-03-31,127.85816635527627,128.4360783070435,127.7956884213192,128.26426696777344,6368400
2014-04-01,128.6001349629736,129.0999467611165,128.5298517217785,128.8188018798828,4076100
2014-04-02,129.0062383243999,129.30300568169764,128.66261547204533,129.1468048095703,5597700
2014-04-03,129.42007346901892,129.44350120370382,128.82655099625617,129.12330627441406,4452600
2014-04-04,129.64656807200626,129.6856182754159,127.74884973407704,127.98313903808594,10559700
2014-04-07,127.74886462763126,128.02219225046662,126.60866290396406,126.63990783691406,8624100
2014-04-08,126.59301218428831,127.08500651585572,126.1634838658988,126.77262878417969,5930000
2014-04-09,127.2959113327701,128.1862012789302,126.85076040146471,128.15496826171875,6008300
2014-04-10,128.17053483228733,128.31891842514017,125.94481668883444,126.10100555419922,9981500
2014-04-11,125.47627538935905,125.98390424790259,124.85932501744011,124.96865844726562,11067500
2014-04-14,125.79657518956417,126.21828679403826,125.16400182462297,126.08552551269531,6270600
2014-04-15,126.2571437507881,126.88191087796592,125.24971584450074,126.79600524902344,8489000
2014-04-16,127.63166453509673,128.10024301612768,127.24118643971954,128.09243774414062,5864200
2014-04-17,127.87525101331282,128.32857220063397,127.65640794716505,127.98467254638672,5790700
2014-04-21,128.05494230824868,128.37539516756948,127.94552083507158,128.2034454345703,3066100
2014-04-22,128.41439859873194,129.1959834813462,128.3596819324503,128.80519104003906,4044300
2014-04-23,128.914607846508,128.95368947445195,128.53162697431893,128.6801300048828,3546100
2014-04-24,128.96944630405764,129.04760964098753,128.32855226022562,128.71934509277344,4028700
2014-04-25,128.24244386107478,128.3284186717785,127.3983307903576,127.67189025878906,5102700
2014-04-28,128.2815775340755,128.71926332030898,127.22643278608587,128.31283569335938,7236900
2014-04-29,128.66452645895382,129.17256389448954,128.56292851267975,128.96153259277344,4581400
2014-04-30,128.89913022617185,129.43061477799202,128.82879036559436,129.31336975097656,4958500
2014-05-01,129.1960435960381,129.51649640926541,128.88340234189766,129.14132690429688,3889400
2014-05-02,129.08665773557988,129.6259536123997,128.5942550783013,128.76620483398438,7036100
2014-05-05,128.15652995734862,129.09442983965167,127.7501023021345,128.90684509277344,4059700
2014-05-06,128.6958441864973,128.71146730645202,127.92988197106854,127.96896362304688,5281500
2014-05-07,128.5785425582184,129.0240517275261,127.70317118475268,128.98497009277344,5576200
2014-05-08,128.97719812337982,129.79786500091257,128.85214162420368,129.23512268066406,5997900
2014-05-09,129.18828027217566,129.57126151458033,128.86001574699304,129.5243682861328,4228600
2014-05-12,129.98548803388448,130.47006724781806,129.9620414219876,130.36846923828125,3944700
2014-05-13,130.60287863837334,130.7513697936569,130.48563371446423,130.5637969970703,4133400
2014-05-14,130.59503627313143,130.63411790878408,129.68058324385538,129.82908630371094,3104700
2014-05-15,129.57119448647356,129.64153429275757,128.1956088173968,128.60984802246094,7539300
2014-05-16,128.63411181461993,129.01023159233318,128.32851225335938,128.98672485351562,5115000
2014-05-19,128.61842681876325,129.22179430100962,128.53223146415664,129.06507873535156,2879900
2014-05-20,129.05722920647418,129.07290434930317,127.75646735417274,127.97588348388672,4856600
2014-05-21,128.46954530829882,129.40985067689658,128.42253183336365,129.27664184570312,4898700
2014-05-22,129.36289040312667,129.59796983111164,128.97893889549977,129.43341064453125,3564100
2014-05-23,129.5195732512689,129.97405684189448,129.4412214328645,129.94271850585938,2857000
2014-05-27,130.42856923496987,130.54611492348403,130.1778266214178,130.44424438476562,2561300
2014-05-28,130.49905164869773,130.50689519964016,130.0367364951319,130.1464385986328,3681500
2014-05-29,130.44426850354392,130.69501116345762,130.09948688410418,130.6871795654297,2763500
2014-05-30,130.54614375034848,130.87525022891577,130.3110642780465,130.80471801757812,2769000
2014-06-02,131.0554782932314,131.1730120561302,130.56965613106414,131.01629638671875,4453300
2014-06-03,130.8124487267903,131.01617771683067,130.6635647908796,130.87513732910156,4125200
2014-06-04,130.773375077471,131.07114319571087,130.53046401538614,130.96144104003906,2264600
2014-06-05,131.25926375833808,131.88613866145838,130.79694815048651,131.7529296875,5416500
2014-06-06,132.09756972459942,132.5207029550595,132.0035427748597,132.48936462402344,4118900
2014-06-09,132.52070718437767,132.88116376426936,132.44235537597118,132.61474609375,2713200
2014-06-10,132.5442459428031,132.71663670222833,132.30133495178606,132.7009735107422,2821400
2014-06-11,132.23082015149842,132.27783364115732,131.7136478519801,131.91738891601562,3064100
2014-06-12,131.87044354852412,131.90962546591163,130.8439418788406,131.08685302734375,5409200
2014-06-13,131.2826787894668,131.50992661192643,130.96141593870027,131.34536743164062,2708700
2014-06-16,131.16517382534806,131.61965761330853,130.97710785758002,131.40025329589844,3068300
2014-06-17,131.1963993418862,131.79976667416798,131.0475273633229,131.64305114746094,2884700
2014-06-18,131.68242703496557,132.47384938270082,131.13391590501809,132.37197875976562,4729200
2014-06-19,132.44239307334763,132.57560194652285,132.06626124206267,132.4972381591797,3028000
2014-06-20,132.8787817236024,133.012247895447,132.6511069550981,132.7453155517578,5370700
2014-06-23,132.72962293981078,132.7767272426882,132.35277653706018,132.6118621826172,2729200
2014-06-24,132.54899253044073,132.94154418326568,131.63826982075267,131.7952880859375,4861700
2014-06-25,131.52063480052558,132.27432798554725,131.51277609293467,132.1173095703125,3657500
2014-06-26,132.19583025335373,132.20367698153305,131.1594871062737,131.96029663085938,4052400
2014-06-27,131.70897318509714,132.09367825467834,131.37923111676895,132.03086853027344,3092200
2014-06-30,131.82674058164883,132.172188062046,131.62260599065257,131.81103515625,6488400
2014-07-01,132.12515206624263,133.18504729966918,132.07804774115468,132.839599609375,4911500
2014-07-02,132.9258798106896,133.08289812436212,132.82381251592423,132.9965362548828,1929800
2014-07-03,133.34989410816348,133.83665466308594,133.2556734996661,133.83665466308594,2074800
2014-07-07,133.37347826228816,133.47553364135393,133.1143924912991,133.35777282714844,2937700
2014-07-08,133.13792659476945,133.15363202777883,132.24290858900068,132.56480407714844,5438700
2014-07-09,132.82376887891343,133.25557808444623,132.57254205551965,133.1378173828125,3543800
2014-07-10,131.8110260346717,132.94942371285245,131.66185445302955,132.65109252929688,4932100
2014-07-11,132.50201062642,132.8553050443166,132.14871620852344,132.839599609375,2830500
2014-07-14,133.58529173032719,133.94644443837396,133.49892990751533,133.69520568847656,2831200
2014-07-15,133.86806183062455,134.1821105788275,133.29493933728958,133.76600646972656,5168100
2014-07-16,134.22143833953058,134.3784568058524,133.98590465017728,134.30780029296875,3197900
2014-07-17,134.10366759213977,134.5040784641946,133.04378394316578,133.1615447998047,6149300
2014-07-18,133.57171347993213,134.2083287418252,133.4066712970866,134.06686401367188,6924600
2014-07-21,133.68954570275292,133.90960983125592,133.1079407959404,133.75241088867188,2886600
2014-07-22,134.0511502233883,134.36553629357965,133.94897325150083,134.192626953125,3798200
2014-07-23,134.24761897237735,134.24761897237735,133.76819077331479,134.05113220214844,2607900
2014-07-24,134.1298186089236,134.2791505698647,133.78399975045136,133.9569091796875,3226000
2014-07-25,133.43023384357357,133.49311104659472,132.63641964895675,132.9508056640625,5714000
2014-07-28,133.00572492971227,133.3358210257948,132.32981044937412,133.14720153808594,3606100
2014-07-29,133.52457783057525,133.76036440410965,132.6521759033203,132.6521759033203,3683100
2014-07-30,133.03724085317845,133.23372758664456,131.86617560438484,132.4163360595703,5446600
2014-07-31,131.46533256292201,131.5910749441708,129.90914916992188,129.90914916992188,9038800
2014-08-01,129.52411779305,130.08213366171913,128.90321270849222,129.34335327148438,7435100
2014-08-04,129.52403144236362,130.16064641387297,128.98172624660495,129.94058227539062,4400000
2014-08-05,129.52403447958375,129.79125351220745,128.37654687979307,128.8323974609375,8522800
2014-08-06,128.4708819610991,129.48474815702727,128.40013762770135,129.05247497558594,4781100
2014-08-07,129.56335940933144,129.5947920105649,128.2115296969169,128.5416259765625,4962400
2014-08-08,128.6359410490767,129.97991566445788,128.45517660122283,129.94847106933594,5412300
2014-08-11,130.4358277180878,130.58514764106917,130.0507091985552,130.11358642578125,5761500
2014-08-12,129.9013368220771,130.28645522165533,129.68127259163273,130.06639099121094,3274300
2014-08-13,130.46734400205148,130.98607246486498,130.2787121994068,130.8524627685547,2841700
2014-08-14,131.009469759663,131.3317108154297,130.82870535945565,131.3317108154297,2752400
2014-08-15,131.8167536198766,131.84825401747747,130.25782032731948,130.97430419921875,7032500
2014-08-18,131.68291850448247,132.36790203880773,131.66716830430184,132.32066345214844,2975200
2014-08-19,132.7773618766108,133.07655569790282,132.5332877650878,132.9741973876953,3057200
2014-08-20,132.84029280703342,133.6433847062617,132.84029280703342,133.5331573486328,3108800
2014-08-21,133.69846408792424,134.26535095403014,133.6039869481994,133.98977661132812,2652600
2014-08-22,133.855939622509,134.22599113155962,133.57249616906338,133.74571228027344,5152200
2014-08-25,134.2890346008565,134.68270555689273,134.19455741585074,134.33627319335938,2588500
2014-08-26,134.4936957067695,134.9109857869205,134.46219531550574,134.58029174804688,3581400
2014-08-27,134.7535531844052,134.8008037871942,134.4386212491114,134.64332580566406,5162400
2014-08-28,134.16299065273196,134.54092323359268,133.9267978070418,134.45431518554688,2781900
2014-08-29,134.5567385556942,134.63547755865096,134.04497107813057,134.54100036621094,3280300
2014-09-02,134.5882379004922,134.69059620075132,133.87962292112783,134.30479431152344,3458700
2014-09-03,134.9347030294682,135.01343003702124,134.26545738888404,134.41505432128906,2847400
2014-09-04,134.56461808396855,135.0763855555219,134.02135020604842,134.36778259277344,3760900
2014-09-05,134.25756485524866,134.86380956173895,133.85601273544106,134.8323211669922,3403600
2014-09-08,134.66691276671912,134.91099877393276,134.4385889705339,134.6826629638672,3139800
2014-09-09,134.4700374576994,134.5094069319496,133.76143497670273,133.94252014160156,4252400
2014-09-10,133.98192427618457,134.48582244086313,133.6197538526956,134.37559509277344,4595400
2014-09-11,133.7615465751049,134.3363029342764,133.7064388762792,134.24969482421875,3026200
2014-09-12,134.14726550331523,134.194504077042,133.37566208617983,133.7693328857422,5000800
2014-09-15,133.8953658081287,134.29691787865926,133.49382575148246,134.10008239746094,5130700
2014-09-16,133.8166529147561,135.19450142823064,133.76153320755202,134.93467712402344,5946400
2014-09-17,135.08427873179625,135.61966554901093,134.58036829599035,135.09214782714844,8498600
2014-09-18,135.43063584843043,136.0526424932839,135.34402778448427,135.90304565429688,6458100
2014-09-19,136.5368011118344,136.78936051288173,135.8975266866391,136.10272216796875,9341000
2014-09-22,136.02383022149775,136.0475061641576,135.1319962389864,135.28195190429688,4894200
2014-09-23,134.8399915161776,135.25828258056703,134.3348846435547,134.3348846435547,5521800
2014-09-24,134.4532396290169,135.66864867800533,134.1533283388905,135.5818328857422,5813000
2014-09-25,135.3530537196512,135.37672967525293,133.45100500162178,133.51414489746094,8910500
2014-09-26,134.00340096446763,135.06097866861595,133.7745294871411,134.7216033935547,6062200
2014-09-29,133.5218981146693,134.62682711267598,133.33249066101052,134.4295196533203,5167800
2014-09-30,134.5242491822978,135.03725590063368,134.01125450665583,134.22434997558594,5492800
2014-10-01,134.09798790099543,134.15322770407275,132.13280210087186,132.33799743652344,11030600
2014-10-02,132.10922711499413,132.803753462743,131.35156091356845,132.31442260742188,9093700
2014-10-03,133.29308812301917,134.1454581849532,132.8826850466738,133.94815063476562,5589100
2014-10-06,134.5163687064592,134.71367621464336,133.3483116299635,133.82974243164062,5315300
2014-10-07,133.16674335199286,133.33248691197554,131.69088745117188,131.69088745117188,7128800
2014-10-08,131.6989240306073,134.02716424701248,131.28853273431565,133.8693084716797,8893200
2014-10-09,133.50621406697638,133.7587615265539,131.17008684170986,131.28057861328125,13387300
2014-10-10,131.31992660380104,132.08548036049066,130.38864135742188,130.38864135742188,12717500
2014-10-13,130.29395756501702,130.84641607063864,128.5181903409311,128.58921813964844,14117000
2014-10-14,129.17318192503444,129.7572160501851,128.2497849187418,128.66807556152344,13626400
2014-10-15,127.21605101116278,127.73694596913003,124.91149967183215,127.28707885742188,24966700
2014-10-16,125.4875977074849,127.81582431301523,125.27450218847935,127.0502700805664,18926600
2014-10-17,128.3919537253208,129.39427937765677,128.02102663784618,128.99966430664062,11730200
2014-10-20,128.13149658590942,129.181161898733,128.05256876805018,129.15748596191406,7156500
2014-10-21,129.7888288529101,130.90953364306398,129.5283815925469,130.8542938232422,8994600
2014-10-22,131.14635910265577,131.19371097995807,129.65471475415774,129.733642578125,6025100
2014-10-23,131.05169854971163,132.08558835395436,131.02012259263756,131.3673858642578,7029700
2014-10-24,131.48566987929843,132.4248430853125,131.14629485373413,132.38539123535156,5733500
2014-10-27,131.98296481690616,132.6380273371764,131.77776929741202,132.4959716796875,5062900
2014-10-28,132.9695046863508,133.92447855559442,132.7011693006021,133.9008026123047,5438900
2014-10-29,134.17692616543928,134.43737339060584,133.0720094914193,133.69549560546875,7584000
2014-10-30,133.87710056503784,135.70022009905244,133.85342462636456,135.431884765625,7449200
2014-10-31,136.80527396770472,137.03415766032737,136.3711945874783,136.89208984375,7563500
2014-11-03,136.986712293761,137.15244391689333,136.57630915579216,136.8209686279297,5383200
2014-11-04,136.5999148291109,137.04976961745882,136.11059613656232,136.8998260498047,6466000
2014-11-05,137.79169574469648,137.81537168693998,137.0971813677258,137.7601318359375,5286200
2014-11-06,137.9179525374952,138.43884726565184,137.46808562426128,138.34413146972656,7191700
2014-11-07,138.3046779795275,138.58880127858234,137.93373889346438,138.57301330566406,4018100
2014-11-10,138.60455816791833,138.95182126824596,138.3756867841714,138.86500549316406,2941900
2014-11-11,138.88869688213617,139.0939043966323,138.65982547292265,138.92027282714844,3192700
2014-11-12,138.32054309667524,139.06242174715322,138.31265512647747,138.93614196777344,2836500
2014-11-13,139.10179912138295,139.67793369756228,138.73874799226613,139.2517547607422,6508400
2014-11-14,139.18864358214836,139.41751504963003,138.99922399193426,139.18075561523438,3521100
2014-11-17,138.95183881011414,139.5042974291559,138.90448693458123,139.2912139892578,3668900
2014-11-18,139.32290174085375,139.99375268776444,139.25976183645113,139.6622772216797,4721700
2014-11-19,139.5753457013549,139.8436810406848,139.13336673677605,139.6384735107422,4011400
2014-11-20,138.99129998302732,139.91469766581577,138.92816013599548,139.89102172851562,2881700
2014-11-21,141.25037686706034,141.31367671310608,140.2692473631683,140.6015625,4782000
2014-11-24,140.9417713512389,141.01297913729255,140.51450048849927,140.6806640625,2408700
2014-11-25,140.96560144275685,140.98933738729664,140.49085840552715,140.80735778808594,5510400
2014-11-26,140.80731094737098,140.9101626484233,140.5620194800298,140.84686279296875,3005600
2014-11-28,140.9339219906821,141.38492900824187,140.72820648120035,140.91810607910156,4037500
2014-12-01,140.47490072509754,140.85469963351997,140.07137796725524,140.5223846435547,6671800
2014-12-02,140.58562045955182,141.44806959813852,140.5777125126662,141.2819061279297,3920500
2014-12-03,141.30577791866324,141.74095687985897,141.16336229856987,141.59854125976562,11006600
2014-12-04,141.4164319205061,141.86743848843807,140.86257373697794,141.4955596923828,4791000
2014-12-05,141.8517423672096,142.2790134153573,141.6222909326222,142.03372192382812,4269400
2014-12-08,141.5985014830286,142.0574041787823,140.81517957292087,141.26617431640625,5568000
2014-12-09,139.8736997010587,140.86273763427312,139.43061263869336,140.80735778808594,7945400
2014-12-10,140.44324851440288,140.44324851440288,138.47308254100193,138.6946258544922,7622000
2014-12-11,139.16942544142762,140.5699057329851,139.01908982999583,139.2801971435547,6867300
2014-12-12,138.283246965986,138.99534901561123,136.82737483791038,136.8827667236328,12284400
2014-12-15,137.47618506542966,137.77685626885582,135.46646657869962,135.9253692626953,8874300
2014-12-16,135.51403223385634,137.9826671864626,135.09468109314355,135.1817169189453,12257600
2014-12-17,135.5139620988769,137.65818858437123,135.3636264709145,137.349609375,12901600
2014-12-18,139.24063580821652,140.70441596707857,138.75798508148134,140.67276000976562,9752400
2014-12-19,140.97647411839552,141.4760290450518,140.46899416565512,140.86546325683594,11452600
2014-12-22,141.317455908107,142.22140502929688,141.29366872854496,142.22140502929688,7855600
2014-12-23,142.62576677548512,143.0460229846324,142.47510660630502,142.7526397705078,6224800
2014-12-24,142.8795127655305,143.1491088054977,142.6812782480356,142.7526397705078,1647600
2014-12-26,143.1174310171857,143.29187840246695,142.87954711914062,142.87954711914062,1921200
2014-12-29,142.63377439215543,143.03024362308824,142.5782628921701,142.81614685058594,2530900
2014-12-30,142.43556410083428,142.62586162064002,142.12631853186713,142.30076599121094,2953300
2014-12-31,142.58612276333284,142.82399449358263,141.04782104492188,141.04782104492188,4514400
2015-01-02,141.65836186704385,142.11826733625253,140.33415692432868,141.0953826904297,4997200
2015-01-05,140.39751401803522,140.51646190446206,138.335883745232,138.63719177246094,6700200
2015-01-06,138.8434476041138,139.19233015812168,136.63908094849745,137.48751831054688,10131400
2015-01-07,138.64524338744985,139.39059510129474,138.16155062144207,139.2320098876953,5547000
2015-01-08,140.55621349088142,141.90421803851427,140.5165762624137,141.74562072753906,7166700
2015-01-09,141.92005704981904,141.983493549419,140.05665978358013,140.5244903564453,6646600
2015-01-12,140.69899069482247,140.84965092570383,139.1289760610772,139.74746704101562,4305300
2015-01-13,140.92100739600437,141.95975471974583,138.5263301425031,139.54129028320312,9913500
2015-01-14,137.52715068654933,138.54211022599256,136.71835064443076,138.01876831054688,11090600
2015-01-15,138.55807988084084,138.82767607097307,137.0277022617368,137.22593688964844,9293700
2015-01-16,136.95449007437188,138.8591660106549,136.59735274038883,138.62107849121094,8721900
2015-01-20,139.06560619401827,139.36718475176232,137.40694834571266,138.8037109375,7224100
2015-01-21,138.28773743797498,139.4781627243851,137.81950639829876,139.1607208251953,6259300
2015-01-22,139.61315901927227,141.3749904578524,138.4941556794315,141.2003936767578,9565100
2015-01-23,141.03368820699785,141.12098656497878,139.9861079112266,140.00198364257812,4795300
2015-01-26,139.8035983715217,140.24009022070754,139.18457797072597,140.07342529296875,3730400
2015-01-27,137.6925086719043,138.68452962775376,136.9703145097345,137.76393127441406,11565100
2015-01-28,138.5259067486458,138.57352185068876,136.17679413419947,136.27996826171875,9673200
2015-01-29,136.6291086464777,138.1449200562967,135.75612508332676,138.00999450683594,9615200
2015-01-30,137.4543652719115,138.04957760314926,135.9226913521468,136.06553649902344,11138500
2015-02-02,136.46242959843926,137.63697927194744,134.99424553396238,137.510009765625,9437900
2015-02-03,138.19259705749636,139.99409977555126,138.1687895050738,139.9385528564453,7543400
2015-02-04,139.51780072377704,140.922505496693,139.50192500107866,140.09713745117188,5935900
2015-02-05,140.6923143530964,141.7716331409434,140.54152529963156,141.70021057128906,6037800
2015-02-06,141.91459999257327,142.34314785109825,140.85114399246578,141.3352508544922,7211900
2015-02-09,140.61300279774989,141.21615924722383,140.21619444294015,140.5415802001953,3723100
2015-02-10,141.39863036569938,141.85892932379312,140.5812064550092,141.66845703125,3572700
2015-02-11,141.3351683230073,142.12878487210787,141.00185082554037,141.81927490234375,5174500
2015-02-12,142.27162867151597,142.7954063409915,142.0573488328604,142.72398376464844,3742700
2015-02-13,142.85105326598506,143.27960109754412,142.66058083549558,143.12088012695312,3998200
2015-02-17,142.89862297157575,143.40653718196913,142.62086438864668,143.30337524414062,2850900
2015-02-18,142.99382817730125,143.39063646343158,142.82717547851811,143.22398376464844,2724800
2015-02-19,142.74782767886472,143.19225108001424,142.3986344037817,142.92242431640625,2663500
2015-02-20,142.56432359573915,144.19567893149164,142.0470702139322,144.14793395996094,8914600
2015-02-23,143.8057472212765,143.9728546142578,143.49539277735775,143.9728546142578,2738600
2015-02-24,144.06044996937007,144.88010465983004,143.94904094763783,144.7607421875,4228700
2015-02-25,144.68108626053487,144.96756819254927,144.48214081171005,144.8004608154297,2822900
2015-02-26,144.7686077797923,145.02326375644563,144.3547978890633,144.84022521972656,3045800
2015-02-27,144.77666101924405,144.78462661317093,144.15595182663208,144.1877899169922,3161300
2015-03-02,144.33095602235252,145.37342834472656,144.33095602235252,145.37342834472656,3213100
2015-03-03,145.01537915712524,145.14270721656288,144.18777105612466,144.72889709472656,2825800
2015-03-04,144.36281198743845,144.36281198743845,143.34421202387767,143.86146545410156,3820200
2015-03-05,144.23546271223398,144.39461665634843,143.80574584885818,144.1717987060547,2410700
2015-03-06,143.3362755527326,143.74213221652303,141.75267686122672,141.967529296875,7297400
2015-03-09,142.07094232724984,143.3919432019214,142.07094232724984,143.0815887451172,3844900
2015-03-10,141.9516396737634,142.0550831078121,140.59880015336964,140.6067657470703,6070100
2015-03-11,140.837562058826,141.08425265352884,140.24072527447703,140.3362274169922,5584600
2015-03-12,141.04435209202185,142.4608425387015,141.01251402430714,142.42105102539062,4024300
2015-03-13,141.95957288693242,142.0471094064472,140.27251866647154,141.299072265625,6833900
2015-03-16,141.84814358047004,143.16914463408574,141.84814358047004,143.06568908691406,5550100
2015-03-17,142.27786006290904,142.42110713873402,141.53778862293433,142.04708862304688,5392900
2015-03-18,141.5775566938111,144.04447322765097,140.82951978637968,143.8216552734375,11294400
2015-03-19,143.38398218666882,143.55110173458885,142.69165579386134,142.97018432617188,6229200
2015-03-20,143.85584409254832,144.82040319505919,143.62466032621975,144.25442504882812,5999200
2015-03-23,144.32617800913263,144.88418895889754,144.15876864233996,144.166748046875,3593900
2015-03-24,144.00724286832727,144.43771695804188,143.30574890879265,143.35357666015625,4692100
2015-03-25,143.44933604975313,143.61674546448572,141.00205441078447,141.033935546875,8474700
2015-03-26,140.4200863163243,141.3368299464317,139.87005473473255,140.6831512451172,6604500
2015-03-27,140.5636240624359,141.07380742699416,140.2766451596387,140.94625854492188,3971800
2015-03-30,142.1419626992428,143.29784523501218,142.11804881092345,143.00289916992188,5399300
2015-03-31,142.30940831393653,142.75581722785913,141.44049221676866,141.56007385253906,4633800
2015-04-01,141.5281772074413,141.5281772074413,139.95777880225154,140.8904571533203,7440500
2015-04-02,140.85848669159284,141.82305781522405,140.64324960117992,141.36070251464844,3223600
2015-04-06,140.55551871726306,142.8274216487517,140.37216281803958,142.3650665283203,6284900
2015-04-07,142.50867163390953,143.15437098695077,142.2296600341797,142.2296600341797,6011600
2015-04-08,142.37306063540177,143.1383289275209,141.8628777194156,142.4926300048828,4738500
2015-04-09,142.42092654896672,143.19417444874534,141.8788502133739,143.0108184814453,4483800
2015-04-10,143.2260164387436,143.839834247556,142.8354028942775,143.78402709960938,3463600
2015-04-13,143.6246891391837,144.17473291539176,143.08262476848626,143.2021942138672,3358200
2015-04-14,143.15432433116516,143.91959288397814,142.532539070608,143.6326141357422,4811400
2015-04-15,144.15078278419892,144.58922424657672,143.8478573804243,144.19064331054688,4377800
2015-04-16,144.0232458477768,144.6928589562583,143.8319226037567,144.21456909179688,3873900
2015-04-17,143.0004632555152,143.11213825466783,141.3173536579324,141.93954467773438,8683500
2015-04-20,143.03238783505256,144.06937708951406,142.90475576676047,143.60671997070312,5355800
2015-04-21,144.14115687786588,144.2847459889581,142.76117021614684,142.99249267578125,3596600
2015-04-22,143.3035779257324,143.78219203278664,142.42613495834942,143.63063049316406,5575200
2015-04-23,143.13603038835333,144.4362556740479,142.9445823661983,143.87786865234375,4893000
2015-04-24,143.9816021036068,144.23686618796083,143.4152425237347,144.0135040283203,4010000
2015-04-27,144.74747736365543,144.81128125503668,143.55095356771042,143.7184600830078,4969100
2015-04-28,143.87001498119787,144.33267228792096,142.68944829915867,144.25289916992188,4534200
2015-04-29,143.4232789886247,144.14917279783566,142.9765788511613,143.63865661621094,6559400
2015-04-30,143.34352312195554,143.59878732928635,141.54873774353788,142.13104248046875,8564600
2015-05-01,142.95266115337304,143.5907973043174,142.769185446893,143.5030517578125,3895700
2015-05-04,143.85404951849765,144.42040941119583,143.78226101949411,143.93382263183594,3256900
2015-05-05,143.76624874647854,144.0534148038696,142.60961207730966,142.79307556152344,5316300
2015-05-06,143.4790583913617,143.78218144829253,141.38913543250956,142.29849243164062,7534200
2015-05-07,142.0831240036465,143.34346311346982,141.89966053872362,143.00843811035156,4142800
2015-05-08,144.4921425216715,145.19410670062456,144.4442835406817,145.05850219726562,5529600
2015-05-11,144.9946928110696,145.1781563038272,144.28475615996692,144.4442901611328,3753600
2015-05-12,143.6625607107502,144.56393326745336,143.0004830627606,144.15711975097656,4742800
2015-05-13,144.26080334695627,144.7314328343954,143.96565271226655,144.1810302734375,3851400
2015-05-14,145.02658218765586,145.688659798259,144.96276615838124,145.60888671875,4921400
2015-05-15,145.69133435370355,145.90717642172945,145.41152281553366,145.88319396972656,4522200
2015-05-18,145.84315271831252,146.3068335768309,145.65129318968195,146.0430145263672,2890500
2015-05-19,146.23485354888925,146.52265497606643,145.79515522978605,146.2428436279297,2766600
2015-05-20,146.48268979605737,146.57863174380824,145.94706169894448,146.06698608398438,5080800
2015-05-21,145.99510734353365,146.3308738499335,145.78725537250557,146.13101196289062,2724200
2015-05-22,145.90701499828873,146.09089652501078,145.5312740678063,145.7071533203125,2357000
2015-05-26,145.44336319267396,145.44336319267396,143.7325473789482,144.19622802734375,5529700
2015-05-27,144.51610660240976,145.331534148735,144.26027758494376,145.11569213867188,3588200
2015-05-28,144.78788331299737,144.9637626734111,144.4201322325151,144.93177795410156,3660900
2015-05-29,144.83592265023069,144.85191501810678,143.63675123017717,143.98851013183594,4923700
2015-06-01,144.69994909789597,144.81986130334505,143.74860493934426,144.22027587890625,4349000
2015-06-02,143.96433927301888,144.667856155643,143.31678950541553,144.02029418945312,5106200
2015-06-03,144.580067236494,145.29157493488,143.99646185123189,144.6040496826172,5481500
2015-06-04,144.04434268397947,144.6359378065143,142.92512185604022,143.26889038085938,7312500
2015-06-05,143.16498999195747,143.46878379745493,142.50144742650477,142.70130920410156,5228700
2015-06-08,142.7093605335925,142.78132007534396,142.04581768335177,142.14974975585938,4380500
2015-06-09,142.15773339747054,142.5094799840667,141.66206774624246,142.06979370117188,4722400
2015-06-10,142.60540553359584,144.33220233689067,142.60540553359584,143.94847106933594,5480900
2015-06-11,144.4520841657658,144.90776262443407,144.21224761976453,144.412109375,3714800
2015-06-12,143.78861027796503,143.94849731871892,142.87724072720877,143.20501708984375,4566800
2015-06-15,142.21368722882553,142.59741853750856,141.59011927774122,142.38157653808594,5502700
2015-06-16,142.35752136422536,143.38880254149853,142.20562449502103,143.26889038085938,3276900
2015-06-17,143.62860218898564,144.01233320311152,142.6932509803475,143.4846954345703,3650900
2015-06-18,144.06833793341272,145.4513777192898,144.01237079247932,144.96371459960938,6542800
2015-06-19,144.79542676323422,144.8755885573352,144.06599602222204,144.0900421142578,3964000
2015-06-22,145.10796368526383,145.4847019083523,144.81939849802515,145.01979064941406,4048300
2015-06-23,145.1801300048828,145.54084573192503,144.88355347737297,145.1801300048828,3116800
2015-06-24,144.73127809901428,145.05992428224823,143.7934439571523,143.80947875976562,4328900
2015-06-25,144.3224599679955,144.37856342197963,143.15216417825022,143.20025634765625,3602700
2015-06-26,143.64922527190708,144.1461942743052,143.22438233288614,143.58509826660156,4855500
2015-06-29,142.35866306067584,142.84762065285761,140.74750150020552,140.78758239746094,8888700
2015-06-30,141.8777765145532,141.8857878049896,140.63534156215678,140.9319305419922,9149800
2015-07-01,142.334595958192,142.53498818391614,141.54103834117504,142.1983184814453,4135100
2015-07-02,142.51087755196465,142.71929321803458,141.59708982733136,141.917724609375,4008600
2015-07-06,140.74755397325282,141.98998886553554,140.54716164323875,141.6212615966797,3748700
2015-07-07,141.7815137428281,142.46283998268615,139.82568363129022,142.3826904296875,7783800
2015-07-08,141.16437009896285,141.42888943602995,140.09828146083547,140.27462768554688,6849400
2015-07-09,141.9980131496516,142.25452122641138,140.44297880046386,140.48304748535156,4581400
2015-07-10,142.05413600787864,142.51904774710638,141.57318945530403,142.20643615722656,4504400
2015-07-13,143.3445348801301,144.04189574880047,143.32048879713926,143.9617462158203,3873800
2015-07-14,143.84158178552678,144.7152892251978,143.72936259355964,144.54696655273438,2757100
2015-07-15,144.53895484031145,144.85957760756992,144.20228503442314,144.5549774169922,3407900
2015-07-16,145.24425604595788,145.28433692992536,144.68316036331876,145.1400604248047,2495100
2015-07-17,144.81276798847543,144.91706272331785,144.42764018372458,144.85287475585938,2762300
2015-07-20,145.1818378024568,145.30219483598592,144.70846530134435,144.97323608398438,2961600
2015-07-21,144.17084942566242,144.18689947248558,143.1599045999812,143.59317016601562,5026700
2015-07-22,143.15994352992598,143.5530902071115,142.68657108200597,143.05564880371094,3811500
2015-07-23,143.07971719880808,143.07971719880808,141.87622045908654,142.1409912109375,4968600
2015-07-24,142.19717500018433,142.21322505435379,140.65670035023135,140.8251953125,4591300
2015-07-27,139.98286254585267,140.23158350263932,139.42925151681686,139.79029846191406,5370200
2015-07-28,140.29565457934297,141.43496358036248,139.84635100064278,141.29856872558594,5625900
2015-07-29,141.4750294382511,142.4618931594302,141.3466535375417,142.22119140625,4175900
2015-07-30,142.04475244175592,142.32557334218734,141.3146401373254,142.18917846679688,3659000
2015-07-31,142.55018695206755,142.5983248666415,141.6034419851726,141.75587463378906,4483800
2015-08-03,141.86823553047216,141.9083423039864,140.19938484927744,141.00973510742188,4530500
2015-08-04,141.0417571477958,141.3145589845208,140.27152626525233,140.6646728515625,4055700
2015-08-05,141.0819540327901,141.62754576484764,140.43206754104676,140.69683837890625,4565500
2015-08-06,140.79312933579558,140.92952422279072,139.3248612097553,139.78219604492188,5374100
2015-08-07,139.5173681529571,139.70190089610105,138.64283010653327,139.4772491455078,6158400
2015-08-10,140.24746181124485,141.46700836406598,140.24746181124485,141.36270141601562,4504000
2015-08-11,140.07900900194633,140.31971082375324,139.26865885255302,139.6938934326172,6761100
2015-08-12,138.66681234115362,139.92646513758677,137.51947310717466,139.77403259277344,8825600
2015-08-13,139.59764569229424,140.38392704199129,139.2446179149511,139.85438537597656,6562700
2015-08-14,139.742014702064,140.4721389856164,139.65375778600162,140.3277130126953,3512200
2015-08-17,139.79817740657438,140.99364292856893,139.30072379200772,140.96957397460938,4055400
2015-08-18,140.63261048403004,141.15412086226993,140.47214669400253,140.6727294921875,4050400
2015-08-19,139.87036025176374,140.80106712039466,138.89953438588856,139.39698791503906,10988700
2015-08-20,138.20151538186684,138.44221713148724,136.57278442382812,136.57278442382812,12317200
2015-08-21,135.05959116459164,135.7679355501404,132.33892822265625,132.33892822265625,18858700
2015-08-24,125.48888265607656,131.56612116863317,121.19860628846095,127.48512268066406,35102400
2015-08-25,131.46954574371628,131.7512645758648,125.80281755503894,125.96381378173828,19357000
2015-08-26,129.10300771896135,131.12338206539022,126.91359229450637,130.93020629882812,19884300
2015-08-27,132.7011178306941,134.0131611960823,131.2361353880778,133.98095703125,15223700
2015-08-28,133.393298971694,134.11773267928587,133.006935146464,133.88430786132812,8115700
2015-08-31,133.0955284654738,133.76361130416316,132.26644937996417,132.95867919921875,6363700
2015-09-01,129.91608046136375,130.8980989418197,128.57990205289983,129.15945434570312,14266900
2015-09-02,131.14753256022553,131.59024750763342,129.8274448966812,131.57415771484375,8260600
2015-09-03,132.27446786981028,133.2081918728703,131.3085519931871,131.7432098388672,8023700
2015-09-04,129.9321633479668,130.35877646125496,128.98234918096037,129.5699462890625,8651100
2015-09-08,131.85593324933475,132.83795145285495,131.42932019331417,132.74136352539062,6821700
2015-09-09,134.04540169893355,134.190295928654,130.584189661435,130.817626953125,7865700
2015-09-10,130.83361006030066,132.4112818008565,130.51968714793043,131.51780700683594,8327000
2015-09-11,131.1234463209165,132.36304874780262,130.8095232641345,132.3227996826172,6202300
2015-09-14,132.379043631862,132.4756314842595,131.5016589375567,131.82363891601562,4595600
2015-09-15,132.2986139798552,134.04531481353848,131.98469101494965,133.70724487304688,6516100
2015-09-16,133.9889531380003,134.94681166506737,133.61867910495008,134.83412170410156,5511700
2015-09-17,134.76174582169432,136.38771228508787,134.00510759767084,134.27073669433594,14270000
2015-09-18,132.26887640762894,133.26896258641003,131.62365991507602,131.8978729248047,10400500
2015-09-21,132.8093467943142,133.52714747993318,132.00282861692247,132.99484252929688,7762600
2015-09-22,131.15592163947463,131.75274924609377,130.6397507360285,131.46240234375,8979600
2015-09-23,131.67212523080258,131.76891575993568,130.55913875092116,131.1317596435547,4554900
2015-09-24,129.9461370728606,130.84944532913147,128.98637897297024,130.551025390625,8451800
2015-09-25,132.13986599773182,132.61570851952507,130.7042653786538,131.36561584472656,10474600
2015-09-28,130.6881855958946,130.70431940347547,128.70415799057452,128.87351989746094,10013100
2015-09-29,129.0267640268205,129.81716063673167,128.38154707634823,129.2283935546875,9906200
2015-09-30,130.68814773302458,131.26078082459392,129.88970293319178,131.1559295654297,7621400
2015-10-01,131.47043622082938,131.69626017577662,129.45414211845585,131.05105590820312,6862800
2015-10-02,129.32514252566276,132.73670959472656,128.98639419802393,132.73670959472656,11877500
2015-10-05,133.67223006737515,135.31752053945186,133.47060066946722,135.15621948242188,6342100
2015-10-06,135.28530821208312,135.8417951895833,134.89011003635028,135.24497985839844,6661000
2015-10-07,135.97886515470134,136.68859223709035,135.06749637640024,136.26113891601562,8832800
2015-10-08,136.0354157383098,137.64039129722894,135.8418469507573,137.406494140625,8160300
2015-10-09,137.60812676637667,137.89041304957874,137.1887461770071,137.72103881835938,5006100
2015-10-12,137.69679641782906,138.10005536430492,137.48710619599672,138.05166625976562,2835800
2015-10-13,137.30969551901836,138.3823659828178,137.22097804286986,137.62423706054688,5909300
2015-10-14,137.5113011332315,137.87423172477853,136.0757002642774,136.3579864501953,5424000
2015-10-15,136.62408272975887,138.172607421875,136.45472091768778,138.172607421875,9637200
2015-10-16,138.33400556076194,138.7535941800681,137.83373487266525,138.6890411376953,8353700
2015-10-19,138.20494749400012,138.8908130343037,138.01128829959674,138.8827362060547,4859800
2015-10-20,138.45508147759352,139.1005998066186,138.17267567330873,138.79397583007812,4140900
2015-10-21,139.14091149097771,139.5524233184648,138.24525796225348,138.3662872314453,5801400
2015-10-22,139.23770277649513,141.13390963784,139.16508523173692,141.04515075683594,8553100
2015-10-23,142.01346462507865,142.52987673122587,141.50511703338023,142.31201171875,7642900
2015-10-26,142.20713513950818,142.38465296944605,141.90857570975624,142.0296173095703,3795900
2015-10-27,141.4728359067932,142.1667657759393,141.40021834556782,141.74717712402344,4696100
2015-10-28,142.02150612594318,143.3690185546875,141.49702959033488,143.3690185546875,7348500
2015-10-29,142.8445808056723,143.39327565416136,142.56216270997743,143.1269989013672,4726900
2015-10-30,143.3367065020257,143.49001839277153,142.37650029133775,142.40878295898438,6527500
2015-11-02,142.71545697541322,143.86124593442239,142.60249221360206,143.7240753173828,4178300
2015-11-03,143.56275551045465,144.91834549948624,143.465932051324,144.49069213867188,4284900
2015-11-04,144.894102695441,144.91023172635718,143.7805839503567,144.15174865722656,6870400
2015-11-05,144.23246620862398,144.63591366655018,143.40942994702746,144.14370727539062,5008100
2015-11-06,144.02256648224224,144.57124869043957,143.3931899200254,144.5470428466797,7642800
2015-11-09,144.03070373360435,144.11139812837752,142.60249666932404,143.1592559814453,7962300
2015-11-10,142.8043256628015,143.5143974613311,142.60260183933244,143.44984436035156,4837700
2015-11-11,143.7644037608574,143.8208922905124,142.90909748839115,142.9897918701172,2860300
2015-11-12,142.0860967100197,142.29589722948393,140.87575455829366,140.9403076171875,6164400
2015-11-13,140.45611691917455,140.8434227914743,139.22963395928835,139.27804565429688,8011100
2015-11-16,139.18933914414603,141.2549876565593,138.90692106736483,141.22271728515625,5012900
2015-11-17,141.69068314303337,142.2151596580136,141.0128823865149,141.3356475830078,6612200
2015-11-18,141.75525669318012,143.49815222110516,141.74719217848798,143.40939331054688,6254400
2015-11-19,142.96552610962337,143.66753252267208,142.94132026561098,143.35284423828125,5457300
2015-11-20,144.2295948059731,144.87720168246395,143.81675144384616,144.1405487060547,7730000
2015-11-23,143.99487632320842,144.48057232674955,143.52536153999839,143.8815460205078,2597000
2015-11-24,143.01524926112293,144.42379243143876,142.9666809366407,144.07569885253906,4369900
2015-11-25,144.10010129195697,144.3591490379099,143.92200905463343,144.03533935546875,2227400
2015-11-27,143.93010421111796,144.2377079526596,143.57391975578747,144.01104736328125,2878200
2015-11-30,144.19728216448638,144.35918086536324,143.387776308023,143.46871948242188,3578500
2015-12-01,144.0272667908356,144.8205789960781,143.80060616076634,144.7477264404297,6058300
2015-12-02,144.61006455781492,144.93386182265465,143.34723793203656,143.51722717285156,7427100
2015-12-03,143.8168124645897,143.96251758878336,141.06448515972352,141.52590942382812,7005500
2015-12-04,141.8658302626039,144.64242803004674,141.77678416892678,144.4319610595703,6251600
2015-12-07,144.10814829300574,144.15671663849244,142.81293477036002,143.55767822265625,5647000
2015-12-08,142.21390880495989,143.16913164075436,141.59868912148175,142.28677368164062,6890200
2015-12-09,142.01959408298822,143.89763972151425,140.91866651831123,141.6553192138672,9545800
2015-12-10,141.80923626236788,143.38778263377452,141.54211018777994,142.3759002685547,5613800
2015-12-11,140.57065621801942,141.16160425718653,139.59925187363126,139.82591247558594,8895600
2015-12-14,140.020176021136,140.81348800183542,138.84639544363617,140.77301025390625,12321600
2015-12-15,141.59067323630737,142.83730682842693,141.59067323630737,142.03590393066406,8039800
2015-12-16,142.82099984201406,144.09192896468463,141.63912913957492,143.80050659179688,11286600
2015-12-17,144.21341265395628,144.24579979398536,141.73632758094755,141.7444305419922,8504100
2015-12-18,141.0531730411182,141.1099767423676,138.65955569886748,138.74880981445312,10946100
2015-12-21,139.78741769191737,140.01460776965206,138.67580821293478,139.76307678222656,6466700
2015-12-22,140.45275484475525,141.4101968792229,139.706259085869,141.1911163330078,6003700
2015-12-23,142.17282955219164,142.6596721779827,141.7995818882955,142.65155029296875,6456600
2015-12-24,142.52982200124333,142.65964833054173,142.14034301334812,142.1728057861328,1765100
2015-12-28,141.58054263946735,142.09983576814403,141.2803175941134,141.97811889648438,2932200
2015-12-29,142.9598783940646,143.81995626440212,142.8057111567547,143.6008758544922,6145700
2015-12-30,143.26821106227882,143.38991552129332,142.49737488544855,142.6434326171875,2910000
2015-12-31,142.0673482786302,142.52172813959262,141.15858855670535,141.17481994628906,5773400
2016-01-04,138.78928168210334,139.00836205835222,137.40991102382333,138.9840087890625,14350800
2016-01-05,139.30857629687688,139.34914857162687,138.07525095381288,139.06515502929688,9413000
2016-01-06,137.0610086038408,137.91297686616048,136.32263528443576,137.07723999023438,8713600
2016-01-07,134.65932715857045,136.265888267639,133.45845179376136,133.84793090820312,15400600
2016-01-08,134.6593459004001,135.0082403937734,132.25760721743316,132.4523468017578,12512400
2016-01-11,133.1987313255804,133.47460291337342,131.5678179193871,132.93096923828125,12353700
2016-01-12,134.03461391973275,134.51333496939964,132.29822559271076,133.83987426757812,10250300
2016-01-13,134.31847006561026,134.56189130858127,130.6915418309252,130.91873168945312,16369400
2016-01-14,131.46235159837627,133.62877690881288,130.3182805435977,132.73623657226562,14749500
2016-01-15,129.29091756397958,130.36252979571358,128.45474092290004,129.6318817138672,19969100
2016-01-19,131.06878330168865,131.2067916856363,128.92557169153702,129.9078826904297,10233800
2016-01-20,127.6592506008977,128.9825269240497,125.32932102450094,127.95150756835938,16436000
2016-01-21,128.1138406061924,130.1271590413822,127.35885083828668,128.75518798828125,16782400
2016-01-22,130.6303403156981,130.8982431838504,129.58308252315487,130.5329132080078,7390600
2016-01-25,130.22452644926173,130.47618958963128,128.8119500126718,128.8363037109375,5782500
2016-01-26,129.48576282377343,131.28801079576374,129.47764905360606,131.14187622070312,5945200
2016-01-27,130.3544441222527,131.7020610849105,128.76326535904724,129.32342529296875,10121900
2016-01-28,130.4437335421631,130.6223356203338,128.64961137613614,130.30572509765625,8613400
2016-01-29,131.1987642374129,133.48809950593827,130.9714547040115,133.43939208984375,6182800
2016-02-01,132.6437335467931,133.9264151225612,132.18100096870955,133.4149627685547,6977300
2016-02-02,132.08362336086657,132.08362336086657,130.6548190835557,131.036376953125,7901000
2016-02-03,131.85631141966635,132.9360376701362,129.46954943309493,132.48953247070312,14249300
2016-02-04,132.18100947490043,133.78841533566145,131.98616752097044,133.2526092529297,11715800
2016-02-05,133.03339527468395,133.1470499686259,130.882069858128,131.46658325195312,8292500
2016-02-08,129.98101551277182,130.54928928606216,128.3086616710435,130.1758575439453,13377600
2016-02-09,128.70637817950825,131.07691159968402,128.68202448708604,130.08648681640625,11449200
2016-02-10,130.68728014060645,131.75889258653916,129.26658970504982,129.396484375,8205700
2016-02-11,127.29376220703125,128.28418658367625,126.04354870129953,127.29376220703125,14806700
2016-02-12,128.3979913994642,129.87550354003906,127.99207970110025,129.87550354003906,7073000
2016-02-16,131.32059101712565,131.75085656669995,130.39511253856728,131.67779541015625,5451200
2016-02-17,132.67618676719025,134.16182389380376,132.59501192423306,133.8939208984375,5584200
2016-02-18,134.21865537140334,134.31607013642886,133.37435278307564,133.5610809326172,5187600
2016-02-19,132.96868013444913,133.4820452619515,132.48791632850052,133.3924102783203,4660600
2016-02-22,134.73699416178025,135.6414885085351,134.55772411584567,135.21775817871094,3450700
2016-02-23,134.94882458800012,135.0710484872293,133.50652040827651,133.75912475585938,6052800
2016-02-24,132.49610927034638,134.37027546037496,131.575314406822,134.182861328125,8003800
2016-02-25,134.47623271738243,135.9511260986328,133.9628673664714,135.9511260986328,5266900
2016-02-26,136.76594440519227,136.85557940095092,135.3643857990185,135.49476623535156,3798000
2016-02-29,135.3970027118761,136.25260732738533,134.41917419433594,134.41917419433594,3485000
2016-03-01,135.27474889004634,137.3770867695733,135.03030111758252,137.32005310058594,3914300
2016-03-02,136.91255218169,137.65406409447564,136.5295676261687,137.62147521972656,3106200
2016-03-03,137.49119301209694,138.02900308258555,136.9941283894511,137.9964141845703,2968200
2016-03-04,138.14307293234404,138.97423276020032,137.64600834547838,138.5423583984375,3524900
2016-03-07,138.0127064604894,139.28388489433368,137.9556727788504,139.03128051757812,3236000
2016-03-08,138.36312707879097,139.14538513124245,137.89050713995803,138.21644592285156,2832700
2016-03-09,138.86015297471135,139.00682165586971,138.15121704782038,138.5423583984375,3584000
2016-03-10,139.0720004591282,139.6668441179122,137.14078837990053,138.57493591308594,4862300
2016-03-11,139.7238969579836,140.43282042705965,139.68315151445614,140.3431854248047,3674200
2016-03-14,139.9113127002955,140.8809970721822,139.9113127002955,140.4898681640625,2658400
2016-03-15,139.83797272059164,140.7017213899893,139.60166904894564,140.67727661132812,2431600
2016-03-16,140.32688920164588,141.73659194430388,140.29428787517534,141.35360717773438,3556200
2016-03-17,141.3454192636687,142.93439150824395,141.03576892696617,142.55140686035156,4070500
2016-03-18,143.1271488004741,143.6824372726446,142.93931964623528,143.47012329101562,5112000
2016-03-21,143.41293763002912,143.89474664191957,143.11079614193025,143.73141479492188,2884900
2016-03-22,143.15167837526144,143.93561668460515,143.02917944785008,143.4783172607422,3980100
2016-03-23,143.08638469782218,143.3558674544728,142.580090557709,142.75157165527344,5039200
2016-03-24,141.96754949931045,142.85765075683594,141.84505061274754,142.85765075683594,5104900
2016-03-28,143.01290429880265,143.38853789732494,142.6290966260871,143.00473022460938,3098800
2016-03-29,142.49019677319643,143.8702563675251,142.13904820719242,143.7804412841797,5584100
2016-03-30,144.6297283530111,145.0706920592767,144.13975760340603,144.4500732421875,3858000
2016-03-31,144.48284420252003,144.78499846532782,144.07453908133212,144.24603271484375,3155400
2016-04-01,143.48641230310938,145.23395554492103,143.2414270436938,145.12779235839844,4035200
2016-04-04,145.0543419573047,145.25849432172788,144.44188486403516,144.6378631591797,2318900
2016-04-05,143.78873018875785,144.50735117548936,143.37226345898384,143.576416015625,5439600
2016-04-06,143.608916740816,144.61334272406782,143.10262294543972,144.572509765625,4086700
2016-04-07,143.54369805445998,143.91117004508735,142.6454221125005,143.1435546875,5251900
2016-04-08,143.92735301623844,144.38465211583537,142.99641914621162,143.445556640625,2565300
2016-04-11,143.82129507969097,144.67873774905374,143.2415091757855,143.26600646972656,3237700
2016-04-12,143.5027985302355,144.76854587596765,143.20065697188,144.61338806152344,3588400
2016-04-13,145.3564783887974,146.18942349546285,145.29114813920881,146.10775756835938,5400200
2016-04-14,146.19760919277206,146.58141668454996,145.96895951177328,146.262939453125,3689700
2016-04-15,146.27104338134816,146.39361873788357,145.79706455354872,146.0177001953125,3799900
2016-04-18,145.56824719249656,146.95748858476514,145.54373212147843,146.9166259765625,2573700
2016-04-19,147.2109597082076,147.72580162967935,146.761495528314,147.35806274414062,2992100
2016-04-20,147.0964639117609,148.2568900751666,147.0964639117609,147.70936584472656,2628900
2016-04-21,147.61941417677815,147.81554720611715,146.6224264326259,146.8512420654297,2760300
2016-04-22,146.777787195661,147.16187348773627,146.17305266846233,147.0147705078125,2410500
2016-04-25,146.46732635122734,146.76152000262462,145.73184845749978,146.7206573486328,2485500
2016-04-26,146.96579101858663,147.30901479740297,146.36923629370554,146.80235290527344,2241000
2016-04-27,146.3773988952832,147.62771850075166,146.27117098345525,147.30084228515625,3569300
2016-04-28,146.32828295548893,147.21903072007055,145.24958210056465,145.62548828125,3550700
2016-04-29,144.97180463295047,145.42126876885953,144.06470882030774,145.1270751953125,5496000
2016-05-02,145.52751779664976,146.20579781123922,145.06170608187807,146.0341796875,2463100
2016-05-03,145.037120396387,145.32314630689578,144.21991776010202,144.89002990722656,4643200
2016-05-04,144.13821778948167,144.81649753422778,143.74595151114318,144.0891876220703,3446000
2016-05-05,144.50593384950662,144.82464235721636,143.82765421114553,144.18722534179688,1778800
2016-05-06,143.57438020591033,144.97179018888374,143.56620019637282,144.92276000976562,2940800
2016-05-09,144.84911186396315,145.26588055998957,144.33427040982858,144.6284637451172,1921700
2016-05-10,145.23329229031958,146.49995920862145,145.16791456562052,146.4427490234375,2867200
2016-05-11,146.03410861021644,146.230241731953,144.85733481884247,144.89002990722656,2697200
2016-05-12,145.3068372759526,145.5601681652221,144.15457826070173,144.98812866210938,2534900
2016-05-13,144.5631976953986,145.06987200658003,143.22298534850157,143.40277099609375,3336800
2016-05-16,143.5743287072762,145.21690146619304,143.48443592129436,144.85733032226562,2393500
2016-05-17,144.57135317911866,144.84103160475638,142.94511508616097,143.46812438964844,3349500
2016-05-18,143.07595682874455,144.4243373007124,142.62649251491095,143.52542114257812,4097800
2016-05-19,142.96953421209884,143.17383477898366,141.92351630720987,142.74888610839844,5090900
2016-05-20,143.28363924272495,143.95609486580219,143.111417825497,143.31643676757812,2749700
2016-05-23,143.38208830123767,143.7839300557591,143.18527806503695,143.3328857421875,1736000
2016-05-24,144.13645570634142,145.34196761154294,144.04624690685836,145.03854370117188,2797000
2016-05-25,145.56342124682828,146.58031951133432,145.5224149635232,146.2030792236328,2711900
2016-05-26,146.37532708278857,146.5393397323127,145.82587782453305,146.03909301757812,2263200
2016-05-27,146.15393991086174,146.45736401452206,146.02272475287006,146.38356018066406,1628300
2016-05-31,146.77714935643337,146.77714935643337,145.26001677733873,145.6864471435547,2395400
2016-06-01,145.13698792796728,145.95706359432342,144.7843613978477,145.75204467773438,2481200
2016-06-02,145.3994086269688,146.2276804909437,145.136978424505,146.2030792236328,1965900
2016-06-03,145.86699536072308,146.21142597096005,145.02231761132379,146.02281188964844,4367200
2016-06-06,146.37533557149558,147.17081010685052,146.30972800520854,146.94117736816406,2720300
2016-06-07,147.17081691991018,147.60545611748938,147.07239930924163,147.10520935058594,1572300
2016-06-08,147.34307364865325,147.76130796126498,147.23645974973778,147.66290283203125,1713500
2016-06-09,147.09702728166837,147.64647669694892,146.9084133064805,147.51527404785156,2141800
2016-06-10,146.54765365400448,146.9905019279993,146.06381156973532,146.5558624267578,4126600
2016-06-13,145.9735481631338,146.79362427640984,145.44869995117188,145.44869995117188,5111300
2016-06-14,145.15348187948655,145.49791236878272,144.3334057106759,144.99766540527344,3643400
2016-06-15,145.35848802405042,145.84232991750886,144.6450258247687,144.80084228515625,2470100
2016-06-16,144.1120054439628,145.7029554763677,143.34934048741874,145.53074645996094,5573700
2016-06-17,145.56764744608583,145.56764744608583,144.4336827269762,145.0499725341797,2748000
2016-06-20,146.5948004569475,147.27682936370275,146.06890031105107,146.10177612304688,2958400
2016-06-21,146.3648071903842,146.7017155027413,146.04433679382538,146.3155059814453,1854700
2016-06-22,146.45509094729653,147.04673010337572,145.79771271404775,145.9127655029297,2966200
2016-06-23,147.10440164526048,147.76999321797493,146.8167944661684,147.75355529785156,2949100
2016-06-24,143.43122882677335,145.18148390451955,142.4040788244883,142.66702270507812,11377900
2016-06-27,141.73025206058574,141.73025206058574,139.99642248173117,140.67845153808594,7683900
2016-06-28,142.03424503167858,142.8641773556536,141.50011974169942,142.83131408691406,5642800
2016-06-29,143.93250877554664,145.2965672744543,143.80103053839667,145.14865112304688,5578200
2016-06-30,145.4855239243811,147.1536144687542,145.32939512314738,147.08787536621094,5069000
2016-07-01,146.907003728332,147.74516108642842,146.907003728332,147.34251403808594,3998200
2016-07-05,146.7427072069277,146.82487165479776,145.98672657890546,146.4386749267578,3233100
2016-07-06,145.945613556098,147.1699802311416,145.411500850146,147.0713653564453,5395400
2016-07-07,147.21102639652977,147.67941247585205,146.29891735540392,146.9152069091797,2343300
2016-07-08,147.9177729253196,149.19144109064337,147.89312233502193,148.97779846191406,5177300
2016-07-11,149.43792297529157,150.1446023139977,149.37218390442987,149.6515655517578,2358700
2016-07-12,150.38288721848207,150.8841366351432,150.1938952366592,150.6951446533203,3128000
2016-07-13,150.93347862177893,151.0320935185512,150.41580370213038,150.8677520751953,2390500
2016-07-14,152.06743971226393,152.24000635941337,151.66480509966038,151.9852752685547,3354700
2016-07-15,152.41703955666148,152.540382555857,151.6769439186605,152.03054809570312,3837200
2016-07-18,151.98942729690825,152.44170586651316,151.8907528990341,152.19500732421875,2134900
2016-07-19,152.13745508290748,152.474609375,151.98122478551844,152.474609375,2046300
2016-07-20,152.86933481861652,153.01735899356706,152.44995599354476,152.77066040039062,2159500
2016-07-21,152.57325968098627,152.72950250130367,151.75093961414387,152.11276245117188,2837700
2016-07-22,152.12920528693903,152.59793372608027,151.93184396294146,152.548583984375,3078300
2016-07-25,152.3512341572658,152.37590275414436,151.61113860808504,151.97296142578125,2316600
2016-07-26,151.80852691209006,152.14568119283112,151.06021254681897,151.80030822753906,4744400
2016-07-27,152.2442953225131,152.359419598698,151.39730688752303,151.78379821777344,4146700
2016-07-28,151.53711723516938,151.8496028269761,150.91215859916238,151.61935424804688,2906300
2016-07-29,151.18346306429132,151.71796578378448,150.92853344900558,151.41371154785156,4207300
2016-08-01,151.5947349400474,151.73452786930332,150.79708333670845,151.20001220703125,3295900
2016-08-02,151.06012874425198,151.20815281732172,149.9171048452702,150.4598388671875,5139500
2016-08-03,150.36116954525292,150.83810395277507,150.2460452835056,150.78054809570312,3008200
2016-08-04,150.89567171902135,151.2163759145037,150.60785479206905,150.85455322265625,2368900
2016-08-05,151.63582178850646,152.35946749349537,150.83817028576433,152.343017578125,4187700
2016-08-08,152.54031687023522,152.70477831421334,152.14560689516694,152.35940551757812,2076700
2016-08-09,152.44164551841374,152.83635550126286,152.17849716477826,152.41697692871094,1903800
2016-08-10,152.45809278887532,152.77057834222651,151.99759568768718,152.22784423828125,1618300
2016-08-11,152.7047386246772,153.42838384722276,152.62251419786105,153.19813537597656,2188700
2016-08-12,153.06657815079487,153.157033813609,152.55674398635267,152.8692169189453,2514300
2016-08-15,153.2804786940478,153.67520142029227,153.22292280539358,153.37916564941406,1561500
2016-08-16,153.09128929128065,153.25575075640313,152.72124785785363,152.75413513183594,1614100
2016-08-17,152.76230918515358,153.14056915859962,152.20312535590185,153.03367614746094,2952000
2016-08-18,152.92690091224307,153.28872383699652,152.72132084568875,153.2311553955078,2571800
2016-08-19,152.91424758381802,153.20306887794203,152.4356154082525,152.93075561523438,2368500
2016-08-22,152.62541450600986,153.08753865260633,152.22106217370725,152.7657012939453,3152400
2016-08-23,153.24430009443955,153.5991534388187,152.87295131408803,152.91421508789062,1647900
2016-08-24,152.71622406854686,152.83175513112695,152.08079692838572,152.38613891601562,1882900
2016-08-25,152.0724460366925,152.49330620943812,151.92391159640565,152.14671325683594,2034900
2016-08-26,152.35301039396353,153.11221575796966,151.1316811207304,151.69284057617188,3403500
2016-08-29,151.70120273592994,152.69971852338145,151.70120273592994,152.52642822265625,2229800
2016-08-30,152.60890695380934,152.7904575251051,151.85796150920086,152.26231384277344,1866700
2016-08-31,152.04776424399728,152.13853953229813,151.23904696127823,151.7919464111328,1876400
2016-09-01,151.61865402162167,152.07253049445936,150.93371545205562,151.9239959716797,3003500
2016-09-02,152.6172127912821,153.01331752320425,152.10557698788506,152.5511932373047,2652800
2016-09-06,152.75745276520917,153.0710424024269,152.2128010559168,152.93075561523438,2152300
2016-09-07,152.9720068058674,152.99676255702266,152.48512691056297,152.93075561523438,1803600
2016-09-08,152.40258382519704,152.75743720884915,152.23754130365668,152.51812744140625,2229900
2016-09-09,151.48657514035432,151.6351096117633,149.29147338867188,149.29147338867188,8242600
2016-09-12,148.6148003064655,151.54435222690898,148.48276125501218,151.26377868652344,7056100
2016-09-13,150.2404779332754,150.45504451560356,148.85410582562696,149.20069885253906,7477500
2016-09-14,149.23370052966553,149.97641065724747,148.5487622018453,148.89535522460938,2990400
2016-09-15,148.84590309289075,150.70266026440044,148.73037203923,150.40557861328125,3932400
2016-09-16,150.06984177975642,150.06984177975642,149.19340284914983,149.63162231445312,2844300
2016-09-19,150.38407882539659,150.74788661105416,149.38360741483825,149.63992309570312,2260400
2016-09-20,150.3261409194328,150.5163085153471,149.6812137537758,149.69775390625,1997800
2016-09-21,150.20214531477282,151.17779998715588,149.62336605010137,151.0289764404297,4496500
2016-09-22,151.8557891845703,152.35188023004963,151.57466966382137,151.8557891845703,2323500
2016-09-23,151.649057238972,151.74000914193502,150.72299805886522,150.8304901123047,1741500
2016-09-26,150.0780787422833,150.1111590449491,149.30913202722851,149.44969177246094,2639800
2016-09-27,149.3091624532839,150.59901695843953,149.02804290553283,150.48326110839844,3717300
2016-09-28,150.78088655109124,151.50022541172737,150.08635160865373,151.3927459716797,6413000
2016-09-29,151.16126793803593,151.65735902876236,149.3670333464293,149.8383331298828,3376400
2016-09-30,150.5906626855061,151.67380876345166,150.45836676027037,151.1280975341797,4583000
2016-10-03,150.73955686747138,150.95454100096043,150.30133744889102,150.74783325195312,1987600
2016-10-04,150.9958858647045,151.25220147760174,149.60681572392923,150.0532989501953,2811200
2016-10-05,150.61556087760127,151.32663615032382,150.57421679803005,151.0289764404297,1818200
2016-10-06,150.7643566133108,151.09509657242808,150.04501770394484,150.91319274902344,2368100
2016-10-07,151.14467875342368,151.30177863027973,149.9209726535283,150.6651153564453,2527700
2016-10-10,150.66514365633185,152.0128822041547,150.66514365633185,151.40928649902344,1879100
2016-10-11,151.19430445755134,151.21910837615152,149.20163888707913,149.82176208496094,3949800
2016-10-12,149.65644831714994,150.31791580537623,149.37532873499774,149.96237182617188,1920200
2016-10-13,148.9370963637374,149.8383392728138,148.35830447616578,149.52413940429688,3460100
2016-10-14,150.483173457904,150.86352109589674,149.8299828166529,149.8961181640625,2698100
2016-10-17,149.79692176890313,150.0780411890249,149.20160263427135,149.4248504638672,1801800
2016-10-18,150.4336716695826,150.56596769051643,149.75566402462886,149.96237182617188,1720700
2016-10-19,150.35924148922632,150.82226488939077,150.1277297891441,150.48326110839844,1503700
2016-10-20,150.25171087713917,150.8552938963938,149.83829543066156,150.10287475585938,2359600
2016-10-21,149.47385964463743,150.1773558125781,149.16762001486643,149.98699951171875,5607600
2016-10-24,150.93054288565523,151.04641360189004,150.3429047061325,150.5994873046875,1905700
2016-10-25,150.48365119062154,150.77332173333485,150.01188361885548,150.20223999023438,3351100
2016-10-26,149.47392487969216,150.73194656279955,149.2670119231195,150.44227600097656,5375400
2016-10-27,150.88090188906392,150.92228699833507,149.99530854071827,150.2436065673828,2027100
2016-10-28,150.4835847005713,150.89741040357063,149.53177800629794,150.1028594970703,3726600
2016-10-31,150.28495781479805,150.38427195150174,149.84630353907758,149.94561767578125,1415600
2016-11-01,150.23534966970266,150.23534966970266,148.26553445722482,149.07662963867188,3622300
2016-11-02,148.6959163351685,149.15112732315268,148.19104826285215,148.43934631347656,3552700
2016-11-03,148.72897297827586,148.88622878491816,148.01719217855154,148.24066162109375,1966900
2016-11-04,148.24072365783212,148.7042066741331,147.8517262772299,147.90966796875,4337500
2016-11-07,149.94560427710806,151.00499707048135,149.8462901492788,150.93051147460938,3402400
2016-11-08,150.79812949160285,152.32100551066296,150.64915825513398,151.77476501464844,3437500
2016-11-09,150.5746775451156,154.39843723633646,150.4257062912963,153.91012573242188,8363900
2016-11-10,154.63021146515024,156.2772433508697,154.2329420752005,155.70616149902344,8748100
2016-11-11,155.5571206698824,156.11993034294434,155.11019434832988,155.9875030517578,5003800
2016-11-14,156.51726900818804,156.74901055606878,155.764102663092,156.23587036132812,4796400
2016-11-15,156.22752582004722,156.71584990691332,155.71438582217968,156.7075653076172,3750000
2016-11-16,156.25229012400732,156.57507363980085,156.0371053231307,156.4095458984375,3459100
2016-11-17,156.50067182263726,156.69931279597662,156.21100127743503,156.6744842529297,4211200
2016-11-18,156.78477036172345,156.8345802934129,156.30338833692898,156.41958618164062,4359200
2016-11-21,156.76825200615224,157.208144954309,156.53585620956454,157.15003967285156,2999100
2016-11-22,157.63141258901223,157.9053103106194,157.21641834378065,157.71441650390625,2756300
2016-11-23,157.63971977436245,158.2290172193584,157.58992248752733,158.18751525878906,2465900
2016-11-25,158.60252176918374,158.81001892341564,158.51122251473686,158.77682495117188,1547100
2016-11-28,158.46975387298548,158.70216238604613,158.12946809360417,158.3452606201172,3159600
2016-11-29,158.38668950621337,158.87637962769654,158.2621836461735,158.68548583984375,2264900
2016-11-30,159.3329477078562,159.56534355395866,158.8100507218138,158.85984802246094,4774600
2016-12-01,159.22505926231065,159.4906617755288,159.00097138948584,159.2748565673828,8323900
2016-12-02,159.28315590441622,159.34124853563483,158.88475215624186,159.14205932617188,2773600
2016-12-05,159.75618246475173,160.00518154694439,159.26649229069847,159.54039001464844,2925600
2016-12-06,159.49064381430003,159.83094224680332,159.24993998072512,159.76454162597656,2669400
2016-12-07,159.74786381395344,162.42042739904846,159.70636186221122,162.24612426757812,7241300
2016-12-08,162.53666392471936,163.3417538544637,162.18807024348274,162.91015625,7032100
2016-12-09,163.0429737736912,164.10535824126165,162.98486848869473,164.08045959472656,4392300
2016-12-12,164.20495770308096,164.66145401081548,164.07215647453597,164.40415954589844,3791700
2016-12-13,165.1345242749233,165.7653110014155,164.86892186506134,165.35861206054688,5357500
2016-12-14,165.14284106703678,165.8566318055477,164.01405600763863,164.45394897460938,7456100
2016-12-15,164.78592132640148,165.73210776786075,164.61992614914234,164.88552856445312,6033000
2016-12-16,165.27803262783428,165.50262133260955,164.6458715869334,164.85382080078125,4467700
2016-12-19,164.94537409301893,165.4444447577328,164.87051539714437,165.19491577148438,2729400
2016-12-20,165.66079715049605,166.03510349609928,165.57761232159626,165.87705993652344,3062600
2016-12-21,165.8853733111263,166.035103464673,165.64415761491924,165.66079711914062,2523500
2016-12-22,165.61088431657686,165.66910354056287,165.17834607061678,165.50274658203125,2250900
2016-12-23,165.49437042685443,165.57754252847317,165.30304793947445,165.56922912597656,1374200
2016-12-27,165.6608306728368,165.97690516372495,165.6358777575621,165.70242309570312,2340700
2016-12-28,165.96025697851871,165.99352329719298,164.6959211010917,164.76246643066406,3818100
2016-12-29,164.68753051757812,165.1283820137045,164.3880830209434,164.68753051757812,3018700
2016-12-30,164.90381888849788,164.92045838873946,163.79752692849985,164.2882843017578,4277400
2017-01-03,165.45279702102562,165.61084053212468,164.26332033216673,165.0452117919922,6669800
2017-01-04,165.32806530540583,165.8271488785957,165.19498735248135,165.6524658203125,4823200
2017-01-05,165.48612015527092,165.75230146373312,164.61273018868653,165.31976318359375,4124500
2017-01-06,165.30304250621688,166.2180244394719,164.83723813736603,165.95184326171875,4322600
2017-01-09,165.60248223803382,165.7522123165697,165.319674269064,165.32798767089844,2303500
2017-01-10,165.29474565753503,165.86868777385303,164.87053364175227,165.028564453125,3029200
2017-01-11,165.219914184465,166.00180573601563,164.8206423120431,165.8021697998047,5209800
2017-01-12,165.42790092668443,165.45285383782485,164.30496915647257,165.31976318359375,3865200
2017-01-13,165.45278969193492,165.81878250306366,164.9620323734752,165.27810668945312,3468900
2017-01-17,164.92049736503492,165.23657179100496,164.3548684531225,164.77076721191406,3329800
2017-01-18,164.76240406357184,164.88716857665332,164.11360321111013,164.65426635742188,4634800
2017-01-19,164.72081757673928,164.82895528677233,163.60621224579052,164.0969696044922,3050900
2017-01-20,164.46579237472906,165.02364070372303,164.28261677957923,164.82382202148438,6999000
2017-01-23,164.74060645446934,164.94875944894306,164.05785853436328,164.6739959716797,3249700
2017-01-24,164.6823343825942,165.87297623933358,164.540791856415,165.55657958984375,5205800
2017-01-25,166.5307116225158,166.98032919032696,166.31423708909017,166.87208557128906,4880800
2017-01-26,167.0219778292012,167.33004021394467,166.87210105780485,167.12188720703125,3999700
2017-01-27,167.09687545499582,167.2467394908818,166.89704403583255,167.0469207763672,3576500
2017-01-30,166.38091383068218,166.4391900839994,165.2069274639868,166.00624084472656,4718000
2017-01-31,165.456646936696,165.59818944296757,164.49081403015458,165.1569061279297,4628100
2017-02-01,165.79808102638557,166.02287718601679,165.02374502924735,165.38177490234375,3676900
2017-02-02,164.99033277986013,165.6647462047364,164.87376765339565,165.36500549316406,2640600
2017-02-03,166.1727443691171,166.99703502063656,166.05617916932533,166.83883666992188,4857300
2017-02-06,166.54737068995647,167.10521918311196,166.3392176982723,166.75552368164062,2770900
2017-02-07,167.26340245354663,167.60477637833725,166.88039539323168,167.0052947998047,2606300
2017-02-08,166.9387457124369,167.09694406281426,166.64732636125188,166.9470672607422,2291500
2017-02-09,167.20506140793535,168.27912474205039,167.16342828855073,167.95440673828125,3487600
2017-02-10,168.437420637083,169.02024653247153,168.2459234224521,168.80377197265625,2880300
2017-02-13,169.2866431156206,170.2441416368008,169.2866431156206,170.0193328857422,2637400
2017-02-14,169.90278088124978,170.83530213607796,169.8111930648185,170.8269805908203,3586600
2017-02-15,171.01013662646227,171.92601468581842,170.9268703648307,171.8344268798828,3646000
2017-02-16,171.97598302049826,172.117525512796,171.39315725672844,171.91769409179688,4589600
2017-02-17,171.17546340671436,171.91850617539114,171.16711919196848,171.88511657714844,5747700
2017-02-21,172.4528498010703,173.0706657270624,172.33596708418105,172.87864685058594,3076400
2017-02-22,172.59476237406565,173.26266901301634,172.51962622123935,173.1958770751953,2254400
2017-02-23,173.70516961024015,173.7803057696222,172.99552909508634,173.5048065185547,3179900
2017-02-24,172.8869933845259,173.61333508212968,172.8786491686579,173.5966339111328,3703900
2017-02-27,173.42967063671497,173.96399348674774,173.3294890833531,173.89720153808594,3433700
2017-02-28,173.74688992487287,173.9138633891448,173.3878848743924,173.6383514404297,2821900
2017-03-01,175.25800327221802,176.65225130532855,175.22461367840575,176.17637634277344,7846100
2017-03-02,176.31847132489023,176.31847132489023,175.19137719306838,175.23312377929688,3336900
2017-03-03,175.37492175064335,175.5919987421261,174.83225475045668,175.24969482421875,2589000
2017-03-06,174.70708760126672,175.1328848063681,174.50672443582167,174.89076232910156,2524700
2017-03-07,174.66531457770176,175.04100816788088,174.4732829348833,174.6319122314453,2741000
2017-03-08,174.97415653989668,174.9992019214161,174.01403687103945,174.16432189941406,3173100
2017-03-09,174.27291001330394,174.56511046067104,173.54655552459442,174.21446228027344,4430100
2017-03-10,175.06612282938482,175.07446704961941,173.95573005334492,174.6152801513672,3004000
2017-03-13,174.598540201203,174.77385794927991,174.14769765619198,174.43991088867188,2261800
2017-03-14,174.13093885902558,174.38974963730792,173.63834994566452,174.1058807373047,4433000
2017-03-15,174.34799161246391,175.2496635395393,174.24781008920812,174.97415161132812,5737000
2017-03-16,175.46680468015253,175.46680468015253,174.5317427484667,174.8573455810547,3018400
2017-03-17,175.27396121501047,175.27396121501047,174.6884066945522,174.7135009765625,2873200
2017-03-20,174.7050373565668,175.05636986147903,174.46244242147645,174.67156982421875,3308600
2017-03-21,175.10658016669933,175.1902234797213,172.53012871289178,172.61378479003906,6192400
2017-03-22,172.28755935907276,172.79783083382085,171.90275924527654,172.6639862060547,3898500
2017-03-23,172.34617675016176,173.40854816263496,172.2457996215956,172.5803985595703,3840000
2017-03-24,172.80616673065026,173.07384318394196,171.48447993893816,172.1118621826172,4052700
2017-03-27,170.79852697590132,171.91108629497285,170.48902250303044,171.67686462402344,4559600
2017-03-28,171.55134931488578,173.2160076162718,171.40914424855438,172.9483184814453,3538000
2017-03-29,172.7644318046958,172.78952608683733,172.27925440974056,172.5803985595703,2323900
2017-03-30,172.57198490730755,173.37502721678985,172.4465007711134,173.12408447265625,2849200
2017-03-31,172.92330077092853,173.09896067481483,172.57196819902987,172.6054229736328,4179600
2017-04-03,172.75610426642905,172.84812090655169,171.38422793632205,172.53024291992188,4436100
2017-04-04,172.337799233032,172.96518175290535,172.16212651125025,172.8647918701172,2555400
2017-04-05,173.6510574335746,174.53775573394554,172.45485460756032,172.5384979248047,4110400
2017-04-06,172.69744873046875,173.40011391158288,172.2540995497091,172.69744873046875,3186900
2017-04-07,172.47999233823887,173.21612519457483,172.2290367950217,172.63893127441406,2609300
2017-04-10,172.73094919390473,173.4252540042918,172.27922665985568,172.6472930908203,2395200
2017-04-11,172.50504457261118,172.67234397260478,171.43431309570084,172.59706115722656,3511500
2017-04-12,172.5720188222401,172.5720188222401,171.7773368600106,172.04501342773438,2181700
2017-04-13,171.76901178938235,172.27092304537987,170.94923531777764,170.9575958251953,3605200
2017-04-17,171.42593438991958,172.5384938725599,171.3673853456362,172.4632110595703,2260900
2017-04-18,171.78567438869854,172.1621012926569,170.99935303671148,171.55145263671875,2497900
2017-04-19,171.70197568503596,171.73544322080141,170.34683406141122,170.5225067138672,3606400
2017-04-20,170.94083323063475,172.49674242880687,170.7902547848089,172.0701141357422,3873700
2017-04-21,172.06336842586333,172.24756458227327,171.4438111501486,171.84568786621094,3034800
2017-04-24,173.58714798136936,173.83832568686506,173.33597027587365,173.62901306152344,3220200
2017-04-25,174.9435437985081,175.80591105952783,174.85144570386365,175.5547332763672,3483600
2017-04-26,175.66350728945608,176.1825984579171,175.35372872446192,175.37884521484375,2865300
2017-04-27,175.59661577826964,175.6301129662428,175.0356592463424,175.45428466796875,1951700
2017-04-28,175.51285857856644,175.51285857856644,174.96027008116172,175.0523681640625,1934000
2017-05-01,175.39558907497909,175.39558907497909,174.73415411160389,174.91835021972656,1886000
2017-05-02,175.06904549995716,175.23649300741602,174.77600278033472,175.0941619873047,1359700
2017-05-03,175.0942976963537,175.3789599572074,174.5417089955653,175.16964721679688,1829400
2017-05-04,175.5295830775894,175.5295830775894,174.31557226338256,175.1444549560547,2640100
2017-05-05,175.0438713768104,175.63831174887486,174.78431313397277,175.62994384765625,1673800
2017-05-08,175.57138862533174,175.83931485852682,175.42905760473158,175.75558471679688,2311000
2017-05-09,175.9398447245892,176.09055647936927,175.169575687465,175.5044708251953,1570100
2017-05-10,175.14454717983548,175.6636387367273,174.9017372238824,175.38734436035156,1394300
2017-05-11,175.10264927891907,175.3621950087564,174.23191398119698,175.21986389160156,3093700
2017-05-12,174.96025949356087,175.21980513636657,174.83467701330983,174.99374389648438,1575100
2017-05-15,175.32017446280844,175.9313762642091,175.32017446280844,175.763916015625,1818500
2017-05-16,176.09056841514,176.20778299883372,175.37053232232682,175.78077697753906,1746600
2017-05-17,174.24860017793776,174.642109003187,172.78341154894665,172.8671417236328,5717400
2017-05-18,172.49872463613914,174.11462479254135,172.3563935799469,173.27737426757812,6653800
2017-05-19,173.6115481387722,174.9215050492446,173.46879773833035,174.4680633544922,4892800
2017-05-22,174.93001195541785,175.39184647834784,174.93001195541785,175.2071075439453,2246200
2017-05-23,175.5848536770717,175.79478295558897,175.24056658516744,175.6016387939453,3457500
2017-05-24,175.76965545266916,176.3070740857298,175.56811866036983,176.18951416015625,3479500
2017-05-25,176.77725574048628,177.11313747095562,176.5925169448081,176.82763671875,2198200
2017-05-26,176.79415893554688,176.94531478435908,176.60943282956012,176.79415893554688,1152200
2017-05-30,176.51698303222656,176.77729335068258,176.31544626322705,176.51698303222656,1066600
2017-05-31,176.68497024912253,176.68497024912253,175.76968120782237,176.34068298339844,1577500
2017-06-01,176.56745456140158,177.51632690429688,176.2651556594243,177.51632690429688,1827900
2017-06-02,177.55825862311974,178.19645210842856,177.40711562696043,177.9445343017578,2314000
2017-06-05,177.90249633789062,178.19640249936302,177.717757518634,177.90249633789062,1923000
2017-06-06,177.45755157170052,177.83542199217035,177.32319365813206,177.4911346435547,2094800
2017-06-07,177.75981316023706,177.95294461228244,177.29796593745624,177.78500366210938,1545800
2017-06-08,177.70095958604657,178.60785574974238,177.50782820703037,177.90249633789062,2030300
2017-06-09,178.14604598952704,178.918597293432,177.67580628319953,178.58270263671875,4271100
2017-06-12,178.40642714988763,178.67513014953738,177.91938934913006,178.3560333251953,3682300
2017-06-13,178.69185422461132,179.1872843848156,178.64986579459554,179.1704864501953,2426500
2017-06-14,179.51477403839357,179.69951288041904,178.84299759585278,179.56515502929688,5423100
2017-06-15,178.7674781227448,179.53162420863023,178.6499181720758,179.4392547607422,2571800
2017-06-16,179.4679039506065,179.67822118495025,179.03886141377356,179.66139221191406,2372000
2017-06-19,180.33432684665942,180.88114626932781,180.09877267965712,180.80543518066406,2103300
2017-06-20,180.78022248192468,180.9316575163728,180.34275918286914,180.3679962158203,1762100
2017-06-21,180.5783091325818,180.5783091325818,179.7286324241558,179.93894958496094,2129400
2017-06-22,180.09880098003237,180.27546021467433,179.7454696740071,179.80435180664062,2697100
2017-06-23,179.56036100877907,179.98940334719964,179.24067485265823,179.812744140625,1346800
2017-06-26,180.27537398369637,180.67077110203923,179.63601471243788,179.9220428466797,1940400
2017-06-27,179.7875031428945,180.1408343849845,179.08082782197556,179.1313018798828,1981600
2017-06-28,179.13126507195312,180.4772995776792,179.13126507195312,180.23333740234375,4693700
2017-06-29,180.46891693325006,180.49415396057248,178.09653367103826,178.86209106445312,4372600
2017-06-30,179.316426936323,180.02310243439894,179.16500472464105,179.39215087890625,2216600
2017-07-03,179.98943330565197,181.1924542051015,179.93055117257288,180.4437255859375,2134700
2017-07-05,180.6540763107984,180.72978742599395,179.88851858139316,180.51947021484375,1799000
2017-07-06,180.10721663020993,180.24182270581414,179.13976273988132,179.30801391601562,2297500
2017-07-07,179.64453782676344,180.16613322313896,179.54358967631683,180.07359313964844,1326500
2017-07-10,179.76228247839967,180.32594378123142,179.6445053785709,180.02308654785156,1156300
2017-07-11,179.9558120729788,180.2754854879653,178.9210422066148,180.0146942138672,1577600
2017-07-12,180.8559974572299,181.46171213547245,180.780286331636,181.06631469726562,2103300
2017-07-13,181.12515954781927,181.34388479568142,180.87277636229092,181.259765625,1587400
2017-07-14,181.1251741793396,182.28611638776513,180.96533105436794,181.9327850341797,2395500
2017-07-17,181.98327141827326,182.1262855726386,181.74770434648804,181.89913940429688,2291000
2017-07-18,181.42797905158454,181.55416419972107,180.56147346974186,181.4616241455078,2247500
2017-07-19,181.62150887288604,182.00007724084657,181.42802065579374,181.98326110839844,1785800
2017-07-20,182.19355704322783,182.20196510847117,181.47006549333503,181.87387084960938,1372000
2017-07-21,181.2304285878815,181.53361676654086,180.8682810838422,181.5167694091797,2217300
2017-07-24,181.49994241524587,181.49994241524587,180.8009247901668,181.14622497558594,1459600
2017-07-25,182.3337539879721,182.35060135099104,181.48314849171976,181.7947540283203,1924200
2017-07-26,182.5948028564453,182.8895738365184,182.38425582804192,182.5948028564453,2041000
2017-07-27,182.99051938691187,183.38634858413266,182.44310259114496,183.361083984375,3202400
2017-07-28,183.20116904640355,183.73175164045438,183.00746938935725,183.6138458251953,2305000
2017-07-31,184.14444197556728,184.4644775989235,184.0097016322132,184.18655395507812,1765000
2017-08-01,185.062381213505,185.11291043341393,184.56548056594167,184.75076293945312,2307100
2017-08-02,185.13817622410474,185.39083517602884,184.80972344183385,185.18870544433594,3063300
2017-08-03,185.22245111520135,185.47511015416444,185.04559878346797,185.33193969726562,2496400
2017-08-04,185.82036005189687,185.8456246638688,185.3066248571862,185.76141357421875,1877700
2017-08-07,185.9130294647658,186.1067291362074,185.78670638573234,185.99725341796875,1902800
2017-08-08,185.95514426137757,186.69626108756455,185.65195601632843,185.8625030517578,3623900
2017-08-09,185.55920696054645,185.7950184751131,185.24760164146136,185.70237731933594,3555800
2017-08-10,185.12139653959315,185.19719039764695,184.06024397452154,184.10235595703125,7832600
2017-08-11,184.2370831901824,184.62449541060164,184.03496624976532,184.18655395507812,4944500
2017-08-14,185.18040119176175,185.52568869096518,185.1214418316685,185.25619506835938,2605000
2017-08-15,185.7698704479163,185.7698704479163,185.16349392972765,185.41615295410156,1835700
2017-08-16,185.87096106939754,186.20784411042752,185.5172435143966,185.67726135253906,2476100
2017-08-17,185.2813905400971,185.34034987818455,183.4033145887475,183.43699645996094,3535800
2017-08-18,183.19136451255687,183.7570029091782,182.48219419730486,182.80300903320312,4468500
2017-08-21,182.74385414102542,183.1321966004435,182.12755081907628,182.98023986816406,3467200
2017-08-22,183.54587125391527,184.7615765952686,183.45300451583813,184.62649536132812,2423200
2017-08-23,184.0524493282422,184.43236699724207,183.9089303146003,183.97647094726562,3660200
2017-08-24,184.50829912745928,184.50829912745928,183.58808239192473,183.75692749023438,1934400
2017-08-25,184.26347701737637,184.8291152255331,184.04397966082576,184.07774353027344,2373300
2017-08-28,184.46607278933797,184.53361340073667,183.64716058895368,183.99330139160156,1425000
2017-08-29,182.9296305500646,184.68564854600214,182.8789782905185,184.54212951660156,2013300
2017-08-30,184.6771753306222,185.0233162137928,184.37324894965295,184.82913208007812,1804100
2017-08-31,185.33561669979798,185.63954297640169,184.989475935489,185.32717895507812,2173000
2017-09-01,185.84221273346884,186.07859846713973,185.58893862394822,185.6649169921875,2150200
2017-09-05,185.33566488305857,185.33566488305857,183.35169938359996,183.765380859375,3828600
2017-09-06,184.49985887439877,184.56739949393176,184.0777396638595,184.25503540039062,1915500
2017-09-07,184.44087415217078,184.65193387790154,183.77391820490607,184.13694763183594,1982800
2017-09-08,183.71475339303296,184.60120645665398,183.63877501439467,184.2466278076172,2135800
2017-09-11,185.37788923753467,186.48383959864853,185.37788923753467,186.37408447265625,3019300
2017-09-12,186.8552807933351,187.05790264055918,186.63578345371718,186.93125915527344,2072900
2017-09-13,186.8722099942274,187.2436641388745,186.74556648127353,187.2183380126953,1720800
2017-09-14,187.12544996841171,187.7839549382738,187.10012384511367,187.69110107421875,1893700
2017-09-15,187.91783029416243,188.29006413153536,187.73171337547595,188.18853759765625,2377700
2017-09-18,188.5860986899092,188.98371082574243,188.37460342228073,188.7891387939453,1827300
2017-09-19,188.96680849058103,189.22060542153574,188.84837164395526,189.14447021484375,2042800
2017-09-20,189.13610538646367,189.45756960447406,188.61158803632847,189.41526794433594,1819900
2017-09-21,189.41520313160748,189.47442801726658,188.98375732659778,189.0514373779297,1741400
2017-09-22,188.83987550453892,189.04291558697622,188.50148827578874,188.8229522705078,2448400
2017-09-25,188.74685473239262,189.01756198766557,187.79935997596542,188.50152587890625,2844300
2017-09-26,188.7045188474279,189.07675255094279,188.332285143913,188.39151000976562,1314500
2017-09-27,188.9921990258413,189.09372554992993,188.1039290734464,188.7553253173828,2381500
2017-09-28,188.62849603025265,189.3052838117772,188.40007741089929,189.16146850585938,1462800
2017-09-29,188.98378597978285,189.3898534406911,188.76383546109332,189.34756469726562,2415800
2017-10-02,189.66054519940667,190.6757201535205,189.51672993086677,190.548828125,2611200
2017-10-03,190.971815275996,191.42863947897385,190.86183358085424,191.39480590820312,2510000
2017-10-04,191.52171201295204,191.7670409178602,191.34405025455948,191.53863525390625,1746900
2017-10-05,191.7078637409149,192.59614687683901,191.5725036060087,192.5792236328125,2258500
2017-10-06,192.32534426686155,192.5706860199226,192.23228582753623,192.5030059814453,2090300
2017-10-09,192.7906835539556,192.8499084428321,192.3253912436781,192.4861297607422,1006800
2017-10-10,193.06145575613849,193.24755982170777,192.57924007510874,193.10374450683594,1417700
2017-10-11,193.15448186175175,193.4251892006411,193.0275769049723,193.39981079101562,1423600
2017-10-12,193.29826293183834,193.56897022280288,193.01061949258587,193.16290283203125,1307300
2017-10-13,193.48431037820737,193.70426077994125,193.31510385987133,193.501220703125,1744300
2017-10-16,193.78897893881506,194.17812318096807,193.56901549801736,194.11044311523438,2373400
2017-10-17,194.33038514666174,194.5418804880344,194.16964662183432,194.44882202148438,1838000
2017-10-18,195.42172540074097,195.99698662135154,195.34559016424603,195.81088256835938,2720500
2017-10-19,195.2863604646323,195.98007146983707,195.01565310530685,195.9716033935547,2305400
2017-10-20,196.82070929120104,197.37950134277344,196.32965078395733,197.37950134277344,3275700
2017-10-23,197.76053585777993,197.76053585777993,196.9392842108701,196.97314453125,2325100
2017-10-24,198.20931872910862,198.70883934711333,198.08232634109365,198.36170959472656,3300500
2017-10-25,198.49718739011212,198.49718739011212,196.71922926834156,197.40501403808594,3813300
2017-10-26,198.03994794507778,198.47173488879466,197.90448081490348,197.98915100097656,2581500
2017-10-27,198.07374575014006,198.3954768530418,197.57422539899974,198.260009765625,2944200
2017-10-30,197.70963259256226,198.23455124871862,197.39636343295567,197.54876708984375,2672500
2017-10-31,197.8113030356314,198.03990215008187,197.43877497322424,197.80284118652344,1772000
2017-11-01,198.62421415906888,198.97980582183382,197.88761943297015,198.27708435058594,2675700
2017-11-02,198.2939825794683,199.10675967443785,197.5404642907203,198.92897033691406,2459400
2017-11-03,199.2676076234911,199.29300609802632,198.65801839692992,199.11520385742188,2574400
2017-11-06,199.15753276210702,199.4623273659105,199.03900224500887,199.3099365234375,2549900
2017-11-07,199.5553898089368,199.70779351711235,198.70027801374746,199.31832885742188,2390700
2017-11-08,199.27602556104918,199.47922623140965,198.93737069597006,199.35223388671875,1531900
2017-11-09,198.53095161882436,199.1997993956777,197.40490563396995,198.72567749023438,4225200
2017-11-10,198.49714597264796,198.68341005875803,198.20082614027828,198.48020935058594,2506600
2017-11-13,197.82826141635704,198.7765053749098,197.80286294738542,198.67491149902344,2452400
2017-11-14,198.09068999636517,198.41242111166022,197.19324311565063,198.3531494140625,2566500
2017-11-15,197.40498421207656,197.83677120808335,196.97318429721162,197.23565673828125,2823600
2017-11-16,198.30242120304086,199.1998683947535,198.27702272922693,198.88661193847656,2933400
2017-11-17,198.3960195397091,198.56575302872034,198.0480574698432,198.07351684570312,3483300
2017-11-20,198.30273689522895,198.90529294464943,198.09904886382265,198.7185821533203,2056600
2017-11-21,199.58420446239577,200.28012873305877,199.52480355749196,200.05946350097656,2749900
2017-11-22,200.3395231491494,200.3395231491494,199.3974872461036,199.58419799804688,2860800
2017-11-24,199.9151995569779,200.17828847033653,199.78790264723608,199.8388214111328,1435500
2017-11-27,199.8642705993818,200.56867701364888,199.77091522038646,200.05946350097656,2329500
2017-11-28,200.56021060200817,202.3594093748612,200.4838195042289,202.2745361328125,4844500
2017-11-29,202.9619384521529,203.38627870645374,202.63944866477334,203.1910858154297,3376100
2017-11-30,204.260383683721,206.64518638316258,204.03124930944296,206.09353637695312,6586400
2017-12-01,206.34813422230798,206.60274091041614,203.18256022803726,205.76254272460938,9772700
2017-12-04,207.935272721828,208.4105448352967,206.2888428906437,206.32278442382812,6565800
2017-12-05,206.89134361574773,206.8998257593133,205.185500370765,205.38917541503906,4925600
2017-12-06,205.1430397289726,205.8134915875873,204.9987656062286,205.05816650390625,3976100
2017-12-07,204.7103015563803,206.11910184312336,204.6169461503454,205.686279296875,2718300
2017-12-08,206.39064300564024,206.76406455214385,205.87294730704906,206.7555694580078,2704300
2017-12-11,206.88282306174045,207.28170388250314,206.65367572963876,207.2222900390625,1857800
2017-12-12,207.86728981838536,208.66505148809,207.7569701692682,208.3001251220703,3282400
2017-12-13,208.51228796245093,209.6155750640286,208.4783334948014,209.0299835205078,3748700
2017-12-14,209.53066684787137,209.68343602710775,208.3255424443013,208.41041564941406,4713300
2017-12-15,209.4319841943757,209.8487813359325,209.1002416015428,209.46600341796875,5862800
2017-12-18,210.96318501047458,211.4140145456087,210.55488925741665,210.7760467529297,3285700
2017-12-19,211.21833018385414,211.24384785182136,210.05298008173392,210.4442596435547,2773600
2017-12-20,211.23546261356805,211.294999545116,209.899976683585,210.16368103027344,2401400
2017-12-21,210.7250642700021,211.20141159798374,210.46137292626165,210.66552734375,2446700
2017-12-22,210.5973786308432,210.62289629881042,210.07849774970114,210.4442596435547,1847000
2017-12-26,210.05306587246585,210.6059662102203,210.00203051568735,210.31675720214844,2156700
2017-12-27,210.23162175041327,210.69096577210706,210.1891009531522,210.5123291015625,2930300
2017-12-28,210.9036717560728,211.11632771081926,210.75906726438393,211.06529235839844,2743300
2017-12-29,211.43955146668353,211.47357070566022,210.24867043068565,210.42730712890625,2951800
2018-01-02,211.24385722560132,211.35444244468985,210.2996645304609,210.97166442871094,4454900
2018-01-03,211.22691793150426,211.9924741948115,211.01426197175337,211.76280212402344,5528600
2018-01-04,212.62186123082495,213.43845254328258,212.33263936898985,213.166259765625,4932900
2018-01-05,213.82971123323003,215.08012865080457,213.48095252939322,214.96954345703125,3349200
2018-01-08,214.99511167809953,215.18224990565398,214.5442822152145,214.8590087890625,3847500
2018-01-09,215.37789323747117,216.30506984774354,214.96959754313323,215.90528869628906,5031400
2018-01-10,215.35251225972098,215.99898193438398,214.74006183972685,215.73529052734375,2357600
2018-01-11,216.058428011032,217.47896808647934,215.93083964297819,217.4279327392578,2760400
2018-01-12,218.29560192866262,219.43543476814534,218.16801354345554,219.3843994140625,3678400
2018-01-16,221.3918436533411,221.80015241625216,218.53376018989744,219.29931640625,8102900
2018-01-17,220.53275584637353,222.1744537076755,219.92030561327374,222.08087158203125,6144400
2018-01-18,222.21695636248515,222.28502080448007,220.63480853231485,221.2982940673828,4860200
2018-01-19,221.32723901108747,221.75278650080182,220.66338596606738,221.74429321289062,4057600
2018-01-22,221.0293835745301,222.99541096165098,220.96980069046987,222.96987915039062,3359900
2018-01-23,222.84223065989804,223.23375312789844,222.36561945598353,222.87628173828125,3483300
2018-01-24,223.83784243506486,224.48468253455948,222.02500708394356,223.4718780517578,7106400
2018-01-25,224.33155977747876,225.02097047270757,223.34431264920963,224.47625732421875,5918900
2018-01-26,224.96141369405188,226.3316640371141,224.7316014445369,226.3146514892578,3861700
2018-01-29,226.01664608563087,226.30601508953924,224.79106796711193,224.8251190185547,4605600
2018-01-30,222.54425660063876,223.36130025880388,221.36122247335055,221.8123016357422,9409500
2018-01-31,223.8378677803528,223.97404602584183,221.53140881074194,222.51016235351562,5360500
2018-02-01,221.24213815583641,223.75285262341404,221.08892132819207,222.6634521484375,5182000
2018-02-02,220.95269109005977,221.15697148778673,216.7993576254036,216.96957397460938,9486600
2018-02-05,214.6632440712907,217.0463133583846,203.4628275126273,207.0459442138672,19888200
2018-02-06,202.8329169989262,212.20346598068073,202.16905111363425,211.88856506347656,20493100
2018-02-07,211.27583897417358,215.14831104559477,210.70560685153941,211.71839904785156,12657100
2018-02-08,211.88852352610505,211.99065072535606,202.9860680356465,203.13075256347656,15829100
2018-02-09,205.4628038822699,207.6926681578558,198.9519207087313,205.990478515625,19858000
2018-02-12,207.69261981818278,210.94380751174657,206.86705699491336,209.5139617919922,10458400
2018-02-13,208.27991587141474,210.43318462868115,207.9479894262501,209.8544464111328,6234000
2018-02-14,208.66290711747206,212.33964282645994,208.5522606395599,212.1779327392578,5764000
2018-02-15,214.1525062903393,214.90147399902344,211.48858793863917,214.90147399902344,6111500
2018-02-16,214.53879563938142,216.83410606716507,214.3425461551281,214.9910430908203,6399000
2018-02-20,213.69405834837417,214.67531877170893,212.1154953856861,212.7639923095703,8685200
2018-02-21,212.97729848901864,215.4603171333231,211.36461037078888,211.37313842773438,5894800
2018-02-22,212.14959118156443,214.4790263508949,212.06425854447383,212.88340759277344,6342300
2018-02-23,213.99273051880004,215.83580677367289,213.3613156495852,215.8016815185547,5119000
2018-02-26,217.0047479910728,219.44510023470409,216.6975686914655,219.2232666015625,6120900
2018-02-27,219.3769600089519,220.02543116083234,216.66353932855915,216.6976776123047,7219200
2018-02-28,217.73857635161795,218.24201819180644,213.48927307128906,213.48927307128906,5299300
2018-03-01,213.4977877255954,214.91421329711267,208.51465546578623,209.888427734375,8144800
2018-03-02,207.81499450224496,209.83725077848078,206.62894353982094,209.35089111328125,6393400
2018-03-05,208.06236462184972,213.00282921801804,208.0282393847813,212.3287353515625,4891000
2018-03-06,213.4721195823423,213.4721195823423,210.80138035909462,212.3287353515625,4408500
2018-03-07,209.786065029356,212.10697266601824,209.3935530381833,211.7059326171875,5362600
2018-03-08,212.5763260663194,213.07122694514106,210.9465682960524,212.58485412597656,5846600
2018-03-09,214.12065716643136,216.35623168945312,213.60868737309943,216.35623168945312,3904000
2018-03-12,216.7743836241033,217.34607596166572,214.76918339390022,214.9910430908203,5512800
2018-03-13,215.9637978311411,216.70614253707333,213.0199901629203,213.50636291503906,6100900
2018-03-14,214.52170087617472,214.7008811930143,210.69049447505057,211.5096435546875,6222800
2018-03-15,212.32888124325316,214.00130544719661,211.4414812505075,212.4654083251953,5069600
2018-03-16,212.48579768675611,213.81933478238335,212.28917674912665,212.93885803222656,3430100
2018-03-19,212.25510237383406,212.32349060030165,208.85286963032445,210.21205139160156,5739500
2018-03-20,210.707814595191,211.87038812786614,210.56249453407133,211.22926330566406,3258400
2018-03-21,211.26341020932202,213.40903617205734,210.56245398809077,210.8188934326172,4341400
2018-03-22,208.65614872607853,209.45969369784962,204.45037263908807,204.61279296875,7449700
2018-03-23,205.14280385197137,205.92924858601663,200.75751977021605,200.9968719482422,7598700
2018-03-26,204.33076747647698,206.99784273930376,202.76642124155933,206.71575927734375,6589700
2018-03-27,207.76719520599278,208.8015359905566,202.46723239978914,203.69818115234375,6513100
2018-03-28,204.33928940306723,205.77541572997308,202.63817995765118,203.6896209716797,7983700
2018-03-29,204.7923716204985,207.6731549877767,204.3563983923865,206.35670471191406,6614500
2018-04-02,205.442075720314,206.04045638418904,199.34711049807473,201.86886596679688,9217400
2018-04-03,202.92040461571239,205.3737728794476,202.08265829427424,205.2882843017578,9874500
2018-04-04,200.92851643948296,207.63894823704018,200.83448427969392,207.26283264160156,6437500
2018-04-05,208.40835804014654,210.3659205287105,208.04932962474828,209.3572235107422,4786400
2018-04-06,207.12606388356747,208.79298582903726,202.80061046065475,204.41624450683594,6985500
2018-04-09,206.1515870154851,208.27156979563185,204.67271612076797,204.92916870117188,5052000
2018-04-10,208.02369528377966,209.43416505543996,207.04062913177637,208.58787536621094,5977500
2018-04-11,206.9807218032525,208.2202270645064,206.348140677309,206.7670135498047,4733100
2018-04-12,208.2885387990715,210.13498056144337,208.10047456158668,209.27159118652344,4742400
2018-04-13,210.64796820333308,210.68216883137134,207.1517040001938,208.22024536132812,5222500
2018-04-16,209.53677089746307,210.86176535249018,209.19484273526658,209.9641876220703,4018400
2018-04-17,212.1268357464617,212.40893224428135,211.374591462661,211.82765197753906,3821900
2018-04-18,211.89593747547704,212.18657746795898,211.21206869503385,211.46852111816406,3645600
2018-04-19,211.0753983738102,211.63959137940302,209.8529932387444,210.77621459960938,3721800
2018-04-20,210.71810827196302,210.9661500513184,208.34039955993757,209.1016082763672,3396500
2018-04-23,209.59757512722825,209.7002058537449,207.955418249448,208.99032592773438,2491000
2018-04-24,209.87987760976054,210.02527552728316,203.66190780364911,205.34683227539062,7088900
2018-04-25,205.51784261689525,206.4073524526251,203.63620526536354,205.86851501464844,5269200
2018-04-26,206.4928650811977,208.5883381187717,206.22772700397394,207.9383087158203,3845800
2018-04-27,207.81004770599287,208.21203550533224,206.78370115370907,207.79293823242188,3209800
2018-04-30,208.77663888646546,209.40954617888113,206.56142421087696,206.5870819091797,3475700
2018-05-01,205.86004301799696,206.03109864951878,203.48233450293162,205.91990661621094,4396600
2018-05-02,205.79157300561548,206.72383708597732,204.17507349857598,204.50863647460938,2729400
2018-05-03,203.49082616225516,205.12443504829582,201.09600883439674,204.5000762939453,6177500
2018-05-04,203.65333456675043,208.02387197075976,203.2855526611567,207.4251708984375,3600900
2018-05-07,208.26335587549576,209.26404476680062,207.39951667463552,208.19493103027344,2983800
2018-05-08,207.98110828296802,208.67389189612487,206.8435697012185,208.19493103027344,2927200
2018-05-09,208.88770835561417,210.27328859092472,208.01532096937552,209.88839721679688,3670500
2018-05-10,210.4016292484328,212.20629415141315,210.37597155721522,211.65036010742188,3877800
2018-05-11,211.85557907457203,212.91614461775538,211.58189273966653,212.5740203857422,3293500
2018-05-14,213.31818079743383,213.9938551014539,212.83921981472977,213.1984405517578,4286300
2018-05-15,212.17203264956163,212.26610212557125,210.82067137981022,211.52200317382812,4755900
2018-05-16,211.41079969287273,212.35162490891807,211.23119591116628,212.08648681640625,2034400
2018-05-17,211.94107061079015,212.8733344847584,211.15420461206168,211.88975524902344,2058200
2018-05-18,211.8271904552774,212.30750267503043,211.35545056533192,211.85292053222656,2408800
2018-05-21,213.75705516179593,215.00072371219997,213.7484828307688,214.37460327148438,4060300
2018-05-22,214.7433334585458,214.79479360146655,212.64196140163244,212.86495971679688,2329300
2018-05-23,211.70716714385793,213.31107009688543,211.3983930530983,213.25103759765625,3489400
2018-05-24,212.82205770794266,213.07935838956328,210.86649400249428,212.63336181640625,3448100
2018-05-25,212.20452727736682,212.79634506861026,211.60413715854122,212.1702117919922,4207000
2018-05-29,210.46345078403252,211.1753468067107,207.8302927331314,208.80807495117188,6439600
2018-05-30,210.2832949390691,211.99013066601242,209.77725270363973,211.5955810546875,4185900
2018-05-31,210.99523201883696,211.0123897672486,208.8595438612828,209.4342041015625,5357800
2018-06-01,211.1152896440254,211.7071075754213,210.6950099175567,211.30398559570312,3565300
2018-06-04,212.470446836649,213.28526306098217,212.3160533032087,212.88214111328125,3062500
2018-06-05,212.84789511111427,213.12235367242096,211.99019083979695,212.8393096923828,2816400
2018-06-06,213.7742022913491,215.7383391763044,213.18238429167107,215.72976684570312,4102500
2018-06-07,216.3300764122357,217.31643065177272,215.91838220910546,216.59596252441406,4286800
2018-06-08,216.10715301567438,217.35082147104907,215.94418712591332,217.23074340820312,4451000
2018-06-11,217.53091696676498,217.99408452534988,217.01630234198066,217.33364868164062,4200200
2018-06-12,217.63383108625035,217.6595611608344,216.62173349835294,217.25643920898438,6531000
2018-06-13,217.35939531461736,217.64243926919488,216.16718700823006,216.29583740234375,3819000
2018-06-14,217.13630917227482,217.4450830808731,215.74682003982153,216.13279724121094,5007000
2018-06-15,214.97841666954204,215.77726730901406,213.6899377487791,215.38214111328125,6340800
2018-06-18,213.71570624541775,214.6605829229125,213.14877237466965,214.51455688476562,4075500
2018-06-19,211.82592177142465,212.36707395922784,210.90680059484336,212.06643676757812,5511100
2018-06-20,212.994152083212,213.01132236431678,211.41360804688958,211.70567321777344,4711700
2018-06-21,211.16459380121566,211.25908281406907,209.53251204348277,210.0221405029297,4676600
2018-06-22,211.24181357775032,211.74861211934197,210.82950401061512,211.04425048828125,3584900
2018-06-25,209.74715318590054,209.93613111662387,206.75788617449723,208.14085388183594,9536000
2018-06-26,208.6648807806715,209.3263036809052,208.10654511485387,208.45013427734375,3829900
2018-06-27,208.96554126133333,210.94979695116868,207.0242243885766,207.11871337890625,6149300
2018-06-28,206.56037605435802,208.69925603287697,206.01062550780645,207.94334411621094,5524000
2018-06-29,209.1458567750519,210.4171651831499,208.38135994515383,208.50161743164062,3966200
2018-07-02,206.94685524667472,208.76790092978402,206.6891568878936,208.50161743164062,5700300
2018-07-03,209.64411110810227,209.85027245686388,207.31626649860615,207.58255004882812,3143800
2018-07-05,208.84525165510888,209.3090982864156,207.6083098288443,209.20602416992188,3294600
2018-07-06,208.9998871406541,210.62337019969817,208.57039412919178,210.1079864501953,3546000
2018-07-09,211.121573736801,213.02852366657675,211.1043903471664,212.89108276367188,3679300
2018-07-10,213.47513419437578,214.29975314325355,213.4149989027483,214.0850067138672,3474700
2018-07-11,212.4615365370016,213.165911157583,211.86024912131174,212.2382049560547,4409800
2018-07-12,213.9476395357299,214.2654601469405,213.17454430680237,214.14520263671875,3175400
2018-07-13,214.09365478499217,215.14161865285385,213.82735814062985,214.91827392578125,3018100
2018-07-16,215.08143024149464,215.3906656197085,214.60040034362459,215.3219451904297,1881400
2018-07-17,215.2189217407259,216.09509103634002,214.66057303661253,215.84597778320312,2960100
2018-07-18,215.9404534348345,216.6104613527665,215.6226328629417,216.49020385742188,2119600
2018-07-19,215.79448068758364,216.13806987136928,215.2704986627039,215.42510986328125,2537400
2018-07-20,214.86426361725685,215.9135446101513,214.7438403386957,215.3975067138672,2687800
2018-07-23,215.1997129795735,215.53514223684746,214.6922579503856,215.24270629882812,1792000
2018-07-24,216.1027626114518,217.30687728450087,215.93074997922267,216.9198455810547,5485300
2018-07-25,216.36940863385811,218.59700317882718,215.818947183893,218.47659301757812,4687600
2018-07-26,218.90661531189744,219.90429380831958,218.8464036737766,219.4226531982422,4175000
2018-07-27,219.4140840826942,219.83552623008492,218.012155394846,218.68301391601562,5852900
2018-07-30,218.91524830552424,219.13886344831695,217.31550565272752,217.48751831054688,4484200
2018-07-31,218.19272741247386,219.0441944284036,218.1153237062477,218.60556030273438,3743100
2018-08-01,218.37340910033058,219.00987040864038,217.22090978752462,217.69395446777344,3159000
2018-08-02,216.26619937533215,217.95195482533296,215.9049688768442,217.68533325195312,4132600
2018-08-03,217.6337371347287,218.88945451463476,217.6337371347287,218.7948455810547,2469400
2018-08-06,218.64863835414877,219.52592001655967,218.14119639327123,219.19049072265625,2305400
2018-08-07,220.16241145236185,220.83328329570105,219.8785845904143,220.28282165527344,2394500
2018-08-08,220.15372359398603,220.2827297848284,219.64628174504278,219.85269165039062,1876800
2018-08-09,219.9731761229634,220.37742627953455,219.3195226623154,219.45713806152344,1677300
2018-08-10,218.1841809568548,218.3733988200466,217.08328418395243,217.85736083984375,4796900
2018-08-13,218.08958009519566,218.42500936785822,216.48122829533577,216.77365112304688,3686700
2018-08-14,217.39289288875258,218.07236055262277,216.93705347443523,217.77993774414062,2815800
2018-08-15,216.601675130465,216.91130321331138,214.8987272366733,216.53286743164062,5804000
2018-08-16,218.77758843581657,220.53215131042313,218.70018472409856,220.12791442871094,7919200
2018-08-17,219.97970261850705,221.60867064986593,219.80732762365773,221.0829315185547,3902500
2018-08-20,221.60010493783753,222.12587051800534,221.47945424414448,221.87591552734375,2930700
2018-08-21,222.3067370105972,222.97040751921384,222.1602307989218,222.4274139404297,3290900
2018-08-22,222.36707848825137,222.53946658956735,221.54827446109744,221.6603240966797,3850600
2018-08-23,221.3328723163382,221.98791574472756,220.6261308531553,221.06568908691406,2811900
2018-08-24,221.7120124669258,222.5221891148806,221.49654051380443,222.23777770996094,3631500
2018-08-27,223.44455091738365,224.65118932620538,223.44455091738365,224.59085083007812,4111600
2018-08-28,225.21130946946502,225.22856406211102,224.39253170349258,224.64248657226562,2713600
2018-08-29,224.7804134785936,225.6164460156713,224.47014637752804,225.23721313476562,2433900
2018-08-30,224.72875576620703,225.08213313943853,223.6169387534422,224.09959411621094,3867200
2018-08-31,223.73757055709697,224.5132647315887,223.21183134310826,223.961669921875,3081800
2018-09-04,223.4185830498996,224.02191510250384,222.54806785184445,223.858154296875,2945000
2018-09-05,223.4187013194204,224.35815647375898,223.1601453329952,224.02203369140625,3282400
2018-09-06,224.21160338142857,224.99589847745645,223.26352112452585,224.34088134765625,3878500
2018-09-07,223.5134730510681,224.38398861895223,222.76363446606567,223.69448852539062,3796400
2018-09-10,224.53910945999638,224.65115913696238,223.10837185939403,223.17733764648438,2247600
2018-09-11,222.4533225434866,224.53047600842368,222.21199492903574,224.11676025390625,3072900
2018-09-12,224.22030917721318,225.6165644705571,223.72902637318413,224.30650329589844,4971200
2018-09-13,225.31479395097566,226.00429389542376,224.94416208566633,225.62506103515625,2472300
2018-09-14,225.82336257341638,226.21982382783065,224.97007526800576,225.71994018554688,3077700
2018-09-17,225.57341210871508,225.97850067112824,224.6425842965445,224.9356231689453,2473500
2018-09-18,225.16827681199206,227.1333807211508,225.10793832947127,226.59901428222656,2998900
2018-09-19,226.76278347721671,228.3917384460464,226.76278347721671,227.90048217773438,4001000
2018-09-20,229.26224408644802,230.39131543994793,229.25361678821506,230.1586151123047,5247100
2018-09-21,231.07066000722062,231.12247714829934,230.2415593933277,230.6992950439453,3944500
2018-09-24,230.3191580088364,230.3364479507438,229.08413956691993,229.23097229003906,3778600
2018-09-25,229.75787148801973,229.83559718485975,228.46239049409638,228.6351318359375,1820400
2018-09-26,228.70421405664644,229.59377662403506,227.37417951431786,227.8146514892578,3365900
2018-09-27,228.2205810546875,229.18786936660024,227.65056622303254,228.2205810546875,2440100
2018-09-28,227.62467713659566,228.8165240359996,227.57285999806783,228.3501434326172,3288800
2018-10-01,229.81824444043275,230.7250702417448,229.50731541706244,230.3623504638672,5828100
2018-10-02,229.8269368981555,231.47651908330698,229.77511977038125,231.087890625,4553400
2018-10-03,232.1242834491435,232.564755437226,231.1742851043346,231.41610717773438,5827700
2018-10-04,231.1914938129065,231.20875740096915,228.50551671995976,229.9478302001953,8720900
2018-10-05,230.02556187883084,230.2673839011284,227.05459054396172,228.28099060058594,7477100
2018-10-08,227.356889240188,229.04964350481822,226.3464025799831,228.72145080566406,6236400
2018-10-09,228.33285093539027,229.1446878117367,227.2619283992008,228.20330810546875,4559100
2018-10-10,228.03916871255964,228.1082494232752,220.92265628248083,221.14720153808594,12292000
2018-10-11,219.99852547306494,221.72584622537968,214.92888196042333,216.14663696289062,15270300
2018-10-12,219.67906685792522,219.89498039221797,215.85307217753362,218.7635955810547,8634400
2018-10-15,218.39215322844188,220.00719495128365,217.93441772460938,217.93441772460938,5500900
2018-10-16,219.90354276612882,222.9176863191716,219.35080481997073,222.7536163330078,7099800
2018-10-17,221.88993332384445,222.83993136473345,219.94669920560878,221.93310546875,6822400
2018-10-18,221.19039328567237,221.83813372709457,217.91716389845627,219.0917205810547,8694600
2018-10-19,219.70096116580402,221.2132794937019,218.931839800785,219.77874755859375,6618300
2018-10-22,220.42695515649416,220.74669834370764,217.9467433311974,218.6726531982422,4662600
2018-10-23,215.2157996479823,218.57746585358433,213.90225298940328,217.4886016845703,7360500
2018-10-24,218.11956106624186,218.54301505068543,211.88016512630625,212.27769470214844,7624300
2018-10-25,213.73816476312788,216.8492124751702,212.8048464936034,215.84677124023438,5920200
2018-10-26,213.78125153977055,215.2157829950166,211.1282076596936,213.04669189453125,5882900
2018-10-29,214.93940657943168,216.25296726903238,208.31113041825736,211.26663208007812,6833300
2018-10-30,211.24064757807855,215.1294665299979,210.93817860726986,214.92205810546875,6151100
2018-10-31,216.8578680394996,218.82820226122828,216.3825652258429,217.07391357421875,5376400
2018-11-01,217.9034964320748,219.3553291183242,216.8319191401758,219.26890563964844,3267900
2018-11-02,220.69482736824781,220.88494848382285,216.54675068009496,218.17141723632812,6413400
2018-11-05,218.49981029165426,220.30594780926867,218.20599152719865,219.9170684814453,2833700
2018-11-06,219.96024709171,221.55898909305387,219.7874133260874,221.4293670654297,2193300
2018-11-07,223.3564800106645,226.2946936370798,222.526872646525,226.22557067871094,4462300
2018-11-08,226.0095308728685,227.25395513684236,225.52559103385016,226.5021209716797,4023400
2018-11-09,225.68981796718083,225.94043818005625,223.8577559922224,224.76513671875,4386500
2018-11-12,224.42806363037872,224.61818471485276,219.22567139738013,219.6923370361328,10153000
2018-11-13,219.35527354890652,220.68610775332016,217.9725773586028,218.68984985351562,3937900
2018-11-14,220.38369773361188,220.61701737984987,215.76031875064209,216.8319091796875,5610300
2018-11-15,216.21833740027682,219.5022316927976,214.61960858520308,218.8281707763672,5667000
2018-11-16,218.11013357822776,220.85612059361404,217.72032899064288,220.06784057617188,4529500
2018-11-19,219.68667146351373,219.8339303720765,215.55471152911943,216.4382781982422,4249600
2018-11-20,213.4063844091377,213.90013317323854,210.9549293955788,211.79518127441406,7341100
2018-11-21,212.9559658079603,213.64030129114647,211.86451058865913,211.92514038085938,4257600
2018-11-23,210.71236932529018,211.38803383035278,210.24460667476276,210.3312225341797,1928000
2018-11-26,212.1156876305985,213.72689078462005,211.95110030134614,213.432373046875,3435500
2018-11-27,212.384166666109,214.41983067975238,211.4832852156974,214.3938446044922,2932000
2018-11-28,215.7972495393037,219.88589477539062,215.3381443647967,219.88589477539062,5132500
2018-11-29,219.67792132602784,220.86466293615112,218.48250887815797,219.66925048828125,3471100
2018-11-30,219.2447745787505,221.61825749774275,219.01088669086644,221.3323974609375,2991800
2018-12-03,225.3691806471866,225.48176939564414,222.64050945305956,224.12179565429688,9544200
2018-12-04,223.1775696894934,223.52405960034758,216.8886733873211,217.1918487548828,5376900
2018-12-06,213.40635018179395,216.44684017613653,210.3398741102319,216.31690979003906,8232800
2018-12-07,216.26497848188717,217.78089495545865,210.74703353002204,211.63059997558594,5963700
2018-12-10,211.31008962886463,212.65276110756412,207.24743149024633,211.9770965576172,6021000
2018-12-11,215.20813116159928,215.26010331717944,210.20127750202337,211.56126403808594,5646500
2018-12-12,214.29864589360443,215.48538787678265,212.79138682107745,212.99063110351562,3734800
2018-12-13,213.45840638940842,214.70579145808574,212.375608686424,213.32847595214844,4455300
2018-12-14,211.41412698796663,212.0811342102389,208.60752322781752,209.12725830078125,6591200
2018-12-17,207.9317304141094,209.10981443420667,203.6092119455045,204.8046112060547,7036700
2018-12-18,206.54579867139003,207.73254054673845,204.14631561938327,205.61026000976562,5349600
2018-12-19,205.77487926157596,208.93664328475265,201.02789780629638,202.1973114013672,9545700
2018-12-20,201.47827096129797,202.15393546914015,196.59268971042442,198.273193359375,11912800
2018-12-21,198.91247380320948,201.91775091486187,194.43063422100872,194.6390838623047,10242700
2018-12-24,193.25806760349985,193.9616117065892,189.24525264311666,189.43634033203125,7024000
2018-12-26,190.3830298262115,198.67792692732016,188.45479152196523,198.65187072753906,9761100
2018-12-27,195.8985521040288,200.96234988475558,193.28414409089132,200.86680603027344,7952000
2018-12-28,202.12624907360512,203.08167435419165,199.4857716269593,200.18931579589844,7266800
2018-12-31,201.7961623481666,202.60393126094363,200.68438668666474,202.55181884765625,5079600
2019-01-02,199.13828001770233,203.24663783215868,199.02536097781598,202.6907501220703,5319500
2019-01-03,200.85810833820938,201.00576460041614,196.61077416662113,196.9234619140625,7350200
2019-01-04,199.7723510844956,204.27156549945772,199.53783200487655,203.48985290527344,7343700
2019-01-07,203.97630021286767,205.74820194121335,202.33469278263087,204.42796325683594,5101600
2019-01-08,206.6688339592866,207.29420931107774,204.80138888673486,206.65145874023438,4845800
2019-01-09,207.52879207002456,208.35394961332432,206.52993528543848,207.52011108398438,4872000
2019-01-10,206.4083212929836,208.5971356881433,205.88717059061744,208.45816040039062,3052200
2019-01-11,207.47661215494438,208.40599424205402,206.68621857316128,208.3538818359375,2047200
2019-01-14,206.6602208591875,208.15417220240022,206.40833972438008,207.53749084472656,2330700
2019-01-15,207.53746217259348,209.35278204990118,207.49403074061615,209.0140380859375,3940300
2019-01-16,209.63941214123838,210.97701276433222,209.44832444459468,210.07369995117188,3718500
2019-01-17,209.52646733799665,212.6359692656577,209.3614358699432,211.7587127685547,4108400
2019-01-18,213.51802650378661,215.03911974891443,212.5271434346186,214.7349090576172,5393200
2019-01-22,213.2572210489192,213.59620692207264,210.64963332839218,212.08380126953125,5218500
2019-01-23,213.95255950589114,214.621844043809,211.19721017137093,213.5788116455078,4330300
2019-01-24,213.36148071289062,213.9959898935126,212.1967615969888,213.36148071289062,2840400
2019-01-25,215.03038024902344,216.03865070930493,214.41324530404228,215.03038024902344,4110600
2019-01-28,212.71830549556842,213.15290343862642,211.33628721973434,213.0399169921875,3560300
2019-01-29,213.25724881439092,214.3871930300998,212.90956244866004,213.57015991210938,2432900
2019-01-30,215.91699214843308,218.16820671591668,215.36939439741525,217.45545959472656,5686200
2019-01-31,216.3863169234045,217.67272314340994,215.85610689322544,217.4032745361328,5649600
2019-02-01,217.88129005632086,218.90694790504193,217.08163158357394,217.7161407470703,3971400
2019-02-04,217.67271307203566,219.34158079624137,217.02081617638154,219.3155059814453,2576100
2019-02-05,220.21948969035225,220.94961111609587,219.74142925818276,220.7410125732422,3090500
2019-02-06,220.45416696891846,221.07998909670673,219.9500317402625,220.6627655029297,1913500
2019-02-07,219.38506797641145,220.20211434920367,217.44676458455834,218.95046997070312,3884800
2019-02-08,217.74227497107677,218.48978402652625,216.54279356610175,218.4463348388672,2942300
2019-02-11,219.14171865033697,219.31556848235647,217.60325108742916,218.11607360839844,2677600
2019-02-12,219.6631773039113,221.54064353181255,219.6197148586321,221.23641967773438,3080600
2019-02-13,222.1056301627945,223.00090089044096,221.74925665605602,222.34031677246094,2918200
2019-02-14,221.24513184924857,222.6619387584095,220.4454731647268,221.78404235839844,3811000
2019-02-15,223.2726418679263,225.46028940030695,223.25519324632015,225.43414306640625,4751100
2019-02-19,224.83288177859146,226.1577010641053,224.83288177859146,225.57373046875,2744500
2019-02-20,225.58233505360752,226.40162235631934,225.1465450669953,226.1750030517578,2454000
2019-02-21,225.68698670595728,225.94845013534382,224.43190904786644,225.3296356201172,3197200
2019-02-22,225.9659224371107,226.96823448612687,225.7480273569541,226.75906372070312,3938500
2019-02-25,228.22326037325166,228.66774814869189,227.2645169188957,227.3865509033203,3585000
2019-02-26,226.5759962654999,227.91823730947743,226.26224014012567,227.08152770996094,3080200
2019-02-27,226.45394445246424,226.97689782405396,225.5387694025539,226.4975128173828,2777200
2019-02-28,226.48882697623097,226.93334140736417,225.79157342801858,225.9833221435547,2772900
2019-03-01,227.61311933291444,227.9530483116284,225.93970057181818,226.9768829345703,3676900
2019-03-04,227.91815226390497,228.0750302680545,223.29878926277806,225.11166381835938,4823900
2019-03-05,225.05941049875247,225.61720792164328,224.33601073191443,225.03326416015625,2107200
2019-03-06,225.07691919625265,225.2599702354278,223.51680939506397,223.8828582763672,3222000
2019-03-07,223.47319665106946,223.55163569082788,221.04149332373302,222.08738708496094,4104600
2019-03-08,220.40523530231513,222.1658179710507,220.28321458963782,222.00022888183594,5495800
2019-03-11,220.37901466205543,223.84788613884024,220.03909898424308,223.78689575195312,5469400
2019-03-12,223.33375498773884,223.9700182603445,222.6277769859204,223.0025634765625,6570500
2019-03-13,223.85658740601397,224.9286403019698,223.13318776300912,224.3011016845703,5272800
2019-03-14,224.28365438383557,224.8153319787612,223.6648400736677,224.46670532226562,3409600
2019-03-15,224.97763498071978,226.34892371865925,223.88584967756697,225.64144897460938,4225100
2019-03-18,225.2920937030417,226.32273268096216,225.09119560195583,226.2091827392578,2786200
2019-03-19,227.18755109120139,227.9299708979969,225.34462912797153,226.11325073242188,4761400
2019-03-20,225.7463226879618,226.36647611461956,224.07807105406562,224.72442626953125,4382600
2019-03-21,223.92954804354667,227.0651523890934,223.90334626118508,226.72450256347656,3800000
2019-03-22,225.27471609063312,225.9035857484127,222.6107428694461,222.68936157226562,6226500
2019-03-25,222.45353902412137,223.5016507104685,221.47530322719246,222.7854461669922,4982500
2019-03-26,224.51478555947253,225.19605872417517,222.98629900991563,223.9994659423828,3278700
2019-03-27,224.14797126383405,224.84670343629247,221.9381981161527,223.6937713623047,3166200
2019-03-28,224.40124475566964,224.71566619721744,223.23957001291473,224.5409698486328,2434400
2019-03-29,225.85109559718506,226.5149096862271,224.96895107113122,226.3314971923828,4255900
2019-04-01,228.16568350280588,229.41467956968853,227.59793378611715,229.17886352539062,6051700
2019-04-02,228.8382350300138,228.8993814136527,228.03466919411056,228.56747436523438,2320000
2019-04-03,229.34487949297335,229.4671722963676,228.15702934248037,228.8383026123047,3265500
2019-04-04,229.0304739949487,230.5327724199951,228.93438297771527,230.3930206298828,4397000
2019-04-05,231.0742806785363,231.31883963345751,230.24451280205696,230.72491455078125,3112700
2019-04-08,229.56318921933814,230.06104983612914,229.1614195932063,229.90383911132812,3231700
2019-04-09,228.9431333426314,228.96061897630224,227.9212366602026,228.4103546142578,4161200
2019-04-10,228.7508942026081,228.89938875979416,227.9648139681845,228.48887634277344,3602600
2019-04-11,228.76845473974214,229.05667447993739,227.5980368361102,228.3142547607422,2731700
2019-04-12,230.47168112033376,230.9258812105311,229.78166482133503,230.64637756347656,3395200
2019-04-15,230.60257144800104,230.75106601374472,229.8426929557697,230.41915893554688,2190300
2019-04-16,231.70306012158812,231.73800471723072,230.52392657662898,231.04798889160156,2536000
2019-04-17,231.54584942357133,231.62445477257972,230.51521041890578,231.04798889160156,2873600
2019-04-18,231.5794850338021,232.4097222642113,231.03761315194836,232.08636474609375,3469200
2019-04-22,231.2473232251596,231.98143849415226,231.1074879352294,231.6580810546875,1604200
2019-04-23,231.99018234918006,233.22242914467893,231.6493288353392,232.89035034179688,3399200
2019-04-24,232.80294972302136,233.08262029755969,232.2348872047025,232.40093994140625,1899800
2019-04-25,230.77530797686498,231.81531094000903,229.83145341301656,231.18606567382812,2333800
2019-04-26,231.09002337335278,231.89404296875,230.6005865129025,231.89404296875,1883100
2019-04-29,231.87660601346596,232.39223372571487,231.6668397093829,231.98147583007812,1522500
2019-04-30,232.4795015564107,232.52318839813339,230.81025347161366,232.2872314453125,2259200
2019-05-01,232.8815753325723,233.17871528233232,230.84528253800912,230.85400390625,2902500
2019-05-02,230.51323673900853,231.11626483363025,228.6954044137884,229.74415588378906,3660200
2019-05-03,231.00275317882273,231.81552127275702,230.37350734170937,231.57081604003906,2161600
2019-05-06,227.53303677419493,231.33472709689713,227.29705305038726,230.9589080810547,3282600
2019-05-07,228.957554554435,229.4032511595566,225.313169346271,226.8076171875,6758100
2019-05-08,226.7115812687241,228.19728163302383,226.18720545214575,226.93006896972656,4115200
2019-05-09,225.25203916480498,226.43187791402391,223.18078032572586,225.8638153076172,7175400
2019-05-10,225.11223452142187,227.69914808316403,222.89240536497323,227.1573028564453,5456100
2019-05-13,222.56900174383563,223.4691698113494,220.75118286257077,221.520263671875,6326000
2019-05-14,222.33295815997812,224.80625252445944,222.1931362423881,223.5652313232422,4308800
2019-05-15,222.13203799527068,225.15591315113298,221.75624561189568,224.53541564941406,4151400
2019-05-16,225.47921051841377,227.29701567424073,225.34812328832896,226.4929962158203,3889400
2019-05-17,224.60418173983396,227.2588754898708,224.47276787530419,225.5504150390625,3652900
2019-05-20,224.47266392330732,225.52402782727913,223.84186429703055,224.87570190429688,2613300
2019-05-21,226.21618843207483,226.8119488658645,225.7605849049329,226.71556091308594,2376700
2019-05-22,225.9620881584643,226.7943933936748,225.57658984880882,225.69049072265625,2942600
2019-05-23,223.69294379560077,223.7192265586381,221.90563569717088,223.20230102539062,4616900
2019-05-24,224.4726623685716,224.8844434420908,223.4300816731447,224.39381408691406,2258900
2019-05-28,224.3938309256667,225.34880694713004,222.06334131369482,222.0720977783203,4580100
2019-05-29,220.85428413904893,221.02950701477562,218.5763466486567,220.14462280273438,5192100
2019-05-30,220.58265282826312,221.0820386158865,219.75033426979323,220.67025756835938,3454700
2019-05-31,218.49747988277272,219.09325365224038,217.472412109375,217.472412109375,4891100
2019-06-03,217.5775287754204,218.69021459007394,216.4385602017996,217.71771240234375,5479600
2019-06-04,219.67149086678353,222.27359116250162,219.47874170646014,222.2297821044922,3796100
2019-06-05,223.60531895536698,224.11347463990336,222.5977774194756,224.05213928222656,2792400
2019-06-06,224.39384449045286,226.34761908055918,223.87693230468625,225.795654296875,2796200
2019-06-07,226.44405237749206,228.7745562407629,226.39148683253384,228.0123291015625,3124900
2019-06-10,229.4403500635741,229.9835450157388,228.61678780148625,228.66058349609375,3495900
2019-06-11,230.1236845655669,230.30766387987478,225.1210033268548,228.56417846679688,2792100
2019-06-12,228.49421502101762,228.89725322828147,227.78455334547056,228.18759155273438,1725500
2019-06-13,228.96716298538487,229.44027933286796,228.11731822105878,229.159912109375,1882700
2019-06-14,228.87965454056263,229.6594212412414,228.16999304798904,229.11622619628906,2260900
2019-06-17,229.2300650851098,229.70315479395597,228.6430477595917,229.2650909423828,1319500
2019-06-18,230.62307459774678,232.8747021783996,230.36899011080362,232.46292114257812,6147700
2019-06-19,232.52436709202618,233.2340286368247,231.84975815385982,232.66455078125,3920800
2019-06-20,234.84607746147375,235.24034571905224,232.96240778734773,234.8723602294922,3471800
2019-06-21,234.73801467047957,236.2046182109476,234.39549807300176,234.57115173339844,4446800
2019-06-24,234.77315069524147,235.28253028780316,234.5711784438711,234.63265991210938,1654200
2019-06-25,234.8257860943448,234.83455001460683,232.8410127643027,232.95518493652344,7240300
2019-06-26,233.71041630141676,234.03535134746357,232.91123796604313,232.92002868652344,2141400
2019-06-27,233.12212309161052,233.526094384436,232.28780833372178,232.858642578125,1991500
2019-06-28,233.55240951660204,233.83344464087114,232.78836704829536,233.47337341308594,2176200
2019-07-01,235.7567068807926,236.02016052563803,233.6050705109571,234.45693969726562,3970200
2019-07-02,234.34275440492516,235.12437817586644,233.728020334356,235.06289672851562,2775300
2019-07-03,235.66009873971973,236.76665769415268,235.6074080086498,236.7315216064453,1262900
2019-07-05,235.98494776090266,236.6611898979104,234.76424386845298,236.47674560546875,2157000
2019-07-08,235.27362128046914,235.7390738184322,234.8959955385506,235.4141387939453,1423400
2019-07-09,234.23743556280627,235.46693083355925,234.21109019275394,235.23858642578125,1407000
2019-07-10,236.09917981597744,237.01253038807405,235.510791117371,235.9674530029297,1978600
2019-07-11,236.8192836334684,237.92584228515625,236.4416578971217,237.92584228515625,2238500
2019-07-12,238.5757719277378,240.0950927734375,238.52308119791994,240.0950927734375,2411200
2019-07-15,240.23547689718316,240.27940368652344,239.7173337499496,240.27940368652344,2624500
2019-07-16,240.29705626939887,240.62199135850346,239.6647407334994,240.12142944335938,1780400
2019-07-17,240.05112915102035,240.1477466748572,239.032397195802,239.12022399902344,1550800
2019-07-18,238.57566087180084,239.53291108587192,237.77648277360154,239.11135864257812,2119000
2019-07-19,240.10728551401414,240.24791823241011,238.50761851807704,238.5867462158203,2364300
2019-07-22,238.86796477244616,239.2107620240552,238.01539742953588,238.7624969482422,1623500
2019-07-23,239.76442140379677,240.48512692251208,239.0261200378122,240.25662231445312,1722900
2019-07-24,239.28984350127013,239.81720940250085,238.92067932352543,239.6062469482422,2355400
2019-07-25,239.4919858062427,239.57985776250712,237.76925556722026,238.53395080566406,2348600
2019-07-26,238.76252906113936,239.11409746341963,238.28789696543865,238.9470977783203,1731300
2019-07-29,238.94710351837202,239.66783619527752,238.797699684715,239.18443298339844,1346000
2019-07-30,238.2703256967828,239.20199402440758,237.85722545167,238.99105834960938,1670600
2019-07-31,239.33379941765529,239.6677987436851,234.76335714651836,236.0114288330078,5058800
2019-08-01,236.27510790707217,238.81521390277277,233.26914101597325,233.5855712890625,7225300
2019-08-02,233.1021940197975,233.50652317246312,230.65875736316528,232.75062561035156,5691500
2019-08-05,229.3931012361341,229.53373397161735,224.24255806094916,225.97406005859375,6608200
2019-08-06,227.24842253518133,228.83929126232402,225.93002125923263,228.7777862548828,4991000
2019-08-07,226.00035321980303,229.12935679941447,223.56570175125177,228.73382568359375,5089500
2019-08-08,229.80626290606548,232.1530303955078,229.0327960657555,232.1530303955078,3637100
2019-08-09,231.54643309189902,232.42536731201008,229.62156500402023,231.31790161132812,3773000
2019-08-12,229.7709473164722,230.43014784296514,227.25718202751796,227.9954833984375,3072700
2019-08-13,227.7055823090608,232.59245630421273,227.31884895782252,231.30921936035156,4326300
2019-08-14,227.80224721766444,228.28567730754094,224.18104121124566,224.19862365722656,6148000
2019-08-15,225.21814056281644,225.84220329515622,223.18780425826355,225.3236083984375,4034800
2019-08-16,226.8253107193953,228.46442541418227,226.36704277952575,228.13836669921875,2743200
2019-08-19,230.92302355305915,231.10807873602994,229.8478962387701,230.30613708496094,1971800
2019-08-20,230.0154004540661,230.50007789060638,228.65826598063742,228.85214233398438,1975200
2019-08-21,230.73796936487713,231.4694228563428,230.43834721073276,230.9142303466797,2156300
2019-08-22,231.51349944235113,232.49170227688336,229.96251558975973,231.38131713867188,2329200
2019-08-23,230.24451011803458,231.93652439322028,224.75431845943723,225.85589599609375,6293900
2019-08-26,228.24405334203988,228.6141906671525,226.64016975597082,228.33218383789062,3145200
2019-08-27,229.5746870308186,229.61873881960202,226.69297929472515,227.1864776611328,3077200
2019-08-28,226.49912512583396,229.5306307546347,225.8998808929341,229.46896362304688,2741700
2019-08-29,231.7162011714374,232.86181701596104,230.88782286158676,232.56219482421875,3740600
2019-08-30,233.76948967484321,233.884056630658,231.91888372096378,232.76487731933594,2442400
2019-09-03,230.94950160991908,231.064068565516,229.15174168485137,230.37669372558594,3082900
2019-09-04,232.28019498632,232.6062805427806,231.56638361810744,232.58863830566406,1963100
2019-09-05,235.05615326266042,236.80101350841443,235.0297168011688,235.89332580566406,3614800
2019-09-06,236.23709984119975,237.0037843554871,235.65547061464957,236.45741271972656,2470100
2019-09-09,236.92432770794696,237.40900498203462,236.20169546098575,236.8802490234375,2243400
2019-09-10,236.59834195999696,237.42672027485926,235.77875786982656,237.40028381347656,2654300
2019-09-11,237.69108850076077,239.47120634610502,237.25046287525097,239.42715454101562,1899800
2019-09-12,240.2467254727885,240.96935799437802,239.22447073597647,239.98236083984375,3272200
2019-09-13,240.5992364871016,240.8283704465401,240.10573787727802,240.2291259765625,2182700
2019-09-16,239.3478494369192,239.88539980070257,238.6428322873004,238.9689178466797,4077500
2019-09-17,238.45773113643642,239.33016111659543,238.26385481932897,239.3125457763672,1756200
2019-09-18,239.03053566886987,239.81486204340385,237.47955204708452,239.67385864257812,3052600
2019-09-19,240.11458856225823,240.75791181561752,238.93371482237478,239.1892852783203,2965600
2019-09-20,239.73434588901816,240.06118377034545,237.70260796407644,237.8439483642578,4076900
2019-09-23,236.96051146573208,238.47988655978423,236.80151367817118,237.94102478027344,1898300
2019-09-24,238.87736981842392,239.04518281764757,235.7502790397983,236.713134765625,3733300
2019-09-25,237.09297557641966,238.6211926474179,236.227303107618,238.1353302001953,3391800
2019-09-26,238.5152724768024,238.5152724768024,236.65137487391243,237.51707458496094,2401100
2019-09-27,238.13533866421463,238.47986079128572,235.85628974835268,236.73080444335938,3171000
2019-09-30,237.1901636695058,238.35617425913085,237.1901636695058,237.78199768066406,2128800
2019-10-01,238.29437441263775,238.76255250790746,234.48710819538996,234.53126525878906,3558400
2019-10-02,233.2592779412867,233.2592779412867,229.29301311618255,230.30886840820312,6690100
2019-10-03,229.94661633253912,231.4659911721455,227.35838726721724,231.44833374023438,5610300
2019-10-04,232.21680071658812,234.84037104824378,232.07546041748648,234.6725311279297,2937500
2019-10-07,234.0189490649414,235.41464126801154,233.37408874798777,233.85992431640625,2104200
2019-10-08,232.0048798625949,233.39172977158262,230.86534186079064,231.06849670410156,3505200
2019-10-09,232.71153994928866,233.41821467414863,231.86352488787415,232.70269775390625,2020800
2019-10-10,232.5260753084856,234.99946415184397,232.4200498226989,234.09844970703125,2100800
2019-10-11,236.53645932628564,238.6300377524003,236.4039611873954,236.8809814453125,4177000
2019-10-14,236.38634282172652,237.3845405628559,236.24500246424728,236.61599731445312,1194600
2019-10-15,237.72901608287043,239.5575714239798,237.49933465125827,238.70071411132812,3168900
2019-10-16,238.32090275352863,239.00107796771943,237.97638056901914,238.57705688476562,2415000
2019-10-17,239.09823733793726,239.52223142055257,238.25019525687725,238.84205627441406,1883400
2019-10-18,238.31437608978263,243.07873218876838,236.5553786234557,236.5730743408203,2232400
2019-10-21,236.94426028338106,237.21827409700347,236.3608682035216,237.07684326171875,1379600
2019-10-22,237.31553934520107,238.11106425659736,236.67911402104883,236.73214721679688,2534300
2019-10-23,236.99726614909048,237.686724532126,236.32547650273827,237.10333251953125,1693400
2019-10-24,237.79285630483886,237.8812539629091,236.0603755024089,236.87359619140625,1843700
2019-10-25,236.64377831518095,238.76518732835825,236.56422851189447,238.30555725097656,1825200
2019-10-28,239.34851392375066,240.05564107593105,238.8270029283626,239.37503051757812,1809600
2019-10-29,239.07447601035994,240.07331256904766,238.93304519915762,239.42803955078125,2884600
2019-10-30,239.42804386949425,240.41803259059853,238.5529693705127,240.19705200195312,2144700
2019-10-31,240.04690761877993,240.12645742923402,237.83710074444977,239.08343505859375,3021000
2019-11-01,240.3031892372923,241.6114044189453,240.15293749879697,241.6114044189453,2989400
2019-11-04,242.8400805584226,243.12291530669955,242.15944285040894,242.6809539794922,1543200
2019-11-05,243.1494465391293,243.5295538045368,242.57490217422156,242.91079711914062,1706300
2019-11-06,243.09635001035255,243.26429743906334,242.18591093768666,242.90188598632812,1605900
2019-11-07,244.45757269845296,245.77460842037635,244.45757269845296,244.89068603515625,3023800
2019-11-08,244.98798180081042,245.0586837370624,244.00681372477314,244.90843200683594,1512000
2019-11-11,243.77694576882595,245.20889562049746,243.42338223356376,244.9879150390625,1729000
2019-11-12,245.22667094331277,245.72166550286212,244.52839142459374,245.10293579101562,1694000
2019-11-13,244.263067181595,246.08394482767216,244.11281550773867,245.77456665039062,2595600
2019-11-14,245.62444429167442,246.0133724378466,244.92613780534072,245.93382263183594,1582600
2019-11-15,246.9557659575698,247.91218454809456,246.62811354187266,247.9033203125,2363300
2019-11-18,247.74394002698185,248.27525369009146,247.61108458609442,248.195556640625,1790500
2019-11-19,248.69122141554797,248.7000856428684,246.95553544099488,247.36288452148438,1928300
2019-11-20,246.75202887629092,246.98225570499045,245.05174469650098,246.3623809814453,2463600
2019-11-21,246.47754050458622,246.5572645694941,245.44145196206463,245.93736267089844,1382100
2019-11-22,246.5218485112315,247.09745629222064,245.9993720930962,246.9468994140625,1419300
2019-11-25,247.67301940370717,248.6737049321552,247.63761651826192,248.6648406982422,1811100
2019-11-26,248.90400453952157,249.35562112529445,248.496628056131,249.16079711914062,1300300
2019-11-27,249.38208238426083,249.64776611328125,248.8507689764141,249.64776611328125,1786300
2019-11-29,249.1075311971164,249.3466492267062,248.70018195886968,248.797607421875,811900
2019-12-02,249.24044605354118,249.2758489348179,246.3623809814453,246.3623809814453,2544300
2019-12-03,243.90933428845491,244.09532100340513,242.30647580782457,243.98019409179688,3834300
2019-12-04,245.29966599745725,245.97269899984937,244.95428526462032,245.34393310546875,1928500
2019-12-05,246.06123315989228,246.06123315989228,244.54693592995096,245.6184539794922,1453000
2019-12-06,247.46936095688898,248.78883461953322,247.41622960303107,248.57630920410156,2686400
2019-12-09,248.34606988013667,248.59402522104472,247.69076512740222,247.743896484375,1206100
2019-12-10,247.68186812315736,248.08038027283305,246.74317824069192,247.47817993164062,1406900
2019-12-11,247.18592831154993,247.867798572019,246.76085053710906,247.70840454101562,1921700
2019-12-12,247.53111833785488,250.56860227584792,247.28316322302692,249.68304443359375,3768600
2019-12-13,249.66551134519477,251.15324319831996,248.84194839347566,249.8249053955078,3065500
2019-12-16,250.55105766719103,251.59601020177553,250.55105766719103,250.675048828125,2117200
2019-12-17,250.78115770732754,251.4984574839193,250.53320256264251,250.9671173095703,1697900
2019-12-18,251.31257383616256,251.41883649813147,250.74580360553898,250.79893493652344,1592600
2019-12-19,251.18861422327925,251.97677410690335,251.11778144811194,251.90591430664062,1815100
2019-12-20,252.94175759155988,253.20822562431482,252.5509197384306,252.67526245117188,3637000
2019-12-23,253.45691986744768,253.74117048696286,253.28814775633748,253.44802856445312,2564700
2019-12-24,253.7144605614522,253.7144605614522,253.03937228497335,253.1637420654297,611600
2019-12-26,253.35911333234858,254.13189734175867,253.33246654263166,254.0963592529297,931600
2019-12-27,254.78049630176983,254.79827891288576,253.95441811404567,254.33636474609375,1930200
2019-12-30,254.34511891875513,254.40730380885546,252.37317479044265,252.73736572265625,2552900
2019-12-31,252.1867089366245,253.43027150480347,251.87581151767202,253.24374389648438,1341300
2020-01-02,254.43401583395547,256.3793136663249,254.1764120143712,256.37042236328125,3865500
2020-01-03,253.45703740542336,255.0292536295877,253.31491202975667,254.32754516601562,3296700
2020-01-06,252.5242820400092,254.95811385236732,252.40880351910744,254.91371154785156,1645100
2020-01-07,254.30955865124844,254.74482573637758,253.6700085273491,253.8121337890625,1413000
2020-01-08,253.43916832364715,256.41485435673127,253.2259668018685,255.2867431640625,3136700
2020-01-09,256.66337326553054,257.4539125267488,256.2014595731409,257.2052001953125,1783100
2020-01-10,257.56061917216454,257.63169536133495,255.67750677350324,256.0328063964844,2989600
2020-01-13,256.521424910061,256.77900160788937,255.94405950414156,256.7257080078125,1463300
2020-01-14,256.592392488159,258.0313734483299,256.45915853029527,256.9032897949219,2198500
2020-01-15,256.71683561576015,258.69764427317205,256.66354201738494,257.9071044921875,2195100
2020-01-16,259.04403043129685,260.2342990810191,258.9019051601567,260.1987609863281,2522000
2020-01-17,260.84579709503845,260.9257751795689,260.19707692482194,260.6236267089844,2147400
2020-01-21,259.8860123895655,260.63250157317157,258.935116703622,259.3439025878906,4476900
2020-01-22,259.9392725707826,260.445827405714,259.1216738659599,259.3260803222656,2077000
2020-01-23,258.3840853095769,259.37050852460874,257.3621072491996,259.0861511230469,1872600
2020-01-24,259.9749230195825,260.1793024306472,256.2424494490945,257.5399169921875,3612500
2020-01-27,253.140830972414,254.74044619407113,252.26101819214577,253.5940399169922,4129100
2020-01-28,254.35830880341845,256.1090116777865,253.94062759622216,255.3092041015625,2999200
2020-01-29,256.8199457187867,257.07767083481724,255.23809442522534,255.3092041015625,2126300
2020-01-30,253.86971489374957,256.62460648610295,253.1409893859081,256.42022705078125,3433200
2020-01-31,255.01603986251155,255.25600122853942,250.26158833482393,250.9814453125,4885700
2020-02-03,252.11004212038392,254.393959950348,251.94119047565314,252.36776733398438,3157400
2020-02-04,255.65599730950487,256.8290639026667,255.42495846206543,255.97593688964844,3004100
2020-02-05,258.39303740294406,260.4192301050712,257.67320756932037,260.2592468261719,3305900
2020-02-06,261.29018110710155,261.39684569120215,259.89497146330416,261.0413513183594,2857200
2020-02-07,260.17035214931377,260.214775367192,258.3041159516009,258.7751159667969,3839300
2020-02-10,257.8953897192701,260.34813228939913,257.8598348645123,260.3392639160156,2877700
2020-02-11,261.58321292735536,261.64542709558316,259.7436370638445,260.3301696777344,1994500
2020-02-12,261.8322437063837,262.9342001258242,261.74337012923985,262.8009033203125,2804400
2020-02-13,261.6188501865057,262.9074215493599,261.20116897169464,262.0009765625,2638000
2020-02-14,262.1342625908407,262.27645481989896,260.739026768577,261.75213623046875,1861700
2020-02-18,260.51698394898875,261.16573122638073,259.28173073033673,260.3392639160156,2397800
2020-02-19,261.0680174542626,261.9122759310379,260.73034118396606,261.3612976074219,1474400
2020-02-20,260.881219484111,261.5299664453248,257.86860468153094,260.18804931640625,3493900
2020-02-21,259.1401506521642,259.36293277177407,257.31334814939646,258.195556640625,3271800
2020-02-24,249.80998407319035,251.99325928359963,248.59806264028285,249.1238250732422,6595200
2020-02-25,250.2288608013627,250.72789056357828,240.4977532430768,241.22848510742188,9903700
2020-02-26,242.37802490605608,245.33657796613144,239.56205566521018,240.37298583984375,7477600
2020-02-27,236.02423712887523,238.58179828741237,229.3675345913444,229.46554565429688,11188900
2020-02-28,223.24560948941402,227.34479415436334,220.10883204326552,226.84576416015625,17541400
2020-03-02,228.76171785711023,238.1542251268823,226.4002314473508,237.9581756591797,8544500
2020-03-03,238.64425016931636,241.51368561325316,229.18046791738323,231.0696563720703,11482600
2020-03-04,236.55013049411562,241.5938951366572,234.33120148028615,241.3978729248047,5408100
2020-03-05,235.4985609334349,237.51252040528647,231.30135256399612,232.99449157714844,5872900
2020-03-06,226.05258698628185,231.78255087024058,224.94758264351265,230.66864013671875,7372400
2020-03-09,215.2075147682092,220.17110662529342,211.34892705391076,212.7301788330078,10406900
2020-03-10,220.36713239864798,223.26329965061973,211.27762558889088,223.200927734375,9407100
2020-03-11,217.02549182019982,218.24634746543984,208.16768338436123,210.16380310058594,7687200
2020-03-12,196.49376145659102,204.0683509004959,188.76768185551245,189.01719665527344,17322600
2020-03-13,201.08311779205795,207.16952638883362,190.06877023669577,206.83981323242188,13676000
2020-03-16,184.01798421824236,194.54220670906457,179.57124934129317,180.44456481933594,12407000
2020-03-17,184.47246177779536,191.12028478104904,177.64642943420625,190.22915649414062,16128100
2020-03-18,177.3969748283489,183.07345959192253,169.02035792900637,177.68212890625,13369800
2020-03-19,176.77310147524875,182.66345958084256,171.38178659711565,179.3930206298828,13532100
2020-03-20,181.70087434462266,183.48847708303072,170.71606151796888,171.52047729492188,12206000
2020-03-23,169.93840939578587,170.89476949148622,162.7611875740913,166.3632049560547,15712300
2020-03-24,175.4263693278714,185.20455686013324,175.37274343678504,184.69508361816406,14123600
2020-03-25,188.20774977175586,196.78823422761423,183.51529285988266,189.5395050048828,17556100
2020-03-26,191.65784677723457,201.88293799552042,191.2824517883808,201.16790771484375,16071900
2020-03-27,194.50013204899668,199.55010473343202,191.7829816702343,193.3739471435547,10545600
2020-03-30,194.27660504306598,199.96118050856717,192.25661949387955,199.4070281982422,7691800
2020-03-31,198.3791997575067,200.88184617500508,195.2419620418345,195.94805908203125,8426600
2020-04-01,188.27925243758358,191.9706564462712,185.705113775583,187.14413452148438,8570300
2020-04-02,186.18776126713558,191.97959032801268,185.17776135442082,191.2377471923828,8231900
2020-04-03,190.13831476274993,191.76503940164866,186.527364118714,188.23452758789062,6664500
2020-04-06,195.69782279552712,203.70628970841597,194.95596596283622,202.47283935546875,10322500
2020-04-07,210.45449710544838,211.08015539779984,202.40133724784224,202.53541564941406,10857700
2020-04-08,204.80571665368683,210.26684547052687,202.7499700595712,209.44454956054688,7010200
2020-04-09,212.58175882545905,214.68219793758465,210.1416843960861,211.9561004638672,9393200
2020-04-13,211.30358010777968,211.55384339433587,206.43236548529703,209.11376953125,6761900
2020-04-14,213.3503663914174,214.93239850231765,211.72365512642693,214.22628784179688,5391900
2020-04-15,209.57847524454058,211.45546298421303,207.71043424427225,210.11476135253906,6828000
2020-04-16,210.6690591984838,210.99082835790514,207.52287337728998,210.3472900390625,6126400
2020-04-17,216.06177818439429,217.00972914298305,213.0658830793915,216.8040313720703,5924500
2020-04-20,213.0569308868145,215.62355419620516,211.28621625391315,211.6260528564453,7357400
2020-04-21,206.87732711220485,208.67485569817754,205.160281825784,205.88465881347656,6571400
2020-04-22,209.62285200836973,211.29519381086382,208.7196184992032,209.95375061035156,4318000
2020-04-23,210.61546329933122,213.6650132882882,210.00734909700313,210.22198486328125,6364800
2020-04-24,211.59925079799314,213.13744009148698,209.44399544949857,212.69029235839844,3568500
2020-04-27,213.84391006776298,216.58940347506197,213.24473379178784,215.81137084960938,3632500
2020-04-28,219.11130332123506,219.2454558140272,214.9528353161021,215.6056671142578,4709900
2020-04-29,219.5316868127616,221.49019642028006,218.38698950125763,220.39915466308594,5015300
2020-04-30,218.38694955702906,219.25441724868858,216.33901894886196,217.5105438232422,4928900
2020-05-01,214.2553692033944,214.92609099016465,211.50093676155353,212.198486328125,4723500
2020-05-04,210.34719300828257,212.6186969526189,208.9431429074142,212.32357788085938,3845500
2020-05-05,214.64875003849258,216.18693896240205,213.4682737567591,213.55770874023438,3143500
2020-05-06,214.9349746829801,215.1138310517165,211.59031828542464,211.8228302001953,3082300
2020-05-07,213.95124706388904,215.68616876376657,213.33418102381904,213.6561279296875,3411500
2020-05-08,216.6609345831926,218.02920535376973,215.82923282597804,217.86822509765625,3894800
2020-05-11,216.1332885709221,218.15440474789176,215.5251742971936,216.92027282714844,2743000
2020-05-12,218.0381576597822,218.33327677707857,212.78864806772418,212.91384887695312,6433900
2020-05-13,211.91225193375047,212.3951654636766,206.60013487523625,208.20986938476562,7531300
2020-05-14,205.75946303286392,211.733349051178,204.1676185000383,211.7244110107422,6964500
2020-05-15,209.81766309550258,212.58643573152207,209.14563010583498,212.2817840576172,4811100
2020-05-18,218.195650061098,221.50205431386914,218.0612489421013,220.36407470703125,5207700
2020-05-19,219.93396704210247,220.44471861520157,216.9053480328736,217.0397491455078,4404700
2020-05-20,219.8891945830673,220.9465336245823,219.2888467370781,220.1848907470703,3280600
2020-05-21,220.0236082837961,221.66337045455748,218.52721643532513,219.5487060546875,3378200
2020-05-22,219.450159037205,219.62040960010805,217.89103741501404,219.42327880859375,2521100
2020-05-26,224.7636479696819,225.82098687846553,223.90345348469862,224.2349853515625,4872300
2020-05-27,227.35319999234474,229.1990481175527,224.3066564013764,229.18113708496094,5326100
2020-05-28,231.06281686233226,231.12554649292625,227.49656626583575,227.90875244140625,4957600
2020-05-29,226.94105599772334,228.77794883744545,224.62029176634394,227.85501098632812,5082300
2020-06-01,227.398028653273,228.9840302459971,226.43029956309618,228.73313903808594,2060800
2020-06-02,229.88007877784105,231.10768203581404,229.12741876683535,231.04495239257812,3045800
2020-06-03,233.28505433517626,236.55560937455607,232.6667818048854,235.81190490722656,5184500
2020-06-04,235.0949449972201,236.94079254741612,234.21683980727173,235.95513916015625,3937100
2020-06-05,242.2902796040833,245.47125204667626,241.7437059179868,243.31178283691406,7866800
2020-06-08,244.5304332913096,247.6486766528984,244.5304332913096,247.55906677246094,4667600
2020-06-09,244.8349594638723,246.42991607546156,243.84036413277826,244.96041870117188,4632600
2020-06-10,244.7992189433326,245.67732451657804,241.94083654512173,242.3440399169922,6531200
2020-06-11,234.888990496769,236.1165664183361,225.2475481745329,225.82997131347656,14257800
2020-06-12,232.0754224249173,233.25820720241555,225.2923620097521,230.05035400390625,9817200
2020-06-15,224.27088414525178,232.61306666139856,223.20460309236935,231.49301147460938,7421300
2020-06-16,239.3243714518119,239.3691900556415,231.79760786261346,236.39431762695312,9238000
2020-06-17,237.10216140093362,237.18282941498234,234.10043623545718,234.6022186279297,3669300
2020-06-18,233.007220195525,234.9964383783776,232.17387874082112,234.27064514160156,3268700
2020-06-19,237.42762874120564,237.6522868128342,231.49665016539493,232.56602478027344,5852600
2020-06-22,231.7392054139508,234.16549515917714,230.66083613335908,233.93186950683594,2823500
2020-06-23,236.1874782751469,236.4750471477954,234.56095626133975,234.9923095703125,2948000
2020-06-24,232.9433664979424,233.2129451032713,227.29995915914347,228.8186492919922,5903500
2020-06-25,227.65938452963007,231.58640123902282,226.50913688415073,231.34378051757812,4312300
2020-06-26,229.73526189806506,230.09470920790415,224.38840432000234,224.99948120117188,5331400
2020-06-29,226.61708580416177,230.15769924402613,225.51177191954747,229.968994140625,3759000
2020-06-30,229.21409621780148,232.79063442266164,228.8995694981387,231.73025512695312,3667900
2020-07-01,232.62896088287903,233.8780730603317,231.07434440980802,231.2270965576172,3575300
2020-07-02,234.6777658877331,235.59438817511668,231.73924881271404,232.22451782226562,3830000
2020-07-06,235.5853928112223,236.38516111353928,234.42614973241555,236.34024047851562,2989100
2020-07-07,234.63284188060712,235.30681594149124,232.5480088704943,232.7816619873047,2828700
2020-07-08,233.3208407620649,234.71370948268984,232.07172903757143,234.29135131835938,2837800
2020-07-09,234.4260542811401,234.71362301561246,229.46561701977916,231.1640167236328,3995600
2020-07-10,231.12816679858938,234.68674192343636,230.46316045459992,234.38121032714844,3110100
2020-07-13,236.39416070568336,239.50342012810788,234.16554319981066,234.5789337158203,4876000
2020-07-14,234.1296465069376,239.9797236164957,233.7342461358239,239.5663604736328,7614300
2020-07-15,243.05314018010614,243.11605103864935,239.9798048774207,241.65127563476562,5220600
2020-07-16,240.0785886795793,241.66915784620554,239.05413477884844,240.35716247558594,2478100
2020-07-17,240.97861933537698,241.08653594798935,239.37779220825522,239.89039611816406,3415100
2020-07-20,239.5754786510607,240.69965497842435,238.3523605351193,239.96218872070312,4017400
2020-07-21,241.7609784502757,243.0650071030031,240.7087368634065,241.32928466796875,3173200
2020-07-22,240.86164878935324,243.13698170232263,240.81666524660622,242.80422973632812,2039300
2020-07-23,242.49852818579876,242.62442176189512,238.88315670290768,239.845458984375,2838000
2020-07-24,238.46041184959827,239.5306305137954,237.47113063323206,238.04672241210938,2637700
2020-07-27,238.11870278671194,239.50369675209035,237.74099462525623,239.17994689941406,2637900
2020-07-28,238.2536942677948,238.87421499654656,237.09353540517077,237.3633270263672,1989300
2020-07-29,237.59711770693335,239.28788472045906,237.24636122305472,238.77525329589844,1917900
2020-07-30,236.0592089145826,237.264323446094,233.7748734122431,236.77867126464844,3055600
2020-07-31,237.21029762656596,237.86679928656983,233.9906400289467,237.74090576171875,3306800
2020-08-03,238.9280170592504,240.25902462808557,238.64022125409522,239.872314453125,2569300
2020-08-04,239.48567322120206,241.40127514750847,239.25183563148158,241.39227294921875,1909800
2020-08-05,242.81319498750108,244.86369244367748,242.73225754859297,244.62088012695312,2122900
2020-08-06,244.2882764512439,246.44669180273868,244.23431812588703,246.32977294921875,1948100
2020-08-07,245.72708718332558,247.15703687051996,245.0525810603627,246.97715759277344,2311300
2020-08-10,247.77751983803688,250.2686852529345,247.75054069800976,250.14279174804688,2313900
2020-08-11,252.62507847024952,253.41650355891161,248.64100131945298,249.2885284423828,4546400
2020-08-12,251.6717442410175,252.48114617318808,250.6644860635851,251.85162353515625,2641600
2020-08-13,251.03326585056232,252.0135450598172,250.22386376863673,251.29408264160156,1668300
2020-08-14,250.22376653668405,251.95948884431795,249.9269685063442,251.63571166992188,2247000
2020-08-17,251.94146459405314,252.04037895511405,250.4665318073123,250.87124633789062,2436900
2020-08-18,251.00624031125818,251.2490526572457,249.21653190507539,250.19683837890625,1678300
2020-08-19,250.62852582361123,251.58182578223457,249.09065927839495,249.5043487548828,3374300
2020-08-20,248.25427182094356,250.3227465965759,248.10137166735907,249.90005493164062,2063700
2020-08-21,249.69639256677632,252.01271482278867,249.53413751128352,251.7243194580078,2601200
2020-08-24,253.91451597115542,255.29350538546143,252.78788973379682,255.23040771484375,2622800
2020-08-25,256.17667894477177,256.17667894477177,253.2834842203963,254.72557067871094,3346000
2020-08-26,254.71656954830488,255.61787021972825,253.77923665399445,255.4556427001953,2647500
2020-08-27,256.36595240424305,258.1775754652871,255.68095512633337,256.90673828125,3432800
2020-08-28,257.97928068411335,259.0788685165219,256.8706710439396,258.40289306640625,2715500
2020-08-31,258.00635659330374,258.07844854950656,255.8702782572829,256.2217712402344,4070100
2020-09-01,255.72600094005847,258.6101460387054,255.22127486015754,258.4839782714844,3023600
2020-09-02,259.6466977994856,263.23388454613087,259.21409105994064,262.4677734375,3464300
2020-09-03,262.2514084394535,263.50420183566985,253.35557687635838,255.37448120117188,6118500
2020-09-04,256.7896624551405,257.58281170898096,249.66939029901863,253.95956420898438,7145800
2020-09-08,251.30060693286896,251.30960123394146,247.86665429770528,248.23619079589844,4780100
2020-09-09,250.64279686509275,254.60851584429759,250.01190265563073,252.22909545898438,3488900
2020-09-10,253.38273741540465,254.3200980936345,247.72256861795827,248.56979370117188,3455800
2020-09-11,249.61530251011882,251.30073084120792,247.8216949632491,249.74147033691406,2787500
2020-09-14,251.39088333561213,253.65313010867865,251.1655580889167,252.8419647216797,2371700
2020-09-15,254.54533446815233,254.97794116437507,252.25602318042894,252.8869171142578,2331800
2020-09-16,253.7521983886818,256.1766993919516,253.06720107756806,253.2925262451172,2651800
2020-09-17,250.28217395118736,253.40066642702723,249.74138807250395,251.97662353515625,3305300
2020-09-18,252.08230967082125,252.42562739828654,248.2426212675345,249.82366943359375,3156700
2020-09-21,245.3605851121563,245.89364845131058,241.2679302553895,245.23411560058594,5936900
2020-09-22,245.44192195444646,246.86032702603998,243.74342013637965,246.4718475341797,3169800
2020-09-23,247.70964330434765,248.08006369827729,241.29509801898007,241.746826171875,3575900
2020-09-24,241.0962485754068,244.72815924536877,239.65975688179807,242.216552734375,4432100
2020-09-25,241.00594947741462,246.0201196253603,240.52711886431584,245.46902465820312,3606800
2020-09-28,248.68551965490136,250.36593601504634,248.19764527850236,249.2637176513672,2790200
2020-09-29,248.9925549418464,249.33587273780583,246.90557315198518,247.92648315429688,1971100
2020-09-30,248.4504507253836,253.12133133039046,248.4504507253836,250.70909118652344,4028500
2020-10-01,252.36247181656177,253.28401501844363,249.8689508246101,251.28738403320312,2968000
2020-10-02,247.70063889883914,251.62163613801198,247.18566216370755,250.0767059326172,4771600
2020-10-05,251.87447751676248,254.40414300258166,251.83833156088338,254.33187866210938,1862500
2020-10-06,255.26242444906913,256.147793539465,250.47409188497653,250.9077606201172,4364400
2020-10-07,253.22065205871954,256.2833811992384,253.1754902862575,255.6057891845703,2422600
2020-10-08,257.0513747139942,257.1959310295173,255.39806182817645,256.8435974121094,2148000
2020-10-09,258.03611322764533,259.1202717011207,256.9519823254652,258.3252258300781,2549100
2020-10-12,259.2467618309981,261.6499310066091,259.00281101681526,260.6109619140625,2534800
2020-10-13,259.8882292382594,260.29476800963124,258.40654774802385,259.0570373535156,2430600
2020-10-14,259.49066748909877,260.1502003813471,257.1055301017563,257.6024475097656,2264000
2020-10-15,254.80173684768909,257.8463796613763,254.46746248364062,257.5211486816406,3128000
2020-10-16,258.71146113220567,260.6366172747836,258.39514371225204,258.4674377441406,2409300
2020-10-19,259.07313816587765,259.4527302847368,254.22860822981718,254.90647888183594,2837600
2020-10-20,255.92769575615836,258.1872636016013,255.10520975050332,255.73789978027344,3339000
2020-10-21,255.36726927025714,257.1116486304195,254.7255322886067,254.85208129882812,2907100
2020-10-22,254.96962349969857,256.8315050685072,253.34271821432864,256.37054443359375,2324200
2020-10-23,257.09362495454997,257.17496608215765,254.4363711222449,256.0903625488281,2161000
2020-10-26,253.19807603667468,253.4240327572403,247.37742870829544,250.36004638671875,5140600
2020-10-27,250.31493481576788,250.42338965820548,248.1909355426484,248.2451629638672,3029800
2020-10-28,243.1294900283921,244.71118745422737,239.53224823875138,239.94802856445312,5815200
2020-10-29,239.6317594601705,243.07533959704836,237.5348733030992,240.9513397216797,5479400
2020-10-30,239.54121515678764,240.7071594492696,236.26936656143357,239.56832885742188,5271200
2020-11-02,243.03907704712648,244.48520577711784,241.25853673723822,243.31024169921875,5062900
2020-11-03,246.43737101456892,249.84478746291035,246.02161848997386,248.23597717285156,4343000
2020-11-04,249.36604733056828,255.83745672379393,249.05874923429337,251.7250518798828,6766400
2020-11-05,255.14145581557395,257.5546596346229,254.94261267542623,256.60565185546875,4316200
2020-11-06,256.64173736120824,257.0303764266105,254.77985558741253,255.98193359375,3078200
2020-11-09,269.89184523293034,270.687217636022,263.3662388862439,263.66448974609375,10839300
2020-11-10,265.09250645619517,266.5928629165768,263.3752402944726,266.1861572265625,4354500
2020-11-11,267.5961060018599,267.6593805210247,264.7580755633679,265.8245849609375,2910400
2020-11-12,264.116235698506,265.11045057117826,261.37764193895515,263.0587463378906,4361900
2020-11-13,264.7942204721185,267.4605213885581,264.29712661164973,266.7645568847656,3090400
2020-11-16,270.49734546265427,271.2203960349719,268.951809004324,271.1300354003906,4615000
2020-11-17,268.71683938208497,270.3798779763224,267.17130272690264,269.62066650390625,4049200
2020-11-18,270.4250423209116,270.92213612479367,266.41204833984375,266.41204833984375,3566400
2020-11-19,265.7793044440705,267.3610013312319,264.730862054668,266.9271545410156,3266600
2020-11-20,266.5123865083429,266.8475380319272,264.68262615717464,264.9815368652344,3090200
2020-11-23,266.5485834506043,268.7134949690176,265.8420397042068,268.02508544921875,2855600
2020-11-24,270.7879910844557,272.7536206694223,270.20824839528854,272.1376647949219,4022700
2020-11-25,271.7027904260047,271.7843115299816,269.9816971965702,270.6067199707031,2629200
2020-11-27,271.2408993981312,271.92933691716246,270.0905088040705,271.0597229003906,1518000
2020-11-30,269.5015483111242,269.75517867994716,266.992418317996,268.6863098144531,4159300
2020-12-01,271.503393338136,272.66285018032596,270.09934564312914,270.3348693847656,2841100
2020-12-02,269.121080876076,271.1501235574714,268.44171094504094,271.00518798828125,2481700
2020-12-03,271.18644306654,273.0162033268005,270.88750472968974,271.8023986816406,3140900
2020-12-04,272.4183615058626,274.0941467285156,272.2915601199352,274.0941467285156,2747300
2020-12-07,273.351334255854,273.7046199648742,271.7480308256925,272.74444580078125,2589900
2020-12-08,271.7571728956151,274.34782490176207,271.729999190783,273.7409362792969,2205400
2020-12-09,274.66476660887366,275.0089851697461,271.72082990323037,272.5451354980469,3074500
2020-12-10,271.7390222356793,272.78978483174166,271.02343883714536,272.23724365234375,2413000
2020-12-11,271.2317746234539,272.8169718889295,270.55240436682146,272.59051513671875,2454300
2020-12-14,274.4836258539072,275.1901696492519,270.8422120846138,270.93280029296875,3646100
2020-12-15,272.6087134633702,274.4113007888176,271.2771463415527,274.1214294433594,4211500
2020-12-16,274.0487506836261,274.3476612584843,272.9436412735543,273.6954650878906,1977300
2020-12-17,274.6649214738595,275.108767950694,274.329769836768,274.90948486328125,3002900
2020-12-18,275.06185636541124,275.12539397749237,272.48431769153154,273.9999694824219,4442100
2020-12-21,271.1774181933192,274.97111808109486,269.9340307700731,274.21783447265625,6340800
2020-12-22,273.9456193347719,273.9819305120522,272.14858997312257,272.3392028808594,2698200
2020-12-23,273.3647222523495,274.8077796549865,273.31026934638635,273.43731689453125,2714400
2020-12-24,273.78213884286646,274.18147852344015,273.1195917143463,274.1088562011719,1955700
2020-12-28,275.62462606956865,276.9496930643187,275.3160503418767,275.9059753417969,2382400
2020-12-29,277.2038688488467,277.4489346921567,274.6717249149537,275.4159240722656,2319600
2020-12-30,276.0057868642766,276.93154171252377,275.7788905108527,276.0239562988281,2081300
2020-12-31,275.9058714525275,277.98424909469986,275.3159466747369,277.53045654296875,2797000
2021-01-04,278.2565124385236,278.32005004286475,271.1319638652621,274.3811340332031,5106600
2021-01-05,274.027281090804,276.85894339570643,273.52812014887604,275.7607727050781,3355200
2021-01-06,275.67916515049126,281.56938766784873,275.0529287817713,279.72698974609375,7290300
2021-01-07,281.0973518282841,283.1485037000373,280.4983421392595,281.8052673339844,4107900
2021-01-08,282.4858732090031,282.6492318859165,279.52713680639283,282.2952880859375,3234900
2021-01-11,279.98100334300676,282.25905149635696,279.9174934167395,281.5057678222656,2811400
2021-01-12,281.5148256935411,282.4859486946404,280.36220223536,282.0230712890625,2290900
2021-01-13,281.92327880859375,282.8036378218582,281.27890088052715,281.92327880859375,1854400
2021-01-14,282.7945398988808,283.4116913419382,281.25166129123744,281.3968505859375,3232400
2021-01-15,279.66084934123825,280.85027506850616,277.86307804619867,279.7607116699219,4009100
2021-01-19,281.7943864027222,282.1394155554362,280.1963960183525,280.8501281738281,2781700
2021-01-20,281.85807422319886,283.5922815055592,281.41318259833145,283.0747375488281,2398400
2021-01-21,283.2926550648562,283.92821054415293,282.55720956058394,283.16552734375,1930000
2021-01-22,281.34063117528063,282.3938686951018,280.64151155562826,281.4405212402344,2049700
2021-01-25,280.5506452185889,281.2679416165658,277.49082343020893,281.14990234375,4546400
2021-01-26,281.9579057810732,282.54807423853526,280.75030346579496,280.91375732421875,2256100
2021-01-27,278.3259149111851,278.48934097227885,274.29457248518924,275.3478088378906,5743100
2021-01-28,276.9097710751755,280.9411174432434,276.7735548490059,277.8994445800781,6392100
2021-01-29,275.94724555314536,276.7280779382958,271.1078027072951,272.21551513671875,5929900
2021-02-01,274.45821597670493,275.4297400685173,272.5151955018274,274.2221374511719,3138600
2021-02-02,276.5102349444172,280.04218606996307,276.4920580049869,278.58038330078125,3090500
2021-02-03,277.92659084476315,279.5972340958575,277.09125536484436,278.9798278808594,2087800
2021-02-04,279.51550428512195,282.0759582519531,279.4428519649152,282.0759582519531,2638800
2021-02-05,283.6104732031139,283.78298788119065,282.2576211885913,282.865966796875,1955600
2021-02-08,283.91915895972227,284.9996337890625,283.6558427494535,284.9996337890625,1690000
2021-02-09,284.42768981968976,285.55355187283254,283.801194913666,285.0269470214844,1798700
2021-02-10,286.1617817058241,286.2253178508037,283.5559130819227,285.5534362792969,3048000
2021-02-11,286.08906373584745,286.69740902277755,284.00982793598655,285.716796875,1937100
2021-02-12,285.3537645411836,286.13462481475375,284.9451713190103,286.0438232421875,2479500
2021-02-16,287.2150889233785,287.40578054956916,285.88947455421453,286.53411865234375,1836300
2021-02-17,285.7259674363002,287.74163997617785,284.9814335006825,287.4601745605469,2007400
2021-02-18,285.7805150397427,286.9154654568981,284.53661381594037,286.5159606933594,2609600
2021-02-19,287.10803948789726,287.7721250137587,286.1710573139352,286.4803771972656,2314900
2021-02-22,284.6427533506718,287.9085458149378,284.5244888939297,286.744140625,2978000
2021-02-23,286.3440785473289,287.9087517430989,283.46036705290163,286.9081115722656,5723400
2021-02-24,286.26214781348,291.1381160692547,285.8073013750723,290.6741638183594,4290300
2021-02-25,290.8378262369046,291.02888167971804,284.69740091530514,285.62530517578125,7648600
2021-02-26,286.0255990056415,286.0437828659712,280.89491870754813,281.5044250488281,7925600
2021-03-01,285.1704059607036,288.2997502836002,285.1431162970229,287.08984375,4749700
2021-03-02,287.20823523649705,287.85410940366273,285.6526681955,285.81640625,4075700
2021-03-03,285.5889506822095,287.34465106704204,284.57917727059197,284.7247314453125,5148100
2021-03-04,284.90662431288473,286.48040248682616,278.0748240823479,281.62261962890625,8577600
2021-03-05,284.2789960564519,287.5083943470049,280.0944036821768,286.77154541015625,7016100
2021-03-08,288.145195900317,292.6754760620889,287.308266304846,289.5097351074219,8230700
2021-03-09,290.619630708025,292.7119135529603,289.682648006284,289.8372802734375,5829900
2021-03-10,291.5837920246515,295.0224292258916,291.5292126850776,294.13092041015625,6472200
2021-03-11,295.3863428034076,297.4422574254876,294.58580869351374,295.9503479003906,5745900
2021-03-12,296.2594380373384,298.8247486571909,296.1047781654354,298.6610107421875,4257200
2021-03-15,299.45257199724466,300.4168438311782,297.2966052032308,300.2803955078125,4456000
2021-03-16,300.0620829776655,300.19853130320814,298.6702545339061,299.1614685058594,3270600
2021-03-17,299.47986869684337,301.135515756871,298.7248361154092,300.89898681640625,4338200
2021-03-18,300.47147685343657,302.80028786039907,299.07964818316896,299.6163635253906,5376500
2021-03-19,299.0703889017412,299.15242505058177,296.2354822025054,297.17437744140625,5628800
2021-03-22,296.7550412787256,298.97012854671294,296.28104537332626,298.2955627441406,3807600
2021-03-23,297.4567470946517,298.51414752430446,294.8314808994136,295.3966369628906,5068400
2021-03-24,296.5089405512127,298.7422488596564,295.4150695800781,295.4150695800781,6099000
2021-03-25,294.16626672462513,297.73043024796755,292.2611307311181,297.3384704589844,5557900
2021-03-26,298.62374645158474,301.622753347915,297.7851083213736,301.36749267578125,4956600
2021-03-29,300.16412566632255,303.0537218396435,299.8086080286553,302.3244934082031,5200900
2021-03-30,301.76853756732424,302.2699066273732,300.6108793842283,301.55889892578125,4568800
2021-03-31,301.36751522151667,302.2881895716643,300.75679233406373,300.9755554199219,3763700
2021-04-01,301.52251950009816,302.2699972052781,300.55627868834824,302.1332702636719,5936100
2021-04-05,304.4029823888565,306.4174999221302,304.37563700399926,305.5515441894531,5632700
2021-04-06,305.08659395945904,305.75203530442667,304.2570803327047,304.7948913574219,2987500
2021-04-07,304.5852527145693,305.5241478625147,303.9471567498994,304.7948913574219,2658500
2021-04-08,304.7310385888449,305.50586135937874,303.9379948397917,305.4876403808594,2665000
2021-04-09,306.0254032463786,308.17664674167656,305.6972309565887,307.9761047363281,3034700
2021-04-12,307.42933510299787,307.9762428006848,306.8732751859549,307.69366455078125,2951500
2021-04-13,306.8550947001909,307.57522702158144,305.8159143008451,307.0009460449219,3391700
2021-04-14,307.01903713943716,309.1155902190615,306.95522198718476,307.67535400390625,3966800
2021-04-15,308.8604237218918,310.5832662927706,308.8604237218918,310.3280334472656,3881800
2021-04-16,311.60639746883965,312.24467554080377,310.92251021695006,311.72491455078125,3748900
2021-04-19,311.00468930652363,311.22352440393945,309.7098500494212,310.712890625,3222800
2021-04-20,309.4817109102141,309.90115388334823,307.06531533056136,308.3145446777344,3762900
2021-04-21,307.86788196504034,311.4332183644133,307.8040457943281,311.21435546875,4191200
2021-04-22,311.0500931439309,311.13215625862426,307.37534081743775,308.3145446777344,4962500
2021-04-23,307.9771788921948,311.47867774963345,307.4118366357378,310.4209289550781,3613900
2021-04-26,311.0775364391692,311.3784624398379,309.4726998029047,309.9103698730469,2090900
2021-04-27,309.66413273155797,310.42095566283064,308.8434736490797,309.87384033203125,2732700
2021-04-28,309.32677721719637,309.5638392115284,308.25990084664875,308.5425720214844,3025100
2021-04-29,309.92862438669266,310.8130919284234,307.6307452108194,310.5486755371094,3688400
2021-04-30,309.0440594039687,309.7096917608971,308.0683737142269,309.0622863769531,2909600
2021-05-03,310.7492448906682,312.01670141299644,310.5303820556162,311.041015625,2698400
2021-05-04,310.01967703466755,311.4239329405493,307.85859835026946,311.387451171875,4478300
2021-05-05,312.08046423399213,313.03789499475096,310.36618287068956,312.1078186035156,3506100
2021-05-06,312.70054379929473,315.1716759914528,311.7704673228809,315.0531311035156,4276700
2021-05-07,314.7432499706401,317.5882172762421,314.41496952828913,317.21435546875,3526500
2021-05-10,318.4726995558421,320.14137260034977,316.9498980046941,317.086669921875,6092500
2021-05-11,314.5789160045005,314.78865138464613,310.84035572165607,312.6822814941406,8396400
2021-05-12,311.44231700873377,312.06239607923254,306.1171170210305,306.3815612792969,7034100
2021-05-13,306.6550410093044,311.88907717634714,306.62768663157783,310.4392395019531,5741300
2021-05-14,312.135303386606,314.52434541461383,311.7432146504713,313.9134216308594,4677300
2021-05-17,313.0654096093855,314.7067561032407,311.88914329035697,313.3572082519531,3262200
2021-05-18,313.53950254745905,314.1321992446964,310.82218061739053,311.041015625,3462300
2021-05-19,307.8039373571999,309.6276364897002,305.651985738021,309.5182189941406,7223900
2021-05-20,309.7918862652939,312.70981717182127,309.4271518588409,311.41497802734375,4532800
2021-05-21,312.7608423087858,314.3872815960092,311.837965516735,312.53240966796875,4481000
2021-05-24,313.7475845707297,314.9537153202961,313.4551841675311,314.28668212890625,2531800
2021-05-25,314.94466208635237,315.2370625758871,313.0989362802495,313.5740661621094,2623200
2021-05-26,313.9213312754905,314.4330182598717,313.1081254157897,313.6563415527344,2064500
2021-05-27,315.55684942270415,316.29696893367156,314.20451817700354,314.8715515136719,3026200
2021-05-28,316.4980206407295,316.58939928086033,315.55687920555886,315.8218688964844,2641400
2021-06-01,318.4716245185451,318.57212148511024,315.785254716949,316.0319519042969,2584300
2021-06-02,316.83613522029646,317.3843792432135,315.9224044770512,316.4797668457031,2576700
2021-06-03,314.8807038286542,317.02797641891806,313.92129780643984,316.1690673828125,4436400
2021-06-04,317.1284567616473,317.96907322054057,316.6441807037425,317.8868408203125,2594200
2021-06-07,318.4351705075812,318.47172754581345,316.16910817962685,316.68994140625,2224300
2021-06-08,316.7812370410579,316.98225887137926,315.00859759681776,316.46142578125,2748700
2021-06-09,316.64422516010507,316.9548902328645,314.95381789183944,315.0451965332031,2591200
2021-06-10,316.6441979689383,317.73153957264606,315.05428782331046,315.2187805175781,3089400
2021-06-11,316.17817782556705,316.6533076681012,313.93040850360967,315.3466796875,3003000
2021-06-14,315.0817493067388,315.1183063429946,312.9253582100708,314.59747314453125,2527000
2021-06-15,314.78928876749785,314.80755333810123,312.83389220415285,313.7841796875,2138500
2021-06-16,313.7842345622347,313.99440264271055,310.20239827389645,311.36285400390625,4032000
2021-06-17,311.180042976502,311.83793002256647,307.5799427362107,309.434814453125,5169100
2021-06-18,305.95114948561985,306.774700142515,304.4229828382606,304.67919921875,7126600
2021-06-21,306.78390296040436,310.2885805082783,306.0060941481962,310.0049133300781,5435700
2021-06-22,309.9592566425754,311.49655556520065,308.7879772835986,310.61810302734375,4042100
2021-06-23,310.7461118183425,311.2677042139345,309.91340148296626,310.0049133300781,3082700
2021-06-24,311.73440614547326,313.2442539371496,311.4598705943983,312.9331359863281,3704700
2021-06-25,314.49784188373,315.6782803617409,313.9487987828767,315.19329833984375,3638000
2021-06-28,315.08345513829494,315.1658353368908,312.7866672759516,313.68341064453125,3606300
2021-06-29,314.7632358305723,315.4495327645017,313.5095766405131,313.73834228515625,2375800
2021-06-30,313.299191434531,316.1633423340759,313.2717406688212,315.6509094238281,3778900
2021-07-01,316.4104379322299,316.9777724432996,315.62349726861777,316.941162109375,3606900
2021-07-02,317.56344236843546,318.70727101408613,316.77647373896565,318.3869934082031,3013500
2021-07-06,318.2130552832155,318.5424644523828,314.4155506471063,316.4469909667969,3910600
2021-07-07,316.29152641186374,317.65498929727534,315.17514841350015,317.45367431640625,3347000
2021-07-08,313.46391248759403,315.6966679675495,312.52139891473996,315.12933349609375,6379900
2021-07-09,317.1332636065971,319.42092019043645,316.4652578309377,319.10980224609375,5063100
2021-07-12,318.4509002633948,320.53724158546055,317.8652468762582,320.29931640625,3999800
2021-07-13,319.8417935299348,320.5006396449398,319.21955773395547,319.3568115234375,3310200
2021-07-14,320.4458951974421,320.90342667030455,318.77131436848276,319.7321472167969,3933300
2021-07-15,318.3502446234596,320.2718814975433,318.1123473579674,320.21697998046875,5082600
2021-07-16,321.1206769437871,321.1389789669948,317.11032644170456,317.4765625,5710400
2021-07-19,312.9443333079003,320.48890215395295,308.90651587198533,311.1955261230469,9715300
2021-07-20,311.5709714109388,316.9089317800977,311.07653730271755,315.9566955566406,5802200
2021-07-21,317.6870658210165,318.76747164728505,317.1376979280288,318.6209716796875,3056800
2021-07-22,318.4197735058219,319.372010029328,317.42176793317986,318.8684387207031,2429300
2021-07-23,320.4615277609237,321.3679671408557,319.73819248878124,320.9834289550781,4142300
2021-07-26,320.4615274524896,321.7891649573181,319.9945602853242,321.7525329589844,2466600
2021-07-27,320.47992849836777,321.0842309184596,319.29881862195026,321.029296875,3902600
2021-07-28,321.39542535621723,321.58772238586977,319.28038156625473,319.8755187988281,3697700
2021-07-29,321.3314048798329,322.02724528718517,320.80950361779514,321.2123718261719,2425700
2021-07-30,320.3516181902208,321.3862554593413,319.24374487588136,319.9853820800781,3576700
2021-08-02,320.8736726413451,322.2104476560343,318.6853640347022,318.9508972167969,2827100
2021-08-03,319.62826427088277,321.55103866392284,317.8153579102411,321.45947265625,3819300
2021-08-04,320.08594341365097,320.5345803542853,318.5202686693458,318.6209716796875,3118500
2021-08-05,319.4086052814283,321.05668204914133,319.24380319306283,321.0200500488281,2261400
2021-08-06,321.9447259680237,322.74129710585987,321.798225951338,322.37506103515625,2123700
2021-08-09,321.92646791403484,322.3476380557678,320.9650666623525,321.5144348144531,2322500
2021-08-10,321.7526986218905,323.1535729026361,321.38646227606955,322.9613037109375,2841000
2021-08-11,324.06901476550456,325.14942122205997,323.8492786569246,324.984619140625,3422500
2021-08-12,325.21358161736003,325.2685156548736,323.88594384603704,325.2502136230469,3118600
2021-08-13,325.81777657476687,326.29388072362724,325.0395073771491,325.3966064453125,2414900
2021-08-16,324.4993116934643,326.50448727400703,322.89700422585406,326.4770202636719,3634600
2021-08-17,324.0415257113121,324.73739393052114,321.8440809488941,323.96826171875,5019600
2021-08-18,322.8604221547731,324.16059270973955,320.36084000169075,320.5714111328125,4038000
2021-08-19,318.01681059676605,320.90098632644685,317.9985085709673,319.9853820800781,5442200
2021-08-20,320.0873457564626,322.6280025369323,319.6745908468059,322.08685302734375,3394800
2021-08-23,323.7376219470654,324.97585794022837,323.70095379255577,324.18707275390625,3569200
2021-08-24,324.76488069732204,325.1409392023492,324.3429730050053,324.4530334472656,1981400
2021-08-25,324.48984237200386,325.6455333993248,323.7010569343488,324.8567199707031,2434700
2021-08-26,325.12259261972673,325.60871154831557,322.92129988632365,323.00384521484375,3008900
2021-08-27,323.4533953468471,325.4712641416433,323.4533953468471,325.2144470214844,3163700
2021-08-30,325.57210102568587,325.8105840314317,324.581528831984,324.76495361328125,2482000
2021-08-31,324.5080146107693,325.42522214555487,323.9393504177546,324.61810302734375,2913800
2021-09-01,324.9575308225442,325.0125610464449,324.0403231029216,324.2787780761719,2739200
2021-09-02,325.4070481460372,325.7739257422356,324.618262713759,325.4895935058594,2390000
2021-09-03,324.39810203001184,325.28779486387066,323.85695269677313,324.8200378417969,2465400
2021-09-07,324.36149701510067,324.4073462252811,321.93087307418045,322.3436279296875,3168500
2021-09-08,321.77489765097096,323.0131339736373,320.69259899481847,321.6923522949219,3075700
2021-09-09,321.5363412112514,323.3249074901558,320.0321350817631,320.38983154296875,3484700
2021-09-10,322.16934894045824,322.5454076248283,317.8768216994545,317.9960632324219,4539000
2021-09-13,320.0230712300823,320.9677944230379,318.70228936931363,320.3807678222656,5439700
2021-09-14,321.3896855081086,321.5456231879701,317.08797764300766,317.7850646972656,3902200
2021-09-15,317.72995554320283,320.52742812084966,317.1521101539477,319.9404296875,3267300
2021-09-16,320.02296530125585,321.0960827135689,317.3538873407179,319.3533935546875,3646000
2021-09-17,318.8075384205975,319.58882240138377,317.1622502328612,317.69537353515625,5380900
2021-09-20,312.7134576334265,314.49661226599585,308.82544000772566,311.9597473144531,10010600
2021-09-21,313.807301130709,315.3330949372349,311.60134465811745,311.6932373046875,6071100
2021-09-22,313.5774843836516,316.4911766565901,312.91569469811486,314.80914306640625,6862700
2021-09-23,316.9324180450937,320.4803550879902,316.67505691635455,319.4600830078125,5592200
2021-09-24,318.485854158837,320.2598090386826,318.31121320690767,319.7450866699219,3121600
2021-09-27,320.13106393862694,322.1623795045404,320.0207703224157,320.4251708984375,3426000
2021-09-28,319.230371306178,319.6991473506188,314.72653645555926,315.1953125,7493800
2021-09-29,316.068452693292,317.72294133816564,315.15850217128224,315.9765319824219,4116600
2021-09-30,317.18055866829013,317.5114675559302,310.77407620878563,310.9395446777344,7926000
2021-10-01,312.5389145684428,316.9048818346536,310.3789041003702,315.4342346191406,6219800
2021-10-04,314.9102777224429,316.21548434810086,310.7373528149054,312.5205078125,7037700
2021-10-05,313.549912536862,316.9875275050318,312.9432696512574,315.3882141113281,3826100
2021-10-06,312.9525229296307,316.4636582109875,311.10502055954055,316.2982177734375,6276300
2021-10-07,318.8259113430336,321.49144370371965,318.7339906305417,319.52447509765625,5310400
2021-10-08,319.790855207008,320.2871762822345,318.55916884930525,319.432373046875,3658300
2021-10-11,319.55197098013883,321.29835189274417,316.97833190606997,317.0886535644531,4098400
2021-10-12,317.5573660621236,318.11806257471716,315.443330674254,315.9856262207031,5100300
2021-10-13,316.1419998437019,316.70266849343074,313.54078678767064,316.08685302734375,4189100
2021-10-14,319.13841595189217,320.98591846747684,318.57774729706546,320.9031982421875,4473900
2021-10-15,323.32772936109086,324.6425489057755,322.6565422957262,324.43109130859375,4206800
2021-10-18,323.0427989378043,324.68863879805764,322.04059175531916,324.109375,3310600
2021-10-19,325.18514646096554,325.95748881907576,324.3851933896717,325.9114990234375,2380900
2021-10-20,325.95747369118806,327.8607328147824,325.82873594097725,327.35504150390625,2873800
2021-10-21,326.7665181213327,327.410122527713,325.7642832088729,327.29058837890625,2243800
2021-10-22,327.2997477778909,328.81684917492566,326.70210517416876,328.0077209472656,3872300
2021-10-25,328.57792501959597,329.06526533106216,327.59412500460775,328.75262451171875,2518200
2021-10-26,329.6811365090519,330.02133176665933,328.58697832073574,328.7065124511719,3182200
2021-10-27,329.24893768718476,329.44201614292194,326.3710276836635,326.3894348144531,3542100
2021-10-28,327.09758516949853,328.5963080394422,327.09758516949853,328.5227355957031,2490500
2021-10-29,327.92513783294623,329.64452215103097,327.6860975071129,329.3778991699219,2979600
2021-11-01,330.4995558862758,331.051208850418,329.14795000480257,330.205322265625,2548400
2021-11-02,330.46278204011514,331.8143879721877,329.89272191605227,331.52935791015625,2629000
2021-11-03,330.92250392043627,332.6970531197334,329.9938413180527,332.4396057128906,3557400
2021-11-04,332.2371648431793,332.52219476242243,330.88555958820575,332.2463684082031,3870900
2021-11-05,333.726816031915,335.5473548729219,332.7430162707439,334.0394287109375,4489000
2021-11-08,335.6576855729406,336.19098748296005,334.0670114712309,334.977294921875,3056000
2021-11-09,334.85770697981064,334.9588339804935,332.67859408496275,334.02099609375,3680600
2021-11-10,333.3222428085827,334.43480832219973,331.26266377454755,331.9890441894531,3529000
2021-11-11,332.09943288129466,332.16380175228625,330.43521416354923,330.5087585449219,2461200
2021-11-12,331.6396210242334,332.60504161084026,330.61900709071443,332.1820983886719,3099800
2021-11-15,333.39583403697384,333.515368194736,331.62128492777265,332.1453552246094,2555000
2021-11-16,332.678658136097,334.260128719572,332.5683275469622,332.77978515625,2728600
2021-11-17,332.329184632352,332.4578942708971,330.5822185573187,330.86724853515625,2976000
2021-11-18,331.0327264246469,331.0511054978263,328.3663017116425,330.4075012207031,3438100
2021-11-19,329.7084360034606,329.7084360034606,327.39607365663574,327.88433837890625,3542200
2021-11-22,329.33063488507884,330.9520264743445,328.0500754339184,328.15142822265625,4929200
2021-11-23,328.22511788605084,330.15053973610117,327.35913491422855,329.8280944824219,5789300
2021-11-24,328.0224352020785,329.99393669385466,327.78289962638496,329.8373107910156,4246700
2021-11-26,322.74370874395527,323.7847328662293,320.0075763953586,321.536865234375,9075000
2021-11-29,324.8257639731541,324.9915833640258,321.4447690074957,323.5360107421875,5243000
2021-11-30,321.24203170417155,322.44887501509265,317.2437552605399,317.7412414550781,9543500
2021-12-01,320.6339854699751,322.78972140085205,313.5218871523829,313.6508483886719,8415000
2021-12-02,314.8945408658462,320.55106673530344,314.30495158967574,319.3165588378906,8326400
2021-12-03,320.4681384146072,321.0577558227019,316.06453531298223,318.9757080078125,11365300
2021-12-06,321.7578978414554,326.14305753279336,321.3617363719209,325.0375671386719,7026500
2021-12-07,327.90259747157955,330.37155647384594,327.7736362683707,329.570068359375,5271500
2021-12-08,329.96620141449995,330.6110636041571,328.3540037686133,329.80035400390625,3355600
2021-12-09,328.65820713759064,330.8968533497272,328.28971021569987,329.9111022949219,3774500
2021-12-10,331.27451827088214,331.95623887188407,329.4504208478533,331.8641357421875,3855200
2021-12-13,331.1270497542274,331.6429508844205,328.529100989289,328.9252624511719,4563000
2021-12-14,327.69992031562725,330.187322430693,327.0181999629122,328.12371826171875,4079700
2021-12-15,327.8106537959236,331.62466880264753,326.5301220141806,331.4772644042969,9274900
2021-12-16,332.8222084525238,333.96458522818335,330.0952980446891,331.1363220214844,9493700
2021-12-17,328.84919483458157,329.43066159167597,325.5357863428013,326.3849182128906,10638300
2021-12-20,322.4625322886995,322.70250998138783,319.8413393239962,322.3609924316406,7303400
2021-12-21,325.0281857177424,327.63092837667597,324.4282699558587,327.5663146972656,4693300
2021-12-22,327.60330087416656,330.0122029364276,326.8833961946693,329.8553161621094,2999500
2021-12-23,330.77813030853684,332.7255534538298,330.56584034258265,331.6733703613281,2655000
2021-12-27,332.31958979230774,334.99615699948004,331.9873390974967,334.9592590332031,2594300
2021-12-28,335.13451059237053,336.98966100481766,334.9314873296941,335.94671630859375,3048500
2021-12-29,335.86368131746434,337.4696439036742,335.7621696777656,336.73126220703125,3012200
2021-12-30,337.5157835861123,338.466427144225,335.5868089164034,336.0205993652344,2863200
2021-12-31,335.5037330279009,336.63895084235145,334.9499538136812,335.328369140625,3133800
2022-01-03,336.26983395920263,337.66350673262104,334.3869955621795,337.506591796875,5624100
2022-01-04,339.0387883538813,340.76471225293784,338.91879951959083,339.5279541015625,5462200
2022-01-05,339.38006640786404,341.03216516221744,335.9374593300004,336.0389709472656,7638000
2022-01-06,336.05745832470717,336.5558623959519,334.07310877832344,334.4700012207031,7019800
2022-01-07,334.0085534603996,335.8359882761667,333.307097901647,334.39617919921875,5806300
2022-01-10,333.25165159044496,333.39008932472905,328.9783618051663,332.99322509765625,8091800
2022-01-11,332.9010156862132,334.8023028716776,330.14138614511717,334.6084899902344,7310900
2022-01-12,335.7067513814482,336.4727923663808,333.80546452757017,334.9868469238281,4493200
2022-01-13,336.14978238871544,336.99891426533435,332.67948713139015,333.3717041015625,6418100
2022-01-14,330.6120275492882,332.0795240614057,328.94147961098207,331.47039794921875,8575400
2022-01-18,327.9539696595058,327.9816572150939,325.45276658343084,326.5880126953125,8166100
2022-01-19,327.566374372667,328.15705166899147,323.22846915084,323.3576965332031,7386500
2022-01-20,324.40069528780435,327.69562792134354,320.09047690949853,320.5704040527344,8968700
2022-01-21,320.58688567340266,322.2125045488231,316.01487486725625,316.2088317871094,16301600
2022-01-24,312.58811419511164,317.8436387390864,306.04874209734544,317.55731201171875,29707000
2022-01-25,314.27849142174836,319.3862314559612,309.73415957708585,316.7723083496094,18657900
2022-01-26,319.61716858145485,321.4274994791742,312.68060633999215,315.3868713378906,19047300
2022-01-27,318.1023257429708,321.08569979969377,313.93671914227076,315.4699401855469,12854100
2022-01-28,315.75625645364636,320.6700389054703,312.098641842337,320.6053771972656,12008900
2022-01-31,319.37689547773533,324.530804884147,318.397837317423,324.2721862792969,8379100
2022-02-01,324.80800690483863,327.2186994239298,322.9791852719501,326.9139099121094,7636000
2022-02-02,326.5906709297397,329.42625949887355,325.8240602385258,328.8443603515625,8856400
2022-02-03,327.7267758136418,328.0962271053785,323.8105131967178,324.17999267578125,9339900
2022-02-04,323.64428660903235,326.2766730481605,321.26130165416254,324.0783996582031,8532300
2022-02-07,324.4385438909074,326.19345830199654,323.1177142214745,324.10601806640625,4746200
2022-02-08,324.7525685794294,328.21622646063634,324.00442073207427,327.46807861328125,4568400
2022-02-09,330.0635280887065,330.7562597015187,329.4262127499336,330.3591003417969,4781700
2022-02-10,327.6896754528212,330.71921978782206,324.22601829295826,325.62994384765625,10298500
2022-02-11,325.54685030147556,327.3572089100817,319.7925787012626,320.7716369628906,8211500
2022-02-14,320.2452177847308,321.01182839172725,316.9940074584893,319.4786071777344,7315100
2022-02-15,322.28646000062287,323.97674097963403,321.75075993715177,323.47796630859375,4932200
2022-02-16,322.1294225059237,323.93975309963236,320.2359393197441,322.9699401855469,4496500
2022-02-17,320.90091314185065,321.15953175811626,316.6798627019847,317.437255859375,4433500
2022-02-18,317.19592020644586,318.3984880444133,314.208061806707,315.41986083984375,6193700
2022-02-22,313.39396441686097,314.7537728487342,308.5744909981424,310.8223571777344,7942700
2022-02-23,312.8112494763561,312.9037590394541,306.0214653483028,306.6689758300781,5732600
2022-02-24,298.6211578335297,307.79753078164293,298.50089822214045,307.4275207519531,14167100
2022-02-25,308.6669448823146,315.4567263939243,308.09342533405044,315.0127258300781,9496300
2022-02-28,310.7668124267061,314.34670825339276,309.6937639749178,313.9026794433594,8217300
2022-03-01,311.9879323711778,313.6067508235585,306.4931977658437,308.18603515625,8532900
2022-03-02,310.13791117244085,314.9296361274226,309.6014008078845,313.58831787109375,6836200
2022-03-03,315.17006625820966,316.4466247427295,311.44215978600107,312.7834777832031,7790700
2022-03-04,309.5273069523981,311.6179042658795,307.852988508753,311.2478942871094,6025000
2022-03-07,310.0730562535405,310.19328759958813,303.7272746036925,303.8475341796875,6590800
2022-03-08,303.866016320316,309.3329995546068,301.6181785900085,302.0529479980469,8209800
2022-03-09,308.14907119325534,309.9251589787598,306.71527164424845,308.4080810546875,4669200
2022-03-10,304.6338829185297,307.8992698094518,304.0418443446744,307.2147216796875,3317400
2022-03-11,309.05554714067836,310.56336528403847,304.97612161003855,305.2813720703125,6923400
2022-03-14,306.88169550027766,309.5180623585535,304.1435878999741,305.32763671875,5640600
2022-03-15,307.11294544779844,311.5993902065047,306.2896471942643,310.9888610839844,6648500
2022-03-16,313.76398243698856,315.8268295813982,309.46255670873273,315.77130126953125,9577100
2022-03-17,314.45774434639713,319.68420879159174,314.1524656827426,319.5547180175781,6032900
2022-03-18,318.5738739663862,322.11544473976716,317.67457517404983,321.8836669921875,5903900
2022-03-21,321.34590388841366,322.5696970988434,318.27716899245877,320.2611999511719,4329900
2022-03-22,321.8187330654093,323.3021161731916,321.5776751761056,322.764404296875,4430800
2022-03-23,320.54858645256286,321.18829522260364,318.32352600133265,318.379150390625,4098700
2022-03-24,319.38034976294756,321.7630310058594,318.4068948641941,321.7630310058594,3550000
2022-03-25,322.44920302628583,323.85842989126115,320.95656785746473,323.1352844238281,3206200
2022-03-28,322.40285760553013,324.0160217285156,320.2056090123097,324.0160217285156,2962400
2022-03-29,326.95487698676794,327.9283319465672,324.6092879461286,327.2422790527344,4711800
2022-03-30,326.4820968631638,327.70589003810375,324.8967451506884,326.45428466796875,3909800
2022-03-31,325.48080434511974,325.94435975793596,321.4849589500984,321.5498352050781,3978900
2022-04-01,322.77357961169076,322.95901306612507,320.07568412075636,322.643798828125,3560200
2022-04-04,322.30067309387755,323.8211194377019,320.8080106371675,323.7840270996094,3829900
2022-04-05,322.46765405635796,325.46220354308366,320.31675041803726,321.09552001953125,4331700
2022-04-06,318.54600799852,320.8359728897932,317.7208940688686,319.6214599609375,5431300
2022-04-07,318.71296879916196,321.8002645689327,316.9700237185594,320.75262451171875,4599900
2022-04-08,320.5114383697141,323.67288931299896,319.5287032721738,322.0504455566406,4535900
2022-04-11,320.18704415671414,321.781676222274,317.7580178425529,318.18450927734375,5344400
2022-04-12,319.30619252265814,321.47562811751345,316.1447417103737,317.27581787109375,4501400
2022-04-13,316.7844831636661,320.82667256437213,316.6454222059676,320.5578308105469,3605000
2022-04-14,321.5558426692797,323.4293078089875,319.27432599888584,319.3114318847656,4179600
2022-04-18,318.9218694209854,320.9622684548595,317.77184176743606,319.13519287109375,3939000
2022-04-19,319.3115092496359,324.36609066487057,319.2744033547658,323.79107666015625,4261200
2022-04-20,325.59025139198263,327.4544329832816,324.8668422869782,326.0261535644531,5677000
2022-04-21,328.27970821792,329.13297340863164,321.9916076565098,322.483154296875,5369600
2022-04-22,321.2127005574412,321.27762878377627,313.236633067316,313.7281799316406,6855100
2022-04-25,312.04015826833927,316.3342224124567,309.0259496858528,315.8519592285156,6806600
2022-04-26,313.50544237100854,314.45142973337147,308.16332949299556,308.3302917480469,7619800
2022-04-27,309.6566844986533,312.5503209234502,307.0598102507217,308.86834716796875,6894400
2022-04-28,310.9179785690916,315.83347501193043,308.3674939432352,314.6741638183594,5976600
2022-04-29,313.12516785516834,314.6183747047779,305.2233165767682,305.7705078125,6495600
2022-05-02,306.3827554409104,308.22836972891884,300.9200677332246,306.74444580078125,9221700
2022-05-03,307.15247901936743,309.22998352517493,305.23265325910637,307.2174072265625,6051000
2022-05-04,307.72747844985287,316.41769685756435,306.24358311906377,315.8797607421875,10569700
2022-05-05,313.3201277504496,313.7003852909175,303.1738602875199,306.2807922363281,9101200
2022-05-06,303.9621251775618,306.66100515487767,301.18906173403496,305.1956481933594,10644200
2022-05-09,301.4023401353541,302.6914793304711,298.054235039344,299.19500732421875,7817200
2022-05-10,302.8120023516638,303.8414568291145,295.91178171833,298.4808044433594,7716500
2022-05-11,298.3974393758289,302.4133094923219,295.0771843295547,295.35540771484375,9374700
2022-05-12,293.63026354402064,296.2549309066887,289.85554054908266,294.5948181152344,6790800
2022-05-13,297.08966179455547,299.5937848771665,295.71705568412415,298.8518371582031,4236700
2022-05-16,298.36953099845516,301.94949790999857,296.5053782475758,299.3619079589844,3692600
2022-05-17,303.11807047254666,303.6189007356817,299.99257263149127,303.3684997558594,3316800
2022-05-18,300.6882678603192,300.85523021068656,291.61781670172104,292.65655517578125,3659000
2022-05-19,289.47543274747625,293.3985529574909,288.27901538354223,290.4585266113281,3836700
2022-05-20,292.6478096849267,292.90811346602334,284.73639048258536,290.44451904296875,4654000
2022-05-23,293.14050861090715,297.1659254464688,292.6384840776213,296.41290283203125,4484600
2022-05-24,294.3026061758102,297.63077799852215,291.56009658648395,296.92425537109375,5260500
2022-05-25,295.6135274413899,299.8527780761664,295.1208083921591,298.681396484375,4612800
2022-05-26,300.233889453275,304.71483179429777,300.1873894026426,303.4877014160156,3270200
2022-05-27,304.0454278604486,308.76811866390364,303.8316241220889,308.71234130859375,2773100
2022-05-31,306.94592724621464,309.1584947376564,304.6124710158673,306.97381591796875,4354000
2022-06-01,309.02841678686144,309.5304413464418,303.16226193598845,305.2632751464844,3721400
2022-06-02,305.4399600360438,309.3724343462551,302.4743406343715,309.3631286621094,3718800
2022-06-03,306.6669762765914,308.3961588359606,305.60717850295714,306.1835632324219,4150900
2022-06-06,308.26616185652057,309.335265896277,305.42140262645984,306.2767028808594,1957600
2022-06-07,303.8315791675358,309.08415406927,303.8315791675358,308.8052673339844,2424000
2022-06-08,307.3085096903435,308.58213977521575,305.4491890710307,306.2115173339844,2032900
2022-06-09,305.07732393470343,306.7785897808547,300.2802734375,300.2802734375,2591500
2022-06-10,295.92000292385416,296.3476384796824,292.2106694725696,292.25714111328125,4484700
2022-06-13,285.87056219037885,287.84143762449673,282.7654999763086,284.0856018066406,6317200
2022-06-14,285.0431122475392,285.8054404525163,280.6923091382706,282.8955993652344,3724000
2022-06-15,284.8478730000844,288.82681742897216,280.9990946142473,285.6195068359375,7060900
2022-06-16,280.17168583736935,280.44129523530034,277.0573185387188,278.8050842285156,4943500
2022-06-17,277.93113772209784,281.0154285364686,276.1793576789705,278.3504638671875,4738000
2022-06-21,282.41318148937836,285.5720334907544,281.9845565189349,284.4725036621094,3246500
2022-06-22,280.96881187886834,286.69944062278404,280.78243840890394,283.8387756347656,6361200
2022-06-23,284.8264709049629,286.12167245308655,282.1335254506562,285.823486328125,3582600
2022-06-24,288.11579484920804,293.6320966419498,288.0412340906968,293.5389099121094,3314800
2022-06-27,293.89301050885956,294.34961696665994,292.0107636353302,292.9239196777344,1896500
2022-06-28,294.4520762834889,297.01455479544967,288.1437303294,288.2462158203125,3025900
2022-06-29,289.2339151754453,290.24028623696046,287.77096616073186,288.90777587890625,2462800
2022-06-30,285.83272938298813,288.69339302669545,283.50320428614225,286.82977294921875,4117800
2022-07-01,286.4385021253672,290.0818840854087,283.9878363017729,289.65325927734375,3315000
2022-07-05,285.6931168101899,288.6376415244355,282.8790307843105,288.5910339355469,3767700
2022-07-06,288.8612709119536,290.99512503674515,286.94174345114425,289.2433166503906,2493300
2022-07-07,291.22810525572544,292.8401194627676,290.36149974909955,292.5419616699219,2267500
2022-07-08,292.1224549253334,293.65063707912947,290.8831600528997,292.0851745605469,2094300
2022-07-11,290.40809314914617,292.3462466726325,289.95151505778216,290.44537353515625,2633200
2022-07-12,289.38301664081183,292.1691204550571,287.5566763383918,288.833251953125,2806000
2022-07-13,285.3110568622728,288.80534620778553,284.3046856062694,286.7646789550781,3481200
2022-07-14,282.02172176721103,285.93530814505533,280.91286518433975,285.5066833496094,2893100
2022-07-15,289.73697279831003,291.5734072585236,288.1895179555712,291.4615478515625,3027500
2022-07-18,294.35153992283364,294.90153461891896,288.73037393751366,289.5879821777344,2344900
2022-07-19,291.8437868957635,296.81239911974654,291.461581578768,296.54205322265625,3004900
2022-07-20,296.6633250391771,297.77264533802554,294.99470748753697,297.1294250488281,3243000
2022-07-21,296.0946730353889,298.7327863619894,293.99722315946985,298.6861877441406,2159800
2022-07-22,299.9446242420922,300.3547944402139,295.8242885058629,297.42767333984375,3264100
2022-07-25,298.3692193766214,298.66753016281524,296.67260878468676,298.26666259765625,4002500
2022-07-26,297.2693095905288,297.8193042468966,295.60066341201264,296.0108337402344,2101700
2022-07-27,297.25988334956094,301.5107122556882,296.47683891406183,300.17767333984375,3338100
2022-07-28,300.5878072386353,304.00896423601466,298.1267863541263,303.1793212890625,2688400
2022-07-29,303.4498003101814,306.94555107685824,302.89050294630715,306.3769226074219,3225600
2022-08-01,304.7455898692023,307.36507031927067,304.3167857159423,305.7989807128906,2745500
2022-08-02,304.8014380756413,305.5565178070399,301.9395772204217,302.0700988769531,5394600
2022-08-03,303.61747161684576,306.82424105028264,303.09544202986564,305.9106750488281,2564600
2022-08-04,305.4725588614893,306.09711680477136,304.409837419873,305.1649169921875,2426400
2022-08-05,303.03023795430033,305.9386971830061,302.8997163088789,305.7336120605469,2672400
2022-08-08,307.44891106347615,308.67009091207643,305.49128517423117,306.1531677246094,2528800
2022-08-09,306.02258275189547,306.63783810115666,305.00648827233005,305.67767333984375,1655100
2022-08-10,310.0497136386832,311.1963013870864,309.45309200659926,310.6090393066406,2934400
2022-08-11,313.0513988566691,313.96493661470447,310.5903772955042,311.0844421386719,2401600
2022-08-12,312.10042405821974,315.00891079414225,311.5317959404383,314.92498779296875,2606900
2022-08-15,313.3216459166766,316.8080923444397,313.27504730833016,316.3606262207031,1936500
2022-08-16,315.84784807014,319.8283297775288,315.78258727613235,318.5698547363281,3897100
2022-08-17,316.6403041629242,318.8682467902497,315.7360692601656,317.1343688964844,2960300
2022-08-18,317.1344963426022,317.88024506893964,315.9878799385803,317.48870849609375,1850900
2022-08-19,316.0184884970075,316.30802583449054,314.0664344944951,314.7949523925781,2010300
2022-08-22,311.12434840819344,311.50729136345825,308.36906885697084,308.9294738769531,2684500
2022-08-23,308.50911553162547,309.57388775614817,306.94935362804017,307.3883056640625,2897200
2022-08-24,307.2201941777616,309.1815972035187,306.6597892413482,308.08880615234375,2581700
2022-08-25,308.3036784322561,311.1617126464844,307.2856231013536,311.1617126464844,2498900
2022-08-26,311.47923550434496,311.64737694271685,301.5134847561316,301.6162109375,4191000
2022-08-29,299.38394544034554,301.98978124009403,298.64607850078954,299.906982421875,2896900
2022-08-30,300.83163347377575,300.9063693305773,295.6759709862077,297.0489501953125,2926300
2022-08-31,297.44118415856207,299.03834227616437,294.7699618622916,294.816650390625,2981600
2022-09-01,293.5465004922725,296.3111290502975,292.06144577181163,296.1336669921875,3228000
2022-09-02,298.6647656598548,299.5800946826896,291.6971430676666,293.05145263671875,3826200
2022-09-06,293.7892649009981,294.39638682815206,290.40819433766455,291.5943908691406,3320400
2022-09-07,291.07144494963626,296.0216279576018,290.893982869786,295.4518737792969,2520200
2022-09-08,293.9201547147346,297.38528310777895,292.9768065807844,297.23583984375,3301100
2022-09-09,298.9544069725626,301.6256591094031,298.4127000585485,301.00921630859375,2479300
2022-09-12,301.95255367363296,304.18479652827773,301.8778177895127,303.1480712890625,2486900
2022-09-13,297.75877519480173,298.4966421513153,290.3148043897628,291.1554260253906,4301200
2022-09-14,291.7439639814524,292.79006698366504,289.10075889973297,291.4637756347656,2868800
2022-09-15,291.06208185528925,292.82732495506156,289.1006784640211,289.8758850097656,3294600
2022-09-16,286.5262142276245,288.9797941177678,285.9549735478013,288.48345947265625,4071000
2022-09-19,285.97347721788924,290.48732689782776,285.898571239675,290.4498596191406,2730000
2022-09-20,288.14622398896245,288.42715723053954,285.23374934848636,287.5187683105469,2822800
2022-09-21,288.923497454395,290.5623414144302,282.55542949849774,282.63970947265625,5110700
2022-09-22,282.40559018496776,283.7260336111009,280.84168080322075,281.431640625,3492500
2022-09-23,278.90324491386593,279.0718049168931,273.8274968267799,277.0677185058594,4949300
2022-09-26,275.8876663326763,277.4234823045417,272.98456574952337,274.1270751953125,4143400
2022-09-27,276.0562402916392,277.6950842515785,271.1116150871034,272.7972717285156,3681000
2022-09-28,273.78052833743794,279.0997394312032,272.5630845458211,277.88232421875,3995700
2022-09-29,276.04686741361394,276.12180199927116,271.4393906666709,273.64947509765625,3351100
2022-09-30,272.7130104116271,274.82009564713087,268.8078951128302,269.0513610839844,3827200
2022-10-03,272.1042825537734,277.54524218553246,271.0835203222203,276.06561279296875,3457600
2022-10-04,279.64290159144696,283.92263157748243,279.48371564138205,283.88519287109375,4163800
2022-10-05,280.6917708218203,285.205592513295,279.82082080853877,283.5574035644531,2746900
2022-10-06,282.32137494406743,284.04449928115537,279.64302018482715,280.2236633300781,3081700
2022-10-07,277.882419370922,278.03225997715987,272.9284197128845,274.3612365722656,3029300
2022-10-10,275.5880206338999,276.1873830468101,271.66415736059474,273.4153747558594,3154500
2022-10-11,272.6848856278536,277.3298580103874,272.2541118093466,273.7243957519531,3849900
2022-10-12,273.88359437978266,275.85958681404145,272.86283214356365,273.6026611328125,4378700
2022-10-13,268.9014815103588,282.56475179782814,268.41449253204223,281.46905517578125,7389600
2022-10-14,283.3233234374481,285.02769926501713,277.3766559479184,277.9666442871094,5519400
2022-10-17,281.7781416495565,283.95075862393196,280.9259394217655,282.8738098144531,3555700
2022-10-18,288.680054465642,288.7924277734598,283.7916155213592,286.0672607421875,4685500
2022-10-19,285.00902813099884,287.17230002125945,283.0892507912312,285.0184020996094,2939800
2022-10-20,285.467722995904,288.7828764362475,283.5104795424094,284.0442810058594,3574700
2022-10-21,283.99950559170924,291.60833285789226,282.9968894588618,291.3084716796875,5357200
2022-10-24,292.8544787709206,296.10602391152355,291.9830343611344,295.2158203125,4331700
2022-10-25,294.55992096684395,298.7110209099822,294.33501085915196,298.43927001953125,6024800
2022-10-26,297.96146106148205,301.4659988188506,297.764661100272,298.3362731933594,4991800
2022-10-27,301.3159105203547,303.48048018994064,299.77917300517674,300.28515625,4262200
2022-10-28,301.51286241094,308.18464468671414,301.222380842045,307.8941345214844,5251400
2022-10-31,306.33863711785807,308.1190161612779,305.3453435205759,306.8071594238281,5128200
2022-11-01,308.63433086532075,309.06536331225414,304.352030797101,305.8606872558594,4376400
2022-11-02,304.97052007744327,309.92749389762366,301.0911703980686,301.1286315917969,7110300
2022-11-03,299.24526042994825,301.58787241296596,297.2118606463003,299.7325134277344,4112700
2022-11-04,303.23695103271183,305.60770102416944,299.2357813900558,303.7336120605469,6263700
2022-11-07,304.6706058621933,308.24074245631687,303.7429125340133,307.7441101074219,4518300
2022-11-08,308.72814675036085,312.5606564930821,307.622440766134,310.8271179199219,6349000
2022-11-09,308.9529427485146,310.03991783054386,304.50198124874646,304.8580627441406,4799200
2022-11-10,313.17899529080506,316.2431203287242,310.98631472289134,316.0276184082031,6002300
2022-11-11,316.6272615856763,317.0676735482132,313.10399448170364,316.5242004394531,5190700
2022-11-14,315.51229397936424,318.47335848507356,314.434698358355,314.6314697265625,3303300
2022-11-15,317.180069164106,318.7074557231895,312.429276997173,315.0436096191406,4824100
2022-11-16,314.53784648366076,316.0183647129739,314.42537708463254,314.91265869140625,3085500
2022-11-17,311.7827476868802,315.5777655106316,311.7827476868802,314.9405822753906,3606500
2022-11-18,316.85705428375775,317.5049300218264,314.79138802627756,316.7725524902344,3659100
2022-11-21,317.04484898906264,317.97439735414576,315.0448872847057,316.4720764160156,2304100
2022-11-22,318.1996820087948,320.2935149497806,317.730208627676,320.1432800292969,4389400
2022-11-23,319.8148140141271,321.6645412714078,319.232671294828,321.0730285644531,3108500
2022-11-25,321.2043100123334,322.8099010302971,321.1479754962212,322.5469970703125,1498300
2022-11-28,320.8287071286054,322.0399564209318,317.3170555643373,317.8240661621094,3089800
2022-11-29,317.29825937510486,318.65034494920917,316.05884282311257,317.814697265625,2943600
2022-11-30,317.97440725646555,325.0540759143456,315.6552069368698,325.0165100097656,6940400
2022-12-01,325.5798533612709,325.58925200012993,320.8287841092584,323.3827209472656,5325900
2022-12-02,320.04947730148206,324.32170356617763,320.04947730148206,323.6925964355469,3736500
2022-12-05,321.5423444396477,322.3498249368538,318.3311337625578,319.27008056640625,3827200
2022-12-06,319.02594137601835,319.85221913812956,314.2842715355887,315.91802978515625,5516300
2022-12-07,315.6176498790667,317.67391739194426,315.05427596328116,315.8993225097656,3577100
2022-12-08,317.1199774643895,318.91336982478094,316.4815003273763,317.7960205078125,3278400
2022-12-09,317.0542793570662,318.4063368168603,314.78201477077374,314.8946838378906,3815500
2022-12-12,315.6176930312189,319.85232498176475,315.54256121650184,319.82415771484375,5017300
2022-12-13,326.9225860930375,326.96015199931253,318.7725323492044,320.9414978027344,5274300
2022-12-14,320.913118436141,323.6172888128619,317.02589501038364,319.4483642578125,5498400
2022-12-15,316.03084782090764,316.77262415995864,310.5849653184158,312.48162841796875,5865600
2022-12-16,309.8842174299517,311.0229014028141,307.21158838007545,309.58306884765625,6672200
2022-12-19,309.48900453075834,310.862955662708,306.5152264354009,308.0868225097656,3709600
2022-12-20,308.28428913566347,310.42992181908863,307.17383641334254,309.0277404785156,4721700
2022-12-21,312.00161874189644,314.6271771612437,311.6063576392573,313.9402160644531,5086800
2022-12-22,311.96394234500957,312.29332178361454,306.45869055980563,310.7970275878906,4876900
2022-12-23,310.194787853595,312.6133391809646,308.7267242685322,312.36865234375,3997900
2022-12-27,312.75457550165396,314.1473666579017,311.0888952684186,312.7828063964844,3098900
2022-12-28,313.08382901895243,314.07193865925854,309.2066345214844,309.2066345214844,3102400
2022-12-29,311.0511646096781,313.23444897952766,310.6747432022484,312.4909973144531,2458800
2022-12-30,311.13577458599116,311.8698061870945,308.99956140922865,311.8039245605469,3881800
2023-01-03,312.82976278974695,314.15664308132574,308.99961004816214,311.7004699707031,3910700
2023-01-04,312.9614562988281,314.3542467637664,310.7405504235243,312.9614562988281,4137300
2023-01-05,311.4651053967623,311.63449065079163,308.7642463208157,309.8182373046875,4350100
2023-01-06,312.6038965296421,317.25277378323636,310.4676829514634,316.4622802734375,4800800
2023-01-09,317.78913521660036,319.4077727141484,315.1823881798207,315.53057861328125,3864000
2023-01-10,315.21068968045904,317.450407052446,314.58958144954926,317.3563232421875,2277500
2023-01-11,318.4572851690978,319.7841939941943,317.26213959940776,319.7371520996094,3265800
2023-01-12,320.7911929959508,322.7862521165993,318.03387126258485,321.8451843261719,4332600
2023-01-13,319.1725356588218,323.24734630487757,319.12546504072344,322.8238830566406,3473400
2023-01-17,322.1840076120417,322.5510378954785,318.67384256018124,319.172607421875,3929700
2023-01-18,319.55831102095834,320.1511881654179,313.09318162490257,313.3472595214844,5164300
2023-01-19,311.54985483483273,312.86734380491635,310.5240945395853,311.14520263671875,3454200
2023-01-20,311.5878343482217,314.3286653709761,310.2032914345302,314.27215576171875,4120200
2023-01-23,315.2328906201412,318.1149960569624,313.68821777507515,316.6268615722656,3985300
2023-01-24,315.4871413719974,318.08669837381507,314.3004108331424,317.50274658203125,3360900
2023-01-25,314.80903040311415,318.01139523201266,313.21727583902106,317.7099914550781,4318600
2023-01-26,318.7743669600958,319.7256315008754,316.6551697380804,319.6314392089844,2930900
2023-01-27,319.66906814732744,321.68467362991413,318.5011644058343,319.8668518066406,2907400
2023-01-30,318.7837853793538,320.6392615425417,317.2673957388236,317.4651794433594,3032700
2023-01-31,317.9737539508587,321.0442155046583,316.9471241490645,321.0159606933594,2593500
2023-02-01,319.4053854749161,323.3141210826973,316.0711739564106,321.05364990234375,6175400
2023-02-02,321.65642127351623,321.65642127351623,318.35989279041286,320.6391906738281,5169400
2023-02-03,319.075777629828,321.80721068196044,318.31286884431535,319.2735900878906,6504300
2023-02-06,318.0208174802644,319.81978367897415,317.1166348271126,318.8025817871094,2708400
2023-02-07,317.3615298684669,322.4099141676765,316.6457030300767,321.66583251953125,4969600
2023-02-08,320.58268201955576,321.60931172959283,319.1416292852078,319.68792724609375,2769500
2023-02-09,321.882471422362,322.6453800280862,316.5232554801846,317.48394775390625,3094700
2023-02-10,317.16375419514765,319.30180710691036,316.419701204264,319.0380859375,2523900
2023-02-13,319.1793865429158,322.64544469864694,319.1793865429158,322.6360168457031,2653900
2023-02-14,321.6658375622166,323.558996075823,318.7366501790543,321.3079528808594,3501100
2023-02-15,319.72558383572743,321.8071268254285,318.94384829082287,321.7976989746094,1967700
2023-02-16,318.82142722111047,321.07249924856745,317.70060513317617,317.7759704589844,3229600
2023-02-17,316.7212148579286,319.2778447363572,316.11741938478747,319.1457824707031,3034200
2023-02-21,315.7777182506784,316.9286778597,312.3625838278318,312.50408935546875,3142900
2023-02-22,312.97583274017705,313.61734373930244,310.80600427055646,311.8154296875,2896400
2023-02-23,313.07028889151707,313.91935125098877,309.4193005923976,312.9004821777344,5999600
2023-02-24,309.27770342734283,310.513595479379,307.9569368262023,309.5513000488281,3764700
2023-02-27,312.01364645346814,313.19290761850027,309.6268230070653,310.4381408691406,2887300
2023-02-28,310.258787041544,310.258787041544,308.0323565264991,308.0889587402344,3155300
2023-03-01,307.5890255185294,309.2682920980868,306.89088340102484,308.49468994140625,3317500
2023-03-02,309.03235121827265,312.456928923151,308.3059081956956,311.73992919921875,3047500
2023-03-03,312.7588892858837,315.50421247404796,311.7211625909627,315.2966613769531,3033500
2023-03-06,315.6929228586233,317.09859289794144,315.2683773400303,315.7400817871094,2641700
2023-03-07,315.7306384586905,315.9664906607036,310.1173445345588,310.25885009765625,5009200
2023-03-08,310.3061089038036,310.8532734699869,308.11739305795305,309.9004211425781,3169600
2023-03-09,311.06069488152883,311.7399502472885,304.15493679472945,304.79644775390625,4760900
2023-03-10,304.2870232727993,306.4851526817329,300.40959888732004,301.63604736328125,7741600
2023-03-13,298.83422878829725,304.8814836242658,298.739882135005,300.77764892578125,6831600
2023-03-14,303.975675434263,305.39078832723163,300.6737453506695,303.9568176269531,4760500
2023-03-15,298.9662956889665,301.7116192360107,297.1455232935791,301.4569091796875,6518000
2023-03-16,299.68325719042565,305.2588069198533,298.52285394634924,304.9569091796875,6569900
2023-03-17,303.37536400821193,303.7253496746212,300.0078922225545,301.2754211425781,5314900
2023-03-20,302.06052093945686,305.29557897046203,302.06052093945686,304.8699035644531,4695000
2023-03-21,307.82114835435806,308.2184183941806,305.85361955227785,308.01031494140625,3527300
2023-03-22,308.03868283040674,309.8453925595783,302.75099623060913,302.864501953125,4378700
2023-03-23,303.9523830453457,307.44282926069246,301.2754428325685,303.4888916015625,4772600
2023-03-24,302.1740094763855,305.0212076703664,300.7172852977514,304.8887939453125,4484900
2023-03-27,307.03609661695845,307.9631083895908,305.81585202315085,306.771240234375,3550900
2023-03-28,306.4685374392896,308.03876772357245,305.3807354758255,306.29827880859375,2536500
2023-03-29,308.9184585830576,309.47657663746475,307.69824289257514,309.39141845703125,2531700
2023-03-30,311.0940297754956,311.16025107287356,309.05084006010117,310.7156677246094,2487000
2023-03-31,311.7657001284285,314.8115630069782,311.6900392467866,314.6318359375,2837300
2023-04-03,315.5492648863014,318.0654140795863,315.47360403209035,317.7438049316406,3450700
2023-04-04,317.7438337280597,318.07491133797555,314.6412188151514,315.88037109375,2449900
2023-04-05,315.93713809253927,317.3087330233438,315.7101266320046,316.7127990722656,2566600
2023-04-06,316.2682993441599,317.1763742935843,315.25615820302386,316.7885437011719,2333300
2023-04-10,315.93717371938305,317.7911682128906,315.3979925726375,317.7911682128906,2834200
2023-04-11,318.1222696967302,319.5979022014545,317.83850531781394,318.68035888671875,2343100
2023-04-12,320.2978144980789,320.676205423075,317.7911333894402,318.4059753417969,3363800
2023-04-13,318.8411233817744,322.1612815156232,317.8952037910258,321.962646484375,3040900
2023-04-14,321.5558981508,322.41668841610726,319.0681250844939,320.515380859375,3107900
2023-04-17,320.78020389588283,321.54639635206956,319.7113102832055,321.5369567871094,2226400
2023-04-18,321.55596557188505,321.8208219500375,319.6262811783859,321.42352294921875,2191100
2023-04-19,320.7708543917867,321.26275117025097,319.9006243281962,320.6573486328125,2854700
2023-04-20,319.18153489717,320.52475297285054,318.6329144177411,319.6734313964844,2179300
2023-04-21,320.14098121808905,320.44381834304494,318.7686394770159,319.9989929199219,2470100
2023-04-24,319.80985645905855,320.7562914654008,319.14734040145726,320.6048583984375,2288800
2023-04-25,320.05578898102436,320.5384509679438,317.2448771726955,317.3678894042969,2745300
2023-04-26,317.62358648239604,318.43750670503556,314.5098072970837,315.11553955078125,3588400
2023-04-27,316.2796932938165,320.44400220091757,315.9484352128508,320.0843811035156,3066600
2023-04-28,319.1283283861631,322.7721078671546,319.07154461308966,322.76263427734375,3651100
2023-05-01,322.8290131949103,324.2391922287018,322.0340111896442,322.1286315917969,2296200
2023-05-02,321.73112397545884,321.78790776619695,316.40269017559496,318.8255615234375,3275800
2023-05-03,319.07166183881736,320.06540711559705,316.0430580420213,316.2134094238281,3924100
2023-05-04,315.4278657706113,315.7212583193975,311.7273013358665,313.5823059082031,3576800
2023-05-05,316.3553284010285,319.42176813257316,316.05246231119935,318.6930236816406,3542700
2023-05-08,319.1093906035338,319.31760738638735,317.1407903142105,318.21026611328125,1789900
2023-05-09,317.4438735652388,318.6458360215865,317.1977911399575,317.7845764160156,1924900
2023-05-10,319.3271338469153,319.75304111089554,314.68013495846753,317.5194396972656,3365500
2023-05-11,315.8632310536754,315.9862722340538,313.71483384238763,315.4751892089844,2744700
2023-05-12,316.5068247775392,316.53521667396046,313.563396728302,315.3521728515625,2636400
2023-05-15,315.64548711369395,316.35531323106187,314.0838465491656,315.89154052734375,2171000
2023-05-16,314.8883884646653,315.2291200921094,312.5885582903106,312.6548156738281,2265200
2023-05-17,314.34891787583206,317.21661461645283,313.16587418938946,316.68658447265625,3068800
2023-05-18,316.0146567910473,318.4186099004884,314.9262622622892,318.0589599609375,3553500
2023-05-19,318.6525912105047,319.11736792894817,316.05375500892734,316.9737854003906,3706700
2023-05-22,316.9074567672938,317.88439409038307,314.91563465791205,315.75030517578125,2555100
2023-05-23,314.6690879548984,315.9400531499043,313.0756127003885,313.57830810546875,2526200
2023-05-24,312.9995947240439,313.22722153039877,310.6094264210489,311.11212158203125,2978300
2023-05-25,311.16915293052097,311.7951558441816,309.03506392981035,310.8656311035156,3499900
2023-05-26,311.22606418039646,314.53626412709275,311.02689064215565,313.79644775390625,3580000
2023-05-30,313.61616641345483,314.2516633030068,311.9753079450002,313.49285888671875,3474500
2023-05-31,312.47809222415617,313.16100192064454,310.81824508155347,312.5444641113281,3067600
2023-06-01,311.9658143692246,314.87766662168224,310.45772858019,313.8912353515625,3081300
2023-06-02,316.0727977858867,321.06183287088015,315.9494902350508,320.65399169921875,5584700
2023-06-05,320.7868297401962,321.0429389965342,318.652740313062,318.8139953613281,3415600
2023-06-06,318.7190660266958,319.3924815380236,317.2394333549549,318.85186767578125,2824900
2023-06-07,319.20277400892013,320.1322696889495,318.6241837888121,319.8003234863281,2739000
2023-06-08,319.85733422752844,321.78275597789974,319.40205139538136,321.3559265136719,2700300
2023-06-09,321.1282538209599,322.7311941914052,320.8911328069347,321.79217529296875,3162300
2023-06-12,322.23800597594254,323.71763898076426,321.754298727154,323.5943603515625,2035500
2023-06-13,324.13493388686874,325.9275826567606,324.00216116989697,324.9696044921875,3259300
2023-06-14,323.80293459947484,324.41944334935766,320.9100413185913,322.8829040527344,3766000
2023-06-15,322.8165364925934,327.77708930754557,322.655281475951,327.0088195800781,4722500
2023-06-16,328.2979095974317,328.65915125505245,325.797764556173,326.01641845703125,5576800
2023-06-20,324.44790408701664,324.7425951557396,322.2614808653812,323.6493835449219,3387200
2023-06-21,322.8507257536414,324.0770381055179,321.9571374055423,322.67010498046875,3050700
2023-06-22,322.20435110546566,323.1454591445579,321.53890301049967,322.5845947265625,2605500
2023-06-23,320.4742655119811,321.4914398602491,319.6187099616767,320.5122985839844,3721600
2023-06-26,320.1699570869973,321.3867539073428,319.3619503864689,320.4931945800781,2301900
2023-06-27,320.45517834839865,322.8792565987298,320.45517834839865,322.4800109863281,1778800
2023-06-28,322.00473612902334,322.2043589580868,320.76890806692865,321.90966796875,2305000
2023-06-29,321.7005736123653,324.5334427158156,321.4153690925441,324.3147888183594,2902700
2023-06-30,326.2730507002604,327.5658849406421,325.8357719437468,326.8719482421875,3027500
2023-07-03,326.0638805174799,327.5183334013416,325.8547421742116,327.0810546875,1698400
2023-07-05,325.4745395622269,326.76737383934153,325.35095384235194,325.88330078125,2717000
2023-07-06,323.44012096615904,324.03901839548763,321.0255582339842,322.4800109863281,3742400
2023-07-07,321.2822352094479,323.59224342200446,320.5407500173657,320.7688903808594,2852200
2023-07-10,320.7404523318016,322.87935580187093,320.5218274328427,322.81280517578125,2560200
2023-07-11,323.9154716641006,325.98785313135943,323.1644999182972,325.7216796875,2477100
2023-07-12,327.8796083975281,328.82071653274545,326.2065014809358,326.6628112792969,4140200
2023-07-13,327.3377527775795,327.8510976850992,326.72936871114285,326.9385070800781,2472300
2023-07-14,328.64002475962633,328.83967657183837,327.49929402612014,328.126708984375,3293400
2023-07-17,327.5469111383151,329.5812598521911,327.22370255036674,328.7732238769531,2860000
2023-07-18,328.5830261164766,332.6326917458474,328.2027824964686,332.3189697265625,4617200
2023-07-19,333.09845657975575,335.0472520908799,333.09845657975575,333.3741455078125,5864300
2023-07-20,334.0965754433779,336.4160986513245,334.0015073097956,335.0281677246094,4561300
2023-07-21,335.64477155923805,336.12996787584115,334.5982839316675,335.00738525390625,2971700
2023-07-24,335.5496585864931,337.31917945342633,335.37842306050953,336.843505859375,3073700
2023-07-25,336.58651882805896,337.89938218446866,336.34868210502253,337.08123779296875,2548700
2023-07-26,335.95858428363516,338.94579779532626,335.9395387688315,337.9659118652344,3084700
2023-07-27,338.54628679333905,339.0219602333563,334.9121637765373,335.60662841796875,4771000
2023-07-28,337.2620292384972,338.2514092001442,336.23455823542514,337.2334899902344,3219000
2023-07-31,337.3191606773519,338.299047065242,336.9576441207459,338.2705078125,2201400
2023-08-01,337.98512855309457,339.34557719156055,337.8614777976105,338.8699035644531,2581900
2023-08-02,337.2336418308834,337.91861313040687,334.9789240717052,335.5782775878906,5061000
2023-08-03,334.4936747549453,336.19659433867645,334.03701765610447,334.86468505859375,3307000
2023-08-04,335.9397029029619,337.69017818513447,333.1617854672923,333.5898742675781,4269400
2023-08-07,334.912175918553,337.604474912225,334.7599569282925,337.36663818359375,2390800
2023-08-08,335.2736670250097,336.15841262070643,332.895299918641,335.8444519042969,3033600
2023-08-09,335.7018780490297,336.47246694975144,333.4852518723585,334.1892395019531,2873300
2023-08-10,335.96814755091924,338.6033970105772,334.1035157803995,334.76947021484375,4133500
2023-08-11,334.1036254144551,336.51053266859384,333.5518277802059,335.8255615234375,2602600
2023-08-14,335.5686405718598,336.3011673161837,334.6553265405911,336.0252685546875,3134100
2023-08-15,334.560142920853,334.8930910755984,332.1912696395361,332.600341796875,2818700
2023-08-16,332.3055355099337,334.4175272656153,330.79289708168744,330.8499755859375,3586800
2023-08-17,331.9726049952693,332.32459880123423,328.04353655673026,328.2718505859375,4804100
2023-08-18,326.74744812984017,329.5675957315526,326.49018558532714,328.8149108886719,3525400
2023-08-21,328.98641139924246,329.38658144040875,326.3091711863159,328.3861999511719,3176500
2023-08-22,328.50048585398093,328.8339560016281,326.385368067723,326.7569274902344,2816000
2023-08-23,327.3000648511574,329.0817128158233,327.03329449937513,328.53863525390625,2605400
2023-08-24,328.05269424768744,330.5774898418715,324.86095834902477,324.9181213378906,3840800
2023-08-25,326.2806410294113,328.27189653922613,324.2703408768436,327.2715148925781,3868500
2023-08-28,328.9006365281795,330.2916801481156,328.22418843199176,329.37701416015625,2382700
2023-08-29,329.23401659620225,332.27330738262435,329.08157230658963,332.1494445800781,3107700
2023-08-30,332.606854740652,334.1598504089575,332.0542404279168,332.8926696777344,2792900
2023-08-31,334.34086083122844,334.68383873993304,331.3110772587677,331.3777770996094,2901400
2023-09-01,333.3977149980951,333.80739287244705,331.32071504944696,332.49261474609375,2533200
2023-09-05,332.5877682495048,332.7783309174262,330.51076891775347,330.5870056152344,1906900
2023-09-06,330.08206826739985,330.1392312563848,327.2333102959978,328.7005615234375,2748400
2023-09-07,328.1859805165445,329.8818832605297,328.081191422483,329.3578796386719,2378600
2023-09-08,329.4341625557826,330.6441802959003,329.15788447603927,330.13922119140625,1665900
2023-09-11,331.57787274589754,332.1209502184004,330.1392320851217,330.9585876464844,1722900
2023-09-12,330.26310393221155,332.79740738814746,329.9963045412881,330.80615234375,1813800
2023-09-13,331.13962980391545,332.0447589693986,329.48184488585616,330.1773376464844,2025200
2023-09-14,332.1876400032354,334.0645689581925,331.3015846227982,333.40716552734375,3489400
2023-09-15,332.6840833804004,333.2476921364015,330.14304836259026,330.6589050292969,3581700
2023-09-18,330.7925253376366,331.60451467148647,329.86590770304,330.6683349609375,2122800
2023-09-19,330.018792328842,330.3435822684327,327.64016736240364,329.6366882324219,2740900
2023-09-20,330.56333154749893,332.11087220697345,328.80562924583177,328.9202575683594,3411400
2023-09-21,327.821752738695,328.28026610638204,325.24249843473103,325.3475646972656,3483700
2023-09-22,325.45261274545066,326.15950685287277,324.14389077784944,324.3922424316406,3376400
2023-09-25,323.5801682522888,324.8602326882965,322.5866745285714,324.7742614746094,3104700
2023-09-26,322.75872986143725,323.58981437047066,320.54248506889695,321.0105895996094,4657300
2023-09-27,321.8130167275287,322.07093045857147,318.03966916747544,320.4278564453125,4442200
2023-09-28,320.3228513053175,322.5677536052724,319.60639498529036,321.564697265625,4053600
2023-09-29,323.6280506307718,323.67580271782566,318.9758662278091,319.9693603515625,3786500
2023-10-02,319.3387716696463,320.03610350809436,317.2275936982109,319.147705078125,4192600
2023-10-03,317.95369084407076,318.9471848922788,314.3236579236573,315.22161865234375,4871100
2023-10-04,315.36493989697783,316.63544281771425,313.9129032416455,316.18646240234375,4877100
2023-10-05,316.0240463951593,316.9124450470287,314.6580102978536,316.3583984375,3172200
2023-10-06,315.57506777226615,320.6284801356262,313.7887083809019,319.1573486328125,4491300
2023-10-09,318.0588921683513,321.3354791351846,317.71497793407076,321.0584411621094,3756300
2023-10-10,322.11866421757287,323.84770921966293,321.0009799091066,322.35748291015625,3769400
2023-10-11,323.0644380666796,323.68536095440123,321.1252310819219,322.9115905761719,2773900
2023-10-12,323.61847293554365,323.61847293554365,319.60633577824893,321.23028564453125,3315000
2023-10-13,322.38615506823044,324.420865935979,320.5137954408642,321.6219177246094,5154600
2023-10-16,323.6184526821045,325.6627548685547,323.2745677270054,324.6883850097656,3969300
2023-10-17,323.1980237172667,326.2453518455275,323.140709576827,324.7837829589844,3777800
2023-10-18,324.5450483230127,324.76477202001166,320.9723299317939,321.57415771484375,4141200
2023-10-19,321.6315776903203,323.47525164779194,318.8326286270893,319.176513671875,5201800
2023-10-20,318.64791354351934,319.46035780357545,316.4973412387258,316.5546875,3960800
2023-10-23,315.3215991969121,317.6442096568703,314.3466838501261,314.7672424316406,3898300
2023-10-24,316.3731728723556,317.99806186286986,315.27399698771933,316.7937316894531,3583900
2023-10-25,317.5391910407813,317.9884228957626,315.25479119955594,315.7518310546875,3836300
2023-10-26,315.5701791639318,316.3921616223179,312.89389411995097,313.3335876464844,4882600
2023-10-27,313.3527139714683,313.39095453477165,308.927309469465,309.864013671875,4757300
2023-10-30,311.9668083068308,315.4363737534868,311.94767344060455,314.6813049316406,4617200
2023-10-31,314.6335281340365,316.06724313100443,313.35274623702594,315.8760986328125,3645800
2023-11-01,316.2965545509201,318.62870335242,315.5127836067867,317.978759765625,4546200
2023-11-02,319.9860345586183,323.5607542215291,319.63238956552857,323.4365234375,5356300
2023-11-03,325.08998168557,326.52369619671,324.3922592916396,325.5583190917969,4046900
2023-11-06,325.7973229322084,326.54288259791235,324.87021540424536,325.9693908691406,2766000
2023-11-07,325.6730316266255,326.95381305373303,325.26201130984833,326.4472351074219,2793700
2023-11-08,326.9825721213236,327.45090963752284,324.9180192402158,326.0458679199219,2787900
2023-11-09,326.89662854315856,326.9348399462793,323.7997839187887,324.124755859375,3940700
2023-11-10,325.74950191176964,328.12945873352743,324.2775468046959,327.852294921875,3268600
2023-11-13,327.25027891753257,329.08541804337193,327.1069132309842,328.3876953125,2624500
2023-11-14,332.16303270121176,334.07465242498046,331.35061765381175,333.0232849121094,4815500
2023-11-15,333.85485935851045,335.27900682329215,333.55856061307276,334.7915344238281,3149400
2023-11-16,334.13205356286335,335.29814295264725,333.3387440815627,334.5526123046875,3848000
2023-11-17,334.99985874328803,335.4212686473197,333.99423874341875,334.6646423339844,2059200
2023-11-20,334.3485955839334,337.35589797852964,334.31986441936226,336.66632080078125,2904300
2023-11-21,336.2736965728777,336.36947687965363,335.5553881141276,335.9959716796875,1849500
2023-11-22,337.02068115396975,338.21786161918794,336.64714681936306,337.662353515625,3486200
2023-11-24,338.2370952597008,338.9937216972755,338.12217058119256,338.85003662109375,1245100
2023-11-27,338.68715721514076,339.17561621264224,337.87306862865154,338.3902587890625,2532400
2023-11-28,338.55308420709434,340.13338596904094,338.1699922637298,339.1468811035156,2759600
2023-11-29,339.9705782830804,341.08156544949344,339.39592571727457,339.6640930175781,2736300
2023-11-30,341.63697679132844,344.960350834392,341.3879831369345,344.7879638671875,4094300
2023-12-01,344.80723275659597,347.90075862725786,344.65399009883686,347.7091979980469,5852500
2023-12-04,345.8893473709406,347.6133046441318,345.764835935717,347.31640625,4211000
2023-12-05,346.5694048093068,346.9525259851841,345.4584469289974,346.6173095703125,5372700
2023-12-06,347.4792615842295,348.187983124293,345.5829170510366,345.9564514160156,5583700
2023-12-07,346.6651303361696,347.0482222234829,345.6786548430201,346.5406188964844,3295600
2023-12-08,346.4737263758878,348.3125798021989,346.10977871933403,347.7762451171875,2930400
2023-12-11,348.2358777609846,349.4522026550962,347.66122526205083,349.2798156738281,3673200
2023-12-12,349.96944050590355,351.18576556572424,349.0308403221712,350.92718505859375,3239600
2023-12-13,351.1091299892871,356.03192138671875,350.5344774593192,356.03192138671875,4304800
2023-12-14,356.9608906758743,357.8803463016543,355.57217889675024,357.5546875,5507000
2023-12-15,356.8280907756566,358.4119264588499,356.43453391385844,357.6824035644531,6948400
2023-12-18,358.3159950515641,358.8727162629567,357.8072564418163,358.0184326171875,3403200
2023-12-19,358.2679340810615,360.49487720840125,358.1527524181653,360.4372863769531,3749200
2023-12-20,359.640534510076,361.2435278773238,355.7433700317076,355.9257507324219,4564700
2023-12-21,357.9319852034875,359.12223473763294,356.27137150391155,358.88226318359375,3837500
2023-12-22,358.65189442539156,360.2548879777527,357.63438810176916,358.8054504394531,3330700
2023-12-26,358.69025115877884,361.0035803061748,358.59425668465525,360.29327392578125,2217800
2023-12-27,360.05337759076144,361.6755878740559,359.7174115078566,361.4548034667969,3061200
2023-12-28,361.41645437056985,362.5395344644725,361.41645437056985,361.906005859375,2620400
2023-12-29,361.82906559063895,362.31858756653975,360.21643473100664,361.75225830078125,3364400
2024-01-02,359.765322938895,362.6641979050865,359.765322938895,361.9634704589844,5776300
2024-01-03,360.5044349573156,361.0323606027904,358.9014122574311,359.198974609375,6393600
2024-01-04,359.80379280819477,362.08832698838944,359.38144047437356,359.5158386230469,4251900
2024-01-05,359.41018869213735,361.15718863502104,358.2391263373189,359.6117858886719,5381700
2024-01-08,358.42159060003513,361.84839221898477,357.5289032418444,361.7236022949219,4604900
2024-01-09,359.7653349936661,360.53326152746826,358.7574662039656,360.1300964355469,3230900
2024-01-10,360.4852070927376,362.3282012629284,360.23565663043365,361.8290710449219,2718700
2024-01-11,362.6161303438444,362.9520963087029,359.23734210732215,362.04022216796875,4095700
2024-01-12,362.33786949614233,363.0769713575106,359.69818232830846,360.8308410644531,3816700
2024-01-16,359.9285913725115,360.46612539331454,357.1161313541299,358.671142578125,4471600
2024-01-17,356.8376775698995,358.75744987693326,356.4441207317495,357.7687683105469,4361000
2024-01-18,357.2984394330148,360.2740631238638,356.46331385905916,359.7749328613281,3953400
2024-01-19,360.9111122556946,364.35905939367666,359.6433350639414,363.6195373535156,5218600
2024-01-22,364.6664032459029,366.00138839249655,364.08052452512527,365.0313720703125,5433400
2024-01-23,364.3493996457114,364.8200311663833,363.0240283600876,364.0420837402344,3110100
2024-01-24,365.16581067992433,365.5595912828036,362.9856407816013,363.12969970703125,3967200
2024-01-25,364.0710190961891,365.50205360852476,362.9665279949204,365.42523193359375,3539100
2024-01-26,364.9448905677823,367.00981310209454,364.91607878581715,366.0109558105469,3221000
2024-01-29,365.9245928959351,368.2392375388094,365.48280238166984,368.1431884765625,2730900
2024-01-30,367.67252346591744,369.71824797162526,367.35556454556774,369.27642822265625,2747900
2024-01-31,369.9679621873643,370.5538408847351,366.2510954421053,366.2799072265625,4476600
2024-02-01,366.3087254063496,369.9103450766599,365.8957467185674,369.8623352050781,3652500
2024-02-02,368.7962550393734,372.4363003360784,368.0759310769943,371.130126953125,3344800
2024-02-05,370.7171409919002,370.7171409919002,367.000273814528,368.4024963378906,3761600
2024-02-06,368.72903390170893,370.121642593175,368.32563960076715,369.8431091308594,2507800
2024-02-07,371.1013194811337,372.1193750149933,370.39057989915176,371.3702392578125,2797600
2024-02-08,372.13847099104163,372.3209553583648,370.25603307081457,372.0232238769531,2549800
2024-02-09,371.8697087046565,372.16744031210123,370.4962978303067,371.4183044433594,3526300
2024-02-12,371.1973397737814,374.0018140004526,371.1493298996837,372.75323486328125,2412200
2024-02-13,369.8335181581588,369.91995351180975,365.40591186522386,367.67254638671875,5325300
2024-02-14,368.8059086362703,369.3341345418034,366.952281806966,369.0844421386719,3465200
2024-02-15,369.9487759634056,372.9645169701641,369.6510444111158,372.8876953125,3497200
2024-02-16,372.43756249807234,373.4764538185654,371.0234972230764,371.4948425292969,3772300
2024-02-20,370.840741829349,371.86040479790637,369.90765069514055,371.0138854980469,3295700
2024-02-21,370.31152649706786,371.475504816206,368.7339469033184,371.36004638671875,3027600
2024-02-22,373.5822212031243,376.57389562941404,373.14936208944795,375.6792907714844,4990700
2024-02-23,376.8623974221367,377.8916889369859,376.0447650203462,376.39105224609375,3451600
2024-02-26,376.5546044932487,377.47806647156295,375.3906261278559,375.8427429199219,1914100
2024-02-27,375.5062015593545,375.5928027577457,373.95747856873606,374.8328552246094,2370900
2024-02-28,373.178186880058,374.9096818967076,372.8511280149722,374.7750244140625,3313900
2024-02-29,375.8235571512507,376.2275589691916,373.66880250535183,375.1117248535156,3026900
2024-03-01,375.0155770306229,376.70858619551944,374.0824859396719,376.4200134277344,3857500
2024-03-04,374.5345233994193,376.3622190391425,374.5345233994193,375.38104248046875,3048500
2024-03-05,374.1882862167489,374.4768883409052,370.2731786704052,371.4948425292969,4132400
2024-03-06,373.7072935055927,374.322954521536,371.43710956105093,372.4471435546875,3039100
2024-03-07,374.2652876147528,374.89054823118687,373.07245158359797,373.66888427734375,2965700
2024-03-08,373.466713827054,375.56378295586575,372.95688251803074,373.2262268066406,4256900
2024-03-11,372.19709203220384,373.86124399487176,370.83111237204827,373.6400146484375,3396000
2024-03-12,374.42873186816115,376.54502978574453,373.0820101734859,375.9197692871094,3275800
2024-03-13,376.78552140358335,377.84367037516006,375.21754102156484,376.3334045410156,2788700
2024-03-14,377.2473007939225,377.47815900601154,373.08204796069913,375.2272033691406,4471900
2024-03-15,373.880012267493,375.34569786945286,372.24079735307816,373.1664733886719,4372300
2024-03-18,374.46834716729956,374.9600970916058,373.629450222645,373.8705139160156,2060600
2024-03-19,374.285045484874,377.1103042224532,373.6197074986573,376.9270935058594,3303800
2024-03-20,376.2039822528296,381.0927608642889,375.9532960297144,380.8709716796875,4823900
2024-03-21,382.1437585454909,384.56404713707514,381.6616312197868,383.53228759765625,4348400
2024-03-22,383.5419211320795,383.8311857429166,380.38878974037914,380.4273681640625,3156100
2024-03-25,379.83913661372054,380.06089631038554,378.77845080343775,378.90380859375,2535600
2024-03-26,379.6077830524716,380.17668979399394,378.59532738864186,378.8074645996094,3395400
2024-03-27,380.88060093438014,383.3683650762717,380.36954712791663,383.3490905761719,4427300
2024-03-28,383.8312568519266,384.3133842437847,382.8477275661555,383.5419921875,3155000
2024-04-01,383.5997749688616,383.82153469546034,380.62023176327455,381.1987609863281,3825200
2024-04-02,377.95888552088036,378.12282175444403,376.32929285487984,377.63104248046875,4034900
2024-04-03,377.679201374374,378.87489698314346,376.0496088898801,377.27423095703125,3547000
2024-04-04,379.9453088374042,380.1477941012167,371.8166481247187,372.22161865234375,5041200
2024-04-05,372.5397326656601,376.49318200848745,372.27936511707145,374.9599914550781,4423500
2024-04-08,375.1433894678476,376.19445329512405,374.68056590898647,375.1916198730469,2431300
2024-04-09,375.692882812348,376.04002977972823,371.94194761771746,374.9407653808594,4003900
2024-04-10,371.1608813514463,372.17333687740376,369.3384260926658,370.7655334472656,5173100
2024-04-11,371.69130558169,372.27948689538493,368.34534018877025,370.7945556640625,3972800
2024-04-12,368.6441346467901,369.24196772706625,365.26924390497527,366.2913513183594,5305100
2024-04-15,369.6277086838223,370.10021345542015,363.13829395685315,363.8229064941406,4870700
2024-04-16,366.1660010460446,366.3492117585002,363.5625315049136,364.46893310546875,4383500
2024-04-17,365.65507635189414,366.600056706068,362.6948363030406,363.9580078125,4584900
2024-04-18,365.5006630664715,367.31346626754026,363.37932078412217,364.33392333984375,4579200
2024-04-19,365.34508477613747,367.6026203723532,364.6022299353362,366.41595458984375,5078600
2024-04-22,368.2779544692397,370.89244659975503,366.4256017661015,368.8953857421875,4129000
2024-04-23,370.16890803202057,372.00194684318046,369.4163961225065,371.4520263671875,3126400
2024-04-24,371.3072959220095,371.8861579966309,369.52248345948834,370.8924560546875,3575800
2024-04-25,366.4062153949521,368.1041730055832,364.1776221092606,367.49639892578125,4682800
2024-04-26,367.3324094550452,369.8311345903757,367.1201610545621,368.8374328613281,4252400
2024-04-29,369.5997098090723,370.4969299020431,368.6060077890599,370.2750244140625,3265900
2024-04-30,368.98211602915563,369.26190468408055,364.756462350376,364.8047180175781,3463600
2024-05-01,365.0459877538313,369.9662709125173,364.66008954263253,365.53802490234375,5731600
2024-05-02,367.71835740080087,369.4163448345899,365.54764687370977,368.76031494140625,3535600
2024-05-03,373.49736694983227,374.3173897614953,371.49064876810985,373.140380859375,4471100
2024-05-06,374.635623847992,375.0408065750837,373.19811137522277,374.76104736328125,2596100
2024-05-07,375.4557322906334,376.0152802406174,374.65496485345034,375.0408630371094,2428600
2024-05-08,374.65503371240715,377.13447489739013,374.51032554720666,376.7196350097656,2855100
2024-05-09,376.3626684682245,380.36644771339627,376.26621598118754,380.1156005859375,4141200
2024-05-10,381.32144652612527,381.9485347306555,380.21197825008824,381.25390625,3505600
2024-05-13,382.41164817047996,382.63352417082893,380.18305449075393,380.5592956542969,2635800
2024-05-14,380.63647168392066,382.2862032700051,379.93218618661143,381.6398010253906,2702700
2024-05-15,383.24129277293247,385.4216600208184,382.95187651973595,385.20941162109375,3421200
2024-05-16,385.66285492518983,386.8688050656689,385.064708366255,385.1418762207031,2877200
2024-05-17,385.6192150152121,386.49845860901615,384.97187895906086,386.43084716796875,2702900
2024-05-20,386.2569361316678,387.17483596021907,384.39218120210677,384.6434020996094,2094800
2024-05-21,384.8560332055337,385.5710103620304,384.32460656038614,385.30047607421875,1618300
2024-05-22,384.4984175498619,385.3679896528595,382.14089261265843,383.25201416015625,2647200
2024-05-23,383.638587025335,383.66757178676323,377.0587808069074,377.4549255371094,3361200
2024-05-24,377.9958980980903,378.99108063580684,376.9717308063051,377.4355163574219,2072200
2024-05-28,376.63356864140957,377.02971328465486,373.93786847621305,375.4644775390625,2176100
2024-05-29,372.2856572467169,372.6818018673836,371.25181856492924,371.580322265625,2715000
2024-05-30,368.4789689883047,369.4741518635015,367.5514270575451,368.58526611328125,4063400
2024-05-31,369.06830769189366,374.5079774430948,368.3822859097704,374.4306945800781,4748400
2024-06-03,374.7590804825713,374.7784233067582,369.98606169836825,373.1841735839844,3614300
2024-06-04,371.9861197039391,375.2518726933879,371.54167701180535,374.4112854003906,2822500
2024-06-05,375.4644304661271,375.82191889579286,372.92332580853923,375.39678955078125,2181400
2024-06-06,375.6673570557092,377.3871879272908,374.6818459335724,376.1697692871094,2241900
2024-06-07,375.7350161207121,378.38238873426087,374.7784897063897,375.3581848144531,1952000
2024-06-10,374.913776258373,376.19880651312053,374.10217354705554,376.1311950683594,1380600
2024-06-11,374.55628545004413,375.0780405776985,371.88956978205533,374.8558044433594,2522600
2024-06-12,378.3437297867978,378.6625915799089,373.6190377746687,374.5852355957031,3866700
2024-06-13,373.74461228230115,374.56588624843744,371.58998073354593,373.8025817871094,3136100
2024-06-14,371.6190195283373,373.47413241002323,370.66249307388455,373.3968200683594,2884300
2024-06-17,372.2277036837148,376.05383872831146,371.9668408918163,375.44512939453125,2025300
2024-06-18,375.7640614561572,377.0007936961059,374.904131097197,375.9862976074219,1848700
2024-06-20,375.59971408255444,379.82199364676444,375.25189703641195,378.8171691894531,3588000
2024-06-21,379.276117090123,380.0507902931628,378.10438471427324,378.95654296875,2592100
2024-06-24,380.0508947178073,383.0721624124444,379.498924394238,381.51312255859375,3096600
2024-06-25,381.1064850369077,381.6390694354538,377.4848402022271,378.6468505859375,2879100
2024-06-26,377.74619813843265,379.3343170447221,376.7003860808465,378.85980224609375,1501900
2024-06-27,378.2496663298102,379.97336903288954,377.8139236957939,379.16961669921875,1601100
2024-06-28,378.9857225463103,381.8423863727424,376.8844052471329,378.7533264160156,3624400
2024-07-01,379.6731300918395,381.81321882033035,377.91074406210925,379.07275390625,2536500
2024-07-02,378.424048909955,380.8449401855469,378.3272073485522,380.8449401855469,1711600
2024-07-03,381.27098901130984,381.59053363137315,379.73130582903656,380.3994445800781,2319100
2024-07-05,380.7480721169304,381.53243847146393,379.25679492045595,381.241943359375,2011000
2024-07-08,381.92950252616976,384.1760967681227,380.35107665403814,381.0095520019531,3374500
2024-07-09,380.7771506054385,382.5395665579477,379.08252670154025,380.5060119628906,3821600
2024-07-10,380.5059633106249,384.88292356693563,380.2057751930401,384.68927001953125,4234300
2024-07-11,384.9216553308866,386.2676848639954,383.7693088916567,385.04754638671875,4020700
2024-07-12,386.23861370266303,389.94743520787085,385.5220394340595,387.6524353027344,4711800
2024-07-15,389.73443374972396,390.8092952577857,388.69828522350434,389.6278991699219,4433500
2024-07-16,391.0803842927446,397.01641349157654,391.0707208244569,396.6968688964844,6547600
2024-07-17,395.63175420168756,399.2921408202257,395.63175420168756,398.8951110839844,4490600
2024-07-18,397.68472086312937,400.7640880642807,393.20122463186823,393.85003662109375,4922200
2024-07-19,392.7299919893405,393.3984791900465,389.41664892722986,390.3854675292969,4284500
2024-07-22,391.4414788127246,392.1099660177941,389.6782218496138,391.54803466796875,2314000
2024-07-23,391.68367245804643,392.65249103921235,390.64702948035966,390.9085998535156,1693500
2024-07-24,389.2034431497114,390.07537383386773,385.6672321854228,386.2388610839844,3701300
2024-07-25,386.20012495602356,391.7805289998342,385.94822268388106,387.0332946777344,4179800
2024-07-26,389.28108107902574,394.9099159622246,389.18419328547253,393.3113708496094,2810600
2024-07-29,394.1735125312767,394.3091613239019,391.363944567721,392.8656311035156,2039000
2024-07-30,393.21446225901747,395.9756016162277,392.64286274309,394.7064514160156,2576400
2024-07-31,394.7548644903575,399.16300737377134,393.8151091561792,395.75274658203125,5634800
2024-08-01,396.92499586300346,398.11662382962277,388.4575011169732,390.65673828125,5497900
2024-08-02,387.45969005218393,387.8956703323561,381.2883191149203,384.74700927734375,4844900
2024-08-05,374.46775259076827,378.12988569620273,372.9273345730693,374.74871826171875,8680200
2024-08-06,375.4753477812078,382.21831720171565,374.21589538222156,377.8005065917969,4058000
2024-08-07,380.38730746908345,382.4799595000926,375.2041212852693,375.6788330078125,3969400
2024-08-08,377.36453129733155,382.8189845861767,377.1029313607533,382.2182922363281,2993500
2024-08-09,381.8889190661396,384.1268877278884,380.18381838852025,382.82867431640625,3380200
2024-08-12,383.6036849177699,383.6908750321268,380.36780521078254,381.49163818359375,1902000
2024-08-13,382.75119511868604,385.715777853135,381.7823764586439,385.3863830566406,3510800
2024-08-14,385.3379551127375,388.3800601395415,385.11514572539943,387.61468505859375,5230400
2024-08-15,392.11971449720744,393.47608447985584,390.60835952351704,393.22418212890625,3764100
2024-08-16,392.71705346113475,394.9859137176487,392.30013259810823,394.37506103515625,2789200
2024-08-19,394.9761739243896,396.8766109025071,394.8792376129221,396.6729736328125,2012400
2024-08-20,396.19785257398706,396.90567105716156,395.38339231942507,396.1396789550781,1999600
2024-08-21,396.8765946096122,397.5262099010016,395.1991763143778,396.5566101074219,1439000
2024-08-22,397.2450726774908,398.02074072603943,393.6769227205848,395.0925598144531,2353500
2024-08-23,396.84751003193264,399.7853962394133,396.139691526296,399.3102722167969,3818300
2024-08-26,400.095723834787,401.91854682273726,399.135799796151,400.17327880859375,3145000
2024-08-27,399.75624698879375,400.51253353031825,398.85449682826476,400.3380126953125,1710200
2024-08-28,400.1150227709787,401.34640375923726,396.28509205286616,398.83514404296875,2732600
2024-08-29,401.7730950592333,403.6444157145114,398.7964163444604,401.32708740234375,5024800
2024-08-30,401.9088877679069,403.8868503761061,399.59152966684286,403.55718994140625,2283800
2024-09-03,401.59857672504234,402.5584711376385,396.19789829106503,397.7783508300781,3754700
2024-09-04,397.5068140248593,400.00836838131113,396.78931967258944,397.9431457519531,2131200
2024-09-05,398.8351152922746,399.1453942809104,393.6380753868741,396.04266357421875,2234700
2024-09-06,396.527504629945,398.50549640088445,391.50498503720735,392.17401123046875,3351000
2024-09-09,394.976241796875,398.398958203125,393.764241796875,396.6148681640625,3038200
2024-09-10,397.6328759635891,397.66196277341515,392.6588243544674,395.84881591796875,1970500
2024-09-11,394.7726387452503,397.4681255934967,388.6253782234175,396.82818603515625,3134600
2024-09-12,397.24509429977024,399.47516225311097,395.09258131957006,399.4460754394531,3131600
2024-09-13,400.04708813963407,403.6539997696471,399.81439370861096,402.3256530761719,5210300
2024-09-16,403.78983814867024,405.82597400437123,403.01414057474125,404.6915588378906,3881100
2024-09-17,405.57394304280797,406.7374451476363,403.1693246824185,404.57525634765625,2561700
2024-09-18,404.8078930237135,408.2014921269063,402.91716168742886,403.5377197265625,3173600
2024-09-19,409.15170849377677,409.9273764490012,406.63074325454386,408.5990295410156,4073000
2024-09-20,407.8385962363712,409.70574089219417,406.98280923673184,408.995849609375,2902200
2024-09-23,409.5307609079192,410.09481591100024,408.4415880881216,409.5210266113281,2318700
2024-09-24,410.0655765305404,411.01858775521816,408.8110692597895,410.5129089355469,2790700
2024-09-25,410.8144254134467,411.3006653801156,406.86615925831376,407.5857849121094,2048000
2024-09-26,409.64732919541063,410.50311605867233,408.63597170039634,410.0168762207031,2703700
2024-09-27,410.96025559167276,414.47092327696697,410.6198817091722,411.31036376953125,3667700
2024-09-30,410.794989855553,411.6507472745879,407.54688073525847,411.4757080078125,3819800
2024-10-01,410.79493251641105,411.5048237807125,407.75106597661943,409.9002380371094,5101300
2024-10-02,410.2211962164623,410.8727708284042,408.033116371814,410.29901123046875,2599600
2024-10-03,408.7721060281521,409.53063899311,406.7688002571678,408.4220275878906,2534400
2024-10-04,410.74633353431153,411.9521991220093,408.1109212963427,411.7577209472656,2520900
2024-10-07,410.4934247864425,411.29086532694095,406.7494013838703,408.0622253417969,2632600
2024-10-08,408.93745415511376,409.6862528511397,407.18697286274715,409.2194519042969,1872900
2024-10-09,409.30701887510673,413.94573662868385,408.47067085226934,413.3525085449219,3935100
2024-10-10,413.30390616516735,413.37198687236685,411.39785410767524,412.9732666015625,2179000
2024-10-11,413.57638887241575,417.2620972346796,413.31382989567066,416.93145751953125,3753500
2024-10-14,416.532488986619,419.5471818239621,415.43358223849543,419.0317687988281,2180600
2024-10-15,417.51479607916906,418.2927978312814,415.2781041070273,415.7740783691406,3291200
2024-10-16,415.4238686508513,419.21653352273336,415.17104411120926,418.866455078125,2583700
2024-10-17,420.63640877828556,420.9767826339401,419.33328944548094,420.54888916015625,3462800
2024-10-18,420.50907916125766,421.4235277619029,418.6315233905088,420.8787536621094,2303700
2024-10-21,420.674382318624,421.2678149049425,417.1041679024204,417.69757080078125,2702600
2024-10-22,416.01463670474885,418.71906132029756,415.5476747992879,417.63922119140625,2306100
2024-10-23,415.42117952533806,416.13134514806666,411.4229242096491,413.6020202636719,4006500
2024-10-24,412.78488043049623,413.125371628403,410.4695759102804,412.2595520019531,1936600
2024-10-25,413.884206543471,414.4192429866964,409.0395765363829,409.6913757324219,2518800
2024-10-28,412.0357737032665,413.27126773055625,411.7633866958563,412.5416564941406,2912000
2024-10-29,410.7517243937782,413.4172282289096,410.2945001159017,411.0143737792969,2697700
2024-10-30,410.5474089051188,413.1059173126708,409.99292687300175,410.2847595214844,2933600
2024-10-31,407.83329355828675,408.5142463296986,405.68335076715874,406.3157043457031,4297100
2024-11-01,408.26126403003076,411.7925573684393,407.9110352095207,408.9908752441406,3856400
2024-11-04,408.4267112100259,408.87419786880315,405.1191456198298,406.68536376953125,3125400
2024-11-05,406.89935014212926,411.13110164983055,406.3545760759566,410.8197937011719,3093100
2024-11-06,422.8438519893854,425.88876826933574,421.9196656881993,425.343994140625,7271800
2024-11-07,425.63575141797764,426.3361794148027,424.5656489661675,425.49957275390625,4267900
2024-11-08,426.38474578981976,429.6923400992999,425.50921834411486,428.1455383300781,5014300
2024-11-11,429.86754157837845,432.7762492302103,429.8091750473555,430.9668273925781,4065100
2024-11-12,431.52131952033733,432.14393544974445,427.1144681973703,427.44525146484375,3483000
2024-11-13,427.95104720253227,429.5464483535729,426.5210079750722,427.853759765625,2631000
2024-11-14,428.61256743979226,428.9530586354489,425.21745250952023,425.8011474609375,2528300
2024-11-15,424.2495738991173,424.9017694608175,421.9912632185629,422.9549560546875,3486900
2024-11-18,422.62394466232297,423.7530701451582,421.66999552708785,422.6434020996094,2243000
2024-11-19,419.27538075152825,422.57521324741816,418.2143712608258,421.3292541503906,3202500
2024-11-20,422.0203816368712,423.3442299410741,419.4603474618929,422.74072265625,3956000
2024-11-21,424.2690761056641,428.8246425332592,422.09839794064027,427.29638671875,7558000
2024-11-22,427.89986973733494,431.7740392971306,427.63706060895817,431.37493896484375,5492800
2024-11-25,434.7331192539506,436.4755254332763,433.5553055534292,435.6578674316406,2976100
2024-11-26,434.6844993551235,437.38082525580865,432.8350325417358,436.94281005859375,4126500
2024-11-27,437.2348073672448,438.6560025147924,435.4729436449704,435.8330993652344,2985900
2024-11-29,436.3781992080548,439.2789617849984,436.31979718421155,438.12060546875,3474100
2024-12-02,438.62687628790974,439.0065192441509,436.01815288171343,436.8066101074219,2661200
2024-12-03,437.20553696900936,437.64358178987396,434.7330760653488,435.97906494140625,1697400
2024-12-04,437.88692747325007,439.54170072801384,436.84537537095173,438.94793701171875,3694400
2024-12-05,438.5002058143037,439.47361239199887,436.42684505085106,436.73834228515625,1917600
2024-12-06,437.53655711873023,437.9940594445124,434.89863334548266,435.2587890625,1973900
2024-12-09,435.74546707201625,436.3587179949734,432.97125226655,433.2438049316406,1998600
2024-12-10,432.68897813091814,433.9446512590823,431.1704662083845,431.8907775878906,2461000
2024-12-11,432.2995837519789,432.91283465284744,430.6156093735428,430.7421569824219,2084300
2024-12-12,430.7226396787488,431.3358905366762,428.34752540367015,428.5616760253906,3585300
2024-12-13,429.1359740850219,429.78816950877206,427.2475928100335,427.68560791015625,2548400
2024-12-16,427.95817841847116,428.9510720989105,426.3034051277557,426.71221923828125,1987500
2024-12-17,424.5805497482106,425.2132581954948,422.877087933052,423.9867858886719,3130300
2024-12-18,424.38587112951626,426.3910865898551,412.7049905266808,412.9385986328125,6135700
2024-12-19,416.1410577210806,417.56222301429335,413.16243595417683,413.24029541015625,4948000
2024-12-20,412.022967435414,421.8046705841711,411.69105656761036,418.348876953125,6069600
2024-12-23,417.13839824906245,419.22752136673324,414.87359264002055,418.69061279296875,2602700
2024-12-24,418.69052482917476,422.34157386413546,418.0950158276095,422.21466064453125,1431700
2024-12-26,420.72108546424727,423.3568885672275,420.6722864330892,422.9078063964844,1867400
2024-12-27,420.3403027158794,422.00965841296886,417.2652192719367,419.77410888671875,2429100
2024-12-30,415.3518910954418,417.4898130474759,412.4720331843561,415.6447448730469,3858300
2024-12-31,416.757728705813,417.5679775070745,413.95598445954204,415.3812561035156,2442700
2025-01-02,418.15353807283435,418.75878893443104,411.5640614745176,413.72149658203125,4231500
2025-01-03,415.7228949097777,417.5972188316927,414.1121394104266,417.0017395019531,2203200
2025-01-06,418.66131313774207,420.86757785932724,415.9474252041135,416.97247314453125,3463300
2025-01-07,418.70034967944827,419.11037479384566,413.780197265887,415.2152404785156,2053900
2025-01-08,415.29327600210627,416.4159217521877,413.19441137511285,415.99615478515625,2020200
2025-01-10,414.19011360749306,414.2389126310348,408.8404238282719,409.3578186035156,3415500
2025-01-13,408.8014486620525,413.1748904016965,408.5573939295514,412.90155029296875,2608100
2025-01-14,414.77586035247276,415.3908829807249,411.52503497223546,415.0394287109375,2643300
2025-01-15,421.29705471779357,422.9761525315219,420.2622649968511,421.96087646484375,4059800
2025-01-16,421.8144529701004,422.61495967895354,420.51609484287565,421.29705810546875,2532500
2025-01-17,424.36542051431974,426.1721094327955,423.80875969349376,424.54119873046875,2771000
2025-01-21,426.1331529455613,430.1176092712079,426.0940811748409,429.79534912109375,2113800
2025-01-22,431.1527675024817,431.65083569602285,430.03947541477663,430.94769287109375,3724100
2025-01-23,431.1820245818961,435.02002829482433,431.1820245818961,434.95166015625,2352500
2025-01-24,434.3852013321548,435.049302096239,432.95939490328294,433.72113037109375,2022000
2025-01-27,430.32265437903476,436.8364630553785,430.22498986721484,436.6509094238281,3822400
2025-01-28,436.72904546182514,439.2095511619509,435.73290918258687,437.91070556640625,2233500
2025-01-29,437.7153238857928,439.0825374542552,435.33245317946387,436.7094421386719,2225100
2025-01-30,436.0845128826386,439.5709005902018,435.89895924685766,438.3111267089844,2322600
2025-01-31,439.4927669581599,439.8150270565921,434.61961489907867,434.96142578125,3085400
2025-02-03,429.3168134854013,435.4595457146118,428.4281467494649,433.8677062988281,4527700
2025-02-04,433.82859527938433,435.5571409167137,432.89105172416595,435.09814453125,1890500
2025-02-05,435.2837637365717,438.34048163608963,433.02785323497164,438.1647033691406,2273400
2025-02-06,438.8287711835814,439.1998785019375,434.9615003245062,436.8853454589844,1867200
2025-02-07,437.29542910077674,437.98879642145357,432.43202285858257,432.7445373535156,2259200
2025-02-10,435.3814411577954,435.8208868381824,432.7251268785678,434.36578369140625,1858100
2025-02-11,432.95941962764147,436.08450520395314,432.85200952619925,435.66455078125,1436200
2025-02-12,431.9828415798288,434.3754880595972,430.74258868060406,433.2426452636719,2444500
2025-02-13,434.90285633249056,437.3638711421826,433.3110468236689,436.7876892089844,2961500
2025-02-14,436.6313447723924,437.5493374462407,434.9223202970611,435.3520202636719,2005400
2025-02-18,434.8540663241859,435.5572091993194,433.2427059278885,435.4790954589844,2451200
2025-02-19,434.36572579570793,436.3384179051351,433.16451482336333,436.21148681640625,2239400
2025-02-20,434.8443106237069,435.1275288259282,429.6684182550057,432.0317687988281,2960000
2025-02-21,429.4584794284129,429.7421201184429,423.834734900085,424.6171569824219,3842200
2025-02-24,426.26024334103806,427.3067559639655,423.83471707928527,424.9888000488281,3629300
2025-02-25,425.97654749757714,427.9326320782829,423.14999095166604,426.5535888671875,2953100
2025-02-26,426.85684308279366,428.8911582164325,423.4923747157289,424.8029479980469,2427800
2025-02-27,424.9007640729396,429.1161246417352,422.6121483232154,422.8566589355469,3296900
2025-02-28,423.55107314781975,429.1846073724679,421.55585813534225,428.7444763183594,3249900
2025-03-03,429.88878410228745,431.0135269431526,420.04967950552384,422.60235595703125,3925200
2025-03-04,420.2452957829183,421.62433929469114,414.54332111983246,416.2255554199219,3586900
2025-03-05,415.87343137933084,422.1231371054735,415.1301393965136,421.0179443359375,3018300
2025-03-06,416.812338838934,420.67558837427725,414.72910377083844,416.5482482910156,2824100
2025-03-07,414.7878155918622,419.8931984557187,412.7143703405811,418.8564758300781,3719500
2025-03-10,414.093442492158,416.69500936489175,407.47207543946007,410.279052734375,3442800
2025-03-11,409.2814097265185,409.82911108995216,403.19798472428664,405.63330078125,3893400
2025-03-12,407.80457475689576,408.40119617671525,401.54510899785606,404.8606872558594,2960500
2025-03-13,404.2738604647484,405.095412556876,398.3077954353234,399.80419921875,2557200
2025-03-14,401.8092144614144,406.7776874138181,400.909432014831,406.23974609375,2422700
2025-03-17,405.8289270524539,411.5406912445098,405.73111684025537,410.0051574707031,2141000
2025-03-18,409.2325171619862,409.4770277637913,405.77023868313063,407.3840026855469,1844100
2025-03-19,408.4402417175822,413.2130930473725,407.64802982077094,411.1885681152344,1813800
2025-03-20,408.7435574432399,413.84894077080145,408.46970672192396,410.8952331542969,1646500
2025-03-21,407.6918361240472,411.5723040401457,405.86921657016876,411.19012451171875,2485700
2025-03-24,414.8452063315416,417.6673539697161,414.29645872461896,416.94219970703125,2474900
2025-03-25,417.7555498477234,418.26509266201606,415.8349032845,417.2655944824219,3997600
2025-03-26,417.7653080405462,419.5389738877075,414.6394204760484,415.70751953125,2442100
2025-03-27,415.1685447352004,416.5502223659334,412.9931418555676,414.44342041015625,1646000
2025-03-28,413.50272485052335,413.8946831466835,406.85893155052906,407.2704772949219,2600600
2025-03-31,403.91920865786665,412.8951644907065,403.1744669450757,411.4449157714844,2985300
2025-04-01,410.004418177832,412.81675695533875,406.66291927668124,411.16070556640625,2384800
2025-04-02,408.00539882458753,415.1391472700142,407.8192134058669,413.55169677734375,2299800
2025-04-03,402.6649095731628,403.3410204298688,396.8638251926139,397.07940673828125,7440100
2025-04-04,386.9961391485025,388.68158680780266,374.992232652444,375.5213928222656,8667200
2025-04-07,363.91923132649816,384.33075753214877,358.9608857025369,371.9447021484375,12718200
2025-04-08,385.57529179393885,386.43758813218466,363.5762835449421,368.91680908203125,7283000
2025-04-09,364.56603676149405,399.5978492410105,364.56603676149405,397.92218017578125,9861100
2025-04-10,391.57237322658005,392.1505170271159,376.58952827877795,387.7311096191406,6624200
2025-04-11,386.5159430191901,395.97207441545527,384.80109945338296,393.83587646484375,3789900
2025-04-14,399.29397350785933,399.6663144081118,393.63987032799054,397.2753601074219,2286200
2025-04-15,397.63796240208933,399.8231440751665,395.42335470035124,395.5997314453125,2387300
2025-04-16,394.22790849910876,396.16814263368735,386.1240570115612,388.7991943359375,3004400
2025-04-17,383.8060273254454,386.688398393435,381.874643037294,383.6883544921875,4537500
2025-04-21,380.8451974119156,381.0805131527159,370.9333932319666,374.1392822265625,2881800
2025-04-22,378.5020310279205,384.96284629726995,377.64909007785263,384.1883239746094,3308100
2025-04-23,391.4629181915834,395.8354825752424,387.15895889281774,388.149169921875,4049200
2025-04-24,387.7569761279239,393.8060111888087,386.0804750714211,393.1197509765625,4010500
2025-04-25,392.0413285538619,393.5021111483501,389.35504917356684,393.1589660644531,1790800
2025-04-28,393.9236724637865,396.2472394877886,390.9040615664582,394.38446044921875,1534700
2025-04-29,394.51196154477987,398.3551330410876,394.31589998967087,397.2668762207031,1888100
2025-04-30,394.54142788981403,399.7865614179227,389.61984234824894,398.3747863769531,2487400
2025-05-01,400.541448481312,402.8747996785647,399.04144127155837,399.4336242675781,1917600
2025-05-02,403.70804904965166,405.75707607037145,402.28646082066024,404.943359375,2277700
2025-05-05,402.76696645708427,406.31600113393824,402.414007747905,404.1787414550781,3866000
2025-05-06,400.46295946654175,403.6688484520846,399.5217862640684,400.2374572753906,1745600
2025-05-07,401.8256647860678,404.70803554123535,400.1491936062188,402.9923400878906,2420600
2025-05-08,405.0022283740466,409.5610709355981,403.5022213397462,405.7669372558594,2001000
2025-05-09,406.31593290475456,407.0316338341854,403.5021969318691,404.3355407714844,1789200
2025-05-12,414.66887761339206,415.98260654441356,412.83553925503094,415.91400146484375,2398600
2025-05-13,414.39436264741806,415.67868083793985,413.1590822781297,413.247314453125,3018000
2025-05-14,413.8061899348866,414.374837275867,411.38460675920885,412.3061828613281,3064800
2025-05-15,410.33554528046176,415.37477247023884,410.2865074577609,415.1787109375,3927000
2025-05-16,415.749794201683,418.7324792350771,414.5331856760908,418.5068054199219,2430300
2025-05-19,415.7104691808366,420.5769320449348,415.641781956955,419.9686279296875,3121500
2025-05-20,419.34076883942237,420.1257016850499,417.01546329712096,418.91888427734375,1971000
2025-05-21,415.11201062613236,416.5641138230909,410.20629299845046,410.8538513183594,3624800
2025-05-22,409.99041759448136,413.2085669829202,409.4998458587918,410.9225158691406,2638600
2025-05-23,406.13457460866454,410.284822718028,406.0266332453025,408.4794921875,3117800
2025-05-27,412.7671003623357,415.86748760798463,411.28556403148076,415.8576965332031,3126600
2025-05-28,415.73998053749335,416.81921452336303,412.80634086837915,413.4735412597656,1790900
2025-05-29,414.493896484375,415.0433344779795,410.68705471288297,414.493896484375,2751400
2025-05-30,414.19959541892007,416.2697940909301,411.599570806771,414.8765869140625,2957500
2025-06-02,413.36556797134165,415.85768085949513,411.1776071745707,415.7203063964844,2636100
2025-06-03,415.0924252003423,418.3301870657566,414.503733058778,417.97698974609375,2332600
2025-06-04,418.34000368907954,419.105294482437,416.8486462871644,416.9271545410156,2163300
2025-06-05,417.91807770355103,418.7716677412707,414.88631799823105,415.97540283203125,3018800
2025-06-06,419.7135540210503,421.97999305013997,418.50673676912197,420.30224609375,3081100
2025-06-09,420.4397014339916,421.6170858897381,418.3891146263063,420.28271484375,2680200
2025-06-10,420.19436538670516,421.9898749704719,419.8019139289719,421.50909423828125,2022600
2025-06-11,421.7542834638545,423.91281089978077,420.0961786806767,421.49920654296875,3025000
2025-06-12,420.12560921371295,422.43127221355894,418.91879207163214,422.3724060058594,2587700
2025-06-13,418.0750725979337,418.8698264370687,413.65013545409573,414.8373107910156,4826100
2025-06-16,417.03506494673326,420.12569116442467,416.86828730642577,418.24188232421875,3177100
2025-06-17,416.4561720610662,418.3792349275799,414.39576467101523,415.1316223144531,2450200
2025-06-18,415.6810650624283,418.1731479056279,414.268216077216,414.86669921875,2786700
2025-06-20,416.5679442937418,417.3354112653995,413.9605263789604,414.98382568359375,3810500
2025-06-23,415.21995401718124,419.11632242923326,412.87818738684456,418.88018798828125,4315000
2025-06-24,421.6450444569711,424.7936438389048,420.8086949310885,423.8687438964844,4958200
2025-06-25,423.8293590349953,423.9867919997198,421.6253575833881,422.9536437988281,3265500
2025-06-26,423.89826351228953,427.2141148050212,423.8785656236378,426.9582824707031,2444800
2025-06-27,428.15867402986305,432.4978245455925,428.10948936375854,430.962890625,3621000
2025-06-30,433.37354380649845,434.1705275792617,431.6122943455901,433.5703125,2827800
2025-07-01,433.1176578621722,438.80479187214667,432.9307081087622,437.7421569824219,4520300
2025-07-02,437.5355771878287,438.2440105665842,436.24662660009255,437.5650939941406,3141700
2025-07-03,438.50967522959644,441.64839560602627,438.4112758698631,440.8907775878906,2807100
2025-07-07,440.19218571833966,440.6447867327181,434.4656853897975,436.8664855957031,3657500
2025-07-08,436.56144189324317,437.2403583869047,434.94777659605757,435.2724914550781,3563200
2025-07-09,437.2502266596504,438.44077779840114,435.1741113406168,437.37811279296875,3251900
2025-07-10,437.2403901679001,440.61527499474363,436.5713225689916,439.3263244628906,2262600
2025-07-11,436.54178924805217,437.3190750935817,435.6464061595933,436.4433898925781,3345500
2025-07-14,435.990780787514,437.61429516630824,435.3709278741188,437.4371643066406,2244700
2025-07-15,437.43721861794194,438.0177659083319,433.0685807400301,433.0783996582031,3810700
2025-07-16,434.76081038526735,435.4987604567804,430.60864014239513,435.2527770996094,4230300
2025-07-17,434.94781197857384,438.4506129999927,434.8789594510813,438.06689453125,3790800
2025-07-18,438.74707082091606,438.79627549011326,435.19361054414986,436.3157653808594,3901900
2025-07-21,437.2411148246034,439.02275671699596,436.19772333092,436.4930114746094,2548800
2025-07-22,435.92199849162597,438.47144915397615,435.9023226322665,437.9891052246094,3091600
2025-07-23,440.2432713690667,443.1962726303461,439.35737699857935,443.1568908691406,5486500
2025-07-24,440.00705940206745,442.09384224156025,439.7511230026824,440.10546875,5078300
2025-07-25,440.5188869763217,442.3694392538128,439.4164379700247,441.98553466796875,3710600
2025-07-28,441.63118663839646,442.4383475279141,440.3712406321054,441.3161926269531,2864200
2025-07-29,441.6016631558595,441.81821778640455,438.668337712928,439.4853515625,3146200
2025-07-30,439.7117301919924,440.37124703557424,435.6759557252019,437.79229736328125,3765000
2025-07-31,438.2942931366692,439.20974638569027,433.59903180174723,434.416015625,4223300
2025-08-01,430.8920866341455,430.9019395839956,426.61022893725203,428.8938903808594,5980000
2025-08-04,431.02009461355266,434.9771057254942,430.734629396879,434.8885192871094,5065800
2025-08-05,434.8785766185594,436.0597889656344,432.3291561749424,434.22894287109375,4081600
2025-08-06,435.1837505678719,436.01061729708624,433.23478909902707,435.04595947265625,2975300
2025-08-07,437.30994434010415,438.03837174202164,431.1185066804392,432.83123779296875,5205100
2025-08-08,433.9041695420365,435.941747668521,433.41200265387016,434.9967956542969,3684500
2025-08-11,435.40033066906966,435.9318793005453,432.34892010194386,433.11669921875,3538100
2025-08-12,434.77035283648365,438.17613901552465,434.22898131916816,437.7135009765625,5012600
2025-08-13,439.4459774842959,442.6056805238509,439.0620728891016,442.3793029785156,6203200
2025-08-14,440.7255849043117,442.59584306637987,439.9775116789666,442.12335205078125,4553200
2025-08-15,445.08406579232474,445.2317973572572,442.1982656805921,442.74981689453125,5584400
2025-08-18,442.57247068058825,443.183114426213,441.86332922112155,442.2769775390625,3809100
2025-08-19,443.06488725821464,445.3301841757665,441.44960906447693,442.5133361816406,5794900
2025-08-20,443.00581253142946,443.7247826831606,440.91779336335026,442.582275390625,4731400
2025-08-21,440.9670007702285,442.296644612062,439.1547572601427,441.19354248046875,3780700
2025-08-22,443.62634774901557,450.9639616852564,443.4983037242558,449.7525329589844,8534700
2025-08-25,448.767602581715,449.3092949163758,446.1969535459884,446.2363586425781,3898200
2025-08-26,445.96057734538476,447.89100625150746,445.714348095109,447.6349182128906,3190500
2025-08-27,447.42815891424596,449.752579003564,447.3592075004265,449.1517639160156,2943900
2025-08-28,449.6442110030694,450.30411869781153,447.9304648348426,449.9002990722656,3576500
2025-08-29,449.2403312194227,449.9494726522248,447.42808757054667,449.2107849121094,3605900
2025-09-02,445.1726885538566,446.8569185047429,443.37030341260487,446.76824951171875,6009200
2025-09-03,446.0492191596307,446.8962333585738,443.73465818058116,446.4234924316406,3948200
2025-09-04,446.70907118842,450.3631347185692,445.73401302507347,450.1562805175781,4524200
2025-09-05,450.22531973061905,451.7519593370869,446.1477783871956,448.12744140625,5828200
2025-09-08,448.51151366856095,449.4077917562246,446.78790889781135,449.31915283203125,4395200
2025-09-09,449.08273930798606,451.63367068796475,448.3539103586439,451.1018371582031,5979400
2025-09-10,450.8064044368052,450.99354109329875,447.85165309084704,449.0532531738281,5412200
2025-09-11,449.95934437885984,455.3468416539752,449.71311512507447,454.952880859375,6352100
2025-09-12,454.2930031118202,454.72636903156655,452.1458910913488,452.3921203613281,3784600
2025-09-15,453.07170572091354,453.95812506215,451.90948074829186,453.13079833984375,4862200
2025-09-16,453.17015590433385,453.84975105310576,450.87531247162326,451.8602294921875,4526100
2025-09-17,452.85502715292955,456.8537880447904,451.0526120862469,454.3028564453125,5998000
2025-09-18,454.332375459456,457.365906621717,453.71187293467307,455.65216064453125,6681000
2025-09-19,457.04286034166495,458.0898527233576,455.2155520797145,457.2601623535156,5871400
2025-09-22,455.5020476636649,458.593650625753,454.51431662878224,457.98126220703125,4074900
2025-09-23,458.5244523020436,461.27034307436173,456.36131915968565,457.1910095214844,5904600
2025-09-24,457.7639482748483,458.7220485595067,455.1464369859197,455.3637390136719,4588800
2025-09-25,454.2574781811802,455.4229935199199,452.094344892538,453.7932434082031,4767200
2025-09-26,455.6106584312745,457.72441719783126,454.67233208588425,456.6082763671875,4167200
2025-09-29,458.07011524398365,458.08985901145707,455.6501623580262,457.35894775390625,3752700
2025-09-30,456.9440696877899,458.39603533416016,455.1859098701513,458.0503234863281,4253300
2025-10-01,456.8947579967389,459.4332340238406,456.8749840841617,458.56402587890625,4551600
2025-10-02,458.6133612220599,460.05543998859423,456.9440934823985,459.4035339355469,5458300
2025-10-03,460.0752408419694,464.6089226124643,459.9665747551861,461.7741394042969,9693900
2025-10-06,462.5741879327544,462.72234155373155,458.53437177060204,461.1123352050781,7405400
2025-10-07,461.8135923564135,462.86058474910703,458.692389088899,460.25299072265625,7368700
2025-10-08,461.5864704234427,462.3865301432558,459.22577880197906,460.351806640625,4621200
2025-10-09,460.4505790391356,461.0530804876246,456.9342289053812,457.8133239746094,5411000
2025-10-10,459.4134270819762,460.7765006527932,449.1410309524318,449.2891845703125,9309100
2025-10-13,452.6080006468161,455.89713171313304,452.44007310875645,455.0279235839844,6272500
2025-10-14,451.4227149596866,459.5122345699987,448.9830180908121,457.03302001953125,7827400
2025-10-15,458.9689945565209,461.2111331605893,454.6032101068448,457.03302001953125,6187100
2025-10-16,457.6849141205049,458.5738660025042,452.22276283090986,453.9216613769531,8149500
2025-10-17,453.81793069253405,457.5824533442612,453.44249157925327,456.2683410644531,8439900
2025-10-20,457.9184036923976,461.9496926967092,457.8986231086211,461.4457702636719,4556600
2025-10-21,461.4951747371455,465.6252760497108,461.33708083934465,463.6195068359375,5951600
2025-10-22,463.6096343124452,463.63927503483586,458.9361095466536,460.2205810546875,7604700
2025-10-23,459.9933026208112,462.384431389362,459.3115358714583,461.7125549316406,5144200
2025-10-24,464.4099892268774,467.59155760092756,463.6788312659251,466.5738525390625,7228900
2025-10-27,469.093437257436,469.9431581190449,468.0559516050095,469.6763916015625,4720200
2025-10-28,473.0851645309726,473.68789942064785,471.1288165574807,471.4548645019531,9435500
2025-10-29,472.9369589235435,474.65621126530897,468.8266079235301,470.6841735839844,10006500
2025-10-30,468.4412814702253,474.4190583066144,468.25354684464213,469.3404235839844,9338300
2025-10-31,470.1802887145887,471.4647904659507,467.7694394334637,469.9925842285156,7990900
2025-11-03,470.47668189408245,470.6149952108206,465.67467390836254,467.81878662109375,4858700
2025-11-04,464.8052284073208,467.06787397865077,463.2045388879566,465.27947998046875,6013300
2025-11-05,465.18064767208045,468.8957789876656,464.78542799354193,467.46307373046875,7030200
2025-11-06,466.4552606950555,467.7891534990551,462.26587781157593,463.6788024902344,7125200
2025-11-07,462.6907637143298,464.34084441456446,459.31157043484603,464.25189208984375,8604400
2025-11-10,466.26751518227763,468.5400810572577,463.84677585327063,468.16461181640625,5636600
2025-11-11,468.599371753326,474.13250755936014,468.34246539328564,473.6878967285156,4839100
2025-11-12,474.7549692011592,478.618303934263,474.7549692011592,476.9978942871094,7066900
2025-11-13,475.654119865757,476.65207439881726,468.5598258480141,469.0736083984375,8722300
2025-11-14,465.75376156307686,468.39187639788736,463.2737104837135,466.1687316894531,10940200
2025-11-17,465.24983088236814,466.72203703639764,458.9953971474233,460.754150390625,7599500
2025-11-18,456.6537086862827,458.56066562318205,454.0452043585055,455.7940673828125,12817500
2025-11-19,456.0015496070268,457.86897539231416,453.9364989069669,456.2485656738281,5833400
2025-11-20,461.0703096866943,463.43176753164965,452.24687314027307,452.6322326660156,13414200
2025-11-21,454.62669547847446,460.83954972304997,452.9547622169509,457.6242980957031,11821400
2025-11-24,458.7917095961106,460.88903829508604,456.081014601166,459.4743347167969,6206800
2025-11-25,460.6020801758687,466.85451499742015,458.4948791542544,466.1422119140625,7203600
2025-11-26,467.15134423778403,470.70295705375116,466.8842117012889,469.2783508300781,5689100
2025-11-28,469.74334154878613,472.5034897758958,469.74334154878613,472.0780944824219,2281800
2025-12-01,469.26848298450153,471.85059327866406,467.8933601833531,468.2593994140625,4413900
2025-12-02,469.13985812209455,471.3658016909675,468.0615157494623,470.17864990234375,5233500
2025-12-03,469.753192327003,475.0459971564489,469.594929585695,474.28424072265625,5994200
2025-12-04,474.58104806921943,476.08481591870327,472.39468530909915,473.9479064941406,4003800
2025-12-05,474.35350609249446,476.77729306510224,474.16553511939424,474.8976135253906,4596600
2025-12-08,475.3526973402272,475.3823753791989,471.74172837264706,473.0377197265625,4427600
2025-12-09,472.9585854260791,475.14494812690543,470.99974429219725,471.32623291015625,4266900
2025-12-10,471.0393315691591,477.58854720987176,470.27754491094487,476.2035217285156,5476200
2025-12-11,477.0444477524647,483.1583654598466,476.80699324361774,482.65380859375,6972300
2025-12-12,483.47494032657096,484.42466776644113,478.9933752870919,480.210205078125,7089900
2025-12-15,482.3668721761949,482.5152925571669,478.53825432594556,479.982666015625,4891300
2025-12-16,479.2802472664899,480.28936096375475,475.19439952599646,476.8267822265625,5373200
2025-12-17,477.6479018825106,479.6067430376364,474.3633913283248,474.6700744628906,6381600
2025-12-18,477.0246559854993,479.4484733316603,474.2842829372569,475.3725280761719,6422800
2025-12-19,476.51660992694787,478.6779904980487,476.32822966774813,477.0420837402344,6439100
2025-12-22,477.7460515892925,480.2941171872385,477.7460515892925,479.3323974609375,4162000
2025-12-23,478.0632788328342,480.978180380523,478.0632788328342,480.0957946777344,3677800
2025-12-24,480.0560895715847,483.40723668035264,479.4612061945624,482.8520202636719,1544000
2025-12-26,482.6835374534061,483.4568768931243,481.5830287440892,482.8719177246094,2711500
2025-12-29,481.7416780579263,482.75295880919356,479.61993400736634,480.4527587890625,3390100
2025-12-30,480.48247820142205,480.5320694730352,478.69785807800184,479.4612731933594,3042700
2025-12-31,479.5207929887858,479.6794306066996,476.2588731576889,476.46710205078125,3441900
2026-01-02,477.73617465952515,479.81825179960447,474.29579884081767,479.5009765625,7021100
2026-01-05,480.27430752354394,487.839170519334,480.1156699078055,485.5885314941406,7574400
2026-01-06,485.15225653619785,490.89283199246586,484.78542030924126,490.3871765136719,6061400
2026-01-07,491.4183091952563,492.01319265844074,485.320821775933,485.7768859863281,5603700
2026-01-08,483.64524765870107,489.3064892184102,483.64524765870107,488.324951171875,6544800
2026-01-09,488.65210839523405,491.46788803259693,487.71023733796613,490.7936706542969,6004600
2026-01-12,488.12667069630436,492.10244460758304,485.86613763172636,491.66619873046875,5722400
2026-01-13,491.3191547897662,491.72565798357203,486.44117697815545,487.739990234375,5966400
2026-01-14,486.4709282077007,487.7399988260959,484.3789268814612,487.383056640625,6767800
2026-01-15,488.1663299316636,491.5967813136947,488.00769231913205,490.2583312988281,8519900
2026-01-16,490.45567526309213,491.9434073417466,488.2439026763506,489.384521484375,5845500
2026-01-20,482.193795164436,485.06014310350156,480.28948486985723,480.9143371582031,7416300
2026-01-21,481.697870757543,488.8786473831989,481.5887546736807,486.785888671875,6718600
2026-01-22,489.434111311989,491.9533461628076,488.4323620043669,489.6523132324219,5087200
2026-01-23,487.79759150142445,488.1050537034525,485.5560655284584,486.91485595703125,4915700
2026-01-26,487.886846730569,490.8028039378616,487.4504429126078,490.0192565917969,3722800
2026-01-27,486.67679317606843,487.5694262870749,484.56420897696336,486.05194091796875,5971400
2026-01-28,486.27022712723584,487.3711646938218,484.9312620945725,486.1214599609375,4726500
2026-01-29,486.0718030081098,488.918355761115,481.91609932020134,486.20074462890625,9706500
2026-01-30,485.10975842078386,486.4685791862886,480.5969830836006,485.0304260253906,8112100
2026-02-02,484.87170013801136,490.76312139796863,482.99717351965353,489.989501953125,5584500
2026-02-03,489.10679801146426,492.4591287695334,484.2865304820996,488.2835693359375,8799100
2026-02-04,489.88047581080946,492.4393618961005,487.0934296220074,490.70367431640625,8797100
2026-02-05,488.481939845313,489.4043264309658,484.2369457034854,484.911376953125,7767500
2026-02-06,488.34307443271854,497.5670311707243,488.10504699390066,496.9322509765625,10635300
2026-02-09,496.01979003636274,498.0530420844164,494.23452360840145,497.1207275390625,6414800
2026-02-10,498.23150877440196,501.16729135069306,497.1603550871012,497.79510498046875,8163100
2026-02-11,500.086278463375,500.988839603544,495.0478388794292,497.2298278808594,5743800
2026-02-12,499.01506750271204,500.413539201474,490.2771240611867,490.624267578125,9160300
2026-02-13,490.99128162824945,493.70886261888285,487.18269102780386,491.22930908203125,8378100
2026-02-17,491.27885023174025,493.5005506119861,488.085184311373,491.79461669921875,6779400
2026-02-18,492.7170397778879,495.2561001708353,490.6044553277276,492.93524169921875,4454300
2026-02-19,491.5070119127731,492.4293985529901,488.382780547788,490.336669921875,4625400
2026-02-20,489.11822096303297,493.5472278420126,487.97621633598044,492.63360595703125,6086800
2026-02-23,491.06459269374136,493.5372843828309,483.7656488039144,484.61968994140625,8269200
2026-02-24,484.997039847672,489.4260465607103,484.06356785222226,488.3734130859375,5335000
2026-02-25,490.20061957375407,491.6901986554292,488.48262745621906,491.3823547363281,4446200
2026-02-26,493.547236138201,494.74882152734517,488.82029516473006,491.4220886230469,6467000
2026-02-27,486.22841885848163,487.53925575110657,483.3783623381595,486.2582092285156,7198400
2026-03-02,480.97515310670155,487.56903774623265,480.786470664539,485.7815246582031,7218500
2026-03-03,476.8241941455071,484.0039761680119,473.4180306144327,482.1469421386719,11570700
2026-03-04,483.17973702673646,485.63257849801124,480.5878839312511,484.3515319824219,7590700
2026-03-05,480.45880015759604,482.1171813182571,472.8420720502518,476.5064392089844,8758600
2026-03-06,470.42891703391325,472.92148895982905,467.1915555975983,471.9284362792969,8206100
2026-03-09,467.6086892620893,476.0496377362487,463.4378555408668,474.56005859375,10305600
2026-03-10,474.4209869090638,479.51535210582745,471.7099724352881,474.38128662109375,6265600
2026-03-11,474.08338609294935,474.4508107687698,469.1777029872283,471.5113830566406,6701700
2026-03-12,467.0724160577061,468.204510713344,464.16277884045064,464.2322998046875,8000200
2026-03-13,466.67521377998617,468.820211365941,462.54411068543214,463.16973876953125,7471700
2026-03-16,466.8042710923864,469.41600443670063,465.7218473298095,467.03265380859375,7059900
2026-03-17,470.0913218013243,471.8291641365872,467.360426703054,467.6285400390625,6189400
2026-03-18,465.513320124515,466.486522715756,459.54509378919784,459.7834167480469,7090700
2026-03-19,456.7744487590675,460.1508218567245,454.97702580781464,457.85687255859375,7882800
2026-03-20,456.52725630603254,458.358417249578,451.36217550021746,453.7008972167969,10543300
2026-03-23,461.0753398190682,464.7974019485145,458.7067934816539,459.7517395019531,9978100
2026-03-24,456.2188016969236,461.7122851824446,455.2434964643066,458.9555969238281,8188000
2026-03-25,463.4936774415622,464.9964060998583,459.58252535912914,461.91131591796875,7019700
2026-03-26,459.3238564840818,463.1951622854602,456.73633469130374,457.10455322265625,8284000
2026-03-27,455.16386925295916,455.3032115897968,448.3268619514036,449.2225646972656,6938500
2026-03-30,453.41235376478664,453.92984594973456,448.2771268672252,449.88934326171875,9181600
2026-03-31,454.6164815353949,461.59283054747715,452.4867732073978,460.9658508300781,11656300
2026-04-01,463.7623957334134,465.6532663800067,462.2695983222544,463.2449035644531,7790300
2026-04-02,457.95040865962864,465.27505285437235,456.6765561748454,462.8268737792969,3955900
2026-04-06,461.93123361141824,464.7774860914565,461.2345826725485,464.5286865234375,2905300
2026-04-07,463.5135637099963,464.07087227479,459.89102766779797,463.6429443359375,3943200
2026-04-08,476.5805376024232,477.8942065670926,473.2764721595418,476.85919189453125,4697500
2026-04-09,475.19720113987626,480.9494457914669,474.71952541888396,479.5860290527344,4213700
2026-04-10,479.8846079702365,480.0836293974762,476.33174293111654,476.9487609863281,2659000
2026-04-13,473.81386698423705,479.9641845437994,472.8684165500318,479.8149108886719,3768700
2026-04-14,480.09358574849716,483.6364890469086,479.5462084948473,483.1587829589844,4217900
2026-04-15,484.173930535591,484.7411704797769,480.5414324746387,482.39251708984375,3474500
2026-04-16,483.4872468455319,484.44262871250635,481.02910582231567,483.29815673828125,4111500
2026-04-17,488.52116213079074,494.8632603480363,488.2124917985513,492.05560302734375,10238700
2026-04-20,491.28897952372125,492.6131415050863,490.153957496327,492.16510009765625,3764000
2026-04-21,495.06241483221595,496.1974369862739,488.1727367745745,489.2081604003906,4322200
2026-04-22,493.15080682849504,493.967223019168,491.0699634039234,492.59326171875,4022400
2026-04-23,490.392900971488,492.9616190642723,486.37061573386677,490.8409423828125,4077300
2026-04-24,490.8907305096633,491.3288060095833,488.62071673004596,490.0544128417969,3372300
2026-04-27,489.4470826207908,491.388524519117,488.1428220932613,489.6760559082031,2132100
2026-04-28,491.29895807052947,491.6573973046325,488.620736087886,489.2679138183594,3057100
2026-04-29,488.79995152371964,489.3375647776698,484.8672379534819,486.5299377441406,3322300
2026-04-30,488.8298236770933,495.40089547177945,488.2424111564862,494.4749755859375,5352300
2026-05-01,496.6553899035126,497.74061274082055,492.7426081317279,492.85211181640625,4402600
2026-05-04,491.33873243334864,492.16508410579786,486.85844004033936,487.4159851074219,3310400
2026-05-05,489.73585645647745,491.42839333230665,487.8839862465337,490.8011474609375,3386200
2026-05-06,494.80355978927304,497.88995948598824,494.7238931225592,496.8644714355469,4317300
2026-05-07,498.3181118970209,499.0050925909074,492.6032285828942,493.7382507324219,4490500
2026-05-08,496.2969899828076,496.3666603361596,492.7625184632333,493.957275390625,3495200
2026-05-11,493.6286922965885,495.6597668732263,492.59326872600695,494.9329528808594,4249100
2026-05-12,494.33560289435894,496.22727599226397,491.0301351495977,495.7095642089844,7445700
2026-05-13,493.98711048349674,495.43074209374385,492.47377814052584,494.96282958984375,3256800
2026-05-14,499.1942238938051,499.96084081248506,496.6653390791464,498.6067810058594,4920500
2026-05-15,495.4150770768555,495.8334512881113,493.18363648098347,493.4725341796875,5300700
2026-05-18,493.7514253097474,495.7338233623499,491.7092899176156,495.1062316894531,5496200
2026-05-19,492.9345799299353,494.43880572406016,490.6931983747769,492.0878601074219,5361300
2026-05-20,493.9705964122313,499.01121196968666,490.60353842469453,498.3238525390625,6516100
2026-05-21,496.86946043570583,502.1192631626269,495.30546690353964,501.182861328125,6576000
2026-05-22,505.06797152577263,506.79132552135684,503.7530203240192,504.1813659667969,5172200
2026-05-26,505.62581806531466,506.293234682036,502.039601376259,503.314697265625,3897800
2026-05-27,503.9920727752701,506.7514819927373,503.8725372887211,504.9384460449219,4247800
2026-05-28,503.40434656672966,506.2633484804659,501.7108764718307,505.1077880859375,3709600
2026-05-29,505.9545434784851,509.35148552781726,505.2572429855012,508.8235168457031,5346700
2026-06-01,507.8970815176992,509.89936176046314,506.3828842547202,509.4809875488281,4424800
2026-06-02,507.1300293025965,512.5193107280277,506.9806099360417,512.0809936523438,5078000
2026-06-03,509.2120285751664,510.88555580883906,506.0441861378762,506.31317138671875,4098000
2026-06-04,511.72240576303636,515.5975204136839,510.7162646572072,514.7208862304688,6390700
2026-06-05,515.7269782585946,515.7668031535429,506.8012768795074,507.7476501464844,6610700
2026-06-08,508.8135236618216,511.7920913681214,506.372926439724,506.9606628417969,4825700
2026-06-09,509.52084916549825,511.57292575392097,501.1530000207964,507.4587707519531,6249400
2026-06-10,505.546089809293,506.79130178277404,498.18441243042827,498.3338317871094,5153400
2026-06-11,501.26258610675563,508.8035973147969,499.64879621033117,507.408935546875,6353900
2026-06-12,510.9254557850516,513.3261978391612,507.52851370091656,511.09478759765625,8384500
2026-06-15,517.241114682104,518.8449939246017,515.8863386374726,516.4541625976562,5379400
2026-06-16,518.3270437844055,521.295610138111,518.0680299250989,519.4427490234375,4812600
2026-06-17,519.2633495181406,522.1621761569163,513.3261571098552,514.3223266601562,6563500
2026-06-18,517.8534533091957,518.9422679597349,514.85678957084,514.9467163085938,7134400
2026-06-22,516.2652815265023,518.3329259583188,515.4161901777405,516.5050048828125,6552200
2026-06-23,514.107626192277,518.1431114317724,512.3995059047012,516.0454711914062,5039200
2026-06-24,515.6159335602632,521.8489841325076,515.4361410592113,517.943359375,4395900
2026-06-25,520.6104025406712,525.984424480063,517.9733237740062,518.6825561523438,5357500
2026-06-26,516.425028433954,520.7002977788995,515.5260049646629,517.1741943359375,3823600
2026-06-29,520.050972459182,522.3983344576462,518.8223599457269,521.0997924804688,5733400
2026-06-30,521.7690264643859,522.5581868583288,519.0121473038711,521.8090209960938,3607900
2026-07-01,520.8500778562403,526.1341725690525,519.0420933088317,521.8190307617188,3438400
2026-07-02,524.9056119498302,527.6725510432186,523.147559426982,527.29296875,3518700
2026-07-06,528.1319558341445,529.50048828125,525.2651525763463,529.50048828125,3236900
2026-07-07,531.9177869825128,531.9477219154921,526.5237681222028,527.8623046875,4489200
2026-07-08,522.7579719991566,523.8767214661672,519.4516557950445,522.1885986328125,3575000
2026-07-09,523.0676781412103,524.5660100053017,521.5593476432603,523.6070556640625,3056400
2026-07-10,525.0553925421052,525.8844255113287,521.1597057743865,525.1952514648438,3469400
2026-07-13,525.2551900972999,527.2729020052334,522.3184575125211,523.8866577148438,2723800
2026-07-14,522.737973895809,526.1341558554799,521.9788094085668,524.1064453125,3664000
2026-07-15,525.3151801022778,527.1431010945205,523.1176144907313,525.3651123046875,3246900
2026-07-16,526.2241163637253,527.3428659007595,522.4882854846348,524.246337890625,3173300
2026-07-17,519.2095263843481,524.9247584603673,518.4701491841938,520.3785400390625,4741300
2026-07-20,521.6075043352433,522.9664240184392,516.7315421959331,517.5109252929688,2336600
2026-07-21,519.1994945843294,522.5766991536548,517.6907358526108,521.0779418945312,3240700
2026-07-22,521.1978654680814,523.9355857836151,520.5783839799501,521.0379638671875,3204100
2026-07-23,514.6433197905752,517.7407273354341,514.2935731422237,515.8323364257812,4305100
2026-07-24,516.8515067996294,520.1287578866829,515.8423337411698,518.3302612304688,3328400
2026-07-27,524.2653386997539,524.9048231453985,518.8597863162865,520.8281860351562,3355200
2026-07-28,525.7540589574571,528.0321382868459,523.2361272387634,526.4534912109375,5157900
2026-07-29,522.0271792621223,522.7365520179364,514.3934941403661,514.9829711914062,7369400
2026-07-30,518.4101710489763,521.5475232297872,515.4425999639255,521.0779418945312,3225300
2026-07-31,523.6458287092661,525.1745294270598,518.8198131787835,523.8856201171875,3981100
2026-08-03,529.1113077329301,531.2096046803155,528.2520347946135,530.7799072265625,4328000
2026-08-04,537.4544273717906,541.6409588100173,535.5559769402913,539.9822998046875,6705400
2026-08-05,542.849874814786,546.2970287569466,542.2004499173057,542.3602905273438,5256700
2026-08-06,543.3494784018259,544.1188600128147,537.2445548484288,537.744140625,3651800
2026-08-07,538.2637543105071,539.7724521986628,536.9847853905668,539.1729736328125,2230100
2026-08-10,538.2537192399399,539.5726329870805,537.4343912613559,538.54345703125,3408900
2026-08-11,539.4626648763239,541.2711628758917,536.4651503366254,536.8348999023438,2826800
2026-08-12,538.56346151789,538.743305076934,536.4152183131135,536.7050170898438,3167600
2026-08-13,538.2537400437179,539.5226464753741,535.2462238432298,537.46435546875,2033100
2026-08-14,536.964765664867,537.8341010350777,535.7558070974129,536.3552856445312,2089100
2026-08-17,534.0571772551467,535.5359315891661,533.0480042627617,533.7474365234375,2668100
2026-08-18,532.938148219251,533.8174240983179,531.5792894914548,532.468505859375,3825700
2026-08-19,534.8865119600056,536.2353691309871,533.1379617833902,533.827392578125,3062700
2026-08-20,529.9106111187631,531.3394801124089,526.7632573034381,527.072998046875,2868500
2026-08-21,530.030029296875,532.9099731445312,529.4299926757812,532.219970703125,3034400
2026-08-24,531.8300170898438,534.47998046875,531.8300170898438,533.6500244140625,4587500
2026-08-25,536.3699951171875,536.52001953125,533.1900024414062,535.239990234375,2443900
2026-08-26,535.3400268554688,535.9500122070312,533.3099975585938,534.22998046875,1761300
2026-08-27,533.5599975585938,536.6300048828125,532.9199829101562,535.219970703125,2500300
2026-08-28,536.530029296875,537.72998046875,534.4000244140625,535.0599975585938,2655400
2026-08-31,533.5599975585938,533.5599975585938,530.780029296875,531.5700073242188,1744800
2026-09-01,528.6699829101562,531.6500244140625,526.8400268554688,527.75,3189300
2026-09-02,529.510009765625,532.1699829101562,529.239990234375,530.6199951171875,3114500
2026-09-03,534.0399780273438,537.6199951171875,532.9400024414062,536.9299926757812,4806300
2026-09-04,535.1300048828125,536.3699951171875,532.9299926757812,534.0800170898438,2321500
