Date,open,high,low,close,volume
2009-01-02,16.854952743702906,17.499912384197774,16.675797212073874,17.399585723876953,6659500
2009-01-05,17.327914264968246,17.52856748170594,17.11292691823104,17.263418197631836,11182100
2009-01-06,17.499905522388392,17.729224294260682,17.363746989021333,17.643230438232422,13437000
2009-01-07,17.385248105553075,17.385248105553075,16.847781660534586,16.854948043823242,10726200
2009-01-08,16.847782469287477,17.034104343193068,16.73312306486064,17.019771575927734,11184400
2009-01-09,17.091437267230486,17.12010144031658,16.625633178083998,16.647130966186523,6161400
2009-01-12,16.639955677532136,16.675787583277113,16.202817362222923,16.281644821166992,8466900
2009-01-13,16.274488284237588,16.346150772227784,15.772853602002765,16.002172470092773,19223500
2009-01-14,15.758510250811565,15.772843012156278,15.328536978401623,15.407365798950195,15643100
2009-01-15,15.443201990386036,15.665355772034301,14.905735544778432,15.55069637298584,14149200
2009-01-16,15.708350689343737,15.808677308925736,15.206714857738385,15.636688232421875,9030200
2009-01-20,15.536361567507358,15.651020951508707,14.905733588652257,14.9128999710083,13048000
2009-01-21,15.228215178419326,15.364373720379042,14.740912074014261,15.29271125793457,16046100
2009-01-22,15.077729055028026,15.393041782662296,14.812578286903435,15.242551803588867,17930200
2009-01-23,14.826913836238196,15.106396059401234,14.719420778625365,14.783915519714355,19148400
2009-01-26,14.791074224200601,15.24971312765987,14.690747604778736,14.95589828491211,19811700
2009-01-27,15.084892181729767,15.328543765076628,15.02756247781568,15.228217124938965,14817400
2009-01-28,15.636693005138728,15.837347672395317,15.514867201241529,15.665358543395996,17246000
2009-01-29,15.572194952400604,15.572194952400604,15.041894862969587,15.092058181762695,11543100
2009-01-30,15.135057272154224,15.213884762857697,14.619088556323515,14.769579887390137,7888000
2009-02-02,14.547421520925447,14.568920666292538,14.224942541504477,14.432762145996094,9383500
2009-02-03,14.461435538979178,14.769583289276586,14.411272206018818,14.697920799255371,9087600
2009-02-04,14.855569496111181,15.034724945027664,14.619084358215332,14.619084358215332,10417600
2009-02-05,14.511594536111359,14.977398531802143,14.361104582194233,14.79107666015625,11882400
2009-02-06,14.941564886204807,15.271210259945493,14.84123690419222,15.149384498596191,12767200
2009-02-09,15.185220990511684,15.565029786428848,15.084892978228634,15.436038970947266,8462300
2009-02-10,15.357199796331356,15.443193615559423,14.56174945081262,14.626245498657227,8791200
2009-02-11,14.71224732004329,14.891402785556904,14.58325516617785,14.740911483764648,6449700
2009-02-12,14.540258358671437,14.61908583469966,14.117451347178479,14.576088905334473,12775200
2009-02-13,14.66208276406485,14.877070144586277,14.547423374525852,14.576088905334473,8666900
2009-02-17,14.074454004088894,14.203446167767565,13.816471043579389,13.837968826293945,15837300
2009-02-18,14.067287144414525,14.088786293248695,13.708976198265072,13.859467506408691,11520600
2009-02-19,14.045785617871347,14.088782537229076,13.551316261291504,13.551316261291504,12493300
2009-02-20,13.42232569682607,13.56565060047775,13.092680332013819,13.343498229980469,16660800
2009-02-23,13.501149761096801,13.57281218760714,12.73436494118451,12.82752513885498,11756700
2009-02-24,12.798870758339037,13.29333900833233,12.641213026299312,13.10701847076416,10561700
2009-02-25,13.135679504244514,13.135679504244514,12.662709154842412,12.791701316833496,14156700
2009-02-26,13.049683961005778,13.064016726849458,12.569548606872559,12.569548606872559,8399100
2009-02-27,12.361725397573428,12.641207447431702,12.232733261685752,12.254232406616211,12092200
2009-03-02,12.10374404615762,12.110910429530193,11.451618194580078,11.451618194580078,9658600
2009-03-03,11.781262841892284,11.81709338535754,11.30829187711948,11.365621566772461,10174000
2009-03-04,11.680931091308594,11.895918383282805,11.358452203618043,11.680931091308594,10929900
2009-03-05,11.501781211437057,11.530446744179908,11.02164515620089,11.22946548461914,13470200
2009-03-06,11.365621971699511,11.48744842083221,10.849654746440137,11.107638359069824,13881200
2009-03-09,11.093304442246806,11.351288711505228,10.863985699282665,11.007309913635254,9734800
2009-03-10,11.200800682340754,11.903090518739956,11.200800682340754,11.838594436645508,10318500
2009-03-11,12.032082593976003,12.204071689340408,11.824261582797455,11.953253746032715,9343000
2009-03-12,12.089413388890259,12.48355493065804,11.774099335367262,12.340229988098145,8489700
2009-03-13,12.540881253670955,12.648374248190047,12.161071215066077,12.361725807189941,8099600
2009-03-16,12.53371911976447,12.927862055715632,12.476389412134052,12.497888565063477,11528100
2009-03-17,12.598213503545908,12.863364219665527,12.383227470793248,12.863364219665527,8405900
2009-03-18,12.770205219114308,13.271841220761926,12.490723045913912,13.10701847076416,12541000
2009-03-19,13.257498823573522,13.314828493542118,12.956517714526617,12.97801685333252,8776900
2009-03-20,13.059782726451292,13.088724736851693,12.495427323953596,12.582250595092773,12500500
2009-03-23,12.900604838186155,13.551784842833289,12.799310569472196,13.493902206420898,8470900
2009-03-24,13.313014728744747,13.739899559408219,13.291309609239121,13.385368347167969,14721600
2009-03-25,13.50113770847631,13.906316163363053,13.132135383835722,13.493902206420898,10733600
2009-03-26,13.696492109622728,14.217435836791994,13.674785603479085,14.217435836791992,16530500
2009-03-27,14.043785810792984,14.10166843841997,13.819490801242251,13.949727058410645,10115000
2009-03-30,13.493902543538221,13.522844552482928,13.08872407852893,13.255136489868164,8718200
2009-03-31,13.450488729544166,13.653078619220189,13.211722714583114,13.334723472595215,10759600
2009-04-01,13.211721191368465,13.638606044662543,13.117661068422686,13.631370544433594,8653300
2009-04-02,13.920791237048869,14.557501803750725,13.891850600397683,14.362147331237793,13177000
2009-04-03,14.369377161955207,14.448964916345865,14.188493769201616,14.376612663269043,11174400
2009-04-06,14.224670443476446,14.53579011179755,14.065493548535082,14.412789344787598,7783300
2009-04-07,14.188492720495129,14.311493473677512,13.993138339552988,14.000373840332031,9263800
2009-04-08,14.1450800618022,14.217433691331689,13.92078505228842,14.123374938964844,11783600
2009-04-09,14.420025425188342,14.933733638594505,14.420025425188342,14.817968368530273,18412800
2009-04-13,14.622614106294552,14.991616425883503,14.521319838967312,14.861381530761719,13678000
2009-04-14,14.687732119315195,14.97714667499167,14.586437852846954,14.644320487976074,13458100
2009-04-15,14.593668077488907,14.940963762677159,14.535785463290864,14.781786918640137,10098200
2009-04-16,15.006080551003118,15.382318200080944,14.803490729184997,15.281023979187012,15534200
2009-04-17,15.389558474619015,15.44020560078349,15.172497588160383,15.27379322052002,9920500
2009-04-20,15.027795177245277,15.049500304876718,14.550263048919545,14.600910186767578,11248100
2009-04-21,14.492375732726588,14.991612827610915,14.456198231628084,14.955436706542969,3242900
2009-04-22,14.76732218835702,15.54150299938316,14.76732218835702,15.186971664428711,13736400
2009-04-23,15.317207886368701,15.40403253419357,14.969912055131143,15.353384017944336,8470900
2009-04-24,15.548735957466265,15.773030973484447,15.396794573075777,15.671736717224121,9277200
2009-04-27,15.548730742716595,15.693437957439922,15.324435801922686,15.360611915588379,7980500
2009-04-28,15.21591078123874,15.432970290345258,15.049497018890996,15.179733276367188,9556200
2009-04-29,15.324436333600241,15.881557335574868,15.324436333600241,15.686203002929688,14356600
2009-04-30,16.01903513070468,16.14927141307317,15.664503795385446,15.74409294128418,11382600
2009-05-01,15.75856391043114,16.091388737927446,15.671739262371126,15.917740821838379,9052100
2009-05-04,16.127568016295193,16.525511028420663,15.9611542042866,16.43868637084961,9579800
2009-05-05,16.380801049854668,16.561684458550168,16.293977786498125,16.48933219909668,9942600
2009-05-06,16.648511170593565,16.807688093212967,16.424216102350073,16.749805450439453,18727800
2009-05-07,16.908978963011716,16.923448584582758,16.286739694444844,16.409740447998047,17176100
2009-05-08,16.54721197510858,17.010272979736328,16.54721197510858,17.010272979736328,9326800
2009-05-11,16.662985401329706,16.800455842004087,16.482101935149522,16.503807067871094,10456900
2009-05-12,16.691922197280288,16.691922197280288,16.033506642296658,16.322919845581055,12735500
2009-05-13,15.92497657020996,16.098624488981777,15.592150357540742,15.650032997131348,12479500
2009-05-14,15.61385389879622,15.968385171443634,15.61385389879622,15.765796661376953,10311200
2009-05-15,15.823679743741032,16.055210264760014,15.650030472946032,15.773031234741211,17495800
2009-05-18,15.852625161679518,16.351863861083984,15.852625161679518,16.351863861083984,10524600
2009-05-19,16.31568412491183,16.431449404678215,16.1565072102408,16.22886085510254,19701800
2009-05-20,16.489335410669586,16.7063949913678,16.24333381652832,16.24333381652832,13316600
2009-05-21,15.997335840142544,16.098630150038332,15.592155840496448,15.751334190368652,20545700
2009-05-22,15.736849187644497,15.910497013076945,15.6066129735626,15.693437576293945,8858200
2009-05-26,15.801980108016625,16.28674786460989,15.563213981935249,16.26504135131836,16082300
2009-05-27,16.265033708169426,16.337387338443257,15.736854553222656,15.736854553222656,10835700
2009-05-28,15.881565544659221,15.982859822820156,15.534268313764084,15.888799667358398,10851400
2009-05-29,16.033502294815932,16.29397479716033,15.867089920553962,16.272268295288086,10999600
2009-06-01,16.619567997389435,17.060923980203626,16.47486209058694,17.024747848510742,19477000
2009-06-02,16.930689166199905,17.183926250102367,16.908984037314404,17.05368995666504,10763500
2009-06-03,16.8293854364818,16.974091274593263,16.568912995838733,16.720855712890625,15375500
2009-06-04,16.829393425294857,17.060923980203626,16.684686138461398,17.024747848510742,7971400
2009-06-05,17.40098900668019,17.422695519573004,17.075399593476053,17.169458389282227,12146000
2009-06-08,17.162217315820065,17.306924594751738,16.872804137987604,17.212865829467773,8434700
2009-06-09,17.24903512937187,17.270741626626126,16.995798181526904,17.176681518554688,10302600
2009-06-10,17.42991619353144,17.45885680606624,16.7642655448691,17.06814956665039,12810100
2009-06-11,17.031973340434092,17.2635037592625,17.003031348065463,17.039207458496094,10526900
2009-06-12,17.02473795783311,17.075385064791632,16.80767715368638,17.06814956665039,8454700
2009-06-15,16.988571036363144,16.988571036363144,16.395273619970155,16.547216415405273,8953300
2009-06-16,16.61957033106982,16.684688481285516,16.24333381652832,16.24333381652832,9303600
2009-06-17,16.16374435721682,16.308451661662705,16.033508059221752,16.120332717895508,17690700
2009-06-18,16.243331109568885,16.25056523169292,15.939446919215143,16.13479995727539,12271900
2009-06-19,16.38098561203025,16.49024046387378,16.067787351294882,16.16975975036621,8822300
2009-06-22,16.038650758885115,16.060500892142755,15.565212218544849,15.63076400756836,11339600
2009-06-23,15.5797783608672,15.638047697743843,15.35398485412653,15.485091209411621,14739300
2009-06-24,15.64533313217977,15.951247529255943,15.506944311282744,15.587063789367676,13853900
2009-06-25,15.528799056766227,16.104210203458862,15.528799056766227,16.067790985107422,18079300
2009-06-26,16.075074365297993,16.169762941030537,15.958535648435703,16.00223731994629,11819300
2009-06-29,16.133345930157667,16.27902004078376,15.987673208782857,16.1624813079834,6238800
2009-06-30,16.16247684591457,16.235313881119072,15.856562409456375,15.994951248168945,8985100
2009-07-01,15.849277150936622,16.29358177566131,15.841993309141866,16.060503005981445,14009300
2009-07-02,16.031372512941758,16.031372512941758,15.528798433860597,15.557933807373047,13736200
2009-07-06,15.361274520761265,15.565217971801758,15.295721318257216,15.565217971801758,13749300
2009-07-07,15.470531144488573,15.514232821349065,14.99709237562135,15.033510208129883,13589900
2009-07-08,15.00437226242329,15.128194805244657,14.778578704072878,14.975236892700195,18108100
2009-07-09,15.069933374870743,15.179188290248163,14.989812455276544,15.113635063171387,10261300
2009-07-10,14.975240976689722,15.157332919365793,14.720311979092967,15.091779708862305,13920900
2009-07-13,15.186465981029068,15.506948140254313,14.982522536203717,15.477812767028809,9447400
2009-07-14,15.652619189658795,15.703604698181152,15.470527293935564,15.703604698181152,7456600
2009-07-15,15.958529182320694,16.228025724151422,15.856558193695811,16.191606521606445,12194400
2009-07-16,16.184329429068548,16.570364801497572,16.09692608501929,16.490243911743164,9079900
2009-07-17,16.45383078238113,16.45383078238113,16.177050205592337,16.300872802734375,8516800
2009-07-20,16.50480904914614,16.67961709949114,16.41012187617835,16.628631591796875,11225700
2009-07-21,16.832575337639376,16.970964178559374,16.446540017373522,16.635915756225586,11590000
2009-07-22,16.56308422834728,16.7961617108348,16.52666639267787,16.686906814575195,8604600
2009-07-23,16.614066795185686,17.12392473926506,16.592216653375885,17.03652000427246,12070000
2009-07-24,16.934551502568688,17.072941774805862,16.781594930031293,17.051090240478516,7254100
2009-07-27,17.058368215975296,17.17490691378761,16.91269414908447,17.14577293395996,8301500
2009-07-28,17.072939060110055,17.255030982796914,16.927264966260122,17.131208419799805,6436600
2009-07-29,17.000104716299383,17.058374085254297,16.81801276465886,17.051090240478516,11747600
2009-07-30,17.357001492276584,17.575511237220468,17.320583664536297,17.32786750793457,13001100
2009-07-31,17.37156721991894,17.553659116586328,17.327865553709024,17.393417358398438,10541300
2009-08-03,17.61921636628727,17.85957766964686,17.473542259720325,17.772172927856445,14748700
2009-08-04,17.743032283082137,17.910556470304822,17.62649359725325,17.90327262878418,8211800
2009-08-05,17.961548062988165,17.961548062988165,17.61921573092718,17.757604598999023,10111800
2009-08-06,17.895996600828727,17.954265969184142,17.706620806360803,17.852294921875,20333600
2009-08-07,18.12178517419919,18.449551148045117,18.005246469998625,18.296594619750977,13530300
2009-08-10,18.2456048301066,18.267456354651,17.98339348182741,18.121782302856445,13115200
2009-08-11,17.976108680885975,18.099931201527436,17.75759761485659,17.881420135498047,12985000
2009-08-12,17.815874295382766,18.376717789919653,17.815874295382766,18.194625854492188,9455200
2009-08-13,18.333013388917564,18.34029723196195,18.07808443936805,18.274744033813477,8606100
2009-08-14,18.30388193307239,18.30388193307239,17.808593003340214,18.012535095214844,14117600
2009-08-17,17.59007646670625,17.633778131739746,17.36428290990716,17.48082160949707,15285100
2009-08-18,17.553658798539217,17.750318376797026,17.495389448231446,17.692049026489258,10463000
2009-08-19,17.509964492988235,17.837729205267898,17.458977574443352,17.7430419921875,8428000
2009-08-20,17.772164528829347,17.997958036973227,17.692045058407665,17.96154022216797,8648100
2009-08-21,18.19462639542543,18.442271546109467,17.89599572358608,18.427703857421875,8875000
2009-08-24,18.427703551103203,18.617079333140186,18.354867887378482,18.464122772216797,7054500
2009-08-25,18.60251266521593,18.71176754788864,18.449554718073163,18.56609344482422,8624800
2009-08-26,18.55880661129447,18.55880661129447,18.296595212967194,18.3767147064209,6914900
2009-08-27,18.369436649208748,18.61708182897596,18.223763912978956,18.54424476623535,8669600
2009-08-28,18.74089899201713,18.74089899201713,18.325729660643994,18.44226837158203,7591200
2009-08-31,18.311167785872858,18.318451631274534,18.085374135426736,18.223764419555664,8582000
2009-09-01,18.180054250843124,18.48596869204726,17.874141198889905,17.917842864990234,14918300
2009-09-02,17.88870861157772,17.9396941234197,17.743035919065065,17.845006942749023,10319500
2009-09-03,17.976117711883553,18.114507984302804,17.764890380861992,18.078088760375977,14405100
2009-09-04,18.092653795326108,18.464121489368566,18.034384434844025,18.434986114501953,8476400
2009-09-08,18.704488829850792,18.75547436312077,18.53696453789184,18.595233917236328,17735000
2009-09-09,18.689916513622695,19.010398715352544,18.660782525784295,18.90842628479004,12228700
2009-09-10,18.95212394680399,19.12693199174693,18.755464375274116,19.068662643432617,10479300
2009-09-11,19.221627430785656,19.330883721470705,19.112372529352054,19.192493438720703,10885000
2009-09-14,19.068669659478292,19.41100203312485,18.973981065346432,19.374584197998047,10257300
2009-09-15,19.447419885375158,19.687781192306705,19.330881154090243,19.6076602935791,12286200
2009-09-16,19.76061233752763,19.877152431407303,19.549386456357162,19.855300903320312,13884200
2009-09-17,19.884434068370023,20.06652596053184,19.680492038269357,19.8917179107666,12503700
2009-09-18,20.026456126179877,20.026456126179877,19.740885970621243,19.777498245239258,9784500
2009-09-21,19.696955961695537,19.850724747809828,19.550511028356272,19.66034507751465,8399100
2009-09-22,19.88733277255465,19.97520083721695,19.770176284081924,19.894655227661133,9695500
2009-09-23,19.98251659981578,20.048415880472255,19.667658118766337,19.72623634338379,8334000
2009-09-24,19.733559954778034,19.784815729751124,19.29422254604205,19.404056549072266,11069300
2009-09-25,19.323512540463454,19.38941322698859,19.089199609091967,19.133132934570312,8350800
2009-09-28,19.25028396278063,19.609075686144593,19.25028396278063,19.52853012084961,5896700
2009-09-29,19.6017603484452,19.704271907574494,19.462636520615984,19.484603881835938,12950800
2009-09-30,19.565143858309693,19.565143858309693,19.10384054514484,19.286897659301758,16520100
2009-10-01,19.133128982103017,19.3015425887742,18.75969369775743,18.803627014160156,23754600
2009-10-02,18.532704739399488,18.7157618821341,18.496093869498633,18.561994552612305,17744200
2009-10-05,18.649854672912653,18.957390620955938,18.583954012859472,18.942747116088867,11587400
2009-10-06,19.023291983579483,19.30886198656153,18.994003576148984,19.125804901123047,13054800
2009-10-07,19.13312978582589,19.13312978582589,18.957395116217977,19.05258560180664,8720100
2009-10-08,19.2649311201485,19.418699828803817,19.169742031259023,19.3894100189209,13050700
2009-10-09,19.264935305793784,19.440670013427734,19.2063570699158,19.440670013427734,9427600
2009-10-12,19.535857911354572,19.587113686327665,19.308867452210112,19.404056549072266,5634600
2009-10-13,19.396731907752518,19.418699264526367,19.213674791148645,19.418699264526367,8033400
2009-10-14,19.762851618352585,19.982521057128906,19.579794451013324,19.982521057128906,16827100
2009-10-15,19.858044594540576,19.96787862926631,19.770176528790675,19.95323371887207,7673500
2009-10-16,19.82143034936712,19.909298406387645,19.609084756208546,19.81410789489746,8309500
2009-10-19,19.90197030605043,20.114315838970004,19.83606963113384,20.02644920349121,7929700
2009-10-20,20.077702932519955,20.077702932519955,19.755522043082372,19.8873233795166,11172300
2009-10-21,19.880002718545402,20.136282962850125,19.69694560070131,19.748201370239258,11200900
2009-10-22,19.711588729809243,19.960546499381714,19.550498983397876,19.8873233795166,11423000
2009-10-23,19.98983712655912,19.98983712655912,19.484600476342013,19.535856246948242,12069300
2009-10-26,19.638367959400348,19.858037345276053,19.301543522985284,19.38208770751953,10952500
2009-10-27,19.35280122950993,19.499246104791318,19.118488311767578,19.118488311767578,13816500
2009-10-28,19.10384072496305,19.220997167397034,18.723081588745117,18.723081588745117,17674100
2009-10-29,18.767012331854975,19.16973876953125,18.767012331854975,19.16973876953125,12108400
2009-10-30,19.103846900430007,19.162425140582872,18.5034195897093,18.518064498901367,19261100
2009-11-02,18.605928795764896,18.884176448583624,18.452161458640255,18.73040771484375,19853300
2009-11-03,18.730404675884632,19.05258560180664,18.708437318453015,19.05258560180664,17826500
2009-11-04,19.21367800635153,19.330834468853688,18.97936508134721,19.015975952148438,12721200
2009-11-05,19.19902346308354,19.506559371948242,19.074544609576055,19.506559371948242,14457600
2009-11-06,19.45529882192365,19.718901363546145,19.43333287453121,19.682289123535156,9245300
2009-11-09,19.90929208923405,20.18021583557129,19.806779155801227,20.18021583557129,9692400
2009-11-10,20.048417761164753,20.20950894143559,19.945906207621615,20.06306266784668,10369500
2009-11-11,20.24612153386427,20.355955550091956,20.106997701781044,20.216833114624023,8986300
2009-11-12,20.15825577018075,20.27541224554865,19.93126387711702,19.982521057128906,11062300
2009-11-13,20.004478730510034,20.21682562697044,19.887322303709386,20.136280059814453,7949700
2009-11-16,20.172900705174047,20.626883126710926,20.172900705174047,20.597593307495117,9420500
2009-11-17,20.61223371159954,20.61223371159954,20.370598342348536,20.560977935791016,7449100
2009-11-18,20.57562600985876,20.582948464189446,20.35595656978418,20.451147079467773,5710800
2009-11-19,20.35595750686276,20.35595750686276,19.989843153166557,20.143611907958984,10683300
2009-11-20,19.99716821718321,20.150936992040293,19.953234880059302,20.10700225830078,10487600
2009-11-23,20.363285678098375,20.55366536305938,20.282741447372587,20.473119735717773,12004600
2009-11-24,20.40720806484971,20.41452912052546,20.172893781391426,20.30469512939453,8763900
2009-11-25,20.37060813482178,20.52437693278159,20.290062507480172,20.473119735717773,6123400
2009-11-27,19.821427013799955,20.27540933821458,19.799461050702813,20.077707290649414,10091300
2009-11-30,20.099678576567758,20.246123480076985,19.989843153166557,20.143611907958984,12897200
2009-12-01,20.407220418438786,20.546342906335976,20.290062507480172,20.473119735717773,8460800
2009-12-02,20.473106111255117,20.604907451333435,20.341306167791686,20.414527893066406,6255100
2009-12-03,20.48042566557457,20.60490453619141,20.27540262922779,20.3193359375,6783000
2009-12-04,20.6854474039306,20.77331540564352,20.34130064016855,20.626869201660156,11692100
2009-12-07,20.590275533643933,20.707432035963798,20.539018341840276,20.55366325378418,6715500
2009-12-08,20.407211781609348,20.487755978246874,20.106996769471444,20.238798141479492,12208700
2009-12-09,20.341308735123267,20.348631187897904,20.128961794504008,20.333986282348633,9893200
2009-12-10,20.465783003816295,20.582939428445872,20.370592535920544,20.42184829711914,6255800
2009-12-11,20.539001199947236,20.670802504209362,20.429167245266964,20.626869201660156,6521800
2009-12-14,20.729391870202786,20.905126571655273,20.729391870202786,20.905126571655273,5908000
2009-12-15,20.824576399901936,20.912443027117657,20.73670837607136,20.846542358398438,5982400
2009-12-16,20.809938032386395,20.90512714120247,20.70742646956673,20.758682250976562,6433900
2009-12-17,20.670816866402703,20.678139321351,20.509727047386544,20.531694412231445,8512500
2009-12-18,20.65771836035834,20.687197069791377,20.39977297579528,20.525060653686523,9836400
2009-12-21,20.67245098777153,20.73877982177759,20.613492180398236,20.679821014404297,8727800
2009-12-22,20.68719475853879,20.812482422432417,20.65034602444206,20.701934814453125,5726100
2009-12-23,20.709300368222394,20.768259173452734,20.620861457532484,20.738779067993164,2992900
2009-12-24,20.819847106933594,20.86406585763866,20.76088830409726,20.819847106933594,1277600
2009-12-28,20.856694576190606,20.856694576190606,20.701928255194026,20.782997131347656,6078400
2009-12-29,20.878807727481274,20.878807727481274,20.812478892804712,20.84195899963379,2883100
2009-12-30,20.72404042095218,20.81984795231818,20.709300368222394,20.738779067993164,5471000
2009-12-31,20.8124796480142,20.8124796480142,20.46609681433673,20.480836868286133,3117000
2010-01-04,20.701925005079158,20.871431350708008,20.606116092723074,20.871431350708008,7471500
2010-01-05,20.841961357079892,20.967249013897106,20.76826248735994,20.945138931274414,8256700
2010-01-06,20.89354945115315,21.011467076518223,20.88617942385671,20.989356994628906,5356700
2010-01-07,20.952507676090985,21.24730173123432,20.878808810882916,21.217823028564453,12118200
2010-01-08,21.225194750224343,21.564209017424016,21.210456099581076,21.556838989257812,8065000
2010-01-11,21.70422989021534,21.82214749227537,21.593680908306457,21.792667388916016,11895500
2010-01-12,21.60842320154504,21.674752035295544,21.461026886524138,21.615793228149414,12020700
2010-01-13,21.578937937371947,21.74844428064896,21.497869075070586,21.704225540161133,10978200
2010-01-14,21.674745442710307,21.718964183198132,21.615786653497068,21.704225540161133,4762700
2010-01-15,21.63053370166544,21.69686253670479,21.36521836150803,21.424177169799805,7251000
2010-01-19,21.49788060765706,21.689497126815304,21.40207305092252,21.660017013549805,11941300
2010-01-20,21.424180506584953,21.468399268268573,21.12938641921235,21.328372955322266,9810400
2010-01-21,21.31362364209419,21.409431151743494,20.819843233082047,20.834583282470703,17492900
2010-01-22,20.856703548896412,20.97462119820055,20.51032062977667,20.517690658569336,16216200
2010-01-25,20.76089436787689,20.79037307506074,20.53242911586775,20.650346755981445,12695500
2010-01-26,20.532426204223004,20.768261451007273,20.451357311007555,20.561904907226562,12708200
2010-01-27,20.48820149779744,20.665079299350833,20.28184640546621,20.620859146118164,22437800
2010-01-28,20.650344199364334,20.74615174296182,20.193412346227376,20.385028839111328,21371000
2010-01-29,20.42188193555037,20.620868498277613,20.127087808744793,20.17867660522461,17136200
2010-02-01,20.407138004228035,20.488205489571918,20.26711030308654,20.480836868286133,16144100
2010-02-02,20.598747473946545,20.908281473032826,20.554527327156766,20.871431350708008,20403200
2010-02-03,20.812475981158943,20.93776360627718,20.694558381716917,20.74614715576172,13675400
2010-02-04,20.606125257196172,20.642975395909907,20.13445472717285,20.13445472717285,20628100
2010-02-05,20.178663372172434,20.28921232720527,19.648034291905915,20.04600715637207,30821300
2010-02-08,20.097607992484438,20.13445672917304,19.824922561645508,19.824922561645508,17888900
2010-02-09,20.046020168456213,20.392403089426637,19.979691314657092,20.20815658569336,22723500
2010-02-10,20.222896778512403,20.27448557499222,19.994430100259965,20.17867660522461,12709800
2010-02-11,20.15656270984385,20.50294554352132,20.04601511660116,20.480836868286133,11507900
2010-02-12,20.208149393947945,20.39239583211097,20.10497183839706,20.318696975708008,16638900
2010-02-16,20.53242509349533,20.819849109253973,20.480836311763152,20.797739028930664,10497000
2010-02-17,20.95251023346451,20.996728995710928,20.819852541036145,20.974618911743164,14974300
2010-02-18,20.849332207461412,21.203085109251592,20.849332207461412,21.166234970092773,7602300
2010-02-19,21.13675910168155,21.372594401198285,21.070430247981314,21.26941680908203,12076500
2010-02-22,21.37259766031454,21.387337720204368,21.232569902740114,21.28415870666504,7382700
2010-02-23,21.2325660299397,21.365223733372567,20.95251197156193,21.011470794677734,16110200
2010-02-24,21.085168611747015,21.269415100404185,21.011469735146317,21.225194931030273,9011200
2010-02-25,20.84195651500616,21.217819398136072,20.74614758492217,21.173599243164062,12357000
2010-02-26,21.144123505274763,21.32099993285573,21.063054615500153,21.254671096801758,9004200
2010-03-01,21.343118158901163,21.564214846585926,21.262050638537318,21.53473472595215,11493900
2010-03-02,21.630535886390277,21.674754645653064,21.534726934683718,21.571577072143555,7327500
2010-03-03,21.64526384140407,21.814770161896142,21.54945494325587,21.601043701171875,5641200
2010-03-04,21.6673754183476,21.733704231923547,21.55682786428383,21.704225540161133,7479600
2010-03-05,21.85163454311911,22.04325107113763,21.814785805522533,22.03588104248047,9905300
2010-03-08,22.07272498994437,22.094833664020708,21.903217189789004,21.932697296142578,6773200
2010-03-09,21.88110439114122,22.175898370664314,21.829515620435753,22.109569549560547,7609900
2010-03-10,22.10957077231187,22.242228421855927,22.028501896326357,22.153789520263672,7923000
2010-03-11,22.087457969290863,22.242225676552547,21.954801741808893,22.23485565185547,7902700
2010-03-12,22.330672988012264,22.38226318359375,22.13905788432313,22.38226318359375,9897200
2010-03-15,22.308564309880722,22.433851973486142,22.198016702155734,22.38226318359375,13020600
2010-03-16,22.39699426221369,22.684419631958008,22.39699426221369,22.684419631958008,14118500
2010-03-17,22.750757350259182,22.824454822182595,22.64757835932589,22.721277236938477,10825000
2010-03-18,22.750753761879956,22.8834100338323,22.66231484155611,22.876041412353516,10298400
2010-03-19,22.784339904785156,23.01358939464056,22.695599349781382,22.784339904785156,8777800
2010-03-22,22.614249691072125,22.887869422439223,22.59945913034839,22.850893020629883,6434400
2010-03-23,22.910055690531387,23.109724044799805,22.858290134351932,23.109724044799805,8871300
2010-03-24,23.028380115024174,23.124517368415127,22.902663144786164,22.94703483581543,8390200
2010-03-25,23.161493359298582,23.235444770342852,22.88787497209238,22.9322452545166,10004200
2010-03-26,23.006190325248518,23.131907266225493,22.86568282403767,22.99139976501465,13362400
2010-03-29,23.131916838595583,23.228052698887428,23.065360700506595,23.19847297668457,17198200
2010-03-30,23.2576232326096,23.36115432889738,23.139301576707737,23.235437393188477,10610500
2010-03-31,23.19846266752863,23.242832936368256,23.035769330940983,23.102325439453125,11457200
2010-04-01,23.30200590161981,23.36116676105449,23.080151620860146,23.250240325927734,12537700
2010-04-05,23.3463672050675,23.479479440173,23.25762665533424,23.420318603515625,11007700
2010-04-06,23.37595354888882,23.46469411843933,23.302002133926113,23.427719116210938,9108500
2010-04-07,23.368552838214708,23.420318393512545,23.17627976817589,23.294601440429688,10235200
2010-04-08,23.20585980214135,23.412923436703927,23.124514532907092,23.368553161621094,9100600
2010-04-09,23.43510709633099,23.509058488250293,23.361155704411686,23.501663208007812,6284600
2010-04-12,23.509065994181025,23.642176849528575,23.509065994181025,23.553436279296875,6771300
2010-04-13,23.494276283560378,23.64957299236762,23.405534299594823,23.590412139892578,8688200
2010-04-14,23.723524641861065,23.915796344968157,23.64957181681078,23.893611907958984,13028000
2010-04-15,23.87882078307083,24.174623613300913,23.856633525570047,24.12285804748535,6788800
2010-04-16,24.034106828878674,24.093269061311727,23.531239137239755,23.730907440185547,26511600
2010-04-19,23.70872594670165,23.775282055917707,23.464685939239164,23.686538696289062,16021200
2010-04-20,23.90839756006303,24.03411310529765,23.83444475020921,23.960163116455078,13103000
2010-04-21,24.004536351190968,24.174623613300913,23.930586348886386,24.12285804748535,19373000
2010-04-22,24.00453113141594,24.359496143112107,23.804862783397258,24.34470558166504,11770200
2010-04-23,24.389081710758916,24.514800095464775,24.218994454637063,24.492612838745117,15681200
2010-04-26,24.65529843677571,24.699670115190102,24.507395663071843,24.544370651245117,13312200
2010-04-27,24.418655357975194,24.603533121599163,23.864022067103285,23.952762603759766,31528700
2010-04-28,24.041511352343257,24.204204742627446,23.91579578422312,24.12285804748535,17520400
2010-04-29,24.32251861640677,24.670089721679688,24.255962507333464,24.670089721679688,14211400
2010-04-30,24.647912339992182,24.74404677535547,24.078488315327725,24.08588218688965,18401800
2010-05-03,24.100671683838844,24.640514556327854,24.100671683838844,24.566564559936523,16977700
2010-05-04,24.292941224721922,24.403869030537972,23.605197009595138,23.79007339477539,24814700
2010-05-05,23.361158575495846,23.760495294635234,23.32418358024471,23.486875534057617,28450700
2010-05-06,23.331575742415477,23.61259076356688,21.03169707196873,22.710386276245117,52085700
2010-05-07,22.79174237257748,22.81392822357668,21.889538922868603,22.207529067993164,48211400
2010-05-10,23.48687793266344,23.568224623130277,23.12451758227466,23.479482650756836,28537400
2010-05-11,23.368553537070508,23.75309827814268,23.183675742331825,23.41292381286621,21220600
2010-05-12,23.45729206628986,23.967555130717834,23.45729206628986,23.930580139160156,23705400
2010-05-13,23.827047880491918,23.960160100461998,23.55342816049726,23.560823440551758,15827900
2010-05-14,23.412923129740232,23.479479246744678,22.88047560421024,23.065353393554688,24135200
2010-05-17,23.139303480127758,23.24283458493192,22.53290318061697,23.00619125366211,30408700
2010-05-18,23.205862189226167,23.375950847133588,22.636439603989906,22.717784881591797,33891300
2010-05-19,22.481132606268126,22.754752278492276,22.07440214781879,22.429367065429688,42144400
2010-05-20,22.037433489761682,22.081805177917655,21.371873682984717,21.45322036743164,44338900
2010-05-21,21.07607160479788,21.845164017594712,20.994724912154336,21.75642204284668,39374700
2010-05-24,21.682468007223083,21.7859991231398,21.401454373803844,21.431034088134766,24343600
2010-05-25,20.78026765998409,21.423641696391137,20.639760119071003,21.41624641418457,30028300
2010-05-26,21.719446288069022,21.941299101470857,21.39406093930798,21.460617065429688,29128700
2010-05-27,22.000457366307575,22.192730440282197,21.763814016955923,22.185335159301758,21078000
2010-05-28,22.185336291012426,22.2001268537278,21.675073161377544,21.8895320892334,25026100
2010-06-01,21.67508101173774,22.015257024869086,21.371881418787087,21.40146255493164,27979600
2010-06-02,21.45322674396523,21.95609474182129,21.379275318897086,21.95609474182129,20844100
2010-06-03,22.170540554988744,22.177935834620808,21.852550583336928,22.059614181518555,21686700
2010-06-04,21.475407663507113,21.638099632895212,20.928168089962305,21.02430534362793,26172400
2010-06-07,21.0021119584083,21.10564445676567,20.469664550233627,20.484455108642578,30321200
2010-06-08,20.573202329907325,20.758080138638345,20.262607554818974,20.69891929626465,34376900
2010-06-09,20.839426825841834,21.20178716169395,20.610178737956975,20.69891929626465,30023200
2010-06-10,21.00211657964832,21.497589111328125,20.987326017984902,21.497589111328125,23492500
2010-06-11,21.275736647344694,21.59372667534725,21.164810254217333,21.57154083251953,14729700
2010-06-14,21.81558095065295,21.94869319569378,21.512381463840267,21.54935646057129,18225100
2010-06-15,21.72683851898411,22.237101643889233,21.67507296046582,22.20012664794922,17459700
2010-06-16,22.1187843818042,22.31105750220526,22.037437681882917,22.14097023010254,15416900
2010-06-17,22.2814790836449,22.2814790836449,21.889538922868603,22.207529067993164,22397500
2010-06-18,22.264743193222966,22.331626716118624,22.145839467507173,22.294469833374023,16529300
2010-06-21,22.61402623744153,22.740361634980925,22.22015672336121,22.331628799438477,17337100
2010-06-22,22.30932828471782,22.443095301316163,21.751966660520672,21.78912353515625,17664300
2010-06-23,21.759401912301982,21.92289417211925,21.506731154210836,21.707380294799805,19311200
2010-06-24,21.655359371383103,21.722242888493348,21.27635324690641,21.3283748626709,17170800
2010-06-25,21.372961453488283,21.536453692942352,21.172310920446492,21.491865158081055,18163500
2010-06-28,21.477003958436047,21.625634312555036,21.283785065059,21.343236923217773,11263100
2010-06-29,21.045978046152804,21.053409705749257,20.33998739381926,20.518342971801758,31116800
2010-06-30,20.481183625055387,20.76358100548361,20.33998635228534,20.38457489013672,25416200
2010-07-01,20.362279711520703,20.466321522072484,19.953548380788277,20.325122833251953,26089500
2010-07-02,20.191360096536716,20.42173590916095,19.975846187913398,20.07245635986328,15578900
2010-07-06,20.436595529233923,20.51834236493297,19.908960470488687,20.109609603881836,16259000
2010-07-07,20.124471392473037,20.837895046501217,20.117039733661453,20.808168411254883,17141500
2010-07-08,20.971670349952976,21.164889316065487,20.80817803283222,21.075712203979492,17010400
2010-07-09,21.11286662899676,21.283790588378906,21.060846416788667,21.283790588378906,12659400
2010-07-12,21.15744465277713,21.291211656152264,20.993952436120725,21.17230796813965,14684600
2010-07-13,21.410122948503812,21.66279372963389,21.410122948503812,21.54388999938965,15580100
2010-07-14,21.514160520061417,21.722241298108436,21.410118713593913,21.58847427368164,15997600
2010-07-15,21.618203940125266,21.640498919803658,21.254061110043335,21.58104705810547,23101600
2010-07-16,21.469579162561615,21.469579162561615,20.800745190095892,20.860197067260742,21563500
2010-07-19,20.912215739625506,21.053414469015618,20.73386012129063,20.97909927368164,17957000
2010-07-20,20.711561287906402,21.358100062773552,20.614951133307066,21.306079864501953,17312400
2010-07-21,21.477006795775548,21.566185303517187,21.083138714981068,21.25406265258789,31327200
2010-07-22,21.49930009396248,22.026935186340456,21.49930009396248,21.908031463623047,24158500
2010-07-23,21.930324060983047,22.4133705592319,21.870872206082325,22.346487045288086,25468500
2010-07-26,22.46538944517494,22.740355143960556,22.38364403535539,22.710628509521484,17556400
2010-07-27,22.8889873322623,22.89641899193327,22.502550951480735,22.5545711517334,14145200
2010-07-28,22.480255775636827,22.584296175231206,22.405940597021928,22.495119094848633,15190500
2010-07-29,22.614021960197324,22.72549401519063,22.235015839264825,22.42080307006836,17623300
2010-07-30,22.2201577651191,22.591732314426924,22.12354900597461,22.509986877441406,17135700
2010-08-02,22.822104538587205,22.98559822166068,22.718064134772586,22.95587158203125,15965800
2010-08-03,22.88899149266707,22.963306685440514,22.72549920252102,22.836971282958984,11147100
2010-08-04,22.888986377405555,23.05991170781917,22.844397838683957,23.037616729736328,9579300
2010-08-05,22.836968711944746,23.082207828276697,22.814675148833636,23.05248260498047,20032500
2010-08-06,22.77008921900607,23.007896717255036,22.57687027231766,22.926151275634766,13396300
2010-08-09,23.149093901213693,23.149093901213693,22.9187180798876,23.045053482055664,8554800
2010-08-10,22.814669025808847,23.000456228242328,22.64374372231271,22.88898277282715,15325000
2010-08-11,22.47282461198166,22.509982910831223,21.90059956669593,22.034366607666016,33035000
2010-08-12,21.670225108581548,21.952622527328085,21.662793448357245,21.878307342529297,16303800
2010-08-13,21.75940422378398,21.96005338568773,21.7371092424861,21.848581314086914,8189100
2010-08-16,21.677661622582896,21.89317414756543,21.50673765148562,21.803997039794922,10913000
2010-08-17,22.019503071437104,22.42823585009502,21.974914530700584,22.18299674987793,17148200
2010-08-18,22.20528813592918,22.376213457320134,22.02693257301359,22.264739990234375,9109800
2010-08-19,22.116109418236206,22.212718142755058,21.65535651855791,21.78912353515625,19386600
2010-08-20,21.707379486378933,21.722242805111733,21.432415177042582,21.677654266357422,13057800
2010-08-23,21.811422429055696,21.908031170931324,21.410121307162697,21.439847946166992,15057000
2010-08-24,21.135159420556793,21.17231630615233,20.800741780419692,21.001392364501953,26300800
2010-08-25,20.815606337137858,21.068277143028777,20.562935531246943,20.964235305786133,31736800
2010-08-26,21.11285911256219,21.268921111070966,20.852756726676873,20.93450355529785,19824100
2010-08-27,21.03854473344685,21.41011917940819,20.793305655810126,21.35809898376465,19744200
2010-08-30,21.254058184663872,21.380393550564424,21.016250770602603,21.031112670898438,15607300
2010-08-31,20.91220542044273,21.127719238820962,20.800733391170155,20.949363708496094,20418200
2010-09-01,21.26148729596728,21.848574101905385,21.246623980008387,21.78169059753418,31329300
2010-09-02,21.870868689912733,22.09381275558681,21.80398518672175,22.056655883789062,13831600
2010-09-03,22.376213233932425,22.554568795067443,22.235014549825703,22.391075134277344,15635200
2010-09-07,22.249880269704786,22.301900470138087,22.123544889747855,22.18299674987793,15112700
2010-09-08,22.220155035149045,22.539709335084414,22.182998151761126,22.413373947143555,12996100
2010-09-09,22.628883966568036,22.725492697308002,22.25730952650908,22.391075134277344,10075600
2010-09-10,22.45052761505007,22.636314840268735,22.405939077881925,22.591726303100586,10923700
2010-09-13,22.836964121373914,22.9112792908424,22.695766858572146,22.81467056274414,12911800
2010-09-14,22.74036344365832,22.881562173890227,22.666048247881292,22.74779510498047,14376800
2010-09-15,22.65861658655914,22.79981531679105,22.547144501615833,22.74779510498047,14647100
2010-09-16,22.695775509410783,22.755227384157763,22.591733665520188,22.718069076538086,17618900
2010-09-17,22.841311461994632,22.968290687007077,22.647107857583368,22.930944442749023,16835100
2010-09-20,23.05792344644403,23.311880469363462,22.908535621509884,23.274534225463867,16996000
2010-09-21,23.267065882287124,23.498615740581972,23.21478056828519,23.319351196289062,23612800
2010-09-22,23.259597303554933,23.43139374547646,23.102741355106428,23.19984245300293,20258000
2010-09-23,22.983220399523333,23.16248486339669,22.789016874160367,22.85624122619629,17938700
2010-09-24,23.296944733629733,23.51355553038075,23.140087362142168,23.483678817749023,17403000
2010-09-27,23.49860733873423,23.513546401584218,23.2969356889292,23.33428192138672,10058400
2010-09-28,23.364168285234484,23.51355469240529,23.03551590999,23.46126937866211,19118100
2010-09-29,23.38657581853266,23.53596365264411,23.31188190147693,23.453800201416016,12394700
2010-09-30,23.603193337696908,23.83474325038335,23.26707134777442,23.364173889160156,23180400
2010-10-01,23.558370213242032,23.610655523248827,23.304411772065166,23.386573791503906,13619600
2010-10-04,23.274535894836074,23.491148114060366,22.998170250953756,23.140087127685547,14881500
2010-10-05,23.416450312728315,23.857142787671396,23.36416500632282,23.760040283203125,15091600
2010-10-06,23.752570655299223,23.961714729421146,23.648000042906006,23.901958465576172,13307400
2010-10-07,24.021465374903997,24.021465374903997,23.70775214921927,23.84967041015625,9573800
2010-10-08,23.894486589967485,24.14097545549113,23.79738552007473,24.05134391784668,12642400
2010-10-11,24.073752866892306,24.118570063690253,23.924365060234578,23.984121322631836,7427400
2010-10-12,23.909422898782513,24.051342578932175,23.63305734431825,23.969179153442383,12817500
2010-10-13,24.118571425953547,24.48456858113502,24.118571425953547,24.36505889892578,27458300
2010-10-14,24.342650392223998,24.365057565995038,24.058813844003964,24.223140716552734,11352700
2010-10-15,24.312770786431244,24.335180808178567,23.939302716442022,24.07375144958496,17888500
2010-10-18,24.058809280395508,24.170850826668904,23.999055878561947,24.058809280395508,8869900
2010-10-19,23.894486748367623,23.946773474452375,23.588243047495006,23.73763084411621,21185500
2010-10-20,23.84220164509858,24.178322053288305,23.79738587560681,24.07375144958496,17689100
2010-10-21,24.185796152759856,24.402405496002718,24.05134740214808,24.267959594726562,17234400
2010-10-22,24.37999244322587,24.37999244322587,24.126034069886646,24.260482788085938,11714700
2010-10-25,24.350113751830445,24.611543075297853,24.31276751971649,24.3426456451416,12218800
2010-10-26,24.170860283284583,24.327716229967802,24.058818693175997,24.230613708496094,14680400
2010-10-27,24.06628298234329,24.10362921891721,23.804855052323035,24.05134391784668,15778300
2010-10-28,24.163387535993515,24.24555098274752,23.80485988791866,23.99906349182129,13483400
2010-10-29,23.961711186578736,24.073749890719423,23.88701586781654,24.03640365600586,9145200
2010-11-01,24.13350614572918,24.36505451055431,23.909423038777668,24.03640365600586,9119800
2010-11-02,24.223142394744098,24.32024490337163,24.16338612810081,24.267959594726562,8589600
2010-11-03,24.26049018546217,24.342653632674004,23.991592667072826,24.305307388305664,16252000
2010-11-04,24.59661174987104,24.865509264613614,24.551794547635357,24.82069206237793,17072300
2010-11-05,24.85056973426401,25.044771908329345,24.798284423964276,24.97007942199707,12831400
2010-11-08,24.828164694172763,24.92526436489096,24.753469352078817,24.865510940551758,10578000
2010-11-09,24.977552824891745,24.977552824891745,24.544331183538894,24.641433715820312,10906400
2010-11-10,24.656362175559565,24.693711264220973,24.409874716539697,24.633955001831055,11871200
2010-11-11,24.454684868844186,24.536845431959783,24.335175227826063,24.49203109741211,9974800
2010-11-12,24.33518299894259,24.439753612059853,24.0886926828786,24.208202362060547,14176900
2010-11-15,24.245545990702027,24.48456532331755,24.23807788314194,24.28289222717285,17186800
2010-11-16,24.118578708024305,24.200742173601014,23.76751766395525,23.89449691772461,25695300
2010-11-17,23.894486188546942,23.97664819256279,23.78244605603982,23.909423828125,15984900
2010-11-18,24.185792497588537,24.454689958173915,24.185792497588537,24.394933700561523,18907900
2010-11-19,24.320242427641077,24.477098337608794,24.2156689716606,24.469627380371094,11092400
2010-11-22,24.36505973731489,24.462162247868513,24.088694121946855,24.41734504699707,8655600
2010-11-23,24.16337928885865,24.185789307174723,23.954238113474045,24.081218719482422,14588600
2010-11-24,24.23808056118482,24.656363014810026,24.23808056118482,24.626487731933594,11936700
2010-11-26,24.4024042007736,24.559262967718677,24.357589852505406,24.424814224243164,5191000
2010-11-29,24.28289629371842,24.484569423636394,24.08122601313612,24.41734504699707,8081700
2010-11-30,24.185800420813006,24.49204421806345,24.133515102941182,24.357595443725586,14234300
2010-12-01,24.731059341133125,25.03730308529767,24.731059341133125,24.985017776489258,16577100
2010-12-02,25.022354186936106,25.42570028155088,24.992476065260675,25.373414993286133,12706300
2010-12-03,25.24643525457722,25.46304737004737,25.14186467451152,25.425701141357422,10594000
2010-12-06,25.35101224842126,25.49293194241704,25.26138070702178,25.410768508911133,16351000
2010-12-07,25.664727052485905,25.717012356022238,25.470522054206366,25.47799301147461,19222200
2010-12-08,25.507868730801643,25.582561200411885,25.313663750878906,25.38835906982422,18080400
2010-12-09,25.545225747227178,25.590040108173643,25.37343071514774,25.463062286376953,10672900
2010-12-10,25.560159932536944,25.73942304073652,25.463057420149667,25.694608688354492,9182700
2010-12-13,25.881335305237307,25.88880341203947,25.694601292499186,25.709537506103516,9198600
2010-12-14,25.776767629484088,25.926155442951263,25.739421388451177,25.829055786132812,9619400
2010-12-15,25.806648847034612,25.94856856899486,25.679671042476382,25.724485397338867,11470800
2010-12-16,25.71701706070953,26.00832176208496,25.679670815542195,26.00832176208496,9357600
2010-12-17,26.066120136886777,26.066120136886777,25.81837050925903,25.930984497070312,8233700
2010-12-20,25.991048822097593,26.036094999761204,25.795854446675207,25.923480987548828,7327400
2010-12-21,26.021075884270836,26.156211534033993,25.946001796132588,26.133689880371094,7127700
2010-12-22,26.17123634909098,26.208773406677754,26.111174765837003,26.193758010864258,5748600
2010-12-23,26.178745710707204,26.19376110829628,26.058625393888853,26.14120864868164,4177700
2010-12-27,26.073632856250157,26.201262264967546,25.976034233571376,26.186246871948242,3151000
2010-12-28,26.208767365095934,26.2387981498003,26.058616305467375,26.17123031616211,3581300
2010-12-29,26.253819594118234,26.276341255891516,26.178742615050766,26.193758010864258,3893400
2010-12-30,26.163715146452272,26.246298353372968,26.118671843690148,26.14870262145996,4316100
2010-12-31,26.133696229460583,26.21627660091811,26.05861925918976,26.178739547729492,4004300
2011-01-03,26.313872119516805,26.516575619444186,26.313872119516805,26.366424560546875,6400800
2011-01-04,26.441498120415094,26.441498120415094,26.07362821663542,26.32888412475586,10059600
2011-01-05,26.223781147638604,26.53909577599831,26.193750364777753,26.464021682739258,9908900
2011-01-06,26.50156287862596,26.5691307186952,26.336399274818348,26.41897964477539,9881700
2011-01-07,26.509063188823994,26.651705086454392,26.29885060970923,26.47152328491211,11827900
2011-01-10,26.38895106671923,26.56913005984014,26.298858706265317,26.509071350097656,9419200
2011-01-11,26.68925936139175,26.7343055568396,26.46403411194135,26.60667610168457,7217300
2011-01-12,26.80186303228154,26.906967917037047,26.749310589903782,26.824384689331055,7173200
2011-01-13,26.84690295152825,26.93699529612058,26.77933512503048,26.854412078857422,9859400
2011-01-14,26.831890001614397,26.982038179115076,26.779334702817668,26.959516525268555,9937400
2011-01-18,27.034601903248454,27.16223134409159,27.00457397354487,27.154722213745117,9008500
2011-01-19,27.1322023807046,27.1322023807046,26.77184142490636,26.86944007873535,11443600
2011-01-20,26.756814639193827,26.861919515248104,26.561620278506325,26.73429298400879,19478600
2011-01-21,27.094656861947342,27.162224699065153,26.869431692852444,26.952014923095703,13339300
2011-01-24,26.974542945455852,27.244814357697383,26.921990489063784,27.207277297973633,9585400
2011-01-25,27.147207679903328,27.199760120747957,26.92948878846516,27.17723846435547,12919300
2011-01-26,27.16972773941187,27.417477400740843,27.162221475686625,27.33489418029785,15748300
2011-01-27,27.364940600916245,27.51509173626384,27.312388133128792,27.43250846862793,9505800
2011-01-28,27.507575251216934,27.642710950516744,26.86192754653871,26.89946746826172,18193600
2011-01-31,26.967033815174652,27.237305227416186,26.929496755450902,27.207277297973633,11530400
2011-02-01,27.3799448621944,27.627691700419636,27.31237702197051,27.59015464782715,13750600
2011-02-02,27.52258269056407,27.642702959227638,27.47753651585532,27.50006103515625,13112900
2011-02-03,27.54510169259864,27.54510169259864,27.327385695544656,27.515073776245117,10043600
2011-02-04,27.5901587730365,27.635204961218797,27.409976884201285,27.612680435180664,8689400
2011-02-07,27.687758159617182,27.943014171722485,27.687758159617182,27.875446319580078,9793100
2011-02-08,27.980553798259304,28.070643321417226,27.845418081575275,28.06313705444336,10042000
2011-02-09,27.995555772758717,28.085645252720425,27.912972556171766,28.055614471435547,12441700
2011-02-10,27.927987210676783,28.243301814178032,27.87543477675991,28.205764770507812,13896800
2011-02-11,28.093155599374118,28.476040956675554,28.063127677617675,28.415979385375977,11181900
2011-02-14,28.453510273438113,28.453510273438113,28.295850130735925,28.385942459106445,6367100
2011-02-15,28.325903285955995,28.333412417865738,28.138215082738242,28.28085708618164,8727900
2011-02-16,28.43099477820087,28.52859339961601,28.22829127090482,28.415979385375977,11612500
2011-02-17,28.37843852423005,28.513574177612956,28.295855306730164,28.483543395996094,10252100
2011-02-18,28.498555082756265,28.596153678379377,28.453511780078358,28.558616638183594,10110800
2011-02-22,28.250810933019963,28.295854239853963,27.642700515725277,27.732789993286133,13824200
2011-02-23,27.71027393291049,27.71027393291049,26.959521452621512,27.244808197021484,52702100
2011-02-24,27.192263610922566,27.57514622640774,27.10217122524843,27.40247344970703,19511100
2011-02-25,27.605168969228643,27.687752200060014,27.477539558700133,27.65021514892578,12152100
2011-02-28,27.80035856080981,27.927987949335606,27.642701254889356,27.785343170166016,10364700
2011-03-01,27.927996005252922,27.943011400227956,27.132197254938735,27.192258834838867,19055200
2011-03-02,27.139698767407936,27.51507494475027,27.124683376647088,27.3273868560791,22821600
2011-03-03,27.680243956789276,28.06312933672713,27.627691510741887,27.988052368164062,21478900
2011-03-04,27.93549817234656,27.980544350662882,27.43249540200095,27.6577205657959,19858700
2011-03-07,27.792865195945513,27.88295471772539,27.10217122524843,27.40247344970703,22908200
2011-03-08,27.455018497584344,27.950515029449694,27.349913606566464,27.830394744873047,15960000
2011-03-09,27.75531313223191,27.87543338431201,27.515072628071717,27.770328521728516,19656900
2011-03-10,27.4174871235419,27.53760743299435,27.124694048244933,27.207277297973633,31661700
2011-03-11,27.10216730761229,27.65021921761212,27.09466104183828,27.53009605407715,17054000
2011-03-14,27.349906175737548,27.432489385926587,26.997051682709003,27.297353744506836,26080600
2011-03-15,26.569126107966085,27.2297890002276,26.411468796461765,27.04210090637207,30467800
2011-03-16,26.952007142239808,27.072127388672108,26.336390521287708,26.539091110229492,31432000
2011-03-17,26.97453658083717,27.237298800798985,26.78684846260919,26.952014923095703,29099100
2011-03-18,27.379561364376894,27.432344643568314,27.04777746491883,27.123184204101562,18417600
2011-03-21,27.658551479426,27.854603194280422,27.537903606483543,27.718873977661133,11446200
2011-03-22,27.73396736032703,27.73396736032703,27.44743033550146,27.500213623046875,11715200
2011-03-23,27.40971355092488,27.666090639808104,27.281526444719358,27.590686798095703,13553600
2011-03-24,27.718886485469557,27.899859814781337,27.58316008407758,27.877239227294922,17907900
2011-03-25,27.945103771192894,28.110992872984934,27.84707643162932,27.975263595581055,13925100
2011-03-28,28.058205186091442,28.14869327449073,27.94509939030187,27.952638626098633,9109400
2011-03-29,27.945096494325377,28.178850173950195,27.786743794273374,28.178850173950195,10837300
2011-03-30,28.344743038831158,28.38998707982629,28.21655302758135,28.291959762573242,14796000
2011-03-31,28.25427489453394,28.480489483162664,28.25427489453394,28.40508270263672,12774900
2011-04-01,28.540797137598002,28.812255652886464,28.540797137598002,28.638824462890625,19057800
2011-04-04,28.751929941415007,28.751929941415007,28.555875312615957,28.676523208618164,10353200
2011-04-05,28.63128830531071,28.76701757754791,28.510640382930237,28.57096290588379,14542800
2011-04-06,28.75947174074908,28.767013852937612,28.450311299898097,28.60112190246582,13959500
2011-04-07,28.548327565422923,28.668975425452004,28.337194529490006,28.465381622314453,13420600
2011-04-08,28.63128451672182,28.638823752415885,28.058204803891407,28.216554641723633,16274600
2011-04-11,28.284422522738982,28.38999196991163,28.08837073093641,28.193937301635742,12334800
2011-04-12,28.01295840542144,28.13360628930664,27.831985141357418,27.98279571533203,15018800
2011-04-13,28.118537576104956,28.126076813777978,27.741512410031596,27.89986228942871,14807200
2011-04-14,27.75659376185138,27.94510634488806,27.500216533862545,27.89986228942871,14015700
2011-04-15,27.9677182414046,28.095905377318793,27.88477227041408,27.997880935668945,17703200
2011-04-18,27.711346679389273,27.711346679389273,27.326782317650135,27.598237991333008,18507800
2011-04-19,27.66609975059492,27.88477499063439,27.66609975059492,27.83953094482422,15654800
2011-04-20,28.25425783331371,28.427689009085828,28.193932445320193,28.291959762573242,18107300
2011-04-21,28.495550611945813,28.495550611945813,28.23917349309381,28.374902725219727,9687800
2011-04-25,28.359824385829537,28.40506555035185,28.209013792318572,28.291959762573242,9685500
2011-04-26,28.533261486552274,28.917825847211095,28.472936086032153,28.834882736206055,13200000
2011-04-27,28.91027901302951,29.023387671044123,28.646362646292292,28.963062286376953,15930800
2011-04-28,28.963072659148395,29.128964649922647,28.910289366897256,29.061100006103516,17612900
2011-04-29,29.14403406718721,29.309923113557222,29.13649195625481,29.18173599243164,17245700
2011-05-02,29.37777023904707,29.392851575460423,29.08369137016366,29.136474609375,15333800
2011-05-03,29.091249160464663,29.144032428132856,28.872573979283676,29.01584243774414,16555100
2011-05-04,29.00829851868035,29.04600043571533,28.518164967809916,28.593568801879883,28869800
2011-05-05,28.43522604557887,28.8197931731186,28.299496809561624,28.457849502563477,34700000
2011-05-06,28.970610094126634,29.046016847274753,28.601127071358135,28.706693649291992,26364600
2011-05-09,28.699150118551113,28.947985175528064,28.631285489107746,28.82733726501465,10785700
2011-05-10,28.925361343631682,29.098792515743302,28.925361343631682,29.09125328063965,15172600
2011-05-11,29.03093111986017,29.068633052513423,28.601122759372295,28.69915008544922,21193700
2011-05-12,28.59358373465186,28.84242169468579,28.4276946377693,28.759475708007812,18091100
2011-05-13,28.78963223230945,28.865036089583597,28.337203335719018,28.412607192993164,20598400
2011-05-16,28.276878474153648,28.563418314770797,28.239176544816008,28.30704116821289,17250800
2011-05-17,28.148683544405404,28.201466806156354,27.80936052138358,27.922466278076172,33836400
2011-05-18,28.01296254296488,28.33720431813578,27.831989252170914,28.29949951171875,21985800
2011-05-19,28.427689287921623,28.6388223950242,28.344743316853368,28.480472564697266,18019800
2011-05-20,28.442769423055047,28.442769423055047,28.088364971401,28.178850173950195,17170400
2011-05-23,27.801831631111416,27.937560904857555,27.635942533789883,27.779211044311523,25500000
2011-05-24,27.922471770877205,27.937553116697366,27.583151557577647,27.635934829711914,20280700
2011-05-25,27.522827599005126,28.005419184341083,27.462502212601756,27.86968994140625,20894300
2011-05-26,27.756581292606338,28.035578984752277,27.681174567382808,27.98279571533203,17458000
2011-05-27,28.080826437125268,28.193932224016066,28.02050104960527,28.118528366088867,14888700
2011-05-31,28.344740034420074,28.457848686682507,28.11852560636772,28.374902725219727,21659500
2011-06-01,28.25425335983372,28.322117972345044,27.356932052575914,27.447420120239258,35595200
2011-06-02,27.522822189965666,27.771660045266522,27.372011630068677,27.590686798095703,32240700
2011-06-03,27.198587988934136,27.439883800682022,27.130723362100483,27.221208572387695,21335300
2011-06-06,27.1080981669369,27.27398721149643,26.972368936360255,27.0251522064209,22799800
2011-06-07,27.153339265415056,27.23628522574554,26.994989455587298,27.01007080078125,16404900
2011-06-08,26.942205699405317,26.987449734170625,26.7310726234454,26.77631378173828,29280100
2011-06-09,26.88188356088922,27.093016639713518,26.806476835257357,26.979907989501953,20611200
2011-06-10,26.83664784926304,26.889431135340573,26.512406019659146,26.550107955932617,23679800
2011-06-13,26.67828795224407,26.738610452288167,26.42945008882244,26.557640075683594,22249700
2011-06-14,26.851734928922582,27.17597682771602,26.82911433762619,27.062868118286133,20142100
2011-06-15,26.821560191020467,26.97991001200914,26.58780363874718,26.655668258666992,28389000
2011-06-16,26.648133179481384,26.927130937561728,26.527485267083954,26.74616050720215,25782000
2011-06-17,27.022755755049648,27.083380262895922,26.772686887022868,26.86362075805664,28587900
2011-06-20,26.74236723350335,27.143994369280197,26.74236723350335,27.098526000976562,15241400
2011-06-21,27.28040734917399,27.58352414268143,27.24251847266956,27.522899627685547,20737900
2011-06-22,27.439535192101996,27.682027407224872,27.348601334114726,27.371334075927734,14254500
2011-06-23,26.969699694996564,27.3334379206877,26.77267590677262,27.310705184936523,22866400
2011-06-24,27.310712404061608,27.356177887581996,26.954550699230722,27.000019073486328,12507900
2011-06-27,26.97728266663813,27.325867744454943,26.901504935789117,27.21219825744629,11199400
2011-06-28,27.325865239538405,27.644135148811156,27.242508008804627,27.636558532714844,13263900
2011-06-29,27.833577813147894,27.871466668924285,27.560773426382827,27.780532836914062,19847200
2011-06-30,27.841156483896413,28.295828521048087,27.803264738521847,28.220050811767578,18578500
2011-07-01,28.204894810339887,28.788392424602662,28.189738690273206,28.727767944335938,23998200
2011-07-05,28.705030478541715,28.712607091959143,28.477694496478854,28.568628311157227,19248800
2011-07-06,28.515594347590707,28.79597540396032,28.492858717098333,28.720197677612305,19802800
2011-07-07,29.030896845643127,29.121830713778216,28.879338471594277,29.023317337036133,30538300
2011-07-08,28.63683414451591,28.67472299935494,28.470119714342985,28.65956687927246,21673800
2011-07-11,28.326150424262238,28.386772034220293,28.023033702266073,28.12912368774414,20456200
2011-07-12,28.023041589981744,28.129131605321234,27.826017688742134,27.856327056884766,31263100
2011-07-13,28.05334893591019,28.295841183000533,27.89421394077008,27.96999168395996,15477200
2011-07-14,27.969990675183166,28.144281790822323,27.583519573676433,27.666873931884766,20189500
2011-07-15,27.78054148054261,27.788118097761515,27.4243797658128,27.689607620239258,17199600
2011-07-18,27.538045018405295,27.621402248652792,27.212195604202268,27.378910064697266,17277300
2011-07-19,27.545631544104932,27.803279943589548,27.485009921674614,27.735078811645508,15177900
2011-07-20,27.863897076463928,27.89420932501825,27.689605983379273,27.788116455078125,9926400
2011-07-21,27.96241422383546,28.303416948656082,27.916945844849465,28.204906463623047,18054300
2011-07-22,28.083661546504228,28.10639429160307,27.810857042375567,27.90937042236328,20127000
2011-07-25,27.659293321399062,28.06092049116771,27.62140445664005,27.894208908081055,13278600
2011-07-26,27.795693325199903,27.818426064091092,27.310708957288846,27.378910064697266,24912000
2011-07-27,27.250095002485352,27.265251131184716,26.560507045712168,26.636287689208984,42181100
2011-07-28,26.66659152928981,26.909083756751794,26.34832156477172,26.40894317626953,32606300
2011-07-29,26.15128573575489,26.537759576354482,25.908793592558208,26.28011131286621,27382200
2011-08-01,26.64385220621063,26.689320571656406,25.81028574151405,26.113399505615234,36471600
2011-08-02,25.855754657247186,26.090670240545517,25.204055786132812,25.204055786132812,43640200
2011-08-03,25.226796918817776,25.4465564262099,24.756965649758275,25.431400299072266,49331300
2011-08-04,25.007027282472027,25.06007226060033,24.021902543430635,24.06736946105957,49619600
2011-08-05,24.408373511327476,24.55993183058027,23.468715689915022,24.06736946105957,67180800
2011-08-08,23.203492470480793,23.627853771438637,22.35476842319775,22.369924545288086,64519200
2011-08-09,22.67304163124313,23.47629737854004,21.998610041609943,23.47629737854004,55589000
2011-08-10,23.021626389533846,23.150450561711104,22.263837481518852,22.278993606567383,45042000
2011-08-11,22.47601644981774,23.688478859751502,22.316881490231225,23.339895248413086,40559500
2011-08-12,23.643015906852206,23.923397009998233,23.38536754725613,23.794572830200195,29823800
2011-08-15,23.93855252603146,24.203778941842597,23.893085594722255,24.150733947753906,36619200
2011-08-16,23.877929742865938,24.082533104154184,23.605125261148277,23.809728622436523,29966700
2011-08-17,24.014330278581628,24.150732509755187,23.552078594130705,23.73394775390625,28800600
2011-08-18,23.044364219026907,23.067098410192607,22.20321793567826,22.422977447509766,36126900
2011-08-19,22.074386596679688,22.779130395612913,22.04407579697291,22.074386596679688,36632900
2011-08-22,22.65788977758646,22.65788977758646,22.081969990407828,22.15774917602539,26082800
2011-08-23,22.241101017621418,22.93826675415039,22.104698805744622,22.93826675415039,30759300
2011-08-24,22.870059647517376,23.44597914357098,22.801858559473725,23.400510787963867,19658800
2011-08-25,23.559652341127606,23.680898425436453,22.8776427555485,22.96099853515625,23237000
2011-08-26,22.817025024579806,23.529345574361393,22.422974436168076,23.438411712646484,24837300
2011-08-29,23.70363912468635,24.203779721297135,23.70363912468635,24.181045532226562,22386300
2011-08-30,24.105264293557838,24.5599379186564,23.91581707021407,24.38564682006836,25620800
2011-08-31,24.6054017013495,24.923671589622295,24.340173903720824,24.552356719970703,32650500
2011-09-01,24.590251471390076,24.84032031627456,24.12799975941546,24.150733947753906,39363900
2011-09-02,23.620280767595695,23.71879269153997,23.286853237056892,23.377788543701172,30905300
2011-09-06,22.726092911289552,23.188344683633463,22.544223716933224,23.135299682617188,25692100
2011-09-07,23.55207882256436,23.87792827900217,23.453566902076652,23.855194091796875,26052400
2011-09-08,23.58239404048439,23.915820155924653,23.400523410685235,23.49903678894043,24264700
2011-09-09,23.218651708131027,23.332321200769698,22.72608920637813,22.87006950378418,34468600
2011-09-12,22.536646170246076,22.93827488701954,22.347198907773898,22.91554069519043,30422400
2011-09-13,22.998891144141627,23.499031653367087,22.86248892428605,23.339895248413086,41508700
2011-09-14,23.476299087613953,24.09010911930336,22.991314668334244,23.749103546142578,35106900
2011-09-15,24.006750914307915,24.24924311419102,23.88550481436636,24.234086990356445,32996200
2011-09-16,24.33162777431008,24.537376304670538,24.11063828908052,24.36210823059082,30668200
2011-09-19,23.996333461873903,24.24018292013089,23.744863526364206,24.133499145507812,25728600
2011-09-20,24.24781147379877,24.415459122283277,23.93537906966043,23.958240509033203,24276800
2011-09-21,23.897274082943134,23.927754543494434,22.94473607202809,22.96759605407715,39438900
2011-09-22,22.34272384392621,22.449407600194643,21.832163583494566,22.106494903564453,49906200
2011-09-23,21.992191282488182,22.548472960570745,21.992191282488182,22.33510398864746,40959900
2011-09-26,22.571343539938027,22.944738302093114,22.21318828281093,22.899015426635742,28701200
2011-09-27,23.46291600520527,23.714385971473916,23.150482213458066,23.302888870239258,31931700
2011-09-28,23.340990812484296,23.554359850471517,22.678025169899367,22.708505630493164,22879400
2011-09-29,23.188579489988197,23.333365636651028,22.548473998218828,23.03617286682129,25937500
2011-09-30,22.63992576628093,22.777091490705924,22.25891051108166,22.266530990600586,35514500
2011-10-03,22.098885013672803,22.487520752121302,21.61118594744309,21.641666412353516,31693400
2011-10-04,21.33685102692655,22.243667602539062,21.085381055104648,22.243667602539062,37532700
2011-10-05,22.228420905248075,22.77708212385876,22.106496190001256,22.71611976623535,26507900
2011-10-06,22.708495317723536,23.203816021912598,22.47226640493569,23.1733341217041,18317500
2011-10-07,23.40194739240809,23.4248088222858,22.89138853958821,23.119997024536133,26463200
2011-10-10,23.546736384579905,23.93537201868375,23.440052605850116,23.927751541137695,19918900
2011-10-11,23.71439121740088,24.087786010311152,23.706770737530313,23.996341705322266,17798900
2011-10-12,24.194473171636737,24.575488497174327,24.11064933491187,24.301156997680664,26361000
2011-10-13,24.156360313116377,24.179220291167105,23.790584676273227,24.09539794921875,14207000
2011-10-14,24.39259464033298,24.56024227789564,24.22494990968594,24.529760360717773,12087800
2011-10-17,24.461173258926713,24.461173258926713,23.79058718532998,23.828689575195312,15218300
2011-10-18,23.85154747787634,24.773603430430953,23.73724322515285,24.51451301574707,22586500
2011-10-19,24.522135130592567,24.659300816273387,24.133499505649393,24.217323303222656,14325500
2011-10-20,24.28590667239672,24.522135662045866,24.034436727684408,24.423070907592773,17668000
2011-10-21,24.651677438404285,24.926008793662763,24.567856552666157,24.895526885986328,17444000
2011-10-24,25.070797407489774,25.451812547987096,24.99459263524141,25.360366821289062,20781300
2011-10-25,25.04031931998576,25.139384085569457,24.644063164566234,24.84218978881836,21930900
2011-10-26,25.177485558552796,25.223205522934897,24.682164627034226,25.017459869384766,19522200
2011-10-27,25.80997483034489,26.351018749298085,25.672809093924748,26.107166290283203,27019600
2011-10-28,26.076687276457807,26.17574915849327,25.947140566765025,26.107166290283203,11953200
2011-10-31,25.84045247440748,25.87855341557037,25.444196291099427,25.467056274414062,14055300
2011-11-01,24.68978774334146,25.07842199380771,24.50689915629439,24.697406768798828,33656400
2011-11-02,25.27654337647366,25.337507195119404,24.941251094666697,25.185100555419922,15434600
2011-11-03,25.52040055087049,25.84045193829721,25.215587214060395,25.802350997924805,18669300
2011-11-04,25.55849947457228,25.649942305633925,25.192725243410507,25.604219436645508,12744600
2011-11-07,25.604222096693245,25.74900974340777,25.207968818620575,25.665185928344727,14388400
2011-11-08,25.771857743339012,25.97760621911995,25.459425518689624,25.95474624633789,16127700
2011-11-09,25.42133538304212,25.42133538304212,24.849812565642488,24.948877334594727,23690600
2011-11-10,25.329891688796923,25.428953547480624,25.078420262333825,25.253686904907227,23184700
2011-11-11,25.528020485812316,25.947136658673895,25.528020485812316,25.855693817138672,13918200
2011-11-14,25.7871139336255,25.886178719082483,25.55088341658679,25.69567108154297,11332300
2011-11-15,25.57374163851437,25.962375869064378,25.505158785250803,25.84807014465332,12431600
2011-11-16,25.54326106365531,25.916654356733254,25.42133630778479,25.467056274414062,14013800
2011-11-17,25.41371203495964,25.467053929058324,24.811710243429495,25.02507781982422,23763800
2011-11-18,25.154621439612946,25.23082622138295,24.948875796121914,25.08603858947754,13851100
2011-11-21,24.70502743850166,24.70502743850166,24.23256934198249,24.506900787353516,18028600
2011-11-22,24.499271316873568,24.529750314653263,24.171596655240606,24.346864700317383,19366600
2011-11-23,24.148738414383303,24.156358891104087,23.767723299088015,23.782962799072266,18880000
2011-11-25,23.683901145609262,24.064916287239694,23.683901145609262,23.744863510131836,7025200
2011-11-28,24.468794391269686,24.69740290916569,24.362109156588375,24.54499626159668,15618000
2011-11-29,24.62881674161823,24.865047158837484,24.49927299814984,24.567855834960938,18321400
2011-11-30,25.38322506399916,25.8252010345459,25.230818454291413,25.8252010345459,23767800
2011-12-01,25.68042739497924,25.886175970505576,25.634704520334875,25.74138832092285,17912100
2011-12-02,25.909038875059213,26.09192748733791,25.65756739654049,25.68804931640625,18373000
2011-12-05,26.107160371190616,26.168124198851427,25.779489971717304,25.96237564086914,17993100
2011-12-06,26.01570714272809,26.152872793248715,25.85568151942541,25.95474624633789,12618300
2011-12-07,25.969996906187948,26.038576850173104,25.60421976344243,25.947134017944336,25265900
2011-12-08,25.779492623697987,25.83283452493092,25.246070704453057,25.307031631469727,17456600
2011-12-09,25.48991709712381,25.94713416782392,25.444194227287703,25.886173248291016,22390300
2011-12-12,25.67280006182035,25.67280006182035,25.207964015173303,25.41370964050293,15878100
2011-12-13,25.634704438326963,25.74138823857365,24.96411681359925,25.07842254638672,25786600
2011-12-14,24.872671853458776,25.070801385829714,24.727887123584086,24.78122901916504,19622000
2011-12-15,25.124142901131258,25.162243839267344,24.857430520348156,24.95649528503418,14535100
2011-12-16,25.169752808589575,25.415236285591387,24.962625576170446,25.06235122680664,35073700
2011-12-19,25.116052903897938,25.315507126982098,24.717141531335812,24.80152702331543,16276600
2011-12-20,25.169761082910902,25.69908445550727,25.169761082910902,25.65305519104004,24973900
2011-12-21,25.622374101512474,25.72977280126332,25.300175075864846,25.660730361938477,18990000
2011-12-22,25.691414470832278,25.95224111766694,25.691414470832278,25.906211853027344,12781100
2011-12-23,26.01360469295407,26.151689529418945,25.898533020435273,26.151689529418945,5526300
2011-12-27,26.05196347040663,26.197721326597705,25.99826413172396,26.14402198791504,5313800
2011-12-28,26.174702690836174,26.174702690836174,25.668392599311943,25.729764938354492,10798600
2011-12-29,25.74510520170436,26.07497417192216,25.73743219696783,26.051958084106445,6053600
2011-12-30,25.998260172239195,26.097988754487595,25.89086151123047,25.89086151123047,4281700
2012-01-03,26.397177150888915,26.70403304121364,26.397177150888915,26.45854949951172,19704600
2012-01-04,26.37416391227865,26.611974446564535,26.312791563821232,26.58129119873047,10290300
2012-01-05,26.412515750167103,26.604299917434425,26.197718419273833,26.588956832885742,8828900
2012-01-06,26.650334756558653,26.650334756558653,26.450877542016915,26.535263061523438,8702400
2012-01-09,26.611982238341785,26.77308323701428,26.496913440884864,26.734724044799805,15523400
2012-01-10,27.102942158695242,27.17198165526838,27.041569815437708,27.118282318115234,17201200
2012-01-11,27.018556063341354,27.25636657231546,27.003212977860066,27.202667236328125,9828900
2012-01-12,27.28703997783088,27.494167145338334,27.148955199492576,27.440467834472656,9283500
2012-01-13,27.225685119628906,27.264041372659406,26.972528582117462,27.225685119628906,10858400
2012-01-17,27.59392061669217,27.639946966785214,27.325420893435126,27.36377716064453,10633500
2012-01-18,27.271710886677997,27.624593089465694,27.241024714332685,27.6092529296875,15984200
2012-01-19,27.755005732750803,27.908433656330583,27.68596331345961,27.900760650634766,9950600
2012-01-20,27.739673614501953,27.80871606108875,27.632274903454807,27.739673614501953,11160200
2012-01-23,27.693633660459753,27.962133260918367,27.616921161125443,27.70897674560547,13137700
2012-01-24,27.494190010281216,27.747343696835866,27.440490654757642,27.739673614501953,5679000
2012-01-25,27.63226381255628,28.13090090319123,27.509522059711376,28.046518325805664,13684300
2012-01-26,28.222959251871572,28.32268491359402,27.908433329098305,27.99281883239746,11594900
2012-01-27,27.86240798872702,28.069535273269,27.839394821465007,27.969806671142578,6931100
2012-01-30,27.716653004803458,27.89309411509874,27.616924402847133,27.870080947875977,9735600
2012-01-31,27.992823318300587,28.09254899600427,27.647611170571416,27.785696029663086,18226900
2012-02-01,28.000501011139622,28.24598462150921,28.000501011139622,28.08488655090332,11770900
2012-02-02,28.14624796874096,28.19227722996542,28.015836118196937,28.100221633911133,9223800
2012-02-03,28.414743273221585,28.62954060674975,28.368714019010895,28.583511352539062,11529700
2012-02-06,28.384064909586435,28.58351921322919,28.36872182063007,28.514476776123047,8686800
2012-02-07,28.45310898633457,28.54516459898257,28.215295483399135,28.483795166015625,9038900
2012-02-08,28.545167922973633,28.598867280471012,28.407083024724514,28.545167922973633,10111800
2012-02-09,28.652562830418173,28.67557892799816,28.46077860015729,28.62187957763672,9383900
2012-02-10,28.3687254564092,28.376398465068267,28.17694120946777,28.361055374145508,14726700
2012-02-13,28.606529291463392,28.729271050896237,28.407072103388536,28.706254959106445,16480700
2012-02-14,28.62187613828169,28.629546218956595,28.399405755577444,28.60653305053711,13354100
2012-02-15,28.70625870337145,28.70625870337145,28.161592257744967,28.230634689331055,18457100
2012-02-16,28.230637946163167,28.506807704367883,28.161595506611988,28.491464614868164,12220200
2012-02-17,28.57585043040183,28.683249131581462,28.49913790852927,28.59886360168457,9207600
2012-02-21,28.744622410082076,28.82133493440959,28.591194435031827,28.698593139648438,13518700
2012-02-22,28.66790008544922,28.74461551777734,28.56050140658437,28.66790008544922,9040900
2012-02-23,28.63721650331982,28.790641513389073,28.514471813033243,28.759958267211914,9914900
2012-02-24,28.829006171718127,28.89037560213118,28.706261458101938,28.752290725708008,8444500
2012-02-27,28.560505498459086,28.89037458874418,28.468449892871018,28.77530288696289,13756800
2012-02-28,28.752289194341873,28.805988540491374,28.614204325273196,28.73694610595703,12782300
2012-02-29,28.813653784483947,28.859680110842493,28.50679795225451,28.560497283935547,14362100
2012-03-01,28.606538911081326,28.775307058057237,28.537496465283567,28.66023826599121,15367900
2012-03-02,28.683248844021985,28.729278112521136,28.39940900426496,28.491464614868164,11497300
2012-03-05,28.422426968832845,28.453113153007585,28.192286440313488,28.292015075683594,15998800
2012-03-06,27.885419598495787,27.985148195052037,27.586236735221487,27.6552791595459,27730300
2012-03-07,27.755013840075357,27.985154329472657,27.732000669054155,27.939125061035156,14552900
2012-03-08,28.19227114061621,28.399398381796182,28.06952939692371,28.33802604675293,16027500
2012-03-09,28.399404525756836,28.514473289266043,28.23830650100717,28.399404525756836,17457500
2012-03-12,28.43775097082682,28.483780216189768,28.307339165222235,28.391721725463867,10597700
2012-03-13,28.583510463431647,28.997764959259637,28.437755552556215,28.982421875,25778700
2012-03-14,28.928724661921397,29.059139424482385,28.828998996521342,28.913381576538086,12873000
2012-03-15,28.99776790680147,29.281607678471087,28.85201298111046,29.258594512939453,15961100
2012-03-16,29.35647312660926,29.3641789668882,29.17150061949382,29.27169418334961,10822600
2012-03-19,29.25627956275347,29.3718877472054,29.156088938935937,29.27169418334961,13637700
2012-03-20,29.03278305402132,29.10214740315652,28.81698416339598,28.932592391967773,16481000
2012-03-21,28.994237829005492,29.03277291172113,28.847803338670733,28.91716766357422,9452100
2012-03-22,28.70137580827149,28.709081650667905,28.362259942047995,28.593473434448242,20800100
2012-03-23,28.56263550519168,28.68594951364209,28.40078348031974,28.639705657958984,11167800
2012-03-26,28.863223933935394,29.063608169555664,28.863223933935394,29.063608169555664,22876500
2012-03-27,29.079020254882003,29.12526412369777,28.963414992900642,28.971120834350586,11364300
2012-03-28,28.932584881777586,29.001949212907505,28.447034563868154,28.693662643432617,26574800
2012-03-29,28.431609171571605,28.747601462568934,28.32370979513898,28.70906639099121,18527600
2012-03-30,28.878639273750967,28.917174365397468,28.69366671779311,28.84010124206543,12711400
2012-04-02,28.778443997640974,29.12526568222126,28.639715323808858,29.02507209777832,24390700
2012-04-03,28.9480070317466,29.02507722413695,28.685964261564273,28.816984176635742,10447200
2012-04-04,28.53952238027623,28.66283643311416,28.47786682387673,28.60888671875,13437700
2012-04-05,28.52411435547336,28.647428436841093,28.45475000095153,28.493288040161133,10535800
2012-04-09,28.030843734741214,28.15415775322086,27.953773575705725,28.03084373474121,13811000
2012-04-10,28.00002560344347,28.00002560344347,27.406575797624395,27.460525512695312,21444600
2012-04-11,27.822752345194957,27.892116668251028,27.66861201843771,27.768802642822266,19239100
2012-04-12,27.82275882178267,28.377673535404412,27.768809106851553,28.362258911132812,24078200
2012-04-13,28.184996321804388,28.23124019655481,27.992317920402915,28.00002670288086,17836200
2012-04-16,28.169587489612933,28.29290157426632,27.96920320456606,28.077102661132812,20864200
2012-04-17,28.277466214305523,28.608873125095037,28.15415222006088,28.539508819580078,16312000
2012-04-18,28.400789830507026,28.531812647552538,28.339134282515072,28.41620445251465,13415200
2012-04-19,28.431619120774624,28.493277608905412,27.938362975882452,28.10021209716797,25315800
2012-04-20,28.346843873009675,28.47015792534318,28.223529820676173,28.33913803100586,18231800
2012-04-23,27.984599157087082,28.053963467166714,27.80733546244752,28.023134231567383,25099300
2012-04-24,28.15416701873348,28.416209761745545,28.13104655142153,28.393089294433594,15002500
2012-04-25,28.6165965820861,28.647422891431138,28.362259684725995,28.447038650512695,18132200
2012-04-26,28.385373274842163,28.64741298386458,28.331420637059754,28.616586685180664,14809200
2012-04-27,28.770737109677814,28.86322190885687,28.59347041286306,28.79385757446289,14101000
2012-04-30,28.685957139922465,28.73219806786104,28.416205653446596,28.524105072021484,16463800
2012-05-01,28.462452199767124,28.824688516245573,28.23894456023621,28.60888671875,17561900
2012-05-02,28.408493733864606,28.639707144203108,28.346835256420725,28.616586685180664,10896500
2012-05-03,28.6243048663166,28.670548744337726,28.308312383270447,28.385385513305664,12904900
2012-05-04,28.246638115715502,28.277464407278607,27.899816610303798,27.976886749267578,20063400
2012-05-07,27.822749140567808,28.038550865240786,27.815043301132814,27.899822235107422,15554200
2012-05-08,27.73026223485111,27.884405472039617,27.45280499591934,27.830455780029297,18180500
2012-05-09,27.491350741894262,27.76880808853038,27.329501603036146,27.506765365600586,31133700
2012-05-10,27.737989413408332,27.84588886900284,27.491358306284177,27.545310974121094,13300000
2012-05-11,27.375743009271392,27.78422021057412,27.368034228092895,27.491348266601562,14050700
2012-05-14,27.24471641736719,27.406568459281647,27.059746855233783,27.175352096557617,23499400
2012-05-15,27.12911159830211,27.337204563969753,26.959553713675536,27.0366268157959,14061700
2012-05-16,27.244721461534063,27.383450128837836,26.974972908464903,27.005802154541016,14807700
2012-05-17,26.982680471863443,27.028924343928658,26.412354083253653,26.42776870727539,23972500
2012-05-18,26.512537476852078,26.68209239582941,26.219665613108997,26.296735763549805,21477400
2012-05-21,26.45859452783372,26.905606806401885,26.443179905808815,26.88248634338379,16473500
2012-05-22,26.9826717376709,27.152229606985852,26.79770218936182,26.9826717376709,14386000
2012-05-23,26.759172046128416,27.183063857542486,26.49712935433887,27.129114151000977,25824400
2012-05-24,27.19847542125093,27.22930466153353,26.797704117691637,27.098281860351562,13768100
2012-05-25,27.105993200138876,27.159945851599367,26.85165926629916,26.913314819335938,8026500
2012-05-29,27.1368221742964,27.360329799393703,27.11370170964452,27.275550842285156,14105300
2012-05-30,27.02893007926492,27.02893007926492,26.766887295369663,26.820837020874023,15655500
2012-05-31,26.743752136662525,26.913307063681813,26.412345181980484,26.72062873840332,17828700
2012-06-01,26.188849800541366,26.319872651494485,25.94992750764996,25.980756759643555,24430500
2012-06-04,25.996163587809612,26.02699283055564,25.49520162335951,25.711000442504883,23893000
2012-06-05,25.641639978366918,25.8266095826255,25.541446394370855,25.788074493408203,17784400
2012-06-06,26.019285585622917,26.481715433992747,25.97304465881294,26.47400665283203,20089700
2012-06-07,26.797712845463003,27.02122050024901,26.581913973277416,26.62044906616211,21550300
2012-06-08,26.612743962483126,26.843960431832702,26.45089478597005,26.820837020874023,12401500
2012-06-11,27.098285625113938,27.113700247396793,26.443180348304907,26.47400665283203,15671400
2012-06-12,26.597328353377797,26.92873547783647,26.458602592944317,26.89790916442871,20210900
2012-06-13,26.782290391765553,26.89789857666618,26.504833100034663,26.62814712524414,22045200
2012-06-14,26.697521606524376,26.944149750784785,26.535672438110865,26.83625030517578,22125000
2012-06-15,26.96323192642748,27.079387181081092,26.91676923377587,27.07164192199707,12906000
2012-06-18,26.955505203849928,27.2342726590582,26.8703250283894,27.133607864379883,13380900
2012-06-19,27.257495332555894,27.644675655592337,27.24975007188236,27.49754524230957,12630300
2012-06-20,27.412372184437885,27.497549387025487,27.156831714819432,27.350421905517578,20907000
2012-06-21,27.443338906066565,27.520776739299333,26.785133570320173,26.81610870361328,16671700
2012-06-22,26.893552879049743,26.970990739050055,26.70770792295363,26.909040451049805,11993100
2012-06-25,26.591543288988937,26.63800598870289,26.30503069229776,26.413440704345703,20371600
2012-06-26,26.45990180969238,26.537339646527943,26.204364333013608,26.459901809692383,13684600
2012-06-27,26.560568039041254,26.777391016134903,26.514108293482895,26.71544075012207,14267600
2012-06-28,26.529593178147028,26.72318333049587,26.374723419428992,26.692211151123047,18115400
2012-06-29,27.280734593458885,27.621452331542972,27.156836965614445,27.62145233154297,18557700
2012-07-02,27.691137853424365,27.73760055972141,27.19554746872933,27.38139533996582,14682400
2012-07-03,27.358172748306245,27.67566060765926,27.33493991199579,27.66791534423828,10841200
2012-07-05,27.51303098136943,27.7530838291222,27.466571236221387,27.63692855834961,8771000
2012-07-06,27.381393087438806,27.381393087438806,27.09488047372286,27.26523780822754,9875000
2012-07-09,27.04841388209254,27.31169658369072,27.0174387515631,27.249746322631836,7220700
2012-07-10,27.412368183676904,27.482060760314866,26.6457498406593,26.808364868164062,32477900
2012-07-11,26.79287373267498,26.83933642889665,26.45989846129734,26.591541290283203,22717500
2012-07-12,26.436674045702254,26.622521914989914,26.227596300485516,26.49087905883789,31597700
2012-07-13,26.545082130792856,27.01744259981934,26.506364689091814,27.001955032348633,23745400
2012-07-16,26.8780560162482,26.901288843193676,26.622518551458306,26.81610870361328,15931600
2012-07-17,26.761912667736702,27.040680098961715,26.576064759634406,26.932270050048828,17282200
2012-07-18,26.84708821790546,27.505296687433688,26.84708821790546,27.435604095458984,30367800
2012-07-19,27.50529244135586,27.66016517227503,27.365907278923775,27.56723976135254,14611600
2012-07-20,27.38139134207397,27.48980135365336,27.195543497972686,27.226518630981445,16714900
2012-07-23,26.80837255782216,27.187810684788648,26.715450080301668,27.087142944335938,15299000
2012-07-24,27.110378841072546,27.14909925642116,26.576070784325367,26.78514862060547,22018500
2012-07-25,26.978732849536357,27.118118042558855,26.699962463491353,26.87806510925293,23365000
2012-07-26,27.18781300960623,27.404633127011667,27.07940295090351,27.288480758666992,16735900
2012-07-27,27.32719912936092,28.024122224611066,27.32719912936092,27.884737014770508,18798400
2012-07-30,27.84601420289545,28.008629265122902,27.72211659063376,27.807296752929688,12948400
2012-07-31,27.799547156989842,27.946674609871764,27.71436701702351,27.729854583740234,13125300
2012-08-01,27.86924705568709,27.91570681409793,27.52852640626314,27.54401397705078,17120500
2012-08-02,27.443351933728348,27.559507261742066,27.10263416761558,27.404634475708008,16934400
2012-08-03,27.75309169294129,28.124784529200742,27.74534938453992,28.000886917114258,16954500
2012-08-06,28.124784529200742,28.240939832885857,28.000886917114258,28.000886917114258,14753100
2012-08-07,28.117043819257113,28.41904408126467,28.117043819257113,28.28740119934082,16614200
2012-08-08,28.178985625682145,28.28739565191671,28.10155073664365,28.24867820739746,10220100
2012-08-09,28.23318845751989,28.333856168653746,28.163495881188982,28.27190589904785,12669800
2012-08-10,28.163498217971224,28.419038670371076,28.093805635857784,28.40355110168457,10449000
2012-08-13,28.349339955688553,28.372569826717353,28.14800456026879,28.341594696044922,13026200
2012-08-14,28.48099151374137,28.48099151374137,28.233196274612148,28.302888870239258,9495500
2012-08-15,28.155765550605654,28.411303136545058,28.148020286634726,28.364843368530273,9977000
2012-08-16,28.35709208592822,28.70555504184331,28.310632327774254,28.651350021362305,12786000
2012-08-17,28.651344367842697,28.813959397198314,28.651344367842697,28.790729522705078,8877500
2012-08-20,28.713296131960025,28.782985759064662,28.597140845549017,28.72878074645996,6612400
2012-08-21,28.829446999767445,28.953344587133927,28.58939413189111,28.666831970214844,10171300
2012-08-22,28.558423791501077,28.651346249528213,28.411293366177127,28.527448654174805,10960400
2012-08-23,28.48873139874045,28.48873139874045,28.2331909450287,28.295141220092773,11985000
2012-08-24,28.194482539361047,28.50422810608376,28.18674022947167,28.426790237426758,8736200
2012-08-27,28.480979830119818,28.519700220435883,28.318364825016122,28.341594696044922,5977000
2012-08-28,28.310624554048403,28.380317126094756,28.225444415552722,28.233186721801758,8513600
2012-08-29,28.23319663941305,28.333864379720104,28.12478659013728,28.225454330444336,8432100
2012-08-30,28.12478059486145,28.140268163449733,27.915702849847104,27.985395431518555,8604100
2012-08-31,28.17123593184676,28.28738823494931,27.97764580605827,28.15574836730957,9433100
2012-09-04,28.06283139589807,28.124778712152708,27.73759838521894,27.861495971679688,17603100
2012-09-05,27.86925114347793,27.923456172209285,27.68340322071861,27.78407096862793,11777300
2012-09-06,27.938927981384296,28.419030659526463,27.938927981384296,28.411285400390625,12695200
2012-09-07,28.496477268294257,28.682325162766325,28.488734959919285,28.651350021362305,10639100
2012-09-10,28.56617334484513,28.635865944531364,28.457763290655972,28.465505599975586,8961600
2012-09-11,28.457755826238056,28.697808707514636,28.442268257708765,28.620370864868164,10463700
2012-09-12,28.705545635957446,28.79072576993168,28.604877936355976,28.736520767211914,8450400
2012-09-13,28.666833476659168,29.185653727910513,28.535190621566727,29.061756134033203,16405700
2012-09-14,28.945615018144927,29.479923044925677,28.945615018144927,29.239870071411133,12253000
2012-09-17,29.131453221121415,29.201145813079087,29.030788441367523,29.100481033325195,7801500
2012-09-18,28.999805319695582,29.115957638361813,28.976572492801306,29.10821533203125,8073100
2012-09-19,29.054017961610246,29.224378285168346,28.968837799831192,29.177915573120117,9284300
2012-09-20,28.922375005324625,28.930120267619948,28.76750520684287,28.899145126342773,12558200
2012-09-21,29.031642819908324,29.055023057373564,28.712100024571807,28.813419342041016,15043900
2012-09-24,28.634163917639743,28.88356302750864,28.602988285638155,28.813419342041016,11603200
2012-09-25,28.805611333628526,28.852374761153367,28.423720414589432,28.4315128326416,14575300
2012-09-26,28.447106293904056,28.454898713504484,28.221087475566087,28.322406768798828,12515200
2012-09-27,28.431532837441175,28.626376129616407,28.291245429229193,28.5874080657959,13296800
2012-09-28,28.423729033320033,28.587396619678863,28.260058473889696,28.470489501953125,13149000
2012-10-01,28.618556021005762,28.852367150816825,28.50944435863192,28.602968215942383,14698000
2012-10-02,28.704296084956813,28.73546873137787,28.44710168375576,28.55621337890625,10302000
2012-10-03,28.68091291088428,28.758851959687306,28.478277330137853,28.704296112060547,7830300
2012-10-04,28.860172213108342,28.930315880095034,28.758855895405105,28.86796760559082,8888800
2012-10-05,29.062804176760547,29.16412047139303,28.836785415373416,28.961484909057617,10555200
2012-10-08,28.790020991549373,28.93810367914797,28.751052958575656,28.891340255737305,4917400
2012-10-09,28.891343855766017,28.92251947525779,28.540625569160365,28.55621337890625,10963500
2012-10-10,28.4471082229637,28.54063212986688,28.260057436085948,28.29123306274414,14504500
2012-10-11,28.493865936985433,28.610770053854168,28.3769588470459,28.3769588470459,8828800
2012-10-12,28.493869756183788,28.634157093686433,28.299026562215804,28.408138275146484,9760800
2012-10-15,28.408125112254858,28.618556021005762,28.361361697064716,28.602968215942383,9734700
2012-10-16,28.673115945574636,28.930307333162574,28.673115945574636,28.90692710876465,9357800
2012-10-17,28.961500150028094,29.117375342430176,28.906944278648165,29.078407287597656,7774700
2012-10-18,28.953697426664448,29.257652308512803,28.93810961566313,29.164125442504883,15649400
2012-10-19,28.91473565784263,29.008262553754903,28.564020203923278,28.673131942749023,15722900
2012-10-22,28.58738618655485,28.797817137820342,28.345779618864007,28.595178604125977,14300700
2012-10-23,28.252264057506142,28.400343819501888,28.14315234097546,28.306819915771484,13211400
2012-10-24,28.447113910411375,28.45490633209817,28.088603051379085,28.12757110595703,12980200
2012-10-25,28.384752131295258,28.447103373983495,28.049624607594094,28.283435821533203,14927000
2012-10-26,28.23667624470586,28.439314838038243,28.14315234097546,28.306819915771484,10533400
2012-10-31,28.439302444458008,28.665318198888336,28.337983191945792,28.439302444458008,10557300
2012-11-01,28.517249355469826,29.000459633331282,28.408137644959606,28.945903778076172,15309200
2012-11-02,29.109567273553402,29.179710930940765,28.68870830229994,28.704296112060547,13364000
2012-11-05,28.595191084644863,28.90694143882259,28.579603269628805,28.860177993774414,8533000
2012-11-06,29.00045782876555,29.312208102028357,28.9459019769052,29.171920776367188,10045200
2012-11-07,28.930314756251246,28.930314756251246,28.330197400471206,28.486072540283203,17347500
2012-11-08,28.486075292975247,28.57180677680988,28.18212037615886,28.189912796020508,13404000
2012-11-09,28.065202821272003,28.509447887898162,28.057410404310577,28.267841339111328,13425000
2012-11-12,28.345781326293945,28.48606863558792,28.244465026414318,28.345781326293945,7727700
2012-11-13,28.104173825289696,28.556208335807092,28.104173825289696,28.267841339111328,9957900
2012-11-14,28.36137352082349,28.36137352082349,27.527444927224522,27.60538101196289,22260800
2012-11-15,27.48847688485534,27.753463735265267,27.472889073293455,27.60538101196289,15774000
2012-11-16,27.535235552504584,27.753458930448947,27.42612089046186,27.68331527709961,13761100
2012-11-19,28.026240477162993,28.213291225963975,27.94830439945388,28.205495834350586,10984600
2012-11-20,28.221084536729027,28.26005257681558,28.002861133787643,28.228879928588867,8771800
2012-11-21,28.213285501170784,28.3301895940133,28.15872966323024,28.267841339111328,4986700
2012-11-23,28.330193638586564,28.634151458740234,28.330193638586564,28.634151458740234,3286600
2012-11-26,28.525038744748468,28.673121455914213,28.462690476681953,28.657533645629883,7471900
2012-11-27,28.688705453402033,28.84457758938795,28.564005960771045,28.595178604125977,9702800
2012-11-28,28.447101850767393,28.86016840571097,28.330194763522247,28.836788177490234,11098800
2012-11-29,28.992667251575853,29.101778962227876,28.813411873637367,29.000459671020508,10531000
2012-11-30,28.969284910690178,29.055016392492792,28.875761009210606,28.938112258911133,7943400
2012-12-03,29.086189967968302,29.14074582107672,28.626359939575195,28.626359939575195,10585100
2012-12-04,28.696507493098416,28.860175074604683,28.610776005717582,28.735475540161133,7176000
2012-12-05,28.797811809578725,29.14852999679714,28.610761118705614,29.03941535949707,13665100
2012-12-06,29.0238333307986,29.06280136134924,28.844575038739368,29.031625747680664,5501600
2012-12-07,29.195298134758268,29.242061563069516,29.031630595274883,29.21868133544922,6771000
2012-12-10,29.21089462303721,29.39794541878616,29.140750946265292,29.366769790649414,7387800
2012-12-11,29.522644084400667,29.59278775909635,29.36676892140232,29.42911720275879,9455300
2012-12-12,29.577179828700938,29.709671694639336,29.444684989693116,29.475860595703125,6911500
2012-12-13,29.42131705152442,29.600572401295025,29.28882513028684,29.382349014282227,9328400
2012-12-14,29.312207276094142,29.483670218864447,29.304411884293206,29.31999969482422,6747900
2012-12-17,29.460291864160478,29.600579208952734,29.397943584848004,29.59278678894043,9667100
2012-12-18,29.62395778978285,30.00585175665524,29.546021701721312,29.97467613220215,11656700
2012-12-19,30.021437537231524,30.029229956281863,29.79541873484884,29.811006546020508,15895400
2012-12-20,29.84997180463792,29.96687889099121,29.77982814744009,29.96687889099121,7665800
2012-12-21,29.535091957237185,29.825577482356874,29.44088197348881,29.778470993041992,10871700
2012-12-24,29.70778741582434,29.778445592084676,29.637129239564,29.69208526611328,1647100
2012-12-26,29.778472716938417,29.802024465518592,29.5507958310582,29.590049743652344,6267300
2012-12-27,29.629302439479524,29.65285418471194,29.228904801241605,29.54294204711914,6387000
2012-12-28,29.315250654795697,29.53507482096019,29.189636417718894,29.221040725708008,6626000
2012-12-31,29.142542938353866,29.77846698147076,29.0797372892762,29.754915237426758,13414400
2013-01-02,30.398684967467922,30.54785098542997,30.265218113602426,30.469343185424805,14885700
2013-01-03,30.437938003775336,30.68916655051981,30.406533686712148,30.485044479370117,9592100
2013-01-04,30.602801144806516,30.736267972942297,30.532142940471108,30.71271324157715,6466400
2013-01-07,30.618504229319026,30.642055966518406,30.46933823558944,30.57925033569336,5513800
2013-01-08,30.485041623131227,30.555696837582722,30.241662681015228,30.343725204467773,7543400
2013-01-09,30.46147949961995,30.71270796187368,30.43792776718351,30.64990234375,6851700
2013-01-10,30.806930564204166,30.82262972750981,30.579253762826525,30.7990779876709,11710300
2013-01-11,30.712728307486515,30.76768438283014,30.626367904837537,30.689176559448242,6999900
2013-01-14,30.74411239199329,30.814770584466228,30.673454199520354,30.806921005249023,6250500
2013-01-15,30.642059119778004,30.924691974775687,30.626356961735862,30.893287658691406,5115200
2013-01-16,30.72841387988922,30.783369925560326,30.6891599893927,30.767667770385742,7569900
2013-01-17,30.916843684020563,31.152370074725415,30.838332890531916,31.097414016723633,11890000
2013-01-18,31.223029975116795,31.372195998468136,31.081713534097332,31.348644256591797,10912700
2013-01-22,31.277987817039772,31.474260330200195,31.223031752945328,31.474260330200195,7550200
2013-01-23,31.403603167207223,31.52921746008081,31.325095357241597,31.48211097717285,6430700
2013-01-24,31.489959980883473,32.11803137396324,31.458555662509326,31.670530319213867,6893000
2013-01-25,31.7725887298584,31.811842625287458,31.631272310409578,31.7725887298584,6908900
2013-01-28,31.89820319544657,31.91390535269431,31.654824250426937,31.796140670776367,5583500
2013-01-29,31.725489578219648,31.874655613218234,31.678383095908067,31.866806030273438,5456100
2013-01-30,31.835396866953403,31.906055082234037,31.560616582462306,31.576318740844727,6991200
2013-01-31,31.466402053833008,31.62341762507613,31.395743848821585,31.466402053833008,9929300
2013-02-01,31.66267662470493,31.811842625287458,31.59201841498052,31.7725887298584,8661400
2013-02-04,31.61556740530659,31.67837303355811,31.4585488423578,31.497802734375,8989600
2013-02-05,31.67052914639927,31.85895205478589,31.62342267058248,31.788293838500977,8590700
2013-02-06,31.67837598885842,31.81969240920785,31.607717778683707,31.796140670776367,11049500
2013-02-07,31.84324780513258,31.882501701628623,31.52136106205649,31.756887435913086,8007000
2013-02-08,31.803983203938227,31.906045705990547,31.749027163189965,31.88249397277832,7164200
2013-02-11,31.81969086525158,31.906051228483655,31.788289547160016,31.85894775390625,7718700
2013-02-12,31.921751616215012,32.055218441509346,31.91390203584709,32.00025939941406,5780100
2013-02-13,32.16513549532608,32.282897188281765,32.07877512356367,32.1729850769043,6412200
2013-02-14,32.031673657116045,32.2357987486264,31.97671759283577,32.220096588134766,9256100
2013-02-15,32.26718775209871,32.322143795391625,32.13372393121011,32.23578643798828,8009200
2013-02-19,32.36139758578541,32.49486139391678,32.26718466782031,32.471309661865234,8524900
2013-02-20,32.510566352473305,32.518415932208065,32.02381154716601,32.04736328125,10619200
2013-02-21,31.92175406759285,31.976710119028436,31.670525548207266,31.81184196472168,15582800
2013-02-22,31.929609160702483,32.10232992067763,31.929609160702483,32.06307601928711,9693400
2013-02-25,32.23578348400988,32.27503736921062,31.3878851882524,31.403587341308594,10921300
2013-02-26,31.48995180197724,31.662672513293554,31.380039711095904,31.59201431274414,14203900
2013-02-27,31.599868937236504,32.282896321661205,31.552762464390536,32.18868637084961,10214100
2013-02-28,32.24363839862696,32.41635911594662,32.13372630392536,32.165130615234375,11140000
2013-03-01,31.961010895069418,32.22794159577119,31.772590985680203,32.11017990112305,11544800
2013-03-04,32.04736328125,32.055215855864475,31.73332618402481,32.04736328125,17799700
2013-03-05,32.25148759009952,32.67543376877144,32.25148759009952,32.502716064453125,12343100
2013-03-06,32.70683807678555,32.714687656349255,32.44776002286825,32.502716064453125,11365300
2013-03-07,32.58908509310946,32.65189373163676,32.47917297056742,32.52627944946289,6392600
2013-03-08,32.75395451173133,32.86386662836712,32.61263807751944,32.832462310791016,7986200
2013-03-11,32.80105494731892,32.95807352573815,32.730396736774274,32.9423713684082,6118800
2013-03-12,32.83245981946971,32.9188201888107,32.61263560287836,32.75395202636719,11166800
2013-03-13,32.75394179924739,32.93451206290606,32.68328360956536,32.91095733642578,7192600
2013-03-14,32.97378319350487,33.099397485875365,32.94237887169201,33.0679931640625,5869900
2013-03-15,33.03801378319825,33.1247458958138,32.95916230644373,33.09320831298828,9136300
2013-03-18,32.85667731571659,33.1563070978939,32.71475058508329,32.88821792602539,6696600
2013-03-19,32.92763141097728,33.03013685700179,32.63588838077522,32.856666564941406,12386200
2013-03-20,33.02225467354409,33.06167892133747,32.78570617890653,32.896095275878906,16633100
2013-03-21,32.76205423917838,33.07745428556178,32.50185175760818,32.5649299621582,6847500
2013-03-22,32.81724548339844,32.82513213809468,32.572813329609225,32.81724548339844,6952300
2013-03-25,32.911862244689836,32.92762953590912,32.38356775253391,32.52549743652344,18316700
2013-03-26,32.683194541119846,32.71473513653455,32.572805465045114,32.691078186035156,8772200
2013-03-27,32.54126486963041,32.71473513653455,32.36779460272626,32.691078186035156,6666500
2013-03-28,32.64377878400254,32.93552184771266,32.64377878400254,32.927635192871094,7850900
2013-04-01,32.88032164649727,32.88820529210692,32.46241624013831,32.52549743652344,15500700
2013-04-02,32.63589875618039,32.675323014761126,32.35992593823706,32.423004150390625,11715400
2013-04-03,32.48608134304744,32.533389244328205,32.17856795321142,32.22587585449219,20235400
2013-04-04,32.257412566095134,32.415112569706345,32.22587196379741,32.367801666259766,12607200
2013-04-05,31.94200716812266,32.32837196137072,31.886812627355347,32.304718017578125,12848400
2013-04-08,32.28106677878791,32.493961334228516,32.17856433229523,32.493961334228516,8246300
2013-04-09,32.58858623170249,32.71474564601277,32.375691656076825,32.59646987915039,10682100
2013-04-10,32.74626538494659,33.06166525265244,32.62010603943946,33.03012466430664,11590300
2013-04-11,33.0695561725006,33.219372496171026,32.94339679923308,33.11686706542969,9855000
2013-04-12,32.99860004705761,33.05379459943851,32.80936244114524,32.927635192871094,7438400
2013-04-15,32.70685898639571,32.74628323938543,31.902591592319045,31.92624855041504,29888200
2013-04-16,32.21797939446194,32.38356299885088,32.115473969321705,32.35990905761719,10143300
2013-04-17,32.099712757582076,32.15490730799986,31.642386052995104,31.823740005493164,15939300
2013-04-18,31.93413110634005,31.93413110634005,31.555652876395406,31.681812286376953,16722700
2013-04-19,31.713356262640204,31.87105328597546,31.563539879442626,31.839515686035156,15449100
2013-04-22,31.863170278049477,31.973559399752897,31.563540513513068,31.87894058227539,13880400
2013-04-23,32.01297554967997,32.16279189794892,31.80008401623595,32.10759735107422,11194400
2013-04-24,32.25742011505003,32.49396867188579,32.23376616172988,32.43877410888672,9976300
2013-04-25,32.54915649213597,32.75416740470168,32.45453769057813,32.60435104370117,9845400
2013-04-26,32.564922021504096,32.68319776202687,32.43876263528909,32.509727478027344,7837600
2013-04-29,32.64378969475065,32.75417883640854,32.45454901770962,32.67532730102539,7934300
2013-04-30,32.72263272270262,32.72263272270262,32.43088961051328,32.68320846557617,8112900
2013-05-01,32.48607296557155,32.59646205059666,32.24952449653532,32.257408142089844,12152700
2013-05-02,32.36780283633077,32.69897315667361,32.36780283633077,32.6595458984375,7422000
2013-05-03,33.01436852080511,33.40861702048281,32.98283092681768,33.21937942504883,14713900
2013-05-06,33.227251587268306,33.46380000374142,33.17994370869947,33.4322624206543,13657900
2013-05-07,33.51900684545968,33.747671702118275,33.47169894951473,33.73978805541992,14716800
2013-05-08,33.68460474385514,33.96057758853774,33.62152351771145,33.952693939208984,9877400
2013-05-09,33.96846424574491,34.13404795255447,33.85807209999346,33.952693939208984,8065700
2013-05-10,34.007875516987006,34.07095371115613,33.810751272407934,34.05518341064453,9576300
2013-05-13,34.01575755414399,34.03152785390955,33.818633318890136,33.921138763427734,5737800
2013-05-14,34.03152554401381,34.33903884887695,33.93690675971982,34.33903884887695,9893500
2013-05-15,34.181353942550864,34.488870390894625,34.13404603348124,34.48098373413086,12427900
2013-05-16,34.33905862092213,34.53618295629812,34.252323432096105,34.307518005371094,12043500
2013-05-17,34.45733492521615,34.83581329368369,34.44156461721184,34.82792663574219,14377300
2013-05-20,34.72541579755734,35.04081285818629,34.72541579755734,34.930423736572266,14154300
2013-05-21,34.93829792544279,35.12753549271815,34.883103384331065,34.97772216796875,11247100
2013-05-22,35.032915811847424,35.24581032548741,34.55193224486932,34.67020797729492,16560400
2013-05-23,34.24443608124777,34.654455015463284,34.24443608124777,34.57560348510742,10855000
2013-05-24,34.36267326617898,34.520370133960704,34.204973390522305,34.46517562866211,8787600
2013-05-28,34.891003530201175,34.969852052541825,34.583490082042985,34.646568298339844,13685500
2013-05-29,34.48097297450335,34.607132372451964,34.3390432758265,34.449432373046875,9298000
2013-05-30,34.551940190377636,34.812145658399665,34.4652050343703,34.65444564819336,7269400
2013-05-31,34.56771937821847,34.91465708355467,34.29174654532357,34.32328414916992,11180400
2013-06-03,34.46520794003586,34.54405945572552,34.0867296883588,34.48886489868164,25628800
2013-06-04,34.48884685400836,34.670200733393,34.063057915691616,34.29960632324219,12262700
2013-06-05,34.16557468713123,34.204998933517196,33.63728016035232,33.67670440673828,12775200
2013-06-06,33.731902650427116,33.921143264849455,33.550548690872695,33.88960266113281,13916500
2013-06-07,34.17345793641967,34.54405246547403,34.03941189081137,34.528282165527344,14067500
2013-06-10,34.64657098003685,34.64657098003685,34.31540355111927,34.4257926940918,9390300
2013-06-11,34.086743378599046,34.40214355227615,33.992124529647505,34.11039733886719,9883800
2013-06-12,34.37057507672042,34.39422901781755,33.81862672406726,33.87382125854492,11072600
2013-06-13,33.84229932186207,34.4336722383167,33.771337459450585,34.3705940246582,12985500
2013-06-14,34.33903858805252,34.50462221127852,34.10249012517581,34.14191436767578,8207200
2013-06-17,34.36269958339061,34.528283226101216,34.20499958695692,34.41000747680664,8527400
2013-06-18,34.42577281854315,34.89886973182199,34.41788917340179,34.812137603759766,8798300
2013-06-19,34.74116589732385,34.82789800823832,34.283836364746094,34.283836364746094,13613100
2013-06-20,33.95268172499418,34.015759920567554,33.46381142188315,33.503238677978516,19493200
2013-06-21,33.78538836519828,33.81708711141382,33.28609607752619,33.52385330200195,14635300
2013-06-24,33.21475531606855,33.26230795123307,32.78679066932562,32.96114730834961,17405800
2013-06-25,33.25438284122081,33.43666341790611,33.11965490233232,33.33363723754883,8717400
2013-06-26,33.650646199273815,33.801228042670466,33.46836562017178,33.658573150634766,14745100
2013-06-27,33.93597085787235,34.08654974402332,33.83294160774407,33.99144744873047,9177300
2013-06-28,33.92011229750867,34.0469163369607,33.737831679749306,33.79330825805664,13129300
2013-07-01,34.070697538612684,34.348080457551454,33.9359665328088,34.134098052978516,15781300
2013-07-02,34.01521235988978,34.173718154711736,33.65857810059861,33.76953125,12916900
2013-07-03,33.63479185983761,33.896326809414745,33.56346442115711,33.78537368774414,6081900
2013-07-05,34.046905413044286,34.31636428833008,33.90425053652559,34.31636428833008,5687500
2013-07-08,34.379777394149905,34.625458509750814,34.355999559263594,34.411476135253906,10901800
2013-07-09,34.66507114880669,35.061333949659215,34.657144199772304,34.894901275634766,13045100
2013-07-10,34.90283665746182,35.06134242074808,34.7681057005324,34.886985778808594,9349600
2013-07-11,35.41797174641563,35.46552437584662,35.24361815165979,35.441749572753906,14058700
2013-07-12,35.31496155154265,35.39421294651491,35.045502576091245,35.227783203125,11366200
2013-07-15,35.33082417727965,35.41799953142284,35.27534455446427,35.35459899902344,11794300
2013-07-16,35.410067118998235,35.45761977434638,35.11683330246938,35.16438293457031,6269200
2013-07-17,35.33873010105572,35.41798148197946,35.20399912558967,35.26740264892578,9605200
2013-07-18,35.346660395998796,35.727075558037775,35.299110768179126,35.624046325683594,10896300
2013-07-19,35.75084451468425,36.00445256566224,35.70329187140847,35.98860168457031,13266600
2013-07-22,36.05200359050373,36.11540408877885,35.948974379654565,36.01237487792969,5960900
2013-07-23,36.131256591151235,36.170882282257836,35.87764854017325,35.98860168457031,6252900
2013-07-24,36.10747889882728,36.170879394887564,35.65573940513032,35.71121597290039,10965000
2013-07-25,35.61611748947688,35.727073669433594,35.410062058907954,35.727073669433594,7031800
2013-07-26,35.55270824972297,35.631959621267185,35.40212641124451,35.608184814453125,5800300
2013-07-29,35.45761165274277,35.64781618407437,35.449684700376814,35.51308822631836,8372300
2013-07-30,35.66365051269531,35.853857978990874,35.56854829117009,35.66365051269531,7145100
2013-07-31,35.71915409144964,36.05994058499177,35.71915409144964,35.79048156738281,12300000
2013-08-01,35.996521199406146,36.44826369701494,35.996521199406146,36.40071105957031,12594500
2013-08-02,36.27390681583647,36.47203826904297,36.178804564806235,36.47203826904297,5985800
2013-08-05,36.321459922095315,36.432413053604634,36.273907284343,36.329383850097656,4468100
2013-08-06,36.26597662736114,36.26597662736114,35.99651775412405,36.05992126464844,8233700
2013-08-07,35.90141112722011,36.020291183312544,35.81423282251838,36.00444030761719,8927600
2013-08-08,36.20257730559921,36.28182867306037,36.020296741841875,36.170875549316406,4971300
2013-08-09,36.194653823576765,36.194653823576765,35.90934705942707,36.052001953125,5525800
2013-08-12,35.83009702865701,36.13918166159653,35.814246147064395,36.09955596923828,6165300
2013-08-13,36.11539415031025,36.35315124409546,35.98066623902198,36.25804901123047,7791700
2013-08-14,36.22634652086129,36.29767394986767,35.99651335814681,36.00444030761719,10253000
2013-08-15,35.65574128216932,35.71121785285987,35.48138461814398,35.60026168823242,7586200
2013-08-16,35.57649586437354,35.75085257243593,35.497244464298156,35.647823333740234,8138800
2013-08-19,35.54478639588589,35.70329218495072,35.457611083984375,35.457611083984375,5182300
2013-08-20,35.49723654247163,35.671590188376854,35.3625055645145,35.52101135253906,6768600
2013-08-21,35.4655448233802,35.55272318264327,35.23571151682251,35.27533721923828,7865000
2013-08-22,35.354567998747434,35.81423128114804,35.354567998747434,35.75875473022461,9124600
2013-08-23,35.84594449239439,35.84594449239439,35.59233645758685,35.766693115234375,5267700
2013-08-26,35.83801315346096,35.98066802144808,35.64780565506294,35.68743133544922,6568200
2013-08-27,35.27533222623396,35.40213626996447,34.92662186178676,34.96624755859375,14017100
2013-08-28,34.879059981269144,35.14059495282703,34.847361246160425,34.99794006347656,7962900
2013-08-29,34.91075609639318,35.28324413873506,34.89490521977803,35.1009635925293,4614400
2013-08-30,35.18023788288318,35.243641430670266,34.815676552850135,34.902854919433594,8162900
2013-09-03,35.23568989386355,35.46552305938034,34.97415799981497,35.12473678588867,9736700
2013-09-04,35.085125106456346,35.5447885976463,35.061350294760196,35.481388092041016,7486900
2013-09-05,35.528943486375944,35.679522344174615,35.402136418865204,35.56856918334961,4880200
2013-09-06,35.73499591081709,35.84594906228468,35.2277797765386,35.55271530151367,11587200
2013-09-09,35.67952382796604,36.08371079110119,35.67159687429352,35.99653244018555,8454200
2013-09-10,36.28977043724847,36.5830042444479,36.234293852730936,36.51960372924805,14050400
2013-09-11,36.511660264432365,36.68601689306884,36.40863107267029,36.670166015625,11984400
2013-09-12,36.638480828965434,36.73358311338877,36.487901960024566,36.51960372924805,8270400
2013-09-13,36.59091405721703,36.630542765079944,36.40070956175717,36.622615814208984,6506600
2013-09-16,37.09021376405416,37.20909386556018,36.96340973329615,37.098140716552734,15482500
2013-09-17,37.05851750091427,37.30420166964364,37.042669640058065,37.256649017333984,7651000
2013-09-18,37.28833930796857,37.80348230139456,37.16153529742086,37.72422790527344,12259900
2013-09-19,37.85894776189822,38.04915221030411,37.819322087084096,37.85102081298828,12368500
2013-09-20,37.945767080271786,37.96169097272308,37.364558673073084,37.38844299316406,11923900
2013-09-23,37.32475982894312,37.428260600097076,37.09386788620395,37.26902770996094,7456100
2013-09-24,37.2451372548552,37.619341197391094,37.229213359728945,37.40437316894531,6755000
2013-09-25,37.444187211678305,37.5238066996924,37.2371826171875,37.2371826171875,8193200
2013-09-26,37.30086936921087,37.48399264457659,37.22125293075204,37.40437316894531,5383000
2013-09-27,37.157567690081926,37.213302857119466,37.01425866841191,37.165531158447266,5966100
2013-09-30,36.7833727357161,37.09388123526677,36.7196771270012,36.95056915283203,7457800
2013-10-01,36.93464919456104,37.269045101673726,36.92668876120855,37.18146514892578,11204000
2013-10-02,36.974446452190676,37.06202637892248,36.783365736751485,37.00629425048828,9274700
2013-10-03,36.99832709489496,36.99832709489496,36.36138339340302,36.60023880004883,15708500
2013-10-04,36.63209601418919,36.8629880326492,36.52063173967021,36.83910369873047,9868400
2013-10-07,36.369340617488206,36.831121380917416,36.369340617488206,36.58430862426758,8956500
2013-10-08,36.616163336127265,36.711703678151444,36.154379448193744,36.17030334472656,17558800
2013-10-09,36.32158099475748,36.32158099475748,35.89960830646135,36.15438461303711,14004300
2013-10-10,36.584326170131206,37.101839290498496,36.51267013350514,37.08591842651367,14282100
2013-10-11,37.02222163081734,37.32476966874658,36.99833729843492,37.26107406616211,8039000
2013-10-14,37.08590437793753,37.42825749304847,36.98240057820309,37.40437316894531,9823100
2013-10-15,37.32475795441078,37.42029829112875,36.99036222013905,37.03017044067383,13450200
2013-10-16,37.205336773466854,37.35660925286876,36.998332168118296,37.27699279785156,11994900
2013-10-17,37.13368532174526,37.57158195260884,37.12572489013252,37.563621520996094,10314700
2013-10-18,37.79451251665434,38.04928884191984,37.71489301677552,37.969669342041016,12946800
2013-10-21,38.0253933603293,38.105012843220635,37.99354860434549,38.06520462036133,6115400
2013-10-22,38.19259248678182,38.54290909751785,38.19259248678182,38.31998062133789,8021700
2013-10-23,38.26425857743798,38.35979894421805,38.081138275620546,38.335914611816406,8815400
2013-10-24,38.4075706396413,38.66234697579369,38.375722838328876,38.622535705566406,8296900
2013-10-25,38.71011091099362,38.837499063505554,38.48718240339103,38.82157516479492,10031400
2013-10-28,38.69418641324219,38.8693462591743,38.67826555195117,38.76584243774414,6626200
2013-10-29,38.82155749435188,38.87729263305664,38.62251340682774,38.87729263305664,7591100
2013-10-30,38.964881318831154,39.00469257816901,38.590680385871124,38.702144622802734,8914100
2013-10-31,38.638453687303944,38.97284947551222,38.55087376569766,38.71010971069336,9897500
2013-11-01,38.79769719665689,39.076360914023475,38.67030902325816,38.9887809753418,9922600
2013-11-04,39.14800856949384,39.14800856949384,39.00469955151258,39.13208770751953,5477400
2013-11-05,38.98080946307973,39.17985363276928,38.76584139535426,39.0922737121582,6572100
2013-11-06,39.25947510831466,39.307243767665106,39.00469880120175,39.20374298095703,5889600
2013-11-07,39.315202709901,39.426666951785045,38.72603066929174,38.78972625732422,10880700
2013-11-08,38.757884107306914,39.315208435058594,38.73399977690305,39.315208435058594,8964900
2013-11-11,39.30724004030098,39.33112740488421,39.19577579615548,39.283355712890625,5319400
2013-11-12,39.148006558430914,39.37093809787082,39.1081983311937,39.29928207397461,10837900
2013-11-13,39.09227086946144,39.53017044067383,39.06042611287826,39.53017044067383,9779500
2013-11-14,39.47444526863084,39.76902981979535,39.47444526863084,39.68144989013672,11060700
2013-11-15,39.79289958283839,39.85659515824374,39.641627147008954,39.8167839050293,7836800
2013-11-18,40.007892802056965,40.127320562604396,39.784964222020825,39.8805046081543,6686900
2013-11-19,39.85660419326678,39.944181073543504,39.54609274853467,39.59386444091797,9411800
2013-11-20,39.73717686452306,39.73717686452306,39.33112810545007,39.418704986572266,9381700
2013-11-21,39.58589492300507,39.77697557432594,39.458506809733755,39.73716735839844,6829300
2013-11-22,39.85660497172107,40.087493896484375,39.72125335924456,40.087493896484375,5430400
2013-11-25,40.16710861294548,40.214877263413314,39.90436888668205,39.99991226196289,7895000
2013-11-26,40.00788802704146,40.175084442113366,39.96011632108931,40.07954406738281,8142500
2013-11-27,40.175066322646785,40.302454443891776,40.135258104227546,40.23876190185547,3774500
2013-11-29,40.390036950694885,40.42984517168059,40.079528574964776,40.12730026245117,6964900
2013-12-02,40.11138140679181,40.19099785876737,39.864565546190825,39.960105895996094,6976700
2013-12-03,39.896423431321956,39.896423431321956,39.474450662226765,39.617759704589844,8976000
2013-12-04,39.42666737287993,39.74513620492534,39.11615897083721,39.45851516723633,6776400
2013-12-05,39.458502377514485,39.65754647196632,39.37888291743064,39.47442626953125,6939600
2013-12-06,39.96011632108931,40.095467969366865,39.8486520443747,40.07954406738281,8399500
2013-12-09,40.1113807836652,40.23876892715091,40.09545688608287,40.18303680419922,5566600
2013-12-10,40.11137143415385,40.326339445649275,39.96805942649023,40.0954475402832,10114300
2013-12-11,40.11138449967859,40.11138449967859,39.42667202606966,39.46648025512695,11225000
2013-12-12,39.37093043799105,39.62570668734846,39.355006542759654,39.50627899169922,9293200
2013-12-13,39.56997741496448,39.71328944516878,39.44258928113539,39.625709533691406,6254100
2013-12-16,39.7530964315796,40.1352608211852,39.7530964315796,39.99991226196289,9108300
2013-12-17,40.13527749230223,40.183049199785735,39.92030936438723,39.984004974365234,11324000
2013-12-18,40.09546568064638,40.67667440260592,39.73718549939088,40.65279006958008,21338300
2013-12-19,40.59703323621061,40.716457865858516,40.42187346812096,40.69257354736328,13576700
2013-12-20,40.763804470254094,41.147915346049714,40.67578154148912,41.01987838745117,13806000
2013-12-23,41.23593998800767,41.27595401654149,41.09189803268293,41.17992401123047,6969500
2013-12-24,41.17192083834765,41.37997973346003,41.17192083834765,41.371978759765625,2765300
2013-12-26,41.50802631739348,41.70008330970421,41.37198836451523,41.660072326660156,6725200
2013-12-27,41.84413621219462,41.84413621219462,41.55605217485908,41.61206817626953,4157300
2013-12-30,41.62805271703328,41.66006271714187,41.52402174300118,41.57203674316406,4944000
2013-12-31,41.70808216784946,41.8521241416093,41.63606118096954,41.82011413574219,6575600
2014-01-02,41.596051601809144,41.668072591116285,41.179930669439244,41.23594665527344,9337000
2014-01-03,41.34798049926758,41.53203652121983,41.275962559341586,41.34798049926758,6104000
2014-01-06,41.548044783685384,41.668080807079654,41.10791778564453,41.10791778564453,7486900
2014-01-07,41.32396455038149,41.46000552692241,41.219933574513924,41.363975524902344,7068800
2014-01-08,41.37198286331419,41.3879878649321,41.131913944329305,41.29195785522461,8091500
2014-01-09,41.53202986902944,41.65206280232281,41.22794094326407,41.49201583862305,10795300
2014-01-10,41.564050324019505,41.588059360592375,41.283970336027004,41.55604934692383,12522200
2014-01-13,41.45202264023743,41.692091662435224,41.00389461283974,41.05190658569336,12241300
2014-01-14,41.25996008065382,41.51603405820627,41.09991308152288,41.48402404785156,9435800
2014-01-15,41.58806304118963,41.868143053969575,41.548048994241185,41.78011703491211,6790200
2014-01-16,41.62805997315715,41.73209096532273,41.54003398383566,41.67607498168945,8180600
2014-01-17,41.524033567946084,41.580049557767175,41.371990603094915,41.468017578125,8662300
2014-01-21,41.66807310711606,41.86013009852755,41.275961201420984,41.508026123046875,11033500
2014-01-22,41.66007165362274,41.692078607955494,41.49202064332491,41.63606262207031,6348800
2014-01-23,41.38799225342458,41.508025199323505,41.00388133179196,41.13991928100586,8550600
2014-01-24,40.85984031187835,40.85984031187835,39.851546447908085,39.85955047607422,25688100
2014-01-27,40.04360099276188,40.20364796723966,39.62748008017651,39.899559020996094,17553000
2014-01-28,40.019599687116184,40.38770871526159,40.019599687116184,40.27567672729492,9909400
2014-01-29,39.85955664190793,40.1796476072944,39.73952062198626,39.84355163574219,15007700
2014-01-30,40.203661219041166,40.33169823029811,39.96358915187165,40.23566818237305,9984800
2014-01-31,39.56345806830876,40.315677894516305,39.56345806830876,40.03559494018555,15208000
2014-02-03,39.93956976528232,40.19564370187568,38.907269991279136,38.923274993896484,23578000
2014-02-04,39.06732138401515,39.307390345147205,38.71522044453097,39.17135238647461,14235900
2014-02-05,39.01130393493076,39.30738887415858,38.72321997129619,39.15534591674805,15364900
2014-02-06,39.32339866285509,39.755524660888,39.24337668661613,39.69950866699219,13598300
2014-02-07,39.89957232475629,40.419721349440294,39.89957232475629,40.38771438598633,15046600
2014-02-10,40.42771104142945,40.443716043801565,40.04360014242476,40.13162612915039,14047400
2014-02-11,40.27567177551884,40.73980467612307,40.20365078458894,40.57975769042969,10364000
2014-02-12,40.64378063986078,40.851839599432424,40.627775634871796,40.81182861328125,10282600
2014-02-13,40.53974875512218,40.89985372796321,40.403710794628076,40.84383773803711,11396800
2014-02-14,40.79582778799089,41.21994977940298,40.73181081411873,41.10791778564453,9132200
2014-02-18,41.22794780806957,41.30796977692283,40.93186286014159,41.075904846191406,7282200
2014-02-19,41.02787898647232,41.26794788220587,40.667774116551165,40.69178009033203,10443000
2014-02-20,40.83583283434675,41.211942803770434,40.63577485957117,41.075904846191406,15387500
2014-02-21,41.23594860293645,41.31597362408097,41.067900637496614,41.12391662597656,6108500
2014-02-24,41.275956909190484,41.79610573752288,41.211936901163234,41.43600082397461,9311600
2014-02-25,41.37999068817755,41.532036702397704,41.18793674225227,41.29996871948242,7522100
2014-02-26,41.38799991262934,41.508032880741396,41.17993788367326,41.33998489379883,10607400
2014-02-27,41.28396645512585,41.58005142211914,41.21994643380695,41.58005142211914,5723700
2014-02-28,41.5960523116758,41.88413627382073,41.452010330603336,41.660072326660156,12876700
2014-03-03,41.21194546170526,41.51603445771604,41.07590749535257,41.3799934387207,17327500
2014-03-04,41.76410819103637,42.188233239121224,41.70809219362491,41.98017120361328,12361000
2014-03-05,42.0681847782687,42.18021673997243,41.98015879331806,42.03617477416992,11014900
2014-03-06,42.2442274907089,42.37226442640382,42.148197499456714,42.27623748779297,9427300
2014-03-07,42.55634595568562,42.61236196194055,42.308272890382796,42.41230392456055,12752100
2014-03-10,42.29225793633074,42.348273929413885,41.964162954282635,42.228240966796875,8201100
2014-03-11,42.39628550050242,42.39628550050242,41.820117558309356,41.92414855957031,9575600
2014-03-12,41.67609108329571,41.85214007731325,41.53204905469014,41.844139099121094,12433300
2014-03-13,42.01217402745383,42.10820099906243,41.07590418582463,41.251953125,17725500
2014-03-14,41.18793752865929,41.40400051143238,41.027890535570805,41.0919075012207,17127600
2014-03-17,41.259958142142565,41.74009606433451,41.259958142142565,41.59605407714844,11471900
2014-03-18,41.668071186836656,41.91614415334353,41.660070211690964,41.82011413574219,7434300
2014-03-19,41.82013116224621,41.89215217844852,41.15594005961907,41.38800811767578,13222700
2014-03-20,41.38799317447672,41.54803710590359,41.195936183065236,41.508026123046875,11205800
2014-03-21,41.7612051722941,41.889799987017824,41.47990497319289,41.512054443359375,13683400
2014-03-24,41.70495170235547,41.737101177586545,41.14234814958253,41.37542724609375,14063100
2014-03-25,41.59240292586909,41.865667145024496,41.53614291597891,41.75314712524414,11722300
2014-03-26,42.01838857561922,42.01838857561922,41.32719039916992,41.32719039916992,9906800
2014-03-27,41.32719127657477,41.39149020874529,41.00570581354768,41.270931243896484,9369500
2014-03-28,41.35932786270101,41.7451121377592,41.351292031653095,41.576332092285156,8982600
2014-03-31,41.79334999077125,42.130910192121526,41.79334999077125,42.05857849121094,7563100
2014-04-01,42.23537903496068,42.492568542062344,42.082673723225554,42.35593795776367,13773800
2014-04-02,42.38810250958234,42.685477408217785,42.37202777642071,42.65332794189453,12812900
2014-04-03,42.717620849609375,42.741731412980315,42.51669131234111,42.717620849609375,9268300
2014-04-04,42.918577378667834,42.990912180213925,42.12289456166086,42.227378845214844,14930600
2014-04-07,42.11484528193851,42.25147593794734,41.53616705427198,41.624576568603516,12402800
2014-04-08,41.56027762511062,41.76924612552015,41.3593480256089,41.624576568603516,9462400
2014-04-09,41.84961924358717,42.187182585242816,41.67280020434171,42.155033111572266,11329100
2014-04-10,42.09072545960098,42.25146972876823,41.319156646728516,41.319156646728516,11634000
2014-04-11,41.19858042153021,41.37539935014428,40.90120564099434,40.909244537353516,11243000
2014-04-14,41.182510892277904,41.367365660878484,40.812798289135934,41.1423225402832,6844900
2014-04-15,41.21467066299913,41.487934989205336,40.78066514038841,41.43167495727539,14535100
2014-04-16,41.56027643829802,42.074655707782824,41.56027643829802,42.066619873046875,9096000
2014-04-17,42.15502617129851,42.516700025690916,42.082691400420025,42.396141052246094,12903800
2014-04-21,42.468476541247114,42.55688604780934,42.251472224942226,42.516700744628906,9673300
2014-04-22,42.64528239603976,42.7899518956048,42.52472345775517,42.54079818725586,11155800
2014-04-23,42.55688000636356,42.78995902404076,42.52473054200637,42.7015495300293,8965000
2014-04-24,42.91050521113795,42.91050521113795,42.42827561861543,42.62116622924805,11864200
2014-04-25,42.4282864467077,42.55688124192836,42.09876209233341,42.203243255615234,6997500
2014-04-28,42.37204844830702,42.50867914792555,41.80140587346861,42.227378845214844,12105400
2014-04-29,42.355948999204976,42.388098462458665,42.04249939733538,42.339874267578125,9382800
2014-04-30,42.347901975901024,42.677426246177646,42.25949556782665,42.62116622924805,13299600
2014-05-01,42.580996616529184,42.725666160732445,42.3639923002243,42.516700744628906,10600400
2014-05-02,42.51669914293964,42.733700385127555,42.44436437356301,42.45240020751953,8701100
2014-05-05,42.331829769688056,42.59705820753769,42.114828586281654,42.54079818725586,5358600
2014-05-06,42.476511820715984,42.48455072081234,42.17913690193427,42.219322204589844,6032300
2014-05-07,42.27557985073737,42.59706838568533,42.09876391586369,42.58099365234375,7959000
2014-05-08,42.52472807676766,42.84621656981903,42.44435748647556,42.57295227050781,8034200
2014-05-09,42.500625180718124,42.6292199879511,42.31577033694209,42.605106353759766,5133400
2014-05-12,42.7497749898364,43.25611837394318,42.733700256029934,43.24004364013672,11275000
2014-05-13,43.304345909833756,43.457051293840664,43.24004696965682,43.312381744384766,8650500
2014-05-14,43.33648652945305,43.352561262351635,42.910516838436735,42.99089050292969,6946900
2014-05-15,42.806034592743416,42.88640826096378,42.33184068104008,42.61314392089844,13016200
2014-05-16,42.60510414292092,42.669403076171875,42.42024930873726,42.669403076171875,7490300
2014-05-19,42.57296649673882,42.87034145932052,42.4765180770292,42.838191986083984,4645800
2014-05-20,42.83819462517854,42.83819462517854,42.12288566428196,42.267555236816406,9782300
2014-05-21,42.38809194186012,42.70154149551148,42.38809194186012,42.68546676635742,7658900
2014-05-22,42.76585006713867,42.894444872681305,42.58903412573131,42.76585006713867,4482100
2014-05-23,42.83014289687944,43.06322190680385,42.76584397030378,43.03910827636719,3732400
2014-05-27,43.167692716019445,43.32843692798566,43.143582157303804,43.26414108276367,6702700
2014-05-28,43.35256664927237,43.47312562802136,43.28023187521141,43.29630661010742,10303800
2014-05-29,43.400783067286,43.47311782836914,43.207889349083736,43.47311782836914,4218400
2014-05-30,43.44097137451172,43.49723140748131,43.304340741854666,43.44097137451172,6156200
2014-06-02,43.46509418538368,43.69013436478217,43.29631098489231,43.62583541870117,7070700
2014-06-03,43.51330726700397,43.65797680293983,43.40882303195208,43.577606201171875,4007000
2014-06-04,43.48115912981924,43.60975393614628,43.449012727694,43.5695686340332,3792100
2014-06-05,43.65798078085454,44.07591469320036,43.593684906770214,44.01161575317383,5805600
2014-06-06,44.083946319640475,44.45365905761719,44.06787465211019,44.45365905761719,8384300
2014-06-09,44.437592209816565,44.86356199162355,44.3813321656512,44.678707122802734,11160300
2014-06-10,44.57421875,44.66262825864381,44.389363898263944,44.57421875,3846600
2014-06-11,44.429552435990644,44.429552435990644,44.1643269566982,44.24469757080078,5541500
2014-06-12,44.188430261738176,44.188430261738176,43.569566823893695,43.649940490722656,10181700
2014-06-13,43.68209147174659,43.91517053107697,43.61779559748365,43.802650451660156,6885600
2014-06-16,43.7945943273221,43.85889017179715,43.60170066201536,43.7544059753418,6861400
2014-06-17,43.730311391172414,43.955351527951294,43.60171658930707,43.87498092651367,9600600
2014-06-18,44.0196498305966,44.172355197515,43.69816129757253,44.1241340637207,12209900
2014-06-19,44.164321418965564,44.252730922958236,44.0035771449736,44.236656188964844,7149000
2014-06-20,44.325470243173584,44.446576234043036,44.27702599886684,44.42235565185547,4304700
2014-06-23,44.535378939498884,44.535378939498884,44.08324200267608,44.16398239135742,5192400
2014-06-24,44.09132150797324,44.26087171940666,43.671480689234905,43.71992492675781,7429900
2014-06-25,43.59074564764023,43.84910876804681,43.57459756762341,43.76029586791992,6506400
2014-06-26,43.80873796274456,43.84910970361367,43.429268854012406,43.72800064086914,6845400
2014-06-27,43.58266761515622,43.986360353066075,43.42118990400604,43.83295822143555,8214600
2014-06-30,43.816816623758164,43.84103720603752,43.6068946442317,43.64726638793945,7963600
2014-07-01,43.69570563302682,44.07517783170248,43.69570563302682,43.913700103759766,8026200
2014-07-02,43.792588964119524,43.97021167201505,43.76029280634538,43.84103012084961,10068000
2014-07-03,44.02672754816252,44.25279756823446,44.01865504884223,44.20435333251953,8550300
2014-07-07,44.19628797338606,44.19628797338606,43.83296384665446,43.88948059082031,9334300
2014-07-08,43.824887305407216,43.83296288578621,43.46963876701908,43.59074783325195,8154200
2014-07-09,43.78451999149525,43.80874057351501,43.54230493150285,43.663414001464844,8600600
2014-07-10,43.17090888781316,43.58267418740554,43.12246464318339,43.40504837036133,10553800
2014-07-11,43.46157126968987,43.671490184736165,43.30816602414465,43.65534210205078,10186800
2014-07-14,43.90562438964844,44.050954026166295,43.81681149178405,43.90562438964844,9399900
2014-07-15,43.97021256065586,44.13169027285891,43.752218111171416,43.92984390258789,6921300
2014-07-16,44.05902662669588,44.18013568404797,43.92984506948825,44.115543365478516,5963700
2014-07-17,43.95406276282973,44.00250699857582,43.41311599002149,43.429264068603516,14896000
2014-07-18,43.5826729355669,43.83296357240077,43.5342286923286,43.79259490966797,6424400
2014-07-21,43.73607541962597,43.82488832627471,43.46963977961133,43.76837158203125,9365700
2014-07-22,43.97021256065586,44.03480487750956,43.857179086093076,43.92984390258789,5319300
2014-07-23,43.93791079175969,44.018651177517,43.74414002580373,43.75221252441406,7924400
2014-07-24,43.79259179702249,43.800664297022664,43.48578443818331,43.542301177978516,10014600
2014-07-25,43.437336567929,43.614962352400276,43.36467175427539,43.429264068603516,7514800
2014-07-28,43.42119207238577,43.437340152300315,42.985206234418435,43.211273193359375,13004100
2014-07-29,43.18705944683966,43.25164869678631,42.67033004760742,42.67033004760742,13456500
2014-07-30,42.791430675847515,42.88831607160078,42.44425467113954,42.710693359375,14834700
2014-07-31,42.379668463045014,42.686472751514444,41.82257046779986,41.84679412841797,17185600
2014-08-01,41.74183775301547,42.056717656424475,41.507695180761466,41.806427001953125,15724600
2014-08-04,41.89523115830394,42.008264630270276,41.588423820158816,41.95174789428711,9212400
2014-08-05,41.73375487084564,42.14552319552213,41.58035273651529,41.70146179199219,13501500
2014-08-06,41.531911477573125,41.67724112259794,41.33814067082766,41.49154281616211,31000700
2014-08-07,41.71761207395332,41.87101730763986,41.45117643007038,41.53191375732422,14560100
2014-08-08,41.636892304174786,42.15361880832879,41.49156258988986,42.12132263183594,11882700
2014-08-11,42.307018752706774,42.533085799681906,42.1455409706106,42.290870666503906,7057100
2014-08-12,42.25049337140541,42.46041228935195,42.121308708137526,42.193973541259766,11550900
2014-08-13,42.35544894219844,42.629960176559834,42.35544894219844,42.60573959350586,7600500
2014-08-14,42.61380943058955,42.80758332270296,42.60573693005344,42.79143524169922,7470600
2014-08-15,42.96906400965727,43.01750517607038,42.39581787433763,42.7026252746582,11193000
2014-08-18,42.9852012104257,43.3485221862793,42.9690531323985,43.3485221862793,7944300
2014-08-19,43.43734312991601,43.51808353502345,43.38082638630657,43.4534912109375,6246500
2014-08-20,43.49385924308129,43.98636492733741,43.44541808065051,43.913700103759766,26415100
2014-08-21,43.96214588476838,44.00251454818407,43.752223907116274,43.87333297729492,9971800
2014-08-22,43.824882821494015,43.90562321736553,43.614963952090434,43.71992492675781,5621900
2014-08-25,43.92177675318125,43.986365997971554,43.81681576547399,43.88948059082031,3997800
2014-08-26,43.95406713698922,43.97021521717825,43.7280001742055,43.74414825439453,2874100
2014-08-27,43.841030900668315,43.857178979842615,43.631112031264735,43.71992492675781,3757600
2014-08-28,43.6391940193654,43.6634176833594,43.43734760569587,43.65534210205078,4227200
2014-08-29,43.679564228676625,43.728008478443606,43.44542472129944,43.61497497558594,5453300
2014-09-02,43.711851627869436,43.889477428123215,43.56652198764932,43.76029586791992,7153200
2014-09-03,43.85717561903896,43.91369235185252,43.62303310885083,43.703773498535156,5289400
2014-09-04,43.784514163523845,44.04287727045033,43.6391845308863,43.71992492675781,6924900
2014-09-05,43.67955588119835,43.873329763302735,43.49385757914447,43.865257263183594,9279800
2014-09-08,43.79259705291098,43.97829537451535,43.78452147201027,43.82489013671875,5321100
2014-09-09,43.88140432568382,43.89755240661236,43.614968690191596,43.6876335144043,5796600
2014-09-10,43.66340818961334,43.77644166390228,43.48578239862719,43.71992492675781,5445100
2014-09-11,43.526149861943956,43.78451296177921,43.526149861943956,43.73606872558594,5783900
2014-09-12,43.6472645761789,43.71992939993232,43.46963876701908,43.59074783325195,9045800
2014-09-15,43.534239910750536,43.63920092484867,43.36468963562208,43.57461166381836,7027300
2014-09-16,43.52614376195277,43.87331970618833,43.364666077203324,43.816802978515625,7319400
2014-09-17,43.88947325162805,44.20435308216409,43.78451228147235,43.986358642578125,9715900
2014-09-18,44.09132807220623,44.260878308881956,44.06710748980445,44.1962890625,8057200
2014-09-19,44.45343839059588,44.477776319104,44.08840040757486,44.153297424316406,9271200
2014-09-22,44.072169362499025,44.09650419108879,43.60978595807789,43.6584587097168,10709000
2014-09-23,43.4962213870426,43.59356689499414,43.28531230873334,43.301536560058594,8630000
2014-09-24,43.32588414914036,43.57735547704997,43.14742042646512,43.528682708740234,8569800
2014-09-25,43.3745599391447,43.407005359151064,42.83917182828154,42.84728240966797,10761400
2014-09-26,42.96894111694127,43.350200138998595,42.85537446805359,43.244747161865234,5839000
2014-09-29,42.84726593740554,43.25286292893301,42.79048260614845,43.17985534667969,7661600
2014-09-30,43.23662930179842,43.431317177074476,43.041944520981176,43.114952087402344,12380000
2014-10-01,42.97705369056759,42.97705369056759,42.20641884444268,42.30376434326172,20308400
2014-10-02,42.28754112124461,42.44166685643187,41.87383047735667,42.25509262084961,13007000
2014-10-03,42.57146140695103,42.904050828315505,42.50656749506653,42.8310432434082,14246700
2014-10-06,43.07438893966081,43.14739650441788,42.57956332792815,42.70124053955078,12069800
2014-10-07,42.376781210454006,42.466009962244314,41.66292953491211,41.66292953491211,19321900
2014-10-08,41.679160147429535,42.4497952800805,41.379016056164595,42.40923309326172,23937700
2014-10-09,42.319993209787526,42.39300079997499,41.354673379050816,41.42768096923828,23240000
2014-10-10,41.427674170607155,41.50879232663226,40.811168139222225,40.819278717041016,20032100
2014-10-13,40.93284710974146,41.31410926704405,40.154101638810545,40.18655014038086,24625300
2014-10-14,40.502915466877546,41.24921243941355,40.41368363440923,40.746273040771484,22094900
2014-10-15,40.11354170921775,40.84361441232562,39.61060232337108,40.648929595947266,28271700
2014-10-16,39.97564779585187,41.297895162327286,39.870194781529804,40.94908142089844,43949200
2014-10-17,41.74405253919558,42.01985868932133,41.54936766525991,41.760276794433594,24733100
2014-10-20,41.671034393455756,41.89005714205728,41.54124347885406,41.8819465637207,17450100
2014-10-21,42.1658684964557,42.86349591012065,42.149644243293736,42.814823150634766,12829700
2014-10-22,42.985168407440476,42.985168407440476,42.21453354258552,42.25509262084961,16417700
2014-10-23,42.847273693483196,43.48000412457388,42.79049035194737,43.1879768371582,23317200
2014-10-24,43.439430602704824,43.593559416624565,43.06628216961524,43.56922149658203,8938000
2014-10-27,43.46377267000187,43.59356357626355,43.179852935113686,43.553001403808594,9692900
2014-10-28,43.81258583820146,44.36419799643845,43.81258583820146,44.323638916015625,10066800
2014-10-29,44.477772128649974,44.477772128649974,43.83692807377437,44.169517517089844,12580600
2014-10-30,43.9829494087083,44.510223768778985,43.79637511873311,44.347984313964844,10528600
2014-10-31,45.04560403140979,45.04560403140979,44.65623126371405,44.7860221862793,10174400
2014-11-03,44.85093224069678,44.89149133558475,44.53456696832575,44.729251861572266,11111400
2014-11-04,44.67243889795114,44.90768582460879,44.55075859948448,44.70488739013672,6232600
2014-11-05,45.09427574373548,45.09427574373548,44.72923781545372,44.980709075927734,8110600
2014-11-06,45.06183717742612,45.507993368398594,44.996943250565174,45.451210021972656,5731600
2014-11-07,45.46741764488044,45.54853889185705,45.305178245386394,45.516090393066406,8241600
2014-11-10,45.55666606213312,45.76757519217203,45.49988271579724,45.74324035644531,6131300
2014-11-11,45.80813130968774,45.8649146485018,45.56477060681616,45.68645095825195,9905400
2014-11-12,45.491760941359345,45.8243503571132,45.491760941359345,45.7513427734375,7108400
2014-11-13,45.751350079832825,45.929810683849134,45.48365453211832,45.621559143066406,6437000
2014-11-14,45.58910145120854,45.783786269908354,45.53231812121614,45.6783332824707,5554500
2014-11-17,45.54853612401464,45.72699666760036,45.475528553401716,45.61343002319336,4271100
2014-11-18,45.589105587910396,46.06771019445962,45.589105587910396,45.95414352416992,8658600
2014-11-19,45.92981272061409,45.94603697523686,45.645896000865974,45.816246032714844,5200400
2014-11-20,45.67832639053371,45.99469149403236,45.52419757998693,45.93790817260742,7383100
2014-11-21,46.473307003750655,46.51386608660517,46.27861907380545,46.38407516479492,7509600
2014-11-24,46.513878403200295,46.6680041966429,46.40031170335201,46.505767822265625,6706900
2014-11-25,46.61932285315277,46.74100010347953,46.47330767719288,46.64365768432617,8276900
2014-11-26,46.667998601515734,46.676112275938124,46.46520006339761,46.5544319152832,5373800
2014-11-28,46.67611130789379,46.684221887687855,46.10016421425367,46.16505813598633,5866000
2014-12-01,46.01903973051683,46.01903973051683,45.45931693001016,45.57288360595703,16636300
2014-12-02,45.751340687334924,46.01092250757704,45.56476335298022,45.962249755859375,6621000
2014-12-03,45.99470442776964,46.64365906544033,45.99470442776964,46.57876205444336,11434700
2014-12-04,46.53009156508304,46.54631581754442,46.140718789389176,46.3435173034668,6474500
2014-12-05,46.41652157183849,46.627430649829236,46.311065485613355,46.44896697998047,7454600
2014-12-08,46.37595049581997,46.44895806543189,45.791893033383595,45.93790817260742,8838300
2014-12-09,45.42686974721434,46.00281681741043,45.297078814572124,45.9460334777832,10282200
2014-12-10,45.81623951407012,45.905471354569556,45.02126971742198,45.069942474365234,12942200
2014-12-11,44.99694055771724,45.670230094100354,44.93204354027977,45.288970947265625,11749900
2014-12-12,44.91581400981298,45.11050194479595,44.44532306649875,44.46965789794922,13168800
2014-12-15,44.84280257213056,44.86714049595184,44.08839191731995,44.323638916015625,16225600
2014-12-16,44.25063011749677,45.24028774380799,44.21818161626637,44.36419677734375,15504600
2014-12-17,44.23441805453798,44.891486460424474,43.91805281652383,44.77791976928711,21899700
2014-12-18,45.62966949042345,45.93792412409645,45.24029668210704,45.90547561645508,14040400
2014-12-19,46.04904937816193,46.3427196289714,45.93484497214417,46.16325378417969,12359000
2014-12-22,46.33454582429217,46.62005986139941,46.26928751787397,46.60374450683594,6987900
2014-12-23,46.840313243457565,46.962676856888756,46.69348126391047,46.775054931640625,5552900
2014-12-24,46.881111141114346,46.95452869925892,46.78321898903058,46.82400894165039,1958200
2014-12-26,46.987156304783696,46.987156304783696,46.82400894165039,46.82400894165039,5733900
2014-12-29,46.76690684732265,46.93821344609963,46.424290537932215,46.89742660522461,3566200
2014-12-30,47.09320050993402,47.09320050993402,46.5548061673537,46.62006759643555,3602800
2014-12-31,46.80769292560615,46.80769292560615,46.13061955313305,46.155094146728516,5572900
2015-01-02,46.38350606775032,46.44876439411845,45.69827652578337,46.097991943359375,10982800
2015-01-05,45.71458697590075,45.89404968801753,44.92330923774717,45.02119827270508,15144700
2015-01-06,45.07013206718878,45.119078127251015,44.18096553632195,44.46647644042969,19209800
2015-01-07,44.882510605449994,44.996714968197615,44.58068434506907,44.800933837890625,11770300
2015-01-08,45.200665171798526,45.7227441864406,45.10277613451223,45.698272705078125,11419800
2015-01-09,45.75536621771945,45.804312282990054,45.13539828347085,45.20881271362305,10168200
2015-01-12,45.24145122366801,45.282238062507474,44.694900737179225,44.89883804321289,11229500
2015-01-13,45.27407016320627,45.62484248729146,44.384903615707714,44.8090934753418,17530900
2015-01-14,44.26255498346377,44.62964278531325,44.03414617868479,44.56438446044922,19597500
2015-01-15,44.743838875034605,44.906989324638886,44.31965206263388,44.35227966308594,15614500
2015-01-16,44.18098110377264,44.678588664983145,43.96072842363832,44.645957946777344,16371500
2015-01-20,44.947788338165616,45.061995862119566,44.48281145349635,44.96410369873047,11072100
2015-01-21,44.83357308701317,45.42906960039621,44.80094237377232,45.331180572509766,8943500
2015-01-22,45.55142640912984,46.155082066493776,45.34748914961759,46.05718994140625,10950900
2015-01-23,45.73090362010389,46.000099251769655,45.63301147055597,45.67380142211914,10148500
2015-01-26,45.58406471053668,45.81247348344959,45.35565282578763,45.730899810791016,6037000
2015-01-27,44.874359683477564,45.388282522855505,44.760155299579374,45.12724304199219,12118500
2015-01-28,45.47802667603043,45.52697275773675,44.67859267918162,44.735694885253906,14674000
2015-01-29,44.784630312025506,45.33118075778106,44.48280088106822,45.24960708618164,14215100
2015-01-30,44.751994613599074,45.061980132451694,44.47463980448584,44.51542663574219,14650000
2015-02-02,44.62964717203794,45.225143837198786,44.221772488078166,45.17620086669922,19465900
2015-02-03,45.47800862224628,45.94298532244168,45.40459108475039,45.91035461425781,18896200
2015-02-04,45.77168207796665,45.85325574248214,45.42090971924557,45.55958557128906,10600100
2015-02-05,45.70642176367219,46.008251175727146,45.584061263935986,45.951148986816406,9193900
2015-02-06,45.9919393178486,46.236663447768706,45.739055953557326,45.8451042175293,6192200
2015-02-09,45.592224234942954,45.93484053171285,45.58406811180298,45.72274398803711,7112100
2015-02-10,45.96746485007958,46.05719775738649,45.5922209757381,45.975624084472656,9000400
2015-02-11,45.88588366838008,46.163238467471274,45.7961507757571,45.9919319152832,7058100
2015-02-12,46.14692725002002,46.46506890741348,46.09798118279183,46.42428207397461,6249100
2015-02-13,46.497691964620536,46.72610068374713,46.38348760505724,46.63636779785156,5922400
2015-02-17,46.53033069916391,46.791370169444654,46.48138463154779,46.701637268066406,4174400
2015-02-18,46.74242436419821,46.995307713880365,46.66085069621607,46.962677001953125,5806400
2015-02-19,46.81584172934447,47.15845797958559,46.81584172934447,47.04425048828125,5458000
2015-02-20,46.954517713308555,47.492911976455204,46.67716290430357,47.443965911865234,8557400
2015-02-23,47.39502723836045,47.4031864729824,47.1584623355402,47.24003601074219,6238300
2015-02-24,47.23188761320848,47.47661179067778,47.125839328631635,47.42766571044922,4989300
2015-02-25,47.386871329788256,47.50107572032179,47.26450770459589,47.329769134521484,4574100
2015-02-26,47.288970176189444,47.37054383085219,47.011615393766455,47.11766052246094,6443100
2015-02-27,47.076889327442,47.18293760318623,46.89742660522461,46.89742660522461,7201500
2015-03-02,47.00346820856602,47.337925257344054,46.89742305269131,47.329769134521484,8560200
2015-03-03,47.22372072297869,47.22372072297869,46.8403176029242,47.0279426574707,7716000
2015-03-04,46.81584556560211,46.872947760015464,46.44875780734755,46.66085433959961,6262400
2015-03-05,46.693485260009766,46.74242822010209,46.522175564177964,46.693485260009766,4991000
2015-03-06,46.18770966302066,46.55479735250984,46.00008775768967,46.05718994140625,8247200
2015-03-09,46.05719476331638,46.57111758240584,46.05719476331638,46.48954391479492,6107000
2015-03-10,46.1632568272152,46.1632568272152,45.633018493652344,45.633018493652344,10087800
2015-03-11,45.73088427522547,45.81245792017207,45.55141852214084,45.584049224853516,9394700
2015-03-12,45.67379004845296,46.21218428955021,45.665630815437574,46.17139434814453,8721200
2015-03-13,46.089824587872585,46.130611420892905,45.478012757060114,45.74721145629883,11110500
2015-03-16,45.93483743856215,46.530333966444594,45.93483743856215,46.505859375,11142300
2015-03-17,46.26113130121248,46.44875322317309,46.15508615738859,46.318233489990234,8362100
2015-03-18,46.11430474625128,47.011630800797754,45.88589594887124,46.86479568481445,20049500
2015-03-19,46.76690642047723,46.783218667209155,46.375344038508686,46.546653747558594,10568600
2015-03-20,46.76054740182163,46.96542185974493,46.670402140153605,46.809715270996094,10878000
2015-03-23,46.89165379879128,46.89165379879128,46.416343688964844,46.416343688964844,7219200
2015-03-24,46.31800759082694,46.51468527635113,46.178691364623134,46.260643005371094,12607400
2015-03-25,46.383558539132025,46.383558539132025,45.47391891479492,45.47391891479492,9037300
2015-03-26,45.25267431248935,45.51491338619199,45.03140950790217,45.35101318359375,10124000
2015-03-27,45.27724171151425,45.58865167009682,45.236267457364356,45.52309036254883,4969400
2015-03-30,45.727975603785204,46.293431074010755,45.65422067837039,46.16231155395508,5838000
2015-03-31,45.80991614583787,46.62941372893955,45.67879665758701,45.7033805847168,6532200
2015-04-01,45.59685088183351,45.59685088183351,45.1297374495421,45.40017318725586,8788900
2015-04-02,45.285431264021994,45.69518002116569,45.27723766437849,45.424747467041016,6565700
2015-04-06,45.09695594485156,45.94104067381419,45.08876234362119,45.768943786621094,8204900
2015-04-07,45.793522585682325,46.00659056674512,45.66240310668945,45.66240310668945,5257200
2015-04-08,45.64602147158228,45.87547982197257,45.55587622646165,45.818115234375,6526800
2015-04-09,45.646024397486066,46.12133145749529,45.59685340804962,46.03938293457031,8191200
2015-04-10,46.40815350659522,46.76053775159069,46.32620186465703,46.68678283691406,9486400
2015-04-13,46.555657383803776,46.703167194297876,46.219663510152785,46.24424743652344,6388700
2015-04-14,46.06396160278401,46.33439732457983,45.809919335062936,46.30161666870117,5845700
2015-04-15,46.31800200211138,46.57204736857383,46.31800200211138,46.38356018066406,7345400
2015-04-16,46.11313116569376,46.440928335973524,46.11313116569376,46.28522491455078,7164600
2015-04-17,46.06396404854833,46.06396404854833,45.564069961330866,45.727970123291016,11304100
2015-04-20,45.891868437343916,46.36717857527571,45.891868437343916,46.260643005371094,6734900
2015-04-21,46.33439708459071,46.48190690914524,46.00659677977279,46.203277587890625,8007700
2015-04-22,46.236047992963556,46.44911909610375,45.9082508647912,46.39994812011719,13779300
2015-04-23,46.16230783165424,46.54746963230876,46.145917502201925,46.350791931152344,7345200
2015-04-24,46.31801011914109,46.36718110627392,46.03118405006975,46.154109954833984,5148300
2015-04-27,46.21967366484671,46.33440284796312,46.080357423822655,46.13772201538086,8308600
2015-04-28,46.01478353337699,46.23604509611645,45.71976394821142,46.21965789794922,8348800
2015-04-29,46.40814937879347,46.40814937879347,45.719771278418385,45.990203857421875,9978700
2015-04-30,45.77714147275188,45.98201589529292,45.432950817292415,45.58865737915039,12970700
2015-05-01,45.801730529200015,46.186895487048034,45.73617233224015,46.16231155395508,11017900
2015-05-04,46.17869269438642,46.49829941330368,46.17869269438642,46.23605728149414,6096300
2015-05-05,46.08034884717201,46.318003897186045,45.56406449310519,45.61323547363281,10026900
2015-05-06,45.82630933343494,45.87548032025361,45.334611969790686,45.58865737915039,8247700
2015-05-07,45.44933723464501,45.93284095527465,45.44933723464501,45.8263053894043,10668300
2015-05-08,46.31800507413114,46.49829554784509,46.186885582194265,46.3671760559082,7025100
2015-05-11,46.35078944850751,46.5228832093356,46.285228134209845,46.326202392578125,5169800
2015-05-12,46.186889514988685,46.43273819253734,45.973818368613784,46.277034759521484,7542400
2015-05-13,46.44912875658395,46.68678383407743,46.30981252538119,46.37537384033203,7704300
2015-05-14,46.58024453395453,46.89165450278729,46.53927027845595,46.84248352050781,8698400
2015-05-15,46.82610523566403,46.932640828267054,46.6622050453831,46.80152130126953,6266300
2015-05-18,46.924436314668526,46.94902337112018,46.69497796202376,46.891658782958984,6643800
2015-05-19,46.71957024523897,46.949031765044296,46.6949863105276,46.76054763793945,6186900
2015-05-20,46.793318184452495,46.81790524162664,46.51468883685246,46.588443756103516,7064400
2015-05-21,46.53107355167505,46.94082235893146,46.53107355167505,46.84248352050781,6276700
2015-05-22,46.817901503328365,46.867069361479345,46.613027091338125,46.629417419433594,5835300
2015-05-26,46.55565847340503,46.55565847340503,46.00659347124095,46.12132263183594,7889900
2015-05-27,46.27703059713416,46.47370827102869,46.12952077864562,46.416343688964844,5498900
2015-05-28,46.30163448648808,46.334415154981386,46.02300505656817,46.195098876953125,5775300
2015-05-29,46.15409881187374,46.1704891369609,45.64601123871107,45.73615646362305,11799000
2015-06-01,45.88367164290188,46.09673964174645,45.62142953689553,45.941036224365234,8712900
2015-06-02,45.78533266655492,46.22786214624592,45.67060349614661,46.03118133544922,6126800
2015-06-03,46.1459138344594,46.416346433589034,45.99840400724853,46.260643005371094,7917000
2015-06-04,46.022995061547384,46.162311309319705,45.67061076711472,45.74436569213867,10183400
2015-06-05,45.6542118623485,45.83450233991117,45.48211811165795,45.777137756347656,9071800
2015-06-08,45.70337434720598,45.77712924466461,45.43293868114609,45.44113540649414,6920500
2015-06-09,45.391967185946434,45.62962221729803,45.318212284014386,45.43294143676758,5631700
2015-06-10,45.59684856950983,46.006597392925464,45.54768071142663,45.88367462158203,7293500
2015-06-11,46.006599752410736,46.17049991540983,45.93284483536792,46.14591598510742,5256700
2015-06-12,45.9000645823747,46.03118408870331,45.75255787312368,45.87548065185547,7799300
2015-06-15,45.53129950449589,45.670612631820354,45.27725405767732,45.49032211303711,8872400
2015-06-16,45.43294998982369,45.60504687748683,45.34280787150129,45.53129196166992,7514400
2015-06-17,45.555866496834795,45.75254727383135,45.285430819231394,45.654205322265625,10321000
2015-06-18,45.5476764639351,46.27702880141841,45.5476764639351,46.113128662109375,9470300
2015-06-19,46.02088485974293,46.19383302549881,45.88911437988281,45.88911437988281,8899800
2015-06-22,46.14442691768158,46.28443484702236,46.070305811949794,46.16913604736328,4913300
2015-06-23,46.23502628617008,46.25973227769882,45.987956945911364,46.05384063720703,3837400
2015-06-24,45.955008351355595,46.029129459247166,45.61734622466216,45.62558364868164,5976600
2015-06-25,45.58440304058638,45.765588670042916,45.27145004272461,45.27145004272461,8323300
2015-06-26,45.40321302379794,45.493805823503656,45.25497083185335,45.353797912597656,6424800
2015-06-29,44.99142171851575,45.164369863953844,44.472574140545795,44.49728012084961,13132800
2015-06-30,44.94202067869572,44.94202067869572,44.44788206806835,44.522003173828125,12494900
2015-07-01,44.966722030136125,45.049080551186336,44.521998583090344,44.744361877441406,10981600
2015-07-02,44.86789798224525,44.90084139289425,44.579650993207885,44.66200637817383,10477800
2015-07-06,44.35729655035776,44.78555154942867,44.28317543240978,44.48906707763672,10782500
2015-07-07,44.423177824538506,44.87614193270179,44.019631981192866,44.85143280029297,16636000
2015-07-08,44.4067063732848,44.53848003580753,43.93727369634715,44.04433822631836,12608900
2015-07-09,44.4808262418852,44.686717871325186,44.15140151977539,44.15140151977539,8918200
2015-07-10,44.58788099031334,44.777300870857715,44.43963879829491,44.612586975097656,8348000
2015-07-13,44.90907409949053,45.1314374010868,44.90907409949053,45.10673141479492,6754600
2015-07-14,45.057329776056235,45.304399137836555,44.974974369348594,45.23027801513672,9130400
2015-07-15,45.238493613277775,45.24672789331255,44.95024668722247,45.040836334228516,7249200
2015-07-16,45.29615355052575,45.38674636029186,45.16438304768139,45.24673843383789,8273000
2015-07-17,45.32087084750956,45.419701105547595,45.114979189083066,45.23027801513672,5506000
2015-07-20,45.230261265129485,45.33732576752641,45.16437759249338,45.23849868774414,5163100
2015-07-21,44.90084001053793,45.057316493818426,44.70318269438573,44.75259780883789,7287400
2015-07-22,44.67847930720583,44.9008426226921,44.43964428594391,44.5549430847168,7549200
2015-07-23,44.39846851175656,44.63730354334374,44.03610039399644,44.14316177368164,11548000
2015-07-24,44.12670653123796,44.15964681250175,43.49255977745858,43.566680908203125,10889100
2015-07-27,43.27018747850322,43.484313400101996,43.204300646222315,43.352542877197266,11680700
2015-07-28,43.517249340777724,44.25846036832604,43.517249340777724,44.19257354736328,15470300
2015-07-29,44.11021687347672,44.76906935556337,44.085507745509666,44.73612594604492,13128800
2015-07-30,44.497285184474975,44.73612016010936,44.447873218244446,44.694942474365234,5884500
2015-07-31,44.876137581652294,44.88437186388553,44.60435914310511,44.65377426147461,7504200
2015-08-03,44.57141053713998,44.662003339432644,44.21727675089939,44.439640045166016,14268400
2015-08-04,44.414939880371094,44.686715181209536,44.307875359843585,44.414939880371094,8623700
2015-08-05,44.64553467284933,44.95025650886775,44.59612269853238,44.66200637817383,8099700
2015-08-06,44.67023910336994,44.73612277608191,44.34081131484136,44.43140411376953,5672500
2015-08-07,44.340817565078545,44.43141037677659,44.08551083589831,44.217281341552734,8335200
2015-08-10,44.58788569587356,45.10673342269439,44.54670800300194,45.082027435302734,9164600
2015-08-11,44.53847652931227,44.736130724221084,44.3572908992652,44.53023910522461,10203200
2015-08-12,44.15139780055031,44.62083042479686,43.846679094311966,44.538475036621094,8130500
2015-08-13,44.56318071068324,44.65377352203213,44.32434568833737,44.505531311035156,4747200
2015-08-14,44.45612129234014,44.81025515459927,44.43964958460053,44.78554916381836,6666200
2015-08-17,44.571419289159955,45.007911682128906,44.36552765866835,45.007911682128906,5611000
2015-08-18,44.76083083686502,44.999665837543745,44.76083083686502,44.92554473876953,3845000
2015-08-19,44.78554402717871,44.900842826474886,44.349051676284645,44.505531311035156,9147300
2015-08-20,44.126686691658435,44.23374805553144,43.57489560161316,43.5831298828125,18301100
2015-08-21,43.09724252258936,43.294896751098115,42.3807373046875,42.3807373046875,27372900
2015-08-24,39.45706852051285,42.051304096429625,39.201761789843815,40.87360382080078,66306700
2015-08-25,41.68893592961825,42.40544105656729,40.31358136350252,40.338287353515625,25681300
2015-08-26,41.13715143454972,41.64776183616409,40.4782987967155,41.59834671020508,26147400
2015-08-27,41.985417354478216,42.63603560568781,41.565399846201956,42.603092193603516,21356600
2015-08-28,42.44661585480292,42.677213456927674,42.21601511102146,42.619564056396484,7899900
2015-08-31,42.32307421988252,42.60308690452263,42.09247664723407,42.240718841552734,13446800
2015-09-01,41.35127173976615,41.82070437673166,40.91478251562619,41.12067413330078,14607000
2015-09-02,41.74658564925407,42.04307009827724,41.35127409777549,42.03483581542969,18173200
2015-09-03,42.13365708221435,42.47955660538531,41.94423718638646,42.05953598022461,10907300
2015-09-04,41.721873213357306,41.721873213357306,41.3265617229512,41.47480392456055,10212500
2015-09-08,42.10071630995908,42.64427004472222,42.01836092110216,42.619564056396484,8437800
2015-09-09,42.98194378417954,43.69021162976584,42.10072769024986,42.1666145324707,8866200
2015-09-10,42.04306486182304,42.4877914799672,41.99365288757806,42.191307067871094,9707000
2015-09-11,42.15013022875909,42.421905517578125,41.99365373772125,42.421905517578125,6120100
2015-09-14,42.50426334386646,42.50426334386646,42.11718612200149,42.20777893066406,8436900
2015-09-15,42.38075109255254,43.023135398338226,42.29015823265595,42.94077682495117,7747100
2015-09-16,42.965450180992846,43.336055625502766,42.8748605315846,43.253700256347656,19320900
2015-09-17,43.196074900755924,43.747863092713025,42.95723979901731,43.06430435180664,18977400
2015-09-18,42.402707995721116,42.61799397224805,42.03838201211616,42.1129035949707,20172500
2015-09-21,42.34472853244379,42.60141457376881,42.12116388199226,42.319889068603516,10205200
2015-09-22,41.723725463332265,41.85620789612565,41.433921128668715,41.7071647644043,12687100
2015-09-23,41.7154638580214,41.806546160288065,41.268334278875045,41.41737747192383,7970900
2015-09-24,40.92882778386219,41.26003542021468,40.60590207566508,41.16067123413086,13891600
2015-09-25,41.58297482950205,41.58297482950205,41.06960250814268,41.24348831176758,10210300
2015-09-28,41.01162301900234,41.061305105872535,40.43201446533203,40.43201446533203,14443700
2015-09-29,40.647312675697634,40.84603794025272,40.415469165909144,40.69699478149414,15337800
2015-09-30,41.028208664941054,41.359416461565594,40.79636510248286,41.30973434448242,17662400
2015-10-01,41.25175695722552,41.50844305489195,40.82947018610243,41.21863555908203,10529700
2015-10-02,40.67216121653164,41.74030303955078,40.56452136792225,41.74030303955078,12274600
2015-10-05,42.35303587572258,43.02372707093226,41.98870667473798,42.92436599731445,10410500
2015-10-06,42.84985130120286,43.147937728679324,42.82501181845719,42.882972717285156,11798600
2015-10-07,43.10651650756665,43.644725042484346,43.02371300775817,43.44600296020508,15540400
2015-10-08,43.22244838955551,44.18294710227313,43.205887685708326,44.05046463012695,21823100
2015-10-09,44.51414104476404,44.51414104476404,44.05873285321989,44.19949722290039,33291000
2015-10-12,44.16637494639925,44.24917528553434,43.98421040994549,44.2077751159668,9030800
2015-10-13,43.884856301754255,44.141542447418836,43.719252438700686,43.73581314086914,10302500
2015-10-14,43.595055101424876,43.81861670048569,43.197604537551605,43.26384735107422,11827900
2015-10-15,43.57849120821528,43.76065261480634,43.22244400817095,43.73581314086914,13924800
2015-10-16,43.884849205486745,43.884849205486745,43.32179805732969,43.51224136352539,13954700
2015-10-19,43.34664476068981,43.61989160993616,43.28040511030436,43.57020950317383,8112300
2015-10-20,43.42116516784627,44.00077709654932,43.338364817444784,43.860015869140625,11314700
2015-10-21,43.909697754876014,44.36510918845828,43.810336696017664,43.8682975769043,16097800
2015-10-22,44.04218049221824,45.26764408782815,43.97594083877964,45.0937614440918,20908800
2015-10-23,45.358726140747194,45.424968952474664,44.96956067705722,45.25936508178711,13400900
2015-10-26,45.159996032714844,45.39183951547892,45.06063183270405,45.159996032714844,11294900
2015-10-27,44.78738496672092,44.87846723088235,44.57210219940054,44.66318130493164,14483600
2015-10-28,44.828790382901914,45.044076334057856,44.47274321329307,45.01923370361328,13933200
2015-10-29,44.75426318751317,45.060628216382874,44.73770248884044,44.994388580322266,13466100
2015-10-30,45.01094963537051,45.17655346477866,44.919867371264516,44.93642807006836,14763600
2015-11-02,44.944715633672054,45.54916704443805,44.944715633672054,45.45808792114258,15329000
2015-11-03,45.41668173290569,45.61540698631536,45.31732068551623,45.49120330810547,7486400
2015-11-04,45.46636926849019,45.623691208873765,45.27592592214235,45.367008209228516,9670900
2015-11-05,45.35043190223043,45.54087518305123,45.10202776023071,45.42495346069336,11531100
2015-11-06,45.159988621409646,45.43323223002033,44.952984643304866,45.42495346069336,15269300
2015-11-09,45.20140171440571,45.284202065879256,44.64662925191395,45.07719802856445,13570600
2015-11-10,44.89503369885557,45.217959470648324,44.69630844618194,45.06891632080078,18957300
2015-11-11,45.17655129568628,45.36699458484115,45.035786941927356,45.126869201660156,12916000
2015-11-12,44.81223888435693,45.11032524185839,44.50587375409436,44.51415252685547,19057100
2015-11-13,44.34025389667667,44.67974031293921,44.24089286618354,44.31541442871094,13959100
2015-11-16,44.08357959418906,44.91987448512845,44.08357959418906,44.88675308227539,13303900
2015-11-17,44.94471653310886,45.110320398231785,44.66319090998919,44.79567337036133,15564400
2015-11-18,44.83706690434423,45.43323626638222,44.83706690434423,45.41667556762695,10434800
2015-11-19,45.30903339261804,45.65679857238894,45.30903339261804,45.61539840698242,12257400
2015-11-20,45.79756532505623,46.004569321566585,45.6733616636979,45.84724426269531,9014100
2015-11-23,45.88864202556953,45.94660604749484,45.49947668039212,45.61539840698242,9956000
2015-11-24,45.317317401198935,45.64852508000093,45.159995491014776,45.5408821105957,15131400
2015-11-25,45.66508577980408,45.673364550390396,45.45808177021046,45.5408821105957,6406800
2015-11-27,45.50775838069051,45.68164098177389,45.4249580445452,45.623680114746094,4454500
2015-11-30,45.62368663299586,45.656808035638186,45.30076085381028,45.32560348510742,11017800
2015-12-01,45.34215687158841,45.68992525019355,45.28419600159263,45.5408821105957,11475900
2015-12-02,45.46636662947818,45.59057031531944,44.98611890539593,45.07719802856445,13131600
2015-12-03,45.19312876262621,45.21796823954089,44.34855180258252,44.51415252685547,16001400
2015-12-04,44.580383082507595,45.18483440402911,44.48102204354486,45.17655563354492,13891900
2015-12-07,45.035799469435986,45.184842634343184,44.79567401945983,44.952999114990234,9665500
2015-12-08,44.36508672200015,44.5803694336127,44.14980085175808,44.232601165771484,15508600
2015-12-09,44.067006124504516,44.63005717534119,43.810320064713416,44.10012435913086,16784000
2015-12-10,44.058728564162315,44.59694020272156,44.058728564162315,44.307132720947266,13231600
2015-12-11,43.94281829374238,44.05874005322858,43.49568879975471,43.56193161010742,24625500
2015-12-14,43.578488503592496,43.78549252990437,43.164480450968746,43.7192497253418,27426200
2015-12-15,43.802056829742796,44.00906087306175,43.61989226086019,43.727535247802734,17052100
2015-12-16,43.9759409556501,44.60523187882933,43.85173726200483,44.5058708190918,19045700
2015-12-17,44.66318421156903,44.721145081874646,43.76892852783203,43.76892852783203,15902700
2015-12-18,43.676460414343126,43.676460414343126,43.06833918749991,43.101661682128906,19378200
2015-12-21,43.48488214289851,43.61816900891206,43.17665686108146,43.434898376464844,9394700
2015-12-22,43.60981789736222,44.13463609519332,43.50985358561616,44.034671783447266,11833500
2015-12-23,44.23460911083054,44.584489037498656,44.11798352787743,44.55116653442383,9604800
2015-12-24,44.392876661992716,44.65111804213428,44.392876661992716,44.53449249267578,2040500
2015-12-28,44.35956575385934,44.52617508708816,44.14297584512798,44.434539794921875,4687600
2015-12-29,44.64279275902966,44.94268887015652,44.59280901457247,44.85938262939453,5054700
2015-12-30,44.776080045062,44.859383108906286,44.42620336354619,44.48451614379883,10957700
2015-12-31,44.27626239345624,44.52617480279949,44.08465959589077,44.15963363647461,6785400
2016-01-04,43.409887739286106,43.5848260731095,43.076669141501306,43.56816482543945,16404600
2016-01-05,43.67646634375469,43.75976941382821,43.29326713692301,43.68479537963867,8726300
2016-01-06,43.08500286735554,43.36823773207721,42.74345522264483,43.01002883911133,9980000
2016-01-07,42.31860740926503,42.568519813338106,41.72714731147007,41.843772888183594,17225600
2016-01-08,42.24363368161692,42.24363368161692,41.36060963552985,41.418922424316406,17198600
2016-01-11,41.69382874848001,41.72715125291962,41.05238483815768,41.44391632080078,18962400
2016-01-12,41.72714256600225,41.852100342732136,41.24397588564218,41.77712631225586,19297300
2016-01-13,41.96871487922606,42.05201792328657,40.65250517397942,40.76913070678711,18966900
2016-01-14,40.90242046075718,41.54386411568978,40.48589885452622,41.25230026245117,19261200
2016-01-15,40.10271106453414,40.68584211349611,40.00274674059477,40.527565002441406,20434600
2016-01-19,40.969077938214035,41.04405197731416,40.144363508112654,40.51923370361328,14845000
2016-01-20,39.94443470919214,40.344295190323145,39.003094705678876,39.994415283203125,26092600
2016-01-21,39.99440056293993,40.552541130500565,39.70283672915953,40.169342041015625,18593800
2016-01-22,40.68584303248119,40.81080082358427,40.16935697301845,40.51923370361328,12781600
2016-01-25,40.45259216670412,40.52756620633793,39.95276417654249,40.0194091796875,14534000
2016-01-26,40.11103939167693,40.794134698383814,40.102707178434414,40.77747344970703,12038300
2016-01-27,40.56088561229042,41.05238138915052,40.10271233707036,40.319305419921875,16437200
2016-01-28,40.51922114912606,40.66084014701753,40.136022035926445,40.55254364013672,12553000
2016-01-29,40.819126429013856,41.660498861253764,40.71916211121894,41.64384078979492,14570300
2016-02-01,41.31062928827441,41.752141347709816,41.04405560961806,41.543880462646484,15940600
2016-02-02,41.135684608522254,41.16900392989553,40.57754386955816,40.71083068847656,15284800
2016-02-03,41.035712220164605,41.43557580707077,40.277642932077086,41.36893081665039,25732900
2016-02-04,41.310619474015326,42.41023643168646,41.27729697764755,42.085350036621094,18452300
2016-02-05,41.8604394860496,42.10202288456365,41.48556924315003,41.68550109863281,15512300
2016-02-08,41.22732369980066,41.45224264552786,40.79414070385836,41.33561706542969,20001200
2016-02-09,40.85244585227502,41.86875655860271,40.85244585227502,41.58552169799805,15370000
2016-02-10,41.68548816553108,42.077016361922624,41.3522695690453,41.36893081665039,15079400
2016-02-11,40.66917145189309,41.119015572233984,40.077711503560344,40.560874938964844,19179900
2016-02-12,40.802455818379656,41.3855866977101,40.7191527689643,41.377254486083984,19249100
2016-02-16,41.902086689765476,42.26029564279515,41.543877736735794,42.21031188964844,15037900
2016-02-17,42.48521435966211,43.01836163925558,42.36025657571619,42.860084533691406,15619900
2016-02-18,42.885066747544634,42.99336326139367,42.67680593203919,42.8350830078125,9587800
2016-02-19,42.46855798568707,42.80177666259345,42.39358394227358,42.751792907714844,12613600
2016-02-22,43.1516417930243,43.68478899025639,43.1516417930243,43.47652816772461,12143800
2016-02-23,43.293258104025966,43.45153517526539,42.951710503493054,43.04334259033203,9727900
2016-02-24,42.53520061984072,43.17664447153398,42.26862696430698,43.0683479309082,17347300
2016-02-25,43.193303818788074,43.65148028195023,43.06001698708874,43.63481903076172,9312700
2016-02-26,43.743107248341026,44.02634212959231,43.68479446494885,43.6931266784668,8312300
2016-02-29,43.69312252472972,43.918044601206354,43.40155545767866,43.418216705322266,13823000
2016-03-01,43.593150880294786,44.33455879771799,43.593150880294786,44.267913818359375,13424800
2016-03-02,44.151313789477776,44.35124566525115,44.076339733288926,44.30126190185547,8877600
2016-03-03,44.27625402985226,44.65945319698105,44.2012800034307,44.617801666259766,9809000
2016-03-04,44.59280652871183,45.06764095225663,44.49284222317819,44.80106735229492,10006900
2016-03-07,44.567811196101395,44.95101030539405,44.50116621475957,44.934349060058594,11754000
2016-03-08,44.567835617680394,44.60115812661085,44.234616883994555,44.30126190185547,12241100
2016-03-09,44.41787699217444,44.56782506906139,44.292919202165784,44.442867279052734,11060100
2016-03-10,44.54283001269374,44.74275864192962,44.0013505510474,44.376220703125,12693300
2016-03-11,44.78440396148471,45.12595156870063,44.7510846464403,45.01765823364258,11059900
2016-03-14,44.85105009414541,45.175936463243374,44.85105009414541,45.05931091308594,6946700
2016-03-15,44.73442474224609,45.03432083129883,44.59280573227878,45.03432083129883,6948700
2016-03-16,44.93435188333294,45.459170022048056,44.8260585485597,45.192596435546875,11447900
2016-03-17,45.47583624319995,46.33386987000111,45.20093041453075,46.183921813964844,17009400
2016-03-18,46.30365122572649,46.68044469165651,46.25341422634407,46.5799674987793,17059800
2016-03-21,46.52137517168307,46.856300354003906,46.46276318492408,46.856300354003906,7150400
2016-03-22,46.3957543369534,46.73068255532897,46.38738256884451,46.58833694458008,7570500
2016-03-23,46.48786478764038,46.546476753082274,46.24504196274536,46.28690719604492,10833200
2016-03-24,46.018968173042666,46.15293884277344,45.8347604984833,46.15293884277344,10403600
2016-03-28,46.16130596636299,46.286901651216226,45.96034839884075,46.169677734375,6591700
2016-03-29,46.07757491716561,46.47948688078936,45.81800857068014,46.47111511230469,9271800
2016-03-30,46.8814080387018,46.91489831103914,46.55485153198242,46.55485153198242,8197600
2016-03-31,46.646953541221855,46.71394046920155,46.38738718058184,46.44599914550781,12949100
2016-04-01,46.17805765412066,46.663700103759766,45.8431294036635,46.663700103759766,16184500
2016-04-04,46.50461021565469,46.56322217945293,46.05245804282901,46.13618850708008,12014900
2016-04-05,45.82638677644622,46.06083465629846,45.684044333425305,45.851505279541016,11244900
2016-04-06,45.83475226955649,46.077571868896484,45.42446537047831,46.077571868896484,10962400
2016-04-07,45.69241247189695,45.93523529622546,45.49145807488288,45.6338005065918,13364500
2016-04-08,45.91849496854501,46.32040701274187,45.77614932287006,45.80964279174805,9188900
2016-04-11,46.035714868964746,46.33714967414452,45.80963876507992,45.826385498046875,7710100
2016-04-12,45.84313900528355,46.32878475075129,45.7677802928528,46.09433364868164,10724300
2016-04-13,46.52136696856756,46.90653229767148,46.46275499214363,46.78093338012695,13215500
2016-04-14,47.00701226684838,47.05725247562969,46.79768285476294,46.86466979980469,13195200
2016-04-15,46.94838735664812,46.973505857064055,46.80604492880783,46.931640625,10781600
2016-04-18,46.72231233526924,47.13259928471648,46.64695363819168,46.973506927490234,8619000
2016-04-19,47.224710685485334,47.4926520436178,47.124230280600955,47.308441162109375,9318800
2016-04-20,47.325191079273296,47.48428027320424,47.10748671482763,47.23308563232422,13632600
2016-04-21,47.3000593837907,47.3921616109439,47.065608349447984,47.115848541259766,11941800
2016-04-22,47.149355150068594,47.30844434399954,47.00700949729825,47.23308563232422,14749400
2016-04-25,47.19122231498187,47.20796905093832,46.78093526933209,47.00701141357422,10224100
2016-04-26,47.11586399129681,47.4256706237793,47.090745484210295,47.4256706237793,10139900
2016-04-27,47.484269506716274,47.87780971113612,47.291686885903616,47.76058578491211,9258100
2016-04-28,47.43403475095414,47.84431851215262,47.19121192422132,47.30006408691406,19554900
2016-04-29,47.03212207470081,47.22470790901676,46.7390622296335,47.02375030517578,16369900
2016-05-02,47.11585364726536,47.30006450975946,46.906524283199374,47.266571044921875,10145100
2016-05-03,46.95676357408265,46.95676357408265,46.55484839201475,46.881404876708984,11171400
2016-05-04,46.63020700704606,46.663700471178,46.10269932047447,46.303653717041016,22102700
2016-05-05,46.42925132585795,46.5464752529638,46.178056740043644,46.278533935546875,12841100
2016-05-06,46.08594781112894,46.621830405240075,46.00221415947894,46.58833694458008,9934400
2016-05-09,46.48786522441505,46.57997065500699,46.27853586183796,46.37901306152344,7765100
2016-05-10,46.51297986728914,47.18283313314515,46.51297986728914,47.174461364746094,14983100
2016-05-11,47.14098020336723,47.291697626775395,46.78093338012695,46.78093338012695,12802000
2016-05-12,46.789306431964626,46.99863582323884,46.39576615425293,46.68045425415039,13992400
2016-05-13,46.60509790025524,46.78930879599999,45.96873792403919,46.09433364868164,13018000
2016-05-16,46.09432399445011,46.806045728143445,46.09432399445011,46.663700103759766,9210800
2016-05-17,46.51299986824449,46.92328696669615,46.27855192290851,46.43764114379883,11830000
2016-05-18,46.3120273987521,46.688817680417344,46.01896438687503,46.278533935546875,13605200
2016-05-19,45.910130411415196,46.07759139388927,45.54170858409983,45.843143463134766,15143100
2016-05-20,46.02733487308718,46.32039466234863,46.0189599110442,46.077571868896484,9397900
2016-05-23,46.01896921098865,46.17806158083473,45.83476153227453,45.99385070800781,7617200
2016-05-24,46.18642707214049,46.60508576684594,46.169680341058786,46.47111511230469,7274500
2016-05-25,46.55485175377282,46.914898534544825,46.55485175377282,46.789302825927734,11092500
2016-05-26,46.81441982808578,46.981883961652905,46.655330657958984,46.655330657958984,6108400
2016-05-27,46.75580280676915,46.84790822998132,46.70556261389551,46.83116149902344,6250000
2016-05-31,46.88978280510144,47.02375348535149,46.646959948987906,46.82279586791992,11290300
2016-06-01,46.57998167160395,46.889788307138666,46.39577076685249,46.86466979980469,11013000
2016-06-02,46.764182619486,46.94839349759798,46.655333640704264,46.923274993896484,6113500
2016-06-03,46.822789717318315,46.99862880726523,46.512983158832164,46.881404876708984,11948800
2016-06-06,46.9902556021919,47.36704910315707,46.95676533086041,47.3251838684082,8888100
2016-06-07,47.41728742479607,47.69360051849373,47.333553764499406,47.5512580871582,8372700
2016-06-08,47.70196665446446,47.91129597530151,47.60986124223824,47.852684020996094,9201800
2016-06-09,47.593131384061714,47.86944452457573,47.5428911793714,47.84432601928711,9984700
2016-06-10,47.45915729324339,47.568009465204426,47.1577224749592,47.283321380615234,13734300
2016-06-13,47.26657761526054,47.32518958981742,46.772560119628906,46.772560119628906,18783300
2016-06-14,46.713949633119526,46.923279032951626,46.50462023328742,46.78093338012695,12839000
2016-06-15,46.914903853434154,47.166101687372986,46.755814660170955,46.79767990112305,10429600
2016-06-16,46.579970087214335,46.99862880726523,46.228295101433055,46.881404876708984,15040400
2016-06-17,46.786280654140214,47.08095632318247,46.69366738337724,46.920989990234375,15947800
2016-06-20,47.274590504412025,47.78816749354656,47.274590504412025,47.350364685058594,11778700
2016-06-21,47.38403394311215,47.47664717636934,47.23248559991358,47.316680908203125,8451400
2016-06-22,47.2998503741901,47.4934948005841,47.14830200366902,47.18198013305664,10509100
2016-06-23,47.653454798144935,47.762907098324284,47.46823153444463,47.72922897338867,8840600
2016-06-24,46.07063194064615,46.71050040127802,45.658082845702026,45.78437423706055,34954000
2016-06-27,45.32973588560306,45.56547642568194,44.437284508309574,44.706703186035156,39536900
2016-06-28,45.270798741498396,45.46444320678711,44.95086287150129,45.46444320678711,18523900
2016-06-29,45.94433230012958,46.340042257729216,45.818040931446276,46.27268600463867,14316300
2016-06-30,46.19691127992732,47.173554456140074,46.188493354251925,47.156715393066406,19397800
2016-07-01,47.173560191488015,47.53559206228047,47.13988527296937,47.30826950073242,23322700
2016-07-05,47.04727462532235,47.37562838405139,46.659982529545346,46.87888717651367,14808600
2016-07-06,46.744174234170536,47.148302152931734,46.382142371415526,47.1146240234375,12776400
2016-07-07,47.19039238840553,47.468232104879,47.038844036096876,47.240909576416016,8697900
2016-07-08,47.65346433414312,48.268078996179646,47.266175455051034,48.18388366699219,16226400
2016-07-11,48.28491865866569,48.596436583644504,48.2175656017268,48.48698425292969,15259700
2016-07-12,48.73956780967037,49.008986482833244,48.64695453857239,48.93321228027344,13635100
2016-07-13,49.0594884898171,49.09316661645995,48.747973847678004,49.05106735229492,13119800
2016-07-14,49.37100304328075,49.56464745354497,49.21945468538302,49.4215202331543,11795400
2016-07-15,49.58149245233323,49.606749444432104,49.29523476556049,49.41310501098633,6238000
2016-07-18,49.34575664686039,49.46362690347801,49.211047323336885,49.37101364135742,5983600
2016-07-19,49.211036037820826,49.46361556003815,49.1268407225998,49.39625930786133,7393900
2016-07-20,49.37941962965814,49.66567725577904,49.33732036944886,49.488868713378906,5491600
2016-07-21,49.295241221131576,49.41311148199338,48.891113236009495,48.983726501464844,7583300
2016-07-22,48.76482937154243,49.08476528026936,48.57960602373146,49.07634735107422,8747800
2016-07-25,48.95846094834455,48.96687887476738,48.663782135974806,48.815330505371094,11063200
2016-07-26,48.88268029267085,49.295226078964205,48.815324043312,49.219451904296875,9376000
2016-07-27,49.21945848159617,49.371006851182564,48.84058755763018,49.025814056396484,10760700
2016-07-28,48.83217822035228,49.11843594528536,48.680629824109836,49.00898361206055,6505600
2016-07-29,48.85742740296863,49.034235978126965,48.68904317782465,48.865848541259766,10712400
2016-08-01,48.77323334013444,48.98371682487117,48.62168497418614,48.80691146850586,7949600
2016-08-02,48.6974648606198,48.79849604584377,48.217562716151626,48.352272033691406,13473800
2016-08-03,48.352272191778006,48.60485176152546,48.32701519832031,48.5880126953125,6087900
2016-08-04,48.62168983491209,48.798495208952694,48.52907657849365,48.60485076904297,8028700
2016-08-05,48.88269427354774,49.14369178515399,48.81533800492441,49.093177795410156,7380100
2016-08-08,49.18577945149822,49.36258802059259,49.059491286971515,49.1605224609375,6052600
2016-08-09,49.126849135976265,49.28681865643087,49.059496083987554,49.1436882019043,4579800
2016-08-10,49.160534786099376,49.27840505389843,48.98372938440079,49.118438720703125,5293300
2016-08-11,49.25313562651724,49.52255423112615,49.236296562263796,49.43836212158203,8172100
2016-08-12,49.354160061786835,49.40467724764985,49.2194507778748,49.303646087646484,4357400
2016-08-15,49.446773498949646,49.69093508070236,49.4130953749032,49.63199996948242,8643500
2016-08-16,49.564653387026205,49.58991359084839,49.37100895358043,49.41310501098633,4725200
2016-08-17,49.31207842965006,49.606754070695736,49.29523936277265,49.55624008178711,8260500
2016-08-18,49.48046018629045,49.70778274536133,49.44678205641552,49.70778274536133,9830200
2016-08-19,49.42153743274697,49.758309180604556,49.396277223157725,49.690956115722656,8334300
2016-08-22,49.640420720557806,49.75829094970779,49.480454439814665,49.648841857910156,6624700
2016-08-23,49.80040845934529,49.96037479869834,49.690956115722656,49.690956115722656,8326900
2016-08-24,49.62358266886693,49.682517784642975,49.455198459062764,49.539390563964844,8569700
2016-08-25,49.530982971191406,49.65727115489045,49.37943458137367,49.530982971191406,8623200
2016-08-26,49.62358455777092,49.88458523165897,49.23629572172263,49.38784408569336,15676900
2016-08-29,49.396262892946716,49.749876819093885,49.396262892946716,49.741458892822266,7628200
2016-08-30,49.70779252718276,49.741470663685085,49.48046992337787,49.60675811767578,5953800
2016-08-31,49.48046302373842,49.522559082634444,49.14368812912336,49.328914642333984,9592200
2016-09-01,49.41310970276034,49.51414410419568,48.99214266528393,49.37101364135742,9397600
2016-09-02,49.598334273601054,49.7835607905472,49.45520702812339,49.61517333984375,11405400
2016-09-06,49.53938306805937,49.66567441802603,49.236286397517354,49.47202682495117,11028400
2016-09-07,49.3036603864648,49.59833602681951,49.3036603864648,49.530982971191406,6686800
2016-09-08,49.44677266489225,49.514128911849,49.33732036944886,49.488868713378906,8202800
2016-09-09,49.04265679110625,49.143687974483484,48.091270446777344,48.091270446777344,19609100
2016-09-12,47.83027031757382,48.85742758399546,47.74607499296665,48.70587921142578,18644900
2016-09-13,48.33543868686543,48.50382615664561,47.889214621913226,47.9902458190918,21760600
2016-09-14,47.981821136931345,48.30175375158356,47.805012552101715,47.948143005371094,13591700
2016-09-15,47.8555382619496,48.41963261316924,47.779764058322066,48.327022552490234,14893500
2016-09-16,48.10859824888703,48.29483380194573,47.829240075385584,47.922359466552734,15706400
2016-09-19,48.14245898781051,48.455679356849686,48.03241172987582,48.133995056152344,8810900
2016-09-20,48.38796058970266,48.53187327876193,48.16786281907072,48.176326751708984,8007500
2016-09-21,48.37102248782565,48.870478402307505,48.23557698030221,48.802757263183594,14979800
2016-09-22,49.12445067881362,49.31915344301167,49.05672952265956,49.14984893798828,9377200
2016-09-23,49.09058733642733,49.09058733642733,48.81969304814589,48.862022399902344,11269400
2016-09-26,48.67578947040028,48.83663004698032,48.54034392452328,48.650394439697266,9560400
2016-09-27,48.5742016941238,49.05672660919157,48.49801337967751,48.9890022277832,6882700
2016-09-28,49.03133006579477,49.39534055540094,48.93821388201704,49.36994552612305,7366600
2016-09-29,49.259896246103565,49.539254492235514,48.88742181387073,48.98054122924805,11584200
2016-09-30,49.20064100257091,49.60697764388169,49.14985094070492,49.42074203491211,11206800
2016-10-03,49.26837093642133,49.5223309621668,49.166787571978524,49.46307373046875,12590000
2016-10-04,49.59850903481707,49.62390406335632,48.96360748712575,49.04825973510742,11208500
2016-10-05,49.18371722616124,49.463075525110916,49.073669922887476,49.36149215698242,8430900
2016-10-06,49.319162793424915,49.420749390830466,49.1244599923132,49.36149215698242,7474300
2016-10-07,49.03132778376915,49.04825887892519,48.514943913252885,48.72657775878906,12646100
2016-10-10,48.96361693891758,49.09906249940003,48.71812085139413,48.77737808227539,8706400
2016-10-11,48.67578391794026,48.71811004070932,48.05781348353867,48.269447326660156,13409100
2016-10-12,48.32024177782067,48.49801343530718,48.13400295801028,48.36256790161133,8374300
2016-10-13,47.94775802841132,48.46414506897448,47.8377075371579,48.34563064575195,12266000
2016-10-14,48.66731319376505,48.8112226369531,48.430281126638086,48.44721221923828,7633400
2016-10-17,48.44722221222833,48.574203818283834,48.29484557667229,48.32024383544922,5911200
2016-10-18,48.633463089794425,48.76044147192548,48.37103593321447,48.42182922363281,6044200
2016-10-19,48.54880141990237,48.71810913711457,48.396424797339,48.57419967651367,7374100
2016-10-20,48.37950340988027,48.52341288975035,48.218659603817784,48.3117790222168,8215300
2016-10-21,47.92236474803807,48.277908030650664,47.74459310673178,48.244049072265625,9850700
2016-10-24,48.489546276294575,48.692716191490355,48.32870571416859,48.3371696472168,9737600
2016-10-25,48.14246163055283,48.362562617055914,48.09167157926435,48.21018600463867,8777500
2016-10-26,48.02395099462207,48.633457492385595,47.91390049268673,48.37949752807617,10043800
2016-10-27,48.50647680572797,48.56573402420282,47.922368553928976,48.049346923828125,8155400
2016-10-28,48.12553579897281,48.650390067696804,48.09167683750372,48.3371696472168,11514100
2016-10-31,48.523398168223665,48.61651755837116,48.39641659451789,48.43027877807617,9590900
2016-11-01,48.472614320743496,48.531874768134344,47.72766551322316,48.01548767089844,19622500
2016-11-02,47.98161254481331,48.19324633224482,47.71918548585912,47.83769989013672,14355900
2016-11-03,48.040874749597094,48.05780584186774,47.63453822292856,47.76151657104492,13887400
2016-11-04,47.7530511766484,48.21018096612485,47.659931786650354,47.8038444519043,8438100
2016-11-07,48.548806345094384,48.99747232561451,48.5149473816379,48.98054122924805,13794100
2016-11-08,49.00594146846035,49.42920923478566,48.89589094501827,49.276832580566406,12073900
2016-11-09,49.18370741884117,50.758263842610184,49.166779551926076,50.51276779174805,36607500
2016-11-10,51.04607425654739,51.672511754174586,50.902164815995924,51.58785629272461,41589600
2016-11-11,51.45242715175219,51.706390387617375,51.24079327471566,51.680992126464844,24055100
2016-11-14,52.06192163177202,52.09578381924168,51.807961684301496,51.90108108520508,17077000
2016-11-15,52.01960254556705,52.09579086303711,51.613265928818834,52.09579086303711,12828400
2016-11-16,51.97727439841835,52.04499555060409,51.6217278542954,51.79949951171875,14472900
2016-11-17,51.75716928151388,51.93494092483277,51.75716928151388,51.9095458984375,10382800
2016-11-18,51.96034446965244,51.96034446965244,51.73177952100092,51.89262008666992,9246400
2016-11-21,52.053459750591266,52.197369209093814,51.95187318417951,52.171974182128906,11767700
2016-11-22,52.31587718894217,52.45132269817838,52.239688888167066,52.40899658203125,8901300
2016-11-23,52.527528841901805,52.85767718098264,52.476738776982764,52.79841995239258,15506800
2016-11-25,52.9507818993649,53.08622741699219,52.86612966182629,53.08622741699219,4172500
2016-11-28,52.98465233326741,53.001583429265665,52.66296796785327,52.722225189208984,15898500
2016-11-29,52.68837237322064,52.93386522064412,52.535995720736125,52.76456069946289,12692400
2016-11-30,53.060825016552506,53.204734446221046,52.81532904082633,52.83226013183594,14903800
2016-12-01,52.93385197666589,53.34018853853414,52.83226864351782,53.17934799194336,24438500
2016-12-02,53.26399934880951,53.35711874818397,53.052365524513334,53.17088317871094,11902500
2016-12-05,53.39946107381008,53.49257726653812,53.01851945164386,53.12856674194336,9448800
2016-12-06,53.094695166906355,53.28939789882427,52.916920299263126,53.230140686035156,10543600
2016-12-07,53.24706804873056,54.23751273247337,53.213205864002006,54.220584869384766,10416800
2016-12-08,54.220588975893975,54.220588975893975,53.80578525474228,53.91583251953125,10688200
2016-12-09,53.915831353408585,54.212120641901734,53.890436328125915,54.16132736206055,7939600
2016-12-12,53.96663284301758,54.06821618887764,53.602622355302955,53.96663284301758,9519600
2016-12-13,54.11899917175856,54.186723542287574,53.71266263641164,53.89043426513672,8280900
2016-12-14,53.75498073129961,54.017407784023,53.28938705585994,53.3486442565918,19782900
2016-12-15,53.28939116800425,53.78884706219621,53.2639929162484,53.40790557861328,12262100
2016-12-16,53.300594329833984,53.68386540823171,53.206904688785215,53.300594329833984,9523700
2016-12-19,53.428360751799985,53.632774849548035,53.32615532745189,53.59870529174805,5982900
2016-12-20,53.692400772202205,53.930881204553096,53.692400772202205,53.905330657958984,5011400
2016-12-21,53.87124936751955,53.896799908550754,53.68387006915344,53.700904846191406,4649000
2016-12-22,53.66684115829616,53.72646450897206,53.470946074524036,53.59870529174805,4642700
2016-12-23,53.59018743904771,53.70943089393161,53.547602115400856,53.649810791015625,5100800
2016-12-27,53.743493786267116,53.85421821995034,53.64980737982163,53.760528564453125,3499400
2016-12-28,53.828668582668264,53.862738139613384,53.18987901068024,53.198394775390625,8982400
2016-12-29,53.23245121613639,53.445381021000934,53.08766050837296,53.18134689331055,7757200
2016-12-30,53.31762759202049,53.445386788346234,52.8236320809337,52.99397659301758,6932300
2017-01-03,53.38578269857926,53.70943704364717,53.104713682034216,53.30912780761719,21592200
2017-01-04,53.453903987978286,53.72645716406575,53.385768130744985,53.62424850463867,8889300
2017-01-05,53.58165259343291,53.88827201298573,53.18134354578888,53.47092819213867,9850900
2017-01-06,53.47944932340852,53.922343697092856,53.300589071262216,53.777549743652344,12124500
2017-01-09,53.71794245227502,53.71794245227502,53.33466807136448,53.36022186279297,5970500
2017-01-10,53.45390583489009,53.786079115928054,53.34318465692896,53.5816650390625,8237800
2017-01-11,53.61573254777835,53.91383301407183,53.556112454519656,53.86273193359375,11113700
2017-01-12,53.811637118185985,53.86274145675093,53.12174316829315,53.641292572021484,11844600
2017-01-13,53.67534718218558,53.896792756189235,53.65831240740821,53.8456916809082,7130200
2017-01-17,53.5561115531047,53.649801197806134,53.27504261900038,53.42835235595703,10689400
2017-01-18,53.35169778794557,53.734972132495734,53.240973366397434,53.63276672363281,8098600
2017-01-19,54.20341930601681,54.29710895504238,53.70942376895223,54.024559020996094,8833200
2017-01-20,54.00751525916084,54.0926858809868,53.72644960789442,54.03306579589844,11620300
2017-01-23,53.97344279083049,54.08416719245477,53.43686205406443,53.734962463378906,14303700
2017-01-24,53.74349986202989,54.399324275600314,53.67536399063473,54.271568298339844,9199500
2017-01-25,54.63781323806541,54.91036324813814,54.535604547498835,54.84222412109375,12955600
2017-01-26,54.90182016186337,55.233990137938854,54.73999143061051,54.9699592590332,10141800
2017-01-27,55.038111105928394,55.16586382008864,54.83369376706507,54.92738342285156,8697700
2017-01-30,54.654826018700675,54.71444610988266,54.033071318480566,54.45893096923828,13354500
2017-01-31,54.27155260609061,54.27155260609061,53.7094180211465,53.98196792602539,19335200
2017-02-01,54.067135401940305,54.2630304315898,53.61572525748936,53.888275146484375,15358800
2017-02-02,53.8031071190334,53.947901090879135,53.56462675252431,53.786075592041016,9568400
2017-02-03,53.9138399619179,54.254529037916065,53.86273887485446,54.1863899230957,9874200
2017-02-06,54.15231745983303,54.39931360035391,54.07566258889856,54.263038635253906,7109300
2017-02-07,54.45041724662408,54.64631555248009,54.271556966374405,54.356727600097656,13347400
2017-02-08,54.356726126438225,54.356726126438225,54.10121098314431,54.28007125854492,7808400
2017-02-09,54.280085654642214,54.833701403766426,54.280085654642214,54.69742965698242,8176700
2017-02-10,54.952934806456696,55.18290269167055,54.825182090341855,55.13180160522461,7445800
2017-02-13,55.35323193069637,55.7876105652532,55.336200404955896,55.685401916503906,17349600
2017-02-14,55.608755544498656,55.71096420288086,55.40434472583702,55.71096420288086,8578600
2017-02-15,55.72799478847894,56.06868381255953,55.608754604766126,56.009063720703125,7845400
2017-02-16,56.009072443678306,56.034622987295684,55.65134533872402,56.02610397338867,10062400
2017-02-17,55.88129734266672,56.11977767944336,55.710956101569636,56.11977767944336,5194700
2017-02-21,56.20495770971621,56.451957099330414,56.12830608782021,56.400856018066406,9573900
2017-02-22,56.23902050837526,56.33271014484145,56.08571078489442,56.24753952026367,10614700
2017-02-23,56.34124260419253,56.40086270543724,55.69393400631875,55.88131332397461,16800100
2017-02-24,55.583196921695915,56.128296690928764,55.506538814530956,56.11977767944336,12663000
2017-02-27,56.17088232115001,56.366780609150325,55.983509543278615,56.32419204711914,10705400
2017-02-28,56.34976052380742,56.43493116705962,55.99203342518249,56.094242095947266,9629900
2017-03-01,56.57971691797824,57.22702544616484,56.571197904973644,57.03964614868164,16452600
2017-03-02,56.954479046343856,57.10778879942284,56.409379146085996,56.42641067504883,8453900
2017-03-03,56.43491806005909,56.57970876977057,56.22198825232973,56.486019134521484,5862800
2017-03-06,56.213468509837256,56.417879303131755,56.11977887580604,56.34974670410156,7164700
2017-03-07,56.33271415329174,56.41788478392998,56.111265315150256,56.187923431396484,8790800
2017-03-08,56.264573376818696,56.29864292768164,55.89833382767009,55.99202346801758,10729000
2017-03-09,55.95796505208028,56.09424328264968,55.49804226916779,55.73652267456055,9976100
2017-03-10,56.034612148775906,56.07719421386719,55.634303047923844,56.07719421386719,9780500
2017-03-13,56.01758337038091,56.15386159661255,55.88131164225275,56.04314041137695,11620300
2017-03-14,55.85574942104911,55.92388851991842,55.40433926271866,55.51506042480469,10810700
2017-03-15,55.64283243130275,56.33272309653111,55.57469331673353,56.14534378051758,14737200
2017-03-16,56.23902161595369,56.341230266321205,55.84723153669826,55.88982009887695,14152400
2017-03-17,56.05838413119352,56.340731053615386,55.9471595228071,56.195281982421875,10880100
2017-03-20,56.24660475104067,56.31505366368009,56.03270679477819,56.09259796142578,5752600
2017-03-21,56.24661354298363,56.289395751982475,55.160014627488216,55.23701477050781,12661000
2017-03-22,55.25411862408424,55.54501669551367,55.040220679451814,55.43379211425781,12266300
2017-03-23,55.493701757466404,55.724708742431694,55.24557927574848,55.35680389404297,10682500
2017-03-24,55.33968958997932,55.570696552674654,54.97178477705805,55.21134948730469,9924600
2017-03-27,54.680877123410944,55.117227547749614,54.37286352325469,55.01456069946289,11711900
2017-03-28,54.84343051172112,55.77602892451887,54.84343051172112,55.59635543823242,8973000
2017-03-29,55.5364618430632,55.639128672073525,55.391006289220556,55.58779525756836,8301000
2017-03-30,55.56214029755019,55.9642695365857,55.52791583809523,55.89582061767578,12838000
2017-03-31,55.750366956664806,55.93859167665052,55.66480255126953,55.66480255126953,7736100
2017-04-03,55.6904586302058,55.87013862511583,55.19422042294519,55.54500961303711,10474800
2017-04-04,55.53646757506258,55.690467834472656,55.41667871610893,55.690467834472656,9239700
2017-04-05,55.88726576853134,56.36639517044617,55.433803080626454,55.51080322265625,11422600
2017-04-06,55.54502021689333,55.921482712160056,55.442353374655234,55.66480255126953,7633700
2017-04-07,55.690461217260506,55.95569908590608,55.61346109670472,55.72468566894531,7522700
2017-04-10,55.75891796960396,56.18671388441322,55.74180900517654,55.86159133911133,6330900
2017-04-11,55.767471446954005,55.955702679485654,55.416675690390996,55.9385871887207,10172900
2017-04-12,55.88725011495061,55.98992346988087,55.13433176173549,55.168556213378906,11281500
2017-04-13,55.125782051830484,55.30545555341191,54.774986267089844,54.774986267089844,10118300
2017-04-17,54.94611683038579,55.39957952570913,54.87766790680716,55.3739128112793,8852400
2017-04-18,55.10011350528692,55.416678295199866,54.9632156833211,55.19422912597656,7502800
2017-04-19,55.3910125497151,55.58780154030472,55.14289013881842,55.24556350708008,9455300
2017-04-20,55.536465958505026,56.1011531428475,55.51079272170316,55.91292190551758,9492500
2017-04-21,55.9300432723623,56.135383494817866,55.80170318545957,55.96426773071289,10211400
2017-04-24,56.73430871538284,56.83698211489945,56.554635161965926,56.75997543334961,10498300
2017-04-25,56.999539423360986,57.187764173641774,56.84553260756856,57.03376388549805,12385000
2017-04-26,57.127874330282964,57.35888782318823,56.990983006188124,57.04231643676758,12033100
2017-04-27,56.99954080421883,57.21343880202079,56.80275177407554,57.02520751953125,8111400
2017-04-28,57.1107713192942,57.230553688238814,56.69153302798807,56.75997543334961,10386300
2017-05-01,56.879733584757076,56.879733584757076,56.46048899241558,56.588829040527344,11234100
2017-05-02,56.742850416396045,56.89685720829131,56.62306808132725,56.862632751464844,9450900
2017-05-03,56.70006784168641,56.99097245898018,56.58884325346541,56.90541458129883,8729200
2017-05-04,57.05942859341839,57.11931976813971,56.640183842720674,56.96531295776367,8143600
2017-05-05,57.04230854443306,57.27332200537547,56.92252620455476,57.25620651245117,7110800
2017-05-08,57.23909356301986,57.29898472879025,57.016637864023735,57.102195739746094,6078200
2017-05-09,57.144993826903985,57.324667374161805,57.11076936157165,57.17921829223633,5969000
2017-05-10,57.21343215563657,57.21343215563657,56.819860668719336,57.059425354003906,7471400
2017-05-11,56.87975839738301,57.11932311028562,56.53752029567263,57.04231643676758,8400000
2017-05-12,56.89684662063868,56.89684662063868,56.588833094164855,56.725730895996094,7186400
2017-05-15,56.72575063189538,57.03376426553263,56.72575063189538,56.99098205566406,8413500
2017-05-16,57.05942376492691,57.11075718815882,56.708627965781076,56.93108367919922,5848800
2017-05-17,56.39205858707114,56.477616461413916,55.776031447567355,55.79314041137695,15221000
2017-05-18,55.62201770178803,56.20382031321465,55.31400417058297,55.870140075683594,15260100
2017-05-19,56.049817274473554,56.86262682452596,56.049817274473554,56.605953216552734,10322300
2017-05-22,57.03376521677024,57.11932311028562,56.871200649736814,57.04231643676758,6506200
2017-05-23,57.13642740302126,57.213434070238605,56.896862709719855,57.16209411621094,7856000
2017-05-24,57.23054504394531,57.43588528431372,57.04231377042072,57.23054504394531,7877300
2017-05-25,57.358876034052024,57.68399857364664,57.31609383226306,57.606998443603516,6840800
2017-05-26,57.52999760183652,57.75245332386252,57.512888635979834,57.675453186035156,5991000
2017-05-30,57.512883780436155,57.73533948368126,57.435877121461935,57.65833282470703,6092500
2017-05-31,57.726797525116915,57.786688708410644,57.37600164607546,57.76957321166992,10518800
2017-06-01,57.92357093140518,58.28292450228257,57.735346190415015,58.1289176940918,16118000
2017-06-02,58.23158041604813,58.6764918426527,58.22302919727921,58.359920501708984,17769600
2017-06-05,58.29147046439424,58.45403500494747,58.12891245148879,58.154579162597656,16550700
2017-06-06,57.94068655301594,58.05191115397977,57.76101303100586,57.76101303100586,15201400
2017-06-07,57.88078953863397,57.88078953863397,57.43587812437497,57.69255828857422,8342400
2017-06-08,57.658338798852114,58.00913461830279,57.61555659191724,57.880794525146484,7040100
2017-06-09,57.94068404764801,58.18880647997546,57.803786211475035,58.103248596191406,10433700
2017-06-12,58.240132017544305,58.39413879855848,57.932118455515955,58.317138671875,13889200
2017-06-13,58.402694883520915,58.582368368320964,58.31713701375618,58.55670166015625,6723500
2017-06-14,58.69361249982386,58.69361249982386,58.30004094567146,58.496829986572266,8892800
2017-06-15,58.15458688576255,58.84761428833008,58.1374713909851,58.84761428833008,20188100
2017-06-16,58.96278620040763,59.074543752813966,58.82524702015449,59.040157318115234,12871600
2017-06-19,59.332437908868734,59.47858191009652,59.16051227730272,59.40121078491211,6867000
2017-06-20,59.27226471464973,59.32384765220031,58.75648124894215,58.765079498291016,7242800
2017-06-21,58.8510334903045,58.859631738363895,58.300863668252646,58.36963653564453,7530200
2017-06-22,58.36106439508901,58.447027238513066,58.24931335449219,58.24931335449219,6921700
2017-06-23,58.300880357774,58.593161848588764,58.171932834136406,58.46421432495117,6979300
2017-06-26,58.63614288985176,58.90262964231012,58.43842902788067,58.481407165527344,7161700
2017-06-27,58.41263390936149,58.47280854852517,58.025797880244035,58.04298782348633,7417200
2017-06-28,58.318078351932,58.70492097625403,58.30088840706063,58.56737518310547,7314300
2017-06-29,58.62752909871193,58.67911203217638,57.74209968365356,58.06876754760742,9543600
2017-06-30,58.29228727240261,58.83386560795984,58.29228727240261,58.5501823425293,6748500
2017-07-03,58.81666328611334,59.1175364657969,58.73070045742424,58.911224365234375,5553100
2017-07-05,59.065948644067234,59.16050970487956,58.81665189815676,59.08314514160156,7236000
2017-07-06,58.93702130401173,59.01439245229389,58.49860884507559,58.56737518310547,5599900
2017-07-07,58.71350452309846,59.20349981101763,58.661921584314555,59.02297592163086,4166700
2017-07-10,58.979993988288925,59.469989299103524,58.911221105725424,59.19490432739258,7919500
2017-07-11,59.194906004473665,59.23789069692944,58.73069887183292,59.14332962036133,7683500
2017-07-12,59.47859947238297,59.74508624755874,59.40122832435313,59.470001220703125,5821800
2017-07-13,59.53016509368109,59.65911261136882,59.28946655855369,59.427005767822266,3938800
2017-07-14,59.52156061920723,59.813842065970874,59.4098096134537,59.68489456176758,5519200
2017-07-17,59.641903002986396,59.745062306172805,59.478575637785106,59.6505012512207,5113400
2017-07-18,59.55595573539938,59.63332687261203,59.34104538326036,59.512977600097656,6891100
2017-07-19,59.4098166727972,59.573150634765625,59.31525559571477,59.573150634765625,8864600
2017-07-20,59.62472431869445,59.65911075958005,59.16051720455329,59.23788833618164,7428000
2017-07-21,58.9456166687248,59.15192878979864,58.74789624039365,59.12614059448242,7600500
2017-07-24,59.06598055180602,59.15194341028875,58.91124478311884,58.99720764160156,7551700
2017-07-25,59.298082366595935,59.298082366595935,58.74790569098702,58.919837951660156,9077100
2017-07-26,59.09176875349627,59.09176875349627,58.85966837973834,58.99720764160156,6804000
2017-07-27,58.93701125035914,58.93701125035914,58.37824959700546,58.66192626953125,9900900
2017-07-28,58.60174860009285,58.84244712603418,58.472801087326296,58.799468994140625,11435700
2017-07-31,59.07456692328853,59.100355119791885,58.70492080347024,58.722110748291016,6787300
2017-08-01,58.77369096606949,58.8768437472849,58.37825666814089,58.5501823425293,16893700
2017-08-02,58.55018748777653,58.825272526098225,58.455626390989885,58.808082580566406,17642900
2017-08-03,58.69630931995132,59.100341796875,58.69630931995132,59.100341796875,13298800
2017-08-04,59.07455795465046,59.23789191910035,58.971398625754205,59.21209716796875,12746000
2017-08-07,59.169119033169515,59.28946830427678,59.07455795465046,59.21209716796875,7753100
2017-08-08,59.12612768775337,59.3754244522976,58.94560380140258,59.03156661987305,9136500
2017-08-09,58.911202295149295,59.12611256563126,58.885414112058015,59.04874801635742,8088200
2017-08-10,58.782277525210134,58.93701324206389,58.26649398854546,58.300880432128906,10779700
2017-08-11,58.32666404872688,58.6103472671242,58.26648941681318,58.335262298583984,10501200
2017-08-14,58.722086246918636,59.014367655274526,58.66191162733678,58.945594787597656,6680900
2017-08-15,58.91123055316489,58.98860169809241,58.722108375057765,58.81666946411133,5055000
2017-08-16,58.816669374536346,59.11754258536487,58.816669374536346,58.980003356933594,7725800
2017-08-17,58.661925469576055,58.82525942921453,57.92263336395572,57.9570198059082,10766200
2017-08-18,57.66473611146057,58.12034492054384,57.59596323802177,57.724910736083984,14111100
2017-08-21,57.78508682900841,57.86245139468623,57.55298001489021,57.81947326660156,7447300
2017-08-22,57.974221854907405,58.532983554120875,57.974221854907405,58.481407165527344,6559200
2017-08-23,58.24069237067333,58.24069237067333,57.93122100830078,57.93122100830078,7027100
2017-08-24,58.07737474099997,58.094571242925944,57.724925154043554,57.75071334838867,7917400
2017-08-25,58.01720054657845,58.249307414553456,57.948434213978345,58.02579879760742,7846300
2017-08-28,58.15473179367335,58.21490641874832,57.905435044493515,57.991397857666016,5999200
2017-08-29,57.802298690580244,58.4642263878414,57.664759446586984,58.41264343261719,8150200
2017-08-30,58.45561896549083,58.679127580280564,58.33526968642185,58.65333938598633,5463300
2017-08-31,58.76508088128797,58.9713929607179,58.66192156230163,58.851043701171875,8635000
2017-09-01,58.97998571517273,59.143319648714446,58.90261459350586,58.90261459350586,14501900
2017-09-05,58.7478911593114,58.81666404656923,58.18053123579307,58.309478759765625,16031100
2017-09-06,58.42981115497703,58.55875864170141,58.30946191631204,58.36963653564453,19701400
2017-09-07,58.412626732326196,58.48999786376953,58.14614001427878,58.48999786376953,13887000
2017-09-08,58.20632033651967,58.773686827428754,58.12035750537867,58.68771743774414,8067000
2017-09-11,58.911221105725424,59.212094268761916,58.911221105725424,59.19490432739258,8005600
2017-09-12,59.33244028247647,59.495774229978096,59.22928752282719,59.47858428955078,7606200
2017-09-13,59.43558569200698,59.47857037083037,59.263660093795764,59.392601013183594,5528400
2017-09-14,59.30666159366141,59.6935041799476,59.22929701153042,59.676307678222656,6864900
2017-09-15,59.716011905731676,59.94917347328171,59.58647477330066,59.92326736450195,9989800
2017-09-18,60.05281530471095,60.32052059499065,60.00100307782673,60.26007080078125,6143700
2017-09-19,60.31188092662806,60.39824341980446,60.25143113452451,60.320518493652344,7160000
2017-09-20,60.355075720235384,60.77822435993825,60.355075720235384,60.760955810546875,6676200
2017-09-21,60.726405807281516,61.00274868854481,60.62277475610753,60.942298889160156,4377700
2017-09-22,60.985500992435384,61.158212881576425,60.92505117238239,61.09776306152344,3533900
2017-09-25,61.16685045259435,61.18411900609396,60.674614321152504,61.09776306152344,6917100
2017-09-26,61.11503161502304,61.21002513061149,61.054581794970055,61.09776306152344,3997800
2017-09-27,61.25318788869176,61.40863117736393,61.01138868154268,61.166831970214844,6943700
2017-09-28,61.0804700288098,61.184094485350364,60.88184550621771,61.13228225708008,6124600
2017-09-29,61.09772848747146,61.322259087126184,60.98546648191036,61.313621520996094,6527200
2017-10-02,61.28773873638557,61.736793518066406,61.19274523839894,61.736793518066406,16764700
2017-10-03,61.77131790232911,62.004486083984375,61.684962000748,62.004486083984375,11793400
2017-10-04,61.98723602294921,62.09086709988269,61.87497396433967,61.98723602294922,14772500
2017-10-05,61.952683784908395,62.1944830091972,61.84042174178423,62.134033203125,15061300
2017-10-06,62.03903803241461,62.19448132790315,61.88360132546061,62.12540054321289,4445400
2017-10-09,62.15128791260186,62.27218748500767,61.85766995923593,61.95266342163086,7814000
2017-10-10,62.324007497890946,62.34128263241329,61.93540262207232,62.047664642333984,6264300
2017-10-11,61.96994027416016,62.04765860635011,61.874946809128396,62.01311492919922,7294400
2017-10-12,61.91813432864757,62.410370300385345,61.909503348966176,62.34128952026367,12112100
2017-10-13,62.6003440131673,62.71261261059158,62.177195499694655,62.229007720947266,5759000
2017-10-16,62.28083097235078,62.34128076430076,62.10811257496997,62.298099517822266,7215700
2017-10-17,62.12540222263949,62.220395716257904,62.00450261049508,62.134033203125,5236000
2017-10-18,62.177195912518684,62.34127673228498,62.082202447236384,62.15992736816406,7887700
2017-10-19,61.90950443514829,62.3326530456543,61.788604832146575,62.3326530456543,6962500
2017-10-20,62.349923982902006,63.00624084472656,62.185849708846725,63.00624084472656,9043400
2017-10-23,62.99757924903714,63.00621681444082,62.591705914511714,62.60897445678711,6800600
2017-10-24,62.91988103409055,63.21349246632907,62.885337349968246,62.96306228637695,7921900
2017-10-25,62.91988140855413,62.91988140855413,62.030402949846746,62.34128952026367,11078800
2017-10-26,62.548565350592426,62.72127723978665,62.28949092826483,62.42766571044922,8323300
2017-10-27,62.34128640434246,62.62626025586942,62.30674272174112,62.453548431396484,7534200
2017-10-30,62.34128313912968,62.358551685258995,61.978577785079686,62.021759033203125,9082100
2017-10-31,62.082206871819594,62.24628770327989,61.745414230372944,61.77132034301758,8793300
2017-11-01,61.961324203174335,62.10812994059547,61.70224982893172,61.736793518066406,9104800
2017-11-02,61.70223175316402,62.125386879698645,61.555426058749845,62.090843200683594,6924300
2017-11-03,62.082207733821164,62.151295094188264,61.87495224125319,62.0303955078125,6975000
2017-11-06,62.07357238520438,62.17720342945889,61.9785789084378,62.06494140625,7134600
2017-11-07,62.06493390288176,62.25491424491361,62.039021203550696,62.15992736816406,5181100
2017-11-08,62.07356203111068,62.125380838861155,61.935393917018494,62.05629348754883,5622700
2017-11-09,61.71952613456403,61.77997594455876,61.0286655158798,61.27910232543945,10442000
2017-11-10,61.14957011946904,61.443188212326575,61.04594563019577,61.36546325683594,5344800
2017-11-13,61.17544878109848,61.313623489485984,60.99409941773942,61.158180236816406,5256800
2017-11-14,60.994117736816406,61.08048024976323,60.80413733852364,60.994117736816406,7062100
2017-11-15,60.70914288970743,60.85594861775115,60.48461221894169,60.6486930847168,10669200
2017-11-16,60.92503934561989,61.296375764871975,60.821408279130374,61.218650817871094,6038900
2017-11-17,61.00275079924151,61.09774428563761,60.83866994300567,60.88185119628906,7745100
2017-11-20,60.94228719636047,61.23590515741756,60.890474974981515,61.158180236816406,6485700
2017-11-21,61.35681074946087,61.60724090303741,61.20999846026997,61.598609924316406,7387900
2017-11-22,61.641792830658645,61.85768592116905,61.57271204898135,61.66770553588867,7037400
2017-11-24,61.823142236063276,61.831779804473285,61.6331618507829,61.66770553588867,3387500
2017-11-27,61.82313256830684,61.84904526948469,61.65905832537977,61.77132034301758,4739300
2017-11-28,61.90951614680548,62.71263885498047,61.840428763868054,62.71263885498047,10065300
2017-11-29,62.72991387811126,63.299874963343036,62.60037666887349,63.26533126831055,12393500
2017-11-30,63.48120758705823,64.47431714314912,63.29985817762963,64.34477996826172,19672700
2017-12-01,64.232508278593,64.32750176307759,62.833525304427255,63.55028533935547,29693700
2017-12-04,64.21524579911475,64.8542875463275,64.08570861816406,64.08570861816406,19276400
2017-12-05,64.19794362626376,64.37929955634351,63.48981480227771,63.54163360595703,16548300
2017-12-06,63.42076459635239,63.86981938385897,63.35167721718673,63.63665771484375,15569300
2017-12-07,63.5589527669217,64.3620756839782,63.54168421096376,64.22390747070312,10918400
2017-12-08,64.55204875641589,64.55204875641589,64.23252453785574,64.50023651123047,6804500
2017-12-11,64.55204646172248,64.62113384520428,64.25843496472808,64.37069702148438,5911600
2017-12-12,64.48291768755347,64.62109236582468,64.37929326738136,64.43974304199219,9259700
2017-12-13,64.6038230708908,65.03560909668427,64.33611784322903,64.690185546875,8626600
2017-12-14,64.96654531895152,64.96654531895152,64.24114117999635,64.2497787475586,9214300
2017-12-15,64.633577358447,64.86800573490883,64.27758592181249,64.70303344726562,8935000
2017-12-18,65.04163636206214,65.24133330164445,64.98953603598852,65.16319274902344,6017300
2017-12-19,65.36287653593914,65.48443289844022,65.00689193842165,65.1805419921875,6211600
2017-12-20,65.54523203951321,65.62337922572493,65.30211923676929,65.39762878417969,5778900
2017-12-21,65.64073373260875,65.70151192602225,65.28474906385146,65.44971466064453,9456400
2017-12-22,65.58863554110361,65.58863554110361,65.29342246164214,65.46707916259766,3730500
2017-12-26,65.54523792780915,65.75362602687638,65.3976346592156,65.53656005859375,4983900
2017-12-27,65.588638920835,65.7188797971814,65.50181387804612,65.69283294677734,4730300
2017-12-28,65.87516703617426,65.8838449033606,65.57995394368652,65.82306671142578,4629600
2017-12-29,65.96201228711094,65.9880591453021,65.64075224598753,65.70153045654297,4825900
2018-01-02,65.91858265437997,66.1009172479129,65.61469166515843,66.09223937988281,14903900
2018-01-03,66.19641443319377,66.49162749927432,66.04012672158065,66.44821166992188,18155000
2018-01-04,66.73475889912221,66.98655620623329,66.61320249214822,66.93445587158203,16483000
2018-01-05,67.25571267483431,67.42936940819573,66.88235897851611,67.39463806152344,16996200
2018-01-08,67.46408965595572,67.7158869343839,67.37726460719725,67.67247772216797,5727500
2018-01-09,67.75930632161977,68.28026326579617,67.73325946806,68.10661315917969,8967700
2018-01-10,67.97636688892891,68.32367369901075,67.77666332022577,68.0979232788086,11669500
2018-01-11,68.40182892284992,68.99224863931154,68.2281787927315,68.96620178222656,9448300
2018-01-12,69.27875817807384,69.67815866647659,69.15720179570458,69.60869598388672,7436200
2018-01-16,69.869199198493,69.98207112413652,68.6709907408136,68.98356628417969,13343700
2018-01-17,69.10510357168346,69.43504801184926,68.88803765023805,69.36558532714844,7814300
2018-01-18,69.3655869348798,69.55660601007132,68.93145508192683,68.99223327636719,7790400
2018-01-19,69.27008850339492,69.27877299665775,68.87937242282406,69.19194793701172,8657700
2018-01-22,69.00092883119399,69.20931029920995,68.67966882374351,69.19194793701172,12175300
2018-01-23,69.18324585118236,69.29611773758734,68.89671726531697,69.2266616821289,8953800
2018-01-24,69.20931040180568,69.5305704097324,68.74044712982916,69.16590118408203,9660000
2018-01-25,69.3395379593797,69.44373198565393,68.65360885780827,69.23534393310547,12499200
2018-01-26,69.44372962310695,70.03414916992188,69.2092947280472,70.03414916992188,8008300
2018-01-29,69.91260021805175,70.29463842052913,69.53924650862902,69.56529998779297,12870300
2018-01-30,69.10511271389078,69.33954764968888,68.69703429202102,69.0182876586914,16742400
2018-01-31,69.6521090032369,69.91258411593894,69.00091128499322,69.2266616821289,15988100
2018-02-01,68.7838416257652,69.69551440696608,68.68833210235483,69.10509490966797,14169300
2018-02-02,68.688331297811,68.80120317673513,67.69851136162927,67.71587371826172,17929500
2018-02-05,67.00392121646698,67.88086957943432,64.20811049691012,64.64224243164062,30309100
2018-02-06,63.426663751430745,66.01408577874265,63.07067246700819,65.82306671142578,31980600
2018-02-07,65.77095293502165,66.98652302700239,65.54520259488939,65.9446029663086,22666800
2018-02-08,66.02277590946721,66.12696994353763,63.37456883970274,63.40061569213867,27282100
2018-02-09,64.13863291201127,64.62485839606175,62.07216135614595,64.08653259277344,40362500
2018-02-12,64.60750149001989,65.58863703149137,64.1733696642549,65.1197738647461,20776900
2018-02-13,64.75509979558554,65.44970668938123,64.67695262824232,65.26737213134766,12974600
2018-02-14,64.94613148887105,66.17037993811404,64.87666879866991,66.09223937988281,13482800
2018-02-15,66.61319530594425,67.09073638916016,66.04882254911941,67.09073638916016,10800400
2018-02-16,66.93443657016968,67.78533779794654,66.88234287486767,67.10809326171875,11161700
2018-02-20,66.79553928901093,67.09943031639308,66.19643510336641,66.43087005615234,11838900
2018-02-21,66.50030536568441,67.66378202420994,66.43084931277619,66.44821166992188,8650500
2018-02-22,66.74343374650043,67.49881893433776,66.68265555179713,66.89103698730469,10545200
2018-02-23,67.20362636762621,67.48147054727433,66.83027263019332,67.44673919677734,6603300
2018-02-26,67.76801127603366,68.48866539797967,67.52489177930568,68.37579345703125,8623300
2018-02-27,68.40181566608308,68.83594753156909,67.50750508307415,67.51618957519531,11019300
2018-02-28,67.86350954183581,67.95901247636716,66.55242919921875,66.55242919921875,16203900
2018-03-01,66.57848095052421,67.06470665003894,64.90273123689285,65.25003814697266,35549400
2018-03-02,64.68566213002183,65.42368513818332,64.23416780569781,65.232666015625,27076400
2018-03-05,64.82457440027157,66.17906372308184,64.58145498716631,66.01409149169922,23038400
2018-03-06,66.3614046229686,66.48296102891302,65.80571630312915,66.30931091308594,18536300
2018-03-07,65.49312040055962,66.44820898884777,65.32814820486726,66.30060577392578,13625400
2018-03-08,66.57846364174338,66.7087045272049,66.0054063954434,66.6479263305664,10849100
2018-03-09,67.0907137582626,68.11526489257812,66.88233238541054,68.11526489257812,13092600
2018-03-12,68.22814451474162,68.22814451474162,67.08203700851489,67.27305603027344,11093600
2018-03-13,67.4640873925636,67.81139420027209,66.81288961223258,66.94313049316406,11518800
2018-03-14,67.32518287242561,67.32518287242561,66.02278703651822,66.21380615234375,11626200
2018-03-15,66.42214750887011,66.7868165328066,65.97933133733366,66.40478515625,8362700
2018-03-16,66.33245195318493,66.99499378012837,66.33245195318493,66.7596206665039,10840000
2018-03-19,66.56781681938887,66.59396864271362,65.70477339455601,66.2452621459961,10845700
2018-03-20,66.37605222830793,66.864237511929,66.33246140611648,66.4719467163086,7111800
2018-03-21,66.4806561573544,67.23908580099639,66.27142822370692,66.5503921508789,13818700
2018-03-22,65.88784311526197,66.11449668581265,64.26636355135462,64.3535385131836,18793900
2018-03-23,64.44946410334973,64.9463689419653,63.359759926471106,63.41206359863281,15457100
2018-03-26,64.46688531160873,65.03353271594243,63.75203976105671,64.94635772705078,12197000
2018-03-27,65.25146976594802,65.60017635251188,63.67358060925213,64.0484390258789,14726000
2018-03-28,64.26637162724693,64.34482710744496,63.324865958725916,63.83049011230469,21892300
2018-03-29,64.17049114969329,65.25147568009514,64.07459666342109,64.76329040527344,14051800
2018-04-02,64.57149674254647,64.68482355853409,62.575158315833406,63.42948913574219,27498800
2018-04-03,63.752039136345864,64.35355786054696,63.316157545133535,64.30996704101562,20149100
2018-04-04,62.93256870043592,64.65865559523911,62.77565110536078,64.58891296386719,19987600
2018-04-05,64.94634819685714,65.39966206318987,64.75455925882333,65.24274444580078,16496100
2018-04-06,64.5976484974495,64.98994590807054,62.86284168015443,63.438201904296875,18353400
2018-04-09,63.79561098774271,64.26636376440771,63.141788795322974,63.246402740478516,10279200
2018-04-10,64.1966265672444,64.58891725548636,63.76074506874272,64.21406555175781,18459100
2018-04-11,63.63870268995621,64.24893416492965,63.62998319716395,63.743316650390625,10633900
2018-04-12,64.1704833029399,64.92020011246974,64.12689248686443,64.6586685180664,8921500
2018-04-13,65.09453858036983,65.1294098968677,64.18790430449583,64.50173950195312,9904100
2018-04-16,64.97251682581063,65.34737530589554,64.86790948785043,65.1468734741211,8232700
2018-04-17,65.65247699460761,65.96631224298565,65.46940754155787,65.6960678100586,8676800
2018-04-18,66.1232255169273,66.61141734396645,66.02733105006376,66.37603759765625,10138200
2018-04-19,66.28888002670722,66.46323002076446,65.7483844034883,66.19298553466797,12515200
2018-04-20,66.47193603862654,66.55911101798047,65.66991558693097,65.90528869628906,11612800
2018-04-23,66.15811089425702,66.17554988340544,65.5130079673033,65.82684326171875,14427800
2018-04-24,66.15811942975012,66.28888526113178,63.18540989487437,63.987430572509766,21104800
2018-04-25,64.05714440243395,64.37097294505134,63.185381453659,64.17047119140625,14949200
2018-04-26,64.10074149213064,64.2663786141441,63.359744166374085,63.93510437011719,19955400
2018-04-27,63.63869944835695,63.926382836629514,63.394606870801056,63.80433654785156,11555800
2018-04-30,63.978697719664765,64.10074402986706,62.95001692579898,62.958736419677734,15867500
2018-05-01,62.86283615221728,62.88898798042064,61.71210915409824,62.67104721069336,21829500
2018-05-02,62.426987858144415,63.63001915334235,62.052129268542245,62.12187194824219,14789300
2018-05-03,61.81673607919873,62.59260485002414,61.04958015225165,62.270050048828125,25826600
2018-05-04,61.80800067517075,63.202820204654856,61.73825803594051,62.99359893798828,11695500
2018-05-07,63.20284225895953,63.59513310222524,63.12438675071697,63.41206359863281,11812600
2018-05-08,63.377187377221084,63.95255433071543,63.24642820690506,63.865379333496094,10341600
2018-05-09,64.06585487489616,64.76326786854462,63.996118896349905,64.55404663085938,14973400
2018-05-10,64.79815550389786,65.12942310125374,64.68482203954657,64.98994445800781,7213700
2018-05-11,65.07712901069254,65.40839665675973,64.95508268577169,65.12943267822266,8060000
2018-05-14,65.28631949021917,65.50426020333941,64.86787704560103,65.01607513427734,5856600
2018-05-15,64.66736809317338,64.85043749245828,64.51917000580313,64.79813385009766,10180500
2018-05-16,64.78944616614822,65.25147963655162,64.71970350808047,65.03353881835938,6281300
2018-05-17,65.00737487686372,65.56530273544098,64.96378406093358,65.28633880615234,7519500
2018-05-18,65.28634394788457,65.79196818798668,65.26019211667675,65.669921875,7482900
2018-05-21,66.3411492806459,66.96010008480577,66.25397432883877,66.66370391845703,13744100
2018-05-22,66.77705509115336,66.84679773849214,65.81811696883231,65.84426879882812,8754900
2018-05-23,65.4432314326884,65.78321838378906,65.1816999390623,65.78321838378906,12909000
2018-05-24,65.61760496010736,66.20169128609625,65.53914947437687,66.10579681396484,9371800
2018-05-25,65.97502989659645,66.20169015877686,65.79196044865152,65.98374938964844,8111800
2018-05-29,65.4345498388784,65.60018699083807,64.623809720326,64.9289321899414,18470400
2018-05-30,65.35608356950648,65.91401144616691,65.13814278484148,65.84426879882812,11431700
2018-05-31,65.71350343119215,65.7570942488226,64.69354214847944,64.89405059814453,14117000
2018-06-01,65.26890726303964,65.72222115950457,65.22531644658012,65.60889434814453,9717100
2018-06-04,65.826835746869,66.12323201829916,65.41710601198918,65.51300048828125,8788700
2018-06-05,65.51299806601239,65.72221934699354,65.31248962726302,65.5914535522461,7906100
2018-06-06,65.73966811959271,66.21041440912002,65.53044015644102,66.14067840576172,6751900
2018-06-07,66.29760088823602,66.50682221562234,66.00119791099817,66.41964721679688,9952400
2018-06-08,66.32371521489382,66.72472530352952,66.18422997483496,66.6375503540039,6557900
2018-06-11,66.64627951623217,66.96883422460155,66.55910454535568,66.76832580566406,5225300
2018-06-12,66.87295073941783,66.93397389415153,66.53296364146932,66.69860076904297,5802800
2018-06-13,66.7247368366578,66.7683209934428,66.12321827422276,66.16680908203125,8553700
2018-06-14,66.37603479420412,66.55910422747762,65.73965152392344,65.91400146484375,10501500
2018-06-15,65.47813108077001,65.87200168206718,65.02299928732764,65.74946594238281,14757400
2018-06-18,65.25057918959497,65.59192975990254,65.06676887232344,65.47814178466797,8330300
2018-06-19,64.72541107743736,64.76917670574991,63.850151932765066,64.09523010253906,17955400
2018-06-20,64.31404050379338,64.34904499082003,63.91141544832134,64.13898468017578,11975900
2018-06-21,63.902663755046284,64.0164450251625,63.11492929121275,63.333744049072266,15497800
2018-06-22,63.78011280375631,63.96391635517006,63.48252133168533,63.55254364013672,13643900
2018-06-25,63.053657574573975,63.211204457717145,62.335945479743096,62.747318267822266,23091500
2018-06-26,63.02740438584368,63.29873254727256,62.84360079155028,62.983638763427734,11342100
2018-06-27,63.237475816111704,63.902674663309874,62.44974121781093,62.47599792480469,19853200
2018-06-28,62.3534401429538,62.84358965188198,61.9858330195291,62.563507080078125,15329800
2018-06-29,62.82610298743902,63.39502279102419,62.66855606764156,62.6948127746582,14908000
2018-07-02,62.2046664801143,62.843608587084994,62.04711956864873,62.83485412597656,14098700
2018-07-03,63.079913606876225,63.36875066919323,62.467234999866804,62.63352966308594,7083300
2018-07-05,62.852326269140924,62.983616412100716,62.33592683191156,62.939857482910156,8465700
2018-07-06,62.8873565807396,63.3512427732077,62.51974941059839,63.15869140625,9757500
2018-07-09,63.43878163716623,64.34904521232357,63.377513768113396,64.33154296875,13034000
2018-07-10,64.35780396634772,64.6816522544867,64.19150259166861,64.5328598022461,9880400
2018-07-11,63.97267896307821,63.981433423087466,63.33374361402737,63.47378158569336,14208000
2018-07-12,63.9464233354353,64.28777382687241,63.552559438452946,64.21775817871094,12705600
2018-07-13,64.19149459330207,64.66413527478984,64.15649010818136,64.55035400390625,18494200
2018-07-16,64.67288924268603,64.82168167525438,64.12147845732872,64.28777313232422,9576100
2018-07-17,64.2352561508423,64.62037223976154,64.06020702553143,64.54159545898438,7326000
2018-07-18,64.76916942863359,65.43436817360163,64.690399319758,65.25056457519531,13821300
2018-07-19,65.00551223895364,65.36437179570515,64.74293842743474,65.22432708740234,8790000
2018-07-20,65.1367803241745,65.39936072406337,64.87420660198259,65.15428924560547,7922400
2018-07-23,64.99672699922391,65.02298369747571,64.62911319061257,64.75165557861328,7822000
2018-07-24,65.08427049749837,65.39936432362892,64.73416550427582,65.02300262451172,12140400
2018-07-25,64.83045573034286,66.01205444335938,64.72542221094419,66.01205444335938,17949600
2018-07-26,65.8720167145496,66.65099695646802,65.86326225180375,66.51970672607422,15115200
2018-07-27,66.65097811582251,66.81727279479516,66.21334859001631,66.5284423828125,11281500
2018-07-30,66.61597826198026,66.95732881584522,65.80198693867972,65.87200927734375,13423600
2018-07-31,66.37090659248187,67.3862037898431,66.24837083896755,67.32493591308594,17709500
2018-08-01,67.07109420791649,67.1148598286308,66.24835529559611,66.4146499633789,14214600
2018-08-02,65.94203221007683,66.41467303163294,65.74072631134091,66.3271484375,10812400
2018-08-03,66.27461594493634,66.43216284011831,65.97702439728306,66.38839721679688,11021500
2018-08-06,66.3533671327678,66.5109139830247,66.08203904309553,66.48465728759766,5460300
2018-08-07,66.71225728883158,67.05360784259734,66.52845365816523,66.95732879638672,8381900
2018-08-08,66.91356355578877,66.9660836489269,66.57221300003104,66.65974426269531,4745200
2018-08-09,66.6422345299143,66.81728369772183,66.24837056349854,66.29212951660156,13085900
2018-08-10,65.90700862407964,66.02078989572495,65.5218925082085,65.70569610595703,10684800
2018-08-13,65.97703946191045,66.003302848518,65.21556819274366,65.39061737060547,13471800
2018-08-14,65.64443635834807,66.10832264018215,65.59192294612455,65.84574890136719,8500500
2018-08-15,65.30307805577027,65.63567408978624,64.7604150424527,65.53064727783203,20329400
2018-08-16,66.047035474727,66.51967607977517,65.86323190793529,66.36212921142578,10447200
2018-08-17,66.20459002493851,66.90479989389277,66.17833332344956,66.76475524902344,13993100
2018-08-20,66.9047965659641,67.34242604286823,66.86978540648828,67.21113586425781,8239300
2018-08-21,67.28990997042196,67.7975617964971,67.28990997042196,67.71003723144531,10034000
2018-08-22,67.53498396201124,67.61375406242101,67.0535888671875,67.0535888671875,7149700
2018-08-23,67.08862274118991,67.08862274118991,66.70350653493986,66.86105346679688,8336500
2018-08-24,67.01858925456727,67.19363840410143,66.8347856442473,67.1498794555664,6411600
2018-08-27,67.48246458996948,68.01637309065157,67.40369448873571,67.99887084960938,9767500
2018-08-28,68.13016148256467,68.20018380945427,67.8063199066694,67.85883331298828,8440600
2018-08-29,67.9113540649414,68.03389648910132,67.71004820048036,67.9113540649414,6339000
2018-08-30,67.76255465138658,67.92885600922945,67.2724117158876,67.43871307373047,10145600
2018-08-31,67.27242257214291,67.60501866380551,67.21115469531829,67.48248291015625,7192400
2018-09-04,67.22865723275899,67.48248320290436,67.08861923270851,67.42996978759766,8597700
2018-09-05,67.31618425509318,67.92886298740598,67.14112841893427,67.9113540649414,10761300
2018-09-06,67.95512043721794,68.32272768062933,67.83258468941415,68.12142181396484,8083000
2018-09-07,67.93761744863826,68.2264478923301,67.55250128678601,67.9113540649414,11039700
2018-09-10,68.1739195317577,68.53277890892295,68.1739195317577,68.26144409179688,9550200
2018-09-11,67.96387485648201,68.44526338607113,67.80632794116073,68.24395751953125,6945600
2018-09-12,68.20893854236913,68.73409264074687,68.06889388803019,68.45401000976562,10906200
2018-09-13,68.7866254120127,69.11047375806845,68.61157622250602,68.86540222167969,8849000
2018-09-14,68.88287025960422,69.25923184005629,68.65530776180174,69.20671844482422,8478500
2018-09-17,69.17171858651933,69.5305779864046,69.11045072284334,69.23298645019531,8368500
2018-09-18,69.39053376818512,70.0207213285737,69.08419444791188,69.86317443847656,8691000
2018-09-19,69.79315593998973,70.23953993268148,69.71438582947181,69.80191040039062,7938300
2018-09-20,70.12576669552114,70.37959265466498,69.61811477723346,69.90695190429688,11466900
2018-09-21,70.13910646438599,70.35897827148438,70.03356558139494,70.35897827148438,15133900
2018-09-24,69.91926275187409,70.007210168061,69.08375223316183,69.15410614013672,11999600
2018-09-25,69.24205291688627,69.33000032373837,68.87266307217612,68.94302368164062,12369600
2018-09-26,69.09253617606088,69.33879160361982,68.76713009391102,68.8990478515625,11426200
2018-09-27,69.07493829667305,69.32119368472527,68.76711906160777,68.99578094482422,8504200
2018-09-28,68.8374903225118,69.11013603662097,68.71436259741388,68.95182800292969,7545400
2018-10-01,69.79611248372078,69.96321721747304,69.31239178599348,69.55864715576172,16832100
2018-10-02,69.5234983423888,69.84011441918577,69.3036264396108,69.71697998046875,8523700
2018-10-03,70.00720977783203,70.37659294973271,69.85769850015191,70.00720977783203,10534900
2018-10-04,69.85769893653328,70.13913469449533,69.25085035750729,69.7785415649414,12520900
2018-10-05,69.82250929041066,70.13912531452041,69.05735278048597,69.4179458618164,14165500
2018-10-08,69.39155558363296,69.65539777150579,68.87265454055753,69.59383392333984,9359700
2018-10-09,69.39156476555353,69.4970989706845,68.51207726969089,68.5208740234375,11606800
2018-10-10,68.39773543609063,68.39773543609063,66.12866293449714,66.3133544921875,34050400
2018-10-11,65.88241023383567,66.46286848045591,64.37848074087002,64.56317901611328,54550500
2018-10-12,65.69771131614175,65.79445547462524,64.24656235880332,64.99412536621094,29409800
2018-10-15,64.95015899997509,65.63615826580948,64.89739189028259,65.11726379394531,15201200
2018-10-16,65.3635023015697,66.27816998879845,65.08206660626519,66.21660614013672,12547300
2018-10-17,66.23420251188928,66.4452843463539,65.38109854997712,65.73289489746094,15610600
2018-10-18,65.32832671886412,65.59217563787288,64.20258385634592,64.59835052490234,19139300
2018-10-19,64.56318597313536,64.98533625071954,64.13223223107285,64.36090087890625,17152400
2018-10-22,64.45764542291498,64.61595345541738,63.84200009209106,64.14102935791016,13675500
2018-10-23,62.654697622743065,63.54298201832735,62.153389936117904,63.08565139770508,25139900
2018-10-24,63.27910698883462,63.455008470465465,60.834133428787034,60.94847106933594,22170900
2018-10-25,61.212335516707206,61.836770906478876,60.9045161992082,61.37944030761719,23871500
2018-10-26,60.75499239715018,61.44099150904749,59.91068528174146,60.772579193115234,34330800
2018-10-29,61.61690421908578,61.75762546753645,58.916877331554105,59.76118469238281,23645600
2018-10-30,59.69960687799738,61.06281513659787,59.462148214154674,60.992454528808594,23445800
2018-10-31,61.572910035307274,62.21493203054244,61.42339208919593,61.45857238769531,14205500
2018-11-01,61.71362776959212,62.75142314513557,61.5817033207604,62.540348052978516,22653800
2018-11-02,63.103222962532996,63.26153096798013,62.04784073285654,62.434810638427734,23216400
2018-11-05,62.49637827499212,63.00648262454396,62.3204834627121,62.76022720336914,17524400
2018-11-06,62.69867362595065,63.463830275706655,62.61072620539386,63.41985321044922,15588600
2018-11-07,64.01790547857401,64.50161964974653,63.32310944474915,64.4488525390625,14217700
2018-11-08,64.30812719059247,64.67751032316646,64.07945856616034,64.34330749511719,11967400
2018-11-09,63.894767068373625,64.11463893942106,63.2439482088612,63.692481994628906,23409100
2018-11-12,63.64850758350789,63.69247792893641,62.33806648454579,62.434810638427734,10822300
2018-11-13,62.49637569733383,63.51658435435908,62.320480892308574,62.71624755859375,16032200
2018-11-14,63.138400912996055,63.560551105159256,62.091808765416054,62.50516891479492,18374100
2018-11-15,62.03024205415145,63.6660890707098,61.80157346313899,63.331886291503906,24411600
2018-11-16,63.14720628665962,63.62212364019036,62.76022963271595,63.31430435180664,15156000
2018-11-19,63.20877620817794,63.27913011658834,62.06543964454582,62.31169509887695,14365300
2018-11-20,61.28268206336239,61.616884858485435,60.754990967394725,61.01883316040039,18024900
2018-11-21,61.484975074899154,61.93350887404896,61.33545709855868,61.44979476928711,10846000
2018-11-23,60.99246961505031,61.748829560975416,60.98367285941159,61.32667922973633,6205500
2018-11-26,61.80158344144489,62.144589738322395,61.326666097983626,61.77519989013672,12896300
2018-11-27,61.484967112810274,61.74001255304497,61.06281021009084,61.66965866088867,14430900
2018-11-28,62.003872661372846,63.14720916748047,61.546542084904324,63.14720916748047,14139400
2018-11-29,63.006482050893695,63.48140609167413,62.55794156071936,63.182376861572266,12997900
2018-11-30,63.1120391511253,63.89478266634059,62.97131789852277,63.798038482666016,16428000
2018-12-03,65.00292294172525,65.48663703030282,64.26414996850494,64.53678894042969,19554600
2018-12-04,64.32570690166749,64.32570690166749,61.70483824788638,61.79278564453125,20580300
2018-12-06,60.64945791401689,61.45858481322222,59.629255891096534,61.44979476928711,28325800
2018-12-07,61.300281806196594,62.00387455606411,59.629260767687306,59.831539154052734,19238300
2018-12-10,59.7699886546057,60.19214574090043,58.66183217429637,59.98106384277344,25360000
2018-12-11,60.9484845977049,61.07161230719869,59.26866030253583,59.62925338745117,18475700
2018-12-12,60.420785726320254,60.86052945565288,59.91947814327933,59.96345520019531,14776400
2018-12-13,60.420791551834775,60.51753571841216,59.558897516818504,59.796356201171875,15917800
2018-12-14,59.15432656532273,59.752378287584264,58.77614670109916,58.969635009765625,14806200
2018-12-17,58.820113162518,59.18950295919597,57.64160330203713,58.00218963623047,19796800
2018-12-18,58.60023865855363,59.04877907775565,57.95821666220244,58.29241943359375,15665200
2018-12-19,58.22205654396009,59.453340105273256,56.806081454943296,57.193058013916016,23552900
2018-12-20,56.81487798504466,57.3249822271628,55.52203394118586,56.14646911621094,25709900
2018-12-21,56.289854658123325,56.82965728929117,54.962472467005334,55.086360931396484,28744200
2018-12-24,54.57309999342164,54.820880275798146,53.35191091708809,53.396156311035156,15800200
2018-12-26,53.60852717071562,55.94471856610926,53.02447594616078,55.882774353027344,17549000
2018-12-27,55.059801151663706,56.60841333625091,54.44920332985991,56.58186340332031,13980700
2018-12-28,56.78538962839734,57.25439676637031,56.236739450418916,56.43142318725586,15917200
2018-12-31,56.76769463596563,57.112813353552006,56.39602598769127,56.99777603149414,10068900
2019-01-02,56.157100638508,57.334047498789516,55.82968072748129,57.289798736572266,14687500
2019-01-03,56.89158953099049,56.89158953099049,55.298731912501765,55.5465087890625,25976200
2019-01-04,56.360619683360895,57.75879316774596,56.360619683360895,57.65260696411133,19883600
2019-01-07,57.891557791653476,58.502155733125356,57.34291083106336,58.121639251708984,15193100
2019-01-08,58.918052673339844,59.28086683956125,58.36054801955212,58.918052673339844,23069500
2019-01-09,59.14813172687597,59.59059234153452,58.93575252223556,59.31626892089844,10036600
2019-01-10,59.10389823243612,60.192347720537555,58.8384191248233,60.121559143066406,8900400
2019-01-11,59.71448970753776,60.09500612010873,59.502103743721335,60.059608459472656,10691300
2019-01-14,59.61715640104349,60.325089461318896,59.43132371954315,60.05076599121094,10105500
2019-01-15,59.99764963294482,60.25427079510053,59.528635807272764,59.86491012573242,12517400
2019-01-16,59.94456389318992,60.22773842459113,59.83837766354784,59.9268684387207,12029900
2019-01-17,59.67910589264243,61.28966269246403,59.59945944987969,60.95338821411133,22922500
2019-01-18,61.48432806433967,62.33385160779661,61.298488670740454,62.11262130737305,20020200
2019-01-22,61.58166472215675,61.59936692742371,60.42242007945744,60.82948303222656,15935300
2019-01-23,61.22769655375554,61.5462687079976,60.23658243484551,60.91796875,13243800
2019-01-24,61.13920937804621,61.50203035173503,60.88258814228305,61.22770690917969,10361800
2019-01-25,61.811747824796534,62.26305955168891,61.6436173786314,62.006431579589844,13065900
2019-01-28,61.12150664251557,61.448929915034526,60.86487868590551,61.41353225708008,13144000
2019-01-29,61.67901401947576,62.378102680561256,61.661318563492436,62.263065338134766,12384000
2019-01-30,62.90904598845499,63.537345992895645,62.20111306668635,63.23646926879883,16892500
2019-01-31,63.35151710733299,63.811679996673156,63.094895853425605,63.51080322265625,13867100
2019-02-01,63.69664038702969,64.07715682948212,63.440012390825586,63.6081428527832,11845000
2019-02-04,63.69663468870165,64.46651185702646,63.52849749037169,64.43111419677734,7688400
2019-02-05,64.5373203809072,65.02402986963939,64.3337854806879,64.98863220214844,9079100
2019-02-06,64.88243631306722,65.3160459055644,64.7850944196515,65.0063247680664,15557600
2019-02-07,64.5904122238585,64.9355310357738,64.06831182941748,64.5638656616211,15611400
2019-02-08,64.15678901784831,64.66119384765625,63.847067938389614,64.66119384765625,15977000
2019-02-11,64.8470386471511,65.16561088898172,64.81164098123497,65.0063247680664,7909800
2019-02-12,65.5018655335904,66.1567120954065,65.36913275212656,66.01512145996094,8909700
2019-02-13,66.25405262631183,66.60801570492396,66.0770643355928,66.40448760986328,8134200
2019-02-14,66.02396939514615,66.36908811322189,65.84698786074267,66.09476470947266,11703600
2019-02-15,66.50181712394667,66.98851964230144,66.36022651768307,66.97967529296875,9593200
2019-02-19,66.77615957974221,67.1655271068996,66.5637803610262,66.9531478881836,7994800
2019-02-20,66.92657172430962,67.30708801825305,66.84693207626654,67.27169036865234,8911400
2019-02-21,67.11241280045941,67.28054996945319,66.77614521388404,66.99737548828125,6782700
2019-02-22,67.23630652742484,67.47523224804252,66.97082750326118,67.43983459472656,9816900
2019-02-25,68.13892408089531,68.2539613923417,67.67876808369762,67.70531463623047,10108500
2019-02-26,67.52832219359453,73.14757618138613,67.50177564270233,67.51947784423828,11730800
2019-02-27,67.40443393941324,67.84689445903877,67.15665712864883,67.78495025634766,8033300
2019-02-28,67.79381072928282,67.82920838591582,67.51063622763154,67.55487823486328,8531300
2019-03-01,68.0592971767429,68.22742762476048,67.26286669445582,67.61683654785156,12786600
2019-03-04,67.93540596121555,68.22743161369641,66.79386341317911,67.31596374511719,19150400
2019-03-05,67.35136963684658,67.50180465750621,66.86466015657763,66.88236236572266,13820500
2019-03-06,66.78501025700058,66.90889869641244,66.2363566314526,66.25405883789062,18468400
2019-03-07,66.08592402244753,66.19211701067327,65.2806423857502,65.85584259033203,19104700
2019-03-08,65.22755258352423,65.74965969624412,65.13906179787749,65.72310638427734,14341300
2019-03-11,64.78508246176699,66.30714805814841,64.63464747295127,66.28060150146484,15298200
2019-03-12,66.19210399690475,66.27174365885602,65.60805280361198,65.73194122314453,17995800
2019-03-13,65.9708841384716,66.52838211448024,65.89123771251975,66.3071517944336,13387900
2019-03-14,66.29828615269825,66.46642331951527,65.91776981560486,66.08590698242188,9636500
2019-03-15,66.16422849234986,66.32443271493567,65.7281196382163,65.85272216796875,24900000
2019-03-18,65.75484070152014,66.5469599525543,65.68364408291218,66.49356079101562,10313900
2019-03-19,66.71607401143878,66.94748172189428,66.0040602112911,66.25326538085938,10778100
2019-03-20,66.08413845477982,66.3333435470118,65.43441935832118,65.79933166503906,11259400
2019-03-21,65.60353066980338,66.57365832665018,65.55013151467915,66.4312515258789,10638600
2019-03-22,66.05743285958255,66.1019298846665,64.88260411016995,64.9271011352539,18004400
2019-03-25,64.94493309229408,65.42554598446915,64.78472879490239,65.07843780517578,12372800
2019-03-26,65.54122594334471,65.7815357094189,65.11401914417002,65.5145263671875,10524000
2019-03-27,65.53232556228467,65.8883357646087,65.09621662936088,65.58573150634766,10556100
2019-03-28,65.77262868893415,66.15533842945493,65.58572487942341,66.06633758544922,10030100
2019-03-29,66.50244617779185,66.83174997817764,66.44904702969235,66.77835083007812,10138800
2019-04-01,67.39247835617772,68.26469626152114,67.3479745324983,68.15789794921875,15531000
2019-04-02,68.1934963442923,68.37149804972074,67.9620886949715,68.13119506835938,10397600
2019-04-03,68.4070881967926,68.49608903447702,67.74847384953351,67.92647552490234,12726000
2019-04-04,67.8908669148896,68.58508288455992,67.88196479492953,68.34477996826172,9236600
2019-04-05,68.60290491291433,68.75420703982769,68.43379854146426,68.54060363769531,7531000
2019-04-08,68.02439691615218,68.26469992204835,67.73068796091094,68.24690246582031,8819100
2019-04-09,67.77517931339213,67.80187888798555,67.20556575430187,67.3212661743164,9814500
2019-04-10,67.3746557595133,67.44585914187441,66.89404990439652,67.30345916748047,13974700
2019-04-11,67.32126943141867,67.95318429190961,67.27676561139033,67.8819808959961,9532200
2019-04-12,68.54059609568608,68.78089904785156,68.30028635319164,68.78089904785156,11175100
2019-04-15,68.68302312797917,68.82542996335528,68.30031324582043,68.3982162475586,7368100
2019-04-16,68.62958639695519,68.9054910015714,68.46938219000721,68.81649017333984,7101600
2019-04-17,69.22591078585916,69.41281459294285,68.88770486689756,68.90550231933594,10363900
2019-04-18,69.19031191224776,69.79552717476918,69.19031191224776,69.69762420654297,13192700
2019-04-22,69.43063251907802,69.64423594208071,69.14582569163096,69.4840316772461,6477700
2019-04-23,69.68871103783863,70.23162488982909,69.47510091256764,70.08921813964844,13760500
2019-04-24,70.08921421994053,70.2672158573841,69.85780665900212,69.88450622558594,7718000
2019-04-25,69.10131475086328,69.11911899530625,68.16678883716837,68.47830200195312,12555900
2019-04-26,68.51387059589388,68.99447631835938,68.38926131599104,68.99447631835938,12262600
2019-04-29,68.99450462564495,69.37721436931382,68.91440590247969,69.15470886230469,8759000
2019-04-30,69.43949835637308,69.6175067918721,68.8431853756882,69.43060302734375,9546700
2019-05-01,69.64424709197014,69.86675267373361,68.97673034667969,68.97673034667969,16918700
2019-05-02,68.80760403509336,69.09241082578208,68.36259300024665,68.94110870361328,16360900
2019-05-03,69.18141211742446,69.84002648727561,69.18141211742446,69.77772521972656,12904100
2019-05-06,68.31811777003034,69.23483970787117,68.2647118113838,69.11023712158203,11928800
2019-05-07,68.26468466020914,68.39818931822866,67.18775885542186,67.71287536621094,18355800
2019-05-08,67.58827282948043,68.18458593959481,67.49036986628805,67.71287536621094,16464800
2019-05-09,67.00086515962806,67.73068303787919,66.60035791546866,67.61498260498047,14923700
2019-05-10,67.16996730784963,68.05108726370831,66.38674353346008,67.8819808959961,17419800
2019-05-13,66.30663268274125,66.56473985298997,65.50561160099146,65.95062255859375,20011000
2019-05-14,66.19095992585513,67.14328350129081,66.10195226489402,66.63597106933594,11317900
2019-05-15,66.03962438080721,67.00084969329862,65.88832228263591,66.72494506835938,12290000
2019-05-16,67.02756002390025,67.56157869900126,66.89406214545453,67.33907318115234,7450000
2019-05-17,66.60925100658169,67.32127140594118,66.51135482224129,66.5914535522461,16305500
2019-05-20,66.17315051739205,66.67156757664952,66.1108492337762,66.42235565185547,11638300
2019-05-21,66.99195622677203,67.28566513080726,66.81395453420303,67.20556640625,10612300
2019-05-22,66.97416369039797,67.05426242083549,66.65375518798828,66.65375518798828,9114700
2019-05-23,65.92389046304338,66.02179336864027,65.22967479813812,65.63908386230469,16205600
2019-05-24,66.07524188981976,66.19094911403677,65.4878308073467,65.66583251953125,11127400
2019-05-28,65.74592866399267,65.9951337416317,65.05170578871797,65.06060791015625,11263100
2019-05-29,64.77579359989463,65.06060033981807,64.15278097828971,64.76689147949219,14257100
2019-05-30,65.05170055408611,65.33651409455965,64.79360016610693,65.01610565185547,10103500
2019-05-31,64.32186719120438,64.57107897851753,64.07266219421811,64.12606811523438,13718400
2019-06-03,64.01929600719822,64.91822031489892,64.00149855125234,64.56221008300781,17515000
2019-06-04,65.18519964488563,66.12862744143136,65.0694992466811,66.10192108154297,16424700
2019-06-05,66.44904236155735,66.82284995265162,66.21763475216765,66.74274444580078,12865600
2019-06-06,66.81395565360373,67.03646116820748,66.25324420132084,66.85845947265625,11387300
2019-06-07,67.10764173509374,67.66835299664397,67.06313793117971,67.39244842529297,9234300
2019-06-10,68.03328428873705,68.2201880950949,67.46367074831433,67.4814682006836,9513900
2019-06-11,67.88196923159639,68.04217344970856,66.63594396886663,66.90294647216797,11936300
2019-06-12,66.84955843739604,67.08096607763764,66.6893541926641,67.04536437988281,5612300
2019-06-13,67.16105469593448,67.42806399374138,66.98305302428224,67.38356018066406,6987000
2019-06-14,67.3034886456455,67.38358739313787,66.83177112364245,67.11658477783203,5966600
2019-06-17,67.15214959033666,67.25895466277764,66.83174116334197,66.88514709472656,7708800
2019-06-18,67.23226230837635,68.27358641271168,67.23226230837635,68.18458557128906,12506300
2019-06-19,68.30029465141745,68.31809889615818,67.81078656632434,68.13119506835938,11171700
2019-06-20,68.93218835809509,69.35940182635095,68.49607956053119,69.27040100097656,14503200
2019-06-21,69.2677222068682,69.55376751049997,68.87441417678576,68.90122985839844,11526800
2019-06-24,68.92805180306027,69.17834061399795,68.74033519485701,68.76715087890625,8388300
2019-06-25,68.76715469344151,68.79397037897822,68.19506400246173,68.24869537353516,9267600
2019-06-26,68.43640817460302,68.61519076797315,68.24869156645835,68.41853332519531,7262700
2019-06-27,68.47216115557488,68.71351593918999,68.1950566749914,68.4811019897461,7573800
2019-06-28,68.57944752941704,69.24986703969701,68.57944752941704,69.20516967773438,11152300
2019-07-01,69.76833053967245,70.11694815995901,68.97276655287898,69.26774597167969,10300100
2019-07-02,69.33924566028188,69.437574387547,69.01744379284312,69.1783447265625,9237200
2019-07-03,69.40180508955554,69.58952167435885,69.15151630981778,69.56270599365234,8091400
2019-07-05,69.24090903339848,69.28560638427734,68.33807574053971,69.28560638427734,6389000
2019-07-08,68.86546102509206,69.07105242725397,68.53471843135999,68.7135009765625,6039900
2019-07-09,68.29338268987885,68.6420001903256,68.18611314364217,68.5615463256836,10137500
2019-07-10,68.7582083827671,69.06213537431763,68.33807782319167,68.40065002441406,10124800
2019-07-11,68.38278332668337,68.87442698050518,68.27551376043336,68.86548614501953,7393900
2019-07-12,69.09788047348846,70.09010151451761,69.09788047348846,70.07221984863281,12152800
2019-07-15,70.0722315414343,70.0722315414343,69.6878574990594,69.78618621826172,4452300
2019-07-16,69.77723675752385,70.42084036006044,69.77723675752385,70.23312377929688,8115300
2019-07-17,69.83089815540177,69.89347036979397,68.7045914764821,68.73140716552734,11235100
2019-07-18,68.77608219482613,68.95485794365061,68.43639872425891,68.85652923583984,6647900
2019-07-19,69.303492415119,69.65210998467866,69.18728883188557,69.23197937011719,7601700
2019-07-22,69.357112597882,69.64316473173353,69.0621332695995,69.28560638427734,8448200
2019-07-23,69.7951363010753,70.18844441014235,69.50909093999957,70.16162872314453,10284200
2019-07-24,69.58952802540772,70.63538058755724,69.5716531765913,70.46554565429688,8692500
2019-07-25,70.46557404017825,70.68010641168804,70.0096867833415,70.32254791259766,8759000
2019-07-26,70.18844522512147,70.35828700455893,69.93815638375644,70.17057037353516,6147900
2019-07-29,70.09010750492482,70.21525189738485,69.92920659749652,70.04541015625,5387500
2019-07-30,69.60740914920135,70.34933471679688,69.36605436298946,70.34933471679688,7071100
2019-07-31,70.38508536132147,70.5281114182332,69.0263719199489,69.56270599365234,12485300
2019-08-01,69.4375638494178,69.97389794046646,68.08778437805657,68.21292877197266,18665700
2019-08-02,67.98051584346791,68.12353507292752,67.31009658197358,67.77491760253906,12992400
2019-08-05,66.70227084838574,66.71120486443276,65.3256753727313,65.89776611328125,14505200
2019-08-06,66.3536423727355,66.94360786838024,66.04077454610645,66.88997650146484,11758600
2019-08-07,66.02291234238308,66.97937721476295,65.54020948811758,66.85423278808594,15604300
2019-08-08,67.14920192841372,68.03415352628866,67.06874806322979,67.98945617675781,9353100
2019-08-09,67.73916785105598,67.810680882852,67.02405799267014,67.41736602783203,8213600
2019-08-12,66.94362677006534,67.17604079208544,66.27320721489454,66.48773956298828,15560600
2019-08-13,66.40727619696655,67.96264727379372,66.28213178962751,67.28328704833984,14379300
2019-08-14,66.25532624802814,66.38940469080374,65.1558352782499,65.22734832763672,13653800
2019-08-15,65.33461382380544,65.34355466031896,64.53011585394981,65.15583801269531,11974400
2019-08-16,65.69216398920362,66.55030005016212,65.62065776568481,66.41622161865234,9575500
2019-08-19,67.2028473553139,67.32799177635927,66.92574282583625,67.04194641113281,4260500
2019-08-20,66.91679107531588,67.06875115896203,66.59498923944267,66.64862060546875,4695400
2019-08-21,67.15815081737993,67.35480828710074,66.95255933166057,67.05982208251953,5399200
2019-08-22,67.2475367970883,67.52464129394221,66.65756446459575,67.15814208984375,7692400
2019-08-23,66.7379993158873,67.23857679846377,65.0485366724783,65.36140441894531,26474900
2019-08-26,66.12122066733673,66.22848338859698,65.27201881149958,65.8441162109375,14041900
2019-08-27,66.19273363165568,66.21954931194519,65.35247261001035,65.50443267822266,9943300
2019-08-28,65.32568688300073,66.30896759033203,65.04857547994624,66.30896759033203,11921300
2019-08-29,67.0419344707283,67.59615025083528,66.77376400490209,67.44418334960938,10651000
2019-08-30,67.89114845359998,68.16825983062138,67.5872282063728,67.7213134765625,7500200
2019-09-03,67.07767968980015,67.75703975424123,66.38044477991511,66.80057525634766,12787100
2019-09-04,67.33691168864424,67.72128566809334,66.80057764798107,67.64977264404297,9265600
2019-09-05,68.46323038647643,69.36606381446775,68.4185398487667,68.86548614501953,14266800
2019-09-06,69.1246942522033,69.24089779783071,68.80289247369662,69.00848388671875,6940300
2019-09-09,69.1694063411691,69.52696474208237,69.05320275931246,69.21410369873047,8081000
2019-09-10,69.0353087662514,69.86662891942804,68.79395401411705,69.84874725341797,9487400
2019-09-11,69.99179374348316,70.54600279422189,69.61635366605383,70.50131225585938,14262600
2019-09-12,70.69794242300455,70.88566581727551,70.23312140348388,70.54598236083984,18667600
2019-09-13,70.86779431566747,71.32368138740604,70.84097863259902,70.93036651611328,9357700
2019-09-16,70.72479382277062,70.98402352761251,70.56389286182944,70.86781311035156,8011700
2019-09-17,70.69796887205156,70.89462635306388,70.32253558276983,70.8320541381836,6249300
2019-09-18,70.42086541785477,70.7605490066504,69.9381625441926,70.72479248046875,8089600
2019-09-19,70.69795387470263,70.93036783203821,70.33146149953738,70.36721801757812,5076800
2019-09-20,70.44358543963294,70.68621931109945,69.72467889839994,69.92237854003906,10478700
2019-09-23,69.64380597525192,70.03920526116075,69.39219074094665,69.78759002685547,14475100
2019-09-24,70.09312682657898,70.26386868841037,69.04173156962067,69.39219665527344,11798600
2019-09-25,69.50003844108161,69.97631808321066,69.25741136633884,69.84152221679688,10000200
2019-09-26,69.95835349689789,70.16504144121663,69.57194227091358,69.94038391113281,9083000
2019-09-27,70.17401541019046,70.2548956776183,69.3382960681219,69.66179656982422,10226900
2019-09-30,69.74265816752121,69.99427341037975,69.74265816752121,69.76062774658203,6225100
2019-10-01,70.01227769334076,70.308820429804,68.01731768002205,68.08920288085938,15968900
2019-10-02,67.50508291855989,67.51406428155273,66.30990346429306,66.80414581298828,12341200
2019-10-03,66.65137730004122,67.26244589951963,65.76173562856596,67.24447631835938,16621700
2019-10-04,67.28940124032447,68.02627744900317,67.21751606230833,67.94540405273438,9175800
2019-10-07,67.73871660695761,68.17905017616305,67.46014354333921,67.60392761230469,6505400
2019-10-08,66.92096913600815,67.28042246391084,66.51658157111689,66.56151580810547,11579500
2019-10-09,67.1096930741545,67.39725441876777,66.7502396793871,67.1276626586914,6271500
2019-10-10,66.99288873659212,67.98138065303179,66.99288873659212,67.7387466430664,9321000
2019-10-11,68.6373559613759,69.62585443220178,68.45763270631814,69.01478576660156,16243500
2019-10-14,68.87998962402344,69.07768931740424,68.66432034760925,68.87998962402344,4829300
2019-10-15,69.00580283088928,69.7067331776893,68.8620187310312,69.43714141845703,8973800
2019-10-16,69.31131561514361,69.75164916368841,69.27536959958884,69.40118408203125,8786300
2019-10-17,69.79661429392783,70.2639058928951,69.6797948221886,69.7426986694336,7976200
2019-10-18,69.58989412504764,69.7336713283797,69.06868719396613,69.14057922363281,9694500
2019-10-21,69.4011820291426,69.70671286831835,69.29334398566816,69.55394744873047,8419400
2019-10-22,69.63483564346274,70.30880813245948,69.374232124997,70.10212707519531,11351500
2019-10-23,70.07516243773026,70.13806625632779,69.79658250736807,70.09313201904297,7370300
2019-10-24,70.2099556663794,70.29083592716314,69.68875550489425,70.19198608398438,8355700
2019-10-25,70.17399821014938,70.79405496977233,70.1380590512159,70.6323013305664,7718500
2019-10-28,70.78506759784894,71.19844334653789,70.77608623600891,70.83000183105469,8138200
2019-10-29,70.54243749308984,71.25235583962578,70.45257588659186,71.06364440917969,10429100
2019-10-30,71.198450051281,71.37817328902568,70.8120389197281,71.31526947021484,9208200
2019-10-31,71.09958680367559,71.09958680367559,70.19196885544545,70.55142211914062,10693200
2019-11-01,71.04569009135554,72.08810424804688,71.00076270212087,72.08810424804688,19657900
2019-11-04,72.48348616441811,72.95077066444293,72.48348616441811,72.92381286621094,15286500
2019-11-05,73.05862190829964,73.40009884091405,72.86092221089027,73.07659149169922,14923700
2019-11-06,73.01369055281839,73.13050998954178,72.6991714108684,73.12152862548828,12253200
2019-11-07,73.50793429444597,73.84941121491313,73.25631214378312,73.37313842773438,10297000
2019-11-08,73.22036958029777,73.47198486328125,72.99571209820506,73.47198486328125,6323400
2019-11-11,73.02268114096042,73.62476164021882,72.90585484444532,73.50794219970703,5801500
2019-11-12,73.62476243516747,73.84043173382683,73.34618930539897,73.49895477294922,8293500
2019-11-13,73.20239337035952,73.462996873119,72.96874766857478,73.19340515136719,9885400
2019-11-14,73.04964000025467,73.57982845638675,73.04065177977688,73.42706298828125,7355000
2019-11-15,73.84041703323844,74.11899696354898,73.77751321465257,73.96622467041016,6150700
2019-11-18,73.83145195287197,73.83145195287197,73.53490237585302,73.68766784667969,5119400
2019-11-19,73.92130540354745,73.98420922903831,73.46300218582664,73.624755859375,9192800
2019-11-20,73.39112991731197,73.5618718565123,72.75310327083264,73.04066467285156,14726700
2019-11-21,73.04962552317848,73.24732519848916,72.7890220289964,73.01367950439453,6094800
2019-11-22,73.19339835898985,73.40907445877738,72.95975953488917,73.39109802246094,5205100
2019-11-25,73.66069168050137,74.06507238036724,73.47198023016384,73.92129516601562,9190000
2019-11-26,73.99319405242461,74.27177402634089,73.84941681143827,74.13697814941406,6069400
2019-11-27,74.08303227995026,74.09201364034112,73.77749462665386,74.06505584716797,9186200
2019-11-29,73.97521758523861,73.97521758523861,73.5977946497635,73.72360229492188,5645400
2019-12-02,73.71462085894049,73.82245893157202,72.47451387569184,72.51045989990234,18275700
2019-12-03,71.74660043638605,71.78254645135434,71.22540035934917,71.71964263916016,20384400
2019-12-04,72.09708745771428,72.69916790844113,71.92634556488024,71.99823760986328,16090300
2019-12-05,72.13300897771221,72.18693142625938,71.70167052534129,72.01618957519531,18539400
2019-12-06,72.69019394228981,73.02268957353182,72.66323613413583,72.88789367675781,8966700
2019-12-09,72.68118388753636,72.87888356261554,72.57335268731283,72.60929870605469,6951300
2019-12-10,72.60033523979978,72.8160045697794,72.39364727556621,72.51945495605469,9046900
2019-12-11,72.59131868496738,73.04063361305556,72.41159545613279,72.97772979736328,9070300
2019-12-12,73.01368718774819,73.85840157805657,72.82497571127558,73.624755859375,15561500
2019-12-13,73.58881667686455,74.17292759986,73.184435883408,73.42706298828125,11754800
2019-12-16,73.67865929950933,73.79548556756131,73.38211666030436,73.39109802246094,8046500
2019-12-17,73.40008648948793,73.5618401368762,73.2742788588528,73.31920623779297,5949600
2019-12-18,73.32819859875151,73.34617503614452,72.87888364795523,73.01367950439453,6679300
2019-12-19,73.02266854614163,73.29225340605669,72.94178828896561,73.21138000488281,5744000
2019-12-20,73.45791780647122,73.71981680297615,73.29536693631404,73.54823303222656,8913300
2019-12-23,73.99075490922242,74.23458812500452,73.86432185065615,74.15331268310547,5675700
2019-12-24,74.13525122141769,74.23459247183456,73.77401782726761,73.85529327392578,4451600
2019-12-26,74.01785308420142,74.03591888845483,73.67467859432737,74.02688598632812,3914200
2019-12-27,74.26166193957845,74.26166193957845,73.86429709435927,73.96363830566406,5300700
2019-12-30,74.04494787371915,74.04494787371915,73.47599903843039,73.62049102783203,7716400
2019-12-31,73.43985144800112,73.77399983519136,73.31341841286614,73.5753173828125,6458200
2020-01-02,74.09913009063465,74.96610260009766,73.90044759865843,74.96610260009766,16121300
2020-01-03,74.1081618073594,74.91191784853429,74.04494527232605,74.82160949707031,17571300
2020-01-06,74.46940985675415,74.85774200955785,74.29781914804735,74.84870910644531,16153100
2020-01-07,74.5687344864773,74.97512546476501,74.31586837642406,74.6951675415039,16675400
2020-01-08,74.74936131264023,75.28219230835326,74.62292824045457,74.94804382324219,10677700
2020-01-09,75.26411437988281,75.34539670752929,75.0293140779809,75.26411437988281,7407200
2020-01-10,75.41764082108327,75.41764082108327,74.60485205230279,74.73128509521484,8856800
2020-01-13,74.96612915145825,75.42670393861766,74.82163023699354,75.34542846679688,7893800
2020-01-14,75.39054823342092,75.84209677919107,75.25508229167306,75.35442352294922,9649400
2020-01-15,75.36346575004964,75.78792257682353,75.30024921564197,75.47183990478516,12014500
2020-01-16,75.86017995788828,76.25754501011433,75.79696341686015,76.22142028808594,9493300
2020-01-17,76.27559659244613,76.59167926719648,76.13110460831122,76.2304458618164,7013400
2020-01-21,75.88726333478462,76.10400475275726,75.05641549081828,75.39056396484375,13005000
2020-01-22,75.5982680687348,75.76985874674507,74.93901095126859,74.99319458007812,7490500
2020-01-23,74.89386189344222,75.90533338402601,74.62292993825979,75.80599212646484,10758500
2020-01-24,75.95046514277668,76.01368166451523,74.8938431836819,75.45376586914062,13402200
2020-01-27,74.1081614352119,74.52358536192855,74.02688598632812,74.02688598632812,15013800
2020-01-28,74.27071646566249,74.87579686414789,73.92754198852927,74.50552368164062,14918000
2020-01-29,75.25507747015106,75.4718188290108,74.82158786234803,74.90287017822266,10355100
2020-01-30,74.18040539911456,75.06544370992552,74.02688052471507,74.98416137695312,13158200
2020-01-31,74.57779866526124,74.68616596354167,72.9702860999504,73.250244140625,19083600
2020-02-03,73.64757842376116,74.26168478709054,73.14183931331743,73.2231216430664,15676600
2020-02-04,74.34295939010335,74.78547507793742,74.2707099622695,74.6048583984375,13597200
2020-02-05,75.44472907492788,75.86015289492336,75.05639706426719,75.85111999511719,12835800
2020-02-06,76.15818723044319,76.2214037577614,75.607297396634,76.094970703125,8627600
2020-02-07,75.80597400224386,75.99562356949448,75.48085848979015,75.54407501220703,12394500
2020-02-10,75.42668013817445,75.98660291991362,75.33637179017401,75.96854400634766,8074200
2020-02-11,76.35688673484857,76.61877891348699,76.06789584696035,76.2575454711914,6291400
2020-02-12,76.67296165190547,77.06129376399619,76.49233805902283,76.97098541259766,7808900
2020-02-13,76.57363846000754,76.86262938669941,76.27561462901953,76.53751373291016,8231500
2020-02-14,76.51943846905785,76.6639304564952,76.13110634832175,76.43815612792969,5319300
2020-02-18,76.1220693535648,76.33881076811146,75.65245491694743,76.00466918945312,10399700
2020-02-19,76.1581855175909,76.3749269077951,75.94143723730213,75.9775619506836,4638700
2020-02-20,75.84207933847541,76.3929620987562,75.31828149221492,75.86917114257812,9518700
2020-02-21,75.46280686552737,75.71567300269841,75.14672419406357,75.48989868164062,13184800
2020-02-24,73.34051513671875,73.80109658990979,72.88896658380945,73.34051513671875,18010100
2020-02-25,73.49404695040589,73.71079523718731,70.16162299963766,70.35127258300781,33000700
2020-02-26,70.79378220555186,71.6968793194281,69.66491081320656,69.81843566894531,32619800
2020-02-27,68.44577349873846,69.89976130422451,67.18143537786948,67.22659301757812,42597300
2020-02-28,65.17652266971982,66.53116845723555,64.39083252261494,65.99834442138672,79118200
2020-03-02,66.78404348444927,68.48187084112385,65.55583058858986,68.3193130493164,44798900
2020-03-03,68.49991991930261,70.01712346160998,66.24217696289789,66.64857482910156,53823900
2020-03-04,67.69616206121309,69.49332347440092,67.06399680735339,69.40301513671875,32387800
2020-03-05,67.43424961349217,67.93095570683508,65.71836397931493,66.00735473632812,28762200
2020-03-06,63.81285945571201,65.6912966306369,63.62320295667125,65.42939758300781,40681300
2020-03-09,60.236586381271124,61.72669828517359,58.77357318369295,59.396705627441406,24792500
2020-03-10,61.446745946032586,62.52143402228688,59.01741181335805,62.47627639770508,18385600
2020-03-11,60.54363736022059,61.094527205660384,58.15946129376325,58.8096923828125,28414900
2020-03-12,53.815567166272174,56.895128759752296,48.857561572817815,52.72282028198242,23659800
2020-03-13,55.83850728139007,56.886100003497994,52.912470536168485,56.8409423828125,18660300
2020-03-16,50.772132561805485,54.08649808100539,50.18511792429696,50.39282989501953,18656400
2020-03-17,51.187561329876786,52.98472324147835,49.31814997205848,52.71379470825195,24962200
2020-03-18,49.03818683662788,49.66132623100775,45.47998441476222,48.830474853515625,26018900
2020-03-19,48.2253904263744,49.63421981172405,46.31985483973628,48.8665885925293,16868000
2020-03-20,49.2278305034726,49.8148451049815,46.22051839608283,46.4192008972168,22341700
2020-03-23,46.26083470497532,46.26083470497532,43.421292581439154,44.386009216308594,34346400
2020-03-24,47.08904604171773,50.165212279132405,46.97073088742003,50.00139236450195,29349700
2020-03-25,50.95700260240482,54.65204278738458,49.728353413579626,52.6316032409668,27753000
2020-03-26,53.63272898321009,56.27204673448963,53.1594718395149,55.95350646972656,22110200
2020-03-27,53.81474497410675,56.03540963606496,52.75901869589183,53.596317291259766,22486700
2020-03-30,53.62361715903027,54.642941673052945,52.768116003987394,54.37900924682617,15759000
2020-03-31,53.92395593749792,54.83406489846835,53.478001019034735,53.705528259277344,12883900
2020-04-01,51.311943080226875,51.93081743802552,50.54745143069856,51.284637451171875,16057100
2020-04-02,50.82958037347647,52.66800075713922,50.6293587774864,51.96721649169922,23895100
2020-04-03,51.82159953497846,52.3585639250451,50.71126903739232,51.275535583496094,15912400
2020-04-06,53.58721393497915,55.143499347784214,53.52350658861566,54.8249626159668,19306700
2020-04-07,56.88181083747269,57.509784779273915,54.66114619222223,54.697547912597656,18391000
2020-04-08,55.45294146206832,56.99102441707379,54.997886963591995,56.68158721923828,11986700
2020-04-09,57.76462520400191,58.54731957893075,57.01833602599782,57.5370979309082,21132300
2020-04-13,57.17303680251968,57.20944198919096,55.33461653709673,55.85337829589844,11086600
2020-04-14,57.082032774545546,57.500682045991375,56.35394285854755,56.918212890625,15293600
2020-04-15,55.671367258418925,55.78058284084442,54.41541930663945,55.34373092651367,12758400
2020-04-16,55.26181795119972,55.28002054727443,54.033168754582995,54.85226821899414,16117600
2020-04-17,56.72708711979084,57.618993389270486,56.52686205887854,57.4278678894043,18372500
2020-04-20,56.33575065565084,57.00922939735339,55.71687623410283,55.898895263671875,10475100
2020-04-21,54.68844717927216,55.30732154567359,54.36080740037844,54.5792350769043,9553300
2020-04-22,55.64406283496369,55.78968013381652,54.81586379677758,55.15260314941406,9185000
2020-04-23,55.580355431524396,56.74529382125337,55.57125586926288,55.58945846557617,14256500
2020-04-24,56.07180939423355,56.22652623942164,55.13439834640239,56.035404205322266,7139000
2020-04-27,56.4267495284224,57.78281326241876,56.31753743692014,57.4278678894043,9323200
2020-04-28,58.55640103235841,59.16617924893702,57.89202544941309,58.50179672241211,9938600
2020-04-29,59.67584684123748,60.267419079844366,59.084274602630586,59.62124252319336,12757000
2020-04-30,58.79303702928423,58.90225260343381,58.01034624528639,58.43809509277344,14309800
2020-05-01,57.409678723270076,57.56439559041338,56.29934460644254,56.672489166259766,9019200
2020-05-04,55.87159651270642,55.962609504834724,55.152609497950806,55.95350646972656,8551700
2020-05-05,56.47226640453378,56.93642396872737,56.10822486408583,56.171932220458984,8691200
2020-05-06,56.48136644773469,56.526871203906666,55.325527587656744,55.39833450317383,7048100
2020-05-07,56.14462277575993,56.76349717147058,55.82608601552222,56.04451370239258,8144500
2020-05-08,56.72709727168157,57.555296346683726,56.70889467454202,57.436981201171875,8661500
2020-05-11,56.86360434744752,57.15483892124882,56.32663995104076,56.717987060546875,8407700
2020-05-12,56.854505900033345,57.072930098769525,55.11619798468523,55.12529754638672,12329000
2020-05-13,54.79765814097017,54.861365488674465,53.24137269541085,53.7419319152832,15434500
2020-05-14,52.95014519916444,54.30620574951172,51.84891407373278,54.30620574951172,14221100
2020-05-15,53.66912652585166,54.45182078757508,53.42339668983685,54.11507797241211,17398000
2020-05-18,56.262933745630214,58.046746414273976,56.108216894069805,57.68270492553711,22117500
2020-05-19,57.57348086853267,58.12864778920447,56.93640748919408,56.94550704956055,12447700
2020-05-20,57.84652176784599,58.56550514579327,57.76461182962543,58.01034164428711,8644000
2020-05-21,58.01945494131373,58.611027243157125,57.71001770942176,58.14686965942383,7682300
2020-05-22,58.256069186128926,58.30157046228865,57.582587112392005,58.101348876953125,7113000
2020-05-26,59.930679651767186,61.004608610266246,59.90337749119551,60.54045104980469,14908000
2020-05-27,61.85100629460509,62.60639842480932,61.241234936113734,62.560890197753906,21918500
2020-05-28,63.18885249975821,63.38907754114771,61.86009452203936,61.969303131103516,17490200
2020-05-29,61.395933208978825,62.00570438284432,60.74975685320783,61.58705520629883,18881500
2020-06-01,61.52335815927113,62.1877406888549,61.28672790911504,61.72358322143555,12919200
2020-06-02,62.18775823845586,62.68831409154586,61.92382575871825,62.52449417114258,10852400
2020-06-03,63.43459388805836,65.13650020072394,63.407291729304355,64.96357727050781,16253300
2020-06-04,64.81796715498486,65.68256796842317,64.65414724949768,65.65526580810547,17880500
2020-06-05,68.40380525429427,69.35941567060199,67.79402686265229,68.06706237792969,19564100
2020-06-08,68.94075316193847,69.65063703401925,68.91345100433233,69.43221282958984,18906200
2020-06-09,68.16716042944093,68.2581699339702,67.4026653155188,67.7030029296875,15074600
2020-06-10,67.38447159744473,67.47548110927453,65.87368731546337,66.08301544189453,16694200
2020-06-11,63.270789433322925,63.7895514069957,61.35046538196617,61.44147491455078,26054800
2020-06-12,63.66211424375622,63.83503715525181,61.10471047814581,62.63369369506836,29161900
2020-06-15,60.64057058639734,63.6439335797101,60.39484416936497,63.252586364746094,18116200
2020-06-16,65.90099769087068,65.97380113559205,63.334483580074895,64.49032592773438,20563200
2020-06-17,64.63593250436524,64.7633541413794,63.87144434376051,64.02616119384766,9448200
2020-06-18,63.42550127570064,64.36291247675764,63.29808656547431,63.7895393371582,8632800
2020-06-19,64.73605279826556,64.80886318711829,62.57909884125541,63.00685119628906,15601300
2020-06-22,62.628382600052824,63.31399470756142,62.10731767732257,63.11288070678711,7932000
2020-06-23,63.752779083442285,63.83505615856025,62.96661001830309,63.12202072143555,8849600
2020-06-24,62.26273149823172,62.47298200625078,60.7726701207107,60.92807388305664,16922800
2020-06-25,60.52584120980931,61.65938470536599,59.99563279396223,61.60453796386719,11623700
2020-06-26,61.35771494743797,61.58625231497615,60.196741214676095,60.46184539794922,21429900
2020-06-29,61.35771211978075,62.4455451965332,60.96462758675401,62.4455451965332,10864700
2020-06-30,61.9702094553467,63.15859988943492,61.78737532935782,62.80208206176758,8868500
2020-07-01,63.42368657872188,63.935615015324366,62.46383383710505,62.518680572509766,9789000
2020-07-02,63.52425956538849,63.99047785689456,62.902637501516594,63.058048248291016,8279800
2020-07-06,64.0361615723216,64.30125873315924,63.496809855955966,63.96302795410156,10815400
2020-07-07,63.34140954804569,63.61565016948279,62.66494097921354,62.738067626953125,6111800
2020-07-08,62.71064426225002,63.13115212797844,62.2078663024123,62.738067626953125,8576500
2020-07-09,62.62838682908768,62.701513491610534,61.174885436328886,61.375999450683594,16782900
2020-07-10,61.3211586225355,62.22616479998134,61.3211586225355,62.17131805419922,9255300
2020-07-13,62.710664585672035,63.49683384250628,62.0981859941223,62.42728042602539,14570100
2020-07-14,62.207881001131994,63.85334604176971,61.95191326314114,63.78021240234375,12689500
2020-07-15,64.95948647615225,65.69995260143394,64.59383211361452,65.40742492675781,15472400
2020-07-16,65.10571594071295,65.74561767745111,64.80404499007673,65.42566680908203,13017100
2020-07-17,65.71820673036564,65.95588755223515,65.3799689059516,65.81876373291016,8605200
2020-07-20,65.44397249568219,65.5993832424316,64.82235740631893,65.01432800292969,9404600
2020-07-21,65.5993783795078,66.34898078545166,65.4805344658383,65.87361907958984,9344300
2020-07-22,65.61764712951269,66.49522977427237,65.59936720904989,66.40381622314453,7620200
2020-07-23,66.32154928240098,66.81518387691469,65.94674463817302,66.20270538330078,7538000
2020-07-24,66.10214433731974,66.46780551131398,65.48052243385159,65.67249298095703,10061400
2020-07-27,65.65421925426212,66.03816038469228,65.27027812383196,65.94674682617188,6198400
2020-07-28,65.63592942148283,66.03815041311985,65.43481543846111,65.48966217041016,5964500
2020-07-29,65.82793311876839,66.6323824816931,65.78222283617986,66.48612213134766,6935400
2020-07-30,66.0198777379992,66.19356837410467,65.33426561578138,65.81876373291016,9118700
2020-07-31,65.55365066791687,65.70905438739118,64.47495412934339,65.57193756103516,9836300
2020-08-03,65.65420562210579,66.07471348351316,65.2428412069742,65.84617614746094,12737000
2020-08-04,65.60850654629496,66.04730137503435,65.59022662503412,66.01073455810547,6560900
2020-08-05,66.45866248808242,67.3545320213646,66.37639238497232,67.27225494384766,8520900
2020-08-06,67.18998332935529,67.53735760312881,67.09856978093137,67.5282211303711,5880600
2020-08-07,67.48251252663745,68.70747642370998,67.381955528579,68.68004608154297,12952100
2020-08-10,68.92688067830129,70.43522890100306,68.8903138576676,70.3712387084961,15626800
2020-08-11,71.35850354056277,71.91613526071295,70.59976480074465,70.74602508544922,17263700
2020-08-12,71.41336608524263,71.49563619786619,70.70032357046684,70.97457122802734,12587200
2020-08-13,70.59061088755557,71.0751089063175,70.32550675052615,70.5997543334961,13298800
2020-08-14,70.24324280471978,71.2305259185128,70.1335493305697,70.87400817871094,5909700
2020-08-17,71.01114779649173,71.15740811937188,70.41694910647117,70.54492950439453,5898700
2020-08-18,70.49919508127662,70.71858895594461,70.06040035753514,70.16095733642578,5145500
2020-08-19,70.24325429897026,70.60891554625526,69.82274630563538,69.97815704345703,6297900
2020-08-20,69.429657128019,69.76789498007741,69.21026318381213,69.60334777832031,10529300
2020-08-21,69.53935208070722,70.07870391158211,69.49364181601356,69.88672637939453,7113600
2020-08-24,70.3529418507628,71.14825439453125,70.032990933525,71.14825439453125,10171400
2020-08-25,71.6327660077213,71.6327660077213,70.6820495497132,71.05685424804688,12076100
2020-08-26,70.91972300719388,71.34023095878437,70.57234171827444,71.0934066772461,6538500
2020-08-27,71.49563316035562,71.9527079205991,71.11169203560887,71.34937286376953,10260100
2020-08-28,71.59618178961315,72.06239994335327,71.25794399581635,72.02583312988281,10323900
2020-08-31,71.82471456933008,72.08981871930463,71.12995910644531,71.12995910644531,9908100
2020-09-01,70.90142610929452,71.91613251379972,70.64546539003312,71.85214233398438,14431600
2020-09-02,72.10811378792002,73.24166424826623,71.90700674599493,73.0405502319336,15333500
2020-09-03,73.09538300038734,73.36963060194567,70.5357689416033,70.99284362792969,19995100
2020-09-04,71.62358957330332,72.10808754116543,70.21579894580671,71.1573715209961,21632400
2020-09-08,70.67290571231919,70.7551828057683,69.63077569135181,69.82274627685547,14913700
2020-09-09,70.46263281563827,71.48647561303031,70.27979876295684,70.90142059326172,16222000
2020-09-10,71.13910085140371,71.35849473860206,69.77702029737196,69.99641418457031,16547200
2020-09-11,70.26153142677163,71.2853813819126,70.20668468834867,70.9471435546875,16124400
2020-09-14,71.6144707653019,72.1355426923442,71.27623990313995,71.9070053100586,9641800
2020-09-15,72.1995296507965,72.38235675868385,71.83386846061472,71.95270538330078,13583700
2020-09-16,72.51946621243063,73.41532862779962,72.11723828546168,72.68401336669922,10296200
2020-09-17,71.64190904260987,73.2782377178949,71.31281461772527,72.8302993774414,19265500
2020-09-18,73.05882293838742,73.33307056528322,71.96184637961797,72.01669311523438,13358700
2020-09-21,70.71813671625681,70.87415142778612,68.9286200389792,69.6260757446289,23188100
2020-09-22,69.59854780714724,70.45201133333283,69.53430891814462,70.31436157226562,7512500
2020-09-23,70.46117400929047,71.20451055305927,68.98367290269194,69.05709075927734,16388700
2020-09-24,68.9469759132547,69.93809614424354,68.23116919137833,69.15805053710938,12111100
2020-09-25,68.73590220600215,70.43365002453196,68.73590220600215,70.1950454711914,7346900
2020-09-28,71.07606167233139,72.0304731910394,71.07606167233139,71.46150207519531,7409600
2020-09-29,71.33300906803049,71.62667354952863,70.62637431468234,70.8282699584961,9633000
2020-09-30,71.10358846580736,71.9386940493422,70.12164713045618,70.64473724365234,12184900
2020-10-01,71.14028250819818,71.46148392927593,69.93809468003676,70.43365478515625,14045400
2020-10-02,69.28653247216171,71.63584841881284,69.25900251989842,71.22288513183594,17895400
2020-10-05,71.82856233002398,72.52601810049153,71.82856233002398,72.37001037597656,8880800
2020-10-06,72.67285053041766,73.15923165027739,71.41559580432664,71.489013671875,12587300
2020-10-07,72.33330957673928,73.28772100117718,72.30577962243572,73.06747436523438,10049900
2020-10-08,73.55385298244617,73.80162956400305,72.90228508122647,73.7924575805664,16341600
2020-10-09,74.25130897408387,74.57250343294153,73.8383386685405,74.06776428222656,12603500
2020-10-12,74.39812984618871,74.75603320551055,74.17788324080142,74.48989868164062,8662000
2020-10-13,73.96681442941316,74.41648665951732,73.44372432457374,73.66397094726562,11004600
2020-10-14,73.78327794165408,74.63674149514073,73.77409895678471,74.07694244384766,10052300
2020-10-15,73.2785403936813,74.37978755204479,73.15924159383543,74.34307861328125,12063800
2020-10-16,74.80191637937182,75.34335737525437,74.69178958290674,74.88450622558594,9422400
2020-10-19,74.9395977351775,75.37091207624115,73.68234265165142,73.95764923095703,8531000
2020-10-20,74.34307861328125,75.28831103152119,74.16871290453301,74.34307861328125,9806800
2020-10-21,74.06776310127816,74.68262205579,73.59056091308594,73.59056091308594,8009000
2020-10-22,73.75575760555816,74.32472871439461,73.52633196450735,74.19625091552734,6878200
2020-10-23,74.58166751709255,74.81109310647903,73.92092770093069,74.48989868164062,8038300
2020-10-26,73.5079773037179,73.59057417900472,71.83775884168963,72.62698364257812,10692400
2020-10-27,72.41590613853201,72.49849600109754,71.02099444652364,71.03935241699219,8736000
2020-10-28,69.58939057678764,70.36943639476178,68.62580003595674,68.7083969116211,17321800
2020-10-29,68.66246887768995,70.30515642987841,68.49728222435503,69.70864868164062,14272900
2020-10-30,69.34158327173161,69.91056121601332,68.57071670352369,69.6260757446289,15374700
2020-11-02,70.66308545959956,71.64502675670487,70.14917435128686,71.50736999511719,14166800
2020-11-03,72.48014626258222,74.031058720816,72.31495953313262,73.61809539794922,16357500
2020-11-04,73.01239963208565,74.50825900310322,72.37918974640706,72.85639190673828,23229800
2020-11-05,73.8475163694073,75.05888330854518,73.80162844686238,74.57250213623047,12159300
2020-11-06,74.43484453271157,74.97628560477776,74.11365008305248,74.64591217041016,10091600
2020-11-09,79.72081862175136,80.64769310480301,77.13289785420746,77.18795776367188,25393800
2020-11-10,77.44490253346082,78.8581650250717,77.20629795656198,78.546142578125,18983800
2020-11-11,79.0417219814606,79.05090096783422,77.49080935704576,77.88542175292969,11081400
2020-11-12,77.0961718116577,77.83032944720976,76.47213397060635,76.99522399902344,10776400
2020-11-13,77.64681201061796,78.79394017883828,77.5917520990281,78.7021713256836,9280200
2020-11-16,80.44580425046111,80.74864075333036,79.31702709844667,80.62016296386719,14364100
2020-11-17,80.01450618400789,80.67525329392062,79.21610225927726,80.40911865234375,11029700
2020-11-18,81.04229118183743,81.38184356724753,79.99611107723823,80.05117797851562,11882700
2020-11-19,79.84929033811183,80.32649252070738,79.32620023344325,80.2530746459961,8451900
2020-11-20,80.06036884961573,80.38156334320907,79.34456197774632,79.52810668945312,7288200
2020-11-23,80.20719673929784,81.0147723869257,80.20719673929784,80.8587646484375,11396000
2020-11-24,82.0976603559865,82.74005627204492,81.69386903740774,82.27202606201172,13977000
2020-11-25,82.20778641533173,82.22613738350124,81.24419605085343,81.64798736572266,9382800
2020-11-27,81.86825657930122,82.13439120102836,81.27174842725873,81.5103530883789,5023100
2020-11-30,81.32677971968751,81.41854854867759,80.32648057961099,80.78533172607422,10379800
2020-12-01,81.6846897304197,82.07012304458966,80.54673375308923,80.58344268798828,14520400
2020-12-02,80.2806097151417,80.8954686480054,80.18883387315056,80.69357299804688,13219800
2020-12-03,80.80370762180137,81.63881325287403,80.74864071097858,80.90465545654297,11677400
2020-12-04,81.17077692164206,82.02424045938142,81.14324696905594,81.86823272705078,11754100
2020-12-07,81.82234128292532,81.91411011358078,81.23500536340184,81.4736099243164,7599000
2020-12-08,81.2166648436282,82.0150684761953,81.18913489104207,81.86823272705078,5038200
2020-12-09,82.15272153037205,82.34544520922371,81.46444468208922,82.0517807006836,12047100
2020-12-10,81.48280316442478,81.87741550664803,80.91382511238929,81.271728515625,11628000
2020-12-11,80.7669981696195,81.63881273520778,80.75781918428818,81.46444702148438,6577500
2020-12-14,82.25369616574761,82.3179350791271,80.39076067622592,80.40911865234375,6841800
2020-12-15,80.99640923682588,81.84987267989405,80.51002812438621,81.52867126464844,7351300
2020-12-16,81.6020909979846,81.64797891593042,80.84957535366091,81.02394104003906,6805000
2020-12-17,81.50114276473172,81.62044855017804,81.05147057750814,81.51950073242188,9088500
2020-12-18,81.63879806429091,81.73056689656975,80.88628243718341,81.52867126464844,8640000
2020-12-21,79.90315170727072,81.41440901801353,79.60827240347889,81.0365982055664,9071100
2020-12-22,80.99976300603564,81.08269454089351,80.05983009476992,80.65880584716797,11451100
2020-12-23,81.07347745074536,81.5157929918714,80.97211200788756,81.08268737792969,8939400
2020-12-24,81.20249372595771,81.22092061239131,80.6311618198048,81.09191131591797,2367400
2020-12-28,81.6263580855892,81.89359355732843,81.10110409781961,81.19325256347656,4849900
2020-12-29,81.60794479503677,81.71852720005366,80.16119172417463,80.70487976074219,6729500
2020-12-30,80.8431134289642,81.44208217729341,80.79703566502516,81.2209243774414,5019300
2020-12-31,81.19326262950351,81.75537747932016,80.77859096739924,81.59872436523438,6761600
2021-01-04,81.70008113600014,81.77379569156176,79.17516954274402,79.626708984375,16200700
2021-01-05,79.47928017459999,80.71408532674083,79.47006321706021,80.40999603271484,16004600
2021-01-06,80.92603073917954,82.999403203264,80.67722913689992,82.32670593261719,19500600
2021-01-07,82.78745394518106,83.10076721243601,82.1055467594779,82.77824401855469,10114900
2021-01-08,82.9625512570763,83.19292599988968,81.74617289624085,82.57552337646484,11043300
2021-01-11,81.70931461572468,82.78746675805388,81.64480996696514,82.54788208007812,11911100
2021-01-12,82.52943649937366,83.57073472137331,82.05947713789189,83.36800384521484,10408000
2021-01-13,83.22977267943841,83.34956499440173,82.52022168538521,82.64923095703125,9230300
2021-01-14,83.07312461318797,83.53387404861277,82.78745518249924,82.93489837646484,10669800
2021-01-15,82.38198155472556,82.57549542953828,81.16560360556217,81.85672760009766,12924800
2021-01-19,82.55707620246991,82.83352866164329,82.09632679083302,82.12397766113281,8933700
2021-01-20,82.55708436876931,82.82431989761022,82.09633491155645,82.63080596923828,8374300
2021-01-21,82.44650535727389,82.64001927709926,81.86595656731937,81.98575592041016,9601500
2021-01-22,81.45127674609144,81.90280918055777,80.87994497050705,81.56185913085938,9728800
2021-01-25,81.18405982519515,81.41443457329756,80.20727314299431,81.00897979736328,18249000
2021-01-26,81.7093110689015,81.83832036082057,80.21648725370113,80.26255798339844,10480800
2021-01-27,79.18437958660549,79.3871104152777,78.06936705938503,78.66834259033203,23140100
2021-01-28,79.43319944302385,80.78780390102298,79.3502679197072,79.83866119384766,17928300
2021-01-29,79.32262392030917,79.71886871314759,77.87587098468582,78.1154556274414,20895000
2021-02-01,78.88952317167872,79.14754174462465,78.27212058206113,78.92638397216797,11318700
2021-02-02,79.85708103657858,80.96287666881811,79.77414249739816,80.6034927368164,10443800
2021-02-03,80.51136966392748,80.80624906088784,79.97689855991203,80.65880584716797,9662900
2021-02-04,80.93525799340148,81.6632430392884,80.82467558360926,81.52501678466797,7113900
2021-02-05,82.1608410562778,82.40042569596228,81.79224010921469,82.00418090820312,7481900
2021-02-08,82.33593542659771,82.74139724217528,82.1516384361422,82.70453643798828,8848000
2021-02-09,82.63080395145019,83.19291883796171,82.06868906493867,82.91647338867188,8298500
2021-02-10,83.28507826724007,83.31272914323395,82.40965701704748,82.78746795654297,10982400
2021-02-11,82.99940118193958,83.1191935015304,81.7738060234801,82.61237335205078,8868500
2021-02-12,82.42806983552616,83.27585412598874,82.33592135604584,83.21134948730469,7983500
2021-02-16,83.40486280629574,83.74581288098003,82.94411338171415,83.12841033935547,8227600
2021-02-17,82.76903148703383,82.96254541370965,82.25299434923167,82.89804077148438,7266000
2021-02-18,82.47415859099551,82.67688949117967,81.86596589044304,82.4833755493164,6409500
2021-02-19,83.0731212002479,84.08676851044254,83.00861656315764,83.83796691894531,8737200
2021-02-22,83.41406997775167,84.72260364350723,83.34035541541684,84.10519409179688,10552200
2021-02-23,84.26184716145931,84.57515335889904,83.10997373473542,84.36321258544922,16573400
2021-02-24,84.56593245783509,86.30757146583105,84.18812164734332,85.9573974609375,16795900
2021-02-25,85.94819878924005,86.04956423006465,84.0222694745298,84.3724365234375,19945300
2021-02-26,84.57516894553342,84.82397758862692,83.26664217893699,83.49701690673828,18163400
2021-03-01,84.71338130572536,86.2707164602037,84.59358899787226,85.63488006591797,11494000
2021-03-02,85.68094954504167,85.8191687213457,85.0174693768746,85.38607025146484,11530700
2021-03-03,85.45979942375656,86.48266368627507,85.26628551334471,85.47823333740234,17497800
2021-03-04,85.59803957747178,85.91135288611,82.79668183828917,84.11442565917969,27730400
2021-03-05,84.91611646444936,86.3905131494375,83.18369420792008,86.10485076904297,22816300
2021-03-08,86.68538852055545,88.36251599121505,86.4457968731819,87.0079116821289,16782400
2021-03-09,87.45024322131226,87.90177569418461,86.63931972499483,86.6485366821289,12484800
2021-03-10,86.88812927926371,88.38095997934913,86.76833695715897,87.9294204711914,17276200
2021-03-11,88.18743327894448,88.74954811531785,87.46866533223177,87.9939193725586,12211100
2021-03-12,88.31644482949042,89.24716061987489,88.23351330910354,89.1734390258789,10112800
2021-03-15,89.53282540770735,89.94749704914824,88.63897046055749,89.91985321044922,11390900
2021-03-16,89.7263382571596,89.78162593390947,88.53760399369348,88.63896942138672,12538800
2021-03-17,88.81404293300437,89.84612401678434,88.58366825603825,89.66182708740234,14844000
2021-03-18,89.56968624112251,90.78606445321999,89.40381616536021,89.57890319824219,16893400
2021-03-19,89.63417502380706,89.67103581528676,88.39937014638436,88.89698028564453,18430600
2021-03-22,89.06890717719202,89.22604241000828,88.22775907426623,88.8470687866211,12319900
2021-03-23,88.24626097610616,89.05042788903815,86.97067420036656,87.29419708251953,16949000
2021-03-24,87.74712738629347,89.30925589185017,87.71015313769911,87.93199157714844,14581900
2021-03-25,87.700905762548,89.4756343930095,86.841273896144,89.33698272705078,18519500
2021-03-26,89.83610415906698,90.93605780857003,89.48485241119427,90.88059997558594,14396000
2021-03-29,90.7789326257957,91.43520957981829,90.43692616294624,90.89909362792969,12712800
2021-03-30,90.89909027810668,91.5184000179697,90.72347144332367,91.29655456542969,10180500
2021-03-31,91.50917294260913,91.74950203806127,90.69576061077028,91.00078582763672,12291300
2021-04-01,91.15790385588629,91.37974224142496,90.71422003269383,91.30579376220703,11189300
2021-04-05,92.19316550740216,92.74776506438619,92.02678493509534,92.4334945678711,10789200
2021-04-06,92.3503063131169,92.96036370029097,92.11922258043724,92.21165466308594,8203000
2021-04-07,92.23013002502161,92.46121373707152,91.49990464869006,91.78645324707031,8865800
2021-04-08,91.65706364305257,92.04528265756736,91.14867656300952,92.00830841064453,9151600
2021-04-09,92.17469691316477,92.95113500888715,92.0452905638777,92.90492248535156,9655900
2021-04-12,92.77550433368889,93.3023749893656,92.72003943953813,93.24691009521484,7704800
2021-04-13,92.81248173825225,93.08053268528725,92.13771407802727,92.79399108886719,10612000
2021-04-14,92.85869620764747,93.5427021548136,92.80323836256056,92.91415405273438,9331900
2021-04-15,93.22843955010399,93.41330375084333,92.60913672029825,93.28389739990234,12631200
2021-04-16,93.83849608034456,94.09731583165761,93.08054158179206,93.48725128173828,10221900
2021-04-19,93.33934333604864,93.35782693151998,92.63684682216953,93.09901428222656,8140900
2021-04-20,92.89567861935916,93.06205922135912,91.50917595339857,92.0730209350586,13622200
2021-04-21,91.95284391252186,93.36707525743093,91.76797269128524,93.3301010131836,11352800
2021-04-22,93.41328791480807,94.00486171942713,92.76625626979222,92.85868835449219,11778700
2021-04-23,92.96962854929971,94.11580212951318,92.80324794474313,93.87547302246094,8126800
2021-04-26,94.19899427969649,94.67040010744427,93.54271014688581,93.59817504882812,7824800
2021-04-27,93.96790066183014,94.52250025835244,93.64437776608537,94.37460327148438,13774800
2021-04-28,94.33763147936882,94.66115438353145,94.06033519995087,94.18049621582031,7877900
2021-04-29,94.7443461361329,94.96618458176133,94.15277224637909,94.84602355957031,11035300
2021-04-30,94.29141675534876,94.5872036777523,93.8847070925002,94.21746826171875,9861200
2021-05-03,94.92921429943087,95.44684676368618,94.57796949149684,95.18803405761719,9445300
2021-05-04,94.88299318641847,95.62245698652494,94.44855458964612,95.60397338867188,11677400
2021-05-05,95.84430049165115,96.14932568867813,95.59472608703679,95.69640350341797,9989000
2021-05-06,95.94598288737949,96.38965977087162,95.52078255020055,96.36193084716797,18276400
2021-05-07,96.13083423284391,97.60976873369523,95.77958949267796,97.3786849975586,19343000
2021-05-10,97.90554599240332,98.72820344786751,97.42489497150329,97.47110748291016,16335500
2021-05-11,96.50056468872015,96.75013200806073,95.05859745349088,96.0291519165039,25425800
2021-05-12,95.74261235089217,96.09385708042733,93.66285878860829,93.7275619506836,18125700
2021-05-13,93.78303781372593,95.93674027577624,93.72757996474995,95.48381805419922,16457900
2021-05-14,96.22326749181455,97.05517036248766,95.89050634354531,96.80560302734375,11217700
2021-05-17,96.50980377197266,96.85180314850665,95.80730732085433,96.50980377197266,11547700
2021-05-18,96.49133038516051,96.64846564314003,95.06785363449072,95.10482788085938,11195500
2021-05-19,94.05106981548661,94.57794039133643,93.05278649741902,94.56869506835938,16656400
2021-05-20,94.72585319224957,95.11407219682901,94.20822080069397,94.78131103515625,11635300
2021-05-21,95.31743299365506,96.01992255485983,94.91072331455572,95.24348449707031,13420200
2021-05-24,95.82583005167442,96.03843025406775,95.317449914668,95.83507537841797,7097900
2021-05-25,96.09386960667459,96.54679180024212,95.41910897880493,95.54851531982422,8574700
2021-05-26,95.6871426956123,95.98292957210123,95.31741438908767,95.85352325439453,7615800
2021-05-27,96.72241563714566,97.33248013352309,96.62998354584752,97.16609954833984,11467400
2021-05-28,97.46188647176379,97.47112474441204,96.83333837797333,97.16609954833984,7606300
2021-06-01,98.10889637415394,98.26603159967458,97.35094211045538,97.54505157470703,9456900
2021-06-02,97.62825892237083,97.72993632996179,97.1198718844161,97.26776885986328,7547800
2021-06-03,96.75940407323984,97.60054539515237,96.36193967546735,97.05519104003906,10342300
2021-06-04,97.41567300477953,97.58205360038932,96.8703186954634,97.36945343017578,7118200
2021-06-07,97.55433413373767,97.57281773410085,96.43588943064694,96.6947021484375,8298700
2021-06-08,96.75014251090884,97.15685216654953,96.2787367396341,96.94425201416016,8847800
2021-06-09,96.87955046720992,96.87955046720992,95.91824120732325,95.95521545410156,10967100
2021-06-10,96.57453374746838,96.75939794546635,95.43759847864116,95.48381805419922,10645200
2021-06-11,95.85353633439796,96.14932325124944,95.17877573601004,95.67791748046875,10113500
2021-06-14,95.58549100468719,95.71489734765211,94.71661380010835,95.24348449707031,11312100
2021-06-15,95.38211903905145,95.85352475287443,94.99389302774681,95.65017700195312,8948600
2021-06-16,95.55775895817716,95.66868170761481,94.44855967226904,94.74434661865234,13977900
2021-06-17,94.68889071314331,94.92921276368101,92.40578186821465,93.28389739990234,20842900
2021-06-18,92.18394368709764,92.85870436867947,91.96209818301953,92.0730209350586,21546100
2021-06-21,92.81851644371083,94.21867788475201,92.73506662657087,94.09813690185547,15499900
2021-06-22,94.1352417503505,94.55251215130939,93.5603462403981,94.20014953613281,10646400
2021-06-23,94.38559102805672,94.64522213163634,93.95905320440204,93.98686981201172,9136300
2021-06-24,94.54323245929555,94.86777137059757,94.04251224996486,94.71941375732422,11687400
2021-06-25,94.79360263057521,95.24795713769407,94.64523793266478,94.90486907958984,13039300
2021-06-28,94.8677656672499,94.94194800663566,93.97759881787266,94.40413665771484,11997600
2021-06-29,94.7101422578731,95.10886352591196,94.1259721986423,94.21869659423828,11134200
2021-06-30,94.14450823432969,95.12739949881524,94.12596618616207,94.95122528076172,13677200
2021-07-01,95.50758704208744,95.68376834995944,95.12740781445164,95.62812805175781,13858600
2021-07-02,95.64667369076909,95.94339599749944,95.22940330434284,95.7764892578125,9911600
2021-07-06,95.55395650047552,95.68377207730613,93.81998118935475,94.85851287841797,11564100
2021-07-07,94.64521833809223,95.94338087837477,94.5524939583042,95.80429077148438,14971800
2021-07-08,94.29285809723362,95.07175133736855,93.68086448762787,94.46903228759766,17419300
2021-07-09,95.47975067854044,96.11028635718294,95.3870262999435,95.96192169189453,13341900
2021-07-12,95.47975687127223,96.20301697542168,95.13666886635286,96.09174346923828,10846500
2021-07-13,95.88775695712671,95.9712067846974,95.11813108891583,95.16448974609375,14881700
2021-07-14,95.40557658300695,95.77648120383445,94.82140658043525,95.15522003173828,10140000
2021-07-15,94.6174076131207,95.73011438857756,94.57104188313619,95.34066772460938,11071600
2021-07-16,95.66519655858653,95.68374567839803,94.37630863392765,94.49685668945312,17307200
2021-07-19,92.98542615548187,93.18014947618042,91.5852646692208,92.52179718017578,23792700
2021-07-20,92.79997079051832,95.22938192059343,92.67015525262498,95.10884094238281,20937100
2021-07-21,95.45193495479907,96.34210173150873,95.41484378813408,96.01756286621094,14449600
2021-07-22,96.19373601878443,96.203010578954,95.51684168915521,95.66519927978516,6318700
2021-07-23,96.00830388632897,96.25866045892506,95.60030806122055,96.07321166992188,8055800
2021-07-26,95.8135672103143,96.35137852781263,95.40557144194774,96.0268325805664,7488800
2021-07-27,95.41486406688908,96.00830871082177,94.95123499666553,95.4983139038086,12402200
2021-07-28,95.80429359818208,96.01756604496217,94.77503668100839,95.2757568359375,11996500
2021-07-29,96.0175650944976,96.30501279980122,95.48902833748492,96.0268325805664,9767700
2021-07-30,95.54464740704401,96.04536748288949,95.37774071509553,95.84136962890625,12824400
2021-08-02,96.21229376841991,97.01900371511051,95.09957990402111,95.18303680419922,15925500
2021-08-03,95.36849396122196,96.47193336161872,94.55250938179972,96.42556762695312,14814100
2021-08-04,95.76721135751148,96.25865699767469,95.09958442203785,95.11813354492188,16180900
2021-08-05,95.50756869120274,95.88774784579064,95.20157187035149,95.56320190429688,12561500
2021-08-06,95.9526599362583,96.4162889313468,95.83211186990839,96.00829315185547,8677100
2021-08-09,95.58176939007755,95.85994258341336,95.16449898844671,95.62812805175781,7469700
2021-08-10,95.80428796987222,96.87063599229305,95.69301447273054,96.60173034667969,12730900
2021-08-11,96.79644228682292,97.86279018394279,96.44408686556913,97.853515625,12817200
2021-08-12,97.85353195422644,98.03898779195175,97.16736304068489,97.66808319091797,9265300
2021-08-13,97.67736304627864,97.82572773524693,97.23228312820929,97.36209869384766,8909300
2021-08-16,97.07463124250697,97.70516689376628,96.43482103146575,97.69589233398438,10231100
2021-08-17,97.11172799716044,97.15808664990583,95.72084107529827,96.63882446289062,15569900
2021-08-18,96.25865865534628,96.80574459916538,95.5539476108039,95.5817642211914,11955100
2021-08-19,94.86775780827683,95.56320126496794,94.37631223078846,94.91412353515625,17529700
2021-08-20,94.96049892055959,95.45194454803338,94.71013528901273,95.16448974609375,11753000
2021-08-23,95.60956883159518,96.36064551546069,95.5632031038236,95.9433822631836,8471000
2021-08-24,96.12884531857978,96.8521055030887,96.11030326936427,96.42556762695312,7593200
2021-08-25,96.49972813216503,97.36207825107982,96.20300589094792,97.04681396484375,9404200
2021-08-26,96.93555644678982,97.00046422667758,96.4255616945164,96.62028503417969,9951100
2021-08-27,96.94483712167104,97.55682378857544,96.73156464606599,97.28791809082031,10484200
2021-08-30,97.45481653306283,97.6217232597182,96.94482886647273,97.17664337158203,6528200
2021-08-31,97.11173562841066,97.31572645047044,96.69446527441197,96.9077377319336,9621200
2021-09-01,97.1117372460434,97.1117372460434,96.17520464862454,96.53683471679688,13116800
2021-09-02,96.93554529136613,97.58462301554731,96.9169961710086,97.57535552978516,9633500
2021-09-03,97.30645666470282,97.49190543470898,96.91700292862254,96.9819107055664,9855000
2021-09-07,96.64810965481226,96.71301743532922,95.23867345727601,95.30358123779297,17842300
2021-09-08,95.10884888451345,95.6188435934078,94.71012767785518,95.43338775634766,13561600
2021-09-09,95.27575389995258,95.9526553129097,94.73794259370355,94.96975708007812,9406200
2021-09-10,95.42411982450191,95.61884314669273,94.50612935278079,94.54322052001953,9547800
2021-09-13,95.26648320878724,95.507572265245,94.07959412225208,94.79358673095703,12451000
2021-09-14,95.05321477401695,95.13666459409426,93.43978084168813,93.6530532836914,11493500
2021-09-15,93.69942082599233,94.92340106508412,93.49542294040755,94.68231201171875,9175000
2021-09-16,94.67304450923997,94.9048590193382,93.87560202854861,94.03324127197266,10516200
2021-09-17,93.70870908257764,93.93125613858851,92.89272443379313,93.03181457519531,16250700
2021-09-20,91.66711734340377,92.1508457060512,90.960123185135,91.96479797363281,21453500
2021-09-21,92.41130900593602,92.46712899963002,91.06244529563443,91.4810562133789,14345200
2021-09-22,91.75083603257029,92.8299327451649,91.75083603257029,92.2066650390625,13079900
2021-09-23,92.64387531186523,94.1322855076986,92.60667144450862,93.62064361572266,11439900
2021-09-24,93.37876671355596,94.07645626278318,93.31364930618537,93.81598663330078,8254500
2021-09-27,93.94622280232066,94.74624073141504,93.8531989472024,93.90901184082031,9338000
2021-09-28,93.64855744518566,93.89042518565972,92.60667874271226,92.82063293457031,17057300
2021-09-29,93.22992821446739,93.40667850140731,92.7834037885589,92.92294311523438,12148200
2021-09-30,93.22062404364236,93.29504596444555,90.91360127686359,91.01592254638672,24624300
2021-10-01,91.59271362273854,92.75552992471918,90.6810696164555,92.26249694824219,17051800
2021-10-04,92.10432025473042,92.690376890792,91.18336498729327,91.76012420654297,20182900
2021-10-05,91.92757071617893,93.25783234929135,91.52756177483003,92.78340148925781,12987900
2021-10-06,91.78806495797629,93.22995999638711,91.3601494149569,93.1927490234375,14702500
2021-10-07,93.90904570168024,94.59743809175299,93.83463084911294,93.91835021972656,9669700
2021-10-08,93.82529250039345,94.14157502724856,93.50900287627312,93.90901184082031,8565100
2021-10-11,93.78808210351411,94.38344329657339,93.14620543398307,93.15550994873047,9984000
2021-10-12,93.26715166646508,93.59273874080533,92.6624859013955,92.8485336303711,10048700
2021-10-13,93.01597782820318,93.43459585710919,92.02991210648531,93.04388427734375,12416600
2021-10-14,93.79739584409481,94.82997706739759,93.60204359877616,94.80207061767578,9752800
2021-10-15,95.45323733008833,96.12302046027959,95.32300251002508,95.71370697021484,11775100
2021-10-18,95.16487587906695,95.88116749958273,94.79277329425624,95.77883911132812,6780200
2021-10-19,96.2532667197446,96.38350155528587,95.68581189462928,96.3462905883789,6911200
2021-10-20,96.36489438343777,97.05328663860608,96.1416356749524,96.95095825195312,9258500
2021-10-21,96.74629987516666,97.19282438200304,96.50443213824418,97.14630889892578,7824900
2021-10-22,97.3416499235503,97.85329178931268,97.19281316995199,97.49049377441406,9826300
2021-10-25,97.34166541625403,98.08587059448816,97.02538282872781,97.7137680053711,8093600
2021-10-26,97.61143009411832,98.02074361194596,97.09978819683376,97.10909271240234,12314000
2021-10-27,97.29513943536952,97.36026394641124,95.95558019522704,95.97418212890625,9015100
2021-10-28,96.11372948435499,97.2300301270773,96.11372948435499,97.1742172241211,9260400
2021-10-29,96.99745354484804,97.55561088661537,96.81140582910255,97.20211029052734,6831600
2021-11-01,97.39748662571321,97.6672608483952,96.99747755032504,97.47190856933594,10775200
2021-11-02,97.6114376094616,97.89051631987938,97.33235889904383,97.7974853515625,8833600
2021-11-03,97.2486350133364,97.64864402775618,96.73699310049736,97.58352661132812,11567300
2021-11-04,97.86258738980402,98.32771376921805,97.75096160099446,97.9742202758789,10201200
2021-11-05,99.1091438452717,99.58357480685146,98.64401739983525,98.9696044921875,12906400
2021-11-08,99.84403264027733,100.076595835416,98.99749920328514,99.37890625,8928900
2021-11-09,99.56495613519716,99.87194126280842,99.08122780157252,99.63007354736328,10637300
2021-11-10,99.49053321954655,99.80682285925857,98.80214814101882,99.0719223022461,10326000
2021-11-11,99.26727867421509,99.26727867421509,98.56028453592008,98.66261291503906,5921200
2021-11-12,98.94169337267711,99.61147655806596,98.62540371412527,99.44403076171875,7929000
2021-11-15,99.8440348143466,99.95566060819387,99.40681486240311,99.63007354736328,7672400
2021-11-16,99.63939238283433,100.14172981914015,99.55566592815003,99.64869689941406,6625000
2021-11-17,99.66728499934362,99.79751982431388,98.70912574537711,99.0533218383789,8164300
2021-11-18,99.37889946550997,99.37889946550997,98.33701386740157,98.8486557006836,9806200
2021-11-19,98.80216165262239,98.87658358946926,98.21610486880296,98.35564422607422,8935600
2021-11-22,98.67192747246207,99.54636749310158,98.4300597247235,98.62541198730469,11911200
2021-11-23,98.73704140667732,99.14635495035542,98.28121947675073,98.79285430908203,14090400
2021-11-24,98.46727496226318,98.88589305502835,98.3370401148963,98.68123626708984,10760400
2021-11-26,96.1416407898082,96.54164984147809,95.33232526701724,96.01140594482422,14694100
2021-11-29,96.98817855086219,97.00678048783135,95.66721391350596,96.1788558959961,11693000
2021-11-30,95.45323832484365,95.75091893055698,93.64854566049483,93.74156951904297,21058800
2021-12-01,95.16486525912951,95.54626522047991,92.4020132791089,92.43922424316406,19783600
2021-12-02,93.14620072733926,95.50904344795323,92.82991821456172,95.18345642089844,21919300
2021-12-03,95.3695190068522,95.61138673495392,94.11367907949477,95.07183837890625,19584900
2021-12-06,96.02068143119202,97.28582562619714,95.86254018113252,96.68115997314453,14457500
2021-12-07,97.41608642258855,98.47657417821449,97.37887545430578,97.66725158691406,10563300
2021-12-08,97.7137587789934,98.0858613329756,97.4253826708585,97.90911102294922,10419600
2021-12-09,97.51840010274151,98.1044567959528,97.26722787903279,97.60211944580078,7325800
2021-12-10,98.03935482839499,98.20680063815445,97.52771288266707,98.00214385986328,8304100
2021-12-13,97.77888033398493,97.96492807022106,96.82072100756302,96.98816680908203,12690200
2021-12-14,96.46721634015243,97.40677369258312,95.68580736390459,96.06720733642578,13174200
2021-12-15,96.32769716801879,97.03468430994343,95.68582035235367,96.90444946289062,16908600
2021-12-16,97.5277105069792,97.95563308603685,96.60676212436897,96.95095825195312,11866200
2021-12-17,96.93232937846831,97.04396225849409,95.26718327598947,95.29508972167969,19332600
2021-12-20,94.132568801999,94.15124803619567,92.96536600612443,93.76840209960938,17968300
2021-12-21,94.4687074401557,95.831999215091,94.43135610226221,95.63591003417969,10497400
2021-12-22,95.58922445405646,96.0747775896999,95.43047948990689,95.90670013427734,8297000
2021-12-23,96.25219571135608,97.35403523692565,96.23351648052788,97.03655242919922,7047000
2021-12-27,97.18596623867768,98.10104915580962,97.04590049143182,98.0636978149414,5196000
2021-12-28,97.970334227894,98.81072168342934,97.9143107722052,98.55860900878906,5368600
2021-12-29,98.40919996706378,98.95078376537558,98.28781344290717,98.73601531982422,5922300
2021-12-30,98.8387212642263,99.32428156732388,98.30647712847225,98.38117980957031,6190400
2021-12-31,98.21310871999617,99.19356188199852,98.10105469106897,98.80137634277344,7726100
2022-01-03,99.00681111394667,99.22157956794712,97.48478119747632,97.989013671875,10188300
2022-01-04,98.62396357798622,100.14599335996816,98.51190955222974,99.95924377441406,14572600
2022-01-05,100.2206914126556,100.73425631121776,98.9694464503345,99.00679779052734,16196100
2022-01-06,99.35229331233039,99.82851399937954,98.96011492254394,99.46434020996094,10437800
2022-01-07,99.49235564417445,100.09929531628458,99.39897373396718,99.43632507324219,11614900
2022-01-10,99.19354980014644,99.27758496857612,97.5501265295856,98.31581115722656,15670900
2022-01-11,98.41853007818378,99.01613727237977,97.35404181826968,98.90408325195312,11966500
2022-01-12,99.32427965009926,99.72579764820121,98.90408242006345,99.22156524658203,9938000
2022-01-13,99.49235564417445,100.32340335193462,99.09083765201757,99.43632507324219,10995400
2022-01-14,98.53059422071414,98.92277979883308,97.83961211723752,98.83873748779297,14758600
2022-01-18,97.91430763122227,98.11039684388342,97.1392832735327,97.69953918457031,13878100
2022-01-19,97.960999926433,98.09172606998766,96.53233771637349,96.60704040527344,13367000
2022-01-20,96.79379615038611,97.79292145120499,95.25308704657073,95.37447357177734,16726100
2022-01-21,95.38381301011943,96.10280679106478,94.12323542719211,94.49673461914062,33329600
2022-01-24,92.91867777679292,95.1783805730286,91.55538583053404,95.03831481933594,37356500
2022-01-25,93.38555946440673,94.88891717387777,91.85419002882782,94.10455322265625,28146300
2022-01-26,94.64614423180194,95.70129303196498,92.33041066824354,93.28285217285156,27633700
2022-01-27,94.05786184845775,94.8328789968057,91.84484305078554,92.45178985595703,23186100
2022-01-28,92.0596004817219,93.10541658090708,90.51889874168894,93.09607696533203,22967200
2022-01-31,92.4704747392928,94.16992175413965,92.25571341064789,94.06720733642578,12183200
2022-02-01,94.65547344577291,95.6732707883963,94.08587795390552,95.36512756347656,17200700
2022-02-02,95.2437346822317,96.22418774181165,94.85155630801552,96.02809143066406,14199200
2022-02-03,95.37447339310857,95.82268239710339,94.36600847715056,94.49673461914062,14007400
2022-02-04,93.97382040245996,94.40335012833131,92.70390333290999,93.47892761230469,16025200
2022-02-07,93.72171212010721,94.2819680006023,93.22681218289586,93.55363464355469,10452100
2022-02-08,93.79639195808362,94.67413053562808,93.42289284971808,94.48738098144531,10376500
2022-02-09,95.28109167532061,95.91605022917575,95.25307995036287,95.78532409667969,13166200
2022-02-10,94.65546784315927,95.95339660871132,93.73103822311666,94.21659851074219,15560000
2022-02-11,94.24462430846286,94.6834937064194,92.3210763504821,92.77861785888672,18726900
2022-02-14,92.90933378867695,93.17078605044695,91.69544014584211,92.43311309814453,15297400
2022-02-15,93.34820404847703,94.2259427564394,93.29218059870577,93.82442474365234,10542100
2022-02-16,93.57230807810801,94.64613601995967,93.33886753092462,94.31932067871094,8222600
2022-02-17,93.57229617983842,93.77772497508475,92.43310531459187,92.59185028076172,10912200
2022-02-18,92.42378624067393,93.12410789484217,91.52736825418316,91.826171875,11969700
2022-02-22,91.76081036303471,92.29305454427477,90.44420933535261,90.93910217285156,16809500
2022-02-23,91.33126778387957,91.480673137885,89.12758868057506,89.26765441894531,16296200
2022-02-24,87.95106078766155,90.60294192234925,87.21338782086151,90.40685272216797,27356100
2022-02-25,90.6216153748762,92.87197834926155,90.57492441988931,92.56383514404297,13511700
2022-02-28,91.7047778728142,93.46024811141899,91.65809404076836,93.27349853515625,18310700
2022-03-01,92.93733543856419,93.52561008781555,91.28457974923114,91.88218688964844,21884800
2022-03-02,92.330411672752,94.29131815979368,92.19968552348801,93.84310913085938,16881400
2022-03-03,94.53408366469152,94.78620344957135,93.53495839003655,93.94581604003906,14831600
2022-03-04,92.99338191968081,93.85244863038805,92.44246559476674,93.74039459228516,17167400
2022-03-07,93.44160375819587,94.12325344969946,91.20057255719506,91.22858428955078,16533900
2022-03-08,91.45266066800772,93.10541641996623,90.58426164605275,90.66829681396484,22316800
2022-03-09,92.26503847266457,93.01205106422863,91.89153930092259,92.31172943115234,18757400
2022-03-10,91.15386914522612,92.36775573901282,91.06982684215674,92.19034576416016,13317200
2022-03-11,92.72259980072535,93.29219537709552,91.39665191243026,91.45268249511719,10695200
2022-03-14,92.00358337606126,92.75992843685249,91.11651218436884,91.76080322265625,12988000
2022-03-15,92.60118946085912,93.4042254689868,92.04093360319881,93.21747589111328,11204900
2022-03-16,93.80575213994474,94.61812783923497,92.58252590656554,94.4500503540039,15840900
2022-03-17,93.84309190885,95.71061612594154,93.84309190885,95.66392517089844,10897900
2022-03-18,95.49584731593082,96.1121337245901,94.78619324564616,96.02809143066406,14921800
2022-03-21,95.80420026847835,96.6005372755333,95.64492714887432,96.2445297241211,10821400
2022-03-22,96.54430333802146,97.01273759556113,96.26323992440186,96.76914978027344,8292000
2022-03-23,96.36630366863734,96.56304521466443,95.82291817137771,95.84165954589844,10475400
2022-03-24,96.3288303724728,96.61925735483312,95.83229115189276,96.57241821289062,7698900
2022-03-25,96.77853683108614,97.20949556316477,96.34757095126679,97.1720199584961,7350200
2022-03-28,97.08769221132262,97.22822393342763,96.3100966914568,97.20011901855469,7940900
2022-03-29,97.83719573765087,98.15572765532858,97.15327846184182,98.09951782226562,12157500
2022-03-30,97.99645412242508,98.58668591493044,97.55612473682271,97.9870834350586,8731200
2022-03-31,97.73412971087878,98.33372502861042,96.45998787376402,96.47872924804688,9441900
2022-04-01,96.89096328198815,96.97528518533235,95.026596492552,95.729248046875,11182200
2022-04-04,95.54187187038052,95.68239645527478,94.42699584528039,95.60745239257812,10436500
2022-04-05,95.23271565570742,96.00094779149426,94.05225895758655,94.2490005493164,15332800
2022-04-06,93.46200916804527,93.78991173316788,92.8811480900139,93.51821899414062,15573200
2022-04-07,93.1809643246285,94.17404290496943,92.33778102634788,93.83677673339844,12381300
2022-04-08,93.68686742953975,94.14593107857708,93.0966427379203,93.31211853027344,12923200
2022-04-11,93.01231384277344,94.06160925222885,92.84367720817774,93.01231384277344,11246300
2022-04-12,93.29338549577497,94.21151280559997,92.45957293680007,92.8624267578125,11473900
2022-04-13,93.04979398352688,93.83676736594124,93.04042329566441,93.73371124267578,7661100
2022-04-14,94.03349185462757,94.53940169125414,93.6118967502358,93.6306381225586,8252400
2022-04-18,93.36832966932263,94.24898130759597,92.9092589012677,93.30274200439453,8701000
2022-04-19,93.61190549696109,95.12963514865145,93.56506635725614,94.99847412109375,10920100
2022-04-20,95.804182287071,96.1695604587627,95.38258714052982,95.51374816894531,8623000
2022-04-21,96.46000535405413,96.60990778452206,94.3145750652356,94.5394287109375,11117200
2022-04-22,94.06162845857934,94.1178382990086,92.13167388018867,92.21599578857422,12030400
2022-04-25,91.68198086127126,92.35652753738904,90.11741168889579,92.21599578857422,16391100
2022-04-26,91.53206534553635,91.8787093233874,90.17360864581256,90.20171356201172,14594100
2022-04-27,90.15486617747837,91.35405681064101,89.73327102980275,90.53897857666016,13363100
2022-04-28,90.79194105505499,91.91618053574803,89.68643580168603,91.56017303466797,13461600
2022-04-29,91.41965185551187,91.888086217779,88.95568253543242,89.1336898803711,15135400
2022-05-02,89.03998864301485,90.11738891466172,87.59721020543189,89.321044921875,19101300
2022-05-03,89.50843159535624,90.50151007615426,89.13368270615719,89.91128540039062,13315900
2022-05-04,89.86445987102329,92.7312834601643,89.62087911234673,92.51580047607422,18468900
2022-05-05,91.62576392235339,92.0754569064319,89.3772775587375,90.09866333007812,24943700
2022-05-06,89.73326524452455,89.77074084286225,88.02816483272629,89.48967742919922,24153900
2022-05-09,88.44979319407108,88.7964301004224,86.96953866825615,87.32554626464844,21188700
2022-05-10,88.27176574270351,88.53408782224203,85.89211850329744,86.75403594970703,22935000
2022-05-11,86.68846496064013,88.19682423156124,85.82654741946847,85.96707916259766,21838600
2022-05-12,85.52673978081157,86.66972067564033,84.49618569699139,86.12633514404297,18517400
2022-05-13,86.89458573575267,87.71902774960017,86.3324658559593,87.22248840332031,12837800
2022-05-16,86.9695240720372,87.79396596371946,86.37929221013356,87.1006851196289,10865900
2022-05-17,88.5059784499615,89.20862990523558,87.76585139267732,89.07746887207031,9490500
2022-05-18,88.28113472905694,88.44040068174408,85.50799727605276,85.76095581054688,11173000
2022-05-19,84.86157575910093,86.07950088375624,84.01839242803707,84.99273681640625,14482000
2022-05-20,85.25504138143224,85.4330487001648,82.48191122279798,84.0745849609375,15695100
2022-05-23,84.88967766716549,85.66728044198922,84.46808959046126,85.45179748535156,11989100
2022-05-24,85.01146272180674,85.60169456962073,83.60615969023564,85.40495300292969,9917000
2022-05-25,85.12387899843156,86.2293841989725,84.8240813413903,85.90148162841797,9460100
2022-05-26,86.67907758923654,88.07501691518155,86.50107742008986,87.64405822753906,8028100
2022-05-27,88.33734294916266,89.46158243294192,88.22491614168861,89.4428482055664,8669600
2022-05-31,88.50599025882055,89.33980285851085,87.87828992381614,88.72146606445312,14498300
2022-06-01,89.24611508192837,89.46159088192833,87.45669241960526,88.17808532714844,8713700
2022-06-02,88.787055596083,89.9113024772079,88.00008921226326,89.86445617675781,8432500
2022-06-03,89.05874378843536,89.75203183083313,88.95568765099088,89.51781463623047,6828800
2022-06-06,90.16422507931874,90.44528849664616,89.70516150224095,89.89253234863281,8334500
2022-06-07,89.0962138759873,91.1947978082097,88.79641617138411,91.10111236572266,7427700
2022-06-08,90.41719832842296,90.64204481030592,89.24611247816061,89.45222473144531,7028700
2022-06-09,89.07747143324102,89.43347894096271,87.69090270996094,87.69090270996094,6737800
2022-06-10,86.13571731375843,86.33245889844365,85.07705102526083,85.10515594482422,10416600
2022-06-13,83.42815175290748,83.54994209781417,82.03221239146684,82.54749298095703,18353300
2022-06-14,82.90352000981326,83.52185686289434,81.6574899095525,82.34140014648438,10512800
2022-06-15,82.98783817163594,84.1308192258248,81.85422780660612,83.13773345947266,13335200
2022-06-16,81.51696059451382,81.5637997483425,79.94302064147983,80.36460876464844,13500700
2022-06-17,80.27091223220783,80.95482954295619,79.23098738097222,80.15848541259766,14253500
2022-06-21,81.4231603541219,81.93129142723681,80.85857266592377,81.62076568603516,9161600
2022-06-22,80.47276614947553,81.82778233598931,80.31280095499041,81.16909790039062,11136800
2022-06-23,81.13145244672775,81.45138281472931,79.74820804350836,80.75505828857422,9744400
2022-06-24,81.52666976702164,83.587422388066,81.48902963020782,83.57801055908203,9634000
2022-06-27,84.02027723912947,84.02027723912947,83.00401503357939,83.38040924072266,6361300
2022-06-28,83.93557211097672,84.87655389329315,82.34531778066442,82.41118621826172,6476300
2022-06-29,82.57117299816454,82.58058482860372,81.28202503467753,81.93130493164062,6818200
2022-06-30,80.93387068899918,82.54294918386785,80.55747642127658,82.18537139892578,8708500
2022-07-01,82.034788329851,83.17337537305539,81.40433228742823,82.9004898071289,11717900
2022-07-05,81.50787097663573,81.69606452242373,80.2375394156342,81.6584243774414,10994500
2022-07-06,81.84661596284033,82.63703738183474,81.07501102467411,82.12890625,9781700
2022-07-07,82.70289572309413,83.30512354369385,82.15712451720005,83.09810638427734,5865600
2022-07-08,82.8816830258964,83.248665372867,82.08184988965591,82.72171783447266,4912800
2022-07-11,82.2418299671915,82.7217328074489,81.97835615030448,82.16654968261719,7985000
2022-07-12,81.79014334680937,83.02283449231962,81.62076632111983,81.9124755859375,8018000
2022-07-13,80.60450526265085,81.60194368358638,80.39748811586314,80.91502380371094,9498600
2022-07-14,79.75763197220543,80.54805336303788,79.3059574780708,80.4539566040039,6825200
2022-07-15,81.58313736056414,81.83720652346469,80.72684746497322,81.71487426757812,7855600
2022-07-18,82.4394306474198,82.75936107000445,80.97150107721228,81.2255630493164,6282000
2022-07-19,81.89366456968064,84.27434794667188,81.87484808797583,84.12379455566406,7326900
2022-07-20,84.15201170864589,84.99889685552179,83.85089778743692,84.77305603027344,8260600
2022-07-21,84.52841470378998,85.40352825013494,84.19907243992314,85.38470458984375,5899300
2022-07-22,85.66697646480714,85.93986202451077,84.71658291951111,85.1117935180664,5969800
2022-07-25,85.20590753880161,85.76108337226685,84.68836466089195,85.51642608642578,6154900
2022-07-26,85.24356005355888,85.83638333684672,84.85776114805842,85.05536651611328,5522200
2022-07-27,85.61052586334768,86.79615774216792,85.04593104967562,86.37271881103516,8662100
2022-07-28,86.8055726210329,88.27350195828106,86.56091533845101,88.17940521240234,8668500
2022-07-29,88.20764675945024,90.18370743602352,88.20764675945024,89.99551391601562,9000600
2022-08-01,89.43092276475055,90.38131651651138,89.26154573155677,90.08960723876953,8599400
2022-08-02,89.75085370126136,90.24958015352586,88.96984415721437,89.13922119140625,10039900
2022-08-03,89.52502531829614,90.2589901166225,88.90398094245184,89.97669982910156,5509400
2022-08-04,89.9955045365775,90.56950404563804,89.78848737867082,90.3060302734375,5339300
2022-08-05,89.38387511278296,90.51305778163697,89.38387511278296,90.44718933105469,7857300
2022-08-08,91.15290951730024,91.40697144439434,90.18369223319111,90.41893768310547,5606000
2022-08-09,90.40954482552328,90.55069354970516,89.90141372594192,90.08960723876953,4398000
2022-08-10,91.51990214961057,92.35737547127212,91.32229681092751,92.06566619873047,5967000
2022-08-11,92.6679054647123,93.37364192622148,92.37619617881852,92.55498504638672,5711600
2022-08-12,92.97842915366867,93.9758749558047,92.6490868893835,93.94763946533203,7808200
2022-08-15,93.29836365458782,94.30521407417103,93.15721492342476,94.17347717285156,6558400
2022-08-16,93.72180268036023,95.01095056242644,93.72180268036023,94.59691619873047,5564200
2022-08-17,93.48654613971814,94.27697463343982,93.34539742521908,93.84412384033203,6578800
2022-08-18,94.01349479583862,94.36165346613387,93.69355725167607,94.22050476074219,7003400
2022-08-19,93.6371161969692,93.6653445069128,92.7620026931051,93.00665283203125,6893400
2022-08-22,91.86805068845655,92.00919939449429,91.11526955479088,91.23759460449219,5804800
2022-08-23,91.27525314683074,92.00921795131055,91.12469258225906,91.40699005126953,9874700
2022-08-24,91.50107457680261,91.98097733828693,91.32229290418837,91.70809173583984,6443800
2022-08-25,92.12212654186102,93.13838868481473,92.03743444038724,93.11015319824219,6045900
2022-08-26,93.28893259873736,93.33598455913562,89.81670755168469,89.88257598876953,8006200
2022-08-29,89.30860407183165,90.19312226018195,88.96043815122303,89.47797393798828,6386900
2022-08-30,89.67558068512247,89.79790575138082,87.821845136751,88.18882751464844,9546600
2022-08-31,88.54640467439025,88.70636989123854,87.3513606944161,87.4454574584961,9683700
2022-09-01,86.87145489567494,87.62424334083215,86.49506067309633,87.56777954101562,8790000
2022-09-02,88.54640162268835,88.65932204316636,86.31627895644826,86.72090148925781,9839300
2022-09-06,86.75853669475065,87.29489614243224,86.10926400279261,86.86204528808594,11438600
2022-09-07,86.55152464098106,88.48053336936788,86.5327009812981,88.25469970703125,7934100
2022-09-08,87.71833998282942,88.55581335789256,87.1631568899757,88.51817321777344,6979900
2022-09-09,89.09216866611513,89.85436172565012,89.05452852773877,89.66616821289062,7440000
2022-09-12,90.18369099239536,90.66359371377187,89.73202375508204,90.2025146484375,5874000
2022-09-13,88.26410495352661,88.96042954828275,86.47623791049998,86.80558013916016,11236300
2022-09-14,86.75852500903602,87.0220059614788,85.55406937149947,86.63619995117188,8889400
2022-09-15,86.57033002092619,87.18196965798535,85.45997115305813,85.73285675048828,10688800
2022-09-16,83.8132704123251,84.32140157782487,83.22045430880364,83.94500732421875,19141400
2022-09-19,83.36352013945428,85.20722263753488,83.30679327330913,85.08430480957031,8455400
2022-09-20,84.45081833851468,84.5075451963166,83.32568756886678,84.02535247802734,6652500
2022-09-21,84.7723077083467,85.43414525315563,82.90024160326278,82.90969848632812,10846700
2022-09-22,82.71111103671457,82.83402160883756,81.53870330814193,81.66162109375,8925600
2022-09-23,80.84852297319948,80.93361326450672,79.14664501218596,80.12995147705078,13831600
2022-09-26,79.88411338532329,80.56486448730531,78.92917768000197,79.28845977783203,9241600
2022-09-27,80.00704924350944,80.26232735762258,78.35244830245952,79.02374267578125,12179600
2022-09-28,79.36411222804735,81.20780739296794,79.10882691998937,80.763427734375,11920100
2022-09-29,80.05431373103858,80.12995435724397,78.62663478221907,79.3641128540039,9357400
2022-09-30,79.1371925052128,79.8463071592505,78.23898349549329,78.3240737915039,8935700
2022-10-03,79.19393467154832,81.32127885094764,78.9481062132633,80.68779754638672,8612500
2022-10-04,81.91692746280845,83.5148015207483,81.91692746280845,83.49588775634766,9676100
2022-10-05,82.58823944376779,83.75119094386616,82.19113686851044,83.04207611083984,7055800
2022-10-06,82.61657471719897,83.23114213900061,81.87909669643165,82.08710479736328,8813300
2022-10-07,81.30236441386323,81.43473191796468,80.02595935946333,80.51761627197266,7415200
2022-10-10,81.18889943245989,81.62382220192214,80.12049545139091,80.8012466430664,7564300
2022-10-11,80.47978571632036,81.87910121408915,80.26232072239691,80.78234100341797,8661700
2022-10-12,80.7350534366425,81.11324930029637,80.1110363930768,80.14884948730469,6727400
2022-10-13,78.33353726670543,82.34239709518313,78.24844696353271,81.91693115234375,18956100
2022-10-14,82.49367889701676,82.63550328337685,79.95031846568659,80.1205062866211,9432900
2022-10-17,81.5387254475606,82.3140238200046,81.44417827306489,81.86964416503906,9541100
2022-10-18,83.63771787143618,84.06319103777992,82.67332501200222,83.8457260131836,10160500
2022-10-19,83.43917067921105,84.00646104849667,82.58823151853841,83.25007629394531,7705500
2022-10-20,83.0042381855727,83.49588785827648,81.47254787419017,81.61437225341797,8773200
2022-10-21,81.69001442875421,84.0253666486016,81.39690878254464,83.85517883300781,13148200
2022-10-24,84.450835366565,85.29231758990068,84.2144637934148,84.97085571289062,9388700
2022-10-25,84.87629913554036,86.18107480249085,84.82902915021569,86.1148910522461,9807900
2022-10-26,86.89962697189294,87.65601148949308,86.10541493290373,86.41742706298828,10250400
2022-10-27,87.2589046370655,88.4785824543055,87.24944775719939,87.42909240722656,9223900
2022-10-28,87.60875435517025,89.53753984651044,87.38183247449369,89.46190643310547,9161700
2022-10-31,89.02700463652005,89.77393255933265,88.77171926394807,89.2066421508789,9144900
2022-11-01,89.86847126060034,89.98192499436304,88.56369561442818,89.12153625488281,9673000
2022-11-02,88.67714805369627,90.50193663600898,87.50474723187739,87.55201721191406,13884600
2022-11-03,86.66327177051369,89.2633589170019,86.60653769123698,88.46914672851562,13331000
2022-11-04,89.69828813218328,90.1426606351133,88.40296930065489,89.88738250732422,11497500
2022-11-07,90.29392749716786,90.99358522972561,89.72663724878355,90.85176086425781,8286900
2022-11-08,91.14485152269441,92.07142375988929,90.54919072815487,91.64595794677734,8951500
2022-11-09,91.09759672289533,91.71216421445256,90.256114556151,90.36957550048828,9217600
2022-11-10,92.94129414457055,94.28388278554148,92.5063641550008,94.16096496582031,18633600
2022-11-11,94.38789681552453,94.77554243829186,93.71660242410768,94.104248046875,9975400
2022-11-14,93.83005164359011,94.7944516397799,93.49913290508871,93.52749633789062,8854100
2022-11-15,94.5391644611982,94.71880915006605,93.35730669440933,94.17042541503906,10514100
2022-11-16,94.05697494772022,94.24606931156882,93.2816765143608,93.48967742919922,9612000
2022-11-17,92.28890797450009,93.36676165859375,91.80670799577803,93.32894134521484,8753800
2022-11-18,94.17042382084811,94.44461568371987,93.41403919100031,94.01914978027344,7661500
2022-11-21,93.77330976242557,94.6053349164983,93.74494633416539,94.32169342041016,7072600
2022-11-22,94.73771621020644,95.2671933977485,94.64316903105203,95.04972839355469,7470200
2022-11-23,95.16319863898785,95.76830930091154,95.09701488576144,95.40902709960938,5649000
2022-11-25,95.61700236654423,95.96683480455872,95.50354865631283,95.77774047851562,2665900
2022-11-28,95.35227290852224,95.437370409576,93.73549252336636,94.03804779052734,7870200
2022-11-29,94.24607567445979,94.76609603038328,93.96242689604915,94.61481475830078,5563400
2022-11-30,94.59589785941508,96.19376464346004,93.54640759296915,96.17485809326172,18295400
2022-12-01,96.53415057653132,96.77997903631777,95.46575364565216,96.20323181152344,13848600
2022-12-02,95.17265699909714,97.09199308594185,95.17265699909714,96.75161743164062,10767900
2022-12-05,95.87230476230292,95.98575849279474,94.96463885093107,95.13482666015625,11070700
2022-12-06,95.3522934259188,95.39957062706448,93.30058985358731,94.00970458984375,8854500
2022-12-07,93.8395178422567,94.54863258665662,93.70715033371444,93.88679504394531,7173700
2022-12-08,94.2271528215633,95.02135772214034,94.10423500588816,94.44461059570312,6462400
2022-12-09,94.39734036539053,94.79445005845527,93.64095572050327,93.66931915283203,7208000
2022-12-12,93.88679069971398,95.30502012289101,93.81115006590746,95.27664947509766,7043300
2022-12-13,97.60255378419953,97.67818720584114,94.93628271052897,95.63594055175781,17589500
2022-12-14,95.74937432308496,96.70431730535736,94.90789226984545,95.4562759399414,10428900
2022-12-15,94.17041104875626,94.5958841079841,92.66709166121551,93.14928436279297,11588400
2022-12-16,92.26999727091228,92.9507485073332,91.84453135489294,92.752197265625,17357100
2022-12-19,92.50140814368768,93.35640147219975,91.81740768254411,92.26390838623047,8814700
2022-12-20,92.06441261713857,92.9764108473019,91.95991214044008,92.3779067993164,9294200
2022-12-21,93.46089245958282,94.27789212214837,93.14739831997433,94.11639404296875,8220700
2022-12-22,93.47040425468026,93.54640591680227,91.48490975518553,92.91940307617188,11024700
2022-12-23,92.90989445304912,93.60338958475107,92.50139463994054,93.47039031982422,6142400
2022-12-27,93.61290793261033,94.22090674916652,93.25191090025434,93.75540924072266,5213800
2022-12-28,93.92640696417753,94.14490268284588,92.51090318707638,92.5299072265625,6803900
2022-12-29,92.9573846014228,93.95488627783553,92.88138295508517,93.66988372802734,8309000
2022-12-30,93.10941104381742,93.47991010193539,92.425410552548,93.29940795898438,6874400
2023-01-03,93.84090159260519,93.9929049140874,92.6344060319886,93.4989013671875,11407700
2023-01-04,93.80291413276616,94.62941600332017,93.59391315989606,94.3254165649414,12236000
2023-01-05,93.79340042435616,94.01189612612347,93.0523951479817,93.30889892578125,9649600
2023-01-06,94.24940011884281,96.13040133188983,94.07840000856582,95.8644027709961,16270200
2023-01-09,96.10190091687998,96.96639622535012,95.31340001888404,95.43689727783203,12846700
2023-01-10,95.12340020713754,96.01640161413118,95.06640258470556,95.95940399169922,9166200
2023-01-11,96.51988567607948,96.89988668127559,95.98788861755472,96.88088989257812,7395400
2023-01-12,97.23239426206922,97.83089825880491,96.41539455852289,97.45089721679688,9883200
2023-01-13,96.62439953809415,97.41290046487688,96.37739776326347,97.33689880371094,14206900
2023-01-17,97.27989532446881,97.41289459954253,96.4058980174367,96.51039123535156,9274900
2023-01-18,96.84289971813705,97.06139542781165,94.63890234310156,94.6958999633789,15026000
2023-01-19,94.11638319411216,94.35388290008781,92.73888779861974,92.74838256835938,17155600
2023-01-20,92.82439257024998,94.06888882226457,92.44439155689635,94.04039001464844,12816500
2023-01-23,94.33489501684394,95.57939127428969,93.93588996472724,95.06639099121094,11113600
2023-01-24,94.53439010511184,95.9783852064021,94.04038663115101,95.69338989257812,11341200
2023-01-25,94.64841467865149,95.41791893477998,93.85992087612946,95.16141510009766,11728300
2023-01-26,95.83590263597348,95.83590263597348,94.49640772927839,95.68390655517578,14985500
2023-01-27,95.47490220359305,96.5389037229729,95.39890054194076,96.08290100097656,14187300
2023-01-30,95.48439521679026,96.41539011650458,95.06639336504776,95.14239501953125,10057900
2023-01-31,95.42737783714033,96.78587642922638,95.08537768473295,96.75737762451172,10367500
2023-02-01,96.36788765248168,98.16338493620961,95.93088904221143,97.46038055419922,16673700
2023-02-02,97.82139250252129,98.79038823710222,97.21339375770253,98.22039031982422,13459800
2023-02-03,97.5838925782111,98.51488748345653,97.4508933060332,97.70738983154297,13567600
2023-02-06,97.23238705213076,97.84038577509271,97.08039099534851,97.46988677978516,10260900
2023-02-07,97.184892939367,98.03039140289417,96.18739116882,97.77388763427734,10946100
2023-02-08,97.2703879765814,97.68838981700877,96.89988898089952,97.22288513183594,7429700
2023-02-09,97.69789672382329,97.92590170942492,96.08290127269075,96.3488998413086,8882400
2023-02-10,96.13040935059688,97.10890724461322,96.02590887182642,97.03290557861328,7710500
2023-02-13,97.22289463242295,97.97339471565772,97.0519017696295,97.91639709472656,5781400
2023-02-14,97.57440421821504,98.09690660913932,96.64340918264526,97.65040588378906,7722200
2023-02-15,97.10888692654171,98.28688351139756,96.9188828012964,98.25838470458984,6005600
2023-02-16,96.99491103523917,97.98291101355171,96.82391089960973,97.24191284179688,8838600
2023-02-17,97.17539785522466,97.93539270080794,96.79539680847445,97.8783950805664,8779000
2023-02-21,97.14690050579632,97.45089989818398,95.54139986429303,95.63639831542969,9805000
2023-02-22,95.72189868386414,96.18739615187373,94.99989743394937,95.39889526367188,8867100
2023-02-23,95.88339114631904,96.42489024001625,94.82889176681657,95.84539031982422,8995600
2023-02-24,94.85739678534993,95.44639876270881,94.42990014314749,95.29439544677734,9288400
2023-02-27,96.44389195770174,96.871395841677,95.92139687451008,96.139892578125,8677600
2023-02-28,96.01638515582526,96.5198833954487,95.82638828167474,95.92138671875,10854200
2023-03-01,95.83588691964908,96.80488986150645,95.66488682684582,96.3013916015625,10365100
2023-03-02,95.7218910961131,97.62188889418171,95.7218910961131,97.431884765625,10570200
2023-03-03,97.8214003738693,98.64789488365666,97.27039920206616,98.48639678955078,12097400
2023-03-06,98.55287980027562,98.97088161840446,98.16338403622329,98.3058853149414,9715000
2023-03-07,98.31539169028086,98.45789298581995,96.96639488806704,97.04239654541016,11034200
2023-03-08,97.11838207127046,97.50787781660347,96.56738101893032,97.27037811279297,11508800
2023-03-09,97.82138551591335,98.13488688479619,95.69339006103357,95.83588409423828,11018100
2023-03-10,95.68388783526042,96.16838929085402,93.75539127896737,94.04988861083984,27405100
2023-03-13,93.09038709062072,94.39188814965574,92.71038609365495,93.51789093017578,28616500
2023-03-14,94.71489120003983,95.46539123065617,93.40389527511829,94.50589752197266,15383900
2023-03-15,92.7863968882311,92.92889818212858,90.72490087998693,92.17839813232422,34251600
2023-03-16,91.57990266801977,93.6413987049098,91.3233988858566,93.36589813232422,24105200
2023-03-17,92.95740201888285,93.11890011167334,91.39940421661828,91.8364028930664,23170200
2023-03-20,92.25134297390157,93.28155308942482,92.25134297390157,93.05261993408203,14476200
2023-03-21,94.14005705591539,94.5216098708463,93.6440267522597,94.1305160522461,11495200
2023-03-22,94.10189244418233,94.56929969771616,92.28948761431381,92.32764434814453,14178400
2023-03-23,92.47073795946467,93.62495196249291,91.48822563410653,92.06056213378906,15857500
2023-03-24,91.37375659634819,92.5088958842787,90.80142008931686,92.44212341308594,15993200
2023-03-27,93.18615935243587,93.52956270390283,92.60428185565314,93.21477508544922,7668400
2023-03-28,93.03353569140737,94.06374578218755,93.03353569140737,93.69172668457031,9909000
2023-03-29,94.54071151008533,95.10350712333346,94.35946879099968,95.05581665039062,9387900
2023-03-30,95.52320866840941,95.71398508479072,94.9508721416117,95.25611877441406,8160100
2023-03-31,95.81892621391414,96.57250552435296,95.61860876850453,96.51527404785156,12006400
2023-04-03,96.30540582323651,97.07805978820866,95.99061817911677,96.68696594238281,11174100
2023-04-04,96.74419498103104,96.74419498103104,94.16867697743368,94.52161407470703,18801900
2023-04-05,94.0351301147063,94.45483967677576,93.0049200231971,93.29109191894531,16606700
2023-04-06,93.31971280896288,93.64403418291977,92.85229820157228,93.2624740600586,10886000
2023-04-10,92.89999733296638,94.13052492679603,92.89999733296638,94.1114501953125,10568900
2023-04-11,94.38806060716504,95.11302402210703,94.31175441426572,94.67423248291016,9753200
2023-04-12,95.1893539967503,95.5518321282418,94.73148037170185,94.9890365600586,11277200
2023-04-13,95.02718436656538,95.52320740921041,94.01604899564275,95.34196472167969,12289300
2023-04-14,95.01764249559685,95.75213968769997,94.66469812774523,95.22750091552734,9255000
2023-04-17,95.4659740610798,96.00969483531372,95.33242911847172,95.9810791015625,8007100
2023-04-18,96.44848295902754,97.01127844312832,96.08600488169077,96.4389419555664,9924700
2023-04-19,96.09553525570102,96.52479306463998,95.9333745907844,96.36262512207031,7734400
2023-04-20,95.79983179300137,96.56295195191207,95.79983179300137,96.19092559814453,9265100
2023-04-21,96.36264386026872,96.50572982440548,95.59953084763005,95.97154998779297,10668600
2023-04-24,95.9715368260733,96.53433232279943,95.81890987788445,96.20046997070312,6942000
2023-04-25,95.62814325242506,95.66629999337546,94.3594589070277,94.42623138427734,12306900
2023-04-26,93.81574499531204,94.06376019093254,92.45167233588145,92.6424560546875,16058800
2023-04-27,92.91906634495534,94.58838530594953,92.7759804070538,94.47391510009766,14421500
2023-04-28,94.35945358173223,95.54229065147695,94.35945358173223,95.38966369628906,10714800
2023-05-01,95.39920583826516,96.4484906959088,95.38966483403867,95.90476989746094,8551100
2023-05-02,95.56136636915635,95.73306805668942,93.82527476305695,94.9031753540039,12240400
2023-05-03,95.21796092160962,95.87615192243611,94.47392271771206,94.54069519042969,13371600
2023-05-04,94.44531236646321,94.64562979603363,92.99538533673335,93.51049041748047,15150000
2023-05-05,94.3690022580654,95.20842874688293,94.25453203236803,94.9222640991211,9231300
2023-05-08,95.29427224586132,95.45643292199081,94.23544643264538,94.57884979248047,7610200
2023-05-09,94.34992756172137,94.93179786235409,94.15914385215342,94.7887191772461,8068100
2023-05-10,95.38966817721123,95.50413839897938,93.36740459189888,94.4453125,12580500
2023-05-11,93.94927678021796,94.07328799945897,93.3483245250051,93.87297058105469,11573800
2023-05-12,94.28314678960153,94.57885971683312,93.24340287485927,93.93975067138672,8552400
2023-05-15,93.90159045949727,94.72194217734915,93.56772080310213,94.39761352539062,8433600
2023-05-16,93.94927011475683,94.04465831518365,93.119384765625,93.119384765625,9416200
2023-05-17,93.70126997511828,95.02718572004026,93.65357223214545,94.72193908691406,12387400
2023-05-18,94.56931077299232,95.56136413581463,94.3022208825505,95.40873718261719,10813000
2023-05-19,96.14323954827807,96.2386277531055,94.69331263534852,95.17980194091797,10028200
2023-05-22,95.2179599227035,95.75213969884065,94.38806724678733,95.16072845458984,9038600
2023-05-23,94.74102343185265,95.00811335323571,93.85389917717065,94.01605987548828,11744600
2023-05-24,93.73941819424917,93.76804120624588,92.67105863129031,92.80460357666016,11654900
2023-05-25,92.87137387165608,93.33878116949062,92.27995535770476,93.10984802246094,14259300
2023-05-26,93.38648092505737,94.1686758654631,93.27201071024665,93.80619049072266,10790500
2023-05-30,93.9397473629888,94.16868052628746,93.19570184637352,93.66311645507812,9828300
2023-05-31,93.30063529711931,93.43418025490938,92.07964866723627,92.38489532470703,13021500
2023-06-01,92.6042881333823,93.77757693238829,92.28950049358895,93.56771850585938,12573600
2023-06-02,94.55024703872185,96.57250346019754,94.49300828578919,96.28633880615234,21451300
2023-06-05,96.48664838984074,96.48664838984074,95.49459499243247,95.61859893798828,9655500
2023-06-06,95.38966600165053,96.3721783970429,95.30381879552294,96.21955871582031,10509400
2023-06-07,96.27678566958599,97.83163453250913,95.94292330977471,97.76486206054688,13384300
2023-06-08,97.5931658309752,98.1655096542312,97.13529950555522,97.93656921386719,10074600
2023-06-09,97.95564700857966,98.02241948139971,97.03990711948168,97.67901611328125,9870800
2023-06-12,97.7743987311221,98.54705262639216,97.41192065334239,98.37535095214844,9905000
2023-06-13,98.55658962335077,99.60587435544988,98.4325856938587,99.52002716064453,14474000
2023-06-14,99.79666572159407,100.03513987352878,98.82368710621445,99.25294494628906,14953600
2023-06-15,99.21479042028905,100.95088199396739,99.15755167374438,100.75056457519531,12776600
2023-06-16,101.06534246791293,101.68537671717968,100.43577449249926,100.58839416503906,14448400
2023-06-20,99.94673369609811,100.23404995660684,99.44871981878379,99.84138488769531,9527500
2023-06-21,99.32421913314832,100.68416716656904,99.1135215181876,100.39685821533203,12206200
2023-06-22,100.01376765973616,100.12869561894436,99.4966028034327,99.66899108886719,11641800
2023-06-23,98.80705810979401,99.29549284474597,98.5580584703533,98.91240692138672,11246200
2023-06-26,98.87408158792168,99.92756222650475,98.74958178836128,99.73602294921875,7639200
2023-06-27,99.94673285092168,101.04810209788361,99.77434455742541,100.93317413330078,8210200
2023-06-28,100.9619042977575,101.13429259125377,100.58839754630824,100.93317413330078,7866600
2023-06-29,100.81823688359248,101.93876434149824,100.74162555434894,101.9100341796875,10236000
2023-06-30,102.53255585427713,103.06887907980932,102.09200959146038,102.78156280517578,11431400
2023-07-03,102.38888860275708,103.00182307070126,101.96749341601223,102.80069732666016,6786800
2023-07-05,102.16862061605927,102.59001583894619,101.91004183358693,102.2452392578125,9504700
2023-07-06,101.44077087450681,101.79512665705789,100.88529661215865,101.47908020019531,11209500
2023-07-07,101.18217899047038,102.68578512243788,101.15344882660409,101.70891571044922,9359300
2023-07-10,101.7376590287648,103.15506744384766,101.72807987134017,103.15506744384766,11765400
2023-07-11,103.39449134737475,104.5245907580642,103.36576118293657,104.3713607788086,10283200
2023-07-12,105.21415808977414,105.23330909972468,104.07447936865883,104.18940734863281,13492900
2023-07-13,104.28516174828505,104.56289884583705,103.89250399433628,104.32347106933594,8964900
2023-07-14,104.24686219088149,104.28517151552037,103.4902694694656,104.01701354980469,9288100
2023-07-17,103.83504273123653,104.75444457260934,103.59561494004289,104.40966796875,6517700
2023-07-18,104.45755767578454,105.34822936174959,104.40966919428118,104.9938735961914,8098000
2023-07-19,104.74487304769569,105.25245879752434,104.32347779572187,104.94599151611328,8563500
2023-07-20,105.11837982048881,105.68342590223094,104.74487304959845,105.41526794433594,10643900
2023-07-21,105.30033783021392,105.53019376666457,104.8981009015596,104.9172592163086,8993400
2023-07-24,104.87895538054167,105.50146912084033,104.8119158889253,105.15669250488281,6754800
2023-07-25,104.20854559107603,105.10879639034893,103.99784797364994,105.0226058959961,8768400
2023-07-26,105.38652592492878,105.86538145495476,105.22371679834127,105.7600326538086,10555200
2023-07-27,105.79835171744894,105.79835171744894,104.58205446737428,104.8502197265625,11837800
2023-07-28,105.68343263802413,105.70259095438418,105.09922820390842,105.50147247314453,7466600
2023-07-31,105.63553710815286,105.91326689682768,105.34822085584368,105.75045776367188,6587200
2023-08-01,105.57807072013895,106.42086117325978,105.40568242806933,106.0665054321289,9003600
2023-08-02,105.46315181124164,105.9228490598759,104.77359863153426,104.95555877685547,9905900
2023-08-03,104.57248351110748,104.82148315092037,104.13193725595052,104.29474639892578,7991700
2023-08-04,104.69698854551086,104.77360719546452,103.49984954032219,103.66265869140625,10631100
2023-08-07,104.05531650409833,105.08006712849388,104.00742802454234,104.93640899658203,8462600
2023-08-08,104.29475614942093,104.65868379246379,103.58605187328192,104.45756530761719,7669100
2023-08-09,104.46714020021922,104.86937715348772,104.00743560594334,104.40010070800781,7881500
2023-08-10,104.54375210932186,105.30033748402685,103.88292908102214,104.11277770996094,7259200
2023-08-11,103.89252131875783,104.55333712350013,103.83505367422065,104.2851791381836,5720300
2023-08-14,104.20854310618328,104.38093139753433,103.91165500148378,104.32347106933594,6113000
2023-08-15,103.64350002754506,103.7584206872313,102.87732819810847,102.99225616455078,6911700
2023-08-16,102.80070401456675,103.6243361294664,102.33142763036997,102.4176254272461,10281000
2023-08-17,102.78157144501061,102.95395976293045,101.52697204094552,101.55570220947266,10867800
2023-08-18,100.96190010854987,102.07284846648618,100.8948606253472,101.74722290039062,10763900
2023-08-21,101.72806760973933,101.94833705666233,100.90443553264602,101.62271881103516,6464700
2023-08-22,101.93876731893836,102.18776693307441,101.14386538743237,101.38329315185547,8152300
2023-08-23,101.38329116282644,102.54212064308858,101.38329116282644,102.42719268798828,7643300
2023-08-24,102.0345215518917,102.7623838916919,101.14385011049607,101.18215942382812,9483700
2023-08-25,101.70891270574782,102.38889399535564,100.85655043803477,102.03453826904297,13142500
2023-08-28,102.53255495154981,103.2125290016557,102.4942456281522,102.86775970458984,7673700
2023-08-29,102.791134715502,103.71053650004791,102.48466745398669,103.653076171875,9326500
2023-08-30,103.77757601744123,104.46712918275408,103.70095737534962,104.12235260009766,7849600
2023-08-31,104.29474085899206,104.534168635387,103.63391785798011,103.653076171875,5593400
2023-09-01,104.37135526425722,104.52458523541678,103.7679926159108,104.19896697998047,7034200
2023-09-05,104.01699560307435,104.04572576490737,102.40804077962711,102.44635009765625,8452200
2023-09-06,102.14947936835077,102.77198579849139,101.43119597349018,102.00582122802734,8586600
2023-09-07,101.62272004533142,102.11115472645999,101.03851572060549,101.67060852050781,7561200
2023-09-08,101.70891995887293,101.83342708316864,100.95233458960509,101.16302490234375,6828700
2023-09-11,101.41202666090307,101.61314511284431,100.63628301673599,101.19175720214844,6308000
2023-09-12,100.6746050888251,101.39288849677595,100.56925627111843,100.82783508300781,8099500
2023-09-13,100.69374845521948,101.01937404162175,99.6977279949833,100.15743255615234,10646100
2023-09-14,100.7703607569419,101.16301849925583,100.55008399411531,101.14386749267578,10123900
2023-09-15,100.76079560146069,101.18219087233301,100.27236083810926,100.55967712402344,11446100
2023-09-18,100.55583034710216,101.24819260023425,100.34427439903158,100.67122650146484,6446700
2023-09-19,100.42119081931165,100.58466317890853,99.52689092622387,100.24810028076172,7360600
2023-09-20,100.82508212247278,101.28665940989484,99.7961569086274,99.85385131835938,8286700
2023-09-21,99.48842144089257,99.52688681859624,98.18062794505023,98.2190933227539,8931200
2023-09-22,98.03639202772763,98.50758743784579,97.83445428190035,97.88253784179688,10971200
2023-09-25,97.45943422152554,98.41142862839406,97.4305870177601,98.37297058105469,7355500
2023-09-26,97.73830129339764,98.04601702317272,96.7574596974026,96.87284851074219,11490500
2023-09-27,97.45942238748037,97.90176324338992,96.82476197213916,97.59404754638672,12676700
2023-09-28,97.52673162318149,98.69028179184825,97.40172464748892,98.00753784179688,9804800
2023-09-29,98.60375537040333,98.69029698154404,97.16133649255049,97.48828125,11041900
2023-10-02,97.20940358278213,97.47866124401766,96.09393690374796,96.5362777709961,11079200
2023-10-03,96.19971445475034,96.9113056436775,95.46888690755642,95.86315155029297,12055500
2023-10-04,95.83431261582801,96.34396610604212,95.11310318555786,96.1708755493164,11394500
2023-10-05,96.0362379999155,96.28625195456137,95.2092507061896,95.60350799560547,10336400
2023-10-06,95.2381120609054,97.46905298249716,94.90154912076648,96.91131591796875,13842700
2023-10-09,97.28633520639409,98.54605257465893,97.1036338195859,98.43065643310547,11059700
2023-10-10,98.82492562142016,99.61344767549826,98.43066826264213,99.02687072753906,9658200
2023-10-11,99.28649159341602,99.67113806447199,98.84415071948406,99.62305450439453,7806500
2023-10-12,99.93075779871899,99.93075779871899,97.96906764291943,98.71913146972656,8102200
2023-10-13,98.82491964793705,99.19033711642446,97.41135534620214,97.84407806396484,9598000
2023-10-16,98.72876785081444,99.43074830510855,98.35373950865745,98.88262939453125,8344100
2023-10-17,98.44028150346493,99.83461679636784,98.40181612025442,99.19033813476562,10707200
2023-10-18,98.53644543348607,98.58452166212798,96.63244923543402,96.79592895507812,13582700
2023-10-19,96.98823845388597,97.55558631388968,95.69967387405522,95.90161895751953,12535100
2023-10-20,96.00739342018774,96.19972033199993,94.87269765484268,94.9111557006836,13641000
2023-10-23,94.7669082489585,95.79583325926586,94.4207271860027,94.46880340576172,12076800
2023-10-24,95.670821736134,95.83430143033755,94.74767465351776,95.18040466308594,9324300
2023-10-25,95.03616081384867,95.12270241338291,93.92068684304643,93.95915222167969,10996000
2023-10-26,94.01686265752889,94.68037771321497,93.50720914261956,93.56491088867188,15387400
2023-10-27,93.61297862918494,93.76684015600989,92.43019932193397,92.7379150390625,13062000
2023-10-30,93.35334504054526,94.20917959494004,92.99754576761434,93.891845703125,11242700
2023-10-31,93.68028753414578,94.68998358884923,93.53604419254226,94.5842056274414,10540200
2023-11-01,94.680366072773,95.08424156287451,94.03608745715565,94.89192199707031,14715300
2023-11-02,95.94008359975906,96.94016156043577,95.72853499545204,96.84400177001953,10739800
2023-11-03,97.72869156618151,98.2287342556417,97.65176812947576,97.69984436035156,10001200
2023-11-06,97.77677138437318,97.82485494992757,96.97863114991141,97.4402084350586,6899400
2023-11-07,96.77669430930925,97.35366041889014,96.54590933278132,97.1998062133789,7244500
2023-11-08,97.41135625864807,97.72868283093634,97.0267097634107,97.42096710205078,7494200
2023-11-09,98.03638363337015,98.19986332110769,97.0266949906883,97.20939636230469,12232900
2023-11-10,97.74790489040615,98.71913549807346,97.40172382899048,98.61335754394531,9576200
2023-11-13,98.3825867227443,98.92109478927897,98.20949615430857,98.69992065429688,6598000
2023-11-14,99.90192808472268,101.0847147593811,99.90192808472268,100.68083190917969,12873000
2023-11-15,100.9596847064767,101.66166499269707,100.81544137790863,100.89237213134766,8516300
2023-11-16,100.99815506385178,101.46934311299138,100.50773065714357,100.91161346435547,8611100
2023-11-17,101.42127540553284,101.59436595557571,101.1039415077007,101.55590057373047,8034400
2023-11-20,101.45011565810603,102.13285963191552,101.02700382331444,101.86360931396484,7338700
2023-11-21,101.70014052503576,101.9790090317093,101.3635776157819,101.78668212890625,7676500
2023-11-22,101.75783696597553,102.32519216995799,101.55589921637811,102.00785827636719,9059700
2023-11-24,102.04632493995884,102.45020044422857,101.99824137856041,102.25787353515625,4439200
2023-11-27,101.93092951843396,102.01747112574006,101.52705401129589,101.680908203125,9157900
2023-11-28,101.82513715261796,102.29632517764783,101.29624739435555,101.44049072265625,7976000
2023-11-29,102.00786590638617,102.33481066737369,101.62321940082532,101.82515716552734,9101400
2023-11-30,102.01746597193937,102.99831482431935,101.70013942465982,102.94062042236328,14101600
2023-12-01,103.03677460240512,104.63304744074395,102.95984384629895,104.56573486328125,13279800
2023-12-04,103.74838599083523,104.78692939127036,103.74838599083523,104.73884582519531,11010900
2023-12-05,104.29650708278014,104.45997947242728,103.75800634675556,103.89263153076172,10056300
2023-12-06,104.36381282120274,104.97924428953604,104.19072226220139,104.35419464111328,8336300
2023-12-07,104.58498069690883,104.75807124557089,104.152250656993,104.45035552978516,8457600
2023-12-08,104.48882623158299,105.28695909544862,104.45036084808606,104.77730560302734,7150000
2023-12-11,105.04655429509478,105.90238888897584,104.98885988901972,105.77738189697266,9380200
2023-12-12,105.93123399028008,106.47935280872181,105.58505291163046,106.2581787109375,6524600
2023-12-13,106.25818473267587,107.6429091257478,105.70044770363063,107.44097137451172,12976800
2023-12-14,108.18139740281033,109.08531542657371,108.03715407230247,108.82567596435547,15473800
2023-12-15,108.56605345533131,109.02762335001721,108.15255978405956,108.68144226074219,13800900
2023-12-18,108.94733632841805,109.02468800015393,108.5605853464001,108.6766128540039,6977200
2023-12-19,108.9860079933079,109.6338116218157,108.91832712729456,109.51778411865234,5249400
2023-12-20,108.73461336621362,109.63380618532251,107.68072459388578,107.74840545654297,8329600
2023-12-21,108.51223804243882,108.90865242155022,108.01913039249261,108.86030578613281,6962100
2023-12-22,109.08270251090931,109.76918202805207,108.94734076818605,109.38243103027344,5500100
2023-12-26,109.46945006985176,110.41698223914915,109.30508329837427,110.15592956542969,5181600
2023-12-27,110.1365810050631,110.58134199883463,109.9528726510438,110.32028198242188,5893900
2023-12-28,110.19460822699757,110.58135922254306,110.0495756815853,110.34930419921875,8240700
2023-12-29,110.2042647970954,110.6103499704727,109.74983298927098,110.21392822265625,7936300
2024-01-02,109.4791230891622,110.16560259863591,108.76363116943328,109.10203552246094,8558700
2024-01-03,108.50256778235207,108.69593957166647,107.40999578040905,107.4776840209961,18631200
2024-01-04,107.67106243319442,108.52190868583891,107.54537150007486,107.61305236816406,10715900
2024-01-05,107.53571164751722,108.23186200541687,107.35200325399867,107.73875427246094,7888100
2024-01-08,107.44867864686248,108.44456481933594,106.9749125683683,108.44456481933594,10855900
2024-01-09,107.70974098005284,108.23185370845285,107.3133191879363,108.10615539550781,8452000
2024-01-10,108.12550377988696,108.79264171633254,108.02881787078809,108.65727996826172,9109100
2024-01-11,108.68627805214895,108.84097401098155,107.51635436329612,108.4058837890625,9081700
2024-01-12,108.7732898648622,109.01500828678412,107.97078293368284,108.39620971679688,6631000
2024-01-16,107.85477530247668,107.94179040364826,106.94591157026674,107.30365753173828,10834200
2024-01-17,106.53982300435896,107.26497833136568,106.30776798852057,106.57849884033203,7604700
2024-01-18,106.97492423178636,108.19318737168794,106.83956248031531,108.01914978027344,9060600
2024-01-19,108.27052822136379,109.0053469767998,107.41967458104205,108.7249526977539,10355700
2024-01-22,109.10202895226348,109.84652586075187,109.10202895226348,109.56613159179688,9912900
2024-01-23,109.59513847651691,109.95288442088591,109.0053448967887,109.47911834716797,10275200
2024-01-24,109.92388427353073,109.94321850372765,108.74429706165384,108.80230712890625,9638600
2024-01-25,109.34374861972273,109.86586132883828,109.06336172426673,109.84652709960938,9898900
2024-01-26,109.96255041557389,110.32995977021545,109.36308605905883,109.6724853515625,7031100
2024-01-29,109.56614393570918,110.39765603341775,109.42111138347406,110.38798522949219,5849900
2024-01-30,109.6048097821205,110.581354343033,109.6048097821205,110.42665100097656,8300000
2024-01-31,110.3493044454765,110.55234705884212,109.13104876528281,109.15038299560547,14462300
2024-02-01,109.83685852869738,111.03577993510714,109.23740151382322,111.00677490234375,13946100
2024-02-02,110.77472195550325,112.23470334014756,110.349295157595,111.75126647949219,12830200
2024-02-05,111.30650976537098,111.53855740201095,110.51367357824482,111.14213562011719,9536700
2024-02-06,111.27749893244058,112.1960334422812,111.01644625960552,112.13802337646484,8722800
2024-02-07,112.5151131736679,113.22092695696064,112.46676653024802,112.88252258300781,7557100
2024-02-08,113.15324473354538,113.22092560752928,112.4377601547638,112.90185546875,8532300
2024-02-09,113.0565553568551,113.08556039100685,112.44742750968308,113.07588958740234,10106000
2024-02-12,113.00820224992269,113.5496565708701,112.90184554634344,113.2402572631836,8383200
2024-02-13,112.26372548542953,112.29273052122473,111.27751000841997,112.08001708984375,14054200
2024-02-14,112.94052904563176,114.00409615359408,112.81483810408253,113.95574951171875,11889500
2024-02-15,114.09110270839655,114.87426808679545,113.92673594099503,114.80658721923828,11644100
2024-02-16,114.54554403402535,114.92262423829575,113.99442624496383,114.1201171875,8740900
2024-02-20,113.72370666752114,114.12979192046015,113.4916516287027,113.76238250732422,7392100
2024-02-21,113.7817066250486,114.26514351462195,113.46263650753143,114.216796875,8873000
2024-02-22,114.88394365353926,115.84114664201375,114.8065919797918,115.62843322753906,10604300
2024-02-23,115.88948133819176,116.48894568295867,115.79279544430312,116.23755645751953,8757400
2024-02-26,116.22789674121616,116.48895679394293,115.93783903188388,116.06352996826172,7951300
2024-02-27,116.31490812329479,116.35357657952156,115.7541196114155,116.23755645751953,6275500
2024-02-28,116.12154547725791,116.93372333010942,116.02485956961561,116.63398742675781,8324000
2024-02-29,116.9917221069336,117.25277477003631,116.42127014324261,116.9917221069336,9662100
2024-03-01,116.9530522470181,117.56218007648357,116.61464789731507,117.49449920654297,10782400
2024-03-04,117.49449506371003,118.25832621277097,117.49449506371003,117.919921875,11886600
2024-03-05,117.65886979406095,117.977932527457,116.45994102475336,116.95304870605469,11999000
2024-03-06,117.41715439951709,118.21965403199245,117.29145608684412,117.56217956542969,8644800
2024-03-07,118.31634804178142,118.6644231954432,118.02628295484274,118.50971984863281,7936800
2024-03-08,118.79010414153797,119.40890272341306,117.91991633056956,118.2486572265625,10157100
2024-03-11,117.88125244765251,118.1326417022311,116.81769273827474,117.63953399658203,9179300
2024-03-12,117.62986023291131,118.2776638544551,117.08840593396424,118.16163635253906,9125300
2024-03-13,117.977941995339,118.75144401331123,117.977941995339,118.48072052001953,8009300
2024-03-14,118.6644149948237,118.79010592292474,117.20443361100831,117.9779281616211,9684800
2024-03-15,117.50416101826016,118.47103473008873,117.44615095608196,117.99726867675781,10739900
2024-03-18,118.42015030675289,118.69171048647779,118.07099939011802,118.20677947998047,7178800
2024-03-19,118.25525110247044,119.2348136050131,118.18736107156897,119.22511291503906,8842400
2024-03-20,119.0699421383553,120.83509049935579,118.94386275523351,120.6605224609375,10400900
2024-03-21,121.22302766372302,122.14440083888731,121.02905825814028,121.85343933105469,9965100
2024-03-22,122.20259311672741,122.29957782184896,121.4073066955969,121.4364013671875,6771100
2024-03-25,121.4073089442956,121.49459296068405,120.57322714577592,120.65081787109375,7658200
2024-03-26,120.65082064729494,120.97087684700145,120.16588970208834,120.2143783569336,7292700
2024-03-27,120.99027115912031,122.1541024710076,120.92238112258454,122.1444091796875,7162900
2024-03-28,122.29957553571518,122.48385165162253,121.93103070335903,122.1637954711914,7287000
2024-04-01,122.28988433784843,122.35778177483917,121.14545439073268,121.22303771972656,6905300
2024-04-02,120.73810578930372,121.13575271981404,120.40835629523484,120.6605224609375,11049400
2024-04-03,120.57323229152294,121.62068492963978,120.57323229152294,121.28123474121094,7589900
2024-04-04,122.07651881011579,122.5808437373687,119.85553419313446,120.2143783569336,10659800
2024-04-05,120.6023280352837,122.20260168003313,120.54413868802493,121.8825454711914,10718600
2024-04-08,122.0571204399643,122.26079055404088,121.58189017378562,121.66917419433594,6096100
2024-04-09,121.83405214221945,122.1638016299845,120.00101377927882,121.3879165649414,9042200
2024-04-10,119.88462152680931,120.7187032934604,119.46758064348379,120.35015106201172,14119500
2024-04-11,120.40834830320365,120.98056323415184,119.48697512021681,120.4859390258789,8228700
2024-04-12,119.72944927142314,120.1561908776602,118.6916973285405,119.19602966308594,11604300
2024-04-15,120.82538823610162,120.99996366101591,117.98369278577684,118.34253692626953,10374500
2024-04-16,118.3037484224487,118.63349789052069,117.46966666273215,118.07097625732422,11046200
2024-04-17,118.73049292714661,118.75958760045494,116.73257976574453,117.45997619628906,11084200
2024-04-18,118.02249709381603,118.5074280442885,116.87805975472264,117.0526351928711,9195800
2024-04-19,117.3047934828806,117.95460657746233,116.54830238713073,116.83926391601562,10832100
2024-04-22,117.54725684109412,118.5074254294543,116.99443586573173,117.72183227539062,10484900
2024-04-23,118.55590616737082,119.525767982155,118.38133074473133,119.36089324951172,9870000
2024-04-24,119.25422107377356,119.46759188058535,117.42118263264939,118.41043853759766,11063800
2024-04-25,117.75094412040148,119.05055559511676,116.96535090113524,118.76929473876953,10321200
2024-04-26,118.46862522573151,119.32210098105321,118.44922384523635,118.9632568359375,6958100
2024-04-29,119.20573155555337,119.86523055444496,119.16693619100813,119.75855255126953,6339800
2024-04-30,119.5839729748559,119.75854840954239,117.80912395545305,117.85761260986328,15475900
2024-05-01,117.67333578222478,119.14752248516793,117.27568888636041,117.566650390625,15569500
2024-05-02,118.12917337950898,118.47832422886387,116.92653938752727,118.24555206298828,11999600
2024-05-03,119.36090018078269,119.49668025078053,118.51711768911709,119.06993865966797,9068500
2024-05-06,119.85553446860342,120.36956008779039,119.74884906845605,120.27257537841797,7157300
2024-05-07,120.49564003880216,120.95147631440915,120.29196992832098,120.60232543945312,5244200
2024-05-08,119.88462970735863,120.7672001861104,119.86522832571715,120.60232543945312,5062500
2024-05-09,120.8350850437635,121.80494689941406,120.69930497592912,121.80494689941406,6682000
2024-05-10,122.33837801237522,122.41596873931836,121.65947765027018,121.89224243164062,6038500
2024-05-13,122.16380538433546,122.29958545987729,121.31032956672128,121.37821960449219,5946900
2024-05-14,121.61098054559744,121.82435134311852,121.08725424244362,121.34912109375,5105700
2024-05-15,121.98922772505772,122.23169319832249,121.77585692467127,122.1444091796875,8404100
2024-05-16,121.93104070489548,122.16380549182067,121.36851902032205,121.4170150756836,7135900
2024-05-17,121.51399241871675,121.69826853856564,120.95147076825289,121.55278778076172,5714100
2024-05-20,121.58188287666296,122.2316885444013,121.46549679012197,121.78555297851562,4337600
2024-05-21,121.56248460002249,121.58188598133745,121.07755365957345,121.3879165649414,6010000
2024-05-22,121.2036443614288,121.84374937581421,120.87388746353514,121.53339385986328,7910500
2024-05-23,121.82434481337583,121.89223484536103,119.87492046714601,120.09799194335938,9078200
2024-05-24,120.55382559235848,120.97086646542456,120.05919399884792,120.70899963378906,7556800
2024-05-28,120.66053104114236,120.66053104114236,118.83718580488478,119.23483276367188,8525400
2024-05-29,118.22616422293866,118.3134482400817,117.45027176197023,117.54725646972656,16725400
2024-05-30,117.70244343370523,118.43954056619759,117.67334875996171,118.35224914550781,7816300
2024-05-31,118.63351297806217,119.83613971965214,117.67335172305256,119.78765106201172,9703500
2024-06-03,120.17559039726335,120.22407905211038,117.22720936236361,118.32315063476562,15241000
2024-06-04,118.08068446954894,118.54622142999575,117.36298874667493,118.03218841552734,10061500
2024-06-05,118.47832257512292,119.24450689552873,117.78002088616016,119.22511291503906,8666000
2024-06-06,119.08935039213061,119.38030453907645,118.05159839582551,118.51712799072266,6523900
2024-06-07,118.21646974882704,119.42879715817956,117.91581491913458,118.6432113647461,7036200
2024-06-10,118.46863658238135,119.17663164969368,118.41043983477562,119.01175689697266,6642600
2024-06-11,118.37165058944073,118.48802928447553,117.5472620358282,118.33285522460938,11217000
2024-06-12,119.4287986972961,120.1561951522818,118.93416703605719,119.45789337158203,11106700
2024-06-13,119.29300553826226,119.36089557063903,117.68303134267244,118.69168853759766,8056100
2024-06-14,117.67333946621844,117.67333946621844,116.05367196043615,117.49876403808594,15315800
2024-06-17,117.09144147233384,118.99237008745905,116.90716532614881,118.79839324951172,12522100
2024-06-18,118.76929234392158,119.44820014193708,118.54622824130718,119.4384994506836,8176500
2024-06-20,119.30272719764275,119.83614686022834,119.04086031283504,119.51609802246094,6350700
2024-06-21,119.49668843818404,119.5645784778345,118.2455656508033,119.26392364501953,8231000
2024-06-24,119.58604113540281,120.88039055950522,119.32328209905964,119.77095031738281,8650600
2024-06-25,119.67363057271761,119.67363057271761,118.19437198960216,118.74909210205078,11365300
2024-06-26,118.59337387093457,118.61283447618206,117.96079653965982,118.42793273925781,7350500
2024-06-27,118.54472460200252,118.77829644060645,118.12625100560236,118.55445861816406,4804100
2024-06-28,118.88535360802997,119.66390416321438,118.02893834498421,118.6031265258789,9796400
2024-07-01,119.15782524946331,119.40112364637915,117.0654575510115,117.32821655273438,10008500
2024-07-02,117.15304117598474,118.0094562833399,117.06545731721131,117.97052764892578,6789000
2024-07-03,118.1067892222671,118.82695048859541,117.90241943418253,118.39875030517578,5467700
2024-07-05,118.3695331581344,118.3695331581344,117.02652868279719,117.97052764892578,6367100
2024-07-08,118.30141785808289,118.93399521630738,117.75643178939879,118.11651611328125,7405600
2024-07-09,118.1749114111368,118.35982059029067,117.57152864355173,117.60072326660156,4617900
2024-07-10,117.7661767310283,118.6907078154479,117.52287829566745,118.65177917480469,6930900
2024-07-11,118.96320097402749,120.58844016649788,118.7880258034268,120.16023254394531,11113900
2024-07-12,120.85118865966797,121.56162329643851,120.54950100186815,120.85118865966797,10565200
2024-07-15,121.21127349564269,122.29151905377199,120.94850704913642,121.71733093261719,9680800
2024-07-16,122.0774176354641,124.87047874606395,122.0676836196949,124.75370025634766,15501400
2024-07-17,124.20869726016087,124.47146369171114,123.12845176351641,123.15765380859375,14511200
2024-07-18,123.14792401249912,124.38387666750877,122.0190158269284,122.1941909790039,9267900
2024-07-19,122.46668908107651,122.71972151674709,121.25019698153525,121.52269744873047,9955300
2024-07-22,122.09687972574352,122.84624302662854,121.14315406537176,122.75865173339844,8334900
2024-07-23,122.1455481148473,123.19659170880288,122.07742485019389,122.52509307861328,9432900
2024-07-24,121.92170471462775,122.16500313796469,119.77094754331462,119.88773345947266,11370800
2024-07-25,120.04343614214379,122.71971869970015,119.73201446880509,120.85118865966797,14738900
2024-07-26,122.23312004155078,123.7805017944236,122.02875026756348,122.91436004638672,10620800
2024-07-29,123.30363932158262,123.30363932158262,122.31098501049166,122.70026397705078,8946500
2024-07-30,123.2257818142574,123.92647500068722,122.56400983967512,123.06033325195312,7811200
2024-07-31,124.49093013669244,125.61011174594029,123.87782080911113,124.43254089355469,10947600
2024-08-01,124.12111805225963,125.1137723006378,121.38644629286564,122.12606811523438,17283200
2024-08-02,120.80252097067553,121.01662475433473,118.31114768782963,119.44005584716797,16916300
2024-08-05,117.1530455681616,118.5739073655965,115.97548217627812,117.36714935302734,20012000
2024-08-06,118.05812871997483,120.46191841514334,117.54233723232406,118.7782974243164,13732600
2024-08-07,119.89746419792937,120.89985997365001,118.13598592799885,118.20410919189453,8307700
2024-08-08,119.07996967363758,121.0166228616585,119.06050164367592,120.92903900146484,7976800
2024-08-09,120.77334167546961,121.1918152807564,119.702830046211,120.94851684570312,5891400
2024-08-12,120.95823915243861,121.14314832113983,119.94611686961227,120.33539581298828,5733400
2024-08-13,120.89985457526413,121.69787309878593,120.03370536600988,121.60054779052734,7808300
2024-08-14,121.56162598334276,122.31098184907525,121.4934952979431,122.09687805175781,5506400
2024-08-15,123.25498031138103,124.09192746510844,122.91436401041719,123.7415771484375,5717400
2024-08-16,123.58585922661052,123.91674892772282,123.0214125539244,123.56639862060547,5448600
2024-08-19,123.67345378800769,124.35468638938323,123.53720726773258,124.31575775146484,3482900
2024-08-20,124.25737049337823,124.42281163851722,123.60533250379854,123.97514343261719,6443300
2024-08-21,124.26710035700522,124.93860635585705,124.12111982357503,124.72450256347656,4989200
2024-08-22,124.9386126103418,125.22083225092229,124.17951528347976,124.56879425048828,6355600
2024-08-23,124.9970044771135,126.10644473017484,124.75370604574253,125.81448364257812,5888000
2024-08-26,126.08696219195853,126.51516975786922,125.41545622266733,125.67822265625,6226600
2024-08-27,125.49332180584878,125.82420409242101,125.06511421157549,125.75608825683594,4000900
2024-08-28,125.8144713548241,126.46650930524565,125.06510810145637,125.69769287109375,4336300
2024-08-29,126.28161807559366,127.68301947842745,125.63932147409352,126.58332061767578,8226000
2024-08-30,127.03097255160532,128.0625554982823,126.1161680970782,127.93605041503906,8347900
2024-09-03,127.30346203853762,127.50783924383994,124.62717943674974,125.10404968261719,9332600
2024-09-04,125.02620555509189,125.98967273897055,124.75371248587018,125.2305679321289,7809700
2024-09-05,124.96779095074893,125.11376404758857,123.07979303292676,123.77075958251953,8044500
2024-09-06,123.926485908536,124.83156379853794,122.27205953889896,122.5153579711914,9567300
2024-09-09,123.55666856492867,124.88994657779202,123.51773992679269,124.39361572265625,7283100
2024-09-10,124.88021203708038,124.88021203708038,123.56639471448298,124.60770416259766,6270200
2024-09-11,124.30602514897942,124.98725029253117,121.7562551752253,124.83155059814453,7969700
2024-09-12,124.86074821061015,125.80474723867984,124.16977418551795,125.79500579833984,7012600
2024-09-13,126.34001286935755,127.54676354976357,126.086973004299,127.06990814208984,7913800
2024-09-16,127.62460615910493,128.49074785587462,126.95310020940882,127.72193145751953,6400800
2024-09-17,127.97494713019495,128.88000997060996,127.70245413417186,128.42262268066406,7820700
2024-09-18,128.62698121012224,130.0867714385261,128.12091643967776,128.31556701660156,9191600
2024-09-19,130.41768259591188,130.76803292245242,129.4055676802156,130.5247344970703,8957800
2024-09-20,129.51259861307352,129.8824169117025,128.88975533892497,129.6099090576172,10907500
2024-09-23,130.1088393657636,130.6848991528019,129.62066270086402,130.4798583984375,8284000
2024-09-24,130.8411002651835,131.4562076110421,130.5384331261004,131.4171600341797,7507900
2024-09-25,131.81747932156213,131.95416821424317,130.70443693888157,130.8020782470703,4422400
2024-09-26,131.86627387225963,132.2665822994302,131.2902290027033,131.45620727539062,6620700
2024-09-27,131.85650727741603,132.4911309205508,131.43666763970577,131.64170837402344,5859200
2024-09-30,131.6417285274544,132.36423539474637,130.87040101137762,132.2373046875,5321200
2024-10-01,132.16895991853335,132.94028747615562,131.1144964194615,132.30564880371094,9398600
2024-10-02,132.06155395507812,132.5692618884908,131.50504027062055,132.06155395507812,5189700
2024-10-03,131.68077250672727,132.06154972008326,130.89970173941134,131.38787841796875,6361400
2024-10-04,132.4228213466997,132.70595728814928,131.09498007727265,132.30564880371094,5797100
2024-10-07,131.65148763651678,132.53021462699607,131.32928922980474,131.9834442138672,5737800
2024-10-08,132.49115086443717,132.6864185611055,131.76865889696734,132.27635192871094,4980600
2024-10-09,132.28612731458148,133.5456166434304,132.10061778520725,133.45774841308594,5064800
2024-10-10,132.9304819225927,133.1452808179482,132.32514770730032,132.77427673339844,5495600
2024-10-11,133.2624804233284,135.19565597655722,133.2624804233284,135.14683532714844,8764800
2024-10-14,135.11754981451793,136.02556624620672,134.59032552041904,135.95721435546875,6817400
2024-10-15,136.1036584472605,136.4649193370655,134.7953484624819,134.91250610351562,7808900
2024-10-16,135.12730798549296,136.25012336239968,135.06872916370097,135.95721435546875,8207800
2024-10-17,135.9767475646568,136.1720152727817,135.32259254855418,135.56668090820312,5065100
2024-10-18,135.91813627924128,136.03529389653997,135.15656707289682,135.97671508789062,4782100
2024-10-21,135.95720881583748,136.1524765131782,134.95156602146102,135.49832153320312,5216700
2024-10-22,134.90275317925176,135.01015265369975,133.16484524579977,133.85806274414062,8579700
2024-10-23,133.72136018274153,134.28763201049568,132.78405441996452,133.46749877929688,8480700
2024-10-24,133.26249242235284,133.26249242235284,132.16896638942282,132.54974365234375,6720400
2024-10-25,133.1550792300191,133.5163252146204,131.92486443191464,132.1982421875,6399300
2024-10-28,132.86216864586956,133.1745939779565,132.54972841581247,132.5887908935547,7132200
2024-10-29,132.18848305595665,132.9305062588697,131.40739737511805,132.4130401611328,11192300
2024-10-30,131.82723059827023,132.90121032094257,131.60265860615544,132.1884765625,10469000
2024-10-31,131.14379327577794,131.48550802031667,130.25530812363073,130.66537475585938,16640000
2024-11-01,131.3293022320002,132.04205100436963,130.81183607549588,130.84112548828125,7482300
2024-11-04,130.97780757239136,131.69055630771217,130.33342562663591,130.69467163085938,6744400
2024-11-05,131.15354898517327,132.9109880174387,130.8215924174037,132.88169860839844,7469400
2024-11-06,137.3436395746873,138.32975120705322,135.8791093831492,138.08566284179688,17738800
2024-11-07,138.47619422281394,138.53477303878702,137.07024304758215,137.25575256347656,10062400
2024-11-08,137.65607691710173,139.15965466012122,137.3924573167774,138.7300567626953,8270000
2024-11-11,139.51113762937715,140.32151274435734,139.481848219026,139.80404663085938,8237000
2024-11-12,140.1359858070213,140.2726746710053,138.03683220341676,138.60311889648438,7161100
2024-11-13,138.7495643206723,139.67709695108854,138.71051674483073,138.89601135253906,6033400
2024-11-14,138.75936437020408,138.94487393187117,136.40636359287822,136.5528106689453,9977100
2024-11-15,136.0743726513527,136.89452085428502,135.46903829263903,135.82052612304688,6628500
2024-11-18,135.8009880524732,136.19153834326625,135.30305319192863,135.635009765625,6414200
2024-11-19,134.79536109265473,135.86935589599798,134.5610457886322,135.5178680419922,5554700
2024-11-20,135.84005800564583,135.98650506152057,134.66842196676328,135.664306640625,6527600
2024-11-21,136.31845391385806,137.84156280036393,135.79122964467152,137.3631591796875,9677300
2024-11-22,137.7244264155919,139.3158874351961,137.59749568947203,139.27682495117188,7924300
2024-11-25,139.98954674108762,140.52652916003618,139.54041764930975,140.145751953125,7411700
2024-11-26,139.97976562138436,140.5655835512299,139.45254140289842,140.31173706054688,6524900
2024-11-27,140.7413143279056,141.09280209207512,139.75520291358163,139.79425048828125,5561100
2024-11-29,140.00906896656053,140.84873347068117,140.00906896656053,140.5851287841797,3091500
2024-12-02,140.4972501595939,140.70229093141364,139.36469152306776,139.55018615722656,6217500
2024-12-03,139.59901106243265,139.83334125194463,138.2125909615888,138.67147827148438,4528000
2024-12-04,138.69102177256167,139.28659802116422,138.31024449217466,139.27682495117188,5727700
2024-12-05,139.2768100310959,139.3939825726438,137.55843336742606,137.5877227783203,5233900
2024-12-06,137.99777571699883,138.3102159327872,137.0116642196096,137.23622131347656,5432800
2024-12-09,137.26553156624328,137.42175169786063,135.966979655871,136.0450897216797,7434200
2024-12-10,135.87908251584582,136.2208121188233,134.9222604846649,135.71310424804688,7382800
2024-12-11,136.41609640721455,136.6211222755967,135.34210172245443,135.4006805419922,6168900
2024-12-12,135.46904416898622,135.6643118836895,134.4634012851911,134.53173828125,7081600
2024-12-13,134.68796005800513,134.83442201930103,134.0435631834356,134.1802520751953,6709900
2024-12-16,134.3266984668871,134.79534391317594,133.86781119103154,134.2974090576172,6573400
2024-12-17,133.721354268208,134.024021406956,132.75475913978164,133.0671844482422,6861700
2024-12-18,133.25271958458026,133.55538678153462,129.22038981842263,129.30825805664062,13428100
2024-12-19,129.93311684746678,130.8801808707436,129.09345229790088,129.14227294921875,12507400
2024-12-20,129.0153428647862,131.62220475979098,128.6931444420816,130.65562438964844,11849600
2024-12-23,130.49862047972377,130.82244017992397,129.53696865260682,130.6261749267578,8022300
2024-12-24,130.48879591130483,131.70557158377446,130.24347932214908,131.64669799804688,2972900
2024-12-26,131.34251940823842,132.0686469935083,131.00887743812606,131.7448272705078,4749500
2024-12-27,130.98923656298138,131.74480079185486,130.00797031702493,130.76353454589844,6060000
2024-12-30,129.34071427815473,130.05703451613923,128.1926344535705,129.4486541748047,8725500
2024-12-31,129.85097020876458,130.0472204725649,128.89914070775095,129.29164123535156,6009800
2025-01-02,130.24347464870493,130.45935443725062,128.26132745996478,128.84027099609375,7227600
2025-01-03,129.29165079768075,130.50842647993122,128.86971344795063,130.23367309570312,7676100
2025-01-06,130.9009262453446,131.31307129213207,129.71360233630767,129.9490966796875,6899500
2025-01-07,130.2434858293332,130.66543816968945,129.37998157395955,129.82154846191406,6841200
2025-01-08,129.57622309450804,130.45935681067195,128.79120702850895,130.33180236816406,8277600
2025-01-10,129.6547212361496,129.77246840101535,128.59495183355165,128.8697052001953,9997300
2025-01-13,128.14357322204654,130.45936248230637,128.00619652749455,130.380859375,8365400
2025-01-14,131.30324517488683,132.1176980252492,130.714494360858,131.92144775390625,6746700
2025-01-15,133.87415138304772,134.08022388992327,132.51019185287052,132.75550842285156,9184200
2025-01-16,133.11860952425224,134.56107239625942,132.97141057373736,134.36480712890625,6556500
2025-01-17,135.22830717641514,135.66987401933937,134.63955637682804,135.16943359375,6869200
2025-01-21,136.3567796831286,137.94642639160156,136.3567796831286,137.94642639160156,12177700
2025-01-22,138.37816830279237,138.525352248497,137.56371553304626,137.62258911132812,7206000
2025-01-23,138.49592128366413,139.24167826148715,137.92678504811428,139.0159912109375,7353400
2025-01-24,138.94733135841662,138.9963827011717,138.15249297924893,138.42726135253906,6457700
2025-01-27,136.32731526922004,136.89645150075674,135.90537796147478,136.5726318359375,10909300
2025-01-28,136.8964589994075,137.01422113947825,135.2675682866099,135.6698760986328,8900000
2025-01-29,135.7582162346788,136.62172050928694,135.13020631999225,135.2086944580078,9100900
2025-01-30,135.012424646765,136.97495721803136,135.012424646765,136.71983337402344,8169600
2025-01-31,136.680571683041,137.12215348134742,135.60118777357027,135.75819396972656,10144700
2025-02-03,133.38353144525345,135.38532323927782,132.7947806027861,134.4138641357422,13906700
2025-02-04,134.54143538162785,135.16944527254287,134.15874208830363,134.453125,7577200
2025-02-05,134.9241097221814,135.15961901304394,133.60921653730233,134.5512237548828,8179200
2025-02-06,134.81617300674628,135.2969988720504,134.22740725220794,135.1596221923828,7368300
2025-02-07,135.77783474504514,135.94464824583676,134.48257080886523,134.75732421875,10408900
2025-02-10,135.63063694842066,136.01333022841166,135.0516933917818,135.96426391601562,5446400
2025-02-11,135.51289570834416,136.08201704365214,135.12038016493196,136.01333618164062,5787700
2025-02-12,134.07042012283893,135.6502594737414,133.8545403377763,135.16943359375,7694300
2025-02-13,135.15962451698127,135.66006493589128,134.73767222528681,135.3068084716797,8539100
2025-02-14,135.49326027863657,135.6600737624601,134.81618409709986,134.9731903076172,5800000
2025-02-18,135.43438591155038,136.2880828452915,135.2970092213744,136.032958984375,7226600
2025-02-19,135.6993152397388,136.47452403129344,135.4834504205662,136.1703338623047,9454100
2025-02-20,136.01332400101418,136.03295351966113,134.3059152291857,135.27737426757812,9306700
2025-02-21,135.41475481035488,135.41475481035488,131.79387962301692,132.31394958496094,14561200
2025-02-24,132.82418279861795,133.05969205802214,131.53872657518548,131.71534729003906,10876100
2025-02-25,131.72518693218814,132.8634444039842,130.9892372438952,132.39244079589844,9898500
2025-02-26,133.06952029292782,133.8054699999591,132.29432652294636,132.470947265625,8330400
2025-02-27,132.77513686048908,133.87415029372232,131.8331296242706,132.00975036621094,9624600
2025-02-28,132.3728280502027,133.9036161730694,131.72520362188075,133.7760467529297,9888000
2025-03-03,134.5512438236006,135.0615065434425,131.16587774203904,131.8723907470703,12683000
2025-03-04,130.42011090759075,131.48968760881456,128.33981611606384,129.3014678955078,15191300
2025-03-05,129.7626745302499,131.88219858141653,129.6252978327397,131.34251403808594,12117600
2025-03-06,129.9883632099116,131.09719905034677,129.27204291929021,130.21405029296875,12029100
2025-03-07,129.47810012595713,132.07846510266708,129.0659700294877,131.73501586914062,17504500
2025-03-10,130.0570402154598,131.5681988347806,128.6440291968529,129.67434692382812,15123900
2025-03-11,129.3799900795534,129.54680358272776,126.99550477114083,127.68238830566406,13176800
2025-03-12,128.85007823631693,129.02671396005297,126.57354815714409,127.67256164550781,12728100
2025-03-13,127.36836558123971,127.95711636290231,125.85720713180865,126.36746978759766,10596900
2025-03-14,127.57443341493777,128.91877850279644,127.04455617136446,128.6734619140625,8920000
2025-03-17,128.48703672025468,131.04814286054358,128.34966001043964,130.44956970214844,6918300
2025-03-18,129.90004173500927,130.0962920066914,128.67345882082594,129.40940856933594,8051800
2025-03-19,129.83133875854932,131.8723744121587,129.67433256067125,131.12661743164062,8274900
2025-03-20,130.0864839780089,131.4308140528056,129.8411673965972,130.46917724609375,8078300
2025-03-21,129.34071660193214,129.9294824074982,128.52626372583825,129.77247619628906,10036500
2025-03-24,131.33254947960754,132.4054267172023,131.0077501075879,132.1790313720703,8446800
2025-03-25,132.444792099133,132.81882352462287,131.736108881852,132.3759002685547,5337100
2025-03-26,132.58257744463543,133.25189597983018,131.106156726947,131.4998779296875,6899300
2025-03-27,131.4605068104025,131.90343005059725,130.1907915193204,130.80104064941406,8414000
2025-03-28,130.36795904209947,130.7124632506231,128.0352188874265,128.10411071777344,10196800
2025-03-31,127.1099745092687,129.77738109086744,126.40129139603684,129.0096435546875,9650200
2025-04-01,128.71437664779484,130.0136192136039,127.61197217679303,129.73802185058594,8722200
2025-04-02,128.26160751558515,131.4113025529284,128.2123904799064,130.9585418701172,6398000
2025-04-03,126.56863067077153,127.67103508527916,123.78312245775975,123.8717041015625,15962200
2025-04-04,120.32829876214144,120.75153970438278,115.9384083546543,116.08605194091797,28516400
2025-04-07,112.84777384411261,119.88538173280782,110.97763917649593,115.5447006225586,42518300
2025-04-08,119.13732189969129,119.75741595957781,112.83792470719393,114.5899429321289,21272000
2025-04-09,113.41864928828674,125.54498517227324,113.41864928828674,124.76740264892578,36610700
2025-04-10,122.50355858926835,123.01538868991662,118.02508651065236,121.5488052368164,26234000
2025-04-11,121.27321254197047,124.33432582682848,120.07238900135542,123.69454193115234,13750300
2025-04-14,125.19065341063101,125.81074749262172,123.94061282841685,124.98395538330078,8060500
2025-04-15,124.77724950812924,125.80090224270188,124.17684524530208,124.36385345458984,6230200
2025-04-16,123.76343833545413,124.442594340378,121.69645061418805,122.66104888916016,8043500
2025-04-17,122.74962336854612,124.50164150148801,122.71025124641137,123.33035278320312,7850400
2025-04-21,122.1393768878626,122.39529194826949,119.23575210171714,120.56452941894531,9083500
2025-04-22,121.54879638430202,123.21223282606205,121.18461740673153,122.6708755493164,7493200
2025-04-23,126.01743239572914,127.10014696345813,123.84217337145748,124.20635986328125,9718300
2025-04-24,124.15714949938527,127.22810004700189,123.78312558920408,126.99188232421875,7145400
2025-04-25,126.6867682273816,127.4643433273813,126.08635643411702,126.98204040527344,5826900
2025-04-28,127.19858315315126,128.25177064911833,126.20446511160264,127.40528869628906,6202200
2025-04-29,127.02139491737685,128.48796317392836,126.9131234672552,128.2320556640625,5040600
2025-04-30,127.37575735522613,129.52148187611792,125.84027449706228,129.1573028564453,7532300
2025-05-01,129.70846549973805,131.06677721160517,129.18679810699155,130.1317138671875,9338700
2025-05-02,131.78532156003155,132.9861450263615,131.59830585346603,132.4644775390625,7227600
2025-05-05,131.65736187684433,133.320798420942,131.5687802312713,132.5333709716797,4523400
2025-05-06,131.14555265052672,132.11998083315237,130.86995528383162,131.37193298339844,5404100
2025-05-07,131.76563189666092,132.62196618461584,131.32270865471418,132.04122924804688,5304600
2025-05-08,133.06488727322122,135.1909368228756,132.81881714068518,133.86215209960938,7914800
2025-05-09,134.1279322386591,134.41336702703936,133.07474470377997,133.97044372558594,4541200
2025-05-12,138.10439611411732,138.1437757451627,136.79530123203827,138.0945587158203,8321800
2025-05-13,138.53749082236968,139.94500483442724,138.38000232595033,139.0591583251953,9795200
2025-05-14,138.9705840255004,139.196964364241,137.99614079868226,138.38986206054688,6517700
2025-05-15,138.78356960341102,140.14188168643838,138.5867164801001,139.9253387451172,5761900
2025-05-16,140.14188007707688,141.51986694335938,139.67926698219694,141.51986694335938,5384200
2025-05-19,140.1517144090277,142.12027561430594,140.1517144090277,142.00216674804688,5459200
2025-05-20,141.43128675149188,142.18918704523503,140.93914643432134,141.49034118652344,6825700
2025-05-21,140.73242019934602,141.13597880462953,138.89182048982968,139.09852600097656,9600200
2025-05-22,138.84261991001105,139.92533458442233,138.3209523902302,139.06900024414062,8993200
2025-05-23,137.49414701426429,139.11820385019297,137.43509258662013,138.61622619628906,8233100
2025-05-27,140.2501486910097,141.1753598430019,139.47255860313666,141.0572509765625,11862100
2025-05-28,141.27377204860986,141.52967955926977,140.16153033199322,140.3583984375,9058300
2025-05-29,140.9391343037342,141.03755334733904,139.4922406942721,140.48635864257812,12106600
2025-05-30,140.34857107270585,141.06710674442115,139.33476322788067,140.57496643066406,14254700
2025-06-02,140.387959230802,140.45685106906632,138.62608838999435,140.39779663085938,12641300
2025-06-03,140.36825738024413,141.56908091729585,140.30920294709898,141.48049926757812,10896800
2025-06-04,141.8249795515881,142.29744502490854,141.5493822016157,141.55923461914062,7975800
2025-06-05,142.00215747076805,142.08090171610627,140.91944287102885,141.46080017089844,13814300
2025-06-06,142.72067075926086,143.2718654295095,142.19900330213784,142.65176391601562,11289200
2025-06-09,143.02581192891498,143.23251746374416,142.23838444322436,142.52383422851562,9162800
2025-06-10,142.79941589524555,142.79941589524555,141.155669272267,141.90371704101562,15625600
2025-06-11,142.03169542494766,142.41556426316657,140.59463912198981,141.97264099121094,15837000
2025-06-12,140.87022927199658,141.71671115634186,140.71275579641312,141.59860229492188,13097400
2025-06-13,140.59463901032018,141.6576638735275,139.98438983695183,140.40762329101562,14060500
2025-06-16,141.24426162039134,142.25806940472367,141.07693572596975,141.37222290039062,13711000
2025-06-17,140.85054612373517,141.32299656033425,140.11233574576787,140.30918884277344,12654200
2025-06-18,140.44699881446132,141.40175218164316,139.88595167297248,139.97454833984375,14008800
2025-06-20,140.83088018638554,141.16553200992846,139.65958378505425,140.1320343017578,13985200
2025-06-23,140.39068923185008,142.1085554463017,139.48239682817805,142.02957153320312,15902400
2025-06-24,142.78977286520788,143.45124616351362,141.99008149060904,143.21429443359375,11518200
2025-06-25,143.31303822127623,143.39202213683467,141.63467144342334,141.95059204101562,9751600
2025-06-26,142.57257816090507,143.65857308306437,142.26652490952705,143.49073791503906,9728300
2025-06-27,143.90539356461156,145.5541432408678,143.5795905654029,144.9222869873047,13380900
2025-06-30,145.18885164035797,145.85032495985502,144.71496322997697,145.64300537109375,10914600
2025-07-01,145.28759414428094,146.4723227746967,145.0407750519176,146.12677001953125,13189100
2025-07-02,145.90955410155777,146.2748565673828,145.42579836801934,146.2748565673828,11061700
2025-07-03,146.77837208854146,147.63729768616372,146.65990374808086,147.51882934570312,4864900
2025-07-07,147.499070269117,147.91373956377768,145.98853876524333,147.00543212890625,10687700
2025-07-08,147.01532447188814,147.4102289848976,146.25511746647126,146.96595764160156,10845500
2025-07-09,147.96308921600908,148.1309243735304,147.005430032486,147.99270629882812,10173600
2025-07-10,148.1605482306952,149.3353942676062,148.10129900373212,148.822021484375,12385600
2025-07-11,148.08157507014545,148.6936815447539,147.71627260157928,148.2888946533203,7065200
2025-07-14,148.27903377578954,149.21694327233047,147.99271520512093,149.08859252929688,9069900
2025-07-15,149.5526097259981,149.5526097259981,147.95322694046823,147.9729766845703,10278700
2025-07-16,148.3876300841152,148.60483207408794,146.50192874600683,148.49623107910156,9998300
2025-07-17,149.05897173423043,150.04624803541157,148.89113657078653,149.86854553222656,13374200
2025-07-18,150.33257412407363,150.5398937215005,148.8713942786426,149.5328826904297,10201800
2025-07-21,149.99688735835107,150.10548835852003,148.6838230808192,148.74305725097656,10089300
2025-07-22,148.2197896972268,149.3946508566739,147.80513547588785,149.0984649658203,15053900
2025-07-23,150.34243914306617,151.8529707309918,150.1054873993095,151.77398681640625,14747300
2025-07-24,151.6160218594603,152.62303279400297,151.10263398825964,151.5172882080078,11695600
2025-07-25,151.9813164638551,153.08706110230955,151.4086944004724,153.01795959472656,9376600
2025-07-28,153.096939493398,153.1759083386682,152.10966321647552,152.54405212402344,9214700
2025-07-29,152.58355790421172,152.63292473302195,150.30295202080558,150.80645751953125,13546500
2025-07-30,150.5991168243973,150.8953027207386,149.36502147684223,150.0659942626953,13795300
2025-07-31,149.5822437520303,151.1224076089798,149.5822437520303,150.0758819580078,16520400
2025-08-01,148.04208216563595,148.43700173507375,146.245247084778,147.8347625732422,19191700
2025-08-04,148.34813111220055,149.3354074101872,148.20991303306806,149.1971893310547,11355600
2025-08-05,148.9701124476303,149.67108521210247,147.87423520984197,148.89112854003906,12724800
2025-08-06,149.02934752149864,149.325533410613,147.90385319457613,149.0095977783203,10736700
2025-08-07,149.8487972525683,149.90803142087552,147.88411197074632,148.79241943359375,11095100
2025-08-08,149.22680925964013,149.85866549981148,148.5258515109056,148.910888671875,9124700
2025-08-11,148.93064460731094,149.0194958640033,148.07170393202634,148.4271240234375,9643500
2025-08-12,149.0490949676713,150.02650386729374,148.76277642223852,149.96725463867188,9518300
2025-08-13,150.39180105500463,150.62875279101308,148.82203534863092,150.53988647460938,12786800
2025-08-14,149.5229976193124,149.96726895623235,148.93064085829963,149.2070770263672,9516400
2025-08-15,149.05895564653963,149.33539177586377,148.4172321458884,148.5258331298828,8796000
2025-08-18,148.53573054454665,149.26632049977223,148.38764511122363,149.1083526611328,7342100
2025-08-19,149.2761599984409,150.36216985572858,148.83188871669208,149.4341278076172,9035200
2025-08-20,149.2761639534589,149.64146640493755,148.35800428449437,149.29591369628906,9549500
2025-08-21,149.0787225148365,149.46375967238853,148.50610044841335,148.76278686523438,7679600
2025-08-22,149.5723501155768,152.23799294629276,149.52298329072948,151.1914825439453,9298800
2025-08-25,150.9348144310352,151.43831995034188,149.66121949302166,149.68096923828125,6869000
2025-08-26,149.74020060306597,151.3692156020134,149.68096643303906,151.2211151123047,6927500
2025-08-27,151.15201847240616,151.44818933208364,150.9051993795803,151.2013702392578,5876400
2025-08-28,151.69499535312377,151.79372900760285,150.89530397162133,151.46792602539062,7166700
2025-08-29,151.2408759577288,151.35934430647782,149.48352514962033,150.0758819580078,8806100
2025-09-02,148.5060843026506,148.80227017579068,147.7063929904199,148.64430236816406,9798600
2025-09-03,148.6048220227628,148.70354060675646,147.20289158707934,147.89398193359375,12036200
2025-09-04,148.17042161128518,149.5921018235804,147.77550207195867,149.56248474121094,10148800
2025-09-05,149.81917153759022,150.144974509152,147.4990663149412,149.0095977783203,16781000
2025-09-08,149.20705781267108,149.61182960794875,148.2000318645924,149.34527587890625,11647200
2025-09-09,149.07871402480242,149.08858136405019,147.42009715277226,148.3382568359375,12179400
2025-09-10,148.58506966409394,149.9080161705066,148.5554525829533,149.4341278076172,16515000
2025-09-11,149.51312334892577,151.31984076231925,149.29592136056323,150.85581970214844,17820600
2025-09-12,150.53989462372022,150.89531471465224,149.56250067213836,149.65135192871094,8907500
2025-09-15,149.99686978040663,150.7373269498832,149.76980046653293,150.34242248535156,9412900
2025-09-16,150.56951882371106,150.73735400449235,149.4144072397629,149.89817810058594,10336100
2025-09-17,149.9573914034202,150.75708276834183,148.23952527773048,149.21693420410156,12549500
2025-09-18,149.5822294623867,151.15201025656174,149.26630887435522,150.80645751953125,13071800
2025-09-19,151.3001036784525,151.50743834456196,149.9771569583768,151.1717529296875,8778300
2025-09-22,150.68598249846812,151.91526832768474,150.37866482288376,151.67733764648438,5688500
2025-09-23,152.02431277236596,152.9264344296172,151.1122527558945,151.71697998046875,8589300
2025-09-24,152.04413556691705,152.37128458390615,150.9040831872805,150.93382263183594,5938400
2025-09-25,150.42822861510086,150.457968058009,149.317900614643,149.9127197265625,7145800
2025-09-26,150.74546215421785,151.88552965636597,150.70581460392222,151.26097106933594,6958900
2025-09-29,152.44069039249987,152.58938761887327,151.21140452258803,151.72691345214844,7177600
2025-09-30,151.5484695357028,153.0454256178235,151.51873008888137,152.89671325683594,8211200
2025-10-01,152.1531875508801,152.77774614979162,151.7863909778708,152.47042846679688,8753400
2025-10-02,152.62904306723652,153.46177774924067,151.95491371022445,152.86695861816406,8495400
2025-10-03,153.07516479492188,154.0665200255706,152.60922662636654,153.07516479492188,7430000
2025-10-06,153.5708258335473,154.0962428389263,152.83721759637726,153.78892517089844,6861000
2025-10-07,154.016939263655,154.42339851234766,152.56955406482135,152.91653442382812,11204100
2025-10-08,153.30316494205132,154.47297192433504,152.62905067830243,154.2449493408203,9686000
2025-10-09,154.40356888349638,154.5919287875073,151.74674426890724,151.96482849121094,9751200
2025-10-10,152.3712784462597,152.86695600472308,148.59421787106953,148.6041259765625,24285300
2025-10-13,149.69463523526855,150.7256379876843,149.38731754349692,150.15066528320312,11014200
2025-10-14,148.7825820540588,152.59929028816262,148.6834404887557,151.91526794433594,11015600
2025-10-15,152.46050746035212,153.31307352572975,149.95238004891505,151.2808074951172,10338300
2025-10-16,151.7269058848687,151.98465277335416,149.53600438866644,150.28944396972656,13796400
2025-10-17,150.1308333510427,151.0329702101453,149.68472653807453,150.41831970214844,10806300
2025-10-20,151.22131683933787,152.52000486897114,151.1618379471324,152.19285583496094,8192600
2025-10-21,152.4902578703472,154.30442450028286,152.39111630366165,153.5410919189453,11589400
2025-10-22,153.87815264377986,154.11608333326578,151.09244700114735,151.5484619140625,13612300
2025-10-23,151.8755974431731,153.669947743813,151.8755974431731,153.4419403076172,8035200
2025-10-24,154.65140479160047,154.69105234213043,153.50142917680165,153.57083129882812,7502400
2025-10-27,154.6216585738753,154.7009687983403,153.74926123163874,154.44320678710938,5828900
2025-10-28,154.55225842152205,154.9388863164096,153.32298774386868,153.34280395507812,9022200
2025-10-29,153.46177114983652,154.9190643441144,153.01566438415267,153.73934936523438,16439600
2025-10-30,153.15446941327352,155.6328573990266,152.9760176123218,153.3527374267578,11840000
2025-10-31,153.1643717307163,154.2846078985391,152.9561804919545,153.7195281982422,10414800
2025-11-03,153.70962125619036,153.70962125619036,151.9251789350037,153.0652313232422,9797400
2025-11-04,151.43940767136283,151.67733835367255,150.4976233017322,151.29071044921875,13391600
2025-11-05,150.8941784058518,152.70834507121995,150.7157266077083,151.8756103515625,11121900
2025-11-06,151.92518735741447,152.44069630697587,150.89418458517184,151.27088928222656,11735400
2025-11-07,150.71573650049385,152.2226007065537,149.83343093861205,152.00450134277344,13518600
2025-11-10,152.66869061676482,153.29324919170736,151.2113973598181,152.86695861816406,10900400
2025-11-11,152.8768767680603,153.35272298097397,152.02431077619752,152.9066162109375,8652400
2025-11-12,153.18420938544426,154.19538079575347,152.95618679861784,153.05532836914062,9583300
2025-11-13,152.98594068921489,153.49152639211542,150.36874845712813,150.6859893798828,15475400
2025-11-14,149.84334146429143,151.55839695505693,149.48645296569705,150.69590759277344,13433100
2025-11-17,150.69590541084162,150.97348366940918,148.58432902437266,149.2187957763672,15294100
2025-11-18,148.56448879466092,149.4567024114029,147.81106429889834,148.55458068847656,19820200
2025-11-19,148.70328207557682,149.555848164552,148.306746040794,149.05026245117188,12575500
2025-11-20,151.03297767382267,151.3997742739858,146.44299804743278,146.5520477294922,27790800
2025-11-21,147.19640409263368,148.99075444088083,145.86799186128678,148.3364715576172,20982900
2025-11-24,148.52484091568738,149.30800485515655,147.6425202801948,148.70327758789062,12658900
2025-11-25,149.060177666089,150.8644363753374,148.01925161654373,150.606689453125,13636100
2025-11-26,150.71573244749212,152.24242795289854,150.58685142866582,151.4790802001953,10206200
2025-11-28,151.73681532250663,152.52990245995773,151.44932898770608,152.3613739013672,3507600
2025-12-01,151.22131046460666,151.68724860308143,150.06142673485445,150.13082885742188,10704600
2025-12-02,150.9239135617124,151.88552926787267,150.37866520354743,151.4394073486328,9712300
2025-12-03,151.61786674997134,152.9165396420275,151.23123882694028,152.87689208984375,9128800
2025-12-04,152.95617549283656,154.12598240564364,152.77773883134054,153.66995239257812,9249400
2025-12-05,153.68978965915545,153.98719923333343,152.77774472472115,153.24368286132812,8228800
2025-12-08,153.4320481848714,153.66996375111833,152.68853178659003,153.05532836914062,6721600
2025-12-09,152.66868205614728,153.67986847152554,151.86568686303556,151.93507385253906,7375100
2025-12-10,152.7479975772595,155.36517446966468,152.51006690453954,154.71087646484375,13463300
2025-12-11,154.552273204927,156.5151674376935,154.4134840787912,156.366455078125,9999300
2025-12-12,156.85221113424285,157.0901418130237,154.90914840806332,155.385009765625,12062900
2025-12-15,156.21773889771666,156.37635934459848,155.25612323795337,155.63284301757812,10889500
2025-12-16,155.49405547491446,155.93023901791653,154.0665016923519,154.71087646484375,10277500
2025-12-17,154.42339982646868,155.0975140844844,152.04413833063074,152.2027587890625,11612500
2025-12-18,153.55099550760193,154.4333009683818,152.7281689343319,153.19410705566406,10021200
2025-12-19,153.35273527273975,154.7703659197759,153.25359370395026,154.5126190185547,6957800
2025-12-22,155.25071942864741,156.35487792354226,154.89260863779106,156.22557067871094,5369000
2025-12-23,156.1957348567483,156.54388844035373,155.85750813557812,156.1658935546875,5044600
2025-12-24,156.16590043735647,156.86222281394498,155.976895396849,156.6732177734375,2238500
2025-12-26,156.53395688651125,156.59363949463136,155.96694175199056,156.38475036621094,4155300
2025-12-29,156.0863225725,156.74286162099096,155.70831248178888,156.04652404785156,4455400
2025-12-30,156.0664109191401,156.2454739084616,155.56903565135286,155.598876953125,3810500
2025-12-31,155.6685284967196,155.7381531465338,154.24602723082936,154.3057098388672,3691800
2026-01-02,154.80308377370758,157.18053710453597,154.16644399579047,157.15069580078125,10122900
2026-01-05,157.46901314748914,159.72710111801263,157.46901314748914,159.01087951660156,16194200
2026-01-06,158.60303628865415,161.30875910417467,158.34439142123463,161.16949462890625,12757200
2026-01-07,161.63702427495838,161.74644744392,158.0360169192048,158.135498046875,12333000
2026-01-08,159.1800018493247,160.51296406560073,158.92135696825997,159.32920837402344,11555400
2026-01-09,159.7867924282165,161.36844222639402,159.7867924282165,161.0799560546875,9439600
2026-01-12,160.78155198544346,162.39304317694032,160.52290710277538,162.31346130371094,7420500
2026-01-13,163.01972534250316,163.67624917111453,162.56213340989393,163.14903259277344,9580400
2026-01-14,162.9202510707844,163.43752562969667,161.95534178031065,163.40768432617188,10727100
2026-01-15,164.20347987526756,165.1783311600848,164.12389801016369,164.9097442626953,9197400
2026-01-16,165.52648945904292,166.3222929540621,165.24796051258957,166.02386474609375,13483100
2026-01-20,163.89510885295624,164.84013409739785,162.32340103114132,162.67156982421875,14435200
2026-01-21,163.5171076666194,166.13329141001395,163.30820336304177,165.48670959472656,14068600
2026-01-22,165.68565880158337,166.13329353934193,164.32285532611914,164.6312255859375,9937200
2026-01-23,164.63122019579046,164.94954766562566,162.85062334480367,163.35794067382812,11673600
2026-01-26,163.35794136694614,163.80557609194813,162.98988850974064,163.51710510253906,8231500
2026-01-27,163.79564828559563,164.5118699793197,162.85063818875403,164.19354248046875,9439300
2026-01-28,163.55689504805125,164.41238118802798,162.66162556191532,163.2783660888672,10144900
2026-01-29,164.38253563703697,166.03382526574683,163.1888379601307,164.9893341064453,16332500
2026-01-30,163.79564417629393,165.43697666233106,162.87051818732215,164.57154846191406,11612500
2026-02-02,164.35268712915666,166.74008237831828,164.19352339822888,166.6505584716797,11466600
2026-02-03,166.65055969206284,168.90864770773433,166.0437612448098,168.05316162109375,16444000
2026-02-04,169.08769263307192,169.873554060174,166.9688843032035,168.50079345703125,21338400
2026-02-05,167.36679505878763,168.43118552858806,166.57099151162595,167.4861602783203,18699300
2026-02-06,168.99816672127963,172.47979357188586,168.91858485753744,172.27088928222656,11992100
2026-02-09,171.90285005669045,173.215928144386,171.73374427485507,172.78817749023438,9472200
2026-02-10,172.7981232399408,173.93213825008587,172.51957912393146,172.9970703125,8820200
2026-02-11,174.4991526178578,175.82217276904788,173.1661904247574,173.9221954345703,12551900
2026-02-12,174.8572478137355,176.82684962284196,171.5447267110132,171.84315490722656,18157000
2026-02-13,172.1913315588752,174.38972184175057,171.73373961321434,173.25570678710938,13617900
2026-02-17,173.00702012539853,175.0462618627867,172.48974557055664,174.1609344482422,13810800
2026-02-18,174.45936626846532,175.07610678746775,173.46461566171834,174.1211395263672,10623800
2026-02-19,174.14102716328523,176.0111630363043,173.83265692437007,175.414306640625,13431100
2026-02-20,175.20543550020156,177.2844606998976,174.68816091612885,176.29965209960938,13104100
2026-02-23,175.48393905412402,175.99125634394707,173.43475545614444,173.9122314453125,10566600
2026-02-24,173.66356888635715,176.289709973856,173.45466457293205,176.05096435546875,9756500
2026-02-25,176.6279100283684,176.826857108036,173.52429308522392,174.67820739746094,11757700
2026-02-26,175.21537250479312,176.04101733567674,172.99708288608758,175.77243041992188,13764500
2026-02-27,174.44940078481582,176.29963743287183,174.1111892374276,176.21011352539062,9692600
2026-03-02,175.5734810936859,178.36872785417918,174.73789423164962,177.96087646484375,21918000
2026-03-03,175.09600012257582,175.26510589855576,171.76357963130116,174.51904296875,20481300
2026-03-04,175.4043754723055,176.00121672629243,173.7729850921712,175.0462646484375,13604000
2026-03-05,173.8923481796506,174.32009882619613,169.31650457364472,171.1567840576172,21308200
2026-03-06,168.86884960393516,169.76413421516267,167.37672376391163,169.04791259765625,22680300
2026-03-09,167.257358963614,170.50024033288105,165.29769914128747,170.04266357421875,19492500
2026-03-10,169.7740842644392,171.4751144809244,168.92855535575686,169.12750244140625,16791100
2026-03-11,168.83901118584,169.42592556207958,167.4861497939591,168.60028076171875,14287600
2026-03-12,167.0982114616247,167.23747594674776,164.2930224959482,164.3726043701172,15925600
2026-03-13,165.4170653741877,165.9442971399407,162.87050634715706,163.78567504882812,15836200
2026-03-16,165.29770136873404,166.2626106416106,164.47205656932994,165.1882781982422,11091300
2026-03-17,166.34219821598438,166.68040978049373,164.1835912137597,165.6259765625,12772600
2026-03-18,165.2977052862822,166.29245588571484,164.19353151376436,164.31289672851562,11872400
2026-03-19,162.6019350097473,164.12390216903972,161.3982801402477,163.1987762451172,17989900
2026-03-20,163.15898944380683,163.7856719687323,159.4684582250734,160.82131958007812,19199200
2026-03-23,163.69725205730964,165.77213367542,162.61990089713362,162.6498260498047,18508400
2026-03-24,160.97395345816253,164.1561268489558,160.74452219670923,163.59750366210938,14110200
2026-03-25,165.45293824819058,165.91181598931647,163.91672449481104,164.69480895996094,12205600
2026-03-26,163.3281605514871,164.20600567783322,160.6946403937888,160.87420654296875,15416400
2026-03-27,160.1958683795015,160.89414736040834,158.46014851572448,158.8092803955078,13923700
2026-03-30,160.1559641828282,160.3455003000633,155.69693371386373,156.2256317138672,17459600
2026-03-31,158.31050646230784,161.84182691854107,157.6621078175151,161.33306884765625,15855900
2026-04-01,163.0887480730026,165.3631509969113,162.86928680654307,164.02642822265625,17035300
2026-04-02,161.3231006683554,165.33323886423872,160.74452230406655,163.36807250976562,11097200
2026-04-06,163.13862763682286,164.23593406636203,162.37052835748582,164.2060089111328,7105500
2026-04-07,163.24835709795383,164.27582801029294,162.40045233703043,163.87681579589844,10068200
2026-04-08,169.18376323135732,170.64017148469773,168.69496034011843,170.02169799804688,12808600
2026-04-09,169.46306690805366,172.73501555779472,169.38326142618934,171.76739501953125,8180000
2026-04-10,172.06666535824002,172.2761414338289,170.78980806447083,171.0990447998047,5169700
2026-04-13,170.57034105202538,172.3559411192101,170.19126882335436,172.30606079101562,6814100
2026-04-14,172.70509926582292,173.6128543232583,171.6077928605625,172.924560546875,5490700
2026-04-15,172.68514362947712,172.7250387616804,169.662581255523,170.75987243652344,13548300
2026-04-16,170.82969698229297,171.63770654428404,169.10394722511833,169.91195678710938,8629200
2026-04-17,171.81728011793132,174.70018663694896,171.7175194574968,173.0841522216797,9529000
2026-04-20,172.70509108167366,173.5529957897943,172.1364827291639,173.4731903076172,5734900
2026-04-21,173.1041082427419,174.2612649355345,170.51048327218462,171.0192413330078,8752700
2026-04-22,172.88464172673818,173.493145208703,169.9119598217106,170.62020874023438,10595400
2026-04-23,171.40828384319283,174.36101066679086,171.17885258829767,173.64279174804688,14418800
2026-04-24,173.54302569511552,173.7525017670168,171.5379643287921,172.0467071533203,7665200
2026-04-27,172.08660888671875,173.08415461952498,171.09904835289814,172.08660888671875,6689500
2026-04-28,171.2586427326446,171.43820887821076,169.12389549036106,170.56036376953125,9000000
2026-04-29,170.8297071296522,171.28858486517106,168.8146604828484,169.512939453125,9059900
2026-04-30,171.06912238754444,174.39095148860042,170.7199752941817,174.1515350341797,12012100
2026-05-01,174.79992493234144,174.99943102371742,172.5155520266091,172.53550720214844,6800700
2026-05-04,172.07663753324863,172.78490169526776,170.2411570526822,170.56036376953125,7618500
2026-05-05,171.72749055233567,172.63526081564132,170.77982515740047,171.9868621826172,6189400
2026-05-06,174.84981898618273,176.90476080921198,173.8223480746681,176.4359130859375,10461300
2026-05-07,177.0045119232241,177.2838235022741,173.00434391372355,173.5729522705078,10627700
2026-05-08,174.72012873414448,174.8897249032305,172.66518696325159,172.77491760253906,5883800
2026-05-11,172.81482720752234,175.11915540124275,172.4557101369854,174.6103973388672,6277200
2026-05-12,174.00189414535032,174.36101121652447,171.7175211240897,173.92210388183594,7468700
2026-05-13,173.81236685337748,174.1814538885881,172.09658704543412,173.19387817382812,6070600
2026-05-14,173.74253366995148,174.30115682951936,172.41579605530808,174.08169555664062,7364000
2026-05-15,172.37589743279008,172.37589743279008,170.51047665110735,170.9793243408203,7826300
2026-05-18,171.1389422193715,171.14892741828328,169.0840004603999,170.3309326171875,8696000
2026-05-19,169.2136817623184,169.7623197196,167.69740803813113,168.32586669921875,7503400
2026-05-20,168.81465556211404,171.0591334005836,167.9567656461121,170.31097412109375,10524700
2026-05-21,169.39323133893532,170.87957989808146,168.49544630564714,170.11146545410156,8535000
2026-05-22,171.32847927165022,172.45571081832742,170.00174162307317,171.3484344482422,6910500
2026-05-26,172.7649465368595,174.35104058638416,172.44572459863727,173.87222290039062,6797700
2026-05-27,174.1116241327175,174.4308460709397,173.04425812213404,173.87222290039062,7413200
2026-05-28,173.06420687567692,174.28121383263772,171.6377086268652,173.37344360351562,8669000
2026-05-29,173.14401593094428,173.4532526651656,171.94694890367018,172.70509338378906,7054700
2026-06-01,171.16887330438897,172.43576068155767,169.97182143666325,171.9768829345703,8235000
2026-06-02,172.51556475844347,174.07173369589782,171.94695637365197,173.7624969482422,8663800
2026-06-03,173.30361131964602,175.66780499444425,173.12406039872795,173.62283325195312,6900600
2026-06-04,174.50066891379726,176.04686785437272,173.8522702716237,175.7276611328125,6670100
2026-06-05,175.1790007052175,175.9371299563208,173.0542234967928,173.75250244140625,8893400
2026-06-08,174.49069999510814,174.89969740392885,172.84475560339175,173.20387268066406,5372100
2026-06-09,173.94204465384607,176.1565973995958,171.30852452664908,175.16903686523438,9457400
2026-06-10,174.14155959165257,174.15152956893812,169.03411527367146,169.2436065673828,13851900
2026-06-11,170.85962630230176,175.24882129438276,170.57034474665045,174.72012329101562,11046100
2026-06-12,175.58800861702684,176.17655696123205,174.2014206220086,175.7476043701172,6961600
2026-06-15,178.361170910425,179.5382675084443,178.07187413881744,178.241455078125,7522100
2026-06-16,179.13925825311108,180.6555319758744,178.86991665270656,179.40859985351562,8978400
2026-06-17,179.52829723582602,181.882505649329,178.690362517801,179.15921020507812,11053200
2026-06-18,182.05209749093254,182.47106487503578,180.00712568032802,180.46600341796875,8059200
2026-06-22,180.77999877929688,182.27999877929688,180.69000244140625,181.8000030517578,6669200
2026-06-23,179.16000366210938,180.00999450683594,177.22999572753906,178.14999389648438,8927400
2026-06-24,179.07000732421875,181.88999938964844,178.33999633789062,180.2100067138672,7088600
2026-06-25,182.24000549316406,186.08999633789062,182.05999755859375,184.1199951171875,7867600
2026-06-26,182.63999938964844,183.07000732421875,180.91000366210938,181.1999969482422,8856200
2026-06-29,181.50999450683594,183.5800018310547,181.35000610351562,182.75999450683594,7860500
2026-06-30,183.32000732421875,185.4499969482422,182.6999969482422,185.22999572753906,6530900
2026-07-01,184.3699951171875,185.64999389648438,182.72000122070312,183.36000061035156,8112800
2026-07-02,184.7100067138672,185.47999572753906,181.91000366210938,183.91000366210938,6530800
2026-07-06,184.6999969482422,186.4499969482422,184.6999969482422,185.55999755859375,6701800
2026-07-07,184.5399932861328,184.9199981689453,180.66000366210938,182.3800048828125,7721500
2026-07-08,180.75999450683594,181.88999938964844,179.0800018310547,180.4199981689453,7333300
2026-07-09,182.42999267578125,182.75,180.72999572753906,181.11000061035156,5381900
2026-07-10,181.14999389648438,182.5800018310547,180.16000366210938,181.9199981689453,5315600
2026-07-13,181.52000427246094,182.17999267578125,179.8000030517578,180.3699951171875,5384700
2026-07-14,181.6699981689453,182.50999450683594,179.86000061035156,180.4499969482422,6672800
2026-07-15,180.77999877929688,181.02000427246094,177.77999877929688,180.05999755859375,7491300
2026-07-16,178.7899932861328,180.55999755859375,178.5500030517578,180.14999389648438,6093200
2026-07-17,178.25999450683594,181.4600067138672,177.60000610351562,179.41000366210938,8061700
2026-07-20,180.61000061035156,181.27000427246094,177.58999633789062,178.1199951171875,6044600
2026-07-21,179.50999450683594,179.94000244140625,177.75999450683594,178.66000366210938,4836000
2026-07-22,178.1999969482422,179.83999633789062,178.13999938964844,178.85000610351562,4350100
2026-07-23,179.08999633789062,182.97999572753906,179.08999633789062,181.94000244140625,8556000
2026-07-24,181.9199981689453,183.89999389648438,181.74000549316406,182.66000366210938,5507700
2026-07-27,183.6199951171875,184.4199981689453,180.83999633789062,183.1999969482422,6193700
2026-07-28,182.6300048828125,182.9499969482422,181.44000244140625,182.49000549316406,5707200
2026-07-29,181.0,181.44000244140625,176.35000610351562,176.66000366210938,9505200
2026-07-30,178.92999267578125,179.10000610351562,175.9600067138672,178.38999938964844,7367000
2026-07-31,180.5,180.9199981689453,177.88999938964844,179.83999633789062,7206200
2026-08-03,180.4600067138672,183.35000610351562,180.10000610351562,183.16000366210938,8814000
2026-08-04,185.63999938964844,186.8699951171875,183.27999877929688,186.39999389648438,10498000
2026-08-05,186.5800018310547,188.19000244140625,185.99000549316406,186.35000610351562,5641100
2026-08-06,186.6999969482422,187.4600067138672,184.5,184.75999450683594,5520400
2026-08-07,185.4499969482422,185.8699951171875,183.99000549316406,185.17999267578125,6170200
2026-08-10,185.92999267578125,185.92999267578125,184.3699951171875,184.60000610351562,3438400
2026-08-11,185.0800018310547,187.25999450683594,185.02999877929688,185.6999969482422,4893700
2026-08-12,187.1699981689453,187.41000366210938,185.14999389648438,185.8800048828125,4052000
2026-08-13,186.47999572753906,186.6699981689453,184.74000549316406,185.7899932861328,4942500
2026-08-14,186.17999267578125,186.8800048828125,185.60000610351562,186.50999450683594,3590300
2026-08-17,186.38999938964844,187.38999938964844,186.17999267578125,186.32000732421875,5363000
2026-08-18,185.2100067138672,185.5800018310547,183.50999450683594,183.57000732421875,4646800
2026-08-19,184.24000549316406,184.6199951171875,181.72000122070312,181.9499969482422,8312100
2026-08-20,181.00999450683594,182.02999877929688,179.5500030517578,179.77000427246094,6497700
2026-08-21,180.9499969482422,181.24000549316406,179.7899932861328,180.25,5470900
2026-08-24,180.08999633789062,180.3000030517578,178.36000061035156,179.0,5242400
2026-08-25,180.75999450683594,180.9600067138672,178.16000366210938,178.39999389648438,6564300
2026-08-26,178.89999389648438,180.89999389648438,178.89999389648438,180.33999633789062,8142000
2026-08-27,180.47000122070312,180.49000549316406,178.17999267578125,178.8000030517578,5464700
2026-08-28,179.44000244140625,179.52000427246094,176.64999389648438,177.13999938964844,8234400
2026-08-31,176.08999633789062,176.25999450683594,174.72999572753906,175.1300048828125,7362100
2026-09-01,174.33999633789062,175.44000244140625,172.14999389648438,172.72999572753906,9138900
2026-09-02,173.33999633789062,173.33999633789062,171.6199951171875,172.77999877929688,10830300
2026-09-03,173.75999450683594,174.55999755859375,172.02000427246094,174.55999755859375,8340600
2026-09-04,174.33999633789062,175.77999877929688,174.10000610351562,175.27000427246094,5841600
