Date,open,high,low,close,volume
2009-01-02,70.90484539920672,71.14109283502414,68.71952056884766,68.71952056884766,3464200
2009-01-05,68.27656716485362,68.607321769828,66.50468391054358,66.9476547241211,5395200
2009-01-06,65.92581644202475,66.89444478879575,65.55962591829294,66.27428436279297,4109300
2009-01-07,66.1266604915346,66.55191305195132,65.7959105028241,66.53419494628906,2565600
2009-01-08,66.5283075135111,66.69368255784177,66.14439858566803,66.4810562133789,2603600
2009-01-09,65.83133675273594,66.94762230185133,65.71911609234837,66.58143615722656,2727900
2009-01-12,65.89638771076021,67.36114762094657,65.89638771076021,67.27255249023438,2462800
2009-01-13,67.03624410824641,67.3788092565267,66.7173046087577,67.34336853027344,1767400
2009-01-14,67.71552637000866,68.53649923587285,67.71552637000866,68.45381164550781,2494800
2009-01-15,68.63092551239758,69.05617810658588,68.26473928328177,68.56595611572266,2827200
2009-01-16,66.98897292051647,68.5659473335374,66.95353671091658,67.50872802734375,2994800
2009-01-20,66.32157762299035,67.7036441248659,66.28614140688008,67.4969253540039,3268300
2009-01-21,66.10896117416368,66.76455830677297,65.20530147952168,65.3647689819336,2838100
2009-01-22,65.32340360534631,65.42380920349632,63.71689601042442,64.1067123413086,4016600
2009-01-23,63.740536205289395,63.976788171329474,63.0140667044206,63.60469436645508,2676200
2009-01-26,63.45111496343176,63.68145933686522,62.783707484782326,63.04948806762695,2240900
2009-01-27,63.66965901109543,64.72687848172482,63.569248891394324,64.53197479248047,3420800
2009-01-28,64.56149962298788,64.85681341433795,62.44114876403728,62.9195556640625,4348100
2009-01-29,62.3466413371551,62.789611989716086,61.22445262223833,61.47251510620117,3724400
2009-01-30,61.750122328502044,61.939122995395344,61.09452527949968,61.277618408203125,2630000
2009-02-02,61.60631142525628,62.58945606931826,61.23319271497308,62.417701721191406,2700200
2009-02-03,61.772134115715986,62.086028216559356,60.854138012250495,60.931129455566406,2846400
2009-02-04,60.85417330387548,60.92524549791386,60.18492708789105,60.717952728271484,2305400
2009-02-05,61.14437432972698,61.523416978517986,60.53435270803348,60.77125549316406,2279500
2009-02-06,60.558020094194575,60.91929568557981,60.35073193156609,60.58171081542969,1667500
2009-02-09,60.22635241822045,60.806759209823454,59.85322924793311,60.77714920043945,2257300
2009-02-10,61.65961047940687,62.163025852715265,61.26872037776375,62.097877502441406,3782800
2009-02-11,62.60730710397044,63.075189332323454,62.500700969427356,62.90343475341797,2774200
2009-02-12,62.767142377794315,62.885591486379106,62.03274344522829,62.31110382080078,1818400
2009-02-13,61.56487745207259,61.56487745207259,60.546203110793016,60.652809143066406,2466800
2009-02-17,61.92022668599229,62.577629721939914,61.80177304252974,62.542091369628906,2813900
2009-02-18,62.81453431814696,63.1106616789054,61.772169261629585,62.00906753540039,2768600
2009-02-19,60.81858371989594,61.62996906169744,60.54614733694777,60.95479965209961,3219400
2009-02-20,61.75437297375645,62.28148362085261,61.179889920641216,61.54708480834961,4272000
2009-02-23,61.357621663993584,62.115707397460945,61.10295181429307,62.11570739746094,2688700
2009-02-24,62.60138431823783,63.18179650888911,62.05058670043945,62.05058670043945,4197100
2009-02-25,62.32887698245734,62.47694064230067,61.019994771667584,61.33388900756836,3908100
2009-02-26,60.92522669641761,61.15620560758114,60.39812051262968,60.688323974609375,2611100
2009-02-27,60.74758555390753,61.00817915859487,59.942118519916036,60.33892822265625,3267700
2009-03-02,60.70834400577346,61.33787536621093,60.631134251772664,61.33787536621094,3302000
2009-03-03,60.7142744900935,61.51009668321577,60.46483355797495,60.92807388305664,3084900
2009-03-04,60.27479330693925,60.72615770380931,60.07881012912647,60.64895248413086,3178400
2009-03-05,61.77728647834146,62.620625334676575,61.43282897874467,62.33555221557617,4562400
2009-03-06,61.91990661621094,62.93547329043757,61.81894034974508,61.91990661621094,3125900
2009-03-09,62.068359025914376,62.09211551941325,61.24284013395186,61.5576057434082,2070500
2009-03-10,60.83300543423818,61.0230527164426,60.28662006428606,60.37570571899414,2602600
2009-03-11,60.15601685909697,61.029048919677734,59.942212904216426,61.029048919677734,3101500
2009-03-12,60.9696360075808,61.74764176901795,60.761767860585444,61.32003402709961,3558900
2009-03-13,61.023079743917336,61.694183515262665,60.77364342512562,61.01120376586914,2504000
2009-03-16,59.876871602522655,60.251026182636046,59.68682418437314,60.049102783203125,3265600
2009-03-17,60.41140191611887,60.7736806380889,59.62151522519475,59.722476959228516,3076200
2009-03-18,60.055024814330594,64.1826180486011,59.924366404425086,61.98519515991211,8578800
2009-03-19,62.72759969482971,62.75135619313853,61.89614037837628,62.06243133544922,3650900
2009-03-20,62.13368454306541,62.35936442120778,61.634807271530214,61.717952728271484,3479700
2009-03-23,61.93767959030337,62.01488476969869,61.15373369482349,61.18342590332031,2097000
2009-03-24,60.69051333427062,62.45439330668999,60.53609839407251,61.76546859741211,5477100
2009-03-25,61.343801130762635,61.59917776909225,60.761778374422654,60.93400955200195,2549600
2009-03-26,60.83900355102738,61.80111684991754,60.672712587322366,61.64076614379883,2385300
2009-03-27,61.85447324849308,62.317712930884134,61.50407109701662,62.09796905517578,1853900
2009-03-30,62.620625334676575,62.876001732445275,61.72977806772765,62.33555221557617,2300100
2009-03-31,62.383068443754155,62.834432351490534,62.35931197165395,62.78097915649414,1094600
2009-04-01,63.205111446569184,63.46717251337413,62.853704873434914,63.35401153564453,2383400
2009-04-02,63.06808082232376,63.17528899930274,62.442699032601865,62.579689025878906,1766300
2009-04-03,62.48439967431952,62.63329967787772,61.14429964229563,61.29915237426758,3316800
2009-04-06,61.66842485053712,61.698202124244084,60.882233028408294,61.03709030151367,1418100
2009-04-07,61.07288304629835,61.53149348620635,61.037148466170166,61.19200134277344,1312600
2009-04-08,61.38852138513302,61.85904615704257,61.3170477148445,61.733970642089844,1007800
2009-04-09,61.031159947038496,61.45403559035357,60.739317089215014,60.959686279296875,1088800
2009-04-13,61.322963125454564,61.65054487721974,61.305095856097644,61.51951217651367,946600
2009-04-14,61.49565756260872,62.06743262274575,61.305065875896375,61.84110641479492,1336000
2009-04-15,62.019856235104776,62.12111173736424,61.27535587652692,61.733970642089844,1152500
2009-04-16,61.257465879615744,61.61482501040408,61.215774056758235,61.24555587768555,1055600
2009-04-17,61.03113962089515,61.174082364702556,60.37598045570436,60.57252502441406,2582800
2009-04-20,61.126414541704385,61.58502899768171,61.01920638067677,61.48973083496094,1714400
2009-04-21,61.96625942671855,62.06751039313757,60.88226699829101,60.882266998291016,909100
2009-04-22,61.01919838001701,61.0847147222806,60.22109682017458,60.512939453125,2278100
2009-04-23,60.364057246190264,60.602298147722024,60.11986361656895,60.50699996948242,1688300
2009-04-24,60.03054984159292,60.14371534338135,59.61958421431434,59.89951705932617,2830000
2009-04-27,60.197293320742766,60.268766958390984,59.595736033389215,60.155601501464844,2294600
2009-04-28,60.453404000137304,60.50105309386637,59.01800572400619,59.1728630065918,2332500
2009-04-29,59.363460979393714,59.60765920197001,58.45815082521338,58.64874267578125,3752600
2009-04-30,58.356914272711975,58.58324073098729,58.005507763630824,58.416473388671875,2778100
2009-05-01,58.02042926089256,58.12198781172487,57.691852116583206,58.01445388793945,2772200
2009-05-04,58.16375176523779,58.4385594110243,57.82322875221213,58.205570220947266,2246700
2009-05-05,58.223489075165794,58.44453207820059,57.80530453739144,58.13387680053711,1369000
2009-05-06,58.02033396744363,58.54605197701751,57.94864328337447,57.996437072753906,2045900
2009-05-07,57.315493032473434,57.76952116206282,56.35366296767601,56.5806770324707,5755200
2009-05-08,56.765837382204765,56.98688049402829,56.53882345823845,56.718048095703125,2193400
2009-05-11,57.38118582807495,57.62014598814801,57.22585807772915,57.52456283569336,2167400
2009-05-12,57.45880823230501,57.960629695619126,57.23179441193002,57.73361587524414,2304800
2009-05-13,58.16376237063633,58.504285445751904,58.09207162297544,58.36090850830078,1917500
2009-05-14,58.307149473384555,58.69546644797343,58.12792940979301,58.58793258666992,1704600
2009-05-15,58.54610277939836,58.57597506314832,58.223501257955164,58.56999969482422,2306600
2009-05-18,58.552026530748314,58.61176648771347,57.57227665134688,57.66188430786133,2234700
2009-05-19,57.464753461481905,57.632027194857805,57.1779952343608,57.35721969604492,1624300
2009-05-20,57.30947364162258,58.04428907724277,57.24973362391577,57.96064758300781,2825700
2009-05-21,58.27730550821619,58.33107018185838,56.36559214517632,56.50299835205078,4771700
2009-05-22,56.048943528691865,56.4492066885479,55.76816041247684,55.875694274902344,4483400
2009-05-26,56.18632877789241,56.21619649875519,55.033329010009766,55.033329010009766,3633100
2009-05-27,55.105017223118324,55.3081386986939,53.99383586966892,54.05955123901367,7490200
2009-05-28,54.824236982404045,54.94969691778719,53.904230880642515,54.8421630859375,9824300
2009-05-29,54.782443168162,56.29389286185667,54.7466000607108,56.2580451965332,4746700
2009-06-01,55.34400601058678,55.36798057195966,54.283157962746984,54.594818115234375,6987000
2009-06-02,54.90644946297474,55.00234307749287,54.40898790542257,54.88846969604492,5063600
2009-06-03,55.116240573152744,55.50581909457432,54.73865161572013,55.4039306640625,6727200
2009-06-04,54.79861742444582,54.97242962142361,54.08538885282691,54.25920104980469,5438600
2009-06-05,53.88761246401545,54.480968253694925,53.67184589091709,53.84565353393555,8439600
2009-06-08,54.18726098350429,54.379052890104425,53.62986504046641,53.70777893066406,4084000
2009-06-09,54.05538589746974,54.1273049815123,53.491995351518824,53.70176696777344,6046300
2009-06-10,53.264255412848165,53.5998900709967,52.47910351942316,52.85669708251953,12142000
2009-06-11,52.59899105848464,53.65384444356481,52.55703671444942,53.44407272338867,10692800
2009-06-12,53.59392030868515,54.33112343148512,53.59392030868515,53.92356491088867,6606800
2009-06-15,54.26516906942576,54.63077306675799,54.22920951974694,54.40901184082031,4518700
2009-06-16,54.51693763880951,55.39798387544834,54.42104390721578,55.35602951049805,5376000
2009-06-17,55.41000377459327,55.93743563492746,55.04439926147461,55.04439926147461,7197200
2009-06-18,54.690705589963514,54.888492252827746,54.00744672977721,54.21122360229492,6794000
2009-06-19,54.13932413951231,54.96043128238258,54.06740044347401,54.95444107055664,4750700
2009-06-22,55.40398722271146,55.68568281919308,55.176231001207064,55.48789596557617,3952300
2009-06-23,55.60174270441801,56.22506776003913,55.4878692212347,56.14115905761719,5356900
2009-06-24,56.12916000192786,56.38088604614724,55.53580444835927,55.5777587890625,6550400
2009-06-25,55.87143585361871,56.638603508131816,55.541791358626405,56.596649169921875,7140000
2009-06-26,56.710531195853946,56.87834856054632,56.46479535992566,56.69254684448242,4050400
2009-06-29,56.98022034387622,57.16002722352141,56.68654004162272,56.77644348144531,4334900
2009-06-30,56.45280578489773,57.004206959202186,56.22504974613903,56.68055725097656,3743700
2009-07-01,56.17127418295426,56.574128513799394,56.0630441819564,56.568119049072266,3379900
2009-07-02,56.718454138934256,56.886810946039496,56.52003165025497,56.700416564941406,2645100
2009-07-06,56.55013489136257,56.69444016652919,56.15328965042686,56.59222412109375,1886700
2009-07-07,56.29153663893341,57.04914211709603,56.285522586363804,56.970977783203125,2592400
2009-07-08,57.19348216384868,58.209637392473944,57.055186405726666,58.02324295043945,7912900
2009-07-09,57.331790924072266,57.56027923912395,56.79064042445228,57.331790924072266,5241400
2009-07-10,57.494091134427684,57.920997125804995,57.379847070756966,57.860870361328125,3981900
2009-07-13,57.91500436113306,58.083361198502956,57.458032525857774,57.53620147705078,2604300
2009-07-14,56.97699936819882,57.19946888152705,56.33964274552306,56.58015441894531,3629100
2009-07-15,55.71425652640707,55.91868823845786,55.118989768056515,55.125003814697266,4664200
2009-07-16,55.80448094055059,56.02695493864064,55.6180866586281,55.72030258178711,4225200
2009-07-17,55.257360641011566,55.5339475276623,54.86051559448242,54.86051559448242,3845700
2009-07-20,54.62603798237036,55.612132318690236,54.59597687189341,55.14915084838867,4436500
2009-07-21,54.986758181085754,56.339630898812196,54.8905562843727,56.24944305419922,3895300
2009-07-22,56.15922504976623,56.23738934196411,55.53389695005651,55.74434280395508,1986700
2009-07-23,55.774475570909594,55.798527209919015,54.45767700627548,54.72224044799805,3818800
2009-07-24,54.71618647225295,54.98675918579102,54.57789079569007,54.986759185791016,1765300
2009-07-27,54.25321463489925,54.511763875526995,54.07884379006859,54.355430603027344,2755900
2009-07-28,54.54786110869457,55.20926502380431,54.37349019325448,54.83647155761719,3324800
2009-07-29,55.41964747013669,55.49180229321517,54.68008002992645,55.137046813964844,2910200
2009-07-30,55.04090207337837,56.00895849730406,54.85450765460083,55.918766021728516,4040700
2009-07-31,56.429813078911195,57.03710378411565,56.08708556951399,57.00703811645508,5697000
2009-08-03,56.59559499967221,56.631796144599676,55.87163654054169,56.14311981201172,4029300
2009-08-04,56.48698839932046,56.54128780341175,55.304520720210874,55.6966667175293,3832200
2009-08-05,55.087384569417154,55.956139036525116,54.82193539554893,54.864166259765625,4458300
2009-08-06,54.839997095414695,55.43726309169888,54.55041093195865,55.051151275634766,3228500
2009-08-07,54.550431958956985,54.858116513201075,54.42977369598401,54.5926628112793,3543200
2009-08-10,54.60473481583004,55.28646278963599,54.54440568056882,55.27439880371094,3150100
2009-08-11,55.73894454858341,56.028530874722655,55.49762337727046,55.913902282714844,3677800
2009-08-12,56.07675192522687,56.14914960646804,54.954613181472695,55.31659698486328,4729200
2009-08-13,55.382966918123806,56.197421366340016,55.201974995046506,56.10089111328125,3922300
2009-08-14,56.28796440127319,56.83093141895456,56.233664937813266,56.3181266784668,4410400
2009-08-17,56.680015087625506,57.16265677487069,56.631754601150796,57.15059280395508,3569700
2009-08-18,57.10843778815677,57.17479662047354,56.71629147221783,56.818851470947266,2557900
2009-08-19,57.41607159334789,57.536734379620114,56.95756681395742,57.28937911987305,3518200
2009-08-20,57.54279073491594,57.83841124617663,57.18081141396999,57.759979248046875,3282700
2009-08-21,57.6996454869353,57.753944912258525,56.559408186128266,56.57147216796875,6258300
2009-08-24,56.40253240777046,57.5970687866211,56.384434138863114,57.597068786621094,4460200
2009-08-25,57.53675118338499,57.971123532380645,57.259233598131104,57.9228630065918,3359700
2009-08-26,58.02545390568325,58.24867679244401,57.862564763270804,58.1883430480957,3225800
2009-08-27,58.02539733789652,58.29085082522478,57.75391416426641,57.95903396606445,2514000
2009-08-28,57.57895645536298,58.2244873046875,57.50052450549959,58.2244873046875,2072500
2009-08-31,58.134052056189574,58.43570238665846,57.77207258019067,58.27884292602539,2899800
2009-09-01,57.992553496661984,58.452524950255125,57.58100106291904,58.1378059387207,3304200
2009-09-02,58.392002048605356,59.10616641261631,58.24674499262594,58.9851188659668,4345000
2009-09-03,58.609890767285904,58.779357368361374,58.43437986821289,58.62199783325195,2703800
2009-09-04,58.36779087874073,58.464624295813714,57.532578991841625,57.62336349487305,3643000
2009-09-08,57.18154541122728,57.72019421210512,57.10891689451112,57.217857360839844,2468900
2009-09-09,56.82446186008867,57.151283264160156,56.60052739318104,57.151283264160156,3182400
2009-09-10,57.45387358522002,58.53117079915454,57.441771145536336,58.204349517822266,4417300
2009-09-11,58.59779028892397,59.11828332313765,58.46464026377727,58.52516174316406,4826200
2009-09-14,58.11358040501359,58.50697675221366,57.889650580561856,57.94411849975586,2119500
2009-09-15,57.611263422706116,57.962289768734976,57.53863489379058,57.64757537841797,2187900
2009-09-16,57.70201587923067,58.071202645088114,57.25415170757183,57.75043487548828,3732300
2009-09-17,57.913845532761044,58.54327860663584,57.59912668707893,58.47670364379883,2832000
2009-09-18,58.22249865991781,58.422223522452775,57.90173094477981,57.95620346069336,2813300
2009-09-21,58.16197551647491,58.3980123043244,57.714111434079555,58.089351654052734,3050200
2009-09-22,57.889628100102215,58.325389754396035,57.804897180377175,58.21039581298828,2068000
2009-09-23,58.06516509002785,58.45250790086579,57.617296213285414,58.38593292236328,5712000
2009-09-24,58.4040834885235,58.761163233353415,58.20435857150501,58.555389404296875,4658400
2009-09-25,58.92458717244715,59.3482419684472,58.56750274368341,59.299827575683594,3854500
2009-09-28,59.50560198018359,59.874788856098114,59.37850554023628,59.820316314697266,4263300
2009-09-29,59.50558465880318,60.02002379955441,59.40269775415087,59.765830993652344,3123200
2009-09-30,59.65086536573262,59.99584279974944,59.529822434232344,59.71139144897461,2744800
2009-10-01,60.07992754879539,60.7477512072472,59.98279183595653,60.52919006347656,5754400
2009-10-02,60.88127217106252,60.89948481435535,60.03131330613947,60.1102409362793,4827700
2009-10-05,60.389532831216066,60.50488578720785,59.96455093813858,60.116329193115234,2910100
2009-10-06,59.9584652159437,59.982750285307546,59.48491794310708,59.52134323120117,3936200
2009-10-07,59.90381931659849,60.3045159909371,59.86132160555376,60.219520568847656,3591000
2009-10-08,60.53522557506895,60.56558307226476,59.30278715214064,59.588130950927734,5871600
2009-10-09,59.26635313355797,59.32099106218003,57.97927233159146,58.22211837768555,8135900
2009-10-12,58.301072306790864,58.48320809597262,58.0400134793133,58.31321716308594,1939700
2009-10-13,58.659238890047334,58.798872236579,58.44067791713407,58.61674118041992,2886500
2009-10-14,57.9853277815904,58.343522004994654,57.61498871189009,57.74855422973633,5421000
2009-10-15,57.41466252787933,57.93070752839069,57.2932418096073,57.4814453125,3736900
2009-10-16,57.791067584819956,57.99748370875822,57.511796259072504,57.94891357421875,3716800
2009-10-19,58.03394981507372,58.41036167467002,57.90645659615551,58.40428924560547,3163800
2009-10-20,58.90210182584951,59.041739855319165,58.610690176728426,58.719970703125,2912400
2009-10-21,58.37997703536038,58.410329900359194,57.98535273514613,58.36783218383789,3355200
2009-10-22,57.906475160669146,58.17967897328693,57.87612226942787,58.08253860473633,2572200
2009-10-23,57.602899447040194,57.93074113484453,57.59683164993902,57.6453971862793,2996200
2009-10-26,57.335777221973174,57.37827496450063,56.7954467961641,56.89865493774414,4127400
2009-10-27,57.05039472625051,57.742502998276365,57.020037231270805,57.67572021484375,4476300
2009-10-28,57.76071009275705,58.161406754853154,57.65142960599475,57.94891357421875,4585400
2009-10-29,57.5664416368957,57.71214742746873,57.038251777201076,57.317527770996094,4645300
2009-10-30,57.7364283855018,58.28890327625819,57.59679503045349,58.14926528930664,5118000
2009-11-02,58.17243773634341,58.21507256827355,57.73999739909544,57.89226531982422,3463800
2009-11-03,58.032322142864366,58.081048970018706,57.252711495778904,57.31361770629883,4470700
2009-11-04,57.015221865988345,57.29539438696214,56.52187510588775,56.78986358642578,5349500
2009-11-05,56.56450995371311,56.78986358642578,56.52187510588775,56.78986358642578,2852000
2009-11-06,56.87508960846975,56.91772442355642,56.31474499680317,56.84463882446289,3381100
2009-11-09,56.81417507615836,57.06998392922859,56.72281344382023,56.91162872314453,1697800
2009-11-10,57.28319290812663,57.31364370377607,56.58885157018493,56.80811309814453,2549900
2009-11-11,57.02736298969697,57.35017478871374,56.93600598198606,57.04563903808594,1771100
2009-11-12,56.78983643490201,57.00301057210912,56.308669298435845,56.94210433959961,3431300
2009-11-13,57.149195790069015,57.28927967163683,56.91774558197741,57.204010009765625,1594200
2009-11-16,57.64863935699816,58.135893945984726,57.5694570592371,57.873992919921875,5175700
2009-11-17,57.855663724454544,58.34901448585284,57.746030738237565,58.18456268310547,3174400
2009-11-18,58.12981230178881,58.184626531625426,57.70345926671427,57.84354782104492,2413600
2009-11-19,58.00795057451631,58.36121305145456,57.80696057274037,57.947044372558594,2969800
2009-11-20,57.86177000504268,58.08712804529493,57.6120485566406,57.93486022949219,4136300
2009-11-23,57.58161738453231,57.92269592105601,57.459800302312026,57.86178970336914,3219300
2009-11-24,57.92874840923334,58.28809810117641,57.85565820977422,58.22719192504883,2895200
2009-11-25,58.160240420564826,58.610956708739444,57.84352526237857,58.49523162841797,2789300
2009-11-27,58.71449661254883,58.81194564130569,58.52568127777807,58.71449661254883,2249100
2009-11-30,58.59267898330069,58.91549079565714,58.47086653675457,58.85457992553711,3115800
2009-12-01,58.510603976970366,58.61447506425187,58.16232676658134,58.1989860534668,3979100
2009-12-02,58.223415066724804,58.632792557643604,58.04010934696452,58.24785614013672,2193900
2009-12-03,57.69796845775908,57.9484814100723,57.58187447453632,57.642974853515625,3947300
2009-12-04,57.00141167621378,57.22137676135638,56.76922838041211,57.031959533691406,6108100
2009-12-07,56.98918404609813,57.27636092004018,56.879201512708825,57.10527801513672,2774200
2009-12-08,57.465739117276776,57.66126297037284,57.05025034674058,57.19078063964844,2378600
2009-12-09,57.24578787498461,57.465752844971014,56.628663672430655,56.92805862426758,3494300
2009-12-10,56.634784379951064,56.701996168545655,56.18263150001324,56.27428436279297,4446300
2009-12-11,56.11540858655145,56.37203748378974,55.79157257570062,56.26816177368164,3053400
2009-12-14,56.42703341020574,56.518686266212256,56.2437323598506,56.33538055419922,2380400
2009-12-15,55.95041156353269,56.213147111498294,55.901529447247185,56.084835052490234,2993900
2009-12-16,56.170396145633376,56.36592001776531,55.82211910272159,56.017642974853516,3301600
2009-12-17,56.51868061582041,56.964721984242104,56.32926815089236,56.94028091430664,4428900
2009-12-18,56.946378399189896,57.129684062985135,56.61032423110752,56.695865631103516,3789500
2009-12-21,56.249832795374964,56.33537420823637,55.687702178955085,55.68770217895508,3524000
2009-12-22,55.47994761792321,55.52271831474692,55.24775983946053,55.37607192993164,3078800
2009-12-23,55.577706637994346,55.84044224766727,55.296641395823166,55.3882942199707,2336000
2009-12-24,55.19279834818228,55.211127989971956,54.78952758217482,54.813968658447266,1698900
2009-12-28,54.661190032958984,54.7650610626155,54.56343043494594,54.661190032958984,3170900
2009-12-29,54.73357302023229,55.119882675702286,54.69677828283875,55.02177429199219,2617000
2009-12-30,55.13822901479009,55.48161975026091,55.10143898817271,55.383506774902344,1919100
2009-12-31,55.04013685155944,55.25475320021131,54.60477092192692,55.119850158691406,3242400
2010-01-04,55.08920725024501,55.24863859655135,54.929780582225774,55.0708122253418,2829100
2010-01-05,55.21798089752755,55.573628955968374,55.18731940432145,55.42646408081055,2841600
2010-01-06,55.29159170622984,55.34678148899714,54.647742095875564,54.684532165527344,4099600
2010-01-07,54.70902246595177,54.96656213134191,54.64770416632837,54.77647399902344,2793200
2010-01-08,54.88685238523424,54.917509197899875,54.42695809066955,54.751949310302734,2910700
2010-01-11,54.568014810009764,54.794897783826,54.43311167305356,54.45151138305664,2181300
2010-01-12,55.28539847782794,55.426430032050675,55.08917252711081,55.383506774902344,4321200
2010-01-13,55.1443635565668,55.358979847411696,54.708997744200225,54.739654541015625,4755000
2010-01-14,54.997241179142684,55.506187438964844,54.90526136119819,55.506187438964844,4188800
2010-01-15,55.81890592064368,56.00286552018817,55.78824910624423,55.84956741333008,4142800
2010-01-19,55.62882526984703,55.874103209566805,55.444865645485294,55.69014358520508,2496000
2010-01-20,55.99674035648158,56.272675117280265,55.96607885937612,56.25428009033203,2800500
2010-01-21,56.13775879836731,56.652838101874885,56.08256905682799,56.51180648803711,4363100
2010-01-22,56.46886226292776,56.60376528305579,56.27264096409193,56.41367721557617,3666900
2010-01-25,56.13161493891212,56.364626292346394,56.100953457385266,56.15614318847656,2419500
2010-01-26,56.42597084966617,56.481160606454424,55.990604743328,56.174564361572266,3138100
2010-01-27,56.26038695721806,56.46887006930268,56.02737559460253,56.14387893676758,3325700
2010-01-28,55.880253567037656,56.22977324705407,55.83733026171246,56.1132698059082,3058200
2010-01-29,56.05193974033019,56.63447085905983,55.953826675375744,56.60380935668945,4930600
2010-02-01,56.434596014082985,56.44690582812898,56.02846135211606,56.089996337890625,3598500
2010-02-02,56.10841962369318,56.27456444597279,56.022269761057025,56.24995422363281,3047500
2010-02-03,55.88072451583733,55.97918416570231,55.54843023976477,55.597660064697266,5343700
2010-02-04,55.99150793939679,56.502256979997846,55.93612788899758,56.47764205932617,6095000
2010-02-05,56.22534631969299,56.87147037005783,56.12688663879017,56.60071563720703,6875800
2010-02-08,56.53303441717208,56.705334190259286,56.39765468265594,56.674564361572266,3386000
2010-02-09,56.45307068231773,56.748445263391524,56.08385597709025,56.10847091674805,4790000
2010-02-10,56.19458829629026,56.36688807923632,55.50538446968908,55.57307434082031,5068000
2010-02-11,55.50538014094435,55.55460998789445,55.00078594674728,55.27154541015625,5087500
2010-02-12,55.573065686323005,55.64075554691277,55.351536087086735,55.49922561645508,2833800
2010-02-16,55.216157816396226,55.65306208510324,55.216157816396226,55.60383224487305,2440900
2010-02-17,55.33307216889487,55.437682057044086,54.816172936993404,54.97001266479492,4368200
2010-02-18,55.04999478798255,55.07460970206516,54.46540583666867,54.748470306396484,5121800
2010-02-19,54.91463656085467,55.08078612211648,54.70541675164101,55.043861389160156,3502500
2010-02-22,54.840792289980016,54.963862204243455,54.71771768090028,54.81617736816406,3382600
2010-02-23,54.97617297513366,55.71460662115261,54.95156274560146,55.671531677246094,5474500
2010-02-24,55.72077300703371,55.9238379588243,55.49308843100458,55.806922912597656,4423200
2010-02-25,56.10843386886021,56.17612373451921,55.936134099843336,56.1207389831543,3707700
2010-02-26,56.28073686626417,56.64995134888166,56.249971731355885,56.40996170043945,4349100
2010-03-01,56.379129951002135,56.502590519366166,56.150722718838004,56.38529968261719,2415200
2010-03-02,56.10128026356951,56.34820586202229,55.99016397975145,56.3111686706543,2260600
2010-03-03,56.18157266421017,56.22478432060979,55.990202720397015,56.16922378540039,2156100
2010-03-04,56.15072271176834,56.595188293372956,56.0704738133137,56.465553283691406,2374700
2010-03-05,56.070429239364934,56.095122275348324,55.632138447518585,55.7247314453125,3823200
2010-03-08,55.49632724841727,55.53953888251426,55.37286207262956,55.43459701538086,2850400
2010-03-09,55.54572880268543,55.558072968847824,55.18768675766542,55.446956634521484,2573700
2010-03-10,55.24320905722319,55.37284391700952,55.05801841883416,55.30493927001953,3216200
2010-03-11,55.18150771324891,55.64449161600671,55.16916354811699,55.50868225097656,2621000
2010-03-12,55.41609733161489,55.959334917243126,55.391408995647154,55.854393005371094,3099100
2010-03-15,55.77414096015009,55.848220099237054,55.588950177008215,55.78031539916992,1936800
2010-03-16,55.90380269254139,56.23097747151519,55.89145851830735,56.22480773925781,3932600
2010-03-17,56.36678106123759,56.465553283691406,56.21862743727564,56.465553283691406,3481200
2010-03-18,56.434647173569395,56.471689086504504,56.18155176870987,56.28031921386719,2750300
2010-03-19,56.335861206054695,56.53340074113695,56.09511004485175,56.33586120605469,2976300
2010-03-22,56.39141620221518,56.47783945324521,56.31116738617701,56.39759063720703,2452300
2010-03-23,56.218579638378095,56.37290757245838,56.1198122096184,56.13215637207031,2910000
2010-03-24,55.45929708791921,55.7123972196082,54.977794574645,55.10742950439453,8049300
2010-03-25,55.02099462562051,55.08889929495153,54.55184108624331,54.755550384521484,8268400
2010-03-26,54.65679380230567,55.014835818988736,54.62592632476837,54.909889221191406,4110700
2010-03-29,54.80492353195959,54.848135155916,54.51478632408919,54.699981689453125,3245100
2010-03-30,54.64445283327354,54.90989716546457,54.49012484269076,54.872859954833984,3254600
2010-03-31,55.07658878261713,55.2617795950819,54.90991187070929,55.24943542480469,4263900
2010-04-01,55.00281929164618,55.16391933732974,54.792154001120004,55.114349365234375,2912400
2010-04-05,54.51333314930668,54.61246836982454,54.16015535806593,54.197330474853516,5652000
2010-04-06,54.40183478304103,54.432812489336925,54.12300706284411,54.28410720825195,3584600
2010-04-07,54.18492590027476,55.095753916246615,54.091988124973184,54.978031158447266,6389900
2010-04-08,55.077185478673286,55.22589069802397,54.823147592584775,55.002830505371094,3797600
2010-04-09,54.90367702425114,55.18249980879021,54.77975683717868,55.1329345703125,2311300
2010-04-12,55.250666008909846,55.49231372073686,55.20109603539332,55.424156188964844,2939600
2010-04-13,55.69676328087219,55.733938382008205,55.467505793614656,55.60382080078125,3090900
2010-04-14,55.616210387018576,55.68436788414884,55.213462829589844,55.213462829589844,3570100
2010-04-15,55.0523877045999,55.45513544377617,54.94705506231994,55.275447845458984,3698000
2010-04-16,55.393141554358145,55.75870922889412,55.29400167345026,55.67816162109375,8303900
2010-04-19,55.684405521308896,55.78354075770826,55.46753803263133,55.541893005371094,3211500
2010-04-20,55.67197006997438,55.7587151112953,55.54185250799299,55.74012756347656,2285000
2010-04-21,55.93223673436546,56.27922182256574,55.926044033100595,56.19866943359375,4162200
2010-04-22,56.32254371810651,56.440266390561,55.9693662462458,56.03132629394531,2841400
2010-04-23,55.8950403716153,55.987982855041714,55.68437515461643,55.83308029174805,4776000
2010-04-26,56.0808929466456,56.16763795380682,55.727715495418224,55.8950080871582,4753900
2010-04-27,56.2915845428382,56.95456725383038,56.19864206933918,56.681941986083984,13199200
2010-04-28,56.46510213282205,56.60141719669506,56.06235909697361,56.19866943359375,8379500
2010-04-29,56.29781273562123,56.520872903023125,56.08714269874025,56.43412780761719,4067200
2010-04-30,56.55800721388565,57.10945980561714,56.452674635071716,57.08467483520508,6924800
2010-05-03,56.84225116455131,57.21531247113011,56.75520368447398,57.0101318359375,4211800
2010-05-04,57.70648856640873,58.11685915991357,57.55104602227447,58.03602600097656,11054800
2010-05-05,58.4836293489997,58.9748277535105,58.042173635920804,58.3779296875,12219100
2010-05-06,58.5458572204374,62.17699123135936,58.30958161777233,60.18111038208008,19578200
2010-05-07,59.61530010832192,60.989411105756865,59.23602006562176,59.42877197265625,18740600
2010-05-10,57.924094413667696,58.40907424576826,57.88056596048727,58.197669982910156,10240100
2010-05-11,58.43394959690861,58.45881622366562,57.81839385077292,58.0484504699707,7729100
2010-05-12,57.91165678260909,57.98627088952953,57.5821194452355,57.606990814208984,5530800
2010-05-13,57.98624801635742,58.1665618124924,57.327168857861075,57.98624801635742,6849700
2010-05-14,58.521022591200996,59.37906390108611,58.502365497388126,58.99356460571289,9796500
2010-05-17,58.894066337731466,59.50961742632575,58.738623808226784,58.77592849731445,6302200
2010-05-18,59.00597368419358,59.795619493412616,58.925140548569665,59.677486419677734,9904100
2010-05-19,59.6525930156625,60.28057706539332,59.64637398974359,59.87643051147461,14121200
2010-05-20,60.87746872526602,61.28783422764161,60.64119322221628,61.13861083984375,17666900
2010-05-21,61.93451742905963,62.02156485989097,60.846419799938744,61.200828552246094,18670600
2010-05-24,61.39356180525101,61.47439493245996,60.87127733895374,60.989410400390625,7721100
2010-05-25,61.95937352295689,62.10859697562434,61.182161122377224,61.28786087036133,12952700
2010-05-26,61.0702267641859,61.18214551106116,60.560375749249005,61.11375045776367,12644800
2010-05-27,60.20598029061367,60.3054610074375,59.615296041975704,59.72721481323242,7653200
2010-05-28,59.99460494439865,60.174918870668414,59.70237219298664,60.000823974609375,5805500
2010-06-01,60.65960377965111,60.69703490179849,60.04820181233769,60.42252731323242,5536200
2010-06-02,60.50987658063796,60.63465493484886,59.779941057782366,59.848567962646484,5656400
2010-06-03,59.39938501703104,59.83610218771221,59.33075810106411,59.411865234375,8499500
2010-06-04,60.47869623197145,61.108809182626786,60.328962180501335,61.00899124145508,7479600
2010-06-07,60.84055171269683,61.50810066682358,60.72201818538703,61.47690963745117,5288200
2010-06-08,61.09634801412808,61.458198250097865,60.990289939388155,61.17121505737305,5510800
2010-06-09,60.890463940983594,61.214883017791635,60.64715201328218,61.10258483886719,5598000
2010-06-10,60.640866221056726,60.69701764812323,59.94836209933887,60.0107536315918,6075100
2010-06-11,60.57227004707187,61.021462652073865,60.27281148360924,60.771915435791016,6266700
2010-06-14,60.09195041843172,60.54114350182858,60.02956354791841,60.46004104614258,5310400
2010-06-15,60.58474040982387,60.67208287327846,59.923431826579936,60.21041488647461,4920100
2010-06-16,60.63467694332949,60.65339251330241,60.13557286494183,60.55356979370117,4011100
2010-06-17,60.609685918779086,61.28347460373853,60.55977458808435,61.0463981628418,5650900
2010-06-18,61.07134489878453,61.208598658223565,60.87170436500205,60.946571350097656,4171700
2010-06-21,60.17922889759915,60.85925791345162,60.148037875467814,60.771915435791016,5740900
2010-06-22,60.94037755168689,61.51434392747751,60.778168007290624,61.495628356933594,5658900
2010-06-23,61.52057876793345,62.119500773083956,61.49562308940939,61.91361999511719,9137800
2010-06-24,61.982183217212054,62.131912374659166,61.358306174744285,61.54547119140625,6184600
2010-06-25,61.339645534581905,61.96976324428333,61.23982759353095,61.79507827758789,5148300
2010-06-28,62.13822476288171,62.38777682213217,62.02592657420949,62.375301361083984,5436000
2010-06-29,62.587385946725306,63.092725160938116,62.48756802926188,63.055294036865234,7334200
2010-06-30,63.26735725760098,63.504428760615674,62.88679197657549,63.47947311401367,7205700
2010-07-01,63.56086286927675,64.24296972070671,63.441962414818384,63.57963562011719,12893400
2010-07-02,63.273027505244194,63.47953739355455,62.67853455031217,63.072776794433594,6297600
2010-07-06,63.09784621133092,63.67356675010551,63.041523129083195,63.59221649169922,6620400
2010-07-07,63.49206829354904,63.523359415229905,62.791188227349316,62.847511291503906,5727800
2010-07-08,62.46575990856964,62.678528955387186,62.296800325986304,62.44698715209961,6260600
2010-07-09,62.20294284690525,62.3531296997651,62.06526957580291,62.090301513671875,4286000
2010-07-12,62.15913040254193,62.47827682830072,61.977652456374365,62.06526184082031,4062100
2010-07-13,61.858792044366005,61.883823995336016,61.439517607920315,61.53338623046875,5842500
2010-07-14,61.77736658714288,62.259217927310885,61.57085682377774,62.152835845947266,5417300
2010-07-15,62.41573730282821,62.947653109975214,62.390705352869304,62.77243423461914,6996100
2010-07-16,62.77239148584655,63.28553417465694,62.74735955293469,63.07902908325195,7512400
2010-07-19,62.92884006463783,63.047740557253476,62.56588895842462,62.691043853759766,4305800
2010-07-20,62.9976572471662,63.14158962929939,62.69102450618023,62.78489303588867,5076600
2010-07-21,62.859973486340586,64.0051588529397,62.834946338681874,63.84871292114258,7894200
2010-07-22,63.523379209880716,63.529633616681956,63.09158642277813,63.11035919189453,5759700
2010-07-23,63.079048860874224,63.185431028339586,62.38442802142828,62.44074630737305,6259100
2010-07-26,62.34687561280863,62.459516955240034,61.9526333014759,62.3343620300293,4856400
2010-07-27,61.814954648035375,62.06526925106139,61.68354055567636,61.733604431152344,5328000
2010-07-28,61.63342533010872,62.07147671402877,61.49575217442956,61.93380355834961,5507200
2010-07-29,61.38943123898322,61.96515157752489,61.2767898880203,61.91509246826172,6305500
2010-07-30,62.703575849450075,62.960149666901465,62.48455233111025,62.87879943847656,7683200
2010-08-02,62.30368792655865,62.3601931584268,61.99606323242187,61.996063232421875,5769200
2010-08-03,62.2786155535961,62.56741174478908,62.10910932726962,62.35395431518555,4363500
2010-08-04,62.466934322491795,62.4732137474867,61.876792907714844,61.876792907714844,3820400
2010-08-05,62.366494538149546,62.46066677178463,62.05259028589842,62.16559600830078,3704200
2010-08-06,62.64901263638387,62.91269106460422,62.46066816491284,62.843631744384766,6042400
2010-08-09,62.61765617088658,62.76833375031263,62.536042741048696,62.61138153076172,2578500
2010-08-10,62.818497994263794,63.414918762911796,62.44809339029904,62.7431640625,11251000
2010-08-11,62.97548981519292,63.6535243677533,62.97548981519292,63.58446502685547,6778300
2010-08-12,63.772771473887126,63.998782856448365,63.32702813322397,63.42747497558594,7590100
2010-08-13,63.797898223674274,64.31897561171377,63.71000542136407,64.2185287475586,7843600
2010-08-16,65.4238867607859,65.85079649453476,65.33599400293727,65.82568359375,7976200
2010-08-17,65.8256737439786,65.8319531656842,65.29203785409173,65.44898986816406,6756800
2010-08-18,65.919864643022,66.32794095353337,65.59968110218423,65.62479400634766,7721600
2010-08-19,65.78805581012429,66.93066713230591,65.69388357355679,66.64815521240234,13128500
2010-08-20,66.805105814316,67.06878423883053,66.44725036559066,66.57281494140625,7040300
2010-08-23,66.32794351176798,66.66696054635484,66.07681925024472,66.58534240722656,6360100
2010-08-24,67.20060327993974,67.88491205098488,66.96831247675514,67.65262603759766,9812100
2010-08-25,68.3055372719566,68.64454950079822,67.21942692762671,67.4328842163086,13299800
2010-08-26,67.52708561054506,68.11094774935951,67.35757941079852,68.06700134277344,7039900
2010-08-27,67.65891318882757,68.01048917082264,66.04544569635537,66.13961791992188,13514000
2010-08-30,66.67956881316913,67.42666278137901,66.43472377632402,67.40782928466797,5535300
2010-08-31,67.94145457929434,68.21141249718055,67.56477033777406,68.1549072265625,8397000
2010-09-01,67.38798793086525,67.40688226435593,66.17271189506491,66.74571990966797,12480700
2010-09-02,66.24194728107297,66.3049187566342,65.73820910492682,66.04045104980469,8167600
2010-09-03,64.6803106054396,65.44851598858156,64.66771439690345,65.22183227539062,9210700
2010-09-07,66.17269022656049,66.60716847760106,65.99638160412364,66.55679321289062,6018400
2010-09-08,66.172677773159,66.24824065600404,65.71301678031901,66.0278549194336,6698400
2010-09-09,65.29741380006975,65.38556807535092,64.62995862892731,64.72441101074219,8588900
2010-09-10,64.3843896562649,64.6677420167515,64.13251822247236,64.428466796875,6910300
2010-09-13,64.10098851170652,64.88808314075968,64.08209420521197,64.74325561523438,7054800
2010-09-14,64.87554487087496,65.37298969714459,64.8377658322376,65.36669158935547,5978100
2010-09-15,64.69916564171774,65.02030153164091,64.31506315480111,64.39691925048828,7919100
2010-09-16,63.930992891405815,64.11359947755757,63.50281309037137,63.760982513427734,17116200
2010-09-17,64.11996136485725,64.32775577001364,63.798824993620144,64.01921081542969,9203600
2010-09-20,64.32141365143335,64.51031359629019,64.03176322608167,64.39067840576172,5277800
2010-09-21,64.64883877286877,65.49890047788078,64.39067409098301,65.2848129272461,12664000
2010-09-22,65.83272720682497,66.1601571078505,65.39195045830327,65.8705062866211,8229400
2010-09-23,66.37415657620717,66.40563749715156,65.63743192621085,66.05931854248047,7412200
2010-09-24,65.4611287095386,65.55558108813287,65.17147827148438,65.17147827148438,8942500
2010-09-27,65.82007051365981,66.399371623959,65.78858957743347,66.30492401123047,7061600
2010-09-28,66.3552930366925,66.9471903519365,66.33010540582579,66.75828552246094,8262900
2010-09-29,66.85273076638244,66.91569743477052,66.33639639912205,66.4812240600586,5507100
2010-09-30,66.36786140486177,66.48749659621555,65.5052034248511,66.43712615966797,10618400
2010-10-01,65.87592887466413,66.45106877677142,65.71792271820006,66.11609649658203,9368400
2010-10-04,66.1223517335161,66.31827762787417,65.98962727392254,66.28667449951172,4422700
2010-10-05,66.19193133098247,66.24248962882879,65.68630977680324,65.88855743408203,8491800
2010-10-06,66.29933537270227,67.05776243619569,66.2740538276576,66.71646881103516,6476100
2010-10-07,66.4699764224547,66.60270091077516,66.15396435827422,66.16028594970703,5780700
2010-10-08,66.28039995047335,66.6532920284797,65.86958312988281,65.86958312988281,6128700
2010-10-11,65.80004835711311,66.00229593438958,65.6926053864893,65.88220977783203,1474200
2010-10-12,65.98967151032038,66.21087909126355,65.21227935790446,65.23123931884766,6122400
2010-10-13,64.68772206305127,65.1743837446038,64.49179596427749,65.13014221191406,8168400
2010-10-14,65.28177870703848,65.50930779960369,64.13149488216409,64.15677642822266,10945000
2010-10-15,63.58164275131675,63.86605657562824,63.13290608305214,63.37307357788086,12694700
2010-10-18,63.960872501859185,64.11887861458311,63.695423389754325,63.885032653808594,5592200
2010-10-19,63.569021311656854,64.52337477395616,63.550061349380755,64.27056884765625,8017500
2010-10-20,64.06828283360446,64.6434222399551,63.967156666092514,64.40957641601562,5515800
2010-10-21,64.27056313050309,64.40960927077765,63.63853872704676,63.64485549926758,6836100
2010-10-22,63.480515974045375,64.1315001673258,63.461556018429405,64.07461547851562,4770700
2010-10-25,64.54230253081286,64.6497454700476,64.18204898834959,64.25788879394531,5632300
2010-10-26,63.745964769059896,63.8723676873567,63.23402668140692,63.265625,8432000
2010-10-27,63.00018419031211,63.30987475588022,62.70945358276367,62.70945358276367,9245200
2010-10-28,62.9370193116116,63.09502548291693,62.6715701010904,62.88013458251953,8052600
2010-10-29,63.08866283433949,63.49315798392029,62.96225990833144,63.46787643432617,6753800
2010-11-01,63.91107713380354,63.917414035370676,63.08048348221196,63.194610595703125,5921000
2010-11-02,63.695489622458076,64.09493202623034,63.67012750894941,64.02519226074219,6537400
2010-11-03,64.50074496938917,64.84312153564004,62.40841578216981,62.719093322753906,25541800
2010-11-04,62.87762212045596,63.32145215098846,62.82056095447236,63.20732498168945,13246500
2010-11-05,62.35766464851761,62.642984780474215,62.12307357788086,62.12307357788086,12435000
2010-11-08,62.50984683513534,62.71908067914366,62.021639369778626,62.402061462402344,6795200
2010-11-09,62.44647140444722,62.46549179183845,60.988185268918706,61.02622604370117,15061700
2010-11-10,61.08963744687651,61.33691219202895,60.233686033861744,61.10865783691406,18540400
2010-11-11,61.153004886378866,61.267131997734516,60.95645452022777,61.07692337036133,3368100
2010-11-12,61.000850742039006,61.33689041293606,60.747234344482415,60.74723434448242,11739500
2010-11-15,60.442870690501394,60.69014523393076,59.479129791259766,59.479129791259766,14978700
2010-11-16,60.176579360788864,61.026188388908984,59.593260429169376,60.956443786621094,19901300
2010-11-17,60.740872116806365,61.34954831476745,60.44921023695461,60.62040328979492,9915600
2010-11-18,60.664802732047065,60.86769485473633,60.10685060398403,60.86769485473633,12424800
2010-11-19,60.924752472302245,61.241771697998054,60.73454383928245,61.24177169799805,8359500
2010-11-22,61.73632019047851,61.894829789043364,61.019853709074766,61.50172424316406,10413500
2010-11-23,61.92652861085812,62.104058586717656,61.65389190869412,61.80606460571289,9566900
2010-11-24,61.38122126177819,61.49534830276375,60.60135717948212,60.70280075073242,11467600
2010-11-26,61.32422997837116,61.57784645123206,61.21644454953813,61.546142578125,4848900
2010-11-29,61.85676641146645,62.10404092714701,61.558767677869966,62.07234191894531,8950000
2010-11-30,62.902980020190235,62.94102079495397,62.205538404643356,62.395751953125,11947600
2010-12-01,61.49224229464089,61.784910424088686,61.00870132446288,61.00870132446289,15441200
2010-12-02,61.05328890070163,61.42230744688925,60.77970685495592,60.849693298339844,9318700
2010-12-03,61.256846793523884,61.288660558787406,60.34702844371641,60.37247848510742,10194800
2010-12-06,60.77332339609095,61.23777829192744,60.63971428049153,61.22505569458008,7001800
2010-12-07,60.2643456055275,60.39159101361015,59.27181783099951,59.91441345214844,18533100
2010-12-08,59.62810224940081,59.679002348634,58.60376080931093,59.33543395996094,19275900
2010-12-09,59.55172834230357,59.97800558159117,58.998205759798346,59.62807846069336,17477100
2010-12-10,59.35453373481137,59.717188529358005,59.2590972406461,59.26546096801758,7078500
2010-12-13,59.20180512047783,59.825314139047094,58.890045757094185,59.48810958862305,12399900
2010-12-14,58.78826375916419,59.18272735090346,58.17747719580328,58.622840881347656,23516400
2010-12-15,58.584676824279974,58.68647217270931,57.56033534329915,57.85936737060547,26084000
2010-12-16,57.916628271965756,58.2665604121862,57.62395996110001,58.260196685791016,17939000
2010-12-17,58.45738824510575,59.65987443803586,58.44466565518111,59.322669982910156,16849700
2010-12-20,59.64720674791035,59.95260258226458,58.940983431686924,59.25910186767578,13703500
2010-12-21,59.25270425532594,59.67262268066406,58.845513278446184,59.67262268066406,8985100
2010-12-22,59.46904264369473,59.51994274255458,59.125474257541576,59.246360778808594,6440900
2010-12-23,59.2845589622168,59.316372751232876,58.87100397552125,59.1254997253418,7091800
2010-12-27,59.01733519340508,59.72991740258783,58.7246668069047,59.65357208251953,5285900
2010-12-28,59.3279414130136,59.41731917648766,58.293706744741606,58.485233306884766,13972100
2010-12-29,58.58097971486354,59.70458695225394,58.395838723644104,59.474761962890625,13115400
2010-12-30,59.29602900408946,59.551396174433805,58.995977814962785,59.43009567260742,7029900
2010-12-31,59.69825826282403,60.45796969471342,59.65356935506583,60.08769226074219,8516000
2011-01-03,59.50032405496641,60.208965666336915,59.34072017620231,59.634395599365234,13799400
2011-01-04,59.63438008052541,59.8642051250717,59.31517240606562,59.7046012878418,10466900
2011-01-05,59.047055486698675,59.17474152482254,58.21711815715303,58.389488220214844,17568000
2011-01-06,58.44055510592049,58.81083726268565,58.19795897082799,58.64484786987305,9317500
2011-01-07,58.42137518191704,59.136397074777655,58.114933748747255,58.9576416015625,12694600
2011-01-10,59.10448929657525,59.36623703526566,58.84912220392746,59.276859283447266,8295200
2011-01-11,59.04705973861442,59.117285846958374,58.53633016151486,58.944915771484375,9495400
2011-01-12,58.5682255527613,58.842744360781,58.38308450821566,58.485233306884766,9522900
2011-01-13,58.49160561594912,59.22577924002077,58.38307132419164,59.00872039794922,14502400
2011-01-14,59.23216526020784,59.308776842561215,58.58098385773031,58.63205337524414,8960700
2011-01-18,58.280947595877564,58.549080918576465,57.92343649894569,58.35755920410156,10663600
2011-01-19,58.357582641116956,58.778934478759766,58.325659907188935,58.778934478759766,8886900
2011-01-20,58.415020941342895,58.485247039236306,57.70637931403591,57.96813201904297,14203400
2011-01-21,57.897902806902934,58.42778396606445,57.78298782296065,58.42778396606445,9085600
2011-01-24,58.651224004411674,58.67037568691737,58.33839695440892,58.453311920166016,7700200
2011-01-25,58.69589829643128,59.30877633787777,58.30007909705635,59.00872039794922,13438100
2011-01-26,58.87470660467704,58.9002438214892,58.02561241089548,58.114990234375,13322900
2011-01-27,58.140512516072356,58.5107947586416,57.885145284275474,58.37672805786133,10868700
2011-01-28,57.97447573694812,58.91294674668412,57.94893854755221,58.6831169128418,11993200
2011-01-31,58.51718298899414,58.72147580974811,58.12774903838111,58.23627853393555,8647600
2011-02-01,58.012056835422754,58.197844868885454,57.7493825676436,57.9479866027832,11508400
2011-02-02,58.23628554091538,58.30035088299256,57.59562234439898,57.96080017089844,13624600
2011-02-03,57.63401662296139,58.02482126585613,57.473850945967435,57.48025894165039,12785800
2011-02-04,57.339321476114776,57.43542187515699,56.8716354743063,56.89726257324219,17172200
2011-02-07,56.826793193934705,57.21119481662559,56.743508782548844,57.19197082519531,8554800
2011-02-08,57.217619518128664,57.36497418081673,56.6089915323061,56.666648864746094,10454200
2011-02-09,56.820407252592524,57.44185119078923,56.46804062128372,57.15995788574219,13078600
2011-02-10,56.95497723898988,57.108735086389025,56.49369880891861,56.50010681152344,10486800
2011-02-11,57.03823157650066,57.358563107212554,56.8524387021432,57.313716888427734,11333400
2011-02-14,57.21760751334426,57.614820309009744,57.21760751334426,57.35214614868164,8033500
2011-02-15,57.37778223247909,57.64045643391193,57.25605957452818,57.608421325683594,7298000
2011-02-16,57.57633942031817,57.86463558409107,57.2367841966713,57.422576904296875,8446300
2011-02-17,57.67248723919156,57.774995676264886,57.441853031519194,57.51232147216797,6732500
2011-02-18,57.28806243299359,57.37135171945818,57.07023944226542,57.332908630371094,6080700
2011-02-22,57.60203537776912,58.261917745776636,57.47389979454701,58.191444396972656,11905700
2011-02-23,58.36438130930943,58.6526825079926,58.13374230551064,58.40282440185547,14522600
2011-02-24,58.70391408042638,58.96658810066631,58.58219150643987,58.77438735961914,12110900
2011-02-25,58.77443696723537,59.12039566040039,58.71037162876896,59.12039566040039,6841700
2011-02-28,59.133188867136624,59.274130602286036,58.99224224411709,59.1972541809082,9682500
2011-03-01,58.82250472244523,59.3881088884604,58.790371242594546,59.36882781982422,8048700
2011-03-02,59.02818953421873,59.12459980047599,58.44973774393483,58.45616149902344,8526400
2011-03-03,58.18618491536198,58.34686697020552,57.83268733688249,57.88410186767578,10607600
2011-03-04,57.90986264373777,58.39190923328658,57.84559074585756,58.3661994934082,9316200
2011-03-07,57.858468929719656,58.398363900330644,57.74920616430286,57.993446350097656,7522300
2011-03-08,57.91628136362944,58.06410621301752,57.62062676122263,57.63990783691406,8498700
2011-03-09,57.903452288222276,58.372646607976826,57.74919870381837,58.19911193847656,8904800
2011-03-10,58.40479440272284,59.195348440489155,58.25696455384405,59.17606735229492,13385800
2011-03-11,59.15680150299682,59.182511261756616,58.70046431818947,58.84186553955078,8407600
2011-03-14,58.79684287967196,59.079640265771566,58.6940039002667,58.816123962402344,6765200
2011-03-15,59.64522163388931,59.805903798955136,59.36241945421167,59.69663619995117,14893800
2011-03-16,60.01160578559993,61.02069007389136,59.825213795580126,60.37153244018555,24294200
2011-03-17,59.92801062578435,60.16582196251491,59.61950365753753,59.908729553222656,10528500
2011-03-18,59.61308310154401,60.082277180048465,59.57452095117917,60.069419860839844,7260900
2011-03-21,59.85735391177915,59.889492325330174,59.49742721744814,59.71595764160156,10542900
2011-03-22,59.65171601032956,59.96022829009479,59.606725146992574,59.91523742675781,6904700
2011-03-23,60.32013590093867,60.33941699282435,59.72882619948249,59.83808898925781,8358000
2011-03-24,59.61951290186546,59.69663720407079,59.38170152826097,59.38813018798828,9477600
2011-03-25,59.68381431402796,59.748086232204805,59.14391941334986,59.24032974243164,6447200
2011-03-28,59.20816880787777,59.5616666459144,59.131039599614674,59.32386016845703,3996800
2011-03-29,59.118153604957236,59.45237017700463,58.85463263745827,58.86748504638672,6487200
2011-03-30,58.95110597328859,59.33674240112305,58.84826697726168,59.33674240112305,5048300
2011-03-31,59.56167373240675,59.59381213224781,58.88038280773221,59.214599609375,9654300
2011-04-01,59.05715185167775,59.55413336724994,59.00551600156837,59.50250244140625,7860400
2011-04-04,59.50892887759214,59.75419660311193,59.463748758301186,59.567020416259766,4469100
2011-04-05,59.48311641164305,59.62510755619207,59.16685064955513,59.328208923339844,9951600
2011-04-06,59.23138750553069,59.24429892382908,58.43750762939453,58.43750762939453,9090900
2011-04-07,58.43106492690568,58.5795167248026,58.1728906703648,58.32134246826172,9265100
2011-04-08,58.04380164137763,58.29552016841192,57.99216580909778,58.01152801513672,7605700
2011-04-11,57.9792744599369,58.230993052731336,57.863096269088295,58.06317901611328,5734000
2011-04-12,58.48265926645346,58.8892801081074,58.450385660686585,58.6891975402832,7686500
2011-04-13,58.43754014119288,59.05715560913086,58.37299778658255,59.05715560913086,7959300
2011-04-14,59.08291893068905,59.231365716669906,58.87638063226155,59.01192092895508,7609600
2011-04-15,59.54762337871695,59.838066129367775,59.42498958769243,59.81224822998047,10222900
2011-04-18,59.37338752475751,60.08981863598246,59.02485307138347,59.94782257080078,12036700
2011-04-19,59.93491295525513,60.20599365234375,59.870370635604985,60.20599365234375,5295100
2011-04-20,60.07045936373997,60.19309323043096,59.77356072398732,59.81874084472656,6754100
2011-04-21,59.954292775600194,60.17374263600951,59.74129862633183,59.76711654663086,3365600
2011-04-25,59.78643123896373,60.00588092495968,59.702526757875766,59.99296951293945,3626900
2011-04-26,60.19954212677659,60.58680592011776,60.14145551233363,60.57389450073242,7506300
2011-04-27,60.30925568232323,60.39316019205717,59.86390537653432,59.95426559448242,8869300
2011-04-28,60.16728521570913,60.41254806518555,60.00592691162249,60.41254806518555,8110200
2011-04-29,60.328601275028674,60.61904404929783,60.251147570568335,60.59968185424805,5900000
2011-05-02,60.48947748522998,60.72282777333267,60.39224737429905,60.6968994140625,5285100
2011-05-03,60.90435749471505,61.04047775268554,60.6580453534349,61.04047775268555,6486600
2011-05-04,61.131212352693886,61.39697443076221,61.10528398322399,61.312705993652344,7406300
2011-05-05,61.52664733723671,61.98686503764541,61.45534551580246,61.8961181640625,9600000
2011-05-06,61.26084168020599,61.89606929373955,61.15712822352226,61.62382888793945,9451500
2011-05-09,61.51366664678178,61.708122053632145,61.474771609145954,61.55904006958008,3731200
2011-05-10,61.384043419878736,61.50720201004784,61.1182861328125,61.1182861328125,5458300
2011-05-11,61.137707826880764,61.63681543866818,61.04696098837397,61.46828842163086,6078700
2011-05-12,61.54607984252555,61.649793359953556,60.87196176057436,61.079383850097656,8015800
2011-05-13,61.35160532239855,61.89608628345205,61.273820208534694,61.63032913208008,8380000
2011-05-16,61.59792295374307,62.090552161714854,61.4229126135241,61.973876953125,6053600
2011-05-17,62.24612819804591,62.615598931440566,62.213721434437666,62.60911560058594,9826900
2011-05-18,62.40168509939872,62.47947022315892,61.759973900705404,61.7794189453125,7707600
2011-05-19,61.22846581011527,61.7859136025983,61.22846581011527,61.753501892089844,8052400
2011-05-20,61.591409364498915,61.84420964668727,61.39695407593834,61.78586959838867,5602300
2011-05-23,62.05165391518952,62.34982275453004,61.96090214681279,62.08406066894531,6300000
2011-05-24,61.99334267271046,62.317440032958984,61.876667425207664,62.317440032958984,5549100
2011-05-25,62.32392199266406,62.40818552415347,61.92852282623976,62.025753021240234,5664500
2011-05-26,62.20726329562218,62.58321751212143,62.15540651844963,62.557289123535156,8307900
2011-05-27,62.31097179628783,62.5572890147619,62.14892307690624,62.5313606262207,5390600
2011-05-31,62.343335346241204,62.719289271591016,62.28499528076869,62.67391586303711,7003900
2011-06-01,63.05252538234694,63.5729774426017,63.03300929868216,63.520931243896484,12746400
2011-06-02,62.77280445832465,63.04604461206342,62.310905456542976,62.31090545654297,15738700
2011-06-03,62.83137243091019,62.84438150633008,62.174302445671216,62.668731689453125,10644100
2011-06-06,62.10921907527479,62.44750948073899,61.940071390843045,62.193790435791016,8776900
2011-06-07,61.953087311938745,62.493050573843966,61.88152501878274,62.48004150390625,7399200
2011-06-08,62.62319708683396,63.00051986258439,62.56464383463354,62.967994689941406,7401800
2011-06-09,63.16965979842938,63.31929145690839,62.40850235807413,62.71426773071289,9963000
2011-06-10,63.04602919181312,63.358296486280324,62.974466902789565,63.195655822753906,7710800
2011-06-13,62.93544417438066,63.29325570140165,62.87038888675874,62.876895904541016,5540000
2011-06-14,62.28489634077728,62.38898879670994,61.88805253848662,61.92708969116211,8672400
2011-06-15,62.05068011433409,63.06556149076539,62.04417805976882,63.052547454833984,12979100
2011-06-16,63.16967362179452,63.44941594272222,62.974507677237156,63.33882141113281,10961200
2011-06-17,63.01352385454672,63.20218769403951,62.87039922021418,63.039546966552734,9622900
2011-06-20,63.31930794172117,63.338824040646884,62.8378876723416,63.11763000488281,6613800
2011-06-21,62.909437690525536,63.12412466346935,62.62969541276888,62.83787536621094,7894900
2011-06-22,63.078568785189056,63.14362407281097,62.72076222156836,62.876895904541016,5503700
2011-06-23,63.26076718381579,63.58604879927017,63.20221887546771,63.35835266113281,8586800
2011-06-24,63.338799161610524,63.55348609227098,63.09158706665039,63.09158706665039,7960900
2011-06-27,63.007010865464665,63.02002490193508,62.16128214071116,62.22633743286133,9331300
2011-06-28,62.115725327569756,62.245835874978546,61.621296313297734,61.72538375854492,12634300
2011-06-29,61.77094763384166,61.93358836480323,61.16592391612859,61.315555572509766,11084900
2011-06-30,61.30257872046871,61.35462000954601,60.59346217977398,61.21800231933594,11555600
2011-07-01,61.44642073026169,61.51170297069002,60.94378034917924,61.12002944946289,6637200
2011-07-05,61.38770067331661,61.47256065208611,61.1592276686772,61.25714111328125,4615600
2011-07-06,61.4855975095225,61.65531740746969,61.25711960476795,61.570457458496094,5652700
2011-07-07,61.250596296972574,61.45295732163355,61.06781795465476,61.38768005371094,6823700
2011-07-08,61.90995259545024,62.412598418384604,61.90342834968558,62.25593185424805,12129300
2011-07-11,62.69326429488599,63.18938064575195,62.50395667441954,63.18938064575195,9760800
2011-07-12,63.51577729157509,63.522301534642104,63.03271436635248,63.40480041503906,9083900
2011-07-13,63.13064804892898,63.60065264089786,62.73897921573472,63.58106994628906,13112200
2011-07-14,63.07185039414153,63.907411243008845,62.673652648925774,62.67365264892578,11471500
2011-07-15,62.20370132410321,62.797731346993984,62.17106017742514,62.77814865112305,7086200
2011-07-18,62.70633288187116,62.77813940972066,62.144939107959985,62.171051025390625,8206500
2011-07-19,62.223288316201355,63.49621343909951,62.12536984974609,63.46357727050781,15249400
2011-07-20,63.13710474792997,63.21543543638622,62.58224078991881,62.71279525756836,9673300
2011-07-21,62.17099857717513,62.575725485408924,61.949054936757605,62.22975158691406,11099200
2011-07-22,62.464800145529345,62.72590933317544,62.3603524862001,62.69980239868164,4974500
2011-07-25,61.99476058175298,62.69976694253519,61.90337142168888,62.01434326171875,10869400
2011-07-26,62.2102133482955,62.5822994079803,62.17104298704454,62.43868637084961,7682800
2011-07-27,62.236352230475745,62.56274385319989,62.079685646063616,62.445247650146484,11224200
2011-07-28,62.73894788956619,62.869502441997305,62.477833804367016,62.68019485473633,7081600
2011-07-29,63.24809080992691,64.31865362320102,63.17628434242262,63.92045593261719,19582400
2011-08-01,63.78619788648843,64.80138221756661,63.759999033120955,64.56559753417969,14348200
2011-08-02,64.98483347615795,66.52398140632467,64.76869646976732,66.50433349609375,20850600
2011-08-03,66.52394299885219,67.73561173381495,66.38640270971914,66.63528442382812,21179700
2011-08-04,67.05444536762381,69.13066129185049,66.98239975212174,69.00621795654297,34076600
2011-08-05,67.74875136777428,69.09796114273,66.98899887516897,67.01519775390625,41677700
2011-08-08,67.5784122970387,69.28784917259775,67.42777010244102,69.13066101074219,38259500
2011-08-09,68.77697753730094,71.63258803097321,67.4605136866088,69.34024047851562,39881400
2011-08-10,70.49297681773817,71.43611591752398,70.04106016319271,71.40336608886719,46221000
2011-08-11,70.30304348404711,70.61087390498949,67.59152338860957,67.80110931396484,37790100
2011-08-12,68.40369179197351,69.20273991085524,68.16135596999209,69.14379119873047,15590800
2011-08-15,68.73114514085307,69.08482229387226,68.42331474858145,68.44296264648438,10051700
2011-08-16,68.54781312433398,69.8446253961595,68.5281602137326,69.57609558105469,15993200
2011-08-17,69.6349720988346,70.8007938227631,69.27474403945384,70.79424285888672,15906600
2011-08-18,72.10416924743465,73.44683226786051,71.57365600374631,72.24826049804688,27274600
2011-08-19,72.47093082706556,72.96869911882919,72.19585032250713,72.8311538696289,15708400
2011-08-22,72.34647915695527,72.87044624539637,72.30063241148571,72.64775848388672,13157700
2011-08-23,71.88805724192693,72.81154369908722,71.6195225648363,71.64572143554688,16017800
2011-08-24,71.5801847905026,71.65878135655396,69.52362211623907,69.6087646484375,14621600
2011-08-25,69.87726475418002,70.66976099978135,69.66112805167468,70.36193084716797,10565900
2011-08-26,71.18724586503197,71.56711695626811,70.29650434648354,71.0562515258789,11504800
2011-08-29,69.88384591877917,70.34231839717798,69.81835127812815,70.07378387451172,6764300
2011-08-30,71.01695319961998,71.48852280997166,70.89906079703206,71.2003402709961,9508700
2011-08-31,71.26577379140889,71.3640182087557,70.0999526977539,70.0999526977539,12186000
2011-09-01,70.60058386633075,71.59255400912758,69.68744748065703,71.58598327636719,10686600
2011-09-02,73.17574015311271,73.95749174581454,72.69618204229505,73.91150665283203,16557100
2011-09-06,75.16622821653011,75.50126525180619,74.48958842850057,74.68009948730469,14016200
2011-09-07,73.76045209578878,73.81957868458059,73.12322614859967,73.2546157836914,11524300
2011-09-08,73.77355137388452,73.99033537680248,73.14289151012554,73.91150665283203,11480900
2011-09-09,73.93124157067852,75.00861130646582,73.71445247442836,74.6998519897461,11492700
2011-09-12,74.60785208779546,75.05456655750169,74.29909289391038,74.77865600585938,7602200
2011-09-13,74.49619113934227,74.62100498097064,73.6487471051275,73.71443939208984,9282400
2011-09-14,73.55680991361241,74.46337590936417,73.45826893294316,74.33856201171875,11948500
2011-09-15,73.56334143302743,73.89837357189741,73.2020263671875,73.2020263671875,8884000
2011-09-16,73.12324372748805,73.96411754621347,73.08382933348632,73.73419189453125,10053500
2011-09-19,75.02172838968006,75.67209551049625,74.96917757155336,75.13997650146484,13033500
2011-09-20,75.13342650971582,75.46189299876625,74.92320815720358,75.455322265625,6360600
2011-09-21,75.30422373500319,78.03706726650364,75.0217423604683,77.95166778564453,18687100
2011-09-22,79.75823698175186,81.3742915409817,79.63998884268622,80.881591796875,25041400
2011-09-23,80.88155854174481,81.03922099167444,79.37718200683594,79.37718200683594,15173800
2011-09-26,78.91079778074372,79.20641564098975,77.89912030781096,78.10276794433594,15110100
2011-09-27,76.6969395062067,77.05825471638998,76.37504369022639,76.90715789794922,13589600
2011-09-28,76.79548276186931,76.9334381156856,76.04657940572258,76.8808822631836,12642600
2011-09-29,77.26187973441611,78.05676795189864,76.92027181543169,77.41297149658203,12341800
2011-09-30,78.84511660548334,79.42979173595208,78.1684762444718,79.35752868652344,13546400
2011-10-03,80.27034939836655,81.54145050048828,79.76322845180141,81.54145050048828,15882000
2011-10-04,81.91026294340959,82.3449372811712,80.46792418116152,80.50743865966797,17301400
2011-10-05,80.12543885082881,80.2044677932519,79.46683753208018,79.9278564453125,14275000
2011-10-06,79.45367046331036,79.69735478398493,78.45259857177734,78.45259857177734,9681600
2011-10-07,77.55028033379634,78.4064637826168,76.95753833266892,77.87299346923828,11564600
2011-10-10,76.93777495839078,76.99705166613292,76.26600409391924,76.77312469482422,3567600
2011-10-11,77.24735190677117,77.29345379966269,76.33189644454723,76.51630401611328,7520200
2011-10-12,75.54158787359309,75.81820431445512,74.73809828741075,75.40328216552734,14033400
2011-10-13,75.75893097983224,76.76000809005076,75.71282907506762,76.15409088134766,11263300
2011-10-14,75.00147503837947,75.48225594699812,74.82365499119129,75.04757690429688,8411000
2011-10-17,75.27813887775685,76.3780019637669,75.22544956202795,76.3450698852539,9664000
2011-10-18,76.48992859961616,76.93777753248992,75.27810503109156,75.87084197998047,12495600
2011-10-19,75.43623911283241,76.22655914075897,75.18597227642651,75.84457397460938,6629300
2011-10-20,75.38348493347772,76.18039169988919,75.12663089408592,75.30445098876953,7832100
2011-10-21,74.98835723078572,75.21227929916996,74.50757598876953,74.50757598876953,9906300
2011-10-24,75.0344222369858,75.13321340523686,74.45485508782859,74.63267517089844,6344500
2011-10-25,74.67218702899163,76.62823299830825,74.65242980097467,76.5294418334961,11791200
2011-10-26,75.99604549200113,76.53609865467476,75.12669149782572,75.19255065917969,12747000
2011-10-27,74.105782009928,74.32312154498497,72.32756132699808,72.64369201660156,19471400
2011-10-28,73.03888446844181,73.73700023177562,72.94668068931203,73.40769958496094,10127900
2011-10-31,74.82367275463322,76.31869506835938,74.72488158286347,76.31869506835938,15242100
2011-11-01,78.38479648486988,78.89983351667144,77.36792630307309,78.87342071533203,24400600
2011-11-02,77.01138042820648,78.15371044450066,76.87271696456291,77.88958740234375,13181100
2011-11-03,76.81989288330078,77.48680244458173,76.58878710594445,76.81989288330078,8386700
2011-11-04,76.4105201426016,77.2887272859603,76.28506053991349,76.912353515625,7583700
2011-11-07,77.01794671321143,78.14706724696242,76.80664939176783,77.40092468261719,9279700
2011-11-08,77.09058216459609,77.61222353923048,76.26520119923637,76.41046905517578,7539400
2011-11-09,78.08769684452146,78.66215916263381,77.30193201947328,77.99525451660156,13004500
2011-11-10,77.11041097538534,77.65846529095273,76.0737324091531,76.83308410644531,11644600
2011-11-11,76.48311288841364,76.70761412195817,76.26521107628425,76.3642578125,2483900
2011-11-14,76.85289437074604,77.6518627728023,76.73403927569561,77.59243774414062,9252600
2011-11-15,77.7179298773966,78.21976330357931,77.07083352049082,77.48682403564453,7587500
2011-11-16,77.88954351691552,78.19988753876265,77.37450664564801,78.19328308105469,7470000
2011-11-17,77.94241072745602,79.34225928333396,77.94241072745602,78.82061767578125,9907900
2011-11-18,78.69511223227309,78.93942677828721,78.12724980251859,78.8007583618164,6792600
2011-11-21,79.48751963928349,79.7186304356104,79.17718049929469,79.26962280273438,7345600
2011-11-22,79.46770118020972,80.1676278656815,79.13754869916379,80.1544189453125,7866300
2011-11-23,80.00248581648749,81.25046076526017,79.91664301788303,80.94011688232422,10129300
2011-11-25,80.42520565613235,80.47142683602601,79.72527845494584,79.76490020751953,4311900
2011-11-28,78.33199084541613,79.99596248978142,78.29897861362363,79.72523498535156,7661900
2011-11-29,79.25644076089249,79.8441120482396,78.62915276941438,79.0715560913086,8952800
2011-11-30,78.14053184533427,78.28579982678055,77.42740590381706,77.8367919921875,11806800
2011-12-01,76.97625579661491,77.60509067079307,76.65190975994477,77.44622802734375,9647200
2011-12-02,77.19470320995654,78.55828489752035,77.15498375730074,78.53180694580078,7764900
2011-12-05,77.44623200382757,78.6575717164369,77.36679815294819,78.37294006347656,7862800
2011-12-06,77.98239132373917,78.30012165556849,77.29397981323588,77.62494659423828,8506300
2011-12-07,77.66468045917651,78.26703748633894,77.346950068366,77.9029769897461,6588300
2011-12-08,77.922843729322,78.98855749642715,77.71764587794343,78.87602996826172,8800500
2011-12-09,78.81642843007698,78.85614282744831,77.20130893494635,77.25426483154297,9855100
2011-12-12,78.04857664600348,78.43249421445876,77.84999458806162,78.1147689819336,5734600
2011-12-13,77.6315861021866,79.18712933873671,77.55215728765094,78.84292602539062,8901800
2011-12-14,79.29302460730376,80.352117331325,79.09444251210809,80.33226013183594,11247700
2011-12-15,79.86890229835299,80.30577580286422,79.6769409682875,80.03438568115234,5438700
2011-12-16,80.34550838491906,81.166309785502,80.28593677770023,80.96772766113281,9321900
2011-12-19,80.96772185620702,82.09300701321392,80.92800745424177,81.99372100830078,7845100
2011-12-20,81.19277205223516,81.19938775165696,79.8358062482371,79.94833374023438,13945400
2011-12-21,79.84904602260544,79.98143576883827,78.81643125275163,78.83628845214844,11600100
2011-12-22,79.43203367191217,79.71004457772722,79.00177581282544,79.1672592163086,5247400
2011-12-23,78.47888007349984,78.57817116664005,77.93609448784215,78.28691864013672,5409700
2011-12-27,78.32010463000289,78.65877532958984,78.10760328133917,78.65877532958984,4270300
2011-12-28,78.85127884364321,80.3852763717323,78.65869889192894,80.11300659179688,8302300
2011-12-29,80.00682679393572,80.41190316688666,79.72791469048339,80.25917053222656,4305000
2011-12-30,80.42513560070223,80.85678006107726,80.27904008490503,80.51810455322266,5948800
2012-01-03,79.30288244732132,79.82085391317351,78.97749102556816,79.30952453613281,9076900
2012-01-04,79.19666120624868,79.209940321944,78.14743374123191,78.3665771484375,8417100
2012-01-05,78.47281341788273,79.09039606624916,78.07437414361445,78.22711181640625,6465800
2012-01-06,78.19387016753888,78.997390433476,78.16730688604989,78.84465789794922,7348500
2012-01-09,78.67203802381928,79.38258968929841,78.55914782146054,78.70523834228516,5582400
2012-01-10,78.18061346869666,78.93764947562214,78.1474080907109,78.5724105834961,8932500
2012-01-11,79.05058061890735,79.72792710952903,79.01073819782135,79.5951156616211,8634500
2012-01-12,79.65484679171013,79.81422654388636,79.18335975765604,79.48219299316406,7205400
2012-01-13,80.41849542160705,80.77709213259115,80.2259154249807,80.27239990234375,9819000
2012-01-17,80.31892866894898,80.77049458366041,80.23924384463163,80.64432525634766,5449900
2012-01-18,80.7040565410246,80.75718311357191,79.62827131230003,79.6681137084961,5804000
2012-01-19,79.24311970065966,79.39585227996375,78.30678275889801,78.5724105834961,8625700
2012-01-20,78.16734523283776,78.33336202376634,77.6759369502897,77.68257904052734,6548200
2012-01-23,77.11812194161655,77.45679763146849,76.73296681695523,77.19116973876953,7274800
2012-01-24,77.5032939874292,77.5032939874292,76.88571119567312,77.33063507080078,5776500
2012-01-25,77.07162841989265,78.7118750189209,76.95873822529825,77.1446762084961,12867600
2012-01-26,77.4633957827655,78.16730499267578,77.42354832828327,78.16730499267578,7638500
2012-01-27,78.24705384803943,78.57908750938245,77.70251884609414,78.41307067871094,5165300
2012-01-30,79.58178399717944,79.94702286066679,79.24975050907419,79.3360824584961,8388400
2012-01-31,79.19657802558108,80.292288844346,79.15009356982381,80.25244140625,7998300
2012-02-01,79.71262377681147,79.81247359057626,79.08690301721981,79.33319854736328,7925200
2012-02-02,79.18681931629801,79.5329649508304,78.97380857142299,79.29998016357422,5596900
2012-02-03,77.52269380710649,77.74902064598899,77.19652212019459,77.59591674804688,12467400
2012-02-06,77.6757635345135,78.41464555635703,77.4427787820625,78.36804962158203,6180600
2012-02-07,77.62911802652079,77.8021856288366,77.06330407883581,77.39613342285156,8794800
2012-02-08,77.34961541698618,77.74235707931454,77.20317462413917,77.45612335205078,7613400
2012-02-09,77.1232487725128,77.2430675904143,76.29783307062182,76.876953125,11477700
2012-02-10,77.74897075234655,78.10176919852529,77.56258197228658,77.87544250488281,7193100
2012-02-13,77.61582435725208,78.1283845386223,77.50266356656097,77.97528076171875,6422900
2012-02-14,78.1749898243963,78.73414091262872,78.03520205233819,78.38800048828125,8271200
2012-02-15,78.32146052498501,78.72750794714679,78.20829460615732,78.24823760986328,6846100
2012-02-16,78.0618452094648,78.28151394479391,77.30299419521536,77.62251281738281,9036200
2012-02-17,77.12325611586486,77.62250039156126,77.05669122815375,77.60253143310547,6338000
2012-02-21,77.0633719450378,77.16322185189034,76.51753154329809,76.74385833740234,8338300
2012-02-22,77.14322859155695,77.7223538060563,77.08997464752987,77.70903778076172,7736800
2012-02-23,77.30964335770986,78.02855636634858,77.1698555635705,77.70903778076172,5163900
2012-02-24,78.03521721273056,78.26819687808982,77.84882840186734,78.2149429321289,5676900
2012-02-27,78.88056908305994,79.11354865113482,78.62762056323201,78.90719604492188,8180700
2012-02-28,79.12689650396439,79.30662222061873,78.50783335770384,78.64762115478516,6615700
2012-02-29,78.79407910457488,78.82735901648796,77.85549722139422,78.1683578491211,14235000
2012-03-01,77.50582383896047,77.84608497652789,77.08550485030531,77.43243408203125,12265600
2012-03-02,77.79274192022135,78.37986021896096,77.75938616516135,78.1596908569336,6669600
2012-03-05,78.03288563728741,78.3531322801594,77.53917694091797,77.53917694091797,6921900
2012-03-06,78.35981230171558,78.80015086642517,78.35314420720675,78.47990417480469,6299700
2012-03-07,78.3664859522859,78.46656336214657,77.93282056965533,77.99954223632812,5567500
2012-03-08,77.60588866075403,77.77268261034216,77.15220891426846,77.21892547607422,7982100
2012-03-09,77.05215926768645,77.38574728696486,76.65852784820954,77.37240600585938,6975600
2012-03-12,77.60589620849274,77.73932934508161,77.3056691060938,77.35903930664062,5280000
2012-03-13,76.90537098379286,76.9987803015113,75.98466998768411,75.99801635742188,14413600
2012-03-14,75.19070768520093,75.22406850995603,74.02315008083355,74.08319854736328,24515300
2012-03-15,73.9898170900036,74.55024246909882,73.97647071994014,74.19664001464844,14154000
2012-03-16,73.72300857774543,74.35015616191643,73.52285357721972,74.3434829711914,13427200
2012-03-19,74.29672848900407,74.37679145085637,73.1825456598444,73.45608520507812,14011400
2012-03-20,73.67622878009853,73.96978778079817,73.28926556829404,73.74961853027344,9443800
2012-03-21,73.96308364896245,74.65027366747262,73.92972283460647,74.58355712890625,10242000
2012-03-22,74.91721101713514,74.97058633114364,74.63699825381566,74.82380676269531,8009800
2012-03-23,75.18408412052302,75.65110540280682,75.16406964987517,75.53101348876953,8465300
2012-03-26,75.27746595812353,75.39755783639549,74.5902755230695,75.14402770996094,8118600
2012-03-27,75.2440944620773,75.8578950462086,75.1907191703751,75.68443298339844,6972300
2012-03-28,75.33746835170886,76.01799032160974,75.29076626280555,75.57765197753906,7886000
2012-03-29,76.07140850848234,76.18483230180874,75.77785451732642,76.1447982788086,7692900
2012-03-30,76.1981413745304,76.23817029046157,74.85044860666154,74.85711669921875,9467500
2012-04-02,75.58625961827127,75.78693314531941,75.0511336150361,75.2718734741211,8944000
2012-04-03,75.59295334636387,75.8805826923831,73.96082355933945,73.96751403808594,14774300
2012-04-04,74.76352065166364,74.9976415189297,74.52271951115556,74.98426055908203,10095600
2012-04-05,75.58626864441253,75.6330917925365,75.13810349760575,75.52606964111328,6364100
2012-04-09,77.28524067718594,77.43908588245452,77.08456724915003,77.29193115234375,14374600
2012-04-10,77.55954494198433,78.4558804370985,77.44583229885028,78.16825103759766,14421300
2012-04-11,77.39899198637283,77.63310770072837,77.15818579351003,77.23176574707031,8713000
2012-04-12,77.37223890948846,77.42575253344927,76.80367068909011,76.91069793701172,9008500
2012-04-13,77.69331286427818,78.19499158905397,77.67324653182153,78.15485382080078,8607700
2012-04-16,78.06115060737399,78.66316565875105,77.97419486236137,78.04108428955078,7735000
2012-04-17,77.94752345799397,78.14819706272515,77.76023081536047,77.99434661865234,5398600
2012-04-18,78.29531303343084,78.34213616778038,78.08126369021309,78.22173309326172,4074400
2012-04-19,78.42906696907009,78.5762268025183,78.27521666046408,78.2952880859375,5374300
2012-04-20,77.9675348271547,78.34881032465404,77.81368959489151,78.30867767333984,5043300
2012-04-23,79.00434421303946,79.20501768898184,78.79029488692554,78.87725067138672,5170100
2012-04-24,78.66992363410229,78.77026041264706,78.31540477280586,78.32209014892578,4336600
2012-04-25,77.86720682889724,78.47590751667109,77.38559457732235,77.92071533203125,8859500
2012-04-26,78.54282233990352,78.56957915178131,77.98762997595436,78.38897705078125,5133000
2012-04-27,78.27521108323806,78.50264129236345,78.12136588893101,78.45581817626953,3112900
2012-04-30,78.64310197974497,78.76350499406043,78.38892010656183,78.47587585449219,4198400
2012-05-01,78.73946174616859,78.8668626652515,77.82755068634359,78.06893920898438,7214300
2012-05-02,78.59863667235548,78.66568788932686,78.31701849166777,78.6187515258789,3565700
2012-05-03,78.20969065299028,78.69917399506998,78.15604766181058,78.59859466552734,3522900
2012-05-04,78.7729881908308,79.24905856790373,78.71934516126969,79.21553039550781,6367300
2012-05-07,79.33620089422256,79.43007361000066,79.13504215145272,79.22891998291016,3228200
2012-05-08,79.58427022381522,80.13409814490365,79.56415537918772,79.65132141113281,6051600
2012-05-09,80.09385494664639,80.17431943240193,79.4166313753266,79.7049560546875,5828900
2012-05-10,79.13503002822604,79.537347452132,78.7461310291574,79.47029113769531,6300000
2012-05-11,80.12070423361327,80.19446209222117,79.76532825069096,80.12741088867188,5234300
2012-05-14,81.04603113557319,81.3343559252619,80.86498725226588,81.24718475341797,8789400
2012-05-15,81.19356479175828,81.62270388614591,81.01252597273644,81.57576751708984,6766400
2012-05-16,81.11982549982375,81.92445056463325,80.94548819336516,81.81046295166016,6462300
2012-05-17,81.8238486304384,83.33252404845145,81.81714197396795,83.2587661743164,14863400
2012-05-18,82.65529124245577,83.43980631222706,82.54801032218468,83.27887725830078,10137700
2012-05-21,83.07769357639361,83.44647768135565,82.8899481970416,83.1045150756836,9583500
2012-05-22,82.30660007380393,82.39376611818491,81.84393811865304,82.17919921875,12475500
2012-05-23,82.84302584273625,83.49342812656626,82.71562497851284,82.74915313720703,11744900
2012-05-24,82.62848074275901,83.00397166400998,82.3066277276295,82.43402862548828,10256200
2012-05-25,82.76254648596196,82.83630432931606,82.56809445490825,82.742431640625,4723600
2012-05-29,82.73575074596141,83.01736889971379,82.47424744380857,82.48765563964844,5874100
2012-05-30,84.0298305829739,84.70035269267387,84.0164223916781,84.57965850830078,17170800
2012-05-31,85.1764496373327,86.55102244196445,84.9350611924639,85.55864715576172,31174500
2012-06-01,86.58868300957431,87.60326950675054,86.36023700785563,87.58982849121094,23526000
2012-06-04,86.88427170004546,87.46882736910872,86.63566945044104,86.89771270751953,11681200
2012-06-05,86.36023310385612,86.43414330724637,85.72863868442855,85.73535919189453,12482800
2012-06-06,85.70848667061277,85.73536357560576,84.02200317382812,84.02200317382812,20806700
2012-06-07,83.7532505936286,84.4856271304595,83.57855325063603,84.14967346191406,18898200
2012-06-08,85.16425451016892,85.29863392635318,83.69949631827751,84.1295166015625,11239600
2012-06-11,83.84734045306055,84.80144790590748,83.83389943189506,84.51252746582031,10693800
2012-06-12,83.96826593269704,84.41172213697163,83.6524686445223,83.73981475830078,10921700
2012-06-13,83.88764098629693,84.8484688091002,83.57184367634632,84.56626892089844,11100000
2012-06-14,84.62668647051066,84.84841701571136,84.1160408301162,84.45870971679688,7688200
2012-06-15,85.0500588593891,85.23147164223361,84.7544178971633,84.92911529541016,6421400
2012-06-18,85.43298146907206,85.56064032128617,84.83498461141693,85.38594818115234,6698400
2012-06-19,84.84844764610503,84.90892196492003,84.21013780205946,84.2706069946289,8227900
2012-06-20,83.69949783539309,85.0029997262411,83.37698005396041,84.68720245361328,13720300
2012-06-21,84.62669355098868,85.50017479387961,84.58638076712249,85.13734436035156,9776600
2012-06-22,84.59311263745992,84.80812272403767,83.9951156739704,84.0018310546875,7830400
2012-06-25,84.90221116617488,85.34566734113316,84.84173684044421,85.22472381591797,6113800
2012-06-26,84.73423523929522,85.29863494550796,84.62001222154923,84.8887710571289,5359700
2012-06-27,85.03656821182089,85.19110911359182,84.68045823854916,85.02313232421875,5860700
2012-06-28,85.53379903570557,85.65474255149647,85.19112488659042,85.23143768310547,5257800
2012-06-29,84.00856447090537,84.41170780440746,83.73980053982211,84.12278747558594,8881900
2012-07-02,84.47226765306593,85.65737227752412,84.41840323076453,84.99075317382812,7818500
2012-07-03,84.80894652132257,84.84261628110966,84.31066592763496,84.33760070800781,5773100
2012-07-05,84.4049124383976,85.05806655961995,84.33757807417815,84.76852416992188,5974700
2012-07-06,85.293735474156,85.65734718893127,85.25333588494178,85.55634307861328,5818300
2012-07-09,85.77181345969922,86.36436301137687,85.59001017658433,86.31049346923828,5647000
2012-07-10,86.09507190655795,86.68762691439619,86.00080272572643,86.4856185913086,4288000
2012-07-11,86.5865902674323,87.17914508811374,86.36438220967676,86.59333038330078,5960900
2012-07-12,86.89629485884547,87.23970153838373,86.79528564164352,87.2060317993164,6421000
2012-07-13,87.01751903467002,87.02425914919142,86.59331307697823,86.97711944580078,4175300
2012-07-16,87.73804906284728,87.9467872084209,87.27343304872839,87.38117218017578,5283500
2012-07-17,87.0376891947695,87.41477586981091,86.62021321917533,86.69428253173828,5590900
2012-07-18,87.03778340966922,87.0916529929868,86.72130602928627,86.74151611328125,4011000
2012-07-19,86.49904916674826,86.92999526497786,86.26337118469665,86.51924896240234,5246300
2012-07-20,87.26672455651251,87.7380705287022,87.1455154353371,87.57646179199219,6365900
2012-07-23,88.41810959345236,88.50564889883594,87.87942435378616,88.06796264648438,6141100
2012-07-24,87.77169682651599,88.90965644053838,87.72455711535952,88.76152801513672,6748800
2012-07-25,88.63360167183411,89.02414827485524,88.53259239414344,88.990478515625,5328000
2012-07-26,88.56619020665941,88.73452859149296,88.1419741890198,88.17564392089844,6606200
2012-07-27,87.46193602478125,87.54273520340975,85.48900892917688,86.51250457763672,14685100
2012-07-30,86.45190428819153,87.18585755188627,86.35763515592399,87.15892791748047,6025300
2012-07-31,87.40809188209536,87.45523159970433,86.57986923677261,87.33402252197266,7448600
2012-08-01,86.72869877804192,87.54517982373613,86.472281370988,86.89739227294922,7972000
2012-08-02,87.44397492489921,88.18623056847724,87.13358459848357,87.3899917602539,7972000
2012-08-03,86.263140286241,86.39134904505882,85.54113202259168,85.979736328125,9084800
2012-08-06,86.1484492240822,86.46559402613208,85.94601998634758,86.01349639892578,3673600
2012-08-07,84.99456389192966,85.10927427885372,84.6369343632141,84.90684509277344,6613600
2012-08-08,85.12955509209615,85.28475034724946,84.37380578367178,84.45478057861328,7250700
2012-08-09,84.19157051252353,84.54920514528771,83.50330312767356,84.39400482177734,7553500
2012-08-10,85.15652476350667,85.23749954249332,84.75166116481329,84.81913757324219,4670500
2012-08-13,85.09573746736746,85.27792415632354,84.67737579345703,84.67737579345703,3543700
2012-08-14,83.64502198043171,83.94867350564725,83.50331999457886,83.53031158447266,7994000
2012-08-15,83.01072788505634,83.13218745878342,82.25498400241591,82.356201171875,11191000
2012-08-16,82.46413043228496,82.65981551126936,81.32376071783405,81.65440368652344,13240000
2012-08-17,81.91762132356287,82.403459763503,81.86363813065383,82.05257415771484,6341100
2012-08-20,82.01880800670654,82.45066309305838,81.98506723666208,82.22123718261719,4427100
2012-08-21,81.96482601338037,82.62610187157067,81.41826053800206,82.58561706542969,9532700
2012-08-22,83.34814589605749,84.01617637310308,83.13896744363447,83.94869995117188,11384400
2012-08-23,84.17136700734932,84.4412778283758,84.11063977538173,84.29957580566406,7139100
2012-08-24,84.66395101996929,84.72467824933901,84.12412940100948,84.21859741210938,5001400
2012-08-27,84.57619319825854,84.8865938512125,84.52895921161223,84.71115112304688,3906100
2012-08-28,84.85287751377766,85.26449029368612,84.74491114286137,84.91360473632812,3412600
2012-08-29,84.7584157076377,84.77190893092839,84.31306211724038,84.54248809814453,3762700
2012-08-30,85.20372776536985,85.31844328089511,84.83935426279628,84.9810562133789,3886400
2012-08-31,84.87310337571753,86.18216705322266,84.83936775247271,86.18216705322266,9192600
2012-09-04,85.82515521983113,86.30526696352727,85.71696356729083,86.09564208984375,6009300
2012-09-05,85.75751604282505,86.00771724572878,85.57494041197033,85.68989562988281,3466700
2012-09-06,84.88515436332142,84.88515436332142,84.22246744054206,84.2630386352539,6505100
2012-09-07,85.29765427950616,85.32470346517307,83.79645800917261,83.87084197998047,7335300
2012-09-10,83.64095370213671,84.07373046875,83.5192349140826,84.07373046875,4912100
2012-09-11,83.86411927393279,83.91821767163725,83.37048558242421,83.54630279541016,3523300
2012-09-12,82.64694065041445,82.77542306197964,82.28178418526137,82.50493621826172,7040900
2012-09-13,82.76192690116939,83.23527518575449,81.32834970353979,82.18038177490234,12280200
2012-09-14,80.98343478034668,81.04429159756471,79.82710882124793,79.99616241455078,16871600
2012-09-17,80.38160158618359,81.0781015407449,80.33426678808057,80.95638275146484,5573300
2012-09-18,81.62586011034237,81.75434252953283,81.11869918293722,81.36213684082031,5366200
2012-09-19,82.05185057636321,82.07889977071646,81.55821696695857,81.89632415771484,5903300
2012-09-20,82.59280801249572,82.71452678375711,81.80840216589316,82.09917449951172,4604200
2012-09-21,81.65286659035807,82.25469682993128,81.59876821488733,82.19384002685547,4144300
2012-09-24,82.66721196077307,82.97150638287565,82.61987715824365,82.83626556396484,3627400
2012-09-25,83.03915029980118,83.67478848006063,82.58608262221625,83.65450286865234,5893500
2012-09-26,84.22927828837267,84.58767115565652,84.15489427903745,84.55386352539062,7193400
2012-09-27,84.22250552944018,84.3915591293314,83.69505396413022,83.95201873779297,5147700
2012-09-28,84.35769832740482,84.68904175003361,83.72205550272207,83.99930572509766,7173400
2012-10-01,84.00616341092534,84.34497990920613,83.60635725459069,84.31109619140625,4842600
2012-10-02,83.96548440017676,84.37883566006722,83.89771698288605,84.19587707519531,3540100
2012-10-03,83.93164000784988,84.22980023982713,83.76900950401252,84.2230224609375,3800900
2012-10-04,83.660526646987,83.89092443717067,83.05743399993018,83.1726303100586,6214800
2012-10-05,82.37981937927847,82.45435940095422,81.93935702481127,82.09521484375,8340700
2012-10-08,82.65759979918852,82.85410863940781,82.46108578904445,82.78634643554688,1568400
2012-10-09,82.312053009871,82.79317165390466,82.25106337249696,82.63731384277344,4752700
2012-10-10,82.30525168700221,83.32170054638875,82.16972724038783,83.22005462646484,5429800
2012-10-11,82.6440875355756,83.79606628417969,82.59665345104014,83.79606628417969,5194100
2012-10-12,84.07388863962764,84.55500723484822,83.87737453680336,84.0061264038086,4934900
2012-10-15,83.87736018324485,84.12130832638941,83.6401898135005,83.81637573242188,3036100
2012-10-16,83.2810363286591,83.3081422493902,82.63050974089,82.6576156616211,5398700
2012-10-17,82.1087566344288,82.16974626847704,81.70217803050782,81.89191436767578,6932500
2012-10-18,82.07488295733714,82.35270970465359,81.22784199490151,81.39047241210938,8558600
2012-10-19,81.54627069074854,82.54239102569194,81.50561440603225,82.49495697021484,7616700
2012-10-22,82.28499537251359,82.56282228159623,81.95295656948727,81.96650695800781,6910600
2012-10-23,82.73891186219758,83.16582356672825,82.68470003147549,83.13871765136719,5760600
2012-10-24,82.57635395249216,82.86773633573547,82.31885528564453,82.31885528564453,6824500
2012-10-25,81.69535933794276,82.359441355348,81.53950678329782,81.89865112304688,5292500
2012-10-26,82.2917391519432,83.1116743218355,82.17653763242701,83.10489654541016,5889400
2012-10-31,83.1319678026509,83.82315078177771,83.09808410458746,83.59275817871094,5025600
2012-11-01,83.1929525364558,83.26749253650618,82.72538955514385,82.9083480834961,3659700
2012-11-02,82.18326137979619,82.88122196482117,82.1561554618435,82.84734344482422,3527800
2012-11-05,83.22682052793076,83.51820269952124,83.20649238083092,83.31491088867188,2935700
2012-11-06,83.04387949613239,83.25394395356926,82.5220994845338,82.52887725830078,4484600
2012-11-07,83.99252927776674,84.38555728886351,83.86378264441925,84.02641296386719,10071000
2012-11-08,83.88419370337276,85.28689387368011,83.64024539810802,85.2733383178711,8579500
2012-11-09,85.13098849755623,85.3681640625,84.82605587109549,85.3681640625,5036900
2012-11-12,85.27324631154225,85.63916837462449,85.23936779843275,85.51042175292969,2072200
2012-11-13,85.92382632711933,85.93737670602005,85.37494033798917,85.79507446289062,2863800
2012-11-14,85.1920235329598,85.91709065272302,85.11070570992788,85.87643432617188,4694600
2012-11-15,85.449512166863,86.07293322699029,85.38174990727161,85.70701599121094,5549600
2012-11-16,85.62569140084467,86.18812793380401,85.57147952949059,85.6324691772461,4591100
2012-11-19,85.0157917789689,85.2529621728472,84.90737324316461,85.15132141113281,3621600
2012-11-20,85.02934509504455,85.158091779812,84.28394506252761,84.29750061035156,4659300
2012-11-21,84.15519288628586,84.3110454866045,84.03999141700633,84.25006103515625,2422800
2012-11-23,84.22979765166995,84.3314384822386,84.1010457063759,84.16880798339844,987200
2012-11-26,84.81250590959607,85.05644891000742,84.53467403840594,84.56855773925781,2799000
2012-11-27,84.66342622156269,84.9683588506884,84.50079066076385,84.90059661865234,2544400
2012-11-28,85.36136696445818,85.51721954450478,84.76504705492144,84.77860260009766,3569700
2012-11-29,84.60920913140767,85.00223729078954,84.47368467572332,84.79216766357422,2761000
2012-11-30,85.02937405566875,85.0700303731346,84.50759385519089,84.56180572509766,3702300
2012-12-03,84.00164782324067,84.7281410066287,83.93375228070025,84.63987731933594,5427800
2012-12-04,84.88427223974163,85.14907357447827,84.76205823143863,85.12870025634766,2586300
2012-12-05,85.14232358030226,85.42069690134917,84.98615914647206,85.08800506591797,1978200
2012-12-06,85.45461726679855,85.60399053886468,85.21698032491916,85.27129364013672,2301200
2012-12-07,84.53123100583969,84.84355461123754,84.42259400565054,84.48370361328125,4020900
2012-12-10,84.84354211554138,84.92501985368325,84.55837780218961,84.85712432861328,2134300
2012-12-11,84.36829209942115,84.40223728149957,84.07633659703723,84.21212768554688,3777900
2012-12-12,84.07632674398525,84.4225955331344,83.22082848235746,83.23440551757812,7119700
2012-12-13,83.03070553400757,83.63498451588761,82.92206854935218,83.29550170898438,6381500
2012-12-14,83.64180795878312,83.99486793521473,83.56712129798245,83.92018127441406,3832800
2012-12-17,83.8522523100616,83.86582934293413,82.63690325415844,82.6640625,6870000
2012-12-18,82.42645324987035,82.68445840184935,81.40800449928736,81.82217407226562,12024200
2012-12-19,82.13447865353393,82.59617552041217,81.964737234536,82.09374237060547,4880500
2012-12-20,82.35176606463747,82.58940306889369,81.8968602021901,82.10733795166016,4567900
2012-12-21,83.0443068477487,83.12578461006291,82.79987874090412,83.00357055664062,6087700
2012-12-24,82.83379598612441,82.88811447261705,82.74553233064589,82.85416412353516,1071100
2012-12-26,82.98212188320839,83.15904299430714,82.88685786757819,83.15223693847656,2247800
2012-12-27,82.93446763706594,83.89391878342765,82.9004477500342,83.43120574951172,4262700
2012-12-28,83.79185476935218,83.9279447102689,83.5468887225033,83.90753173828125,3928200
2012-12-31,83.60814744002842,83.67619242237727,82.27444605829334,82.45816802978516,6423000
2013-01-02,81.49192249895677,81.58718652039653,81.25376244535737,81.35582733154297,7472700
2013-01-03,81.23331501058799,81.30816602782396,80.22623709204612,80.25345611572266,10004300
2013-01-04,80.06293590644377,80.59369394086717,79.85879580482012,80.56647491455078,9574600
2013-01-07,80.54609202088264,80.79105815770896,80.29431982706105,80.60052490234375,4193100
2013-01-08,81.00198988116648,81.17210494597282,80.85228779349693,81.13127899169922,4380900
2013-01-09,81.14488496568022,81.3422190615327,80.886311939132,81.05642700195312,3870300
2013-01-10,80.72302538088786,81.17893785089485,80.53930333439362,80.83190155029297,5602800
2013-01-11,80.6481331343441,81.55995241729279,80.53245615704056,81.55314636230469,4770700
2013-01-14,81.68241723376538,81.84572617656879,81.22651028971127,81.32857513427734,3064600
2013-01-15,82.07027645618062,82.13151536085975,81.63478249569285,81.70282745361328,5357800
2013-01-16,82.08390393149912,82.11792901473068,81.66202197182118,81.87296295166016,4286100
2013-01-17,81.19932303174292,81.34902511766546,80.80465484003795,81.05642700195312,7019200
2013-01-18,81.36262459195244,81.79811869759722,81.28777355584168,81.68244171142578,4660000
2013-01-22,81.34903926436488,81.85938454157795,81.23335705598944,81.8389663696289,3874100
2013-01-23,81.88655329217752,82.04986742882758,81.62117430949338,81.71643829345703,2848800
2013-01-24,81.5667821324287,81.63482712755108,81.15170091323174,81.4306869506836,4178900
2013-01-25,80.5800992283127,80.70258227742994,80.137799040306,80.3147201538086,8750700
2013-01-28,79.62741908999628,80.10374415808195,79.61381217559259,80.02208709716797,6059900
2013-01-29,80.0357540267967,80.34876518746405,79.52540872737148,79.57984161376953,5553900
2013-01-30,79.38933327087108,79.58666745869132,79.04230211886161,79.44377136230469,9586800
2013-01-31,79.6342546683672,79.84519566456582,79.30763668660802,79.83158874511719,6789200
2013-02-01,80.28854871272046,80.37038200531272,78.77457036337537,78.79502868652344,10928600
2013-02-04,79.51109607149507,79.98165831638288,79.39516210488085,79.8043441772461,9291900
2013-02-05,79.29283707415749,79.40195502958201,79.01323141868552,79.0950698852539,6676500
2013-02-06,79.46331673934776,79.77020703558114,79.14279450550302,79.74292755126953,5892000
2013-02-07,79.63381653755661,80.19303300698999,79.53152496628165,79.56562042236328,5951700
2013-02-08,79.65422125289096,79.8997312487718,79.26549795991733,79.87245178222656,5603400
2013-02-11,79.82476142247742,80.04980804982928,79.73610180279611,79.81111907958984,3679900
2013-02-12,79.57927734040891,79.80432404145621,79.42242156401252,79.61337280273438,4513700
2013-02-13,78.97231342138886,79.29283570308758,78.80182052125895,78.96549224853516,6586400
2013-02-14,79.3064906424199,79.81796942403089,79.101897048563,79.68157196044922,7096000
2013-02-15,79.5588402859187,79.61339408082611,79.15647417990303,79.44972229003906,5861800
2013-02-19,79.69520077538736,79.72248026347141,78.99958683682021,79.05414581298828,7383600
2013-02-20,78.89728427692462,79.3610251037348,78.81544582406532,79.2928237915039,9603900
2013-02-21,79.72250395830352,80.00210968896522,79.6133859735357,79.75659942626953,8297400
2013-02-22,79.77702362842953,80.02252856708344,79.70882232005027,79.81111907958984,5316900
2013-02-25,79.3474064869521,81.39332159294845,79.30648984980215,81.37968444824219,15948700
2013-02-26,80.97048353796103,81.61153324991085,80.87500273521451,80.90910339355469,9822100
2013-02-27,81.48880471028693,81.5229053797359,80.47266823769372,80.67044067382812,7459600
2013-02-28,80.76582223818886,80.92267785072299,80.45893738269784,80.82038116455078,6023400
2013-03-01,81.21954174192712,81.47241497018946,81.01451404519324,81.26055145263672,7786800
2013-03-04,81.1853992588386,81.30841800224951,80.82317885163016,80.83000946044922,4511400
2013-03-05,80.69329873825453,80.78214355262162,80.42675908094971,80.59761810302734,6539300
2013-03-06,80.03721494844959,80.30375465314067,79.85952007392069,79.8663558959961,6514900
2013-03-07,79.55880825978709,79.62715083498331,79.21709016960166,79.25125885009766,8526700
2013-03-08,78.50633827776319,78.84122064155436,78.33547918400362,78.42432403564453,15423600
2013-03-11,78.67720665720958,78.752385084473,78.4174974669518,78.49951171875,5815800
2013-03-12,78.76606632475408,79.13512270590684,78.75239988732206,79.06678009033203,9264200
2013-03-13,78.75923638746973,79.1009547051001,78.61571531976989,78.98477172851562,7371500
2013-03-14,78.65670198349258,79.03259413319007,78.58152876775962,78.74555206298828,9352100
2013-03-15,78.82071566616011,79.19660253094392,78.80021340988897,79.11459350585938,9673400
2013-03-18,79.84588854071006,79.88005723761154,79.38115150635454,79.71603393554688,9152200
2013-03-19,79.81167062293653,80.57028514623401,79.75699448099346,80.25590515136719,11986200
2013-03-20,79.76388948171302,79.95525090628716,79.33332627642122,79.36066436767578,8543900
2013-03-21,79.86634899626569,80.13288867793015,79.6408138151022,80.12605285644531,6119400
2013-03-22,80.16709692309311,80.30378212613594,79.8048712280377,80.1875991821289,6323800
2013-03-25,79.80480880566734,80.49508053378572,79.73646625760264,80.11235809326172,5839800
2013-03-26,79.87317898879982,80.58395315943585,79.81166702833332,80.20806121826172,5093200
2013-03-27,80.85052075687835,81.17173145535205,80.76850651932023,80.89152526855469,7742900
2013-03-28,80.72745979412893,80.95298970462147,80.42674629453523,80.4814224243164,5826400
2013-04-01,80.49170385095688,81.1081321895866,80.47115711058905,81.08758544921875,6113800
2013-04-02,80.8684650449148,80.91640921268544,80.64929096003158,80.75888061523438,5438000
2013-04-03,81.03282154815217,81.70404493398362,80.99172805175138,81.48487091064453,9527400
2013-04-04,81.9094829103487,82.47112165912569,81.82729595239593,82.4574203491211,9365700
2013-04-05,84.16289677688523,84.53960454956365,83.99166692121696,84.1218032836914,18626200
2013-04-08,84.01906088681926,84.15604790106016,83.40948304362797,83.47797393798828,8020300
2013-04-09,83.58076431725024,83.72459685155923,83.13556539170904,83.27255249023438,7176100
2013-04-10,82.5943944667419,82.64234382181016,82.12180382561097,82.12865447998047,10765200
2013-04-11,82.30673295666762,82.52590687552782,82.11495643085473,82.28618621826172,7501800
2013-04-12,83.10126410506798,83.51906531713475,82.80674858222616,83.51221466064453,9253000
2013-04-15,83.64918921998238,84.26561761292095,83.47111397075963,84.23822021484375,12948400
2013-04-16,83.50537192477003,83.91632251932589,83.47797452173026,83.54647064208984,6553500
2013-04-17,83.76561787131696,84.60806553710145,83.76561787131696,84.10122680664062,9020900
2013-04-18,84.11496318080019,84.39578268758235,83.97113071105365,84.3067398071289,7009500
2013-04-19,84.20400367122583,84.23140107785531,83.9916750762276,84.128662109375,5474300
2013-04-22,84.13548992721682,84.44370676812923,84.01905489255921,84.1902847290039,4519400
2013-04-23,84.42318873136871,84.78619527198619,83.82045615779553,83.89579772949219,8042900
2013-04-24,83.88208385333728,84.12180460994819,83.76564880377207,84.10810852050781,3673600
2013-04-25,83.73142109473048,83.81361332791317,83.62868210963258,83.7451171875,4297800
2013-04-26,84.382078286598,84.59440687986144,84.25194713807244,84.51221466064453,4898800
2013-04-29,84.64232742134631,84.7450663603253,84.0806938105166,84.2039794921875,4916000
2013-04-30,84.42318300806205,84.71769861594964,84.01907776676451,84.251953125,4477400
2013-05-01,84.73996097915773,85.28906374840997,84.71937054172139,85.11746978759766,10724600
2013-05-02,84.82917785965907,85.09000400050229,84.77427177857287,85.00763702392578,4171800
2013-05-03,83.84766242819664,83.86825286241682,82.93478144247229,83.00341796875,11283600
2013-05-06,83.15444956377522,83.22308611324304,82.58475625358955,82.79753112792969,5121900
2013-05-07,82.49548972330035,82.7082644956587,82.39939755277526,82.47489929199219,5049200
2013-05-08,82.55043534547005,82.93480944835916,82.48179879601476,82.6053466796875,5732900
2013-05-09,82.71514505541406,83.2711077503435,82.35136673716977,82.39254760742188,7527000
2013-05-10,82.2003591811005,82.22094961521216,80.88937901859171,81.50711822509766,11689000
2013-05-13,80.90997824368354,81.12275830476241,80.73838429193415,80.88252258300781,8050800
2013-05-14,81.23256519016735,81.29434172784481,79.99022681612283,80.00395202636719,9236100
2013-05-15,80.66973495777165,80.80014801612924,79.90785751396963,80.53932189941406,14608600
2013-05-16,80.97171183965887,81.63749685715624,80.9442561935464,81.37667083740234,8458400
2013-05-17,80.9580344650466,81.09531278559277,80.29225424776948,80.34716033935547,7435500
2013-05-20,80.73839437064056,80.76585003474361,80.1618411343738,80.25106811523438,5839800
2013-05-21,80.2579233216886,80.90311825598847,79.90787019386293,80.88252258300781,7781800
2013-05-22,81.00611028232521,81.36989403773948,79.48235964007196,79.68140411376953,18361500
2013-05-23,80.40899047763303,80.47076183556912,79.46178776285846,80.0589370727539,9207100
2013-05-24,80.29224139287561,80.59424317646133,80.10691699896708,80.16869354248047,5357600
2013-05-28,79.68137736205131,79.80492523606665,78.12330634101082,78.13703155517578,13567500
2013-05-29,78.67242932558541,79.056798260285,78.56260663759468,79.01561737060547,11298600
2013-05-30,79.10481136846256,79.18717835008573,78.61061995198722,78.82339477539062,10011800
2013-05-31,78.91263585881619,78.94695151087909,77.677157178639,78.55571746826172,18158800
2013-06-03,78.2839481515225,79.46047725245589,78.22890456511448,78.97197723388672,15564500
2013-06-04,78.40778601647663,78.77244055499852,78.20138046126822,78.24266052246094,7504300
2013-06-05,78.63482418337006,79.34349311565013,78.52473703893155,79.3228530883789,8056100
2013-06-06,79.04075617093075,80.35489385679216,78.71738700536075,79.27468872070312,8925200
2013-06-07,78.58663906554435,79.0063369930801,77.85733032226562,77.85733032226562,10459300
2013-06-10,77.5408781828292,77.82985439691117,77.32070907877588,77.48583984375,7892600
2013-06-11,77.24499779644539,78.40776824951172,77.14179766684842,78.40776824951172,12841200
2013-06-12,77.74732488967501,78.31839057125053,77.24506110063014,77.28634643554688,10193200
2013-06-13,77.79542809739193,78.5522588432281,77.67158268449192,78.4972152709961,12506300
2013-06-14,78.50409439064622,78.88939413407307,78.31144714355469,78.31144714355469,6679100
2013-06-17,78.4490712222768,78.49035653542178,77.74728388975396,77.89865112304688,5982100
2013-06-18,77.6441114625732,78.21517708557656,77.5546695363819,77.9399642944336,5192700
2013-06-19,78.25638017741825,78.29078371093227,76.79776274308699,77.13489532470703,17138200
2013-06-20,76.1991677822705,76.51566030974158,75.18776489598154,75.86891174316406,27898500
2013-06-21,75.78644131095223,75.965330429111,74.56174978891846,74.58238983154297,19781000
2013-06-24,74.19014259952316,75.26346578751968,74.14198079619621,74.89192962646484,24588900
2013-06-25,74.9263637910761,75.0089239166736,74.21081295684277,74.22457122802734,11078000
2013-06-26,74.99517060318028,75.02957415728356,74.33466330851127,74.7061996459961,13582200
2013-06-27,75.36669663961578,75.66254931703283,74.96075680351115,75.46990203857422,12026000
2013-06-28,75.00203456522237,76.0134379245977,74.80250554711314,75.98591613769531,12017000
2013-07-01,75.6700625360986,76.2010539910418,75.46317974203096,76.13899230957031,5500400
2013-07-02,76.20108295366134,76.40796582636133,76.02178481473803,76.09074401855469,5333900
2013-07-03,76.06999848561973,76.30446591240712,75.86312103271484,75.86312103271484,3839000
2013-07-05,73.98052974790028,74.13224308718065,73.215070816984,73.27713775634766,14511900
2013-07-08,73.8357362607791,74.1736399979674,73.75298207032,73.9874496459961,8044200
2013-07-09,74.12541622944535,74.21506797604368,73.83578426640324,74.0633544921875,4700400
2013-07-10,74.05641832218014,74.05641832218014,73.30475405895962,73.48404693603516,10792200
2013-07-11,74.09776630639571,74.38740327593149,73.74607291543845,74.34602355957031,10035500
2013-07-12,74.71153150133117,74.80118319254298,74.02192900893012,74.28398132324219,4730800
2013-07-15,74.33912122753497,74.6977120660553,74.27015679671607,74.6770248413086,4574800
2013-07-16,74.77360954726706,75.00117966619833,74.66327060672452,74.93222045898438,3650200
2013-07-17,75.29772244229551,75.41495364162452,74.93223384365145,75.07015228271484,5932000
2013-07-18,74.89769919749978,74.93907364801893,74.11845056565294,74.13224029541016,9066400
2013-07-19,74.69085766920641,75.31150107597155,74.64948319583887,75.30460357666016,8523800
2013-07-22,75.4149398803711,75.64250999842618,75.25632896926446,75.4149398803711,3972600
2013-07-23,74.93909877351352,75.16666885016339,74.69773896248304,75.09770965576172,5015500
2013-07-24,74.23570881946621,74.40121194328927,73.64265025941339,74.14605712890625,8853100
2013-07-25,73.76680090929206,74.20124871181568,73.65646195301564,74.11849975585938,6443400
2013-07-26,74.50466445048075,74.67016759892076,74.22882236224724,74.57362365722656,6795500
2013-07-29,74.23569139590927,74.35292252855037,73.8357207844004,74.02880859375,6397800
2013-07-30,74.277070331619,74.31155255447463,73.82193550516612,74.00122833251953,3635400
2013-07-31,73.13922466885415,74.42188548024586,72.99440880450328,74.27017211914062,10483100
2013-08-01,73.62028772759885,73.62028772759885,72.59019970389028,72.83908081054688,13568600
2013-08-02,73.28852810263137,73.70332863226113,73.26778886732112,73.64110565185547,9568400
2013-08-05,73.41293122528191,73.45440967467886,72.96356201708355,73.07417297363281,6611800
2013-08-06,72.95665447305832,73.28849792480469,72.82529900421477,73.28849792480469,4589000
2013-08-07,73.39911847418406,73.93144997832569,73.39911847418406,73.83466339111328,7183400
2013-08-08,73.95907604854857,74.38770069411721,73.82772061227615,74.03511810302734,5510900
2013-08-09,73.69635737100941,74.15955085321666,73.61340049328325,74.15264129638672,3623400
2013-08-12,74.39465426816686,74.40847866496095,73.60653178904982,73.64801025390625,7562800
2013-08-13,72.81840041845057,72.83913964834642,72.45199329169448,72.58334350585938,11485600
2013-08-14,72.54874413797717,72.83910376241347,72.50035086723777,72.69392395019531,6431600
2013-08-15,71.96805588555563,72.33446301645675,71.68461094964997,71.71226501464844,11846300
2013-08-16,71.87125679708737,71.87817163075292,70.97943313524789,71.46337127685547,10175900
2013-08-19,71.15917739564226,71.21448551252867,70.66141489260924,70.8411636352539,9022000
2013-08-20,71.13152538007618,71.45645398302527,71.10387132083876,71.38732147216797,10050100
2013-08-21,71.04857170030981,71.34584627957777,70.59229285449918,70.60611724853516,13248800
2013-08-22,70.8342105784654,71.36654168591397,70.68211597633724,71.32505798339844,8751200
2013-08-23,71.2145246404306,72.16856644578161,71.0278609619971,72.09943389892578,17441200
2013-08-26,72.28603606417002,72.51417803832695,72.1270318575548,72.45886993408203,5879100
2013-08-27,72.79077074891491,73.45445270037658,72.61793674256108,73.37149047851562,11573300
2013-08-28,72.87368544867857,72.9842963978867,72.54875688470844,72.77689361572266,7497900
2013-08-29,72.50730530241448,73.49591582324997,72.44508760487042,73.35765075683594,6672400
2013-08-30,73.29541269015766,73.7516968094091,73.10183952725333,73.27467346191406,8987600
2013-09-03,72.49763107992466,72.55308517148791,71.74902199739378,72.24116516113281,12084300
2013-09-04,72.40064042948856,72.53927575675337,72.05406004392204,72.081787109375,4579600
2013-09-05,71.72129946818683,71.81140840635669,71.06972707226967,71.07666015625,12290600
2013-09-06,71.56877515830715,71.96387617524834,71.26378304403974,71.43014526367188,9478400
2013-09-09,71.95006693561261,71.95699473344202,71.45099049534043,71.46485137939453,6874900
2013-09-10,71.20830074681356,71.63112331297773,70.95182974520931,70.96569061279297,8069000
2013-09-11,71.3400558880905,71.61038797853779,70.83405183710698,71.59652709960938,8962400
2013-09-12,71.98464517621557,72.0886202053435,71.43704829197206,71.49943542480469,6254400
2013-09-13,71.74902923804136,71.97084033828546,71.55494518637698,71.7767562866211,6106200
2013-09-16,72.31743925535137,72.37289336688282,71.2915593456004,71.29849243164062,8231600
2013-09-17,71.65201560936673,71.90848165568289,71.37475030207723,71.88768768310547,8795300
2013-09-18,71.83221892293568,73.16309106898416,71.38166883986794,72.77491760253906,19749200
2013-09-19,72.81646470285212,72.84418645081442,72.19955268705745,72.3451156616211,11627800
2013-09-20,72.56691741932374,72.9065643167026,72.40055522239507,72.7263412475586,8421000
2013-09-23,72.92738210414984,73.28782836024287,72.85806714363734,73.26010131835938,10242100
2013-09-24,73.46805845702347,74.0572436522659,73.36408335471165,74.0503158569336,11446600
2013-09-25,73.84930655429031,74.36224374803378,73.7453314409709,74.20281982421875,8130900
2013-09-26,73.80770668018373,73.90474869333937,73.60668957053473,73.68293762207031,5117100
2013-09-27,73.67599300721709,74.04336704071947,73.64826596659906,73.86314392089844,6460000
2013-09-30,73.93245087061281,74.09880779601104,73.59973173142504,73.75222778320312,8438800
2013-10-01,73.5979618127681,73.6883067868471,73.34081877574077,73.5284652709961,7592500
2013-10-02,73.61879238085754,74.00103122121953,73.50064775828928,73.63964080810547,5967200
2013-10-03,73.49373809462165,73.95242496256073,73.45898716138458,73.52153778076172,6648900
2013-10-04,73.43812744215344,73.51457524173414,73.21573528944062,73.46592712402344,5545300
2013-10-07,73.8064368466049,73.91763553325322,73.65354660583127,73.76473999023438,5761100
2013-10-08,73.65356453953845,74.02190099981716,73.54931707098402,73.78560638427734,5904000
2013-10-09,73.57711657421899,73.6257646857957,73.18098043645259,73.19487762451172,8439000
2013-10-10,72.83354200743187,73.34087190188525,72.63199817872776,73.31307220458984,9944100
2013-10-11,73.77866940061128,73.82731751821136,73.25743729679017,73.29218292236328,6500800
2013-10-14,73.2435500740099,73.41729414483775,72.50687691041925,72.70146942138672,4205600
2013-10-15,73.07676037699198,73.18100788439823,72.64587315409545,72.65282440185547,8291000
2013-10-16,72.60412195975542,73.57013788806788,72.46512361977676,73.56318664550781,14460200
2013-10-17,74.0288639765297,74.44585394669544,73.86902241658088,74.23040771484375,11303400
2013-10-18,74.43888401155178,74.69602705496348,74.34853903522969,74.3902359008789,9487800
2013-10-21,74.29989556623437,74.30684150944558,73.98715314758842,74.15394592285156,6161600
2013-10-22,74.77940575465313,75.14079619179019,74.75160608239294,74.98094940185547,9708500
2013-10-23,75.10604966616107,75.56473633189822,75.08520123630858,75.27284240722656,9163100
2013-10-24,75.48133289804811,75.52302975531572,74.96705221684803,74.98094940185547,7631400
2013-10-25,75.14774296012621,75.37013503840964,75.11299734610263,75.25894165039062,4429500
2013-10-28,75.06436639902812,75.32150415009846,74.99486985285361,75.00181579589844,6466400
2013-10-29,74.79335798817901,75.10609523018336,74.71691016417816,75.0991439819336,5270500
2013-10-30,75.0087315470299,75.20332390513599,74.50834816776047,74.64734649658203,10199300
2013-10-31,74.99485166182153,75.06434819113869,74.45971725136414,74.80720520019531,11452100
2013-11-01,74.54100157944735,74.56190593608409,73.96262290230831,73.99746704101562,11349500
2013-11-04,74.19266181675462,74.33202788959383,74.01845156746816,74.06723022460938,4733200
2013-11-05,73.71879086674316,73.74666513747498,73.1613160850539,73.18222045898438,8753400
2013-11-06,73.12643841240397,73.26580437560249,72.95222830017047,73.21702575683594,5643000
2013-11-07,73.20311983520169,73.8999605558929,73.14737130159293,73.83724212646484,7893700
2013-11-08,72.45051650207111,72.5480737586924,72.04634768665619,72.06028747558594,16889900
2013-11-11,72.14391103007692,72.17875518886936,71.74671207561511,71.78852081298828,4927200
2013-11-12,71.9209319054968,72.18572947191264,71.90002753399988,72.12301635742188,4839500
2013-11-13,72.38081465966022,72.49927625235829,72.2902220046214,72.38777923583984,5782900
2013-11-14,72.68742726276453,73.25187165507973,72.5759355528375,72.8337631225586,8895500
2013-11-15,72.9313696660784,72.98711289642698,72.68747110284795,72.98014831542969,6344800
2013-11-18,72.92432674603982,73.45392677759314,72.92432674603982,73.41908264160156,5451300
2013-11-19,73.13341595752848,73.26581736757485,72.75712672687229,72.86164855957031,7251100
2013-11-20,72.76407952525965,73.05675124237798,71.530674250849,71.62126159667969,14190900
2013-11-21,71.43318538956021,71.90703756839468,71.18929205850038,71.73979187011719,8903000
2013-11-22,72.11598399182412,72.56196125234565,72.10901941834007,72.40866088867188,7950700
2013-11-25,72.3599191613244,72.7640879506989,72.3599191613244,72.61775207519531,3755500
2013-11-26,72.81285061105099,73.11946208286268,72.80588603503362,72.8895034790039,6659200
2013-11-27,72.94524093606158,72.95917540245573,72.44351508236142,72.7640609741211,6063000
2013-11-29,72.52716081978174,72.88951554205242,72.43656815186073,72.78498840332031,5084400
2013-12-02,72.54733224358955,72.62421327048311,72.14196052584083,72.21884155273438,7527800
2013-12-03,72.47749116772752,72.65921058032924,72.30975304271763,72.48448181152344,5076900
2013-12-04,71.81351572998123,72.02319236138223,71.55491526222644,71.79254913330078,8502700
2013-12-05,71.62482978879306,71.88342499198542,71.44311034946628,71.58988189697266,7445700
2013-12-06,71.68072505799903,71.98125873958918,71.54094418240767,71.93233489990234,7352000
2013-12-09,71.91833254248827,72.14897570160865,71.86940872076242,72.10005187988281,5678800
2013-12-10,72.57533289630462,72.65221397485438,72.30275646591848,72.61727142333984,7040400
2013-12-11,72.37264327542502,72.5264000811945,72.0022138826732,72.0581283569336,8190900
2013-12-12,72.00920554643182,72.10006790146822,71.72963850346211,71.78555297851562,6208600
2013-12-13,72.08605543661092,72.1978843383477,71.8414363794311,72.13497924804688,6471300
2013-12-16,72.3935937355021,72.47047478740087,71.79951724270877,71.8694076538086,6376400
2013-12-17,71.71564048284725,72.26778375642758,71.70165920223721,72.19090270996094,6014400
2013-12-18,71.86939975056109,72.49143340585061,71.61079939240298,71.82746124267578,12973200
2013-12-19,71.8904020714478,71.99524039482692,71.60384434303141,71.75760650634766,6708400
2013-12-20,72.49144581145868,72.88982704462097,72.19790286750687,72.86186981201172,12425700
2013-12-23,72.72216158564174,72.97377159803062,72.4495849609375,72.4495849609375,6378600
2013-12-24,72.14897463050444,72.2328409909056,71.84844106370831,71.8694076538086,4897000
2013-12-26,71.76779108188043,71.77480457708377,71.52938574226033,71.59249114990234,4645300
2013-12-27,71.57141243727246,71.7396987715849,71.30495862880059,71.38909912109375,4755000
2013-12-30,71.62751166427962,71.9290275861058,71.57842792583007,71.87994384765625,4491700
2013-12-31,71.72567208111236,71.90798538443373,70.94032699349594,71.42415618896484,7218600
2014-01-02,71.32600294113996,71.79580524939068,71.30496781535662,71.64154052734375,8580800
2014-01-03,71.38910831849,71.83787550095737,71.35405155876003,71.64154052734375,4083800
2014-01-06,71.78878186902644,72.22352735766327,71.78177372788186,71.94304656982422,7796200
2014-01-07,72.09733284757579,72.21653547942083,71.9150194784596,72.12538146972656,4428100
2014-01-08,71.8379025106773,72.00619427967224,71.59248370138735,71.92906188964844,8513000
2014-01-09,72.2024726459407,72.37075893309692,71.87992169983936,72.34972381591797,6991100
2014-01-10,72.7634316130232,73.30335794080044,72.7073397482238,73.21220397949219,13197400
2014-01-13,73.28235603537023,73.7241097630766,73.25430741539608,73.57685852050781,9667400
2014-01-14,73.38049267468904,73.5067087366365,73.19817939638158,73.24024963378906,10343100
2014-01-15,72.95278274311744,73.28234730137608,72.87565038481321,73.16313934326172,7507500
2014-01-16,73.5207925526822,73.67505735329298,73.42963851128924,73.65402221679688,7137700
2014-01-17,73.5277332979155,73.99052189212374,73.47864957807941,73.96247863769531,7588600
2014-01-21,73.94144524431763,74.1447936315802,73.90638849806703,74.0185775756836,6436000
2014-01-22,73.88537218917419,74.15182599735311,73.794212856322,73.83628845214844,4646700
2014-01-23,74.24294881724558,75.09139897240006,74.24294881724558,74.88104248046875,12960600
2014-01-24,75.1615578634523,75.3719144525293,75.02131478767464,75.36490631103516,11122200
2014-01-27,75.18259834411062,75.44905218248338,74.81797167083556,74.8390121459961,9218200
2014-01-28,74.9652551411949,75.02134704589844,74.71282284597876,75.02134704589844,5661500
2014-01-29,75.28781263063514,75.83474753280173,75.02135332464594,75.63841247558594,11709400
2014-01-30,75.3578922483023,75.49812997329006,75.10546006354329,75.4209976196289,5956900
2014-01-31,75.86978318861684,76.01703979026793,75.62436443541098,75.9258804321289,14690900
2014-02-03,75.77542224477416,76.86505538893833,75.64888361398249,76.85099792480469,20780300
2014-02-04,76.28860964054404,76.39405940286666,75.90196766322475,76.03553771972656,9573500
2014-02-05,75.70508857575821,75.76835517968657,75.22705456918564,75.33250427246094,10312200
2014-02-06,75.19895059437506,75.23409692749031,74.88260141596264,75.00914001464844,5708700
2014-02-07,74.84045268630966,75.37472757271952,74.8263952202927,75.07244110107422,7039200
2014-02-10,74.94587723169343,75.30440417354693,74.9177569457249,75.28330993652344,4370500
2014-02-11,74.94586092473072,75.00210148443077,74.62951716235916,74.84744262695312,5904900
2014-02-12,74.63654026107697,74.66466053981604,74.24989849605308,74.4607925415039,6723300
2014-02-13,74.93181566677085,75.03023935101346,74.72795297601495,74.88260650634766,6874600
2014-02-14,74.9177580162693,74.96696717656836,74.70685855018976,74.92478942871094,4989100
2014-02-18,74.98107578497913,75.36068647427903,74.95295548143848,75.09355163574219,4855800
2014-02-19,75.34663549670847,75.34663549670847,74.72800485570644,74.77721405029297,5522500
2014-02-20,74.7420336550576,74.95995923842766,74.29915107367388,74.59440612792969,5103200
2014-02-21,74.48192827673574,74.9951143007001,74.48192827673574,74.98808288574219,5250700
2014-02-24,75.0091347356579,75.03725501820855,74.63655037780362,74.7982406616211,3816700
2014-02-25,75.15679012595923,75.4731340136954,75.14272729876375,75.46610260009766,6225400
2014-02-26,75.43797339981184,75.8667984008789,75.38876423723349,75.8667984008789,7203900
2014-02-27,76.11987249855038,76.31670914077523,75.99333389092065,76.28156280517578,5394700
2014-02-28,76.11991570409323,76.44329113749518,75.76841996821292,76.32378387451172,8462600
2014-03-03,76.72753851784383,76.93895012961713,76.55841245427754,76.83324432373047,11089400
2014-03-04,76.35405330605141,76.35405330605141,75.65640355314264,75.67754364013672,8068100
2014-03-05,75.64228726555322,75.95235613275932,75.54362996715484,75.83960723876953,4798500
2014-03-06,75.23356368238677,75.38154962448853,75.06443228305389,75.09262084960938,7418200
2014-03-07,74.44430125728748,74.81779036198202,74.41611269023626,74.62047576904297,8270300
2014-03-10,74.65572754574617,74.77552494702597,74.54297325530365,74.7261962890625,3744300
2014-03-11,74.68392810819432,74.93761454957611,74.54298522251406,74.92352294921875,3815700
2014-03-12,75.34637283875573,75.5859731579144,75.24771546510911,75.44503021240234,6430500
2014-03-13,75.19134104617632,76.48094081871152,75.15610934082314,76.45980072021484,11815500
2014-03-14,76.79096385196804,76.79801233937846,76.33290894586231,76.47384643554688,9232800
2014-03-17,76.23420870627326,76.31877437832404,75.87481132057943,75.90299987792969,7381900
2014-03-18,75.88189216094977,76.21310113052473,75.82551502220939,76.17786407470703,4819500
2014-03-19,76.05104323605914,76.09332879224439,75.26882765190255,75.58594512939453,11557600
2014-03-20,75.46609507129415,75.8466325801497,75.39562635700644,75.4520034790039,5224400
2014-03-21,75.69162561641913,76.3328980926529,75.66343704720603,76.26947784423828,8986200
2014-03-24,76.14265726245897,76.87553879975367,76.07218312780766,76.81211853027344,7536400
2014-03-25,76.39632996399112,76.68525341331444,76.22719853488353,76.5231704711914,5032000
2014-03-26,76.49501125509093,77.15038096316675,76.4456825835765,77.1221923828125,7147200
2014-03-27,77.26316031732675,77.79168431003545,77.10812575257103,77.50980377197266,9772200
2014-03-28,77.41813841423607,77.43927849829724,76.82618917842238,77.07283782958984,6027000
2014-03-31,76.62887659107186,78.27082459802827,76.34699625113277,76.882568359375,7488400
2014-04-01,76.48692844089972,76.5575785054053,76.19018954556923,76.22551727294922,9067300
2014-04-02,75.87228180830668,75.98532625388746,75.71684839076103,75.7874984741211,6887200
2014-04-03,75.96415727850413,76.2608963737339,75.90764042297954,76.11959075927734,4937400
2014-04-04,76.21142602685563,76.79076545851353,76.19729277301249,76.62826538085938,8977500
2014-04-07,76.74123630813337,77.21459744336558,76.72710306783435,77.0874252319336,7562500
2014-04-08,77.03096244119772,77.34182928442871,76.81194555997004,77.27117919921875,4213800
2014-04-09,76.9249478799239,77.2570090511043,76.75538667834898,76.8896255493164,5771500
2014-04-10,76.95319855119537,77.87166526659053,76.9390706989174,77.60318756103516,12706400
2014-04-11,78.09774053126833,78.27436831280541,77.80806838222648,78.23197937011719,10267000
2014-04-14,78.05536833670962,78.21079629000023,77.92819609110583,78.02710723876953,4142600
2014-04-15,78.14721154521554,78.78307276251756,77.96351710682758,78.51459503173828,7752000
2014-04-16,78.02005836960382,78.613525390625,77.98473064157682,78.613525390625,5523000
2014-04-17,78.68419725049085,78.74071408076018,77.50431880561878,77.75160217285156,8622500
2014-04-21,77.97763755183492,78.15426533930285,77.60318211459096,77.6879653930664,4316300
2014-04-22,77.47610877206414,78.06250963747122,77.44078101583992,77.94947052001953,5748700
2014-04-23,78.14009537163437,78.45802847379832,78.09063982999773,78.39443969726562,5748600
2014-04-24,78.03418808697505,78.57113830231006,78.03418808697505,78.54287719726562,6337800
2014-04-25,78.76897624713409,79.12223204476798,78.64887056959994,78.65593719482422,5976500
2014-04-28,78.50045928224401,78.62056489169447,78.10481473805301,78.27437591552734,7606000
2014-04-29,77.83639565717334,78.23204588960307,77.74455107317081,78.16845703125,5235200
2014-04-30,78.22495864634274,78.60647552513966,77.98474191957936,78.4934310913086,7721400
2014-05-01,78.5281251269246,79.3779998740367,78.49979542835379,79.33550262451172,11556500
2014-05-02,78.99556473115219,80.10039606617845,78.82559192653385,79.82418823242188,12702100
2014-05-05,79.85963629627358,79.89504438576249,79.24347718309033,79.3426284790039,8043000
2014-05-06,79.39924736533258,79.8170982699957,79.34967174268886,79.66129302978516,6522600
2014-05-07,79.54091029668959,79.72505068529627,79.27886997021669,79.37802124023438,8199200
2014-05-08,79.56217977832473,79.85963907977374,78.93894226752505,79.03809356689453,10878800
2014-05-09,78.98842905487432,79.18673143052222,78.59890807509007,78.78304290771484,6000600
2014-05-12,78.6202042686204,78.70518796777338,78.28733703803667,78.46439361572266,4563800
2014-05-13,78.9247462989875,79.14429473876953,78.84684096809615,79.14429473876953,5501000
2014-05-14,79.7675047901238,80.19244477861194,79.71792917857837,80.001220703125,8851400
2014-05-15,80.58202008071983,81.02820628798305,80.45453907912177,80.63867950439453,12627900
2014-05-16,80.46160108312418,80.73780894461498,80.32703633914814,80.41202545166016,5019200
2014-05-19,80.68820581160062,80.70945173165258,79.7604312804203,79.81708526611328,7403300
2014-05-20,79.74628537308027,80.36952801486945,79.73920159669497,79.9941635131836,6549800
2014-05-21,79.47711007435977,79.60459095042694,79.22923209404438,79.50543975830078,8224600
2014-05-22,79.50545437671677,79.60460558707355,79.17258728337514,79.39213562011719,6495700
2014-05-23,79.6896043424648,79.96581751315044,79.640028727898,79.81708526611328,3835000
2014-05-27,79.92332613286315,80.31285270684702,79.60462650203063,80.2845230102539,6658300
2014-05-28,80.8086148297843,81.33270074694387,80.80153105428096,81.27604675292969,10361000
2014-05-29,81.35395608221484,81.5805882794516,80.82986473589284,80.84403228759766,10692000
2014-05-30,80.70943491213457,81.02105608352063,80.603199930677,80.80858612060547,6518900
2014-06-02,80.2646991292553,80.71913435605104,79.91677334377314,80.20789337158203,11728200
2014-06-03,79.81739711932434,79.90970244858732,79.17834563939553,79.220947265625,12694100
2014-06-04,79.35582095888438,79.39842256434903,79.00788978994079,79.1996078491211,7882000
2014-06-05,78.90850526662427,79.50495500220157,78.8303986891404,79.2351303100586,6915600
2014-06-06,79.61856112208051,79.81738131213712,79.16412580797223,79.2351303100586,7832800
2014-06-09,79.13575025207398,79.27066264473552,78.958236226908,79.12155151367188,5162800
2014-06-10,78.84456455649578,79.0078742902688,78.69545354932724,78.83036041259766,5986000
2014-06-11,79.00084552186264,79.19966036893103,78.70971991201374,78.97244262695312,5569700
2014-06-12,79.02924393455358,79.77479956877511,78.81622494346287,79.6753921508789,9775900
2014-06-13,79.22094060975216,79.96650150991252,79.19253772221971,79.63277435302734,5412500
2014-06-16,79.67532988633369,79.97355190696825,79.59722334512553,79.83154296875,5184600
2014-06-17,79.57593647684465,79.59013520623463,79.15700624365644,79.1996078491211,6668800
2014-06-18,79.38425500179196,80.0659080433217,79.21383767843692,79.81028747558594,11256500
2014-06-19,79.88834606885557,79.9238455935892,78.63154479628518,78.78775787353516,14215500
2014-06-20,78.79489916584922,79.38424682617188,78.74519547264708,79.38424682617188,7319100
2014-06-23,79.5830962974456,79.65410083050739,79.10735996690325,79.13575744628906,5821700
2014-06-24,79.63273283563211,79.98776061874479,79.39841319862718,79.93805694580078,9698300
2014-06-25,80.30732992160291,80.49194599248075,80.01620978800439,80.1440200805664,5699300
2014-06-26,80.38542088455415,80.80435664656565,80.38542088455415,80.52743530273438,6628900
2014-06-27,80.71912635320984,80.81853371063478,80.35699645556487,80.40670013427734,7216500
2014-06-30,80.633925034357,80.80434230592871,80.30019798248138,80.60552215576172,5593100
2014-07-01,80.08727241260375,80.25812373966289,79.8737041803305,79.93065643310547,8019200
2014-07-02,79.46793530595642,79.49641143464511,78.99809276075861,79.07640075683594,9382500
2014-07-03,78.57809582190016,78.91980401826265,78.54961968626432,78.79166412353516,6173900
2014-07-07,79.21168534060278,79.59610507543572,79.18321463248323,79.36830139160156,5928900
2014-07-08,79.90223503419591,80.34360714861249,79.90223503419591,80.2581787109375,6352100
2014-07-09,80.20117749587997,80.5428801524597,80.0018446097317,80.32219696044922,6395200
2014-07-10,80.82765794497594,80.91308634796148,80.31509838959727,80.34357452392578,7196900
2014-07-11,80.6923808680459,80.9273048539046,80.64254900116067,80.85611724853516,4676500
2014-07-14,80.64257688821816,80.73512569534232,80.39341746763006,80.50731658935547,4743300
2014-07-15,80.32221878099621,80.77782606771787,80.08729474623644,80.34357452392578,7720000
2014-07-16,80.4432387768519,80.85613458027264,80.40052729072815,80.77070617675781,4615800
2014-07-17,81.31883852624584,81.90258553504722,81.11239068479264,81.78868103027344,10901000
2014-07-18,81.78157883375202,81.83853109880833,81.23342821856923,81.52529907226562,6677900
2014-07-21,81.8741292149076,82.31549569951207,81.8741292149076,81.93107604980469,5724100
2014-07-22,81.93106430753755,82.19446442734622,81.61783775106015,82.10192108154297,5753200
2014-07-23,82.23007937793764,82.31550235282128,81.98803494280986,81.99515533447266,3489600
2014-07-24,81.52532510594041,81.568042034007,81.3331179390811,81.38294982910156,6609000
2014-07-25,82.10908526776066,82.35112979374979,81.98095075733463,82.34400939941406,7041800
2014-07-28,82.287034125246,82.50772283786111,81.95245172268578,82.23008728027344,5138300
2014-07-29,82.48636413254464,82.6287393867697,82.16601166363655,82.5290756225586,6579300
2014-07-30,81.97381754739324,82.13754857263105,81.2761656558381,81.38294982910156,12251200
2014-07-31,80.82051678520035,81.56800018325866,80.77780531031675,81.140869140625,18254000
2014-08-01,81.06950985298492,81.99026826331901,80.69121490169421,81.76899719238281,14951200
2014-08-04,81.74760789114265,81.94746147242198,81.55489349365234,81.55489349365234,5183800
2014-08-05,81.41920948590362,81.94026056333503,81.14084144794349,81.81891632080078,8032000
2014-08-06,82.41852198263605,82.41852198263605,81.79754389537447,81.8689193725586,7289200
2014-08-07,81.96884239907992,82.63264465332031,81.77612807489382,82.63264465332031,9745500
2014-08-08,82.74686257111321,83.09660625943152,82.35428923532702,82.45421600341797,9536700
2014-08-11,82.54700928792846,82.66834815732501,82.2900531847355,82.44708251953125,6668800
2014-08-12,82.37565353797996,82.39706562507388,81.89029292999594,81.91170501708984,8122400
2014-08-13,81.99027287954385,82.45421625613072,81.92603113094538,82.44708251953125,8210500
2014-08-14,82.74678000731961,83.15362585591531,82.3613462382929,83.11080169677734,9028200
2014-08-15,83.30356850448504,84.48128263542316,83.28929559095056,84.017333984375,17606700
2014-08-18,83.66050335660795,83.72474512152547,83.07521551634598,83.18228149414062,7595300
2014-08-19,83.56769851625245,83.61766190284123,82.78255725031418,82.92530822753906,5936900
2014-08-20,82.82538620890146,82.87534959835837,82.48991540300472,82.7896957397461,7275600
2014-08-21,82.84680054103383,83.3393007115026,82.81111007091826,83.25364685058594,6790700
2014-08-22,83.32500937487795,83.81750946868435,82.94671441118332,83.71758270263672,10149900
2014-08-25,83.83181057181005,84.06735464765637,83.66050826465008,84.03166961669922,5760700
2014-08-26,84.18150809910937,84.21719310814338,83.6604568677037,83.76038360595703,5487600
2014-08-27,84.01017256551894,84.51695071421243,83.79604624559484,84.47412109375,7265800
2014-08-28,85.03093250413029,85.20224024659956,84.70260083280026,84.91673278808594,9463600
2014-08-29,84.8810076418454,85.24502963889618,84.75966879136168,84.97380065917969,8512900
2014-09-02,83.90142094699306,83.97295926689941,83.48649105030263,83.5079574584961,10506000
2014-09-03,83.2718706657437,83.97295379638672,83.20748236140587,83.97295379638672,6553900
2014-09-04,83.42925406312,83.61525258185581,82.93563043396138,82.94993591308594,12528900
2014-09-05,83.30046286048763,83.41492303999247,82.5850690000108,82.79253387451172,6886000
2014-09-08,83.27905579867003,83.43643796506112,82.59227244521098,82.82835388183594,9326400
2014-09-09,82.62085681983689,82.90701552975686,82.59224040304255,82.7639389038086,5353100
2014-09-10,82.24886231754496,82.35617252645547,82.12009115845713,82.24170684814453,8729400
2014-09-11,82.45634748645921,82.65665701460063,81.9627236792355,81.96987915039062,9274800
2014-09-12,81.33318036517935,81.49771799900336,80.9969441682015,81.11140441894531,11114900
2014-09-15,81.44757841501615,81.60496591536548,81.09703700116071,81.23296356201172,5510700
2014-09-16,81.27592339034634,81.4547719137019,80.89676539411634,80.90391540527344,9304700
2014-09-17,81.21869922604704,81.43331966020189,80.64638716500801,80.69646453857422,12917000
2014-09-18,80.96830786144223,81.18292828367761,80.7322264885881,80.9540023803711,7031200
2014-09-19,81.25446180886814,82.0413942139075,80.9826085623468,81.98416137695312,13236900
2014-09-22,82.0270926866709,82.29894048826918,81.86970510647356,82.08432006835938,6617200
2014-09-23,82.20594659042266,82.6065655785474,82.10578638536711,82.59225463867188,6362400
2014-09-24,82.47782164774004,82.6638257213783,82.01281419265744,82.13442993164062,5223300
2014-09-25,82.49209096676616,83.11448579142923,82.49209096676616,83.10733032226562,8947800
2014-09-26,83.00001562357195,83.1931750743659,82.71386236880439,82.98571014404297,7799600
2014-09-29,83.70112413024218,83.82273983828325,83.45789271416004,83.65104675292969,6791800
2014-09-30,83.45784926042008,83.72969695885651,83.0786859347293,83.17884063720703,7277500
2014-10-01,83.83080448305185,84.81333877161079,83.78777562147091,84.79182434082031,17194900
2014-10-02,84.50490236280393,84.77025414729658,84.01004886170041,84.0530776977539,8251800
2014-10-03,83.90969104257202,84.46191480687561,83.78777229185404,84.41171264648438,8561500
2014-10-06,84.35431143506007,84.76310186740419,84.1678439919278,84.46188354492188,4485500
2014-10-07,84.849173277975,85.65241314846423,84.75594227714213,85.60221099853516,8837700
2014-10-08,85.66675474225181,85.71695689245477,84.99261236404406,85.62372589111328,9391300
2014-10-09,85.53768271537126,85.82455455715296,85.18626758179195,85.25081634521484,10291700
2014-10-10,85.71696052284386,86.11858321310157,85.56635406585632,86.0970687866211,8774400
2014-10-13,86.17596698362708,86.9003116126393,86.0970770978337,86.62061309814453,6450700
2014-10-14,87.00066639501895,87.33774017484401,86.5488472376744,87.1871337890625,11285400
2014-10-15,89.34589375497737,91.56914090731746,87.3808252360968,87.87567901611328,37407500
2014-10-16,89.01596422474142,89.02313205138712,87.0939306603779,87.31625366210938,18096600
2014-10-17,86.91465357432747,87.28758308320987,86.40545872968782,86.8285903930664,8524300
2014-10-20,87.33775451288258,87.38795664971799,86.73532887085767,87.14411926269531,7742500
2014-10-21,86.66364371909643,86.95051553949051,86.44132065731284,86.44849395751953,9754700
2014-10-22,86.39829198400021,86.67081720456343,86.21899777982377,86.5417251586914,9260200
2014-10-23,86.08991260279174,86.19031692741149,85.38707685882814,85.77435302734375,10936300
2014-10-24,86.01100379267419,86.35525102396457,85.6811031598173,85.86039733886719,5704900
2014-10-27,85.98234269978425,86.25486796656796,85.81739506807665,86.01820373535156,3391900
2014-10-28,85.68829811897497,85.81021687835722,85.40142626565603,85.48031616210938,5141300
2014-10-29,85.31537694702514,85.93214961692668,84.92810070278745,85.67396545410156,9105100
2014-10-30,86.29070711204145,86.39111142020849,85.70979569027149,85.74565124511719,7024400
2014-10-31,85.58787397205032,85.85323134942206,85.22211775521647,85.52333068847656,6664200
2014-11-03,85.48020456247978,85.66712664411513,84.98414443562454,85.5233383178711,9726600
2014-11-04,85.85403778718019,86.20631505037791,85.60960587553781,85.78933715820312,3664800
2014-11-05,85.48738298971702,85.81808786481714,85.42267688102189,85.6671142578125,4799600
2014-11-06,85.26449133077395,85.50173786218298,85.0560024533201,85.11351776123047,5901900
2014-11-07,85.35080881486599,86.09130096435547,85.3220511459097,86.09130096435547,8550500
2014-11-10,85.96908441879067,85.96908441879067,85.2357775776467,85.30048370361328,4787300
2014-11-11,85.17821709398775,85.4154581216073,85.07756257065189,85.35794830322266,2416500
2014-11-12,85.69582814854878,85.93307463283392,85.15663458515198,85.28604125976562,4040800
2014-11-13,85.33637142934336,85.68145774617349,85.1494549308146,85.48735046386719,4475900
2014-11-14,85.43703273858358,85.9762264151952,85.32200760641987,85.90433502197266,5191200
2014-11-17,86.1128150544815,86.12000583855348,85.46578161203203,85.68865203857422,4726200
2014-11-18,85.78218908112846,85.96911124395669,85.66716385513385,85.92597198486328,4471200
2014-11-19,85.46582225858214,85.96907316869918,85.37955474853516,85.37955474853516,5792500
2014-11-20,86.19913869675003,86.23508166832342,85.59523863369452,85.8252944946289,5683600
2014-11-21,85.9618281386612,86.38599657360594,85.92587970884951,86.34285736083984,3640100
2014-11-24,86.03379587906316,86.46514999488264,85.94752834687837,86.41482543945312,4033900
2014-11-25,86.53700157599461,87.1840296682214,86.49386234754047,87.13370513916016,6770000
2014-11-26,87.45003097524946,87.61538612807072,87.32781504944711,87.3709487915039,4339100
2014-11-28,87.80230564853605,88.19052579511674,87.80230564853605,88.06111907958984,4562200
2014-12-01,88.39764083937,88.49131096073583,87.51856332499901,87.5473861694336,7728600
2014-12-02,87.07182192727907,87.0790290131045,86.67552016521242,86.69713592529297,5757200
2014-12-03,86.68268888652614,87.04296605480364,86.56019047129287,87.03575897216797,4868600
2014-12-04,87.00700311690198,87.76358795166016,86.91333296010426,87.76358795166016,4250500
2014-12-05,87.59779111032948,87.61940686099994,86.84120685250286,87.25192260742188,8030700
2014-12-08,87.48973576746873,88.51292195149792,87.2879813646906,88.31837463378906,6021800
2014-12-09,89.06050827408743,89.32711533784321,88.59935397278596,88.77228546142578,6639700
2014-12-10,88.75791325033009,89.63699071618649,88.68585889191787,89.42082214355469,6439200
2014-12-11,89.16140757027928,89.78829193115234,88.83716026140365,89.78829193115234,7863500
2014-12-12,90.39352882066225,91.04202874770283,90.08369027204247,91.0060043334961,9317400
2014-12-15,90.53046454710488,91.29425053774852,90.37914876579215,90.81868743896484,9387400
2014-12-16,91.7698251054211,92.02922517523487,91.04927057758167,91.94275665283203,7426400
2014-12-17,91.44561869925103,91.64737317777116,90.57374249259334,91.1141586303711,11558800
2014-12-18,90.01885837040514,90.14135129489193,89.49285125732422,89.49285125732422,12758200
2014-12-19,89.76664378275146,90.75379952092085,89.66576663428732,90.69615936279297,7894500
2014-12-22,90.39355743655766,90.92677171058664,90.2998873330958,90.81868743896484,4118800
2014-12-23,90.3935829432992,90.50166724541958,88.98129642180835,89.01732635498047,7406100
2014-12-24,88.8591725968771,89.58125267456089,88.76530417003036,89.50182342529297,4871400
2014-12-26,89.93506750634714,89.96394585881623,89.55236047321563,89.83397674560547,2921300
2014-12-29,90.19503450469874,90.7365946191433,90.12282208221197,90.50552368164062,4070700
2014-12-30,90.96764091329864,91.13371622840313,90.64270160755966,90.75101470947266,4372600
2014-12-31,90.76543506939723,91.10481348082101,90.72933438226555,90.9242935180664,4993300
2015-01-02,91.1914924809673,92.18074415772834,91.09040171213434,91.93523406982422,9432000
2015-01-05,92.43343023074009,93.60320698635824,92.39732954654994,93.37936401367188,9789500
2015-01-06,94.37591540425211,95.668445618123,94.00765833036066,95.0618896484375,18331300
2015-01-07,94.37587790009343,95.29292281936634,93.99317628379632,94.87411499023438,9762900
2015-01-08,94.13035747404206,94.13757430816938,93.45160045178244,93.61767578125,8055300
2015-01-09,93.29276880722618,94.67194476913822,93.17723331953218,94.64306640625,9398800
2015-01-12,94.59248987956414,95.53841301546898,94.53472215136271,95.18460083007812,6658100
2015-01-13,94.87410066825389,95.75503924170745,94.69358064939976,95.18460083007812,8260800
2015-01-14,96.55654488194536,96.84537249386447,95.82002014806432,95.90667724609375,12324500
2015-01-15,95.92837176038783,97.50250151747885,95.8056084141276,97.41585540771484,11454200
2015-01-16,96.99699111393608,97.24971245982422,96.05828507105198,96.17382049560547,9390500
2015-01-20,96.8525994288375,97.56023478398595,96.80927638926656,97.4519271850586,7758700
2015-01-21,97.62523940342267,97.90685023656634,96.00778683072842,96.32549285888672,9803900
2015-01-22,96.75871425299721,96.88868335660578,95.51673584531945,95.97886657714844,10200000
2015-01-23,96.97530367422802,97.56740328516292,96.86698511089224,97.31468200683594,7334600
2015-01-26,97.36527975625864,97.6180122029416,96.79484131515143,97.01868438720703,5966500
2015-01-27,98.00791540112719,98.29675401222104,96.86702767795596,97.1703109741211,8079600
2015-01-28,97.30031357385106,99.22104968094445,97.26420735777918,98.75891876220703,12230300
2015-01-29,98.28956701122067,98.68671338024298,97.81300238646489,98.10904693603516,8881400
2015-01-30,99.43767080218001,100.00810932147823,99.05495815335101,99.84925079345703,14871200
2015-02-02,98.90792964325554,99.79064945010145,98.87899289695463,99.4722900390625,13689900
2015-02-03,98.14820431755376,98.24949948392165,97.22207392780588,97.36679077148438,14008700
2015-02-04,96.58532207329094,97.67063166313402,96.31760486703173,97.53315734863281,11360400
2015-02-05,96.95436612851168,97.1207772477342,96.3104159294212,96.46236419677734,8334600
2015-02-06,95.54345480311721,95.7605190011785,94.48708159406897,94.75479888916016,13685600
2015-02-09,95.48553301876208,95.49276444108277,94.60281372070312,94.60281372070312,8025500
2015-02-10,94.16147388601325,94.40024335691325,93.65499820850192,93.85035705566406,8290700
2015-02-11,93.84313234063684,94.25555542483427,93.30771982614816,94.02401733398438,6506400
2015-02-12,93.81416285612292,94.45087030304673,93.66221465699316,93.7128677368164,12548300
2015-02-13,93.70563132745114,93.72010521409855,92.67820618229895,92.75056457519531,8325200
2015-02-17,92.46837780026603,92.5624359759703,91.1081196029337,91.3541259765625,14968800
2015-02-18,91.7593609331953,92.42501654150055,91.50612298657624,91.89683532714844,14009200
2015-02-19,91.73032278644854,92.21509285188034,91.2889633178711,91.2889633178711,8584800
2015-02-20,91.92576968300904,92.62036197956505,91.16605038837018,91.5567626953125,12502500
2015-02-23,92.02707480901263,92.73614107522563,92.00536948741863,92.60590362548828,7500500
2015-02-24,92.35987057354689,93.90824001845785,92.01980593277406,93.82141876220703,11958300
2015-02-25,93.66944493644837,94.34233148996081,93.39449634537607,94.2265625,8019800
2015-02-26,93.84313039229627,94.27725878345468,92.9025262383488,92.93870544433594,11020500
2015-02-27,93.3511219128882,93.78523923297762,92.8084669825193,93.72012329101562,9225100
2015-03-02,93.51857583435789,93.56932765807039,91.90193445415427,91.97443389892578,11324000
2015-03-03,91.98894902113211,92.33692762104799,91.61922279577128,91.64097595214844,8599000
2015-03-04,92.02517432092246,92.0976682301381,91.45971408573746,91.6699447631836,6478900
2015-03-05,91.72795685319555,91.9816883417168,91.27124017385728,91.55397033691406,6045000
2015-03-06,90.37957039049088,90.49556511620472,89.14715684991262,89.53137969970703,20022900
2015-03-09,90.38685544282467,90.52459784868877,89.98813033686811,90.35785675048828,8889100
2015-03-10,91.32199720111399,91.66272475327438,91.16975829011446,91.5467300415039,9277900
2015-03-11,91.53221178191022,92.40214979035123,91.43071919862314,92.21366119384766,6663100
2015-03-12,92.93861532045744,92.93861532045744,91.86569209992722,92.14842224121094,10295900
2015-03-13,91.89469081098643,92.49639528598716,91.69895115559595,91.86569213867188,7247200
2015-03-16,92.7501449584961,92.90237832981764,92.26442404452696,92.7501449584961,6374600
2015-03-17,93.19236739742293,93.59833781347275,92.9966277104474,93.51859283447266,6314000
2015-03-18,94.17832260410377,95.35273888046984,93.23588473678443,95.32374572753906,13981900
2015-03-19,95.11344805601557,95.41792576146369,94.43924979292194,94.83797454833984,9543800
2015-03-20,95.12802601281484,95.4759992305454,95.07002863288156,95.3382568359375,5953800
2015-03-23,95.47590143084858,95.51215113890854,94.96119318671381,95.22217559814453,5555500
2015-03-24,95.57022306541185,96.1574311840649,95.31648597277255,96.14292907714844,6713000
2015-03-25,96.21542647404299,96.24441962538397,95.30199287160825,95.33098602294922,5635800
2015-03-26,95.00472762194043,95.06997048626066,93.64906320162225,93.84480285644531,9536300
2015-03-27,94.26526513677992,95.06271470975098,94.22901541767011,95.011962890625,7907900
2015-03-30,94.89597473643721,94.96847417963974,94.30876685682743,94.54075622558594,7010600
2015-03-31,94.41751851717449,94.9394835488152,94.17828362251731,94.74374389648438,6844300
2015-04-01,95.40705118208405,96.24248501297755,95.38525802719276,95.98822784423828,9273900
2015-04-02,95.84289719498251,95.87196211631009,94.88396540654473,94.97113800048828,6663400
2015-04-06,95.4796856124169,95.51601123006549,94.2374315179992,94.44084167480469,5923800
2015-04-07,94.60787291553366,95.32707983372248,94.33182276396917,95.23263549804688,4764900
2015-04-08,95.18181447781075,95.42881086997193,94.45534667614685,95.26172637939453,5378900
2015-04-09,95.07281035910177,95.10913595575889,93.80876384155361,94.02669525146484,6484200
2015-04-10,94.67331613677561,94.76774944001396,94.11393266673022,94.16477966308594,4843000
2015-04-13,94.09939802389943,94.42630640297176,93.99769294852088,94.29554748535156,4010600
2015-04-14,95.392457517228,95.7920169089319,94.78948808702314,94.9638442993164,6075500
2015-04-15,95.20364278052251,95.36346664270759,94.67332419328456,94.88399505615234,4425200
2015-04-16,95.0437511281074,95.06554426785925,94.0121685347976,94.41172790527344,7085500
2015-04-17,94.27371833346973,95.67579570044161,94.22286027268997,95.49417877197266,7268800
2015-04-20,95.12373067096902,95.17457767155632,94.38999082730778,94.65151977539062,4949400
2015-04-21,94.60789691383,94.76772071396852,94.12116482614225,94.22286987304688,4563800
2015-04-22,94.07756594838534,94.11389154992486,92.65368993967299,92.78445434570312,9707600
2015-04-23,92.84258026825873,93.60537361948629,92.70454962274864,93.18402099609375,6843400
2015-04-24,93.45279564944164,94.02670020077625,93.41647005087243,93.76518249511719,4773000
2015-04-27,93.76518249511719,94.07755825577641,93.256646285181,93.76518249511719,4334900
2015-04-28,93.11135832990664,93.52545021548227,92.45027564369782,92.4720687866211,7464300
2015-04-29,91.39690410013269,91.85458232105637,91.01187708682221,91.33879089355469,11554800
2015-04-30,90.83751352724887,91.65841995752356,90.45248656842527,91.49859619140625,12876000
2015-05-01,90.79829617453723,91.02396160691946,90.04121841771544,90.26688385009766,12378500
2015-05-04,90.4852843849206,90.65271180489438,89.33510810574425,89.4151840209961,9144700
2015-05-05,89.43704771570465,89.56079941904189,88.58533697548484,89.29145812988281,13935500
2015-05-06,88.80370731034961,88.85466421271734,87.6244174115862,87.76272583007812,14355000
2015-05-07,88.39604743897816,89.22592012179551,88.33780939536996,88.9420166015625,11933700
2015-05-08,89.81560243191406,89.93935971457512,89.03668632450639,89.18228149414062,11716400
2015-05-11,88.53438443268152,88.55622231624345,86.99110919895762,87.01294708251953,13738600
2015-05-12,86.72902503420066,87.81368226678245,86.49607840262834,87.23859405517578,15861700
2015-05-13,87.82824720868643,87.8792041123234,86.36504818441645,86.53975677490234,15760000
2015-05-14,86.56886223672056,87.23130743410562,86.40143481695154,86.77268981933594,9128400
2015-05-15,87.63171289578447,88.74549496418662,87.56619924381869,88.51254272460938,12630600
2015-05-18,87.58801461773452,87.66809054103796,86.96925066356893,87.0274887084961,10208300
2015-05-19,86.09572273865554,87.23861833569609,85.99380890609555,86.25587463378906,8435300
2015-05-20,86.45968360693658,86.95469592401868,86.03019048455673,86.40145111083984,7789700
2015-05-21,87.04932972242666,87.79912652774354,86.9546915075397,87.60985565185547,11760700
2015-05-22,87.8282605144971,87.90105530873733,87.20949643262496,87.64627075195312,5417900
2015-05-26,87.966533067532,89.21134742287582,87.89373830299164,89.14582824707031,10469700
2015-05-27,88.9420380027637,89.43705038477195,88.52710156151315,89.34969329833984,6490300
2015-05-28,89.17497764270907,89.56079502470467,88.9711500110047,89.13130187988281,6237600
2015-05-29,89.70637681749902,89.95388017522468,89.18224552597925,89.32783508300781,7912000
2015-06-01,89.0827075684075,89.27967777460286,88.04677864367122,88.36776733398438,13108100
2015-06-02,87.66747109898154,87.73313158263797,86.89417238258842,87.13491821289062,10076200
2015-06-03,86.36892215980568,86.52212255404467,85.50078102658779,85.7342300415039,14810900
2015-06-04,86.27403653842889,87.02544995559788,86.18649112022905,86.8503646850586,10859300
2015-06-05,85.96765734699125,86.5002157346466,85.6320748206605,85.79257202148438,11200200
2015-06-08,86.0551755128506,86.20108454273772,85.62475639786945,85.69770812988281,5334000
2015-06-09,85.39859365617505,85.44966042209872,84.70554389494528,85.01924133300781,12393900
2015-06-10,84.5669054643874,84.7201057146007,84.08541975883968,84.27509307861328,12183600
2015-06-11,85.03384547656616,86.06248339726386,84.80039656465664,86.04788970947266,13849300
2015-06-12,85.7852589878418,86.86496368408655,85.75608274398157,86.04788970947266,7863100
2015-06-15,86.73362391625217,86.85764239827294,85.89466521189725,86.18647766113281,8194200
2015-06-16,86.5294152687207,86.8722947105363,86.04063228674934,86.86499786376953,7046400
2015-06-17,86.44913576686585,86.54397247749918,85.5372250520255,86.19380187988281,13626100
2015-06-18,85.62472646978283,85.89464834047357,85.17241698401733,85.7706298828125,10123300
2015-06-19,86.45639203223044,86.95247145090038,86.4417983507603,86.87222290039062,10439200
2015-06-22,85.96760688443155,86.18646758724161,85.05569656582111,85.09947204589844,9769000
2015-06-23,84.42836790231705,85.32568518211235,84.399186083302,84.58885955810547,8945100
2015-06-24,84.99734020375487,85.47882596718486,84.74200642270421,85.31832885742188,8600400
2015-06-25,85.05571441389041,85.41318734121613,84.76390750338949,85.01924133300781,8287800
2015-06-26,84.38457217456278,84.53048123468204,83.8082439102801,84.06358337402344,11673000
2015-06-29,85.32568043165817,86.57317390431767,84.96091606307249,86.28865814208984,17132900
2015-06-30,85.64666737756271,86.59505131354553,85.59560059305487,85.69043731689453,13469000
2015-07-01,84.67996178959187,85.07477492215695,84.3948199013134,84.53373718261719,12451500
2015-07-02,85.0455625420627,85.29415116603245,84.72386158567126,84.81159973144531,6682100
2015-07-06,86.3104325852707,86.74911218301023,85.5866053919811,86.383544921875,10605800
2015-07-07,87.4875461270104,88.09438344759029,86.96843578747418,87.1950912475586,16160100
2015-07-08,87.75077930010609,88.15290559371628,87.37059173187762,87.94818878173828,9951800
2015-07-09,86.78563109844397,87.0927117152179,86.16416811692866,86.21534729003906,11108900
2015-07-10,84.84083162579384,85.33800321267537,84.6361148979213,84.84814453125,13636600
2015-07-13,84.36559550448077,85.14790906649606,84.36559550448077,84.5849380493164,8006700
2015-07-14,84.8262340074311,85.00901765779697,84.5630306827694,84.86279296875,4227800
2015-07-15,84.89202550929727,85.94486095281385,84.84084631846596,85.76207733154297,8720400
2015-07-16,85.46230131513275,86.3908451458394,85.4476810812038,86.35428619384766,7306500
2015-07-17,86.54436656927457,86.92455393979172,86.53705366461698,86.80026245117188,7404900
2015-07-20,86.48590972701764,86.7491186208173,86.20076768842037,86.43473052978516,5941000
2015-07-21,86.03992508199748,86.95384338649774,86.02530484349592,86.90266418457031,5627500
2015-07-22,87.01233593336022,87.66304532318048,86.9684640614061,87.4437026977539,6228900
2015-07-23,87.44368458834442,88.61349866608583,87.33401329834383,88.53307342529297,9087700
2015-07-24,88.83286667006058,88.8694256365618,88.408807202353,88.75244140625,7307900
2015-07-27,89.33732479214052,89.41043712525106,88.81821997550814,89.22765350341797,8172000
2015-07-28,88.58424772041873,88.8840099276541,88.39415121210308,88.57693481445312,9128200
2015-07-29,88.48188760270216,88.59155888448376,88.04320805368882,88.2479248046875,6706400
2015-07-30,88.62081941559907,89.154550099175,88.57695312696221,88.92789459228516,6146600
2015-07-31,89.52009230910483,89.85641344339916,89.24225768390899,89.58589172363281,9178400
2015-08-03,89.62766138770891,90.6754670078559,89.62766138770891,90.52892303466797,11753700
2015-08-04,90.24317397933973,90.36040806010432,89.73025880389598,89.81085968017578,6448800
2015-08-05,89.22466579457016,89.3272532941791,88.79968599468064,89.1367416381836,7574400
2015-08-06,89.39316644232696,90.03064431388833,89.39316644232696,89.92806243896484,6118100
2015-08-07,90.34575261292444,91.22502775273642,90.30178494272734,91.1077880859375,8317000
2015-08-10,90.42635948166023,90.54359356593693,89.77422357486996,89.9793930053711,7461700
2015-08-11,91.07846116814166,91.68662362035181,90.97587928028483,91.40818786621094,11145700
2015-08-12,91.54005337602376,92.11158247004163,90.85861355078121,90.90990447998047,8455200
2015-08-13,90.73411438120532,91.16642314656976,90.28714785989527,90.61687469482422,7691400
2015-08-14,90.47031663173533,91.12977578950893,90.27247608925572,90.82935333251953,4324700
2015-08-17,91.37888285008262,91.66464749445687,91.14440915238337,91.23966217041016,7880300
2015-08-18,90.71214104490416,91.07117783193381,90.40438963715377,90.5216293334961,5024300
2015-08-19,90.1698812048396,91.54009028055276,90.11859025496233,91.41552734375,10736000
2015-08-20,91.86251245691284,92.39740310176751,91.72329174016924,92.33878326416016,9078300
2015-08-21,92.44134126300965,92.86632097424864,92.02367924611842,92.61719512939453,10718300
2015-08-24,94.01677583164418,94.4637424884271,92.19227598413705,92.58795166015625,16663400
2015-08-25,91.26167325513354,91.43752717796454,90.53626534165176,91.10047149658203,15354800
2015-08-26,90.12594883281152,90.4996433566695,88.92426996226439,89.34192657470703,16429900
2015-08-27,89.26132713594725,90.03069724045793,89.13676415606913,89.39321899414062,9127000
2015-08-28,90.23580997666103,90.47028363721296,89.56169890136088,89.65695190429688,9946200
2015-08-31,90.38973168165873,90.47033257015826,88.90961135675475,88.96823120117188,8617600
2015-09-01,89.32288319913017,89.65332569378232,88.83823383347838,89.60926818847656,15298200
2015-09-02,89.16130868636809,89.57253250604495,88.75009046911926,88.83821105957031,9515200
2015-09-03,89.13195384873794,89.3449077851671,88.63995972100294,89.27147674560547,7042500
2015-09-04,89.91768192809057,90.27015877781572,89.45506131510395,90.08657836914062,7951300
2015-09-08,89.13199220909898,89.26417037816803,88.67671620641907,88.75749206542969,7049500
2015-09-09,87.84692219374155,89.37431300884316,87.79551988758098,89.18338775634766,7441900
2015-09-10,88.86757692588935,88.99241582673953,88.44901393520506,88.58119201660156,6789700
2015-09-11,89.19805982606125,89.64599652145331,89.09525523391521,89.13931274414062,5890900
2015-09-14,89.55054987667704,89.69741761225248,89.05855556796965,89.27885437011719,4221700
2015-09-15,88.77216608296646,88.88966026559835,87.47241890157936,87.56787872314453,11895000
2015-09-16,87.35491532537947,87.70739223294112,87.05384631901444,87.2374267578125,6949800
2015-09-17,87.29616230550046,88.39030568010082,87.18601853165411,88.30218505859375,19843600
2015-09-18,89.00711406124428,89.73409082427118,88.94836699288707,89.66065979003906,14963300
2015-09-21,88.86026961126778,88.9337006600592,87.95705146408655,88.19937896728516,10085600
2015-09-22,89.17604584955595,89.87364935507514,88.95574705705988,89.42571258544922,9968200
2015-09-23,89.30820644756258,89.63864896891432,88.84558019475425,89.41835021972656,6769900
2015-09-24,90.4464334666887,90.82093923082104,89.9470943153229,90.02787017822266,9605800
2015-09-25,89.33024941917326,89.53585862984255,89.0512035454671,89.24947357177734,8383700
2015-09-28,89.73409171537182,90.88697633179396,89.73409171537182,90.7768325805664,9833400
2015-09-29,90.71812351631237,91.26886491288852,90.50516950401119,91.03388214111328,9006100
2015-09-30,90.62266456353149,90.90904964431358,90.4097105491802,90.71812438964844,9832600
2015-10-01,91.30383764931808,91.62760630091077,90.99478345795364,91.10515594482422,9069400
2015-10-02,92.41497218937506,92.87119910436405,91.37743139830843,91.65705108642578,13000400
2015-10-05,91.03895121479228,91.11989479788785,90.3472535461808,90.41348266601562,11362700
2015-10-06,90.17796803514804,90.95060329648653,90.07495000030292,90.80343627929688,5687800
2015-10-07,90.36932502774758,90.75196842851321,90.14857440182683,90.50177764892578,6712800
2015-10-08,90.72249718350216,90.78136623888895,89.52306965382239,89.74382019042969,12882300
2015-10-09,89.75119846363219,90.24421427103938,89.69968943321746,89.97930908203125,9038100
2015-10-12,90.53120553065251,90.8255452909648,90.44290753240361,90.66365814208984,4241000
2015-10-13,90.89911983596194,90.95062886786661,90.36195501953652,90.81817626953125,6147200
2015-10-14,91.02419752587309,91.64967145775182,90.72986345682723,91.61287689208984,9738100
2015-10-15,91.47306323163376,91.58344131329284,91.08306554195912,91.16400909423828,6924300
2015-10-16,91.42890626938245,91.5907933598196,91.14928668575772,91.19343566894531,8048300
2015-10-19,91.09045577674597,91.22290839583597,90.44291275789725,90.94328308105469,6238400
2015-10-20,90.36194344978365,90.48703599495508,90.17798184309765,90.38401794433594,6431300
2015-10-21,90.95799451314264,91.40686136772888,90.85497644298158,91.28176879882812,6603800
2015-10-22,91.3185335533254,91.81890931035989,90.88438688901871,91.43627166748047,6934100
2015-10-23,90.58272748809844,90.84763274875837,90.39876581342153,90.65631103515625,7058200
2015-10-26,91.14929397607426,91.3921190170897,91.10513937529312,91.2596664428711,5859800
2015-10-27,91.62026083880177,91.9072405608603,91.36271565414205,91.48780822753906,7156800
2015-10-28,91.44363403140326,91.49514305730435,90.72986770507755,91.11986541748047,8468700
2015-10-29,90.64155932820319,90.67099385774509,89.5525041914027,89.67024230957031,12108000
2015-10-30,89.94987123503083,90.36930349983326,89.78798411281532,90.34722900390625,11861400
2015-11-02,89.80662647439891,90.10160748921153,89.73288262726948,89.93199157714844,8751000
2015-11-03,89.71082917604947,89.7771970017273,89.0766214746206,89.19461059570312,8921600
2015-11-04,89.30522764065202,89.6297075637515,89.01024640386153,89.2978515625,5980800
2015-11-05,89.26835756224172,89.27572801401698,88.71526985894728,89.0618667602539,7268400
2015-11-06,88.11791791118722,88.14741659269887,87.56483029201479,87.7565689086914,10604700
2015-11-09,87.09285805686778,87.68282040345555,87.0191141701188,87.2624740600586,9159500
2015-11-10,87.38785808991925,87.91144711302363,87.29936203094279,87.52059936523438,6712500
2015-11-11,87.27721480219509,87.44683079414382,87.21821744618704,87.33621215820312,2857900
2015-11-12,87.57220636896726,88.08104877902132,87.53533161050315,87.7565689086914,6805700
2015-11-13,87.99252843027946,88.42025075461088,87.91878456001807,88.25801086425781,7906600
2015-11-16,88.33916561345232,88.4940294899038,87.8524457506344,88.17692565917969,5485300
2015-11-17,87.75659803778618,88.58991496847527,87.5058676011594,88.32443237304688,5122900
2015-11-18,88.18425392103626,88.63409877712874,88.0220140547346,88.50872802734375,5233900
2015-11-19,89.14297720574444,89.34209190836128,88.99548941782702,89.0987319946289,6643000
2015-11-20,89.17986821973795,89.26098820576695,88.7005243821937,88.82588958740234,5971000
2015-11-23,88.88487076373971,89.31996930280351,88.73000689853687,89.0987319946289,5436300
2015-11-24,89.15774308209319,89.3789747980179,88.92175920932725,89.09136962890625,3371500
2015-11-25,89.35684893511792,89.5412115048246,89.1946089735682,89.2978515625,3280900
2015-11-27,89.41584338644961,89.46746467922901,89.201982137421,89.20935821533203,2570600
2015-11-30,89.30522513890485,89.62232897496911,89.27572645342224,89.5633316040039,5179800
2015-12-01,89.61283484994473,90.7878643463102,89.61283484994473,90.77308654785156,12766600
2015-12-02,90.64744295854247,90.92826619615214,90.30010554151862,90.8026351928711,7345800
2015-12-03,89.68673993643388,89.7163011731682,87.93527471797371,88.33434295654297,16612200
2015-12-04,88.33434642590584,89.36896719932463,88.29000738817761,89.11031341552734,11843800
2015-12-07,89.2802626064556,90.49963660288394,89.27287652738129,89.97493743896484,9016700
2015-12-08,90.3666245666956,90.47747778642777,89.75324163730939,90.019287109375,7257500
2015-12-09,89.67937985997534,90.27059352680557,89.05861058421183,89.92325592041016,8993900
2015-12-10,90.00453369363257,90.18189551031428,89.78282719410755,90.0414810180664,5606900
2015-12-11,90.92086747843916,91.71161202383742,90.80262820158086,91.4603500366211,12300000
2015-12-14,90.95783795023526,91.00956870099627,89.97494804754706,90.27794647216797,10661100
2015-12-15,89.43547469306637,89.86410418011069,89.2950658625191,89.74586486816406,8795500
2015-12-16,89.47244944158979,90.2853639382422,89.05121157089158,89.55374145507812,10988600
2015-12-17,89.99708030140934,90.73609394243024,89.89361884272455,90.56612396240234,9923000
2015-12-18,90.9578342238102,91.2829965131741,90.7656890267574,91.06868743896484,10171700
2015-12-21,91.21649975147872,91.47515352810312,90.83960102655205,91.04652404785156,7494900
2015-12-22,90.64009222128382,90.75094547827402,90.15234014581927,90.38882446289062,5445800
2015-12-23,89.59066877415694,89.87149206148973,89.32462328585038,89.70890808105469,7287100
2015-12-24,89.95629693728716,90.25252362433521,89.90445769080782,90.222900390625,3364600
2015-12-28,90.34133246932348,90.84491583455748,90.23765403972095,90.48944854736328,7586600
2015-12-29,90.11916804715915,90.15619282963225,88.8750212250378,88.9861068725586,7787500
2015-12-30,88.80837765633954,89.26752908151596,88.62323677280813,88.89724731445312,5508900
2015-12-31,89.28973481230501,89.50449889050277,89.05275473464728,89.2971420288086,7897700
2016-01-04,90.29690208176984,90.68199259144176,89.84515792327831,89.9414291381836,10591900
2016-01-05,89.51933631279043,89.9784878320428,89.35641704794526,89.57858276367188,6242600
2016-01-06,90.57091660990436,90.80789669945393,90.38577573837966,90.78567504882812,8916900
2016-01-07,90.85233717028817,91.03747805907257,90.19323605821978,90.9486083984375,10202200
2016-01-08,90.66722485254463,91.43741187059517,90.51911435486517,91.35594940185547,9577200
2016-01-11,90.37837902805978,90.93380170720219,90.24507735906353,90.35616302490234,10040300
2016-01-12,90.6005322800956,92.06685043788845,90.45982906271789,91.65953826904297,12897700
2016-01-13,91.48181952180826,92.94073070055838,91.28927140607148,92.56304168701172,15577600
2016-01-14,92.17796175822701,92.54824359663874,91.3411211873829,91.69659423828125,12873800
2016-01-15,92.86670406183383,93.2814179925872,92.6297238656814,93.12590026855469,13976300
2016-01-19,92.66673451196134,93.36286620372488,92.5334328188588,92.83706665039062,8926600
2016-01-20,94.03673118859537,94.73285685499144,93.62201189473109,93.81455993652344,17283300
2016-01-21,94.0071524462342,94.26634859622513,93.06663343762844,93.17771911621094,11001600
2016-01-22,92.50378299008152,92.96292871175137,92.21495804735115,92.82221984863281,10164300
2016-01-25,93.27398169766636,93.510961819949,93.0518160111805,93.32582092285156,5738200
2016-01-26,93.30359323457222,93.65165898153457,93.1258595776312,93.37024688720703,5692600
2016-01-27,93.12586639474831,93.52577138967827,92.71115261484385,93.34803771972656,7957800
2016-01-28,92.97035543607863,93.61464780496686,92.91110899180231,93.4813461303711,10575400
2016-01-29,94.35522802667947,94.68847944683722,93.99234772911325,94.27376556396484,13170700
2016-02-01,94.07414564080187,94.28189582419661,93.70316155309183,93.985107421875,9948400
2016-02-02,95.04612751667352,95.74356808939977,94.9719261707383,95.7287368774414,10400000
2016-02-03,95.17966528038247,96.4113350217863,94.9125563162411,94.934814453125,13309000
2016-02-04,95.13520395192666,95.40972867973618,94.60840698527618,95.3948974609375,9953500
2016-02-05,94.89034463735753,95.71393006989028,94.66775183800326,95.50617980957031,9200800
2016-02-08,96.24812202770867,97.6652840984313,96.2184369577306,97.56140899658203,14452200
2016-02-09,97.96950453709468,97.98434707542604,97.16818861183333,97.6653060913086,15232100
2016-02-10,97.71724282260641,98.56308640466571,97.27948415328189,98.52598571777344,12797100
2016-02-11,99.75021383695088,100.35120631099036,98.68919334698106,99.21599578857422,21620200
2016-02-12,98.41466042374265,98.77822891316826,97.14588983536844,97.56881713867188,13888400
2016-02-16,96.9901225972335,97.01238074636599,96.3149285494389,96.53752136230469,11766000
2016-02-17,96.18874426479614,96.32972001558414,95.49871936445663,95.94389343261719,13157300
2016-02-18,96.01816174709822,97.19788913469256,95.98106105182224,97.12368774414062,10196700
2016-02-19,97.1532988362901,97.80623434693005,96.99748056342047,97.20523071289062,8188700
2016-02-22,97.2719462799846,97.27936187942609,96.97515247943713,97.15322875976562,5054300
2016-02-23,96.36679776375672,97.74685855771757,96.29259644261165,97.54652404785156,8320700
2016-02-24,98.23661640045017,98.97116922786446,97.16076443252895,97.35368347167969,9091200
2016-02-25,97.55398592818524,98.35531302624396,97.43527960818713,97.70237731933594,6097200
2016-02-26,96.68587707945164,97.05686118999918,96.48554248972574,96.76007843017578,9245000
2016-02-29,96.80459132406979,97.32396679635214,96.76749065000615,97.18299102783203,8016100
2016-03-01,97.24839631417883,97.27069667356326,95.38995741207033,95.47171783447266,13729100
2016-03-02,95.39000068219245,95.87319047871736,95.30822887968651,95.86576080322266,7047700
2016-03-03,95.94750641784647,96.59423964286411,95.72449144069844,96.2151107788086,6394800
2016-03-04,95.70960054841461,95.99208688270923,94.97366035357837,95.59809875488281,8687000
2016-03-07,95.48663334756651,95.65017695516785,95.18928752084564,95.56840515136719,5493300
2016-03-08,96.89904970653386,97.37480981214097,96.60169255114464,96.62399291992188,7175400
2016-03-09,95.95495610802823,96.40841583038527,95.75424145242357,96.03672790527344,7194700
2016-03-10,96.26714828824285,96.51989329115541,95.09261338039856,95.64271545410156,10091600
2016-03-11,95.76171039147499,95.8063111406101,94.56486879842636,94.67637634277344,8927000
2016-03-14,95.01828694782078,95.44201089315241,94.89934977849433,94.97368621826172,5177000
2016-03-15,95.52376877421436,95.6427115977347,94.86216491502394,95.06287384033203,6413200
2016-03-16,94.96624989129332,95.53865238175037,94.68376915449413,95.34536743164062,9728900
2016-03-17,95.53124314516377,96.14824656997676,95.51638379253016,95.73938751220703,7805500
2016-03-18,95.92516990227827,96.27455729607838,95.67242495361734,95.9400405883789,8198600
2016-03-21,95.33794954270103,95.61299496814716,94.96626163025384,95.20414733886719,5514800
2016-03-22,95.76909691081234,95.91034011476873,95.09262227239671,95.18182373046875,4997900
2016-03-23,95.45685763020482,96.50501988387322,95.36764485045998,96.25970458984375,10628200
2016-03-24,97.06999970500449,97.11460043186412,95.89546474464497,96.29688262939453,6343300
2016-03-28,96.17796343648584,96.75779564582659,96.10362132020548,96.42327880859375,5058700
2016-03-29,96.92133405360178,97.44912448477012,96.65371832949788,97.43426513671875,9396700
2016-03-30,96.66114651841336,96.69088790008674,95.88059972318489,96.40840148925781,8478700
2016-03-31,96.62400805828379,97.24101149149152,96.48276480522188,97.09233856201172,7832300
2016-04-01,97.56905039758786,97.6807945669908,96.76454011723284,97.34557342529297,9341400
2016-04-04,97.42751318623,97.56160391426153,97.04016523082964,97.40516662597656,5145100
2016-04-05,98.33632246460446,98.59704751946468,98.16499502751718,98.47041320800781,6482800
2016-04-06,97.97874886699485,98.08303659730126,97.39027053880375,97.7552719116211,6393700
2016-04-07,98.47038913803131,99.06632385596221,98.33629842740493,98.9620361328125,5963300
2016-04-08,98.45551585015487,98.62684329444555,98.060711401804,98.3363265991211,5584800
2016-04-11,97.82236868409655,98.46298549365679,97.66593133225166,98.209716796875,4805500
2016-04-12,97.6435511204794,97.99366240808499,97.23384521301419,97.53180694580078,4276000
2016-04-13,97.35301967649988,98.01599409285865,97.22638539096054,97.87445831298828,5207900
2016-04-14,97.51691079375462,97.81487250814119,97.2040475836955,97.40516662597656,6967000
2016-04-15,97.79995500458134,98.44803924538549,97.77016338462329,98.23946380615234,5831100
2016-04-18,97.82978949852102,97.91173068793215,97.33069729629419,97.81488800048828,4486600
2016-04-19,97.64353590584795,97.81486330717875,97.05504623050122,97.50944519042969,5212200
2016-04-20,97.7031294099679,98.06813076664743,96.29523942982354,96.43677520751953,10920700
2016-04-21,95.6769760277436,96.14627656437128,95.56523185084991,95.86320495605469,11154200
2016-04-22,95.98239101418895,96.02708413685916,95.52799198952286,95.61737823486328,5826400
2016-04-25,95.39390739281781,95.73657363285614,95.22257995605469,95.22257995605469,5539500
2016-04-26,95.17045128011658,95.17045128011658,94.69370558730661,94.79054260253906,7840000
2016-04-27,95.28961828352536,95.96004925667482,95.0661469757315,95.736572265625,8380100
2016-04-28,95.50562136350939,96.19838732336324,95.37897572583971,96.13134765625,7974600
2016-04-29,95.68443490054042,96.62303610923934,95.49820594535583,96.37721252441406,7416300
2016-05-02,96.03380646175881,96.21293886549485,95.39188877311646,95.40681457519531,11035200
2016-05-03,96.69818972037879,97.04900613209438,96.54890880653048,96.60861206054688,10736700
2016-05-04,96.79516312254232,97.16091084247272,96.42942679200937,97.13851928710938,7211200
2016-05-05,97.07878757367065,97.83267443608021,96.81007756725253,97.78787994384766,7870400
2016-05-06,97.6684383460041,97.67589839819493,97.25043624607102,97.36986541748047,7232500
2016-05-09,97.37741022080324,97.69836354769772,97.2729124644421,97.67597198486328,4950800
2016-05-10,97.66848290394823,97.87000690957345,97.51919067688056,97.68340301513672,4331900
2016-05-11,97.65356784170424,98.5268728479467,97.52667853885532,98.23577117919922,9256000
2016-05-12,97.52664138083267,97.90730914434359,97.47438683459242,97.78787994384766,6087400
2016-05-13,98.13872034196397,98.76571810473685,97.95211644112165,98.73585510253906,8707300
2016-05-16,98.25815655869067,98.27308806085128,97.76551949198196,97.88494873046875,5137000
2016-05-17,97.93722888458115,98.40000306789271,97.93722888458115,98.04918670654297,4449100
2016-05-18,97.6386056974783,97.66846869430624,96.22042086184784,96.6533432006836,12681000
2016-05-19,96.7951609759096,97.28033790661634,96.77276942104284,97.07134246826172,6209400
2016-05-20,96.77277305397469,97.33258472545405,96.698138331416,97.14598083496094,5348900
2016-05-23,97.30274265784824,97.57891279825785,96.97431795606455,97.36245727539062,6979700
2016-05-24,97.0116563593305,97.17586873619462,96.46677604849982,96.92955017089844,5968200
2016-05-25,96.90713792281058,97.22063110552095,96.51899862495092,96.56378173828125,6367400
2016-05-26,96.89219328732716,97.36989874709036,96.88473323258275,97.0638656616211,5419300
2016-05-27,97.08631628202728,97.22812572819058,96.8101346693043,96.92210388183594,5267600
2016-05-31,96.3024989341304,97.36240722449551,96.27263594601145,97.15341186523438,8344300
2016-06-01,97.70469717822836,98.18338464835398,97.31576004224831,97.54762268066406,9874900
2016-06-02,97.90665512496713,98.49754204444712,97.88421753691719,98.25071716308594,5835400
2016-06-03,99.37264567413663,99.64938354492188,99.17818276666758,99.64938354492188,11077200
2016-06-06,99.31280063930065,99.39507559627067,98.8042001146215,98.9089126586914,7573700
2016-06-07,99.20806123061986,99.46236142409734,99.13326168533438,99.14822387695312,4680200
2016-06-08,99.38008873759335,99.79893880992759,99.26042544036109,99.67927551269531,5313200
2016-06-09,100.46461441267839,100.62915285546266,100.17290305819647,100.32250213623047,6820300
2016-06-10,100.81619884282742,101.22009832760668,100.41978616398247,100.80872344970703,6984600
2016-06-13,101.04057252390187,101.2649598281454,100.80123443543785,101.25748443603516,7283300
2016-06-14,101.86329244067592,101.88573002327084,101.13778016928283,101.18265533447266,9012500
2016-06-15,101.36213873385513,101.89317658878903,101.20506428731622,101.57156372070312,7953200
2016-06-16,102.2746104769335,102.88792308273261,101.85574920401378,102.065185546875,10372700
2016-06-17,101.87076152441448,101.92312348910058,101.16768687913932,101.42947387695312,8489900
2016-06-20,100.40476990053531,100.63663247701531,100.23273325563181,100.34493255615234,7365900
2016-06-21,100.4421649996076,100.65907681416309,99.8213767621599,99.8812026977539,6005800
2016-06-22,99.85133634189454,100.21783599213649,99.66434882065504,100.0457992553711,5773700
2016-06-23,99.18562227786228,99.71667165130509,98.7892098015097,98.90139770507812,9029100
2016-06-24,102.1774481127296,102.1774481127296,101.19763545646005,101.55664825439453,17155000
2016-06-27,103.54618574396325,104.40632356186161,103.51626135685859,104.0921859741211,16577100
2016-06-28,104.29408932676404,104.63813973601174,103.87523939578179,104.30905151367188,14006400
2016-06-29,104.47360863645875,104.81019513176406,103.4115214318064,103.50875854492188,12999800
2016-06-30,103.82294602272435,104.66813324278849,103.28442106639473,103.8902587890625,14698500
2016-07-01,105.51248760439466,105.51998817459382,104.29858434691964,105.33265686035156,15430200
2016-07-05,106.2918010474553,107.08608405599189,106.17939538935482,106.65147399902344,8840800
2016-07-06,106.99617129537819,107.15353466386779,106.37424126082009,106.8238296508789,14352800
2016-07-07,106.47163526732433,107.29589771833345,106.23934624034831,106.81632995605469,9676400
2016-07-08,107.09364767368471,107.61817347488915,106.67402703272116,107.60319519042969,10355300
2016-07-11,107.19098441883905,107.50569966681475,106.5840327667576,106.6589584350586,8099000
2016-07-12,105.22026336793456,105.54996834850006,104.63579051467657,104.90554809570312,15810600
2016-07-13,105.93211944638574,106.23185644206822,105.61740417626709,106.14192962646484,8181700
2016-07-14,104.36604620947503,104.78566662582784,104.22367254668414,104.59833526611328,10817000
2016-07-15,104.07375156025628,104.23860397934354,103.54172576523972,103.69908905029297,9958600
2016-07-18,104.20874727101041,104.35110957240822,103.20464198256337,103.6017837524414,5955900
2016-07-19,104.11125444830803,104.38850113834162,103.70661240111697,104.1861801147461,8073900
2016-07-20,103.57928405429045,103.7890943269668,103.33950578571847,103.61675262451172,6942500
2016-07-21,102.68755259374383,103.87148815324052,102.65009546902837,103.82653045654297,10398400
2016-07-22,103.35447998058216,104.33610617284013,103.30952227161498,104.00640106201172,5811400
2016-07-25,104.11132270590777,104.35110100302799,103.8490541169352,103.93148040771484,4243800
2016-07-26,104.54589043382668,104.54589043382668,103.7516072828281,104.0962905883789,5243400
2016-07-27,104.56840301479956,105.39265441894531,104.45599730027782,105.39265441894531,8508100
2016-07-28,104.75573079965402,105.535024464442,104.68829423356514,105.19783020019531,7336100
2016-07-29,105.2428023791778,106.16446987717234,105.07046065310166,106.07455444335938,8766700
2016-08-01,104.93203284750236,105.47253358008822,104.80441620990351,104.92453002929688,9809300
2016-08-02,103.46807522685612,104.54156131686537,103.22034502423723,103.84342193603516,10051200
2016-08-03,104.04617523335955,104.1812946320634,103.52819462896923,103.9035415649414,4930600
2016-08-04,104.69174888716574,105.21723218846452,104.54911525081103,104.68423461914062,5646000
2016-08-05,104.38397971655249,104.48156212561129,103.46062950974168,103.59574890136719,7778600
2016-08-08,103.29546726057784,104.00110978194773,103.08527392150121,103.7909164428711,5185200
2016-08-09,104.12875167398875,104.88694835846701,104.06118052018026,104.81187438964844,5503200
2016-08-10,105.02203644223644,105.47996002425982,104.69924367285857,105.21722412109375,5843500
2016-08-11,105.14217053609083,105.15718761922092,104.00111276644596,104.27887725830078,7624600
2016-08-12,105.40485756405445,105.74266728556027,104.99947673451017,105.1571273803711,7989600
2016-08-15,104.60167883415787,104.81938646636935,104.15877220956094,104.16627502441406,5108600
2016-08-16,104.33136460492722,104.4589811072415,103.76834455989068,103.88845825195312,6182700
2016-08-17,104.068743245364,104.67680373000384,103.971149331395,104.51165008544922,5002000
2016-08-18,104.4966176203383,104.9170044883815,104.18883028670558,104.67678833007812,3805200
2016-08-19,104.07615383873335,104.3839409449076,103.67078435974561,104.12870788574219,5516300
2016-08-22,104.8343284259189,105.2021723145405,104.62413519089861,105.00699615478516,5549700
2016-08-23,105.29979186005697,105.54000784965062,104.84937112939072,105.11962127685547,6841400
2016-08-24,105.1722097576485,105.239769452964,104.63921210035357,104.8719253540039,6027800
2016-08-25,104.54162738921815,104.93199142079037,104.31642838511857,104.47406768798828,5855500
2016-08-26,104.8943979519447,105.61506874103766,103.76085490787172,103.86595153808594,12962500
2016-08-29,104.63174431768131,105.35991849013725,104.50412769890937,105.25482177734375,7310400
2016-08-30,105.22472731734865,105.29228699657963,104.84938049316405,104.84938049316406,5161800
2016-08-31,104.84189532885854,105.22474503029022,104.60166782269735,104.9995346069336,7349700
2016-09-01,104.25051142685079,105.36356803972708,104.21291762245276,105.11538696289062,9149100
2016-09-02,104.50617657813034,104.5738591682611,103.91204324116354,104.25799560546875,8397000
2016-09-06,104.31816078623753,105.34847845615108,104.16773973106926,105.01757049560547,8542600
2016-09-07,105.56654755703015,105.60415281260475,104.94233703613281,104.94233703613281,5421800
2016-09-08,104.43092946672294,104.73927645887794,103.22763028907545,103.626220703125,14301500
2016-09-09,102.33270224353873,102.3702960236397,101.83634041066726,101.9190673828125,13347700
2016-09-12,101.76875384187092,102.1523002697287,101.64842150059346,101.9718017578125,9096600
2016-09-13,102.18226390222182,102.2800352551439,100.29459973568213,100.81352233886719,15645400
2016-09-14,100.81355679676966,101.46032828802772,100.81355679676966,100.9639663696289,7037700
2016-09-15,100.48267214950894,100.81358017183389,100.04647625421855,100.52779388427734,9874500
2016-09-16,101.2121400070387,101.38511042953823,100.94139820527188,101.3399887084961,7507900
2016-09-19,101.16704704112304,101.43026098052121,100.96398776320305,101.00910949707031,7105900
2016-09-20,101.64087594257418,101.96426761927273,101.27989045682469,101.36261749267578,6054800
2016-09-21,101.22721234738155,102.197364044118,100.9113372618684,102.18231964111328,10698100
2016-09-22,102.78401492627694,103.25028834570323,102.65616613306399,102.99459075927734,12426200
2016-09-23,103.0547003422753,103.28783692398957,102.81404729762428,102.89677429199219,5928800
2016-09-26,103.08481315375653,103.6563743089971,103.0472078792826,103.55108642578125,8661300
2016-09-27,104.22795717323564,104.38589476871458,103.74663939606693,104.31068420410156,9450400
2016-09-28,104.16025541163341,104.64908956523497,103.94967964003408,104.08504486083984,7958700
2016-09-29,103.45328361049697,104.58890058716406,103.37055662196835,104.34823608398438,8319800
2016-09-30,104.19788960021529,104.26557222939898,102.93442314450941,103.41574096679688,11747100
2016-10-03,103.72988265914934,103.79769855730626,103.03674416998587,103.07441711425781,7588800
2016-10-04,102.93123007568492,103.09698177437076,101.831254071131,101.86892700195312,12048700
2016-10-05,101.7258058603596,101.7710087918103,101.04772740009572,101.39430236816406,8917700
2016-10-06,100.934708588982,101.47716669701515,100.71621245026972,100.82923126220703,7839900
2016-10-07,100.90458657014763,101.17581568042215,100.27172247823002,100.89705657958984,9953200
2016-10-10,100.09085663497977,100.32441267388747,99.83468764428375,100.30181121826172,6089100
2016-10-11,100.09842238655278,100.61827904401432,99.87993773871871,100.07582092285156,9670400
2016-10-12,99.95525572289483,100.2189547510423,99.63129379887373,100.17375183105469,7582400
2016-10-13,100.68608485834297,100.90456950926537,100.48266018598979,100.55047607421875,7080600
2016-10-14,99.65390531023523,100.1662204499881,99.0963757497695,99.1415786743164,11415100
2016-10-17,99.52585132131316,100.00803513022204,99.5183098345658,99.77446746826172,10595900
2016-10-18,99.34499886172793,100.12101302131528,99.32239740047125,100.0984115600586,7151000
2016-10-19,99.72924504017466,100.40732343328182,99.69158359847418,100.1812973022461,6941300
2016-10-20,100.68610450700311,100.76898038997435,100.12857479463584,100.28679656982422,6082300
2016-10-21,100.59568360457786,100.74636387033188,100.10595837066808,100.43746185302734,9222700
2016-10-24,100.51279201189338,100.54292346186412,99.66896196256053,100.0004653930664,6507500
2016-10-25,99.84980367940736,100.62581799201662,99.81967222384532,100.2641830444336,5134700
2016-10-26,99.79707916745625,100.0532367979055,99.44297417988341,99.58611297607422,5842500
2016-10-27,98.7498254290936,98.7498254290936,97.98887111106696,98.5011978149414,10044700
2016-10-28,98.23748140359956,98.64431920291588,98.19227848102724,98.28268432617188,7541000
2016-10-31,98.6142079246399,98.91556846754183,98.47859912918437,98.88543701171875,7047500
2016-11-01,98.25131326271999,99.33829948728226,98.03995610995521,98.89292907714844,12622400
2016-11-02,99.11186210390193,99.72328909907263,98.90804926614392,99.3232192993164,8666200
2016-11-03,98.69671963516339,98.92317712724014,98.46271778332314,98.56085205078125,6085400
2016-11-04,99.08921961898896,99.48173355132836,98.9835410190355,99.44400024414062,7622600
2016-11-07,98.69669839428751,98.88541101072018,98.46269659280763,98.59856414794922,5386700
2016-11-08,98.90051087745351,99.04393430830582,97.91165861391889,98.19849395751953,7576500
2016-11-09,96.03209350752293,96.14532224845404,93.76754172511274,94.03173828125,31233500
2016-11-10,93.57884316008312,94.32614374821149,92.63527977540704,92.64282989501953,22961200
2016-11-11,92.81640926371068,92.8843487979096,91.82755703177982,92.1219482421875,10040200
2016-11-14,91.54827825540455,92.58997575109336,91.13311388805211,91.5709228515625,21174400
2016-11-15,92.25784370723696,92.70320280873675,91.92570759150613,92.02384185791016,11963700
2016-11-16,92.3181906037228,92.95226206809552,92.22005638253378,92.85413360595703,9149500
2016-11-17,92.05406081803673,92.17483972096016,91.32940467766132,91.48792266845703,11221600
2016-11-18,91.8124840727765,92.06913629291928,90.83872602636339,91.22370147705078,13577700
2016-11-21,91.49543109516875,91.69924396121073,91.25387915845221,91.45014190673828,6488100
2016-11-22,91.83513783505518,91.91062175234742,91.24634945844664,91.41996765136719,9989900
2016-11-23,90.57450110006185,91.26896786960378,90.015913396759,91.06515502929688,13563500
2016-11-25,91.48035425436866,91.5558381693221,90.88402153584546,91.20105743408203,3126300
2016-11-28,91.64641205005391,91.88796400626148,91.40485433479343,91.87286376953125,8555000
2016-11-29,91.66904529835944,92.39370107727683,91.49542715177142,92.25782775878906,8363000
2016-11-30,90.5594298659531,91.34447520238653,90.18955467443027,90.76323699951172,21163500
2016-12-01,89.63850439809069,90.00156319784175,88.98045238880798,89.8049087524414,21715700
2016-12-02,90.13771597351489,90.9243511046416,90.11502551879171,90.46295928955078,12487500
2016-12-05,89.95617856260759,91.06805691085869,89.593114007187,90.3646240234375,12100100
2016-12-06,90.26632920970061,90.7201615385908,90.0999305625877,90.29658508300781,11526600
2016-12-07,90.62935289094027,91.23445854171852,90.62935289094027,91.06805419921875,10392200
2016-12-08,90.12258637998582,90.24360405597524,89.8427239875172,89.99400329589844,12041100
2016-12-09,89.73682163254992,89.90322596837886,88.70814552989373,88.87454986572266,14646400
2016-12-12,88.70058810965334,89.10147394148211,88.40560067710899,89.04096221923828,9496300
2016-12-13,89.55526456457629,89.62333589688852,88.82914149967996,89.35860443115234,12189200
2016-12-14,90.06967165497454,90.1679989118721,88.34512732958592,88.3602523803711,16618400
2016-12-15,88.91990210916825,89.47206124821167,88.51902221335533,88.80644989013672,12400500
2016-12-16,88.9577329331654,89.19220857200737,88.34506780162933,88.60223388671875,14924600
2016-12-19,89.23761997460076,89.69144633750543,89.05608481286666,89.5552978515625,10868300
2016-12-20,88.97288319046045,89.17710880599658,88.78378839052013,89.1090316772461,7030600
2016-12-21,89.19223922238812,89.55530379925348,89.04853108986524,89.50235748291016,4624700
2016-12-22,89.12999880939904,89.48642873092359,89.10724894816545,89.34233856201172,5177800
2016-12-23,89.66840685018077,89.78216190848308,89.44848194701568,89.52432250976562,4461600
2016-12-27,89.04655517843298,89.25889487473138,88.9024708335578,89.23614501953125,5276600
2016-12-28,89.3802519593292,90.15377611071919,89.2589116610118,89.88835144042969,7578600
2016-12-29,90.0930912436315,90.44951527071878,89.98692139967827,90.20684051513672,8581400
2016-12-30,90.07794385251329,90.73771872508054,90.03244413227556,90.34336853027344,10613900
2017-01-03,89.79731632669046,90.99551947450622,89.622891163613,90.73009490966797,13217300
2017-01-04,90.82114763387548,91.18515700308762,90.586052222692,91.07898712158203,6699600
2017-01-05,91.34440474481778,92.54261421273026,91.13206499826603,92.50469970703125,13265800
2017-01-06,91.86008900270568,92.17101919131954,91.57191446038541,91.65533447265625,8369300
2017-01-09,92.4288599406043,92.51986516956944,92.1103503179626,92.39094543457031,8839100
2017-01-10,92.1785916577665,92.4516015172892,91.97383137021282,92.33026123046875,8417900
2017-01-11,92.47433434566301,93.04310381729374,92.07240484477553,92.64117431640625,9402500
2017-01-12,93.12656481296071,93.38440430978382,92.39095504664509,92.43645477294922,9977600
2017-01-13,92.01174482949412,92.33025438003102,91.47331036477996,91.99657440185547,9820000
2017-01-17,93.13413625663313,93.23272670293706,92.5122816452305,92.959716796875,7853300
2017-01-18,92.34541479270354,92.48950491955733,91.69323107968204,91.7690658569336,9064700
2017-01-19,91.37475333820252,91.44300871587662,90.66189919587055,91.13966369628906,11795600
2017-01-20,90.88178577573647,91.23821561184764,90.46469158614785,90.95762634277344,16953200
2017-01-23,91.26097066654123,92.42126544992442,91.018295881338,91.86766052246094,13118400
2017-01-24,91.5870801718162,91.86009007227698,90.85147626950021,91.23823547363281,8395000
2017-01-25,90.45711078337207,90.69978556658462,89.91109107468802,90.09310150146484,11115100
2017-01-26,90.17651185227027,90.44193646397528,89.73666204668905,90.39643096923828,7827900
2017-01-27,90.54809952591017,90.87419424895579,90.43434447632269,90.72251892089844,7197800
2017-01-30,90.57846470273363,90.91213896373961,90.39645424855863,90.44953918457031,6569500
2017-01-31,90.49505277330127,91.30649731670808,90.43438261649104,91.07898712158203,13298500
2017-02-01,90.51580810546875,90.84260764877052,90.12061148949638,90.51580810546875,10975500
2017-02-02,91.14661023921195,91.3062092107313,90.43981148058187,90.47781372070312,6978600
2017-02-03,90.7742358386094,91.10103547285965,90.03703625913819,90.43983459472656,10275600
2017-02-06,91.01744593188431,91.29864173994189,90.5310472277702,90.98704528808594,8433800
2017-02-07,91.03260902807085,91.96740962780423,90.79701137538495,91.65580749511719,8418400
2017-02-08,92.27900794049162,92.92500544605647,92.27141213099087,92.90220642089844,15734200
2017-02-09,92.27144333005472,92.4082375272561,91.70144431506303,91.83064270019531,16890600
2017-02-10,91.28341227331711,91.92180817399233,91.28341227331711,91.77741241455078,7978500
2017-02-13,91.38981922618873,91.51142176885571,91.10861769501763,91.48861694335938,11536800
2017-02-14,91.38223411013544,91.42783797103021,90.31063905154359,90.82743835449219,13210500
2017-02-15,90.25744929217709,90.6070480063436,90.17384896940574,90.4094467163086,8481000
2017-02-16,90.60703575759929,91.3594327624983,90.53103705580745,90.90343475341797,10005800
2017-02-17,91.66340100967986,91.73179807764872,91.29859925219756,91.44300079345703,7886400
2017-02-21,90.95660196966409,91.66340066095623,90.89580071059382,91.28340148925781,8703800
2017-02-22,91.80782061303572,91.82301803168741,90.88821733057809,91.43541717529297,8101500
2017-02-23,91.63302382756234,91.76222218789275,91.45062580131186,91.70902252197266,5330800
2017-02-24,92.22585314835291,92.826252895684,92.15745603960502,92.72745513916016,11336000
2017-02-27,92.57542590044667,92.64382878831427,92.13463112731935,92.18022918701172,11039800
2017-02-28,92.33979593531372,92.78059635277626,92.2029960056987,92.5221939086914,8410500
2017-03-01,90.94907325566211,91.03283458657752,90.57595248722177,90.97191619873047,10717100
2017-03-02,90.62159676614958,90.773886846586,90.32462704265265,90.64443969726562,8201200
2017-03-03,90.78912143748771,90.8804931640625,90.27132701875139,90.8804931640625,9515200
2017-03-06,90.70538761928303,90.70538761928303,90.2485056100616,90.44648742675781,4489200
2017-03-07,90.21806260251674,90.37035275009943,90.04292370424956,90.17237091064453,7080100
2017-03-08,89.32710187365205,89.81443706986707,89.26618933124551,89.68498992919922,11336300
2017-03-09,89.34993872289914,89.4565487362167,88.9159056617598,88.96920776367188,10575400
2017-03-10,89.19768705241867,89.33475048911038,88.84741511631674,89.28144836425781,9218500
2017-03-13,88.96158594634909,89.15956183698471,88.7026859062594,88.7179183959961,6993100
2017-03-14,88.9159529002007,89.35760244181822,88.87026701985974,89.14439392089844,9869200
2017-03-15,89.51746971969676,90.48452970068429,89.41848175237662,90.23324584960938,14600500
2017-03-16,89.84488834084351,89.9667250339244,89.5707615909048,89.77635955810547,8018200
2017-03-17,89.93629263880395,90.42362793724295,89.87537427412532,90.3398666381836,7266800
2017-03-20,90.27133435075353,90.78912881154606,90.23325892192527,90.72821044921875,5497800
2017-03-21,90.65208744927325,91.6039153065336,90.6292387007222,91.4820785522461,12540700
2017-03-22,91.92370211304933,92.26635772109866,91.70287741538625,91.8475570678711,11661400
2017-03-23,92.00746079823449,92.15213463712492,91.42113176703924,91.71810150146484,6746500
2017-03-24,91.77902927330291,92.21306245348104,91.6800412881728,92.04553985595703,5819600
2017-03-27,92.7689262025527,92.87553042853563,92.28159093820372,92.46434020996094,6878500
2017-03-28,92.738466296395,92.76130922899901,91.74856328059428,91.8475570678711,6811200
2017-03-29,92.09123278083581,92.4262721709248,92.04554110212293,92.39581298828125,6291000
2017-03-30,92.1902039724587,92.20543065625901,91.619107473296,91.64956665039062,7042400
2017-03-31,91.58861736127061,91.99219115484898,91.5353152717318,91.91604614257812,5144800
2017-04-03,91.91228735187859,92.99585716744636,91.8741371340043,92.8432388305664,12996500
2017-04-04,92.61429910241307,92.78217050230592,92.29380357837972,92.33959197998047,6976700
2017-04-05,91.99622002657523,92.72877053079645,91.84360752136851,92.62194061279297,8555200
2017-04-06,92.51507412941025,92.64480111153634,91.96566001294465,92.48455047607422,6497000
2017-04-07,92.97291281303396,93.28577587833318,92.09538256445406,92.11064147949219,10270000
2017-04-10,92.4387892254954,92.80506732820857,92.33195932507759,92.5379867553711,5314500
2017-04-11,92.94240236850274,93.59101401230382,92.88135505991653,93.4155044555664,11297400
2017-04-12,93.48424774313412,94.00313857560485,93.31637044118834,93.92682647705078,11532500
2017-04-13,94.20154738314767,94.42283969307506,93.78949226457567,94.21681213378906,8396700
2017-04-17,94.20916610503194,94.27784582937146,93.75132262268617,93.92682647705078,8015000
2017-04-18,94.51440051449349,95.36904598232938,94.27784930129258,95.15538024902344,11529700
2017-04-19,94.69751431789271,94.75092928311729,94.39228345012606,94.63646697998047,7344000
2017-04-20,94.25491500556402,94.56014582525678,93.96494892884239,94.27017974853516,7932900
2017-04-21,94.48383957578201,94.80432931665227,94.23202371290094,94.27017974853516,9798500
2017-04-24,93.5147062628416,93.9801817950869,93.44602658635391,93.80467224121094,8066400
2017-04-25,93.25535341020753,93.44612207502388,92.62200004578584,92.6754150390625,8122300
2017-04-26,92.72878103793641,93.20188917255555,92.6601071493501,93.18663024902344,5766200
2017-04-27,92.90429675269526,93.36214017192245,92.77457551790997,93.15611267089844,4978300
2017-04-28,92.78979321862367,93.43077837820657,92.75164301335082,93.36209869384766,8166300
2017-05-01,93.05246179584681,93.39656010297533,92.30308450024873,92.58601379394531,8795900
2017-05-02,92.50187717963489,93.12125631433577,92.47893807597235,93.0600814819336,6727800
2017-05-03,93.45769438914337,93.58768650795636,92.94536839103195,93.1212387084961,8932900
2017-05-04,92.53249865349166,92.6930782721857,92.2725084370666,92.66249084472656,9707200
2017-05-05,92.81538408055266,92.88420722259727,92.44069845727434,92.74656677246094,5605400
2017-05-08,92.6089101463328,92.63184924502328,92.16540145847749,92.24186706542969,8057800
2017-05-09,92.05070557322622,92.24187251888466,91.86718693890074,92.2342300415039,5536700
2017-05-10,92.45595112140819,92.57064658035982,91.88245049084965,92.12714385986328,6517000
2017-05-11,91.76010088936778,92.19596113523427,91.69128361399679,92.12714385986328,7479800
2017-05-12,92.53244167466082,92.89947891024894,92.50950257668052,92.82301330566406,7463900
2017-05-15,92.5706787109375,92.68538004365118,92.33363356822743,92.5706787109375,5173200
2017-05-16,92.60892660575229,93.20536661351748,92.60892660575229,92.914794921875,6722700
2017-05-17,93.77122184268367,94.46707242727572,93.58770318143152,94.26825714111328,11236400
2017-05-18,94.62766226743236,94.77295105010208,94.19945006666309,94.37532043457031,8350500
2017-05-19,94.32942857048019,94.65058767457585,94.06179598373382,94.59706115722656,11277400
2017-05-22,94.36769985304674,94.48239540918642,94.25299846295201,94.33711242675781,4062900
2017-05-23,94.44415972385008,94.52827368250992,93.65655250544854,93.70243072509766,7901300
2017-05-24,93.90122642325002,94.25297297953756,93.70241112310369,94.23003387451172,7355200
2017-05-25,94.06941505097831,94.2682302804907,93.87060565541731,94.26058197021484,6464800
2017-05-26,94.47467670184892,94.61995956705708,94.24527410675134,94.42115020751953,2963800
2017-05-30,94.84174082007053,94.92585473992614,94.61998647081049,94.88761901855469,4819400
2017-05-31,94.85706220660352,95.31586181308015,94.84176558048063,95.12469482421875,8000200
2017-06-01,94.78979528986743,95.16528050841086,94.75914892366676,95.13462829589844,9037300
2017-06-02,95.95455397904443,96.37600873809981,95.82428646331705,96.26107025146484,13245000
2017-06-05,95.70937236877418,95.90860888574093,95.6174157041018,95.66339111328125,6775500
2017-06-06,96.31474453890945,96.45267661841604,96.09252030824251,96.1844711303711,12841500
2017-06-07,95.96990521870173,96.18446491822921,95.62507796536303,95.72469329833984,12852400
2017-06-08,95.69404123327772,95.69404123327772,95.24959864623875,95.47181701660156,8758600
2017-06-09,95.08103619186625,95.51015569017595,95.00440854521304,95.32624816894531,5130500
2017-06-12,95.1806107708531,95.77831434352206,95.12697085654466,95.2955551147461,4335800
2017-06-13,95.02734458647845,95.41814712581774,95.01201555769367,95.31086730957031,4742600
2017-06-14,96.49095716655553,97.09632522254466,96.34536646186784,96.78215026855469,20212300
2017-06-15,96.6212417337763,96.8051550452677,96.42201108246331,96.62890625,5863700
2017-06-16,96.61360040080551,96.88946457123247,96.55996047023994,96.82049560546875,6672500
2017-06-19,96.7974699684544,96.92007881673884,96.57524581567256,96.68252563476562,5641300
2017-06-20,97.15767620489702,97.62511244874413,97.15767620489702,97.5484848022461,8405700
2017-06-21,97.40292187692559,97.80905380554519,97.24966653091255,97.74774932861328,5914800
2017-06-22,97.86260393943498,97.98521278076393,97.55608768242392,97.96221923828125,6608100
2017-06-23,97.6787580701303,98.00826223092986,97.62511812982873,97.91630554199219,4329900
2017-06-26,98.2917737575167,98.52166251644515,98.20748160233053,98.28410339355469,5541600
2017-06-27,97.64807200523693,97.69404741061769,97.02738064734469,97.2342758178711,8354200
2017-06-28,97.06568504813733,97.09633726511325,96.53695038266231,96.91242980957031,7357900
2017-06-29,95.79363478787486,96.33769839746974,95.70934266632945,96.10015106201172,9115800
2017-06-30,95.9316001332063,96.08485540034005,95.67105916350252,95.87796020507812,10189800
2017-07-03,95.98392616638984,96.01464172577035,95.23140960755201,95.56927490234375,11021100
2017-07-05,95.36962463752573,95.71517027930435,95.30819937848416,95.5923080444336,11394500
2017-07-06,94.8474467394531,94.93959339120471,94.39440554972366,94.80137634277344,10853100
2017-07-07,94.32533327547881,94.47123073675439,94.13336539838767,94.23319244384766,9401800
2017-07-10,94.3483332103376,94.52494029956803,94.20243581266644,94.37136840820312,3859200
2017-07-11,94.34067072005662,94.70157117732589,94.22548885052915,94.53263854980469,4425600
2017-07-12,95.13157486590698,95.24675673255845,94.82442517430076,95.1853256225586,7839900
2017-07-13,94.90891514275744,94.94731106067611,94.30229596168856,94.58641052246094,7449300
2017-07-14,95.29283460240511,95.33891086771179,94.54032395032063,94.70157623291016,6566800
2017-07-17,94.70155782596439,95.20834977868545,94.65548156961344,94.96263122558594,4737300
2017-07-18,95.5462354348393,95.80730889033562,95.3926635031819,95.79195404052734,9163000
2017-07-19,95.81497681820424,95.99158978925965,95.66907940117557,95.83033752441406,5140900
2017-07-20,96.36018174856375,96.54447510529046,95.96089119244374,96.1067886352539,12239100
2017-07-21,96.54446372477906,96.77482160594231,96.42160150144406,96.51374816894531,6201500
2017-07-24,96.32946479826535,96.4907229476714,96.10678724762508,96.13749694824219,5378500
2017-07-25,95.32355070115358,95.36194661272827,94.80907829305669,94.8858642578125,9743300
2017-07-26,94.65545506609921,95.28510904826321,94.509563560616,95.03939056396484,8459500
2017-07-27,94.53261087683524,94.7399334945796,94.30992755650743,94.57100677490234,6390800
2017-07-28,94.65550180602179,95.20837013329157,94.64782731031625,95.13158416748047,5491800
2017-07-31,94.8013907437921,95.25443786073495,94.755320340114,95.24675750732422,5464600
2017-08-01,94.7919612194042,95.96935677544846,94.77657299883776,95.91548919677734,9676800
2017-08-02,96.01550798691297,96.32332517643069,95.94625220161188,95.9693374633789,5745600
2017-08-03,96.41569380475289,96.97745487132545,96.39260853778771,96.96206665039062,10324500
2017-08-04,96.30794875534424,96.3310340199389,95.7615759658114,96.1386489868164,8485500
2017-08-07,96.0693716233581,96.26945366902545,95.89238070963737,96.24636840820312,4684600
2017-08-08,96.09248575574173,96.1771356464347,95.53841587888793,95.90010070800781,6197400
2017-08-09,96.90819381346451,96.92358203356457,96.34642690624015,96.42338562011719,9221800
2017-08-10,96.669640513397,97.3006632326025,96.59268179770979,97.24679565429688,10378200
2017-08-11,96.78506939448711,97.31605401686407,96.61577548044201,97.29296875,5717800
2017-08-14,96.95436548937104,97.17753284577256,96.75428927008055,96.79276275634766,5111000
2017-08-15,95.98472186969732,96.60804735902863,95.96932778265578,96.38488006591797,7473200
2017-08-16,96.06171353479469,96.97746246584151,96.04631944152844,96.73890686035156,5283800
2017-08-17,96.73116803198226,97.48531975587198,96.5849594358637,97.46223449707031,9364700
2017-08-18,97.71621339776594,97.84703381763312,97.16214353582782,97.43917846679688,8382500
2017-08-21,97.55461274898052,97.74699780722038,97.3468394693769,97.67774200439453,7669800
2017-08-22,97.56997410845642,97.58536232465767,97.16981003373492,97.3006362915039,6140700
2017-08-23,97.762373682311,97.97014692319736,97.54690339661401,97.96245574951172,7446400
2017-08-24,97.63929595082683,97.97019859872134,97.51617252453923,97.60082244873047,5569400
2017-08-25,97.74700269657862,98.07790524814817,97.63157635276184,97.97786712646484,7303300
2017-08-28,97.67006049251837,98.03174539891529,97.52385181736737,97.91631317138672,4448500
2017-08-29,98.85514310203791,98.90131363707276,97.97016479227938,98.2318115234375,7659400
2017-08-30,98.0855642287807,98.30103448178535,97.99321731843982,98.20099639892578,4735200
2017-08-31,98.22407041769296,98.52419050304916,98.17020286060655,98.493408203125,7978400
2017-09-01,98.17191751472858,98.19505032238824,97.49332966277315,97.7400894165039,14128600
2017-09-05,98.46488100032963,99.32082959394575,98.46488100032963,99.28997802734375,15215700
2017-09-06,99.25916010418297,99.47507405228457,98.50345540261354,98.68081665039062,9066400
2017-09-07,98.95844334182132,99.91464229442767,98.95844334182132,99.69100952148438,13618900
2017-09-08,99.55990658179033,99.59846516856345,99.14350443735516,99.47508239746094,9808500
2017-09-11,98.60370051756178,98.74250317497469,98.13331406095209,98.28753662109375,17856700
2017-09-12,97.97140626175765,98.00224607592016,97.57041807906265,97.77091217041016,7557400
2017-09-13,97.86345258916236,97.87115960135736,97.3776401929685,97.3853530883789,6740000
2017-09-14,97.44703267223603,97.80174933631412,97.41618697754906,97.78632354736328,6674500
2017-09-15,97.93285477315872,97.94056766886644,97.57813805240718,97.82489776611328,9769200
2017-09-18,97.54731177403781,97.60129028830741,97.03836645388137,97.26199340820312,6863000
2017-09-19,97.37762773346977,97.40076053352574,96.95351267160945,97.02291107177734,5554900
2017-09-20,97.13858890712194,97.20028030113109,96.6450695214791,97.09232330322266,8037000
2017-09-21,97.28508798287841,97.59353313413504,97.0229025444533,97.03832244873047,6147800
2017-09-22,97.5472271019315,97.72458828527543,97.20793051634051,97.31588745117188,5660700
2017-09-25,97.40846539000994,98.14103145300096,97.31592831420737,97.92511749267578,9679000
2017-09-26,97.75547922816604,97.848016313529,97.4932996444598,97.74777221679688,7251900
2017-09-27,96.29033576051972,96.62191959051717,96.08984170714093,96.27490997314453,12145700
2017-09-28,95.78142463195093,96.12072147592535,95.59635630033587,95.98963165283203,8883700
2017-09-29,96.20549011230469,96.413691129699,95.82763488771039,96.20549011230469,11285500
2017-10-02,96.43887264095952,96.5856847682464,95.99844215422121,96.02935028076172,7860700
2017-10-03,95.75116350600031,96.2070509105796,95.75116350600031,96.12205505371094,6219800
2017-10-04,96.22248682252174,96.26884604799162,95.72024026449078,96.12976837158203,7447000
2017-10-05,96.02162908577492,96.04481460378727,95.57347595462394,95.76664733886719,8180300
2017-10-06,95.26444410791143,95.89031779251842,95.06354412582905,95.49624633789062,10375000
2017-10-09,95.64299052272644,95.85934147488967,95.53481504664481,95.79753112792969,3590900
2017-10-10,95.92118690129374,96.48524996544128,95.8284625099601,95.95209503173828,6666800
2017-10-11,96.2534391071964,96.3229838724345,96.01390847219132,96.13753509521484,4385900
2017-10-12,96.23796578348139,96.57022073042985,95.99842930862542,96.54703521728516,7141600
2017-10-13,97.0338092296205,97.31197637437333,96.71700546666078,97.242431640625,7746900
2017-10-16,96.9951999863096,97.28109571441604,96.87929599409769,97.17292022705078,5737300
2017-10-17,96.88702460554153,97.42790204296294,96.88702460554153,97.29654693603516,4969600
2017-10-18,96.62428729364989,96.72473424810893,96.33839164540761,96.65518951416016,5943800
2017-10-19,97.15750382406925,97.36613227627076,96.79434058107911,96.82524871826172,8966500
2017-10-20,95.81298224088935,96.0293331930526,95.53481504664481,95.79753112792969,12326900
2017-10-23,95.936634693918,96.1916164291146,95.8284533001975,95.96753692626953,6871100
2017-10-24,95.32622223352112,95.57348138359289,95.15623046251119,95.3725814819336,6842800
2017-10-25,94.67714877539217,95.02486077058497,94.59215290290875,94.91667938232422,9961400
2017-10-26,95.08665075987314,95.08665075987314,94.59986114501953,94.59986114501953,8179400
2017-10-27,94.99393646320333,95.29528327063169,94.84712436389984,95.22573852539062,10480900
2017-10-30,95.70483307194814,96.16844322475144,95.47302504798502,96.13753509521484,9051600
2017-10-31,96.2225447919235,96.32299770111982,96.12209777785095,96.16845703125,4424300
2017-11-01,96.28687362399845,96.89858829428093,96.2481610950564,96.59660339355469,8940400
2017-11-02,96.79020024085261,97.19284487450835,96.72825309487327,97.02249908447266,7222700
2017-11-03,97.15413334569614,97.33222400772591,96.89860579658729,97.2857666015625,10984100
2017-11-06,97.51034870138092,97.73490274194522,97.34774182530472,97.64972686767578,6246700
2017-11-07,97.74265834376206,98.16853185425131,97.66522142584819,98.06012725830078,6422700
2017-11-08,98.02138292225732,98.18399568086168,97.72714279772751,97.84329223632812,3356200
2017-11-09,97.4638697296161,97.75036496370902,97.2160870340627,97.56452941894531,6280400
2017-11-10,96.56564413446812,96.66630381375747,95.98490294585025,96.09330749511719,11981000
2017-11-13,96.63535831208678,96.64309727623441,96.25593639502831,96.2946548461914,5880800
2017-11-14,96.61210220989034,96.97603430250105,96.61210220989034,96.94506072998047,6195900
2017-11-15,97.61097763317777,98.08331427514523,97.2857639835754,97.99813842773438,9568200
2017-11-16,97.5722644269953,97.82004709750261,97.13864032290388,97.1463851928711,5894900
2017-11-17,97.61874102345435,97.90524219251908,97.5335651598839,97.86652374267578,6938800
2017-11-20,97.49483668586308,97.85876287993261,97.49483668586308,97.82778930664062,4232300
2017-11-21,98.40850826877943,98.56337610023195,97.80453849512394,98.13749694824219,5818400
2017-11-22,98.04464268025527,98.49374489969054,97.95946679727797,98.45503234863281,4140700
2017-11-24,98.28465016924618,98.36208115500857,98.09881462189533,98.18399047851562,3141400
2017-11-27,98.2304675425409,98.37759058024989,97.8897640478913,98.04463195800781,6079900
2017-11-28,98.16075690118724,98.47823162604847,97.92846394145022,98.1762466430664,5983000
2017-11-29,97.22384260118749,97.31676334324116,96.86765528472478,97.20835876464844,14547100
2017-11-30,97.03025003994867,97.1928568875389,96.35659394387568,96.88313293457031,9630000
2017-12-01,97.6629145828919,99.07505783273649,97.06546594660944,98.1905288696289,24583100
2017-12-04,97.7016856848013,98.2836128236922,97.61633589752378,98.237060546875,9609200
2017-12-05,98.12846360433645,98.92764283064453,98.11294222770034,98.72590637207031,10958900
2017-12-06,99.21472999957817,99.49404966517777,99.05179106144891,99.06730651855469,11834200
2017-12-07,99.26129900629707,99.39320705242824,97.99657889088238,98.29141998291016,13056800
2017-12-08,98.22155352731122,98.33794015603002,97.94998867341388,98.29914855957031,4786100
2017-12-11,98.43104296579496,98.6094973188647,98.0818890265407,98.09740447998047,3863800
2017-12-12,97.89566248904902,98.08188343773165,97.5077110587971,98.05860137939453,7502400
2017-12-13,98.392242518596,98.84226761063178,98.2215429375018,98.79571533203125,8532900
2017-12-14,98.57845111575352,99.30004094195807,98.37671473432309,99.21469116210938,6885000
2017-12-15,99.16814874412589,99.77335206501702,98.97417301719055,99.58714294433594,7239400
2017-12-18,99.29231593687989,99.31559208162672,98.4698605842485,98.67935180664062,7239700
2017-12-19,98.01203461932992,98.05858688978728,97.04215618701402,97.3990707397461,11045800
2017-12-20,96.45248923270883,96.76285158188125,96.17316371042061,96.32058715820312,10005800
2017-12-21,96.43878105473644,97.08414399634661,96.41545568396329,96.8819808959961,7026900
2017-12-22,96.95975519006602,97.06861089880117,96.82757410548638,97.0141830444336,3974300
2017-12-26,97.17749875553424,97.6051446031633,97.16972165075764,97.3019027709961,3168400
2017-12-27,97.7450723890771,98.73255676144366,97.73729528672237,98.56926727294922,9059700
2017-12-28,98.38261911954208,98.61588463966014,98.25821519241742,98.48370361328125,5297100
2017-12-29,98.35933533937214,98.84141484974678,98.34378706647861,98.63925170898438,7580500
2018-01-02,98.35154920845736,98.36710341211416,97.24743803644708,97.57400512695312,16238200
2018-01-03,97.97054360209084,98.12605002858328,97.57399450268825,98.04051971435547,8605100
2018-01-04,97.69844957867086,98.09499886149172,97.48073810800612,98.02501678466797,9217900
2018-01-05,97.8694584014842,98.1104951259088,97.47290932889086,97.74504852294922,10915400
2018-01-08,97.96275471971586,97.99385718771182,97.32516895627164,97.6828384399414,8850600
2018-01-09,97.04526761906963,97.06082182155717,96.26772359601563,96.37657928466797,16226400
2018-01-10,95.49017590602857,96.36102731399579,95.37354905280117,96.25994873046875,14302600
2018-01-11,96.03449281211884,96.87423610094223,95.87898040145383,96.65652465820312,12511000
2018-01-12,96.49321137878053,97.02971864912004,96.34548204935479,96.81977844238281,9987100
2018-01-16,97.32524552148016,97.41077589270799,96.8509428927417,97.22416687011719,9125900
2018-01-17,97.25521011152054,97.69063287635657,96.88198636152518,97.09192657470703,8327000
2018-01-18,96.36104020375801,96.62540234935578,96.05779848042377,96.18997955322266,10843900
2018-01-19,95.9489460286301,96.07335000365381,95.62237892047811,95.68457794189453,11374300
2018-01-22,95.98781209422226,96.18997521138338,95.63014253751594,95.77787780761719,8984700
2018-01-23,96.2677327765049,96.57097449983914,95.82453287838635,96.18997955322266,12325700
2018-01-24,95.52126348428817,95.73897481928775,95.28022678227993,95.66899871826172,9038900
2018-01-25,95.76228649707684,96.53205311158497,95.48237028594883,96.45429992675781,12173300
2018-01-26,96.32218349988838,96.34551481138521,95.71569990919674,96.09669494628906,6462900
2018-01-29,95.61457212752023,95.61457212752023,95.0936191502575,95.42796325683594,12223000
2018-01-30,95.0780601429081,95.14804217349418,94.627083290385,94.86812591552734,12064400
2018-01-31,95.53681892575086,95.58346966037467,94.81370287813652,95.42796325683594,18045100
2018-02-01,95.43189046665658,95.47084505140543,93.99043410647961,94.04497528076172,18632800
2018-02-02,93.61643253297184,93.70214093569162,92.90739137311576,93.17230987548828,23944400
2018-02-05,92.85285316081604,94.91763629700051,92.43989772248753,94.05276489257812,28606200
2018-02-06,93.8268056799422,94.17743259160987,93.28139396562605,93.46839141845703,10935400
2018-02-07,93.60083298330404,93.75666912327979,92.37754752106369,92.58013153076172,16271100
2018-02-08,91.94901269530685,92.86063183387485,91.82434378172098,92.47884368896484,15155100
2018-02-09,92.02692647522483,92.79050275410232,91.77759459616715,91.89447021484375,15661600
2018-02-12,92.37753667059692,92.95412140397146,92.08925024844989,92.29962158203125,10944600
2018-02-13,92.41655133773511,92.72821781915601,92.24513447572643,92.71263122558594,8157600
2018-02-14,92.29963669622174,92.36197115509772,91.52826708739029,91.68409729003906,12043300
2018-02-15,92.08930556217287,92.56459561581023,91.93346934689778,91.99580383300781,8222400
2018-02-16,92.75154808452007,92.88400434476826,92.2061305127567,92.49442291259766,8454100
2018-02-20,92.15943153399373,92.3386417034617,91.76984989514894,92.08930969238281,8268800
2018-02-21,92.12815515311658,92.16711564866549,90.78020760845763,90.95941162109375,12054300
2018-02-22,91.34904571479345,91.67629861117788,91.16204830581694,91.23217010498047,9317900
2018-02-23,91.84773548835524,92.18277582776747,91.72307249518951,92.04252624511719,9072900
2018-02-26,92.47103647575985,92.6502465259272,91.9723727855638,92.07366180419922,8771600
2018-02-27,92.3464005671262,92.45548886132931,91.36465942017809,91.94123840332031,12525700
2018-02-28,92.30743956389396,92.58793871338823,92.13602275647615,92.52560424804688,9311600
2018-03-01,92.46235829152769,93.3914339634146,92.24375365262011,93.15721130371094,12287700
2018-03-02,92.79027715170157,92.852737329838,92.22034440666533,92.39990997314453,10064300
2018-03-05,92.71218449806301,92.75122358993701,91.83776006623606,92.15005493164062,5658200
2018-03-06,92.40772443580498,92.65755920655836,92.22034984687264,92.2359619140625,5452000
2018-03-07,92.57170043268708,92.65758171442012,92.09545185454286,92.13449096679688,4461800
2018-03-08,92.36868424457634,92.8995838707376,92.32965109879625,92.66536712646484,7086700
2018-03-09,92.11885834433582,92.33746304264606,91.8065633653792,92.05640411376953,6570400
2018-03-12,92.36866800520906,92.64192976028112,92.27498370658292,92.58727264404297,5801300
2018-03-13,92.36868265996351,93.19626515381584,92.27499834647388,93.05573272705078,7455300
2018-03-14,93.21968192042849,94.0004162648935,93.19626084313938,93.87549591064453,10175000
2018-03-15,93.82084474479319,94.07067949676079,93.63347016995009,93.87549591064453,6757900
2018-03-16,93.5319384645728,93.69589189484131,93.33675495855869,93.53974151611328,6084300
2018-03-19,93.07134051846202,93.66470028827246,93.0635315071864,93.24310302734375,8491200
2018-03-20,92.83711540935073,93.07914112827648,92.77465523784414,92.86833953857422,5446000
2018-03-21,92.64194163253967,93.23529545497705,92.21253535370828,92.9698486328125,9742400
2018-03-22,93.9301158940189,94.32829194533993,93.43044655596158,93.89108276367188,12136600
2018-03-23,93.43827319269522,93.93013361486611,93.39143104483023,93.82083129882812,7250400
2018-03-26,93.68812939239083,94.03945749499997,93.43048560699435,93.46171569824219,8237900
2018-03-27,93.555410704437,94.56255886113495,93.53979267975761,94.4610595703125,9168500
2018-03-28,94.8201864290261,94.96852786475118,94.4298192457752,94.71088409423828,7412500
2018-03-29,94.89045158195287,95.47600233191484,94.86703050499924,95.17151641845703,9694300
2018-04-02,94.94461077774965,95.73483954507466,94.79595825444459,95.35928344726562,12036500
2018-04-03,94.95245588337133,95.04634641932557,94.53778312911678,94.62384796142578,9855000
2018-04-04,94.94461321798448,95.03067803491811,94.35781090394346,94.42823028564453,6654300
2018-04-05,93.96662603612441,94.09963315162035,93.70843153950554,93.72408294677734,7603700
2018-04-06,94.40477770076853,94.78815361655711,94.06051836537952,94.74903106689453,8831200
2018-04-09,94.38912097474345,94.90550994873047,94.16222333186393,94.90550994873047,6307500
2018-04-10,94.827221922919,94.96805467304179,94.49861416238575,94.73333740234375,6046000
2018-04-11,95.33583846868838,95.36713531619819,94.88204313369117,95.06982421875,5901300
2018-04-12,94.70203608970525,94.72550721873804,94.20912447223722,94.37342834472656,6622800
2018-04-13,94.29519710873677,94.77246336655043,94.27955167684182,94.59251403808594,4964000
2018-04-16,94.06834238787133,94.64731910309862,94.02921983890799,94.62384796142578,4491300
2018-04-17,94.60817915836554,95.12456805727027,94.52994004408775,94.88201904296875,5590400
2018-04-18,94.89766233485153,94.93677890401558,94.10743361889801,94.12308502197266,8138400
2018-04-19,93.43455471046916,93.52061950869113,92.9572884546057,93.35631561279297,9875800
2018-04-20,93.01992056988223,93.20769567577332,92.66001579639806,92.68348693847656,7579400
2018-04-23,92.58174306973011,92.80864064292268,92.38614233103937,92.70692443847656,7073200
2018-04-24,92.48782732405283,92.67560231055458,92.13574847820466,92.2844009399414,8190800
2018-04-25,91.86192151334427,92.04969652601197,91.49419121864419,91.66632080078125,6603800
2018-04-26,92.11232158404577,92.42527805541289,92.0027796559528,92.30792236328125,6528600
2018-04-27,92.69128961494843,93.06683973343264,92.66781847870085,93.0198974609375,5401800
2018-04-30,93.16855866669499,93.54410879613178,93.05902271483745,93.1842041015625,8321100
2018-05-01,93.13087522745262,93.18576394538553,92.70745139335392,92.84859466552734,7979200
2018-05-02,93.02896018732307,93.2093122881761,92.7309936537646,92.74667358398438,4644000
2018-05-03,93.18577721847193,93.55431836955313,93.06031983779334,93.1622543334961,6345300
2018-05-04,93.49158553321428,93.49158553321428,92.91132649680308,93.30339050292969,4283500
2018-05-07,93.28768108249936,93.32688388126508,93.10732906443289,93.15438079833984,3647800
2018-05-08,92.95841404292443,93.31126939135058,92.76238196437117,93.06819152832031,6091200
2018-05-09,92.62121391851119,92.85644876056327,92.51143646240234,92.51143646240234,7832500
2018-05-10,92.95836594590173,93.29554118585452,92.80153677474858,93.25633239746094,7101500
2018-05-11,93.5621457916488,93.59351162721653,93.1700818206844,93.4915771484375,4273400
2018-05-14,93.15440303229386,93.30338327503404,92.98973089794595,92.99757385253906,4996200
2018-05-15,92.18208074310361,92.19776665240522,91.5077302212517,91.93900299072266,12901000
2018-05-16,92.07231431532534,92.15856887953164,91.57831579685293,91.5861587524414,6518000
2018-05-17,91.45282927150352,91.60181547783377,91.02939951331813,91.12349700927734,7330300
2018-05-18,91.35872861285502,91.9703473193144,91.35872861285502,91.9076156616211,9606500
2018-05-21,91.84488872230247,92.04092067584976,91.70374547645162,91.95466613769531,4448500
2018-05-22,91.97035149021272,92.01739724440618,91.62533333967295,91.81352233886719,4700700
2018-05-23,92.33110861620874,92.61339528675032,92.26053993978546,92.48009490966797,9634000
2018-05-24,93.06815231947157,93.35827584475219,93.02894352730955,93.21713256835938,8204100
2018-05-25,93.75034967620559,93.96990457754396,93.67978102181357,93.79740142822266,8482800
2018-05-29,94.71480079797914,96.07133858648207,94.4325143020924,95.8517837524414,21668100
2018-05-30,94.87949182023583,95.2558759076562,94.67561685694886,95.20882415771484,11616300
2018-05-31,95.31860261512628,95.64794093852257,94.84028403219723,95.052001953125,10769900
2018-06-01,94.44758922542152,94.87200285135314,94.19608552075701,94.54976654052734,8718800
2018-06-04,94.40042814358482,94.42400567747059,93.81882698789254,93.86598205566406,7156500
2018-06-05,94.28255468596396,94.43974827276283,94.01533458288921,94.08606719970703,5635900
2018-06-06,93.59089546037399,93.60661181662196,93.07216575938206,93.32366943359375,7813300
2018-06-07,93.28439396763072,94.69910016584284,93.27653278979393,94.22753143310547,13238300
2018-06-08,93.96816524438522,94.19609142795629,93.87385509692248,93.94458770751953,6790600
2018-06-11,93.58303359588274,93.83453726824489,93.48086229022081,93.77165985107422,6844200
2018-06-12,93.47301362639121,93.8895660773461,93.44157491359746,93.79524993896484,6048200
2018-06-13,93.88168739980465,94.03101975865795,93.23720889847175,93.74807739257812,8834700
2018-06-14,94.14108553820905,94.54978287660343,93.90530414727908,94.52619934082031,10078800
2018-06-15,94.96633672547351,95.17067940120629,94.54978419898119,94.61265563964844,7992800
2018-06-18,94.69125410969035,94.75412554947826,94.34543420740624,94.52619934082031,4893700
2018-06-19,95.07637023925781,95.28071891345635,94.86416038627252,95.07637023925781,6133300
2018-06-20,94.91917469836592,94.934897055617,94.23540206600337,94.2432632446289,6879100
2018-06-21,94.59691685998524,94.9034367972645,94.4868843694912,94.73838806152344,7235800
2018-06-22,94.38474795711787,94.80130656171008,94.36117041269868,94.7305679321289,4082500
2018-06-25,94.8327317597493,95.18640686823728,94.81700940149668,94.94276428222656,8363700
2018-06-26,94.91917664513491,95.12352531933344,94.83272766377041,95.07637023925781,5450000
2018-06-27,95.68940860602697,96.02736733212703,95.5322210109526,95.97235107421875,8173400
2018-06-28,95.98804183858259,96.08235796826987,95.75226050884557,95.99590301513672,7109500
2018-06-29,96.01949229678142,96.27885718791501,95.61080101077337,95.66581726074219,11164700
2018-07-02,95.89822519184717,95.90610417270359,95.54374918202775,95.59101104736328,9662000
2018-07-03,95.73277820796767,96.12664301159455,95.73277820796767,96.10301208496094,3808800
2018-07-05,96.15027320957631,96.52050708376386,96.11089033545205,96.37871551513672,3860400
2018-07-06,96.69378662109375,96.82769918055587,96.48110232135383,96.69378662109375,4679900
2018-07-09,96.15813051476586,96.26841215329668,96.02421795510679,96.07147979736328,5952700
2018-07-10,96.00060009665158,96.20540544756294,95.95333223806486,96.06361389160156,5759700
2018-07-11,96.45749170634917,96.53626947801804,96.17390855606176,96.4338607788086,6869100
2018-07-12,96.23694303350847,96.47326436472409,96.21331210236713,96.4260025024414,4824700
2018-07-13,96.58352291165929,96.78833428231982,96.47324125281891,96.67017364501953,4079000
2018-07-16,96.2684326171875,96.33145242685804,95.81942699060964,96.2684326171875,5517100
2018-07-17,96.33145163334092,96.41022338983029,96.02423757610248,96.0872573852539,3764300
2018-07-18,96.11873614869577,96.13449410181343,95.62246880365707,95.70124053955078,6330000
2018-07-19,95.94542267993873,96.45744187185183,95.92178575470992,96.30777740478516,6166700
2018-07-20,95.77217404636814,95.78004701588436,95.0789680953147,95.12623596191406,10469500
2018-07-23,94.82687195756395,94.82687195756395,93.88159899231475,93.9524917602539,11571800
2018-07-24,93.96041953993999,94.38579439820758,93.85013783704493,94.2755126953125,9053500
2018-07-25,94.54331210766486,94.73237155511049,93.94464188712165,94.12581634521484,7357900
2018-07-26,94.29911705699618,94.43302965707511,93.8658693491113,93.94464111328125,6821100
2018-07-27,94.4093945545668,94.42515251264429,94.0549186265248,94.10218048095703,4542000
2018-07-30,93.7319527136367,94.06280374596058,93.71620076443105,93.77922058105469,7111200
2018-07-31,94.36215094148454,94.41729178561492,94.18097044796971,94.29125213623047,6797400
2018-08-01,93.38884407347628,93.82306029076155,93.21515517722807,93.52305603027344,13312600
2018-08-02,93.64940465553384,93.74413970043338,93.39676783024002,93.65729522705078,4451100
2018-08-03,93.81513089060846,94.17829569456694,93.79933771203085,94.12303161621094,6162400
2018-08-06,94.37570975282722,94.61255332561706,94.16254391164738,94.17833709716797,4200200
2018-08-07,93.9730522027385,94.0283162961885,93.60988729959075,93.68883514404297,5346900
2018-08-08,93.6809377479634,93.97304535347968,93.64146081694736,93.7835693359375,5640900
2018-08-09,94.13093118241217,94.60462415806333,94.04408676748727,94.57304382324219,7144100
2018-08-10,95.03098809847235,95.56784196100956,94.95993081053743,95.25994110107422,8457900
2018-08-13,94.93622441608933,95.29149270103632,94.90464407601986,95.06254577636719,7923200
2018-08-14,95.16519318180347,95.18098034279525,94.76255130816091,94.84939575195312,4251200
2018-08-15,95.25995890664217,95.63101450779911,95.18890160542553,95.40206146240234,7649800
2018-08-16,95.37836422348005,95.47310527060048,94.95993513953557,95.39415740966797,5400400
2018-08-17,95.59943457371557,95.83628421436141,95.33101060276441,95.5125961303711,3537600
2018-08-20,96.03364428703652,96.2468101402723,95.9546964249749,96.15206909179688,5603700
2018-08-21,95.8204862000049,95.9468015769339,95.58363658617617,95.82837677001953,4695000
2018-08-22,96.31784936472425,96.35732630248643,95.98626477152807,96.20732116699219,5309600
2018-08-23,96.31783050405011,96.42046208946572,96.14414164924382,96.35730743408203,5328700
2018-08-24,96.01783390310032,96.57837141851462,95.91519628623978,96.54679107666016,6092200
2018-08-27,96.14413045486603,96.21518771598329,95.93886128460115,95.99412536621094,6407400
2018-08-28,95.52835961958321,95.59941088016554,95.27572287639872,95.41783142089844,4929300
2018-08-29,95.48099663486629,95.646788940746,95.22835987971597,95.54415130615234,5613300
2018-08-30,95.77309628928768,95.89152107595541,95.59151683662068,95.7494125366211,5302900
2018-08-31,96.23101226666226,96.25469602179359,95.44152163782864,95.52836608886719,9677500
2018-09-04,94.9206474721918,95.03142467136287,94.75448167343521,94.97603607177734,18343600
2018-09-05,94.76239759938196,94.87317480035799,94.5962317979179,94.72283172607422,9422600
2018-09-06,94.76240462891074,95.26881645291132,94.70701602431397,95.07099914550781,9566000
2018-09-07,94.42218879305406,94.4775774153513,94.1531540298196,94.26393127441406,11212600
2018-09-10,94.29555165098232,94.63579765760856,94.29555165098232,94.612060546875,6386400
2018-09-11,94.22435284746825,94.29556418913766,93.84454091451373,93.89202117919922,5440000
2018-09-12,94.20059599883503,94.29554443450283,94.08190441734565,94.11355590820312,3347200
2018-09-13,94.43007851430212,94.61207311561164,94.14522711075321,94.2560043334961,4833000
2018-09-14,93.69420781893494,94.08984249895022,93.60716770637909,93.80498504638672,5579500
2018-09-17,93.51221320988921,94.01862511735628,93.46473898009734,93.80498504638672,5433000
2018-09-18,93.41725110498975,93.42516548827918,92.70511356848749,92.82379913330078,10182300
2018-09-19,92.66553970403318,92.66553970403318,91.93757346368031,92.26990509033203,13379600
2018-09-20,92.24618889881306,92.81590383764629,92.15914878110763,92.69721221923828,8657300
2018-09-21,92.47566521100653,92.80008255479142,92.45192205588444,92.65765380859375,6173800
2018-09-24,92.37279255574414,92.79216439222402,92.35696982321384,92.42027282714844,5505500
2018-09-25,92.16702782990497,92.37275345023947,92.10372485276935,92.32527923583984,6650900
2018-09-26,92.52312071643364,93.03744697562973,92.30948065884134,92.9741439819336,9512700
2018-09-27,92.76844079844986,93.09286421322795,92.65766354386895,93.0374755859375,5758500
2018-09-28,93.25111307004808,93.29859334703012,92.75261543854239,92.79217529296875,12807700
2018-10-01,92.51541121866236,92.65022563673789,92.08717184621074,92.1109619140625,22442400
2018-10-02,92.52331750687115,92.88811258712738,92.46780534357939,92.67399597167969,8266900
2018-10-03,92.20610572546607,92.27748196665306,90.59624688422926,91.06414031982422,20829200
2018-10-04,90.50898717196222,90.71517774919069,90.17591427438813,90.4217529296875,16207400
2018-10-05,89.92216836842736,90.18387116738424,89.31153455456686,89.64460754394531,18096500
2018-10-08,89.60495083042217,89.70011713195589,89.32739001391383,89.34325408935547,5855900
2018-10-09,89.72392403082313,90.28697780721379,89.66841185710499,90.24732971191406,11530800
2018-10-10,89.72388882527854,90.07282580909116,89.44632806559612,90.00144958496094,15290100
2018-10-11,90.40595909696185,91.31795024529565,90.23942252993348,91.09590148925781,16086800
2018-10-12,90.71521942075167,91.20690300758406,90.62798513840441,90.7786636352539,6794100
2018-10-15,90.92930045176956,91.05618277224019,90.63587563197727,90.73896789550781,7146300
2018-10-16,90.71517927409832,90.97688200532166,90.532784801091,90.94515991210938,4762300
2018-10-17,90.92932754615934,91.0324198404085,90.39006391014003,90.40592193603516,5880700
2018-10-18,90.10457012349642,90.71520394538409,90.04905795787026,90.37419891357422,5728800
2018-10-19,90.28692760601724,90.36622980289637,89.9379967296751,90.1759033203125,10892400
2018-10-22,90.36628984452034,90.46938821429715,90.03321676610402,90.0570068359375,3244200
2018-10-23,91.00864329351279,91.21482791263485,90.27904693615406,90.34249114990234,10330700
2018-10-24,90.69137934256368,91.05617429923113,90.59621307328828,91.02445220947266,16008000
2018-10-25,90.83417118794017,90.99277566575132,90.58833243222098,90.64384460449219,12613200
2018-10-26,91.143429401138,91.45271228413219,91.03240508674885,91.19100952148438,18582500
2018-10-29,91.0720686117007,91.21481504731416,90.61211325283281,90.9848403930664,7679900
2018-10-30,90.61211625932374,90.83416493311834,90.42178363860903,90.5328140258789,9939500
2018-10-31,90.19975073278573,90.37421930708707,89.7794433767181,90.07286834716797,8706400
2018-11-01,89.71112983174147,90.27555004360484,89.70317854282611,90.15631103515625,6100200
2018-11-02,89.96550088552092,90.03705034323502,88.95590571043016,89.035400390625,11314800
2018-11-05,89.4170301197892,89.59986737337216,89.31368152292549,89.3852310180664,4760200
2018-11-06,89.51238123901521,89.61572978955645,89.29774497991286,89.32954406738281,3159900
2018-11-07,89.9814340376116,90.1483747422663,89.36136683030634,89.44880676269531,9313100
2018-11-08,89.7985708103276,89.80652209879986,89.36134698525026,89.44084167480469,6905100
2018-11-09,89.63169094039172,90.22791061405286,89.60784312385489,90.1086654663086,6465300
2018-11-12,90.5855751223052,90.87176084592474,90.55378209973043,90.69686889648438,6840000
2018-11-13,90.3947619242118,90.64119720458984,90.21192480169073,90.64119720458984,6525800
2018-11-14,90.2119494890213,91.03870150719351,90.06885662721152,90.69686889648438,8690800
2018-11-15,90.9751198575786,91.05461455326773,90.3709492532396,90.65713500976562,7879600
2018-11-16,90.78434410467759,91.26926973334743,90.56175648464378,91.18182373046875,9236700
2018-11-19,90.9513138345358,91.43623352050781,90.9513138345358,91.43623352050781,7027200
2018-11-20,91.6110722919273,91.7859642401029,91.36463694589212,91.46797943115234,6332600
2018-11-21,91.33289097514646,91.49188043955768,91.05465637989717,91.43623352050781,4951100
2018-11-23,91.95289003125738,92.0244394826031,91.49181243608874,91.53156280517578,3027900
2018-11-26,91.3090165091251,91.46800592712772,91.24541831590103,91.32491302490234,6599000
2018-11-27,91.26926532155709,91.61904931616387,91.2295209999338,91.42826080322266,5967200
2018-11-28,91.30106289590255,91.43620450427237,90.91153458616591,90.98307800292969,7814000
2018-11-29,91.3566710447625,91.61900892506348,91.09433316446153,91.34077453613281,7295600
2018-11-30,91.66670698399282,91.75415294644749,91.40437516168377,91.68260955810547,9127800
2018-12-03,91.3774711778247,92.33363342285156,91.36153777469782,92.33363342285156,9763800
2018-12-04,93.07465905915367,94.55671475880773,92.93123411792486,93.87943267822266,18100500
2018-12-06,94.45312021772783,94.97900754807854,94.12642775199618,94.17424011230469,15319400
2018-12-07,93.8714383865137,94.4451380013858,93.64036459279413,94.34952545166016,8608400
2018-12-10,94.71605657881818,95.04274292974306,94.37343074982105,94.73995971679688,8777700
2018-12-11,94.79576031146563,95.1224467470973,94.50891042308444,94.72404479980469,8071900
2018-12-12,94.48498719714819,94.59653923235044,94.2140707694213,94.30171966552734,6182200
2018-12-13,94.38932796714087,94.48494656153248,94.00686574782915,94.07857513427734,5564200
2018-12-14,94.46108760416764,94.63637932383031,94.19814090597833,94.40531158447266,8169200
2018-12-17,94.49297615800027,95.05871230402657,94.48501249558925,94.95512390136719,9726800
2018-12-18,95.10046647235413,95.67552695883289,94.99663847645374,95.52377319335938,10018800
2018-12-19,95.93114889897663,97.16912719217824,95.77939506994417,96.78575134277344,23046300
2018-12-20,97.44862485700247,97.46459605062971,96.37837207748801,96.43428039550781,18543700
2018-12-21,96.75376964679889,96.80967797090729,96.15474927697296,96.41831970214844,9945100
2018-12-24,96.74575298086253,96.97737485466754,96.57004550852118,96.89750671386719,8377500
2018-12-26,96.63397940758922,96.95345820664093,95.81931425888105,95.85924530029297,11700400
2018-12-27,96.84959029916844,96.94542963392661,95.82726343808967,95.87518310546875,12146500
2018-12-28,96.16272500009615,96.68187713623047,96.0748682035096,96.68187713623047,9879100
2018-12-31,96.36237085235108,97.08917876009757,96.21061713921321,97.04924774169922,17409000
2019-01-02,97.16908184307252,97.56842870694796,96.91349400038467,97.56044006347656,19841500
2019-01-03,97.67228682919603,98.92623612485876,97.62436714068389,98.670654296875,21187000
2019-01-04,97.71219194149015,97.88790554414004,97.16109738919253,97.52849578857422,12970200
2019-01-07,97.93580952085397,97.95976935342019,97.13711593638833,97.2409439086914,8498100
2019-01-08,97.19306709797885,97.3927405821354,96.95345647957053,96.98540496826172,7737100
2019-01-09,96.849580188431,96.98535662752968,96.48218189193264,96.83360290527344,9349200
2019-01-10,96.86559925273562,96.96943336393421,96.11482500551989,96.2106704711914,8222900
2019-01-11,96.50617614789017,96.8575972865866,96.38637085566512,96.58604431152344,5786900
2019-01-14,96.56208875220507,96.64994556416127,96.03494788046783,96.22663879394531,6730500
2019-01-15,96.29050110770122,96.29848975011399,95.80329751085138,95.87518310546875,8997400
2019-01-16,95.51581552128923,96.15477317868617,95.451924630391,95.97107696533203,6048400
2019-01-17,96.01897021515931,96.26656334478125,95.7553997970488,95.99501037597656,8153400
2019-01-18,95.71546220781781,95.9391015907287,95.35605243470944,95.49182891845703,14106400
2019-01-22,96.09085291302159,96.41832030882438,95.89916809966529,96.13877868652344,8881100
2019-01-23,95.7474039789411,96.3384417377328,95.70747294781172,96.09883117675781,5776800
2019-01-24,96.57007628955478,96.84961791823221,96.41033386348875,96.72981262207031,7121900
2019-01-25,96.31449836031265,96.4422923143708,96.09885367977841,96.2665786743164,6460800
2019-01-28,96.2745509612927,96.59402969860258,96.17072296142578,96.17072296142578,6435800
2019-01-29,96.26657777924157,96.67391338707569,96.1547611172559,96.6579360961914,5750100
2019-01-30,96.51415869876828,96.62598144011521,96.10682923617355,96.58604431152344,10571300
2019-01-31,97.08122946385392,97.58440434155938,97.04129233822894,97.41667938232422,11843400
2019-02-01,97.24459377633308,97.31663573449649,96.73226894211349,96.82833099365234,12024600
2019-02-04,96.41200947856419,96.50006477309161,96.07579557795178,96.39599609375,8966200
2019-02-05,96.64422385388737,97.04447325820554,96.58818918157567,96.83634185791016,6983300
2019-02-06,97.14851966614658,97.18854704281625,96.64420769963796,96.88435363769531,5184000
2019-02-07,97.22857066974906,97.58879874655015,97.0444593901728,97.5247573852539,8781000
2019-02-08,97.868959950042,98.03706392213991,97.71686326262595,97.94100189208984,5885400
2019-02-11,97.54874074204514,97.80489999948477,97.46068542473915,97.55674743652344,4352800
2019-02-12,97.38871720528657,97.4607591881611,97.02048226840651,97.30866241455078,7939600
2019-02-13,96.9803960209005,97.17251395387112,96.78827808792988,96.94036865234375,4757700
2019-02-14,97.7728871842888,97.82091514038045,97.32460997458297,97.49271392822266,5868900
2019-02-15,97.30864513162925,97.67687389578539,97.29263784071898,97.64485931396484,5527200
2019-02-19,97.99703747322778,98.09309950418337,97.62080215280125,97.89297485351562,5872800
2019-02-20,97.62080881684177,97.7248775509778,97.33262881162216,97.61280822753906,4455800
2019-02-21,96.91635265065689,96.98840069109097,96.6201660085503,96.74024200439453,7382500
2019-02-22,97.23658647637643,97.62082246551041,97.19655909498621,97.31663513183594,6374600
2019-02-25,96.99644458398703,97.10051334359687,96.79631987067155,97.0284652709961,6293500
2019-02-26,97.44473853015684,97.51678050315104,97.14855172409551,97.50877380371094,6028900
2019-02-27,96.95639108451475,96.96439167311702,96.28396909543135,96.40404510498047,7737300
2019-02-28,96.50810614455716,96.55614021198308,95.82768357799796,96.07583618164062,9533400
2019-03-01,95.72530134018358,95.88573683707317,95.17178847153728,95.18783569335938,13541100
2019-03-04,95.6932075472292,96.07825516584484,95.5087012281523,95.9338607788086,9808500
2019-03-05,95.68516759957603,96.15846261191547,95.67714399049353,96.13439178466797,5595200
2019-03-06,96.19859979188693,96.67991245006762,96.17453507701127,96.48738861083984,7766700
2019-03-07,96.77615707849478,97.27351685548322,96.75209236867975,97.11307525634766,8187200
2019-03-08,97.16122622249925,97.61847414224582,96.94463155933278,97.52220916748047,7517600
2019-03-11,97.38585462322287,97.40189572824873,97.0489363356707,97.23343658447266,5157800
2019-03-12,97.30560820927538,98.05164483790867,97.27351988844777,97.91526794433594,6422300
2019-03-13,97.59439552506352,97.83504874735952,97.56230720471312,97.73076629638672,4386300
2019-03-14,97.61846609034927,97.67461912427515,97.0007765969429,97.02484130859375,8188400
2019-03-15,97.65854896206143,97.82700802426636,97.3858074671259,97.66657257080078,4302000
2019-03-18,97.52219413596151,97.76285347566991,97.48208220593636,97.61043548583984,3893300
2019-03-19,97.13714566022199,97.56231133268803,96.97671017190311,97.39385223388672,5220200
2019-03-20,97.65857550252056,98.5490065877516,97.65055801182255,98.41263580322266,10123700
2019-03-21,98.6372197756205,98.74150220690781,98.46073710711876,98.62919616699219,7182600
2019-03-22,99.63996016721815,100.49830271417136,99.51963051442239,100.16138458251953,13077000
2019-03-25,100.12123766199065,101.02771542534583,99.88058456073695,100.32178497314453,9736300
2019-03-26,100.03303156007347,100.50632656347673,99.96886104928657,100.24962615966797,7502000
2019-03-27,100.610636054398,101.34864914878337,100.52239469308866,101.17217254638672,14207200
2019-03-28,101.27644675471014,101.62941217117763,101.08392294582856,101.5251235961914,9143200
2019-03-29,100.81917491377129,101.45290534256816,100.78708659988308,101.42884063720703,10841400
2019-04-01,100.72779064582257,100.78406740018447,99.84343901997576,99.98815155029297,16501500
2019-04-02,100.07662473598909,100.28564925392256,99.89171182613111,100.173095703125,9725000
2019-04-03,99.37716892162994,99.5861995509041,99.18422087429649,99.3048095703125,10407000
2019-04-04,99.36914021047801,99.6022886084712,99.24051020720749,99.58621215820312,7503400
2019-04-05,99.38520156520603,99.82737439077675,99.3530425378306,99.7148208618164,6321800
2019-04-08,99.55402287242153,99.65049381213258,99.30479196618556,99.36106872558594,4446400
2019-04-09,99.86759253520214,99.96406350084159,99.50580801292901,99.67464447021484,7020300
2019-04-10,99.90776071234082,100.10875001670063,99.77108945746579,99.91580200195312,7519900
2019-04-11,99.6344429556056,99.70679617897119,99.21638779750728,99.32894134521484,8679300
2019-04-12,98.79833922627617,98.93501053270242,98.58930855345953,98.62146759033203,7005500
2019-04-15,98.70986375474361,98.87869403022015,98.66162828566651,98.87065887451172,3070000
2019-04-16,98.49282236286346,98.58929332487044,98.1953559180229,98.25163269042969,8927300
2019-04-17,98.18733644805152,98.5410797439158,98.1712599953802,98.29185485839844,6118500
2019-04-18,98.73394562060545,98.9670938592897,98.70982789482854,98.80630493164062,27589400
2019-04-22,98.4606368254133,98.54103131667969,98.27572397516475,98.33200073242188,6241200
2019-04-23,98.57319753878005,98.64555074609184,98.39632596485306,98.5410385131836,6239700
2019-04-24,98.97521201052066,99.36110819004946,98.95912942504327,99.34503173828125,7302000
2019-04-25,99.28067372976187,99.38519209219655,98.96713090987124,99.20027923583984,5380900
2019-04-26,99.67464892686303,99.7068018277082,99.40130020000971,99.53797149658203,5950700
2019-04-29,99.07166083261137,99.16813178309195,98.76615313286969,98.90282440185547,10246000
2019-04-30,98.8465508372355,99.48167786119963,98.83047438953726,99.4093246459961,7957400
2019-05-01,99.65019706080518,100.26248262048254,99.5776858400178,99.81938171386719,14371900
2019-05-02,99.642145955113,99.74687756302758,99.12653379116425,99.34405517578125,6612800
2019-05-03,99.62600708007812,99.80324371630829,99.39236942515373,99.62600708007812,6191700
2019-05-06,100.14967307810777,100.2060679513271,99.84353035871425,99.8999252319336,4482500
2019-05-07,100.32698240394404,100.81842640218578,100.21419258270012,100.66535186767578,8984900
2019-05-08,100.82641510491585,100.94726301486581,100.1416184773061,100.23023986816406,6907600
2019-05-09,100.79419534995907,100.9472697892736,100.14967721802671,100.64112091064453,9411900
2019-05-10,100.61696304166354,101.0681220930833,100.37526718035662,100.5041732788086,6037800
2019-05-13,101.02786740853851,101.45485820399271,100.90701944934256,101.29373168945312,10501600
2019-05-14,101.1164992167201,101.22928901779399,100.86674510298523,100.99565124511719,5690400
2019-05-15,101.68045802112503,101.72879475579118,101.3259722426832,101.61600494384766,9566300
2019-05-16,101.35817403244211,101.37429037111816,101.13259446363537,101.2776107788086,7666400
2019-05-17,101.73684976302407,101.75296610513406,101.26152216269982,101.50321197509766,4747100
2019-05-20,101.6079326954131,101.81739593499805,101.22927862500427,101.29373168945312,6043100
2019-05-21,101.1889861379669,101.28566572720199,100.94729638475224,101.1325912475586,4021800
2019-05-22,101.32593431205737,101.77709953752485,101.28565576377481,101.712646484375,5675300
2019-05-23,102.22827979180695,103.19505120298426,102.22022162184871,102.85668182373047,9743700
2019-05-24,102.76802392694186,102.94526672363281,102.63106581916452,102.94526672363281,4981900
2019-05-28,103.3400715245046,103.84761943623609,103.19504905460616,103.68649291992188,8098600
2019-05-29,104.46793912428808,104.65323394963458,103.92815868999232,104.00066375732422,13260600
2019-05-30,104.19405140048556,104.91912685848266,103.83956569456166,104.89495849609375,13024800
2019-05-31,105.45891188465926,106.26455678001392,105.38640679443705,106.20816802978516,18933600
2019-06-03,106.49068923034751,107.03157744817229,106.2000614382516,106.9185562133789,17822400
2019-06-04,106.07094002875046,106.36963650541105,105.39281230522002,105.69957733154297,14250000
2019-06-05,105.36857513322653,105.71570748138531,105.04564842964304,105.10216522216797,8815200
2019-06-06,105.7318586527823,106.23237965365956,105.20711968853317,105.44123077392578,9621100
2019-06-07,106.39382490412564,106.61987973420769,106.11127792371082,106.35346984863281,11378500
2019-06-10,105.49770183821649,105.51385124814804,105.20708636979134,105.3523941040039,8288700
2019-06-11,105.28781390914465,105.56229229939309,105.20709149233744,105.41698455810547,5115100
2019-06-12,105.26360014965611,105.55422796221126,105.19094627611523,105.49771118164062,5278700
2019-06-13,105.59461304980798,105.95789479686134,105.58653218357533,105.86102294921875,5560400
2019-06-14,105.83680591299212,106.32925834013852,105.82872504668879,106.12743377685547,5838800
2019-06-17,106.07090318466832,106.36959955757574,105.86101010078637,106.31309509277344,6046400
2019-06-18,107.16080079810828,107.2576726703212,106.52302812364853,106.84595489501953,10320700
2019-06-19,106.45034882233344,107.14462581714302,106.22430629550185,106.99930572509766,11962500
2019-06-20,107.29800213462808,107.7823736428999,107.03966080883585,107.28185272216797,10721500
2019-06-21,106.97507871376746,106.99122812671615,106.06284013564714,106.10319519042969,14495000
2019-06-24,106.6925540723773,106.99125052329426,106.6279687254556,106.89437866210938,6378800
2019-06-25,107.20115728647112,107.44334928860948,107.14465279973042,107.22538757324219,9604600
2019-06-26,107.11231358727264,107.1284629995669,106.46648491620955,106.53913879394531,12766800
2019-06-27,106.81359126336315,107.44328268755687,106.55526232137076,107.2898941040039,9724200
2019-06-28,107.03164046129521,107.4352897258264,106.92668771062975,107.21731567382812,8149200
2019-07-01,107.23346996017622,107.37906276492154,106.44075688137215,106.96653747558594,14131200
2019-07-02,107.23346214678077,107.89673877988729,107.14448465840054,107.79158020019531,10494300
2019-07-03,108.00189767855265,108.62472775649739,107.9938009615947,108.56002807617188,5380300
2019-07-05,107.20920150164807,107.2172982198783,106.50547819888129,107.12022399902344,12180100
2019-07-08,107.62168742727515,107.75919580293693,107.26577758789062,107.26577758789062,6490000
2019-07-09,107.32240363824008,107.34668144113492,106.90179409728907,107.225341796875,6215700
2019-07-10,107.05547904343643,107.12827542137917,106.37600915497832,106.63485717773438,9470000
2019-07-11,106.21425572978231,106.29514883808206,104.96048660646872,105.21125030517578,14126800
2019-07-12,105.08989835365053,105.51860462388491,104.89576232196639,105.33256530761719,6992000
2019-07-15,105.51862515214523,106.00395915449853,105.51862515214523,105.93924713134766,6055500
2019-07-16,105.29214242605227,105.63996801818561,105.12228415988218,105.62378692626953,6172700
2019-07-17,106.01205383103898,106.78858584175528,106.00396945581814,106.76432037353516,9662200
2019-07-18,106.34367073021977,107.0312250646812,106.15763140800426,106.77237701416016,5724900
2019-07-19,106.44070573489176,106.71572246229884,106.37599373858104,106.52159881591797,5804800
2019-07-22,107.15253740079088,107.16871848732589,106.5620573390656,106.72383117675781,5204100
2019-07-23,106.44881264209307,106.56205556084319,105.93921333644137,106.14143371582031,8108900
2019-07-24,106.44885425244985,106.69150892851519,106.34369566445002,106.60253143310547,6389700
2019-07-25,106.16569951180252,106.29512351722951,105.56712274361708,106.09290313720703,8893100
2019-07-26,106.52970539073465,106.59441740053313,106.16571113535278,106.34366607666016,6188400
2019-07-29,106.62677072568921,106.73191693314902,106.28702961681039,106.37600708007812,6231800
2019-07-30,106.77236556136613,106.85325865411566,106.31129714928932,106.63485717773438,5678500
2019-07-31,106.52973818489166,107.84821956249073,106.49738834131075,107.4923095703125,15798700
2019-08-01,108.11146758059024,109.73245068390047,108.00609972139681,109.62708282470703,26664800
2019-08-02,109.95134800733823,110.6402587890625,109.74061217176545,110.6402587890625,15143100
2019-08-05,111.96133821550289,112.56920707341979,111.57230560923067,112.55299377441406,18543000
2019-08-06,112.010015055978,113.45269012451173,111.92086042288304,113.45269012451172,12747400
2019-08-07,115.41404891777614,115.94897657374203,113.29056396285945,113.4931869506836,32582000
2019-08-08,112.77184836425485,113.81737752835444,111.8316747430157,113.73633575439453,14746000
2019-08-09,114.01186214682677,114.72509877648291,113.36346633505951,113.50936126708984,10626000
2019-08-12,114.86286969932156,116.24880339957403,114.6926610230364,115.87598419189453,14094300
2019-08-13,116.55679903820631,116.63785314785063,115.04928411551565,115.47884368896484,15974900
2019-08-14,117.65107510513812,118.11304932398217,117.28635601297029,118.08063507080078,15068900
2019-08-15,118.29134572777484,120.43915768887673,117.99146754182095,119.39361572265625,23588700
2019-08-16,118.380484953396,118.74520395826309,117.39168351176492,118.43722534179688,17150500
2019-08-19,116.3622977520981,117.24573072519742,116.31365786236493,116.74321746826172,13614700
2019-08-20,117.748274221184,118.02383852710723,117.39165577016514,117.95089721679688,7451500
2019-08-21,117.2943850371375,118.16160491172687,116.94586710028649,117.16470336914062,9372000
2019-08-22,116.71084957236077,117.27819150657886,116.28939026388734,116.38665771484375,13878800
2019-08-23,116.32184317338525,118.55069670741618,116.2488894768895,118.29944610595703,16191800
2019-08-26,118.226428127734,118.56683318015551,117.75634142664065,117.82118225097656,12174500
2019-08-27,118.84240977676232,119.72584281999447,118.72082859346004,119.63668823242188,11332300
2019-08-28,120.58498908260954,120.68224415731541,119.67724207302007,119.79071044921875,10095900
2019-08-29,119.34490771614468,119.41784900402479,118.43716093242124,119.33680725097656,8884900
2019-08-30,118.82615858373897,119.53128222695314,118.62353570997686,119.36918640136719,13550800
2019-09-03,119.42604385301395,120.7088868244008,119.0038517781212,119.52348327636719,15660800
2019-09-04,118.97141299507271,119.85640859705606,118.93081425234938,119.70214080810547,7962200
2019-09-05,118.26504963673248,118.37871869034785,116.82793829609702,117.53430938720703,19382900
2019-09-06,117.9402479646587,118.56543382630085,117.79410737801243,118.37056732177734,9466400
2019-09-09,116.77923242344907,116.91725825554316,116.25960066009549,116.26771545410156,15862700
2019-09-10,115.97541669159571,116.34078062971065,114.20542533455105,114.22978210449219,13851400
2019-09-11,113.99431811003095,114.6032621435012,113.98620331629066,114.02680206298828,10941700
2019-09-12,114.88740100571079,115.13098101214355,112.90630179058178,113.27979278564453,19163300
2019-09-13,112.27297566753654,112.62210982143479,110.86022186279297,110.86022186279297,18922200
2019-09-16,111.9482603598073,112.5084907791861,111.43674347446206,112.27302551269531,10971600
2019-09-17,112.33800758113453,113.34479961551742,112.0619558970132,112.88199615478516,9081200
2019-09-18,113.61268726133946,114.20540157727035,113.28792213701749,113.36099243164062,10984600
2019-09-19,114.28659063428893,114.4733423568076,113.6451751553212,113.7020034790039,13176200
2019-09-20,114.29471874662418,115.27714134267882,114.0267819325195,115.20407104492188,11519800
2019-09-23,115.48830713004915,116.23527722981721,115.04986034798834,115.17977142333984,15246700
2019-09-24,115.63435591289266,116.7954150941195,115.62624112300712,116.56807708740234,12421600
2019-09-25,116.31641611843384,116.55188139752418,114.59513841582955,114.86307525634766,14147100
2019-09-26,115.51260118496589,116.09718831761609,115.21218043771809,115.60191345214844,9636500
2019-09-27,115.5532207939604,116.08908210484826,115.40706778990186,115.88610076904297,10386900
2019-09-30,115.19594225361902,116.1783647302864,115.16345831034401,116.17024993896484,8006900
2019-10-01,114.89328133239604,117.04865623859797,114.79568375846388,116.51997375488281,16613700
2019-10-02,116.68262190047227,117.34143017069776,116.50368478872277,116.80461883544922,12891500
2019-10-03,117.10555469588097,118.48011143439335,117.05675592113441,117.87010192871094,13470500
2019-10-04,118.21992197899822,118.77299165702698,118.09791255424503,118.74046325683594,11516200
2019-10-07,118.06535456412612,118.36628873053343,117.69935120296158,117.75627899169922,11013900
2019-10-08,118.60218422103085,118.69164041546532,117.62615856133273,118.07350158691406,14529700
2019-10-09,117.6098535581895,117.61798255152108,116.95917418203523,117.4065170288086,8608800
2019-10-10,116.40615238567524,116.45495119217823,115.27560119585075,115.65787506103516,15054200
2019-10-11,114.66558102440904,114.76319103935687,113.63263995077801,114.22637939453125,26294000
2019-10-14,115.07220433663426,115.09660372711592,114.74687085642765,115.05594635009766,5936900
2019-10-15,114.41346906141874,114.64120512518012,113.50252480637316,113.66519165039062,11832300
2019-10-16,113.57565457641695,113.91725846618607,113.33978965634203,113.80339050292969,7729500
2019-10-17,113.47814057342819,114.17761926584659,113.29920329787794,113.52693939208984,6219300
2019-10-18,113.71400566718827,114.05560980850613,113.42120034453205,113.52693939208984,6456100
2019-10-21,112.70542288787355,113.04702690563447,112.42887566433978,112.67288208007812,8038000
2019-10-22,113.36417531314498,113.48617225518306,112.76229477418049,113.33163452148438,6683300
2019-10-23,113.89289200001576,114.12062799236449,113.34795141756123,113.44554901123047,5995400
2019-10-24,113.60819139777652,114.06367569530302,113.07952133140138,113.21778869628906,6161700
2019-10-25,113.48619381865092,113.50246421757275,112.49391046594548,112.66471862792969,5669800
2019-10-28,111.90019225527934,111.90019225527934,111.42032088762996,111.6399154663086,11402100
2019-10-29,111.9327370057885,112.0303470212569,111.56673357715802,111.71314239501953,5296600
2019-10-30,112.05474355275426,113.42115962749632,112.05474355275426,113.34796142578125,10914100
2019-10-31,114.25893144126266,115.23494491797756,114.21826162750689,114.87708282470703,15834100
2019-11-01,114.66191558961131,115.10189580758401,113.89603422911425,114.52340698242188,11425500
2019-11-04,113.2279248769828,113.36643347404322,112.8694261870237,113.0160903930664,11124300
2019-11-05,111.80210332426948,111.98135269746366,111.40286382354921,111.74506378173828,13493000
2019-11-06,112.4539156298828,112.77167361496917,111.89986873425407,112.42131805419922,9351900
2019-11-07,111.09328439292892,111.10142757254454,109.54522243482594,110.38442993164062,19209800
2019-11-08,110.11550332761855,110.7673179238916,109.81404420517812,109.91996765136719,10222900
2019-11-11,110.30296204945556,110.31110522916057,109.70003107822741,109.99334716796875,4577000
2019-11-12,110.22144927224537,110.76734053375687,109.82220979785701,110.49846649169922,5772900
2019-11-13,111.46802933415869,111.59025157828417,110.94658008328342,111.2154541015625,6672400
2019-11-14,112.27468651746028,112.79613593148645,112.16876302587639,112.36431121826172,10213300
2019-11-15,112.0139397497363,112.56798666695659,111.97319899471036,112.24207305908203,4657600
2019-11-18,112.60876385407687,112.9346651350567,112.38061803858663,112.44580078125,5943900
2019-11-19,112.7390950349194,113.44794945365027,112.7390950349194,113.38276672363281,7893100
2019-11-20,113.99380214912743,114.55599212646484,113.87973551838726,114.55599212646484,7905500
2019-11-21,113.77385230322732,114.13235110729796,113.35017076820431,113.83903503417969,5980900
2019-11-22,114.14863501937712,114.29528682065352,113.80642261839932,113.98567199707031,4664800
2019-11-25,114.31162000296156,114.49901261619658,114.21383967369111,114.31976318359375,4157300
2019-11-26,114.88186953622278,115.13444470702359,114.83298562346491,114.98779296875,4281100
2019-11-27,114.55603308371758,114.80860839692198,114.40936883042596,114.65380096435547,4095700
2019-11-29,114.57229047542845,114.62117440338828,113.88789061932764,114.40933990478516,6251100
2019-12-02,112.74522537518034,113.17779256849447,112.59015176744303,112.88397216796875,17702200
2019-12-03,114.29586838451141,115.70784437334986,114.20608963639857,115.25079345703125,13062400
2019-12-04,114.5407915224859,114.67138113758308,113.61853194342608,114.10006713867188,8586300
2019-12-05,113.16953840524943,113.80614665188405,113.12057045607757,113.54496765136719,7273800
2019-12-06,112.65545436355791,113.54507280727044,112.51670756117527,112.91663360595703,7931100
2019-12-09,113.43895925568836,113.5368952271362,113.0961709019114,113.16145324707031,4016900
2019-12-10,113.59402184612418,113.73278107906351,112.9655827496797,113.16962432861328,4947600
2019-12-11,113.691977503233,114.37755426316154,113.63483987971708,114.05924987792969,6256700
2019-12-12,113.60217869581336,113.67563066707346,111.4964683437327,112.18204498291016,14857000
2019-12-13,112.72886496250703,113.9449570126825,112.00247758515975,113.479736328125,11335100
2019-12-16,112.95740322796476,113.00638366373722,112.16572097470879,112.45954132080078,9156600
2019-12-17,112.80232809288934,112.90842122294843,111.98616194996728,112.3044662475586,6179700
2019-12-18,112.059606236306,112.18202616787404,111.22711334052481,111.38218688964844,6244700
2019-12-19,111.17618148555552,111.87920783801239,110.97998373360304,111.56039428710938,6591100
2019-12-20,111.28241276320396,111.74019486286275,111.11890846450294,111.70748901367188,5455700
2019-12-23,111.83837314163956,111.9691716913534,111.17622263496312,111.54408264160156,5175000
2019-12-24,111.11078891604127,112.0427064649968,111.08626575477658,111.86286163330078,4667400
2019-12-26,111.92009878631976,112.17351312021282,111.5931024896567,112.13263702392578,5290200
2019-12-27,112.3533569335083,112.50867861379315,112.23072864577296,112.25526428222656,7300500
2019-12-30,111.08625648416414,111.91189861631445,110.89824143894799,111.84651184082031,7979700
2019-12-31,111.34786982043742,111.5522378263328,110.66936654402879,110.75110626220703,10707400
2020-01-02,111.82203192475741,112.42696592536078,111.72393923900891,112.00187683105469,11034100
2020-01-03,113.03178029048017,113.75932937821416,112.71296692559953,113.72662353515625,12366000
2020-01-06,114.19267221158077,114.20902514513392,112.93375827429266,113.0809097290039,11369800
2020-01-07,112.99098181604555,113.19534981781474,112.51684655510506,112.52501678466797,8381200
2020-01-08,112.75393993378528,113.06458337615754,111.43782160373459,111.78115844726562,10621700
2020-01-09,111.17623623211774,112.35339837623985,111.10266671651955,112.17355346679688,7411500
2020-01-10,112.54135764362398,113.1953376738509,112.50866425524684,113.17081451416016,8776000
2020-01-13,112.71307666295391,112.88473884845284,112.31251077406226,112.82752227783203,5966900
2020-01-14,112.95829341049789,113.48148755058479,112.92560001355987,113.40790557861328,13920300
2020-01-15,114.05371787648286,114.24990320938369,113.64498180142601,114.15998077392578,6290500
2020-01-16,113.84114132929575,114.0618622524122,113.41606488860843,113.80027770996094,6798600
2020-01-17,112.46783249574752,112.92561495525999,112.28798760470526,112.82752227783203,9693100
2020-01-21,113.47329807207184,114.15997162949105,113.44060467708555,114.01283264160156,6794900
2020-01-22,114.21720856767146,114.56054537014322,114.11093319775104,114.41340637207031,6317000
2020-01-23,115.14093856879221,115.57419773985471,115.08370954026584,115.21450805664062,9747400
2020-01-24,115.60685844997134,116.53060555947856,115.50876582723767,116.14639282226562,8585000
2020-01-27,117.67508833996389,117.9530258178711,117.30722844583585,117.9530258178711,10935200
2020-01-28,117.6587566875436,117.78955522090871,116.75137460561423,117.02931213378906,10612900
2020-01-29,117.25816446008803,118.28817450321898,117.24998175844354,118.1737289428711,9566800
2020-01-30,118.45165558850996,119.08111234989798,117.95299730521312,118.19007110595703,14711800
2020-01-31,118.67236839818953,119.34270119764065,118.60696916358734,119.26911926269531,14538100
2020-02-03,118.68940915494852,119.35265947347575,118.00977873756685,119.17251586914062,15309000
2020-02-04,117.90340385016768,118.02622342289905,117.14188501614896,117.56768035888672,11388300
2020-02-05,116.51957995794055,116.8471071526318,116.19204026888771,116.28211212158203,10782600
2020-02-06,116.42127824085439,116.9944694078607,116.2738947940411,116.8061294555664,6683100
2020-02-07,118.09163306356591,118.51742805188358,117.80503763993168,118.26358032226562,11374800
2020-02-10,118.81226654558441,118.9350860773534,118.46834686791672,118.59117889404297,6699300
2020-02-11,118.3946651841223,118.50111711691659,117.8624305088675,117.99344635009766,7784100
2020-02-12,117.39570617675781,117.54310214046018,117.08455913224819,117.39570617675781,5595500
2020-02-13,117.4529962237216,118.07530262655308,117.31379660049704,117.84603118896484,7883400
2020-02-14,118.53385530421708,118.79588696561953,118.28001994120679,118.36190795898438,7137400
2020-02-18,119.00875236365995,119.59012717662412,118.66484525384413,119.17251586914062,6909200
2020-02-19,118.82868230739463,119.23809757167794,118.71404653316979,119.1644058227539,5707700
2020-02-20,119.61468688185599,120.31888117564014,119.5491789830907,120.09779357910156,9332900
2020-02-21,121.0230627932506,121.90740059242361,120.90023081054854,121.21957397460938,13860300
2020-02-24,123.50419714279433,123.61064909851588,122.82456637618942,123.0292739868164,15929300
2020-02-25,122.99648133251502,124.26565805924709,122.93915722518831,123.68429565429688,20802900
2020-02-26,122.78362235519182,124.23295573685193,122.48065908965941,123.0292739868164,22589500
2020-02-27,125.03535631775088,125.34651576028217,123.50414799775827,124.36392211914062,30687900
2020-02-28,126.46835174869308,127.72116125091685,126.23089643215013,127.17254638671875,44935200
2020-03-02,127.3521393128586,128.33618422930726,126.08927145128798,126.23688507080078,28152400
2020-03-03,126.1302442615095,130.96027529660844,124.94118976464198,128.19674682617188,38608000
2020-03-04,128.26237579906115,129.03321489866337,126.44188718466711,126.83550262451172,23463700
2020-03-05,128.85279103262656,130.23865957879985,128.59037242640795,129.99264526367188,17786200
2020-03-06,137.1925696324935,138.85724831630918,134.57664241140995,136.75794982910156,76288300
2020-03-09,146.8690565825759,147.36107269826627,139.68550367310314,140.46453857421875,41552800
2020-03-10,139.11151963116515,141.80944445583472,132.87101766754216,133.26463317871094,37728300
2020-03-11,135.6591251757667,136.9711933489438,127.62274828168752,128.36077880859375,29519300
2020-03-12,134.08450973596098,136.42162479909194,127.6472141013939,129.1560821533203,24361800
2020-03-13,127.10612495554393,129.73024890367702,124.8018159180769,126.23688507080078,19812900
2020-03-16,131.51793559155112,136.24955437419513,129.41042812524702,134.4126739501953,30496700
2020-03-17,134.07644104444807,135.82312895940095,125.22822148054485,125.44962310791016,18570900
2020-03-18,125.33479839377954,126.40085194198268,113.99365384514466,118.37267303466797,47061000
2020-03-19,120.50484272641063,125.83510127685858,119.11077760808703,121.59549713134766,21175300
2020-03-20,125.71207264265254,130.73890686035156,124.73622352079383,130.73890686035156,20863100
2020-03-23,129.15622067738727,136.69238565102535,128.39358995191708,136.12655639648438,19971800
2020-03-24,132.23130714084337,135.6754689172999,131.54247728811282,133.5925750732422,11948600
2020-03-25,134.1502744245153,136.68419377153077,132.53479542035845,133.2892303466797,10750600
2020-03-26,134.48638862550388,135.86404806381555,133.06772473688022,133.94515991210938,10576200
2020-03-27,135.73293461147202,137.9716388285508,134.97029140876043,137.52061462402344,12550000
2020-03-30,138.0126363334754,139.4969056756563,136.0773428095468,136.3889617919922,13473200
2020-03-31,135.88053140983538,136.88098051812096,134.94568695766137,135.2819061279297,11464800
2020-04-01,138.35982600287826,138.75402257358112,136.65167845581993,137.17726135253906,11334700
2020-04-02,138.6472193736079,138.96749616295645,137.35789195822971,138.0477294921875,5771200
2020-04-03,138.417345455657,139.8791235718456,138.080640516418,138.37628173828125,6570800
2020-04-06,137.1444275366398,138.1873856738598,136.7584511991856,138.01492309570312,9434800
2020-04-07,135.46914271303973,136.66812296727107,134.44261251481402,136.569580078125,13811400
2020-04-08,135.59226416653527,136.47918738763258,134.7874683390303,135.57583618164062,10147100
2020-04-09,134.91066082155947,136.15070439514048,134.5000488729838,135.8222198486328,14259100
2020-04-13,135.296659998473,136.08504058701527,134.5821990966797,134.5821990966797,8750300
2020-04-14,134.54933166503906,135.28844075342502,134.25369053586132,134.54933166503906,9019100
2020-04-15,136.98016847477516,138.45837421082894,136.9308970387207,138.1134490966797,10027800
2020-04-16,139.000389316181,139.87089740479144,138.80330354817423,139.6820068359375,8265400
2020-04-17,139.46030001362325,140.29793967751576,137.36617579211827,137.80963134765625,8612100
2020-04-20,138.32697636826407,139.02500926892634,137.9327923460734,138.9182586669922,6462600
2020-04-21,141.19306342847958,141.3737337456572,140.24866065941254,140.66748046875,7850700
2020-04-22,139.5835102000905,139.9284229392678,138.5487719825587,139.23037719726562,6230200
2020-04-23,139.50131768914625,140.37181312931563,139.28780395901083,139.96942138671875,5968600
2020-04-24,139.28779538377103,140.2978973388672,139.25495193918908,140.2978973388672,6211800
2020-04-27,139.32888004028698,139.40278719987302,137.50576158518749,137.68643188476562,9039500
2020-04-28,138.41724944141652,139.48484269820517,138.33512206363332,139.2713165283203,9905400
2020-04-29,139.22213388210776,139.8216240233489,137.93281843881766,138.54873657226562,8619600
2020-04-30,138.57338725386353,138.9757791247196,136.90630299517673,136.93093872070312,11606100
2020-05-01,137.73354874013458,138.23514604638754,136.86192351385998,138.10357666015625,10209400
2020-05-04,137.78279865385443,137.88146935874693,136.89472466840354,137.45388793945312,8300900
2020-05-05,136.146515058931,136.72211535390736,135.89982563332813,136.5740966796875,7831800
2020-05-06,134.2222816914066,134.55942332266667,133.25198632004071,134.37030029296875,14721500
2020-05-07,134.49358987229186,136.80422000697538,134.3126852844323,136.61509704589844,9164800
2020-05-08,135.25838011656734,136.00665389155412,134.59231520141108,134.83900451660156,8129800
2020-05-11,134.57591781231196,135.03639797688535,133.2931480546737,133.78651428222656,8713500
2020-05-12,134.1647050912687,135.62014790019296,134.14003741973693,135.15966796875,10057300
2020-05-13,135.75175570881385,136.73850049155456,135.53796497914792,136.1053466796875,13305600
2020-05-14,137.5854575696723,138.26794667631313,137.36343593599926,137.43743896484375,10080000
2020-05-15,138.3912993526774,138.54753633585977,136.77138833832274,137.0838623046875,7225600
2020-05-18,135.62012891260824,135.72703050570394,133.55618788487658,134.07423400878906,10073100
2020-05-19,133.63845742104678,134.6087527497078,133.60555882341905,134.57586669921875,8639100
2020-05-20,134.17287440389904,135.43097538052692,133.9344161505749,134.9787139892578,10927300
2020-05-21,135.56262254160072,135.97376721599025,135.0939115901696,135.31593322753906,8920000
2020-05-22,135.44754876110747,136.2369397789458,135.357096399986,136.1300506591797,4956700
2020-05-26,134.61693244101497,134.68270451696196,134.01665246057678,134.30445861816406,8098900
2020-05-27,133.86050732357685,134.7814801309924,133.6960519266913,134.057861328125,8047400
2020-05-28,133.17801910306656,133.67961622316182,132.9313297322235,133.56448364257812,10272600
2020-05-29,133.79471963413823,134.92947052360825,133.49869493533276,134.51832580566406,14632700
2020-06-01,133.4644593148535,133.7443940816457,133.11041382239452,133.61265563964844,13341400
2020-06-02,133.11039112900662,133.4561950578429,132.76458720017033,133.12686157226562,11517100
2020-06-03,131.88360004801285,132.00710952698796,130.86265870944777,131.35665893554688,12255700
2020-06-04,130.8461534977581,130.9202516274935,129.42176834092342,129.45469665527344,14038600
2020-06-05,127.29751286150446,128.57370154682616,126.10366379327255,128.53253173828125,17778500
2020-06-08,127.6763691213763,129.14192513122381,127.65989867090816,129.0266571044922,10346700
2020-06-09,130.95324420371918,131.43901555255687,130.3357344189452,130.49217224121094,9095300
2020-06-10,131.10962533559658,132.4763701868463,130.95318758097284,132.42697143554688,13135500
2020-06-11,134.41129569815382,135.21817162781494,133.90082496597802,134.9300079345703,17086400
2020-06-12,133.71967320816975,134.74885606477483,133.4232680429368,133.6291046142578,9716100
2020-06-15,134.93815910934623,135.2098647640602,133.4973037836962,133.70314025878906,7759800
2020-06-16,131.2496597134117,132.7481437092786,130.66507821006493,131.65309143066406,13698900
2020-06-17,131.95767682034463,132.36934985117583,131.1919584501014,132.19644165039062,7113900
2020-06-18,133.41499322849623,133.77726751369124,133.0609604445874,133.59613037109375,7691400
2020-06-19,132.55868995980322,133.79370881036039,132.48459184395253,133.70314025878906,8565500
2020-06-22,134.36182859170043,134.55119464389793,133.4396851410738,133.71961975097656,9319700
2020-06-23,132.9539366373728,133.4314789258041,132.6575315122522,132.8057403564453,9088600
2020-06-24,132.99511372834183,134.27953181964997,132.98688478892905,134.23013305664062,11436500
2020-06-25,135.20166191838496,135.31692986415032,134.53474105724536,134.61708068847656,10968000
2020-06-26,135.2345612218629,136.1155473466416,135.1769209797135,136.0579071044922,12119300
2020-06-29,135.72864713847306,136.07445108849407,135.34167335941595,135.6298370361328,7274400
2020-06-30,136.04154441403998,136.0909431959998,134.6006879782803,134.97119140625,14841700
2020-07-01,134.2061386529786,134.82437221049406,133.66209010364645,134.70896911621094,13181000
2020-07-02,134.11552985749012,134.97282118923417,133.73635346606494,134.8491668701172,7599800
2020-07-06,133.81048845317625,134.3792654055387,133.33238626971212,134.2968292236328,7972700
2020-07-07,134.7089997331589,136.29167649075336,134.5276501754973,136.1845245361328,12791900
2020-07-08,135.45091474629947,135.94549425661597,135.04699745490825,135.6405029296875,7253900
2020-07-09,135.731198365999,138.03102299698216,135.68174166524685,137.8002166748047,13373100
2020-07-10,138.44318463193636,138.65751378134158,136.967671827501,137.10780334472656,8478000
2020-07-13,136.42354238702754,137.62704261551457,136.2009747779112,137.56109619140625,8054000
2020-07-14,138.42669332167546,138.59980435748736,137.64359952100614,137.75900268554688,11344600
2020-07-15,136.76983359040534,137.61887387004248,136.69564853560252,137.1160430908203,7840300
2020-07-16,137.989751722913,138.29475555670933,137.69299905473056,137.76719665527344,9107400
2020-07-17,137.88257006426684,137.98972199219318,137.22311843505574,137.47865295410156,8549900
2020-07-20,138.08048469867967,138.17115951267635,137.4952302812478,137.81671142578125,6907200
2020-07-21,137.90739057364783,138.25360008033292,137.72604093995537,137.89913940429688,8454400
2020-07-22,138.69870687126965,138.86357930309762,138.2288556589616,138.311279296875,6592100
2020-07-23,139.2426998149686,140.0340444048831,138.88000073534093,139.9268798828125,10471800
2020-07-24,139.3169140650161,140.06704072091523,139.20151093164688,139.91867065429688,7520700
2020-07-27,140.3390678685418,140.3802859694186,139.3004396476382,139.39935302734375,6146400
2020-07-28,139.7537288795939,140.41318041920505,139.66305413567244,140.3637237548828,8520700
2020-07-29,140.17422781499283,140.45449081568938,139.29220812821225,140.12477111816406,6733700
2020-07-30,140.99848643706596,141.17158481065542,140.7511904682284,141.04794311523438,9376100
2020-07-31,140.25663590611487,141.33649483853299,140.08353748639817,140.95730590820312,8886000
2020-08-03,139.66168389419136,140.28060530473738,139.43886866063806,140.24758911132812,9066200
2020-08-04,140.97381417061266,141.59273566856194,140.8830385139005,141.58448791503906,9878900
2020-08-05,140.33843459783162,140.75104907687594,140.0331039127771,140.34669494628906,6954100
2020-08-06,141.4276521961371,142.14559689995517,140.80047053120495,141.1305694580078,9481800
2020-08-07,141.34513418040638,141.52668545482112,139.9422482715549,140.1898193359375,8176900
2020-08-10,140.4704244153095,140.4951802679094,139.52141648700663,139.5626678466797,6408500
2020-08-11,137.95344235773797,138.21752151332336,136.888903167754,137.9039306640625,19234200
2020-08-12,136.74035754627567,137.0457006485008,136.1544523730094,136.6495819091797,11744800
2020-08-13,136.41857828085938,136.64139359465082,134.65258905716303,135.18899536132812,12744700
2020-08-14,135.18066453200805,135.46123917079385,134.6442710995066,134.6607666015625,6398100
2020-08-17,135.3127364095601,135.71710296223517,134.86710590791992,134.9991455078125,6901500
2020-08-18,135.63452857356384,136.05539048797687,135.41171339911693,135.96461486816406,8140600
2020-08-19,136.4680441465125,136.66610353578267,134.75982756001622,135.1146697998047,12497700
2020-08-20,136.48448778660213,136.69904257965968,136.10487728444204,136.33595275878906,10319900
2020-08-21,136.79818803922524,137.26031417391545,136.1710060632947,137.1530303955078,6836000
2020-08-24,137.25204231874858,137.78843593261664,136.87243157934108,136.93019104003906,6490600
2020-08-25,135.6263984183057,136.23705985198882,135.19727578966652,135.88221740722656,10518300
2020-08-26,135.37875174978385,135.6098147459894,134.74332221422404,135.36224365234375,8276600
2020-08-27,135.96456220161144,136.0140864594045,132.99374892501385,133.0597686767578,19860100
2020-08-28,133.49728280554942,133.7283458904094,132.56477011822577,132.96087646484375,8415400
2020-08-31,133.35692924730625,134.71855122132405,133.3239130561372,133.84381103515625,11388100
2020-09-01,133.63979747557588,135.54823995557345,133.16062258765675,135.37474060058594,10587000
2020-09-02,135.08554308598315,136.77917518724928,135.0690289470416,136.66351318359375,15167700
2020-09-03,136.93618732815006,138.16717177057473,136.6800794321931,137.05184936523438,16416600
2020-09-04,135.82910417839526,136.06868527076065,134.20982341567864,134.4494171142578,13780300
2020-09-08,135.7960617789723,136.5313444685762,135.2755889892578,135.2755889892578,13790400
2020-09-09,135.4408366531183,135.69694454668362,134.46596011575434,134.91209411621094,9558900
2020-09-10,134.21810637838644,135.77954998697683,133.7967562482142,135.59779357910156,8847700
2020-09-11,135.74645605598474,135.96126589560484,135.55644263388416,135.88690185546875,5458200
2020-09-14,136.14302699910255,136.38262068057514,135.6803789874197,135.878662109375,4274900
2020-09-15,135.63081102726844,135.8786617775541,135.31686590315908,135.54820251464844,6928500
2020-09-16,136.13482340396038,136.2257016281106,134.64773092069217,135.1434326171875,8815200
2020-09-17,136.23394878516947,136.2835290361846,135.32517921602863,135.55650329589844,7813900
2020-09-18,135.63082076588765,135.68865807446605,134.94510577022024,135.1351318359375,7246300
2020-09-21,136.22556280589933,136.64689999419943,135.60594261982004,135.82073974609375,11086900
2020-09-22,135.85390104109888,136.2174138557739,135.38298327493848,135.7134552001953,10524100
2020-09-23,135.7382300583608,135.9282435239558,135.06077211096635,135.89520263671875,6224800
2020-09-24,136.28348852808242,136.41566467285156,136.0025842806918,136.41566467285156,8278100
2020-09-25,136.4074076032451,136.66351542939006,136.07694833200253,136.41566467285156,5140300
2020-09-28,136.20910009851718,136.233883909114,135.79601978028919,136.02734375,4470100
2020-09-29,136.1512700356645,136.51478271835202,135.95298695250486,136.18431091308594,10297600
2020-09-30,135.4903459602948,135.4903459602948,134.29241554469294,134.8789825439453,12971000
2020-10-01,134.3985471265451,135.41578726622916,134.0594796992635,135.1015167236328,11523900
2020-10-02,135.30821981955714,135.35783880871767,134.12557922770625,134.59698486328125,8828800
2020-10-05,133.10839226250974,133.10839226250974,131.92576393303162,131.9671173095703,14726000
2020-10-06,131.7686183515789,133.48881520274978,131.23104973724426,132.67832946777344,22419400
2020-10-07,131.95870920243206,132.66994367342548,131.3798003584296,131.71060180664062,9429200
2020-10-08,132.2979190424354,132.529482807846,132.04154577496507,132.42196655273438,8431500
2020-10-09,131.9257626078932,132.54602539190694,131.33857495321092,132.39715576171875,8441500
2020-10-12,132.6783504524622,132.88510473238136,132.4137115361912,132.81895446777344,3962000
2020-10-13,133.3233750062999,133.83612135000286,133.2985528942192,133.76995849609375,7914300
2020-10-14,134.24963733071658,134.59698286896867,133.9519107808898,134.07595825195312,6954800
2020-10-15,134.83682384003512,134.96088394109574,133.67900527912477,133.8444061279297,9458800
2020-10-16,133.69555762212323,134.2413918151175,133.23243016841053,133.47225952148438,8416300
2020-10-19,132.7362706486684,133.13323540132154,132.36411540435097,132.96783447265625,9286600
2020-10-20,132.20688852241037,132.33093597815815,131.45430030614529,131.70240783691406,11189000
2020-10-21,131.32203287659084,131.8017042837745,130.97468722710173,131.2476043701172,10453700
2020-10-22,130.90848839778073,131.1896837104787,129.8168327447913,129.88299560546875,12664900
2020-10-23,129.68449283733958,130.84232384362747,129.6348738520781,130.67691040039062,8783800
2020-10-26,131.6693689371851,132.33925062101906,131.50395545832717,131.8926544189453,7227300
2020-10-27,132.512890696253,132.90158957940122,132.23997365366336,132.7775421142578,6062300
2020-10-28,133.4639587270643,133.53012157720008,132.48807246165327,132.90158081054688,11765800
2020-10-29,132.92643467267723,133.00914141777275,131.0573808547279,131.61148071289062,11932400
2020-10-30,131.52044063346096,131.78509198610035,130.31300354003906,130.31300354003906,13095400
2020-11-02,131.38848332297243,131.79416120454005,131.08216260325605,131.2891387939453,10810500
2020-11-03,130.6847544667699,130.79237348128925,130.0141410865893,130.52745056152344,16228700
2020-11-04,133.82249600419655,134.26128442162107,132.91179591171846,133.35887145996094,21570800
2020-11-05,133.82257168055094,133.90536723862286,132.94499434943393,133.59075927734375,18537500
2020-11-06,132.15012547102504,132.39849937244244,131.58715641844552,131.9762725830078,12408400
2020-11-09,129.12834192479252,129.2773587588012,128.01895227330266,129.20285034179688,23245000
2020-11-10,128.29213945421566,128.99585098791363,128.143110014075,128.4577178955078,12561000
2020-11-11,128.34177970843356,129.10345045463876,128.30038195023087,128.9213104248047,5888200
2020-11-12,129.93136722092154,131.1401010232546,129.74095267479407,131.11526489257812,15999700
2020-11-13,131.10706104862874,131.22296726519016,130.7345062548835,130.9414825439453,7344600
2020-11-16,130.58537226827775,131.04072226642617,130.48602777152539,130.62677001953125,6310400
2020-11-17,131.44648835546047,131.76937081972048,131.2974588773559,131.47959899902344,7444600
2020-11-18,132.00113963498504,132.10877129847344,131.09872646014583,131.8603973388672,10333300
2020-11-19,132.4399163424066,133.06084486962317,132.33228468851894,132.5392608642578,10637200
2020-11-20,132.90359191989936,133.7397714427212,132.78768572235148,133.71493530273438,7246800
2020-11-23,133.1436316457114,133.2843739200285,132.69655606110663,133.10223388671875,11300000
2020-11-24,132.4565524866553,132.4813886310896,131.6451963257005,131.7776641845703,10891700
2020-11-25,131.8438907432958,132.39031115596342,131.32230647367396,131.37197875976562,9145800
2020-11-27,132.14181317077418,132.68823307101212,132.11697705101955,132.64683532714844,4708200
2020-11-30,132.48958248222934,132.9035348145822,132.26604468556846,132.48130798339844,13071600
2020-12-01,131.39815835189518,131.55562268745243,129.84838910072688,130.52796936035156,13662800
2020-12-02,130.01416616381405,130.05559350330233,128.853909806858,129.49205017089844,12114300
2020-12-03,130.06390491963543,130.79320828159806,129.76555469389703,130.53628540039062,9626500
2020-12-04,129.02790237653576,129.11076966890917,128.26545499990385,128.62181091308594,12734500
2020-12-07,129.57490199812526,130.01413792524795,129.43400354991886,129.78208923339844,9316100
2020-12-08,130.5859307424892,131.00030506714668,130.27928514316613,130.3953094482422,7397200
2020-12-09,129.74065074644523,130.37879097920904,129.29311923152318,129.96441650390625,7750100
2020-12-10,130.3124609492667,131.1826370398825,129.9726709191143,131.11634826660156,10025100
2020-12-11,131.48101638004198,132.09429515792525,131.20754035367943,131.58047485351562,8135900
2020-12-14,130.5196590646766,131.51415514125475,130.20473045957377,131.21580505371094,7535900
2020-12-15,130.76004806207771,131.26558558105717,130.3705349255341,130.77662658691406,6847500
2020-12-16,129.7655867964485,130.85124652249866,129.60812238200532,130.4285888671875,9954200
2020-12-17,131.18679205926887,131.46056604429992,129.77643892567286,130.08340454101562,9422700
2020-12-18,130.34890121962712,130.56460888452563,129.56906231185675,129.69351196289062,6505000
2020-12-21,130.41519749738754,130.5313428434751,129.79298757358427,130.20779418945312,8988200
2020-12-22,130.71390160839485,130.93790079886946,130.31569067113801,130.87982177734375,7370800
2020-12-23,129.93405695606558,129.9921359749391,128.97171495654868,129.9755401611328,9266600
2020-12-24,130.16628904702023,130.6059829729871,130.1248185195409,130.48983764648438,3117100
2020-12-28,129.73497115611377,130.62265107305595,129.50268037454583,130.54798889160156,7791100
2020-12-29,129.7433044117391,130.489951783924,129.7184170099264,130.38211059570312,9030900
2020-12-30,130.09997725023754,130.68899566523197,129.9838192236743,130.6641082763672,9097300
2020-12-31,130.63088722959804,131.14524331230416,130.62258299672112,130.85487365722656,7742100
2021-01-04,129.97556684760326,131.2282788808997,129.86771302406336,130.69732666015625,13152900
2021-01-05,130.207754806727,130.207754806727,129.1375596313904,129.72657775878906,10458100
2021-01-06,127.61115420846389,127.63604160066672,126.34183391163305,127.06360626220703,22827300
2021-01-07,125.92704584570116,126.24230307223857,125.48735163968803,125.94364166259766,14651900
2021-01-08,125.66987608936158,126.06809976822865,124.9895994577055,125.53714752197266,13622500
2021-01-11,125.27169390226213,125.44591838422896,124.84859538734699,125.32977294921875,8370700
2021-01-12,125.09742998861324,125.40439563066322,124.38396178161179,125.23017120361328,12186300
2021-01-13,125.8191936195689,126.98895175937807,125.74453143844869,126.6405029296875,12533300
2021-01-14,126.58249142306177,126.63226623204694,125.09747544085155,125.45421600341797,14835500
2021-01-15,126.25886483211171,126.39989759044178,125.66154217395149,125.95191192626953,11624700
2021-01-19,125.78596324078536,126.39988163386519,125.69470527233965,126.3583984375,9575600
2021-01-20,126.09296788727025,126.49947042464204,125.92703505032863,126.4828872680664,5368900
2021-01-21,125.63663700432492,125.8938150954065,125.35457152758345,125.59515380859375,8162700
2021-01-22,125.97684447445516,126.10957304470665,125.62010400347212,126.0017318725586,9507200
2021-01-25,126.73176582875043,127.50331304020028,126.63221625007249,127.4867172241211,8712600
2021-01-26,127.0138411128602,127.42864789290364,126.86450408941744,127.24613189697266,7690300
2021-01-27,127.81855821301222,128.1752859422766,127.37055983335763,127.56967163085938,7895200
2021-01-28,127.26270525742744,127.31249270067474,126.23399262380217,126.86449432373047,10667800
2021-01-29,125.6200495537058,126.50774189762735,125.52050000444166,126.10122680664062,14965900
2021-02-01,125.96501353408186,126.54641352702656,125.8238172981931,126.24740600585938,8165500
2021-02-02,125.20088878917961,125.49158245530018,125.01816126255773,125.4334487915039,9177500
2021-02-03,124.94345003716334,125.07634514143695,124.23746855866237,124.32051849365234,9633100
2021-02-04,123.88858577530657,124.16267708094398,123.58957823039034,123.98825073242188,8262600
2021-02-05,123.83879498755829,124.22916643244038,122.94177205082337,122.9500732421875,10258900
2021-02-08,123.1743420337572,123.97168737026409,122.95838430520588,123.48995208740234,11574800
2021-02-09,123.93845281332887,124.3122091803012,123.47333265233452,123.581298828125,5218300
2021-02-10,123.98828441695535,124.40357208251953,123.87200437754034,124.40357208251953,8079800
2021-02-11,124.32051389144837,124.41187768805744,123.54808488940503,123.7225112915039,11962700
2021-02-12,122.67590343189742,122.99152593203797,122.11941980040564,122.18586730957031,14088400
2021-02-16,120.61609999010254,120.98155501022671,120.15098002760575,120.32539367675781,17789100
2021-02-17,121.22241835669305,121.57957219589228,120.41675959519081,121.08952331542969,11199100
2021-02-18,120.10951188414647,120.93178611168733,119.86865058893811,120.59954833984375,10755300
2021-02-19,119.65269288922057,119.86865060934946,118.64770372896353,118.99654388427734,12741700
2021-02-22,118.79718057666003,119.38689459831832,117.70912899411486,118.0911865234375,13203900
2021-02-23,117.54302754839239,118.356987846031,117.22740485859258,117.75067138671875,12658500
2021-02-24,115.7406463903687,117.26058768554438,115.5828350920486,116.97819519042969,17363100
2021-02-25,115.88187456655933,116.21409963192899,113.46489729423747,115.06790161132812,52621700
2021-02-26,116.9200361019983,119.02138965485368,116.01469979904049,118.87187957763672,45423300
2021-03-01,116.96928563774931,117.5929665843178,116.49528202772301,117.30191040039062,22048000
2021-03-02,116.75306792566431,117.36012651525434,116.66159421276863,117.31023406982422,12482200
2021-03-03,115.90489103504422,116.54519444730809,115.38930606911902,116.03793334960938,19763700
2021-03-04,116.1127838158052,116.37056995234965,114.72405553690642,115.28952026367188,22366600
2021-03-05,114.89867586353304,115.87161674908043,114.74899850675178,115.51404571533203,20598000
2021-03-08,115.44750324996942,115.50570687378698,114.61592864990234,114.61592864990234,15236600
2021-03-09,115.81341302290654,116.27078164962441,115.56393807298562,116.20425415039062,14463400
2021-03-10,116.25411771927786,116.54516118119,115.82169542610508,116.43706512451172,12387600
2021-03-11,115.73024585008199,115.90488211469209,115.1398349373226,115.5971908569336,14150700
2021-03-12,113.42680589357231,113.47671104381428,112.80312474821434,113.14407348632812,20402700
2021-03-15,113.5016551690246,114.00059246276028,113.43512765876149,113.80933380126953,11366500
2021-03-16,113.94235224447154,114.02550208898913,112.88624897741148,113.3519287109375,15567900
2021-03-17,112.3872879639533,112.70329033258876,111.55571346865563,112.50370788574219,27107500
2021-03-18,110.85722559977309,111.82185533514235,110.75744069226022,111.36448669433594,21615100
2021-03-19,111.49753399019117,112.12121499668469,111.26469409620607,112.0546875,18685000
2021-03-22,112.83639558234879,113.4351305008931,112.5702855346289,113.31038665771484,17047500
2021-03-23,113.58477377950305,114.37476712711525,113.21887891816984,114.33319854736328,16768400
2021-03-24,113.97559909026062,114.99012099670558,113.88412538758705,114.94853973388672,13863000
2021-03-25,115.08161306767354,115.30614177167679,114.00056350593493,114.04214477539062,20782000
2021-03-26,113.44337717242843,114.12527426533336,113.2770648315891,113.64295959472656,8433300
2021-03-29,113.78432492542895,113.80095996604236,112.23759605765439,112.67832946777344,13968100
2021-03-30,112.51203246967916,113.51823050967259,112.27086875876444,113.26876831054688,15020800
2021-03-31,113.37686533064219,113.58475895756011,112.24592349265589,112.63676452636719,19271300
2021-04-01,113.70685188856785,114.59784732310945,113.49867384142884,114.5062484741211,14885900
2021-04-05,113.70679217000614,114.0565295807768,113.19883749351644,114.0065689086914,8243000
2021-04-06,114.2148285973732,114.89764611489802,114.08991412157748,114.78106689453125,9282400
2021-04-07,114.45621404672313,114.99748424432322,113.98157501220703,113.98157501220703,11052700
2021-04-08,114.40626915716643,114.97251976592305,114.3812888206509,114.92254638671875,7847900
2021-04-09,114.4979259264602,115.07249936955263,114.1565108796691,114.5062484741211,8717800
2021-04-12,114.46461882287014,114.52290206671364,114.16484193776007,114.45628356933594,7659000
2021-04-13,114.33136312765424,115.33893755851383,114.24808684300831,115.31395721435547,13232800
2021-04-14,114.93924825414246,115.11412338298176,114.55620780990868,114.94757080078125,7293200
2021-04-15,116.15499150069773,117.39572414242403,116.13001115933248,116.87112426757812,23896700
2021-04-16,115.83025381411025,116.35485377707924,115.68868158102477,115.9634780883789,15238400
2021-04-19,115.53044973505173,116.00508889504331,115.3722324463296,115.63037109375,13886800
2021-04-20,115.2889268873585,116.37977712993231,115.27226909641577,116.16327667236328,11476500
2021-04-21,116.19664414987761,116.50475627584676,115.80528114142466,116.39649963378906,11902200
2021-04-22,116.57967704059267,116.90443420410156,115.9135049162683,116.90443420410156,14156400
2021-04-23,116.89609731258354,116.97103833200165,116.1549842505963,116.62962341308594,12302200
2021-04-26,116.70455456356497,117.00433132206217,116.45475118662881,116.46307373046875,9103500
2021-04-27,116.23827854055261,116.42981147126119,115.35560575095042,115.44720458984375,14137300
2021-04-28,115.45546863843765,115.6553240146286,114.88090825596076,115.52208709716797,15263700
2021-04-29,114.45622672227958,115.21399745913682,114.18976557129139,115.18069458007812,17178200
2021-04-30,115.33894795128484,115.52214562907152,114.89761155648374,115.44720458984375,15692000
2021-05-03,115.66649739164393,116.45873114761818,115.31624708031237,115.51639556884766,16447700
2021-05-04,116.3253404630129,116.88407415032343,116.0501409946701,116.30032348632812,18639700
2021-05-05,115.94171233241234,116.62554354963017,115.84997918680527,116.49211120605469,11127900
2021-05-06,116.12512740194795,116.90902616867285,116.08342822237263,116.6838607788086,21907600
2021-05-07,116.83404339657665,117.25100998582236,115.84166087820213,116.10851287841797,18346900
2021-05-10,115.87498330561802,116.125165740865,114.82423234734942,114.93264770507812,15146200
2021-05-11,114.44063010328402,114.64911336799697,114.05702802210504,114.28218078613281,15158600
2021-05-12,113.97362342382021,114.08203878750972,112.8811732121452,113.0813217163086,20859400
2021-05-13,113.35651473363639,113.72344731599199,113.10634499549269,113.2564468383789,13073900
2021-05-14,113.85687840552518,114.31554412841797,113.59836119575156,114.31554412841797,17566700
2021-05-17,114.10707203175544,114.39060624281333,113.89025399826582,114.0737075805664,6113800
2021-05-18,113.74846538537143,113.89024520476327,113.47327867076294,113.78182983398438,11423100
2021-05-19,113.86522270725283,114.4990200228952,113.09800576314696,113.50663757324219,14296000
2021-05-20,114.0486708998746,114.65745114319984,113.97361998488083,114.44062042236328,13310500
2021-05-21,114.79923666084193,114.8325883868151,114.29887169757701,114.80757141113281,10171600
2021-05-24,115.0744430247781,115.56646054247278,114.99104461762528,115.23287963867188,6868700
2021-05-25,115.60815744015865,116.3336752136378,115.59980996472365,116.30032348632812,12346900
2021-05-26,116.40867924517211,116.67554385537609,115.81659406909013,116.10012817382812,9793700
2021-05-27,115.4997234853512,115.65817279541591,115.07442222528911,115.6331558227539,10695200
2021-05-28,115.56644188874388,116.16687469385853,115.36629337876957,115.44969177246094,10258000
2021-06-01,115.0981112933725,115.46555934896138,114.622079056002,115.42381286621094,11778500
2021-06-02,115.70776153774086,115.90818544390329,115.51568437995944,115.69105529785156,7347900
2021-06-03,115.67429572880788,115.67429572880788,115.12311749784283,115.25672912597656,10994000
2021-06-04,115.68266874965401,116.83514404296875,115.68266874965401,116.83514404296875,15773700
2021-06-07,116.57632434414482,116.67654906569751,116.35084739269494,116.47611236572266,7799800
2021-06-08,117.46984006253763,117.46984006253763,117.09403266766779,117.2944564819336,11230900
2021-06-09,118.38853848191035,118.71424008700662,117.96262491928532,118.33008575439453,12768300
2021-06-10,117.61187607267759,119.05665375121283,117.48659837651628,119.03994750976562,19698300
2021-06-11,118.84784698486328,118.92300594191701,118.4553332183036,118.84784698486328,8646700
2021-06-14,118.67250566829472,118.67250566829472,117.76220023670137,117.93758392333984,9401300
2021-06-15,117.58677940455269,117.82896247150025,117.31953061318073,117.79556274414062,18207300
2021-06-16,118.08794093515812,118.31343068024219,117.09414219258274,117.69542694091797,19676300
2021-06-17,118.47205274334459,121.03590626324015,118.2883223323013,119.45750427246094,35225800
2021-06-18,120.49306134411161,121.96289172858421,120.35943692467063,121.7040023803711,26616900
2021-06-21,120.58492698253774,120.66844543077664,119.44079815179595,119.66627502441406,16485000
2021-06-22,118.73095535964625,119.99200264594782,118.68919612645664,119.95860290527344,14530200
2021-06-23,119.51599559319378,119.84169725719893,119.18194717892752,119.64962005615234,12040900
2021-06-24,119.77483208516112,120.17569255372607,119.69967313664105,119.84164428710938,8788400
2021-06-25,119.6412221864983,119.75814036830168,118.06282036058948,118.59730529785156,15562200
2021-06-28,119.19023171889523,120.09217725840779,119.17352548396255,119.81658172607422,11460700
2021-06-29,119.50764249722052,120.02542133477883,119.45752376892467,120.01707458496094,11217900
2021-06-30,120.46798760893358,121.03587217905616,120.31766972029777,120.55150604248047,15708900
2021-07-01,120.39932032330627,120.67527529860449,120.02302272417,120.5582046508789,10810000
2021-07-02,120.60835221061576,121.28569030761719,120.50800960653885,121.28569030761719,9650200
2021-07-06,121.85432499894527,122.91633098350546,121.85432499894527,122.707275390625,20037200
2021-07-07,123.4013749352121,124.22922714115461,123.10869192195825,123.79438781738281,20964400
2021-07-08,124.49682209469101,124.96510469906481,123.90309844716738,124.2793960571289,17487800
2021-07-09,122.81596688165567,122.91632223571987,122.49821107971533,122.53165435791016,14483600
2021-07-12,122.99993129327432,123.11700190131418,122.23060833190675,122.37276458740234,10610400
2021-07-13,122.77421006287808,123.30939202436169,120.9512381329923,121.43624877929688,23340200
2021-07-14,122.09689549669066,122.85786136350995,121.9296534762272,122.81604766845703,16038600
2021-07-15,123.7191555228928,124.26270797596052,122.94983211030537,124.17072296142578,18462400
2021-07-16,123.20898612761252,124.04520839712487,123.1922708692345,123.93650817871094,12787900
2021-07-19,126.22779231688322,127.0640148731524,125.95183734214517,126.6542739868164,40203900
2021-07-20,127.54902211764828,127.6995488088671,125.23268212524243,125.43338012695312,25674800
2021-07-21,123.9114376544672,124.17903496560126,122.64874633687631,123.84455108642578,19988900
2021-07-22,123.85290251211823,125.27447806700229,123.81108883938076,125.01525115966797,18136900
2021-07-23,123.71076405212685,124.31284529899533,123.66895037336646,124.17904663085938,12639300
2021-07-26,124.59713967264611,124.6473109759221,123.66057465218374,123.81108856201172,10737700
2021-07-27,124.87315060150418,125.17419131590745,124.58883791560862,125.13237762451172,13036500
2021-07-28,124.32128255027719,125.15750562205662,123.986798425466,125.14077758789062,14346700
2021-07-29,124.41322210552266,124.78116216412458,124.20416641402129,124.4466781616211,11532000
2021-07-30,124.70589422912722,125.19926255541661,124.64735251596798,125.03202056884766,14342100
2021-08-02,125.12574297052727,126.61603185841054,124.89968418239232,126.14717864990234,21232700
2021-08-03,126.21417236328126,126.61604475790317,125.91276487349155,126.21417236328125,13361900
2021-08-04,126.84214334979012,127.11006688042733,125.35185384268763,126.4737548828125,18267900
2021-08-05,126.22256808015685,126.3565298330724,125.58626891675183,125.82906341552734,15345400
2021-08-06,124.17974082456719,124.54811657703125,123.6522742711517,123.72762298583984,21144300
2021-08-09,124.03733340837219,124.38060551792927,123.26707269748553,123.28382110595703,12942400
2021-08-10,123.48476879945004,123.55174966081951,122.70612746441128,122.71450805664062,13716900
2021-08-11,122.58056750638276,123.26709909723687,121.99450083728897,122.63916778564453,17227600
2021-08-12,122.31262325690491,122.60566292936755,121.7600407304118,122.43821716308594,14709400
2021-08-13,122.93218163234923,124.3806059758,122.91543322381607,124.37223815917969,18653800
2021-08-16,124.90804870544477,125.60296061269341,124.58989287976006,124.67362213134766,19170900
2021-08-17,124.64855220386721,125.1425217559339,124.47272582034955,124.6234359741211,14126900
2021-08-18,124.50619625463341,125.14249523216371,124.28850527591322,125.04203033447266,13144000
2021-08-19,125.84582985612245,125.97142380820833,125.42720889976503,125.96304321289062,15474300
2021-08-20,126.08024461128375,126.2644388366345,125.67837210838051,126.04676055908203,12388400
2021-08-23,125.75373273471192,126.00490786358591,125.51930602117557,125.96304321289062,10615000
2021-08-24,125.38531666648201,125.64487233357599,124.98344421386719,124.98344421386719,13835900
2021-08-25,124.92485084243562,125.05879981718257,123.5601426613799,123.94526672363281,16743800
2021-08-26,123.88660276833991,124.38895268515819,123.5014661287407,124.2884750366211,16657400
2021-08-27,124.3889878887715,125.15924861067411,124.18804531011715,125.1341323852539,15384700
2021-08-30,124.74064211760025,125.50252233482698,124.69039688570808,125.4606704711914,10596300
2021-08-31,125.31000013709571,125.66164022029201,124.33042859634213,124.60671997070312,15262400
2021-09-01,125.1340131346442,125.23460581998256,124.48013509686118,124.8154525756836,10807100
2021-09-02,125.10883938299507,125.36871229467894,124.69806468261585,125.36032104492188,9765900
2021-09-03,124.29563395819572,124.49681921121967,124.01899144375341,124.22017669677734,12928000
2021-09-07,123.44897536473007,123.6669431791302,122.94599928315569,123.17233276367188,15547800
2021-09-08,123.78431713305939,124.22861846957258,123.55797083981355,124.01065063476562,14533700
2021-09-09,124.211868140567,125.65375629247202,123.94361672173484,125.51124572753906,20324600
2021-09-10,124.82378566028989,125.05013191156279,124.20344727081657,124.40463256835938,14894600
2021-09-13,124.94111277246515,125.31836068202279,124.86566830716707,125.1590805053711,15036100
2021-09-14,125.51957084750325,127.06206381858388,125.39383004703782,126.67643737792969,19918400
2021-09-15,126.76033017596905,126.79385680734214,125.68728609890157,126.23219299316406,11940300
2021-09-16,125.46927341548748,126.1231511551857,125.32676291237746,125.65370178222656,13328900
2021-09-17,125.05854172802916,125.2094435305635,124.65615824050492,125.05016326904297,13782900
2021-09-20,126.22380835685932,126.89444328384104,125.93877444219667,126.60104370117188,14660400
2021-09-21,126.34113830035878,126.55071485910086,125.91359393394059,126.49202728271484,10035800
2021-09-22,126.40816155423869,127.24646759033203,126.11476211652702,127.24646759033203,22277800
2021-09-23,126.0980100080488,126.1231581693176,124.35433167470308,124.37110137939453,23853300
2021-09-24,123.93518963572542,123.94358088458685,123.01306046015935,123.15557098388672,20203900
2021-09-27,122.44303081005079,123.12205694780745,122.29214179790065,122.7029037475586,13464300
2021-09-28,120.99269430149812,121.6130452838298,120.41426117324197,120.79149627685547,26613500
2021-09-29,121.38672506463047,121.91484920601995,120.45620478789985,121.0010986328125,23569400
2021-09-30,120.79989326077182,121.14358898083772,120.42264534770534,120.98432159423828,22567600
2021-10-01,121.58283241441242,122.0444759825508,121.03723385822758,122.00251770019531,26151800
2021-10-04,121.43172225687464,122.09483208905615,120.95328775729683,121.69192504882812,28027600
2021-10-05,121.37300739662705,121.45693678130428,120.41612531840018,120.516845703125,22659200
2021-10-06,121.06242918516493,121.47372542778965,120.89455761128264,121.19673156738281,18696500
2021-10-07,120.18946305774264,120.31536350870306,119.68583563834638,119.92926025390625,14856000
2021-10-08,119.40889515289554,119.48444826498252,118.79615800501391,119.0899429321289,17257800
2021-10-11,118.85488617259553,119.1066871150362,118.72897289359582,118.78773498535156,7213400
2021-10-12,119.71944954158835,120.87777242250621,119.59353624928852,120.81902313232422,17968700
2021-10-13,121.38143393353269,122.15365367277259,121.35625382958455,121.99417114257812,23584600
2021-10-14,122.01929288797346,122.51453124692453,121.6667587935227,122.44738006591797,12946400
2021-10-15,121.70879053763586,121.82630196101599,121.26392494856934,121.73397064208984,11811500
2021-10-18,121.70872118661454,122.5480916775567,121.30582693713993,122.30467987060547,12115900
2021-10-19,121.42329368648191,121.48204293922107,120.57552160509753,120.61749267578125,12156300
2021-10-20,120.23983627563662,120.60075947937597,119.6186974320686,119.80335998535156,12782500
2021-10-21,120.03001548142038,120.15591596895281,119.38369642726481,119.66069030761719,13660000
2021-10-22,120.4076684892212,121.20506772270456,120.20622781166091,120.97844696044922,13740000
2021-10-25,120.59240015886886,121.12120785635923,120.55883096261032,120.79385375976562,8137900
2021-10-26,121.38979453703146,121.7927017211914,120.6511569816342,121.7927017211914,13671000
2021-10-27,122.88388508094928,124.3779641421411,122.4893797640049,124.00865173339844,22092300
2021-10-28,124.0505947669176,124.50386213426285,123.25319513358764,123.58895111083984,17497600
2021-10-29,122.94263384344738,124.22687005657188,122.81673335501601,123.96666717529297,19087300
2021-11-01,122.5362001338339,123.34301565237998,122.45215097293885,123.07408142089844,18035500
2021-11-02,123.12455781773065,124.02383548773861,123.12455781773065,123.62041473388672,9836700
2021-11-03,124.23394033492139,124.36840108967415,122.30932410680629,122.34294891357422,20639400
2021-11-04,122.5950559828228,123.8473169889496,122.5782564055816,123.6288070678711,15922400
2021-11-05,124.82224056597323,125.71310554343046,124.49446924739735,125.477783203125,21513000
2021-11-08,125.19200726862563,125.46094152732317,124.81379883042487,125.242431640625,12083800
2021-11-09,126.73846646696158,127.55369501268515,126.6039928704466,126.87294006347656,23430200
2021-11-10,126.76359979514804,126.84763612260426,123.56992439751113,124.55323791503906,28170600
2021-11-11,124.81378714044246,124.93986088273563,124.2927182464483,124.36835479736328,5552500
2021-11-12,124.38513771385789,124.81375755822341,123.34298734876901,123.8220443725586,12712000
2021-11-15,123.45225854358596,123.51109551223807,122.04872497032297,122.2672348022461,15232700
2021-11-16,122.44383236541724,123.02373861740082,121.73786511261545,121.95637512207031,12998700
2021-11-17,121.50248739375827,122.94803323361032,121.4100384271993,122.92282104492188,14239900
2021-11-18,122.6959541761999,123.46074554022168,122.66232936347518,123.3851089477539,11054600
2021-11-19,124.03219403433684,124.88944682108335,124.03219403433684,124.68773651123047,14022100
2021-11-22,123.88090715698364,124.08261746530769,122.81355710537127,123.2253646850586,15266000
2021-11-23,122.6455038417337,122.7967898345997,121.44367980957031,121.44367980957031,15318500
2021-11-24,121.81344617509262,123.39347839355467,121.68737240764489,123.39347839355469,13769700
2021-11-26,125.082773954351,126.63758134400103,124.94830038280449,126.51152038574219,20064800
2021-11-29,124.64573000721315,125.76351742459373,124.52806884875753,125.49458312988281,23234200
2021-11-30,126.7636365033329,127.80578729355601,126.27617949616905,127.4023666381836,31481100
2021-12-01,126.63161183236197,128.24721721460625,126.04257820326343,128.1883087158203,30826500
2021-12-02,128.68472405559575,128.73522253996487,126.85875381466407,128.34814453125,17754200
2021-12-03,127.63290929070713,130.52753970186694,127.35523821819359,129.87962341308594,34427100
2021-12-06,129.62716948794807,129.87961055037403,127.84326206257403,128.095703125,30924200
2021-12-07,127.66654516610205,128.34812695536274,126.94288773213849,127.0606918334961,22115900
2021-12-08,126.61474384115313,126.62315383592009,124.83925912913743,124.864501953125,33633900
2021-12-09,125.66386800839824,126.08459879415531,124.9402105433087,125.56289672851562,17544900
2021-12-10,126.15198799477875,126.42126201169538,125.21796461309842,125.26004028320312,14298700
2021-12-13,126.54742064445225,127.32156384380158,126.48010216976715,127.11119842529297,17860500
2021-12-14,126.53061225678155,127.00182883091225,125.63866476436436,126.80829620361328,14015500
2021-12-15,125.89116085478351,126.88408009245622,125.48726259197548,125.5882339477539,25383900
2021-12-16,125.30844650046924,126.26037360233936,125.29159470681915,125.6369857788086,18677900
2021-12-17,126.64795196616855,127.18709400376977,126.49632429348075,127.06073760986328,18093500
2021-12-20,126.9933514310186,127.22080580886609,126.02458473755415,126.10881805419922,17147300
2021-12-21,124.79462574629784,125.68757835303276,124.35656891603183,125.62861633300781,16598200
2021-12-22,126.13405034221101,126.24356775957102,125.53594641853013,126.20987701416016,12253900
2021-12-23,126.01613354526911,126.0245658735841,124.70197574403485,125.11476135253906,11642500
2021-12-27,125.06423427323355,125.52754963815761,124.94629734966297,125.41804504394531,7821800
2021-12-28,126.02451185490122,126.17613944966945,124.68507049701427,124.92094421386719,9174600
2021-12-29,123.75844980173603,124.09540864269364,123.3372448234611,123.55626678466797,11771200
2021-12-30,124.04489156045524,124.65142788198675,123.3709608860693,124.59245300292969,10355000
2021-12-31,124.51662628643983,125.54436756630199,124.19650635705935,124.83674621582031,13402300
2022-01-03,123.33724659538595,123.7837228504392,121.54290924882655,121.55976104736328,33860400
2022-01-04,120.97848459591465,121.41654133707722,120.24559210628394,121.0542984008789,21996400
2022-01-05,121.42498864229233,121.44184044308776,120.22034839565328,120.39724731445312,20911700
2022-01-06,120.11924650233126,120.83530018981949,119.86652091532616,120.70893096923828,18996400
2022-01-07,120.57409930121074,120.66676487840108,119.25150995896226,119.84119415283203,18756800
2022-01-10,119.32739660092618,120.30459549264098,119.08310330507709,120.13611602783203,13775800
2022-01-11,120.3635686243375,120.99537624880037,120.21192811030372,120.9364013671875,24388700
2022-01-12,121.22278203241882,121.31544763754506,120.46461824804427,120.47303771972656,14440600
2022-01-13,120.79317853103623,121.6608598683955,120.48991039390965,121.54292297363281,15166000
2022-01-14,120.81841039453447,120.85211398441993,119.44527832515072,119.70643615722656,22997500
2022-01-18,118.74615607807756,119.04099195700995,117.95428837586057,118.02168273925781,21171700
2022-01-19,118.3838974725484,119.37794813473019,118.19856621102568,118.83880615234375,17930500
2022-01-20,119.09150588755115,119.61380886478297,118.85563209944286,119.57168579101562,13959000
2022-01-21,120.80159775885606,121.39129508562945,120.18664201271066,120.995361328125,28916600
2022-01-24,121.55978376011318,121.61874578477443,119.9844680835685,120.0013198852539,25001600
2022-01-25,120.55728521471435,121.062736312776,119.4537302665737,119.80754089355469,15599000
2022-01-26,119.84122594659965,120.10238380916748,118.35016970098552,118.35858917236328,23655500
2022-01-27,119.96761502268575,120.77632145022811,119.90022067803106,120.53202819824219,21501800
2022-01-28,119.69796072812579,120.85207046425954,119.4957906782298,120.5740737915039,12826500
2022-01-31,119.77380242227328,120.42246147660556,119.58848411804426,119.95071411132812,13998400
2022-02-01,120.0249938592088,120.09248204703174,118.99582152100643,119.5525894165039,20806100
2022-02-02,119.74662374695734,121.1132371821726,119.72974848003793,119.95751953125,18404600
2022-02-03,118.47283994778833,119.3501609104264,118.25350005308415,119.02116394042969,17234100
2022-02-04,117.97506836121956,118.21970172741683,117.07242852058718,117.26644897460938,23609800
2022-02-07,117.18210914982924,117.51953717661925,116.8784187768966,117.34239196777344,12962400
2022-02-08,116.59160422480345,116.90372579468038,116.26260739189001,116.55785369873047,16269200
2022-02-09,117.02185273676933,117.57017662204076,116.57475470796474,116.77720642089844,14349100
2022-02-10,116.12763311914644,116.2710406773989,114.59230595658289,114.92130279541016,30896200
2022-02-11,115.46122494080588,116.84470083169677,114.18741898162621,116.62537384033203,43210300
2022-02-14,115.68058599325384,116.1951723386858,114.70202624258653,115.17443084716797,23157400
2022-02-15,114.38986679213902,114.59231848613535,113.83309888953745,113.86683654785156,18198500
2022-02-16,114.68514039610521,114.78637913922266,113.47037845516685,114.54173278808594,16473700
2022-02-17,115.10692260040526,116.05174451717002,114.6429492759303,115.39373779296875,24508200
2022-02-18,116.00953041832693,116.72656819969029,115.70584004267472,116.60846710205078,17522600
2022-02-22,116.15295840292018,116.97966623179342,115.9673690922671,116.91217803955078,19534000
2022-02-23,116.1445092666398,116.28792971393347,115.20814442927399,115.3009262084961,17757800
2022-02-24,117.34239617656043,117.57015431038845,114.93817956527235,115.37684631347656,28150400
2022-02-25,115.45277333249737,115.83238311938928,114.87913018194847,115.4612045288086,15025400
2022-02-28,116.77722715423576,118.13539674855068,116.68444535070613,117.99198913574219,25817700
2022-03-01,118.56214262704579,120.22620336150571,118.258049982954,119.35616302490234,35664400
2022-03-02,118.1229121302725,118.61283995578192,115.22559566817955,115.27627563476562,30397400
2022-03-03,116.1378358372055,117.15991586746102,115.7408257096874,116.45037078857422,20649100
2022-03-04,118.56214483232375,118.9507126749869,117.67520686313348,118.46078491210938,25853100
2022-03-07,117.51465481901712,118.79860237271863,117.2190175651974,117.55689239501953,23710900
2022-03-08,116.15475927289216,116.77984227305778,115.93514178645339,116.3743896484375,28331300
2022-03-09,115.78307936140008,116.0111391682602,114.98905899620222,115.23401641845703,18819200
2022-03-10,113.89096522326409,114.17816028792973,112.95334719170937,113.57843017578125,26868900
2022-03-11,113.46856088167529,114.41462082665765,113.36720099874148,113.95848846435547,15583800
2022-03-14,112.09172694623496,112.25222206508212,111.2639242632957,111.2977066040039,24385000
2022-03-15,112.22690008342715,112.47185753787682,110.81625190651356,111.10344696044922,17518800
2022-03-16,111.35684961146187,112.45496265339717,110.0813567124528,112.19310760498047,25857700
2022-03-17,112.19310766437144,112.63234257009442,110.71488203881955,111.35684967041016,19330600
2022-03-18,111.98194214331062,112.8012897020781,111.98194214331062,112.71682739257812,55891700
2022-03-21,110.89225454672851,111.22168714874026,109.59986411659752,110.106689453125,26122000
2022-03-22,108.93258819175827,109.25356563496457,108.40886508812407,108.69606018066406,21830900
2022-03-23,109.27887863739475,111.16256967189052,108.84808610495492,111.07809448242188,21266100
2022-03-24,109.51540829122527,110.80779894982844,109.47318357996983,110.20806884765625,17141600
2022-03-25,109.38869098545493,109.40558860073384,107.82599668885882,108.67914581298828,25684500
2022-03-28,109.29579471949765,110.28409273556106,109.00014439550921,109.60832977294922,17657800
2022-03-29,110.2840434704167,111.12030121310744,109.59139608775527,110.43609619140625,19319700
2022-03-30,109.87017392749262,111.5088816784652,109.80259635697257,111.2977066040039,16310200
2022-03-31,111.4835256202158,112.06637080391566,111.21322826622708,111.56800079345703,19901000
2022-04-01,109.9877289103685,112.4834227540612,109.73394091372543,111.99274444580078,23489700
2022-04-04,111.612014292617,111.65431658654029,110.57991319220558,111.21440887451172,13609900
2022-04-05,110.62217946270378,110.63910295850646,108.53257308622574,108.7017822265625,25196900
2022-04-06,106.9590189138877,108.54102997659352,106.93364012725111,107.82192993164062,22952000
2022-04-07,106.68832069543019,107.16207534478988,106.09612738373058,107.00979614257812,23458800
2022-04-08,106.12996509940398,106.45144701197135,105.123236435079,105.85079193115234,26859200
2022-04-11,104.83560998154692,105.0640320523936,103.68505724051879,104.17573547363281,30020700
2022-04-12,104.9455967910488,105.03865668155044,103.77812051181894,104.03192138671875,23124200
2022-04-13,104.09957549790171,105.15706811184049,103.96421334519466,104.24339294433594,17189500
2022-04-14,103.93883374025351,103.99805306799287,101.84076557070254,102.1537857055664,34274500
2022-04-18,102.2553266052405,102.43298462196591,101.25705313905209,101.64620971679688,18784300
2022-04-19,100.80021326969313,101.28242972010133,100.39413320146446,100.88481140136719,26012300
2022-04-20,101.70540465464106,103.18589422657904,101.4516038605399,102.91517639160156,31423200
2022-04-21,102.2214667813893,102.28914785721217,100.8171135029663,102.1537857055664,23323200
2022-04-22,101.57852245410307,102.73753682163508,101.35856215677377,101.5108413696289,19773400
2022-04-25,102.68676599110917,103.37202563085755,102.47526745692994,102.52603149414062,25418900
2022-04-26,103.58352240668566,104.08265584075271,103.00824614530666,103.55814361572266,26931300
2022-04-27,103.37203201097935,103.48200893194803,102.17071535733453,102.22993469238281,14560500
2022-04-28,101.84922819420218,102.42450443479606,101.52775276291429,102.3822021484375,16892500
2022-04-29,100.93554694634032,102.3399001522454,100.76635071994271,101.05398559570312,26153400
2022-05-02,99.8785854748508,100.22603010055754,99.09047148799257,99.30233001708984,29233900
2022-05-03,100.87859447867902,101.10739892808277,99.90404359925384,99.97183990478516,21256700
2022-05-04,99.97181812439902,100.81925236267938,99.44640656911756,100.52265167236328,25575700
2022-05-05,98.59898330707428,98.7006777545364,96.62445976037469,97.76850128173828,48384500
2022-05-06,96.7261607985212,97.48885304292797,96.02278870282323,96.32786560058594,32790500
2022-05-09,95.64142388403202,97.20917585365233,95.4380414872935,97.17527770996094,26773000
2022-05-10,98.20916380394388,99.11591827674224,97.86171909130326,98.05662536621094,33640800
2022-05-11,97.23460243927207,99.94639587402344,96.98037604768952,99.94639587402344,34173600
2022-05-12,100.0141980416081,100.75146824554274,99.70912762714337,99.75997161865234,26405700
2022-05-13,99.1328728856992,99.27693517317782,98.2176422380509,98.28543853759766,20782700
2022-05-16,98.4803394209978,99.09896930599616,98.17526255516444,98.1837387084961,11050600
2022-05-17,97.20921887226115,97.75157648051668,96.91261806546714,96.99736022949219,15040800
2022-05-18,97.21764909643946,99.14979797115541,97.12443082043038,99.06505584716797,21337300
2022-05-19,100.53958305116882,100.60737933217816,99.02267520698324,99.30233001708984,21937500
2022-05-20,99.22605909390388,100.8616072220291,99.200637104491,100.4294204711914,22780900
2022-05-23,99.75148242010789,100.20909768007753,98.75998592287868,98.77693176269531,15925200
2022-05-24,99.91247725946211,101.38701071786267,99.87857912111386,100.72601318359375,23388200
2022-05-25,101.36163975332938,101.37011590853533,100.4972529538606,101.12435913085938,14410800
2022-05-26,100.86163143458505,100.92095157925844,99.8277669796217,100.6667251586914,14912900
2022-05-27,101.1497485024717,101.47177117688784,100.62433696119382,100.91246795654297,11190400
2022-05-31,99.30234331275159,99.34471761040825,98.24305052543576,98.77693176269531,28393700
2022-06-01,99.3517112848439,99.61488131185976,98.21413176956146,98.66407012939453,15544800
2022-06-02,99.01207889341352,99.07999579124892,98.01881855099018,98.71495056152344,9832000
2022-06-03,97.70474653739225,98.5282214389946,97.51798470958272,98.50275421142578,15330400
2022-06-06,97.75566566700091,98.06128528349335,96.6180800996317,96.68599700927734,20815400
2022-06-07,97.29726988620781,98.29053074480656,97.27180265551274,97.73023223876953,14278700
2022-06-08,97.35666861410617,97.7386899225365,96.84730471056126,96.8642807006836,11476100
2022-06-09,96.6435759460476,97.38215798414791,96.50774856343905,97.18690490722656,15527300
2022-06-10,97.08502382378475,97.29725935916782,95.90499476520804,96.58414459228516,21917100
2022-06-13,94.64854171839215,94.80135153739107,92.7384222193623,93.55340576171875,36968300
2022-06-14,93.83356393351838,94.21559174291306,92.18661428068827,92.37338256835938,21865900
2022-06-15,93.45999624887511,94.22404513642762,92.56012004626422,94.0967025756836,25202800
2022-06-16,92.06776678244668,94.84381103515625,91.7876208160756,94.84381103515625,26067300
2022-06-17,95.08998838585593,95.78612051664909,94.19859675928201,95.1494140625,21614300
2022-06-21,93.46002221045076,94.2495385340837,93.2223194853851,93.53643035888672,17663800
2022-06-22,95.66724911801562,96.1935888646029,95.40407276781035,96.10869598388672,23703800
2022-06-23,96.69449486975338,97.77264835739567,96.34642554164712,96.89823913574219,20669200
2022-06-24,96.32097211564479,96.9237202433502,95.50598845803263,95.55692291259766,18161300
2022-06-27,94.41934006821403,95.26828215625491,94.36840561554409,94.74193572998047,12053000
2022-06-28,94.47874913398718,95.23430694126782,94.12219507419668,95.1833724975586,13706600
2022-06-29,95.40410850417484,96.69450409129755,95.22583144481855,96.66903686523438,12925400
2022-06-30,97.50946073335544,98.28199444350693,97.41607661234966,97.51795196533203,25802100
2022-07-01,98.58717826979701,100.0247263078756,98.00875453875925,98.51912689208984,21858800
2022-07-05,99.4293168183303,100.16085307974785,98.81686725158649,99.29322052001953,16689700
2022-07-06,99.85461064991726,99.98220536872985,97.6259765625,97.6259765625,20205400
2022-07-07,97.9067156675491,97.96625902383776,96.55422807910396,96.76688385009766,13088000
2022-07-08,96.54567579481336,96.54567579481336,95.31227548407804,95.69505310058594,15320000
2022-07-11,96.79239251590252,97.64301552088655,96.71583307078993,97.34529876708984,13639900
2022-07-12,98.25545610640434,98.86790565214946,97.79611894709548,97.92371368408203,18547300
2022-07-13,96.77537107657037,99.22516934905278,96.50317198959878,99.04653930664062,20594800
2022-07-14,97.88968943674838,98.80836376896006,97.37080892446612,98.23844146728516,15665000
2022-07-15,98.53613139245358,99.36974450188588,98.3319837596332,98.79132080078125,16022600
2022-07-18,98.03429931615585,98.09384266569543,97.12413297905744,97.76210021972656,15838300
2022-07-19,97.7450666644408,97.94921431430474,96.68178819053331,97.23468780517578,9276800
2022-07-20,98.2299506858972,98.28949403860526,97.0135594893706,97.48990631103516,9117300
2022-07-21,97.98325120685114,99.28470316935352,97.83013882951336,99.17411804199219,14754900
2022-07-22,100.62016774569834,101.45377442193352,100.3479687202306,100.8413314819336,17715300
2022-07-25,99.27622839540176,99.98224717695233,99.07208065377812,99.85465240478516,24868100
2022-07-26,101.1050555851833,101.42829000577689,99.86314671902207,99.93119812011719,13536000
2022-07-27,100.3820249703343,100.79032038797067,99.27621244223674,99.36978149414062,15725600
2022-07-28,100.4160552987811,101.15609321101113,99.79509760659028,100.1608657836914,16637900
2022-07-29,100.11830667102896,101.48780997627208,99.80358037052063,99.88864135742188,16655900
2022-08-01,100.76895161544039,102.34546245457229,100.6240844927244,102.2943344116211,17974600
2022-08-02,102.38803111468094,102.84820281537844,99.95082905257685,100.1297836303711,17896300
2022-08-03,99.84860138720619,101.82563243924166,99.13278282597501,101.70632934570312,16731200
2022-08-04,101.39101527642437,101.87675108189501,101.01605904008564,101.67222595214844,11003000
2022-08-05,99.76340571595489,99.79749324969681,98.75784622593119,99.25210571289062,19492300
2022-08-08,100.249117544421,101.00754710826185,100.18094249336029,100.85415649414062,17476300
2022-08-09,100.32581460456967,100.86267849521421,100.09572543605728,100.462158203125,8223200
2022-08-10,100.3258078409246,101.33136700590975,99.47363927742973,99.80598449707031,14665300
2022-08-11,99.59293394225132,99.75484153459632,97.22390007459416,97.47955322265625,20663800
2022-08-12,98.08460646431105,98.48512675433327,97.51365505159157,98.46808624267578,12178400
2022-08-15,99.13279383755658,99.49070315792841,98.38288116455078,98.38288116455078,9031800
2022-08-16,98.21242575851535,98.8685926838209,97.35173369933551,98.79190063476562,11066000
2022-08-17,98.05052218234118,98.08460970831415,97.4113956987924,97.76078796386719,14131300
2022-08-18,97.97383759376413,98.5447890688916,97.65000932310038,97.9056625366211,10738200
2022-08-19,96.49105382461,96.58478638957689,96.07348652783793,96.32913970947266,16330900
2022-08-22,96.17577173635338,96.26098731644413,95.55368564878005,96.00534057617188,10457200
2022-08-23,95.60480872225786,96.70410712761212,95.22132890558196,95.47698211669922,17813200
2022-08-24,95.00826562105883,95.33209381672948,94.4714017988314,94.77818298339844,13971600
2022-08-25,94.8634255932426,96.37176142966128,94.58220834358656,96.09906768798828,21429700
2022-08-26,95.69854006948651,97.13870063795942,95.4514103857768,96.82340240478516,18764400
2022-08-29,96.24391977321667,96.3035713126817,95.55365881480137,96.02235412597656,14278300
2022-08-30,95.97125205848475,96.72968176611003,95.62185973170828,96.260986328125,14346600
2022-08-31,96.03085989095256,96.58476415442722,95.08495243880775,95.3405990600586,13623500
2022-09-01,93.82569887059512,94.15020516876172,93.03150640311837,93.59512329101562,22490400
2022-09-02,93.66344336437768,94.41493472722401,93.48411042035555,94.12458801269531,13024400
2022-09-06,92.99732890687757,93.05710654279801,91.73345051349364,91.79322814941406,24648500
2022-09-07,92.50202366490146,93.49263192289743,92.40808645025447,93.24497985839844,17050100
2022-09-08,92.94609009388756,93.52678994463476,92.27145953878798,92.28853607177734,14671400
2022-09-09,92.51057517566683,92.91194213334788,91.91279224380862,92.49349212646484,12529800
2022-09-12,92.76677786245051,92.98881193246146,91.30648964349562,91.73347473144531,14806900
2022-09-13,90.99904555238072,92.00673046212812,90.72577539966656,91.94695281982422,22158900
2022-09-14,91.66511851539832,92.40807461373025,91.47725062544188,92.26290130615234,13077800
2022-09-15,92.1006615151617,92.39101469780228,91.87009248609253,92.20314025878906,10260200
2022-09-16,91.40042598275689,92.27147920213892,91.17839191493545,91.43458557128906,18903800
2022-09-19,91.34062632283538,92.07504101112922,91.20399451690388,91.64805603027344,11084400
2022-09-20,90.2560928420109,91.23815314564635,90.00844075617984,90.73431396484375,20133800
2022-09-21,91.11859005837205,92.26291316674924,90.49519565027043,92.2543716430664,23132900
2022-09-22,90.34148319055896,90.48665652064014,89.43627711443655,89.89741516113281,29030600
2022-09-23,89.95720343438079,90.88803419229001,89.29110782675697,90.26463317871094,23042200
2022-09-26,89.97429721474634,90.01699832915826,88.14680158065191,88.53962707519531,25104600
2022-09-27,87.71126396927497,87.94183953373559,86.16558024752756,86.2082748413086,34609500
2022-09-28,88.0699280853642,89.19716828018558,87.51485277028745,89.09469604492188,39283100
2022-09-29,87.87351972559102,89.0093014593441,87.7881240233762,88.63355255126953,19127100
2022-09-30,89.04345249472942,89.54729820225829,87.30135936044896,87.48922729492188,26485700
2022-10-03,88.89648894095113,89.60697762346862,88.29728555257921,88.8793716430664,27192200
2022-10-04,89.15328446951236,89.5812887093748,88.42567856791149,88.63111877441406,13788700
2022-10-05,87.93777322753095,88.0319281725319,86.95336195439312,87.78369140625,20522100
2022-10-06,87.81791267822625,88.03191481248159,86.91054571884818,87.2957534790039,13965700
2022-10-07,86.29424426698361,86.98761582975105,86.00320441238227,86.44832611083984,14814800
2022-10-10,86.02886864871311,86.03743056377756,84.57365656748385,85.10437774658203,15652600
2022-10-11,85.3782794443606,86.37125236336276,84.73627311836557,85.48100280761719,33246700
2022-10-12,84.98453792257135,86.06311065268433,84.90750027869143,85.90046691894531,21447600
2022-10-13,84.19702446137096,85.9261593303499,84.17990062843812,85.0787124633789,30292500
2022-10-14,85.76350634501121,85.76350634501121,84.10284752039259,84.37677001953125,18728200
2022-10-17,84.99308787453607,85.30981338228202,83.83747766320089,83.96587371826172,18969900
2022-10-18,83.84603996903343,84.2826061847656,82.92155564213171,84.16276550292969,16931500
2022-10-19,83.19547722892948,83.39235554802164,82.4507474020524,82.63050842285156,25431600
2022-10-20,82.11693637253036,82.45934124842967,81.09828366270816,81.21812438964844,25434900
2022-10-21,79.62590802637405,80.40487889842025,78.97534626669054,79.75431060791016,46280300
2022-10-24,79.45473697424917,80.07962627511299,78.62440738893282,79.09521484375,31332600
2022-10-25,80.96132073140545,81.51772780471666,80.84148001171742,81.39788055419922,31213100
2022-10-26,81.97997701998226,82.76751024385037,81.97997701998226,82.57062530517578,24843900
2022-10-27,83.01569262498597,83.80321873928833,82.36512445060232,83.43513488769531,20270000
2022-10-28,82.91297645755948,83.57210007036836,82.52777527915282,82.86161804199219,22244100
2022-10-31,82.48500591646645,82.70757002615326,81.34651268059497,82.27100372314453,23956700
2022-11-01,83.56329939636205,83.59762480789027,82.55930566004737,83.03984832763672,17585100
2022-11-02,83.16000793315622,83.7778458291675,82.3447939694022,82.67945861816406,25010500
2022-11-03,81.66688622975289,82.70520565258522,81.59823538851491,82.23324584960938,29097500
2022-11-04,81.6068165367622,82.08736586766709,80.85167694091797,80.85167694091797,23561400
2022-11-07,81.34938367921484,81.40086853424374,80.01071852632515,80.0450439453125,14522800
2022-11-08,80.49126831342899,81.48667928223507,80.46551933886052,80.92032623291016,20360600
2022-11-09,80.50840533418516,81.53814143547612,80.39685266306442,81.18631744384766,15637500
2022-11-10,83.00554238172111,84.46433659074663,82.9283085570365,84.30987548828125,45380900
2022-11-11,83.72636448943237,84.41285979858102,83.70062206104758,84.00096130371094,15943100
2022-11-14,84.01813302988762,84.08677732797076,83.31447168911744,83.7950210571289,13741100
2022-11-15,84.30987677102014,85.21090097359415,84.18974108359747,85.15083312988281,26608200
2022-11-16,85.82870541097269,87.05581078039725,85.58843412972615,87.01290893554688,28507700
2022-11-17,85.9831902200563,86.3006953848293,85.6227831985755,86.0947494506836,24528900
2022-11-18,86.32643768218553,86.57529201957887,85.42542012979916,85.50264739990234,14941300
2022-11-21,86.40366943357476,86.51522211446913,85.63994700637534,85.86305236816406,15534000
2022-11-22,86.36934353801027,87.2017167858304,86.26636730067376,87.08158111572266,18103100
2022-11-23,87.64796981936857,88.60047912597656,87.59648495314295,88.60047912597656,23234600
2022-11-25,88.0512479082379,88.32584465603955,87.89678682841804,88.30010223388672,9486100
2022-11-28,88.90938015469636,89.0810006990096,88.11991517580888,88.5489730834961,14563200
2022-11-29,87.65650582062078,88.35157732966597,87.45055991921889,87.51062774658203,16576400
2022-11-30,87.20171926543647,88.15422821044922,86.98719034172915,88.15422821044922,21581700
2022-12-01,88.7253754799718,91.01339431939614,88.6823649179095,90.97039031982422,53156800
2022-12-02,90.57471679163311,92.12299856638913,89.98120516860696,92.11439514160156,24479500
2022-12-05,91.03917445630466,91.16819954658911,90.23062991133362,90.82413482666016,20159700
2022-12-06,91.60690397805702,92.37244471634861,91.34025687398632,91.99397277832031,21754500
2022-12-07,93.21540204603026,94.34220785952819,93.06917007739719,94.16157531738281,30546700
2022-12-08,93.49928104214422,94.1444002946774,93.30144814636313,93.90355682373047,13377300
2022-12-09,92.84555739692671,93.0433902766681,91.40908699025677,91.46070098876953,25872200
2022-12-12,92.77673444601608,92.99177415935053,91.40048159317382,91.75314331054688,16897100
2022-12-13,93.79171531297392,93.82612245209624,92.43266284885058,92.63909912109375,23854700
2022-12-14,92.60472577608819,93.17242733231964,91.94239963757666,93.03480529785156,19517500
2022-12-15,93.45813787328638,94.08757559599547,93.25982647430443,93.39778137207031,20246200
2022-12-16,91.91474051789727,92.97529812584264,91.66469024320502,92.35448455810547,20838300
2022-12-19,91.25080503861605,91.25942269692621,90.5179028019803,90.80243682861328,26126800
2022-12-20,89.13833225389705,89.50909556488918,88.89690620550522,89.19007110595703,28869000
2022-12-21,89.92295505438263,90.01780192228715,88.77617498125703,89.41423034667969,15894100
2022-12-22,89.388371307113,89.7763830461519,89.13832105174099,89.3969955444336,11322500
2022-12-23,88.44854961606123,88.64686106230418,87.96569091289402,88.08641052246094,15408900
2022-12-27,86.6464557015509,87.14655624916388,86.23258437676962,86.34467315673828,26475700
2022-12-28,86.7844226941328,86.8965114812035,85.66350850995958,85.8359603881836,17302900
2022-12-29,86.10323609731326,87.07756435392932,86.04287959607802,86.81027221679688,16593000
2022-12-30,86.11187272858042,86.69819592998533,85.68075292102877,85.84457397460938,20810200
2023-01-03,88.12086630451299,88.24157929733401,86.94822016422455,87.4828109741211,25313200
2023-01-04,89.00033582013833,89.22451986552491,88.1294723417378,88.68130493164062,21678200
2023-01-05,87.83634677052014,89.06072537283806,87.75874178899433,89.0521011352539,14771100
2023-01-06,88.55200392914945,90.79383214274094,88.50027165843663,90.69036102294922,27473700
2023-01-09,90.02643651733507,91.33703776715802,89.90571692563155,91.17321014404297,21472200
2023-01-10,90.12990154080269,90.3799518064533,89.24179583287876,89.66429138183594,20545200
2023-01-11,90.50926319883678,91.15594269402325,90.2764548966858,91.12145233154297,18794000
2023-01-12,91.24220795801921,92.9580631786364,90.15578405636508,92.91495513916016,32029600
2023-01-13,92.34586520344172,92.9494369054885,91.72505160287542,92.04408264160156,17750800
2023-01-17,91.1128770933865,91.96649922250037,91.0956351920563,91.44915008544922,13911700
2023-01-18,93.51848283415633,93.78577493821952,92.36308521677984,93.6650619506836,35497200
2023-01-19,93.20809548993212,93.44090385594014,92.63902079882574,93.0787582397461,17194700
2023-01-20,92.22512802308452,92.46655400932232,91.49222582818703,91.56982421875,22754100
2023-01-23,91.02664411828887,91.56985275661559,90.95766336404735,91.13873291015625,12961500
2023-01-24,91.50087092375017,92.64764461980873,90.87143310611087,92.44933319091797,16417200
2023-01-25,92.57863795098764,93.04424797215717,91.94920035430553,92.6734848022461,11906500
2023-01-26,92.38034840619675,92.82009243551607,91.81989136151381,92.24239349365234,15549400
2023-01-27,91.56122084348792,92.2251424092064,91.49224009998409,92.00958251953125,11845500
2023-01-30,91.79402233773655,92.39759397392562,91.56122055210919,91.67330932617188,11459700
2023-01-31,92.24239081029434,92.50105873067761,91.28530437463498,92.40621185302734,13705300
2023-02-01,92.97243803351317,93.87146833204065,91.9955965089779,93.51704406738281,25305800
2023-02-02,94.15674251665803,94.52845963653641,93.43924095579908,93.63806915283203,19548400
2023-02-03,92.29812162266656,92.59204059345743,91.70165045023629,92.23760986328125,20619500
2023-02-06,91.41640162007388,91.90049582076105,91.355889844988,91.55471801757812,15182400
2023-02-07,91.05332302308047,91.83133620292033,90.76805042459114,90.81991577148438,18290300
2023-02-08,90.80262120953344,91.26942907470914,90.24072248689856,91.25213623046875,13530700
2023-02-09,92.03881269091957,92.16848266542348,90.2407390858637,90.3876953125,20469900
2023-02-10,90.24938586843794,90.28396496812908,89.1428810594772,89.37628173828125,16598300
2023-02-13,89.65291017449888,90.26667436991033,89.54053304416915,90.12836456298828,13134300
2023-02-14,90.07649346441661,90.62110605915016,89.16017037463385,89.92089080810547,15440300
2023-02-15,89.51460345162162,89.86038127848438,88.60692016788369,89.0823745727539,15246900
2023-02-16,88.23522470983582,88.36489472435836,87.5955276588931,87.82028198242188,19267300
2023-02-17,87.39666153241488,88.50316619873047,87.28428441937248,88.50316619873047,19560900
2023-02-21,87.31889474165466,87.48313725863963,86.68783756972064,86.78292846679688,22728000
2023-02-22,87.3015827185814,87.90670707575164,87.26700361857547,87.57820892333984,15165400
2023-02-23,87.77705404788853,88.68473086596825,87.71654226001655,88.43404388427734,15829100
2023-02-24,87.69058263358593,88.00178790281302,86.92985571090271,87.28428649902344,21403600
2023-02-27,87.5609157672014,87.91533997256171,87.23242423597861,87.52633666992188,14209200
2023-02-28,86.93852221927393,87.93265002590819,86.68782866140688,87.92400360107422,14955700
2023-03-01,87.36937774112792,87.55136037743142,86.62411173824314,86.97941589355469,19000000
2023-03-02,85.84420368069833,86.35549402986362,85.6882175789325,86.20817565917969,23763600
2023-03-03,87.46469224553282,88.30528332836312,87.1527201609455,88.29661560058594,30877300
2023-03-06,88.5825953704835,88.68658166265058,87.51668959499504,87.61201477050781,16631900
2023-03-07,87.92402302364628,88.71262132505463,87.42140036636683,88.14933776855469,23096500
2023-03-08,88.73859972714878,89.23255455146409,87.8893407005245,88.23597717285156,20252400
2023-03-09,88.00200627820251,88.84259101032359,87.81135587718126,88.45262908935547,21550400
2023-03-10,90.15111604624671,91.58965478061224,90.12511947347566,91.50299072265625,43921500
2023-03-13,93.76481541562988,94.54474590849476,91.02640087701057,91.71100616455078,51502500
2023-03-14,91.11302175662045,91.52031899550344,89.90846549481782,90.2031021118164,38417800
2023-03-15,92.53424917723737,93.34017613882044,91.29502829247073,91.9449691772461,45164100
2023-03-16,93.05419349489918,93.61747687456224,91.02638126196025,91.22569274902344,43089300
2023-03-17,92.4216023591633,93.35751889314182,92.25694853979455,92.59491729736328,38129000
2023-03-20,92.62090384579425,92.69023245818217,91.61566541233098,91.78031921386719,24242800
2023-03-21,91.06105072007048,91.35568740859162,90.59309249870711,90.9917221069336,18934900
2023-03-22,90.69710993364981,92.24829674974256,90.50645950176117,92.20497131347656,26388500
2023-03-23,91.30371893371165,92.33496084535902,90.83576058586013,92.20497131347656,25475100
2023-03-24,92.80289654551147,93.09753987430075,92.08363360159457,92.59491729736328,23652700
2023-03-27,91.03504477153967,91.65032127382473,90.41110054061969,90.41976165771484,22224500
2023-03-28,90.33310800183305,90.71440873931547,90.14245763309184,90.58441925048828,17794300
2023-03-29,89.8651409246903,90.51508169303146,89.77848347788601,90.40242767333984,16804400
2023-03-30,90.52376946254779,91.03505975150634,90.3591156490888,90.81841278076172,14315800
2023-03-31,91.29500151405965,92.34357170721516,91.06102577324754,92.17892456054688,25396700
2023-04-03,91.98692358828596,93.04684200515021,91.83054207385842,92.6124496459961,18234800
2023-04-04,91.90006349128684,93.65501265969394,91.87400100543074,93.07292175292969,18052400
2023-04-05,93.62895502172536,94.15023131595116,93.31619852481467,94.04597473144531,23047700
2023-04-06,94.1936482277976,94.58460537226057,94.16758574382716,94.28921508789062,16447300
2023-04-10,93.51598471909664,93.62024126944269,92.57769565088601,92.76882934570312,19134400
2023-04-11,93.00344098770282,93.03818655632236,92.53429627169312,92.95999908447266,13971200
2023-04-12,93.00343443708218,93.10768439220568,91.98695097650446,92.86442565917969,20563000
2023-04-13,93.00342077464678,93.29880444184194,91.986937463393,92.13463592529297,22079400
2023-04-14,91.56122177887507,91.70023051667441,91.02257286235476,91.29190063476562,19801900
2023-04-17,90.71854318838064,90.86623507213703,90.10170653124689,90.20596313476562,19528800
2023-04-18,90.18853352132336,90.86618449625476,90.17985044709158,90.52735900878906,15922600
2023-04-19,90.27545659006003,90.56215061543813,89.90187875813312,90.44052124023438,16093900
2023-04-20,91.07469724232793,91.4656476869075,91.00519287893127,91.21369934082031,16450100
2023-04-21,91.48303367233596,91.62203578082685,90.58817984291373,90.70112609863281,15244700
2023-04-24,91.18762573848065,91.64808049029023,91.08336920610296,91.57858276367188,17034300
2023-04-25,92.37790741827075,93.07293141704334,92.33446551846478,92.92523956298828,21899900
2023-04-26,92.77752143683057,93.1684719111645,91.80448016012416,91.93479919433594,19610400
2023-04-27,91.3961760683254,91.45699075101054,90.8835961183084,91.02259826660156,20247600
2023-04-28,92.27364848966141,92.75148286216506,91.96957508366052,92.4908447265625,26954100
2023-05-01,91.68782060065828,91.81846858615451,89.57134449972382,89.82392883300781,32487300
2023-05-02,90.58165783788583,92.06231689453125,90.48584978357022,92.06231689453125,30057800
2023-05-03,92.32364093739697,92.84622625520586,91.69653589801317,92.57622528076172,23656200
2023-05-04,91.64425024457101,92.71554880897517,91.5832820876133,91.66166687011719,25110500
2023-05-05,90.8864829682904,91.36552315733736,90.67745026990156,91.3568115234375,15096500
2023-05-08,90.16358873139023,90.4684361753065,89.98939588775039,90.07649230957031,20587000
2023-05-09,90.14614088133756,90.26807715865688,89.71065227804608,89.75420379638672,19182500
2023-05-10,90.29423791259396,90.7906948332422,90.26810965019634,90.62521362304688,22886800
2023-05-11,91.71394570100995,91.90555519486657,91.20877708849159,91.58329772949219,19147200
2023-05-12,91.4961785619878,91.67037138404041,90.79939398371698,90.81681060791016,14198500
2023-05-15,90.05036013343171,90.12003992587138,89.81519914023625,89.87616729736328,20085300
2023-05-16,89.1880823575089,89.62357103440588,88.93549812750507,89.60614776611328,29251700
2023-05-17,89.78036792771361,89.85004772689283,89.14455138900824,89.34487915039062,21340900
2023-05-18,89.01389139710692,89.06615456194397,88.62195420849677,88.68292236328125,25536600
2023-05-19,88.19518386996786,88.71776904309098,87.90775969898928,88.05582427978516,29038000
2023-05-22,88.18645647257655,88.58710525519653,87.68128801600056,87.74225616455078,20131100
2023-05-23,87.47229535731327,88.18649684372782,87.341647366316,87.99488067626953,21749500
2023-05-24,88.21259742375703,88.28227721642142,87.55936431884766,87.55936431884766,18473400
2023-05-25,87.70743034893384,87.79453341372412,87.12387702701182,87.34162139892578,22492800
2023-05-26,87.20227648167261,88.11679894085762,87.09775678132368,88.047119140625,17030300
2023-05-30,88.3171144049292,89.04873227038135,88.18646645894687,88.92679595947266,23125200
2023-05-31,88.83098033043316,89.86744552976499,88.72646729858793,89.70195770263672,23787000
2023-06-01,90.19364025403496,90.49929126911482,89.62599884734811,90.05391693115234,21040400
2023-06-02,89.94910470373614,90.01023489673588,89.0234170203997,89.06707763671875,19136500
2023-06-05,88.50819084201117,89.46008310256862,88.38593042875688,88.90117645263672,14433200
2023-06-06,88.93608453338737,89.4862629458881,88.54310566390815,89.42513275146484,14332100
2023-06-07,89.22426505525813,89.45132289937789,88.01038939516894,88.09771728515625,25251100
2023-06-08,88.08900618620561,89.19808459506217,88.02787598512992,89.12821960449219,23845100
2023-06-09,88.72649765412656,89.31160190469737,88.4994397872291,89.00595092773438,22147400
2023-06-12,89.28539962031991,89.33780168703322,88.30731654422146,89.26793670654297,19010300
2023-06-13,89.17188210861914,89.36400749104033,88.17632936579287,88.38591766357422,25910800
2023-06-14,88.7527087160649,89.32908492739811,88.60425059957942,89.09329223632812,29094200
2023-06-15,89.9752867480636,90.4992606915467,89.59977086707418,89.94908905029297,25732000
2023-06-16,89.46007678858821,89.80066029614335,89.10202370169097,89.59980010986328,16759100
2023-06-20,90.04516994900145,90.52548338101425,90.04516994900145,90.2198257446289,17162900
2023-06-21,89.78318684736776,90.51675590619699,89.37273836551822,90.43815612792969,19720100
2023-06-22,89.77446042696997,90.16743933769904,89.25047966240827,89.34654235839844,23630700
2023-06-23,90.67395088457953,90.77874170775559,89.93165368208278,90.2373046875,22901900
2023-06-26,90.49052107642302,90.64771390577575,90.08880754867482,90.33332824707031,12894900
2023-06-27,90.46436884437986,90.77875468423275,89.73954111726258,90.09758758544922,18105700
2023-06-28,90.30718619531605,90.68269559730079,89.80067491501646,90.48184204101562,23826800
2023-06-29,89.22426316884597,89.37272124495473,88.59549171392553,88.84874725341797,41091600
2023-06-30,89.12818906112491,90.00148115590432,88.96226809374599,89.89669036865234,32024900
2023-07-03,90.05258728206529,90.4203683999263,89.36957570433484,89.38709259033203,16011800
2023-07-05,89.22072373736826,89.3170465769591,88.21371648393199,88.53771209716797,28170300
2023-07-06,87.74085366141624,87.8984722334367,87.10162761097484,87.28551483154297,41375700
2023-07-07,86.84770387187959,87.2154783878209,86.68132682292405,86.76013946533203,28996500
2023-07-10,86.56748367477331,87.15417247908461,86.55872523091838,86.87396240234375,24665200
2023-07-11,87.18916098750466,87.53942509860234,86.94397811395596,87.32051086425781,20485500
2023-07-12,87.65329348323468,88.54646766116723,87.36432497386033,88.29252624511719,31928000
2023-07-13,88.71283556564597,89.29077256851254,88.46765259984855,89.22071838378906,32441500
2023-07-14,89.07186066094347,89.26450633377617,88.65154222196892,88.69532775878906,18569000
2023-07-17,88.64276620709585,88.87043223021476,88.37130797840312,88.73908233642578,18822000
2023-07-18,89.14190673828125,89.37833124569151,88.94050264025935,89.14190673828125,15407400
2023-07-19,89.31701613667013,90.1751629567214,89.08059168053671,90.14888763427734,27192500
2023-07-20,89.5096513695693,89.58845728556352,88.68653172750285,89.05430603027344,56951200
2023-07-21,89.45715271715687,89.623523060778,88.99304873767588,89.08061981201172,20657500
2023-07-24,89.30828399503771,89.44839236639974,88.70408501555978,88.75662231445312,17546700
2023-07-25,88.29249741539095,88.87918600535092,88.26622877415883,88.59021759033203,17160600
2023-07-26,89.03681804342538,89.0455764854093,88.38007519004077,88.67779541015625,19310700
2023-07-27,88.18743191250928,88.380077556912,86.61125303061547,86.9527587890625,44794400
2023-07-28,87.040291419783,87.44309276536356,86.82137720931108,87.39930725097656,27434000
2023-07-31,87.25924048688887,87.85468764445947,87.232971840056,87.60950469970703,28663800
2023-08-01,86.7885208253973,86.85876810218618,85.96313877014958,86.17387390136719,34943400
2023-08-02,85.20798494318039,85.38359641055185,84.65480279172708,85.25188446044922,38121300
2023-08-03,83.58355118046492,83.69769795854772,83.01280389175545,83.28500366210938,59394800
2023-08-04,83.54841969669192,84.89186665515943,83.53085453300835,84.7601547241211,42071800
2023-08-07,84.39137892036807,84.47040207096782,83.8557552358096,83.9260025024414,35862900
2023-08-08,85.04992042137329,85.49773831139812,84.68113237036326,84.90065002441406,24010500
2023-08-09,85.06749990719015,85.4275121643871,85.03237626996493,85.33970642089844,20151100
2023-08-10,85.20797511536854,85.48895745024343,83.93476867675781,83.93476867675781,37253200
2023-08-11,83.68014298307662,84.18064302962222,83.5923305510369,83.74160766601562,26753500
2023-08-14,83.60108944583925,84.23330126216025,83.32888974125785,83.55718994140625,19072000
2023-08-15,83.24109683387137,83.59231971993007,83.03035506325956,83.04792022705078,24125000
2023-08-16,82.78450081743603,83.23231873014623,82.29278339118011,82.39814758300781,23076700
2023-08-17,82.09958760118909,82.19617588723982,81.67811083486359,82.04690551757812,32244900
2023-08-18,82.03813676163858,82.70547229613027,81.92398999486446,82.33667755126953,24181700
2023-08-21,81.36201837361122,81.44982408661812,80.9844477784497,81.23908233642578,29254100
2023-08-22,81.3444532152335,81.90641781747908,81.18640025215527,81.86251831054688,21308700
2023-08-23,82.80205590031483,83.89964409252926,82.7405912295167,83.89086151123047,38294700
2023-08-24,83.53086218492722,83.89965696544778,83.32012709544955,83.33769226074219,22300800
2023-08-25,83.11816876207229,83.86452745514491,82.9864568282013,83.6098861694336,23865200
2023-08-28,83.98747310078473,83.99625568451924,83.32013741908142,83.69770812988281,16037300
2023-08-29,83.39036705070434,84.74259659638798,83.3640260042214,84.56697845458984,28478100
2023-08-30,84.43527224234992,84.6460073109151,84.18940684668566,84.47917175292969,17550100
2023-08-31,84.76891427358409,85.21673203778002,84.67232599700957,84.85671997070312,26959700
2023-09-01,84.37148615813247,84.3890972900734,83.33225467333865,83.5348129272461,32469700
2023-09-05,83.03280920580826,83.04161813113737,82.33705192811725,82.36347198486328,29435900
2023-09-06,82.8654763190349,82.88309417035182,82.31063494889935,82.5660400390625,23636300
2023-09-07,82.78621213189754,82.84786117003463,82.504386997665,82.7950210571289,18091500
2023-09-08,83.1208780117212,83.57884805786077,82.9359308959022,83.11207580566406,17052100
2023-09-11,82.52201631925854,82.76861924540691,82.38991600787529,82.51321411132812,17061500
2023-09-12,82.68933417571878,82.99757936664145,82.41631796650746,82.98877716064453,20034300
2023-09-13,82.71573298810831,83.25296306255593,82.62766391606958,82.97113800048828,23332300
2023-09-14,82.73338363848735,82.97117089920039,82.25780239781915,82.3722915649414,27800600
2023-09-15,82.31062191922507,82.32823976775312,81.87026977539062,81.87026977539062,25642900
2023-09-18,81.77340112055478,82.37228037344714,81.74698106398091,82.33705139160156,17963400
2023-09-19,81.97597392383618,82.28421914540385,81.72937774658203,81.72937774658203,24941800
2023-09-20,82.16090899933974,82.4339251956275,81.94073291349711,81.9847640991211,29451200
2023-09-21,80.39950955824264,80.4699675264325,79.87108823530205,79.87989044189453,59958700
2023-09-22,79.97675753092543,80.68132367798596,79.85345946307594,80.52279663085938,29524500
2023-09-25,78.96397037349813,79.29863567168378,78.51480918756408,78.54122924804688,45587900
2023-09-26,78.76140373478282,78.92873974000618,78.1272954194544,78.2682113647461,38104100
2023-09-27,78.85825330482534,78.9287112520406,77.58122820869755,77.8630599975586,47111200
2023-09-28,77.16733122836565,78.14491376748545,76.70936112250735,78.10087585449219,60238000
2023-09-29,78.6204606146175,78.81421661280149,77.61645836879123,78.10965728759766,49010100
2023-10-02,77.5884099227166,77.68559476076446,76.60773145915815,76.8021011352539,44704300
2023-10-03,76.25433037772873,76.5547217064795,74.99977108479149,75.14996337890625,71362600
2023-10-04,75.77722741543491,76.25431466950987,75.42383544102665,76.21014404296875,56281600
2023-10-05,76.07765368135586,76.14833480496186,75.6624105058243,75.83027648925781,35758800
2023-10-06,74.39016557967317,75.70657602347914,74.26647700301677,74.91143035888672,62787900
2023-10-09,75.5387077486446,76.68725220009581,75.05278354060253,76.6695785522461,29424900
2023-10-10,75.8479185106825,77.01412970540179,75.5563640268725,76.56355285644531,54743900
2023-10-11,77.61491310902468,78.16268157958984,77.39403970419507,78.16268157958984,58517700
2023-10-12,77.79162554209273,77.91531412492277,75.91861640984574,76.04230499267578,66986700
2023-10-13,77.3940486124554,77.59725513411767,77.01414604279981,77.40288543701172,44183800
2023-10-16,76.14833544221132,76.30736460139418,75.89212142238765,76.15716552734375,38309800
2023-10-17,74.99975950220501,75.65354277719497,74.6551975910265,75.31781768798828,52949100
2023-10-18,74.5491907392083,74.84958208116466,74.08094018960604,74.65521240234375,63724600
2023-10-19,74.10744082650446,74.71705356817122,73.10025866058969,73.12676239013672,87696900
2023-10-20,73.32112643359251,73.80705057306525,73.12675677780342,73.54199981689453,52188800
2023-10-23,73.16208784525708,74.97325204979201,72.81752595120719,74.42548370361328,70890400
2023-10-24,74.60219807463716,75.40617370605469,74.2929699374172,75.40617370605469,46267700
2023-10-25,74.23112246910128,74.32830729539175,73.44481377676607,73.72753143310547,60737200
2023-10-26,73.75404672575826,74.93792488271717,73.68336562191924,74.85841369628906,49704100
2023-10-27,74.38131514886544,75.0704389561606,73.98373905506588,74.54034423828125,32362300
2023-10-30,74.04559886792818,74.65521162872726,73.5420077691659,74.20462799072266,45026900
2023-10-31,74.54036037736053,74.89375243878129,73.81589586661356,73.84239959716797,37269200
2023-11-01,74.50373441505306,75.46118525646307,74.48600008632437,75.44345092773438,72308500
2023-11-02,76.84417213983679,77.40268179856811,76.43637047039824,77.16332244873047,69739400
2023-11-03,78.73248087757098,78.9452522819231,77.64205617584669,77.6863784790039,77692300
2023-11-06,77.1899321700121,77.30517828473349,76.77326325450672,76.9328384399414,41341900
2023-11-07,77.66865424229411,78.45766296719863,77.65091990933767,78.06758880615234,37834200
2023-11-08,78.43994781538744,79.45058851657352,78.41334631174163,79.39739227294922,53893400
2023-11-09,78.84773791353618,78.92752212163593,76.8973738525462,77.57113647460938,88975100
2023-11-10,78.21830272217686,78.39560546779542,77.81049423265503,78.00553131103516,36516400
2023-11-13,77.32291910526021,77.9612199005473,77.03923061442896,77.82823944091797,25661500
2023-11-14,79.7874442836646,79.92042471020379,79.15801081262221,79.5924072265625,65666800
2023-11-15,78.90976777172821,79.02501384331548,78.28919483234192,78.4753646850586,56205300
2023-11-16,79.16688072275679,79.75198515068324,79.12255165781835,79.45056915283203,49473900
2023-11-17,79.92928454895879,80.16864388385628,79.46828668103531,79.8228988647461,44091400
2023-11-20,79.45056779168962,80.37255686455511,79.4417006261207,80.31049346923828,40477800
2023-11-21,80.23071823311486,80.49667912056962,79.68993605531216,80.2750473022461,27721000
2023-11-22,80.7803705349338,80.95767329061732,80.12433545883826,80.5587387084961,31197500
2023-11-24,79.87609201677961,80.01793960228585,79.6012707744427,79.61013793945312,20199600
2023-11-27,80.05342923941396,80.97541181003668,79.9736382540006,80.93995666503906,39804400
2023-11-28,80.59419754774927,81.14384012766786,80.48781184018455,81.09951782226562,44989300
2023-11-29,81.65802735047184,82.1810751930178,81.36547172820056,82.1190185546875,61647800
2023-11-30,81.53389713726602,81.81758553408514,80.8158123623693,81.17041778564453,60520900
2023-12-01,81.2051214362079,82.7614566274576,81.04504097370462,82.69920349121094,64172200
2023-12-04,82.25452990026174,82.55690709930177,81.89879481289566,82.37014770507812,33766300
2023-12-05,83.26837245038053,84.14881833899447,83.2150145607976,84.13992309570312,73588600
2023-12-06,84.55792300165055,85.42057852281327,84.37116357723647,85.260498046875,61606100
2023-12-07,84.64681792943362,85.4472199577276,84.5400953973009,84.77132415771484,47970200
2023-12-08,83.97096753467137,84.23777061673013,83.51741179428939,84.07769012451172,44809200
2023-12-11,83.60632796935374,83.98874202875726,83.17944447638216,83.8998031616211,33909700
2023-12-12,83.73082314647624,84.21995292549822,83.50848957826207,84.14881134033203,36996900
2023-12-13,84.63793664029077,86.24763620283147,84.5045351494055,86.12312316894531,70828500
2023-12-14,87.13221610063033,88.36344909667969,86.91808329588395,88.36344909667969,87798600
2023-12-15,88.05119780782182,88.64004611860643,87.95305528820037,88.46160888671875,59941300
2023-12-18,87.88167469242354,87.88167469242354,87.45341582069452,87.75676727294922,34746000
2023-12-19,88.20284936002804,88.55973054668651,88.02441217017005,88.2296142578125,30018400
2023-12-20,88.42589787432854,88.94337524658081,87.95303320231754,88.82738494873047,51229400
2023-12-21,88.9879686620071,89.07718724303706,88.10469313801015,88.26528930664062,65231200
2023-12-22,88.66679716192604,88.66679716192604,87.64969012388775,87.86382293701172,29244200
2023-12-26,87.91735481833696,88.21178233814598,87.86382501726011,88.11363983154297,24019700
2023-12-27,89.02367906020086,89.69282879072786,88.77386424991501,89.67498779296875,45082800
2023-12-28,89.30024605284271,89.72850481444418,88.82738139972452,89.02366638183594,36213000
2023-12-29,88.44375304807721,89.05937301399223,88.14933232289232,88.220703125,41616200
2024-01-02,87.64077214762168,88.01549435640756,87.43556323884297,87.71214294433594,47797400
2024-01-03,86.88239094123333,88.19392538715093,86.67718885375677,88.07794189453125,58159500
2024-01-04,86.91808411030563,87.1143691130243,86.60581560913629,86.7396469116211,52604500
2024-01-05,86.09725794222815,87.15005370022429,85.83851925178628,85.90989685058594,45894800
2024-01-08,85.8563904201748,86.88241475263958,85.73147618480965,86.75750732421875,39485800
2024-01-09,86.22215617988084,86.69502080956104,86.1775434836333,86.20431518554688,34374000
2024-01-10,86.47199094336176,86.58798125765747,85.7582352869002,85.80284118652344,48227800
2024-01-11,85.80282600646849,86.39168095564006,85.39241504504989,86.28461456298828,78858900
2024-01-12,86.34707848337426,86.78425439299666,85.89205476939173,86.11510467529297,38883900
2024-01-16,85.3121127988047,85.46378506975297,84.3217708770624,84.59835052490234,61716700
2024-01-17,84.40207724772942,84.75895843410362,84.00951406896603,84.46453094482422,55506800
2024-01-18,84.27717733867877,84.38424374618295,83.42959040183567,83.67940521240234,77339100
2024-01-19,83.6080110264463,84.01842196340594,83.20652399007801,83.9470443725586,47030900
2024-01-22,84.59833514620858,84.83030886409877,84.21468918494185,84.44666290283203,35756400
2024-01-23,83.76859532674798,83.85781389918805,83.35818444797113,83.77751922607422,35786700
2024-01-24,84.32178183840473,84.34854673594059,83.06377719868036,83.28682708740234,54574900
2024-01-25,83.86675874556707,84.06304373812493,83.48311266200646,83.83106994628906,57019400
2024-01-26,83.80430248286591,83.92920987304365,83.41173250976885,83.67047119140625,29276900
2024-01-29,84.14333599472911,84.91062813963163,83.97382271174524,84.63404846191406,38243600
2024-01-30,85.1872183075331,85.50840389173679,84.52698572187555,85.4013442993164,40151400
2024-01-31,85.84745073084666,86.46307066268305,85.65116572029342,86.24002075195312,80646700
2024-02-01,87.197736744132,88.31657448770436,86.99187442346714,87.93169403076172,84291200
2024-02-02,86.16842174332655,86.48170183673189,85.6492861172744,85.98941040039062,63823300
2024-02-05,84.70051067008333,84.89742725343369,84.15451717219202,84.25297546386719,53827400
2024-02-06,84.35140458863346,85.16592166015003,84.32455357816023,85.076416015625,33411500
2024-02-07,84.6467897107954,85.23753932880544,84.60203346863932,84.66468811035156,40120200
2024-02-08,84.15449620028275,84.4051215895362,83.83227721464411,84.17240142822266,50087700
2024-02-09,83.92178917886461,84.14555674303587,83.83228351896494,84.0023422241211,27951300
2024-02-12,84.04710515549775,84.26192012211703,83.68907565856917,84.1008071899414,27890300
2024-02-13,83.11622437515001,83.29523569450369,82.64183823290305,82.65973663330078,49768500
2024-02-14,82.61498791619375,83.28629061271046,82.55233327100596,83.0804214477539,44191600
2024-02-15,83.74279183796891,83.88600639246852,83.24155455491193,83.51007843017578,49598500
2024-02-16,82.77609956275379,83.1072711841457,82.65078344546241,83.02671813964844,33116800
2024-02-20,83.05356296615795,83.41159240454957,82.99090832660269,83.09831237792969,24469300
2024-02-21,83.08937301753629,83.15202766193615,82.35541568506187,82.50757598876953,36343100
2024-02-22,82.64185284653425,83.02673339716313,82.58814397815547,82.91036987304688,45190700
2024-02-23,83.0177521790345,84.13658980947972,83.0177521790345,84.02023315429688,38406700
2024-02-26,84.13659722632083,84.16344823920362,83.4115925631112,83.76961517333984,27855000
2024-02-27,83.45634837704512,83.66221753967837,83.10727152510343,83.17887878417969,30242000
2024-02-28,83.31315152577491,83.77858511262978,83.15203858631651,83.70697784423828,34574200
2024-02-29,83.97548080521072,84.40511747988273,83.93967717991778,84.2977066040039,51038600
2024-03-01,83.89815712396236,84.85889128677712,83.51206730991711,84.8229751586914,45832800
2024-03-04,84.13160729652711,84.54463937193067,84.11365265643634,84.48178100585938,23864200
2024-03-05,85.50537797093114,85.90942247149675,85.27192653600564,85.68495178222656,37721900
2024-03-06,85.7388180444943,86.34937856119724,85.66699263393622,86.18775939941406,40571600
2024-03-07,86.51996638997625,86.55588251539211,85.7298321817287,86.10694122314453,39075000
2024-03-08,86.01715906651242,86.24162972498421,85.72983689768056,85.95430755615234,25023200
2024-03-11,86.16080695286558,86.2057038195878,85.63105954710392,85.9094009399414,17787900
2024-03-12,85.33478086701976,85.48741929668093,85.02052326174615,85.19111633300781,29566000
2024-03-13,84.84990842625514,85.06539833909473,84.58952164185276,84.778076171875,38270100
2024-03-14,84.15855093201456,84.176505572404,83.37739049419409,83.47615814208984,58365600
2024-03-15,83.55696028776705,83.67368942074968,83.31453497748994,83.44921875,34997700
2024-03-18,83.26065882174316,83.49410337200237,83.05414280388224,83.19780731201172,29519500
2024-03-19,83.36840001640087,83.74550907326906,83.22474235915142,83.4312515258789,26953100
2024-03-20,83.59286665315877,84.21240782415954,82.86558395697556,83.40431213378906,43460100
2024-03-21,83.7455043295599,83.88916882897234,83.26065376979385,83.5838851928711,34276600
2024-03-22,84.57155774424197,84.58951238072088,84.20342261857401,84.38300323486328,30262300
2024-03-25,84.1405799493935,84.1764960764222,83.77245163537569,83.96100616455078,24011800
2024-03-26,83.96100582911522,84.28424412078138,83.75448981210046,84.19445037841797,34423000
2024-03-27,84.3920068693346,85.02950286865234,84.3471168371672,85.02950286865234,50157800
2024-03-28,84.84092773433646,85.31680443187265,84.68828933140992,84.95765686035156,34540400
2024-04-01,84.0405764330833,84.04958688743126,83.29286680034879,83.37394714355469,48945400
2024-04-02,82.49111820641086,83.05865318593051,82.28391896901965,82.91452026367188,43086300
2024-04-03,82.2118637894365,82.92353863209004,82.02268544487761,82.8965072631836,45494400
2024-04-04,83.44599007349156,83.56310533293605,82.91449023526609,83.49103546142578,47957400
2024-04-05,82.59922291249934,83.04063900693137,82.31995377797142,82.32896423339844,42495900
2024-04-08,82.18484668538251,82.5091475388201,82.0947558601868,82.3199691772461,37879800
2024-04-09,82.76140085794124,83.20281708098008,82.73436948378456,83.08570861816406,32522000
2024-04-10,82.15780323248966,82.24789404443725,81.12182762473226,81.27497100830078,74368900
2024-04-11,81.41909508752104,81.47315094340766,80.63535734327931,80.90560913085938,65751200
2024-04-12,81.65332516733991,81.93258743149906,81.32901749859082,81.33802795410156,47900100
2024-04-15,80.37410350470572,80.41013844845027,79.74350229862003,80.07682037353516,55993100
2024-04-16,79.32010536496995,79.79755633101276,79.08588167245293,79.54531860351562,45103200
2024-04-17,80.05881543343628,80.518245554208,79.68946237281527,80.42816162109375,57947000
2024-04-18,80.3921122346031,80.41913672238735,79.80655646508268,80.02276611328125,43839500
2024-04-19,80.52726087155457,80.52726087155457,80.09485521731261,80.3110580444336,44826800
2024-04-22,79.88766109226847,80.28403869486058,79.86063659626708,80.17593383789062,24969000
2024-04-23,79.93269772063354,80.66238652437532,79.77054388947273,80.20294952392578,27222700
2024-04-24,79.77951647044513,79.84257588733887,78.82461476520841,79.63538360595703,48986800
2024-04-25,78.78860109954154,79.18497861156618,78.68049626727222,79.07687377929688,49282600
2024-04-26,79.50029005793203,79.82459774001681,79.32012217809118,79.49127960205078,31589800
2024-04-29,79.86964048608607,80.19394128440467,79.70748665044485,80.15791320800781,39228600
2024-04-30,79.65344977713835,79.93271898301296,79.36517698650022,79.47328186035156,41054700
2024-05-01,80.09520507601061,80.64665118011942,79.76976124745322,80.05904388427734,59679500
2024-05-02,79.74266564567019,80.4658758999946,79.57994368329939,80.40259552001953,58925400
2024-05-03,81.29754330417398,81.4693072500842,80.70089395335482,81.21617889404297,50066100
2024-05-06,81.2433177047405,81.58683875339808,81.06251170778108,81.53260040283203,23868200
2024-05-07,82.17444521091191,82.48180505657649,81.91228169117498,82.02980041503906,30525800
2024-05-08,81.64107710396414,81.77667987742281,81.50548122754901,81.53260040283203,31171700
2024-05-09,81.24332436249617,82.05692727583454,81.19812113529109,81.93036651611328,39606700
2024-05-10,81.6139753948568,81.7043749641611,81.32469263485598,81.4693374633789,21913800
2024-05-13,81.8580444616713,81.91228281234426,81.6410772648923,81.67723846435547,23157500
2024-05-14,81.94844926869644,82.19252875942573,81.74052408270599,82.13829040527344,25746400
2024-05-15,83.05132857030436,83.40389161029094,82.83436139412575,83.25924682617188,65142900
2024-05-16,83.5214079699243,83.54852714192134,83.11460659588329,83.17788696289062,37902400
2024-05-17,82.84341107573773,82.98805587322829,82.57220552896472,82.6174087524414,24755000
2024-05-20,82.33715271118508,82.55411296988385,82.27387234835452,82.3733139038086,17922800
2024-05-21,82.9247854349293,82.96093974159052,82.65357985565947,82.7982177734375,15334400
2024-05-22,82.50890460902333,82.96995116491618,82.49986948421265,82.89762878417969,38073700
2024-05-23,82.98805695758031,82.98805695758031,82.10212480398364,82.36428833007812,51294700
2024-05-24,82.23773528599585,82.68973998085389,82.17445490459751,82.6083755493164,19164400
2024-05-28,82.5631717004934,82.59029087618853,81.3879568420508,81.42411804199219,45973700
2024-05-29,80.76418056588045,80.81842580917827,80.16753806594853,80.4387435913086,45508400
2024-05-30,80.9992186287644,81.33370449789416,80.85458075092617,81.21617889404297,29548600
2024-05-31,81.79474996906528,81.95747189004186,81.58682483230092,81.76762390136719,41308800
2024-06-03,82.21938879993068,83.15369893528728,82.19217695841323,83.09020233154297,42272100
2024-06-04,83.63443096963644,84.17869529400521,83.44394122435071,84.0607681274414,42581500
2024-06-05,84.36012933111172,84.6776123046875,83.80679889690404,84.6776123046875,43153900
2024-06-06,84.28753130583938,84.75015315119728,84.23310764895284,84.55059051513672,22891900
2024-06-07,83.29882525333555,83.29882525333555,82.9087727697734,82.99948120117188,35240500
2024-06-10,82.545917808026,82.6003414733047,82.22843489288606,82.44613647460938,20586500
2024-06-11,82.57313168171775,83.33509761749647,82.47335034583472,83.29881286621094,30329200
2024-06-12,84.37826218459179,84.87716890764429,83.89750129907354,83.92471313476562,42554600
2024-06-13,84.55967464591839,85.25813704415407,84.31475431623238,85.15835571289062,33093800
2024-06-14,85.64820258247035,86.02918213082546,85.48492464451682,85.8749771118164,28776700
2024-06-17,84.83179643299495,85.09485566646876,84.61409486483349,85.02229309082031,31040200
2024-06-18,85.1674404066597,85.81147922984319,85.02230830877787,85.80240631103516,26881000
2024-06-20,84.73204193981597,85.26722652911671,84.66853842521111,85.23094177246094,30246300
2024-06-21,85.48492814844161,85.70263668837622,84.89531296385238,85.23094177246094,22596400
2024-06-24,85.31257783294876,85.57563018798828,85.03137272002269,85.57563018798828,56939100
2024-06-25,85.33071172895235,85.7661218300718,85.30349989524653,85.72076416015625,22890200
2024-06-26,84.61411319864013,84.78646405944153,84.45990817613864,84.4961929321289,38489100
2024-06-27,84.83181762695312,85.0041684934696,84.74110919427437,84.83181762695312,23140800
2024-06-28,85.02230142721723,85.05857925829443,83.25345611572266,83.25345611572266,55119600
2024-07-01,82.2806834416618,82.88127571651334,81.7346948825557,81.81659698486328,49735400
2024-07-02,82.51729658398673,82.63559192892822,81.97130792196239,82.45359802246094,34204700
2024-07-03,82.9631973230003,83.61838657983569,82.89039697388006,83.53649139404297,35563300
2024-07-05,83.9641694584227,84.3827679528452,83.6274800268787,84.22806549072266,34895500
2024-07-08,84.20985962105259,84.49195223650305,83.91866522821348,84.4100570678711,16095700
2024-07-09,84.14616492230817,84.33726060049892,83.60017627853142,84.0369644165039,30289800
2024-07-10,84.12794325717361,84.33724244592212,83.95505117181175,84.30084228515625,23572500
2024-07-11,85.24723200078246,85.6658234669059,85.05613634946228,85.11983489990234,49761800
2024-07-12,85.11075202020452,85.48384857177734,84.93785294092707,85.48384857177734,27796500
2024-07-15,84.62843468585972,84.90143241350751,84.42823727793409,84.50103759765625,37918900
2024-07-16,85.11071897133226,85.729507762411,84.98332189163548,85.69310760498047,36383700
2024-07-17,85.46562722784807,85.90242225309933,85.25633496318585,85.7113265991211,29036800
2024-07-18,85.24724803100455,85.66583957584157,84.97425022485656,85.05615234375,34553100
2024-07-19,84.66484930193977,84.7740498001686,84.46465185983114,84.55564880371094,32164700
2024-07-22,84.99246231165586,85.10165589097625,83.99148182635349,84.30997467041016,36160400
2024-07-23,84.45553872282136,84.6557361380021,84.16434437600053,84.19164276123047,23498000
2024-07-24,84.25535920092717,84.4919568275343,83.23618224192236,83.28167724609375,50757100
2024-07-25,83.74577066319787,84.50105854666546,83.68207210330436,83.96416473388672,44999100
2024-07-26,84.58295407900704,84.76495492420618,84.36456000739044,84.61935424804688,34423800
2024-07-29,85.23813045572598,85.2563340088276,84.82864076501663,85.07433319091797,25801300
2024-07-30,85.31092719947888,85.58392494356562,84.9014375259698,85.40192413330078,28169800
2024-07-31,86.02072609418096,86.30281871474595,85.75683008610122,86.27552032470703,47445300
2024-08-01,86.86441162953419,87.56743841646545,86.84615435976677,87.01962280273438,77254200
2024-08-02,88.5626172394509,89.81345258854925,88.46218484820686,89.73127746582031,91912900
2024-08-05,91.0186544069669,91.24690862548913,89.38435336645587,90.20606994628906,90686300
2024-08-06,89.61259671517051,89.84998302405367,88.18828582763672,88.18828582763672,61316900
2024-08-07,87.60394312430405,88.06045144066991,87.19308842588042,87.56742858886719,51337100
2024-08-08,86.84616985346692,87.10181347040798,86.59051927075973,87.02877044677734,37815800
2024-08-09,88.11524759337294,88.14263698107094,87.7317752683063,87.88699340820312,32141800
2024-08-12,87.67700678400534,88.39829092969457,87.5400528636755,88.20655822753906,24261400
2024-08-13,88.83652442702714,88.89130319796655,88.54435937240972,88.8182601928711,30366900
2024-08-14,89.0647836530095,89.62172440841204,89.02826214838714,89.37520599365234,31334100
2024-08-15,88.0239689536198,88.65394592285156,87.84136138112994,88.65394592285156,38723700
2024-08-16,88.96434020996094,89.0556404772976,88.57174279122576,88.96434020996094,28541000
2024-08-19,88.94608702154567,89.62172440841204,88.93696186971364,89.37520599365234,25322100
2024-08-20,89.76780971627075,90.2608396143803,89.58520914619992,90.08736419677734,25239300
2024-08-21,90.0873498851872,90.57124758818996,89.66736306813263,90.14213562011719,29230000
2024-08-22,89.6856342020136,89.74954509287906,88.95521805003878,89.24738311767578,33453800
2024-08-23,89.64912549304564,90.08736967416738,89.43912855550747,89.83172607421875,32005100
2024-08-26,90.10562421205611,90.11474936409651,89.54868344393631,89.60346221923828,23198700
2024-08-27,89.0099987232029,89.54868221407877,88.93696267905831,89.44824981689453,21507700
2024-08-28,89.484754816115,89.65822322544705,89.22911129435111,89.33866882324219,18501400
2024-08-29,88.9004297537741,89.14694117334498,88.68130075219564,89.0465087890625,24988200
2024-08-30,89.18348475578937,89.4665177457034,88.07873522090563,88.09699249267578,42896200
2024-09-03,89.36379419724979,89.82178823391209,89.23555642605909,89.53783416748047,48947900
2024-09-04,89.6569150316087,90.710302771547,89.59279614248732,90.69198608398438,40885200
2024-09-05,90.99424522068165,91.30568477690952,90.4812941732874,91.20492553710938,47450900
2024-09-06,91.18662304324809,92.3132845531789,90.85686675047933,91.1957778930664,57406400
2024-09-09,91.04921577757366,91.6904046327625,90.82938059699956,91.58964538574219,26961400
2024-09-10,91.47973263955551,92.43236108734627,91.43393043989428,92.23084259033203,31703400
2024-09-11,92.0476411692684,92.73463223648427,91.91940339579621,92.15756225585938,39497100
2024-09-12,91.92856928800424,92.10260926900742,91.31485891811438,91.72705078125,41618700
2024-09-13,92.02016807789377,92.15756769713636,91.61713105836482,91.97437286376953,25722100
2024-09-16,92.17586660793779,92.85370273522354,91.97435512547203,92.81706237792969,30866300
2024-09-17,92.94530200108312,93.1010182813844,92.27662769679867,92.36822509765625,31699400
2024-09-18,91.81862964589419,92.26746877059598,91.17744087979649,91.22323608398438,48897000
2024-09-19,90.6095427673798,90.966777573584,90.47214315227788,90.92098236083984,39979800
2024-09-20,90.67365047477246,90.91180931235219,90.42633678883364,90.57289123535156,37067600
2024-09-23,90.22483026587904,90.76525990490107,89.78515289119491,90.38054656982422,35703900
2024-09-24,89.76683472473431,90.58206358305763,89.62943511063196,90.36222839355469,31005400
2024-09-25,90.00499731424061,90.05995436678172,89.57448176684193,89.61112213134766,36738200
2024-09-26,89.8309468103068,89.9958249370571,89.23555318657328,89.82178497314453,33332300
2024-09-27,90.26146953382934,90.46298803692864,89.9591917791804,90.28894805908203,28317600
2024-09-30,90.3530633552651,90.41718224111706,89.65691045999071,89.85842895507812,34175500
2024-10-01,90.79208084500452,91.27912224714362,90.41530873481054,90.5072021484375,45254200
2024-10-02,89.46878907932275,89.80880240599889,89.1931018402861,89.74447631835938,35810800
2024-10-03,89.45039234508997,89.60661882890503,88.8990249633789,88.8990249633789,39677800
2024-10-04,87.7043961198884,88.18224597736831,87.66763735992585,87.80548095703125,56954100
2024-10-07,87.28171113754019,87.54819997032061,87.07954139320826,87.14386749267578,42606600
2024-10-08,86.73954116140183,87.32766759175088,86.69359093580391,87.29090881347656,33709600
2024-10-09,86.99681692516283,87.21736952211722,86.59248451944867,86.79464721679688,35807700
2024-10-10,86.2708646400701,86.46384294344791,85.83896482452117,86.45465850830078,53667400
2024-10-11,85.9032679186465,86.44544390992581,85.84812626743599,86.10543060302734,27406400
2024-10-14,85.49895616994245,86.1789759925747,85.44382151192403,86.16978454589844,28795300
2024-10-15,86.80384581388256,87.30007868139373,86.72114384147321,87.21737670898438,46429100
2024-10-16,87.65846321314183,87.86982437187615,87.42872617630877,87.58494567871094,32281500
2024-10-17,86.64762456317496,86.78546819210761,86.07787416872851,86.19734191894531,43427200
2024-10-18,86.42708393566448,86.63843810263802,86.252481528237,86.26167297363281,25258600
2024-10-21,85.48054808615223,85.54487417189051,84.75458526611328,84.75458526611328,49504700
2024-10-22,85.14057308367978,85.24165797143631,84.6259571975501,84.83731842041016,32096900
2024-10-23,84.39620564680999,84.88325411856164,84.23080168899334,84.6075668334961,33354200
2024-10-24,84.75460172074621,85.46218880124151,84.50648176257204,85.14974975585938,32507400
2024-10-25,85.45299486045683,85.49894507685673,84.56161394604048,84.67189025878906,28667100
2024-10-28,84.79135174086629,84.80973463199304,84.0102471324289,84.44215393066406,33156500
2024-10-29,83.78049721908107,84.59836047329821,83.60590184627114,84.57079315185547,46545200
2024-10-30,85.31516516993125,85.72869615208009,84.69028699525447,84.81893920898438,41951100
2024-10-31,84.72702715514058,85.40705391858462,84.4237795563278,84.9567642211914,52173800
2024-11-01,85.06833428008085,85.3080622131655,83.72214213515612,83.75901794433594,80402000
2024-11-04,85.08678055517022,85.35417592346978,84.48744659413215,85.05912017822266,49747600
2024-11-05,84.85627055856169,85.65845668732283,84.45978872959019,85.51092529296875,46986000
2024-11-06,82.65255383472565,83.64836943145309,82.56957271900633,83.16889953613281,98895700
2024-11-07,83.6760324033319,84.4782183869571,83.58382881588463,84.21082305908203,56221400
2024-11-08,84.82859301472782,85.38182156223516,84.68106165022844,85.2803955078125,56756200
2024-11-11,85.05910051478519,85.10520582216203,84.47821162912103,84.86547088623047,22369200
2024-11-12,84.24770268668935,84.69028270342362,83.45473920246772,83.59304809570312,57908400
2024-11-13,84.38599140308031,84.40443633780312,82.72630604678021,82.8000717163086,49009100
2024-11-14,83.50085395584695,83.93421862398985,83.23345858540381,83.2795639038086,53328300
2024-11-15,82.91073430939127,83.58383390463334,82.53269746743696,83.05826568603516,73722400
2024-11-18,82.67099643993491,83.52849608357108,82.44969940156197,83.20578002929688,36010600
2024-11-19,83.74057711659371,83.97108960667845,83.5561699383991,83.62992858886719,29585100
2024-11-20,83.12282905908184,83.74982349247654,83.08594620597803,83.36256408691406,27755400
2024-11-21,83.3994073099304,83.76822866213517,82.9844876853764,83.29798126220703,28365700
2024-11-22,83.45474184778604,83.62992655240012,83.1228033073724,83.3440933227539,21547500
2024-11-25,85.01300893578872,85.54779963511928,84.8193792759656,85.50170135498047,56858000
2024-11-26,84.97613200045541,85.23430487680133,84.65340887033972,85.16976165771484,31122200
2024-11-27,85.78754044281868,86.10103409393852,85.44637938011428,85.75988006591797,39442200
2024-11-29,86.46982782078099,86.66345743171335,86.15633427013287,86.64501953125,31905700
2024-12-02,86.29807002450889,87.11229459545517,86.04825561421256,86.85322570800781,39406000
2024-12-03,86.90873747980339,87.00126107298486,86.03900017388274,86.10376739501953,32768900
2024-12-04,85.68739737079675,87.149293967837,85.62263015746441,87.02900695800781,35851100
2024-12-05,86.71444490652492,87.33436081083295,86.65893215661627,87.20482635498047,23695800
2024-12-06,87.63967713681608,87.7599570900614,86.99199793086431,87.33434295654297,31761500
2024-12-09,86.96425711515477,87.01052244496051,86.48313015702685,86.52938842773438,30509600
2024-12-10,86.06674887851688,86.32582479908147,85.96497787645208,86.12226867675781,28706500
2024-12-11,86.11302215037371,86.3165782914894,85.22478294658515,85.30805206298828,38748400
2024-12-12,84.78990437275026,84.89168243140121,84.19774497283389,84.27176666259766,45368400
2024-12-13,84.01269160248775,84.05894986085089,83.34651056201062,83.4112777709961,39486000
2024-12-16,83.78139695165467,83.84616417441457,83.31877191505603,83.6611099243164,23482300
2024-12-17,83.75363724480755,84.18850592800698,83.69812449685807,83.86466979980469,23839900
2024-12-18,83.56835029671788,83.93989044543778,82.79740572826839,82.81598663330078,61328400
2024-12-19,81.80354440927391,82.10077512730746,81.28339242435003,81.56204223632812,99083300
2024-12-20,82.23080617032952,82.58377249014427,82.00788492228878,82.02645874023438,45542400
2024-12-23,81.88714359406116,81.95216259160544,81.21837271272604,81.27410125732422,32764600
2024-12-24,80.84683793724638,81.63635641336482,80.79110938893251,81.61778259277344,22377600
2024-12-26,81.0047376604134,81.70137283852483,80.99544720714086,81.57133483886719,19981800
2024-12-27,81.25551604070347,81.53416581114892,80.86539502361863,80.90254974365234,27262300
2024-12-30,81.58063679918108,81.77569382618056,81.43201787201548,81.55277252197266,48519600
2024-12-31,81.85926889366439,81.99859733601158,81.05117668382077,81.11619567871094,31917300
2025-01-02,81.55276450207033,81.84999524063134,81.00474112021544,81.33912658691406,27841300
2025-01-03,81.47844494714501,81.62705675473629,80.97686680926397,81.07904052734375,21962200
2025-01-06,80.85611768448105,81.023310393824,80.5031513611244,80.71678924560547,30231500
2025-01-07,80.43813468747064,80.59603694903169,79.68577101700063,79.8065185546875,41757200
2025-01-08,79.38855461020056,80.06660895503786,79.26779996422714,79.90870666503906,44590800
2025-01-10,79.21207208584467,79.74151459946589,79.10061497973935,79.37926483154297,47115800
2025-01-13,79.44427793034673,79.56503256836689,78.98914491233943,79.35139465332031,33258900
2025-01-14,79.16562307816187,79.28637062198378,78.84981145245474,79.22135162353516,33412900
2025-01-15,80.53103346418844,80.7911165813998,80.25238361127249,80.5867691040039,54120700
2025-01-16,80.47529970505805,81.18122537588555,80.14091423395766,80.84683990478516,34651100
2025-01-17,81.2090662404898,81.25551140951934,80.84681659898047,80.98614501953125,29875600
2025-01-21,81.63636101156095,81.89643703372745,81.39485881103201,81.7106704711914,30548600
2025-01-22,81.6177946309349,81.71996837560683,81.10692590757523,81.28340911865234,25278400
2025-01-23,80.4752959936021,80.80039099591774,80.37312226622582,80.65177917480469,31949000
2025-01-24,80.54960699103795,81.06975900471087,80.43814280816245,81.01403045654297,21110400
2025-01-27,81.88716369334651,82.13794929213313,81.59921627365404,81.97075653076172,42864200
2025-01-28,81.58990646796813,81.92429191140565,81.42272083278867,81.91500854492188,25519100
2025-01-29,82.13792432621355,82.31440748916916,81.39484403785832,81.74781036376953,25342800
2025-01-30,82.11935500229536,82.39800481077482,81.89642665166475,82.05432891845703,25094900
2025-01-31,82.09150567735043,82.35158882289382,81.20910375051541,81.515625,48790100
2025-02-03,82.5708042246067,83.05552470467602,81.84371994859154,82.1792984008789,70657200
2025-02-04,81.61069306033941,82.44963221604388,81.54544207907743,82.43099212646484,33414000
2025-02-05,83.38177813724181,84.06225862940435,83.3258507667542,83.79193115234375,48331200
2025-02-06,83.76397753080626,84.034305040345,83.47500993280626,83.75465393066406,22509900
2025-02-07,83.18603319928386,83.3817861265691,82.90638920822906,83.21399688720703,31171200
2025-02-10,83.20468224081397,83.45636254951641,82.8224928658763,82.96231842041016,22736100
2025-02-11,82.52420679800716,82.66403236123243,82.3843812347819,82.43099212646484,21513000
2025-02-12,81.36835110165207,81.65731879467249,80.9675215056114,81.31242370605469,48536200
2025-02-13,82.1140609113772,82.85979257277212,82.09542082016321,82.6640396118164,42718100
2025-02-14,83.31654299886685,83.59619412808654,83.07418627282166,83.1021499633789,27460700
2025-02-18,82.53352034860046,82.81316432917518,82.0674399358199,82.12336730957031,29429200
2025-02-19,81.98354256374795,82.44962298107869,81.92761518945154,82.22590637207031,20584300
2025-02-20,82.44962538385795,82.7386000870639,82.44962538385795,82.53352355957031,27913400
2025-02-21,82.84114013353845,83.82922839255508,82.79452924471485,83.53093719482422,46912300
2025-02-24,83.26994761343902,83.95042119167955,83.2046966249526,83.7733154296875,26218000
2025-02-25,84.79868531183,85.29272949230894,84.64021965239786,85.21815490722656,50125100
2025-02-26,85.21815170754456,85.81473414215594,85.01307516217999,85.72151947021484,32220200
2025-02-27,85.1156005859375,85.5630409002629,84.957134956377,85.1156005859375,53373600
2025-02-28,85.61898238983147,86.20624834370331,85.26476378679313,86.15963745117188,49388600
2025-03-03,85.477023121807,86.692642138587,85.43961847193889,86.56172943115234,42904200
2025-03-04,86.4401753916799,86.76745718193108,85.34610892968598,85.4957275390625,56722000
2025-03-05,85.61727718758885,85.84170507512371,84.7289399856032,84.81309509277344,50215900
2025-03-06,84.60737918017016,84.90660922562812,83.90605809229616,84.5325698852539,42827500
2025-03-07,85.22452944552475,85.24323533447362,84.1491691255663,84.26138305664062,36903600
2025-03-10,85.16842492882915,85.68272272086955,85.00946054588246,85.14037322998047,41440800
2025-03-11,85.06557362666987,85.55181977521141,84.28944324387962,84.5325698852539,40555700
2025-03-12,84.15855403192188,84.5138875806303,83.95283198059262,84.02764129638672,32734600
2025-03-13,83.76579104649302,84.82244556623101,83.57876781233126,84.76634216308594,38675400
2025-03-14,84.16787056198399,84.54190984490519,84.02760493911279,84.3174819946289,24658000
2025-03-17,84.90660621989406,85.26193965685671,84.51386100259064,84.73828887939453,26700300
2025-03-18,84.28943739663328,85.11231818100681,84.27073864130489,84.82244110107422,23654700
2025-03-19,84.79439262518174,85.299344648727,84.51386134514321,85.2619400024414,31378700
2025-03-20,86.21574442102839,86.25314907204643,85.2432520313904,85.31805419921875,35645800
2025-03-21,85.40220937979352,85.50507037802855,84.7382929311356,84.81309509277344,29192100
2025-03-24,84.34553428180408,84.40164481186824,83.87798695843664,83.94344329833984,27985600
2025-03-25,83.75643463787837,84.23333494751222,83.70033123705319,83.9341049194336,22333800
2025-03-26,83.58813015569436,83.78449922298746,83.30759884001407,83.38240814208984,25095600
2025-03-27,83.0831716872111,83.25148903685097,82.87744968940603,83.1392822265625,23674500
2025-03-28,84.04631732625863,84.47646007442061,83.980860976195,84.28944396972656,39869400
2025-03-31,85.30870445985929,85.41155832766427,84.49516938963623,85.1216812133789,38824300
2025-04-01,85.63407898178893,86.2534631541653,85.59653989620413,85.85930633544922,39800100
2025-04-02,86.68514430879777,86.68514430879777,85.08038612975886,85.80299377441406,43488400
2025-04-03,86.82589170456488,87.02297364206007,86.18774173700662,86.19712829589844,57467400
2025-04-04,87.8863645402104,88.29928011751103,87.10744470780702,87.1355972290039,92794200
2025-04-07,86.22531076138058,86.51623690930158,84.27332826484927,84.50794219970703,124987600
2025-04-08,83.78532359505284,84.64870111908809,82.79056284604913,82.91255950927734,73861900
2025-04-09,81.89902366277667,83.43809755788712,80.60395740793885,83.40055847167969,131353500
2025-04-10,82.34009476019199,82.75301752748403,81.03564201062653,81.10133361816406,78592000
2025-04-11,80.58519772023179,81.92718972729702,79.76873864129868,81.54241943359375,94814100
2025-04-14,82.0210292493989,82.3119482239613,81.47672322744127,82.12425994873047,37596400
2025-04-15,81.78640524187134,82.76239990440705,81.68317455526723,82.41516876220703,22553900
2025-04-16,82.39640803758645,83.05332412150081,82.08671595809184,82.87501525878906,35607300
2025-04-17,82.62162733489822,82.7717764995116,81.86148063189532,82.14301300048828,31758400
2025-04-21,81.27025578153416,81.71133107134021,80.6884178757034,80.70718383789062,39343200
2025-04-22,81.47671765724789,81.66440591964732,81.08256801030015,81.15764617919922,32552100
2025-04-23,83.40993423880053,83.57885653944899,81.80517596256433,81.9459457397461,44082200
2025-04-24,82.61226656317515,82.91257214599393,82.35888663636082,82.80934143066406,24190800
2025-04-25,83.4287057137517,83.6257805339757,83.14716616494702,83.41931915283203,22513900
2025-04-28,83.20348863808982,84.01994054264844,83.15656298754895,83.94486236572266,20130500
2025-04-29,83.82286605862014,84.65809109092694,83.80410009423248,84.6487045288086,22129500
2025-04-30,84.25453433370934,84.50792133029677,83.8322322191934,83.96361541748047,42630600
2025-05-01,84.07477526195846,84.09361027463565,83.17054374339385,83.53788757324219,29932800
2025-05-02,82.61480953551327,82.95389723551678,82.45468678445411,82.63365173339844,32090400
2025-05-05,82.27572968029358,82.3322490931451,81.7859402814733,82.172119140625,22862800
2025-05-06,81.75767740221829,82.44526672363281,81.60696856201109,82.44526672363281,21095200
2025-05-07,82.81261247819077,83.08576686781824,82.71842304395207,82.79377746582031,23161600
2025-05-08,82.9067873592285,82.94446456354889,81.84243328539755,81.87068939208984,25483700
2025-05-09,81.94606574793742,82.23805517688253,81.87071131911487,81.9931640625,17007900
2025-05-12,81.36207600192864,81.73884094270501,81.18311822435986,81.23020935058594,32115000
2025-05-13,81.12658400282417,81.27729282610073,80.53318418010522,80.90052795410156,53912200
2025-05-14,80.7686684766061,80.88170010406927,80.25061583347434,80.3636474609375,42119800
2025-05-15,80.65564147986409,81.3055607992539,80.51436092016479,81.07008361816406,59448000
2025-05-16,81.82360024513223,81.84243525464964,81.19251604032095,81.28671264648438,31778200
2025-05-19,79.97745624155301,81.11716469352562,79.90210183492877,81.05123138427734,49361900
2025-05-20,80.4672622680664,80.62738502584176,80.1187534545025,80.4672622680664,35493100
2025-05-21,79.76083351508227,80.11875625429849,78.89427918675237,79.09207916259766,77053100
2025-05-22,78.66820261352952,79.52534288349165,78.46098875923899,79.50650787353516,61747900
2025-05-23,79.8455958316989,79.89269414028816,79.4123187002109,79.63838195800781,47139200
2025-05-27,80.3919098608414,81.03240809419064,80.20353098652419,80.74983978271484,56773400
2025-05-28,80.44841971721495,80.5708652523589,80.03397761950839,80.40132141113281,34806800
2025-05-29,80.78750922864536,81.24904968393788,80.66506367983757,81.14543914794922,38933200
2025-05-30,81.08892595679686,81.4468559035547,80.89112596915412,81.26789093017578,49042100
2025-06-02,80.6344599069231,80.80463492433582,80.16175232665947,80.51155853271484,46213100
2025-06-03,80.77626447929678,81.05988466758053,80.25628331469328,80.36973571777344,33731300
2025-06-04,81.10714520232398,81.92020259401876,80.97478769325211,81.67439270019531,57441500
2025-06-05,81.94857350432048,82.18492725725022,81.51368346448302,81.73112487792969,37664700
2025-06-06,81.1071699891653,81.23952753868643,80.62500622279802,80.6911849975586,38130100
2025-06-09,80.39810052487377,80.96534813914738,80.39810052487377,80.7762680053711,26560800
2025-06-10,81.40023795765605,81.47587289610331,80.85189547333047,81.19224548339844,24857000
2025-06-11,81.12606062842902,81.68385924144384,81.03152056893585,81.43804931640625,36334800
2025-06-12,82.14711203097461,82.44018838445612,81.87294080454751,82.41182708740234,43017800
2025-06-13,81.99585087514718,82.1376573630093,81.09770224533533,81.61768341064453,49374000
2025-06-16,81.38133360414813,81.71222744682363,80.79517364501953,80.79517364501953,36496600
2025-06-17,81.30570428219833,81.92968175401964,81.06935049068032,81.77841186523438,34521600
2025-06-18,82.13766085397982,82.33619715836929,81.63659200771905,81.92021942138672,38589000
2025-06-20,81.43804237074951,82.05256352446037,81.25841122397188,81.76893615722656,26001900
2025-06-23,82.18493840266892,82.66710214365806,82.0336685180664,82.0336685180664,36851800
2025-06-24,81.75004377043666,82.80890405215517,81.71222630138318,82.62928009033203,32959100
2025-06-25,82.35510888941373,82.7332763671875,82.06203252028779,82.7332763671875,26345300
2025-06-26,82.80891143572585,83.14926147460938,82.44020009575956,83.14926147460938,30467500
2025-06-27,82.78998699145947,83.34778556342104,82.47799832644421,82.61981201171875,74993500
2025-06-30,83.06418808844737,83.61253068862594,82.82783426557174,83.43289947509766,53695200
2025-07-01,83.63025617243392,83.80106602267912,83.18425951221032,83.6397476196289,38960600
2025-07-02,82.7382506224401,83.11782160911385,82.65284208254177,83.10833740234375,39382200
2025-07-03,82.71926546861911,82.83314110542071,82.41560434366716,82.52947998046875,26729100
2025-07-07,82.12143766605918,82.14041331962673,81.53309104752931,81.74185943603516,38314700
2025-07-08,81.20096922439845,81.6469731369128,81.0776093668351,81.63748168945312,31407000
2025-07-09,81.78932385794884,82.49153900146484,81.77983240956443,82.49153900146484,29821900
2025-07-10,82.39664257532307,82.61489519948817,82.07399850327646,82.54846954345703,24525500
2025-07-11,81.82728110670485,81.8652324199296,81.26740149861445,81.40974426269531,40764800
2025-07-14,81.17249647125317,81.4951332638915,80.96372808079182,81.23892211914062,24609500
2025-07-15,81.5046296662223,81.52361256097439,80.56517909187974,80.66956329345703,40455000
2025-07-16,80.92576711576274,81.28636968482378,79.89142388100903,80.7834243774414,65987700
2025-07-17,80.868841906353,81.1250530719318,80.65058205134991,80.76445770263672,31875500
2025-07-18,81.06811104058735,81.09657814069779,80.75495845966763,80.88780975341797,27534900
2025-07-21,81.81777717922489,82.09297121717964,81.57105024177365,81.6090087890625,40019500
2025-07-22,81.770342098414,82.33970593188208,81.71340788702338,82.10247039794922,35190300
2025-07-23,81.6564793642167,81.79881490260904,81.40975236457922,81.64698791503906,31008500
2025-07-24,81.1819942247777,81.83675930771956,81.14403567448562,81.50463104248047,25164800
2025-07-25,81.41922088432835,82.02654314328198,81.34330379199605,82.01705169677734,27196200
2025-07-28,81.59953279124807,81.79880977235355,81.44770581320036,81.48566436767578,26812500
2025-07-29,81.82728223518502,82.8806013282608,81.79880789009319,82.86162567138672,47828300
2025-07-30,82.33970845111284,82.5200097791715,82.14043146529471,82.43460845947266,40670900
2025-07-31,82.68132501278114,82.94703489011926,82.40613092685707,82.48204803466797,49814100
2025-08-01,83.40698534495213,83.75943868577261,83.36888169182056,83.65465545654297,63434500
2025-08-04,83.7879995229687,83.9689900258747,83.49270534877675,83.88325500488281,36425200
2025-08-05,83.68322064193917,84.25476083051976,83.6165410743969,84.14045715332031,28586100
2025-08-06,83.67370364934439,83.87374964516732,82.79734142990446,83.65465545654297,42589300
2025-08-07,83.7499068962502,84.06425656870259,83.43555722379782,83.51176452636719,29213100
2025-08-08,83.216482744448,83.24505867029818,83.0164439959673,83.1498031616211,21596300
2025-08-11,83.38792775982196,83.51175916790537,83.14025767612722,83.24504089355469,20100900
2025-08-12,82.77829598763012,82.84497556594378,82.44489809606176,82.82592010498047,41052300
2025-08-13,83.29267761589071,83.6451236720994,83.28314988618745,83.51176452636719,30817500
2025-08-14,83.35935766404153,83.35935766404153,82.76876196705408,82.89259338378906,33397400
2025-08-15,82.54967204509192,82.66397572790116,82.15911508208531,82.302001953125,36343600
2025-08-18,82.39725587996939,82.43535952935828,81.91144343467097,82.06385803222656,26777500
2025-08-19,82.34963523164863,82.63540900553816,82.34963523164863,82.54015350341797,28780600
2025-08-20,82.48298800047104,82.84496905503575,82.45441207880086,82.72113037109375,25912500
2025-08-21,82.45441831544703,82.56872927830236,82.02576492291523,82.31153869628906,28643900
2025-08-22,82.71161426510777,83.15932310826275,82.60683103511282,82.92118072509766,49871900
2025-08-25,82.61635722885424,82.92117918293536,82.5401499234518,82.68303680419922,27011900
2025-08-26,82.40677662591935,82.67349488151149,82.13053064190538,82.63539123535156,30259300
2025-08-27,82.0257650709342,82.54968123388868,81.92098183834331,82.54015350341797,38142800
2025-08-28,82.66398170998343,83.12121827689332,82.54967801890247,83.08311462402344,32205900
2025-08-29,82.64493016926987,82.74018566382132,82.3401082261882,82.49251556396484,41686400
2025-09-02,81.87863159179688,82.07943082365094,81.73520877987133,81.87863159179688,48760600
2025-09-03,82.16550408081383,83.00694964883466,82.12725556020024,82.7774658203125,52499500
2025-09-04,83.20775513451173,83.41811836604165,82.78703596661178,83.40856170654297,40501600
2025-09-05,84.35517351607962,84.72808743276225,84.2786764831297,84.6802749633789,69668000
2025-09-08,85.26354991178597,85.82770639654285,85.215744738773,85.80857849121094,54538700
2025-09-09,85.4834659205299,85.62689601120819,85.09142415901971,85.32091522216797,37126400
2025-09-10,85.48347705215251,86.12412327276182,85.28267781711789,85.80857849121094,40713600
2025-09-11,85.9711461568342,86.51617479744291,85.96158220309462,86.3823013305664,46694400
2025-09-12,85.89464589533914,86.03807601541597,85.56953713682108,86.00938415527344,32968600
2025-09-15,86.20063349460099,86.49705041617908,86.12413645188423,86.21019744873047,24820100
2025-09-16,86.14323402835957,86.53527579607265,86.09542886081539,86.391845703125,26794200
2025-09-17,86.73610058536603,87.051645423869,85.93290350025998,86.17195129394531,49121800
2025-09-18,85.3496174096253,85.55041665998559,85.00538803896225,85.28268432617188,55717900
2025-09-19,85.16793728788255,85.32093135891716,84.90020495873082,85.12012481689453,32509200
2025-09-22,84.92888586816186,85.0149468532047,84.66115355053256,84.81414031982422,24758200
2025-09-23,85.07230942124448,85.44522330564429,84.86194624642245,85.40697479248047,26689000
2025-09-24,85.17750394135233,85.25400097929469,84.81414665870562,85.0818862915039,28098000
2025-09-25,84.9575767810578,85.12969146884859,84.58466284003761,85.0818862915039,29882500
2025-09-26,85.09145532015415,85.55043031937333,84.80460232890727,85.00540161132812,30955100
2025-09-29,85.37829820867191,85.80858125544174,85.3496136449084,85.70339965820312,32286200
2025-09-30,85.73209211431218,86.09544208311195,85.30180176938643,85.45479583740234,38584000
2025-10-01,85.82901063610586,86.01132167155262,85.48358305344482,85.67549133300781,39408900
2025-10-02,85.69468258772089,86.0593046760043,85.57954493504418,85.92497253417969,23208300
2025-10-03,86.00172831960272,86.08808887945256,85.65630072130871,85.76184844970703,25884500
2025-10-06,85.1189633187041,85.55075143202191,85.0613944984825,85.08058166503906,28371000
2025-10-07,85.36844807962558,85.76184725408265,85.2149214511674,85.5699462890625,29103300
2025-10-08,85.97293052118381,85.99212500729654,85.52195526470486,85.63710021972656,22506200
2025-10-09,85.56034904464572,85.67549401598936,85.40682973674012,85.5699462890625,21578700
2025-10-10,86.33755310782675,87.04759536698785,86.2607898039846,86.95164489746094,59389400
2025-10-13,86.62540215681929,86.91326087811065,86.2224058034525,86.9036636352539,28035500
2025-10-14,86.98044757628506,87.23951463047928,86.76935210665482,87.18194580078125,29800000
2025-10-15,87.27788745063074,87.60412786716728,86.80772497442611,86.99003601074219,31333900
2025-10-16,86.85568106400788,87.79601316926765,86.78851500795727,87.64248657226562,39631200
2025-10-17,87.5561576159346,87.59453927582165,87.22032724261423,87.5081787109375,40240400
2025-10-20,87.75766408520496,87.85361458366108,87.58495025976242,87.84402465820312,28429300
2025-10-21,88.26619010948343,88.45809838736592,88.18943411888272,88.27578735351562,24514300
2025-10-22,88.26617744837303,88.4484884560722,88.10306092598495,88.33334350585938,30496200
2025-10-23,87.90158802123396,88.07430183592496,87.5945420529559,87.72887420654297,28275100
2025-10-24,87.88239535557935,87.89199260119298,87.46980896138841,87.76725769042969,28266000
2025-10-27,87.62331158931582,88.07428688001507,87.40261890558246,88.06468963623047,30033600
2025-10-28,88.13185111827232,88.44849426172826,88.09346946568205,88.29496765136719,23564500
2025-10-29,88.16063961072726,88.17023685445726,87.33545234319729,87.40261840820312,39551600
2025-10-30,86.7309569472037,87.2874799495068,86.69257529319465,86.89407348632812,42649200
2025-10-31,86.8940767893437,86.99003458828983,86.54864921068393,86.635009765625,38247300
2025-11-03,86.30278137861484,86.4953755804845,86.11017982974731,86.4183349609375,40752300
2025-11-04,86.45685778230879,86.72649261155844,86.41833747141625,86.6109390258789,26383800
2025-11-05,86.1968508770517,86.23537118616095,85.5901651923284,85.66720581054688,44643400
2025-11-06,86.24499001999152,86.52425673222072,86.2161016268294,86.43759155273438,33027400
2025-11-07,86.05242014500634,86.54354500850226,86.05242014500634,86.25464630126953,28530100
2025-11-10,86.17759793561567,86.35093567500572,86.08130082417645,86.23538208007812,24093500
2025-11-11,86.62055607464465,86.7361169972915,86.45685027780969,86.63018798828125,18942300
2025-11-12,86.62055809258806,86.97686543546844,86.55314938955638,86.78427124023438,23594900
2025-11-13,86.47612249785132,86.61093991385836,86.07166290283203,86.07166290283203,33825900
2025-11-14,86.46648861653209,86.51463349429771,85.5805435180664,85.5805435180664,38550500
2025-11-17,85.78277197779325,85.99463001733622,85.68647487263685,85.79239654541016,25605800
2025-11-18,86.04277076275608,86.13906786328619,85.51313303634163,85.76350402832031,31967400
2025-11-19,85.92722270799699,86.00425598517737,85.56128341664741,85.59017181396484,25782400
2025-11-20,85.6960937228186,86.11017785966278,85.6960937228186,85.92721557617188,32945000
2025-11-21,86.33165939053515,86.35091586960688,85.89831146795314,86.18721008300781,41938600
2025-11-24,86.62056058872903,86.73612151739815,86.45685478336281,86.6783447265625,30865700
2025-11-25,86.96723475379144,87.23686956973846,86.79389703682584,86.89982604980469,36503300
2025-11-26,86.8131731848166,87.2850341796875,86.50501801614598,87.2850341796875,34099000
2025-11-28,87.11168759278155,87.17909629948984,86.62056281705087,86.87094116210938,40704300
2025-12-01,85.86682073931121,86.0021195879438,85.73152189067864,85.78950500488281,47086600
2025-12-02,85.60588201668564,85.97312066390091,85.48990842498068,85.82815551757812,27605700
2025-12-03,85.93447957892639,86.1664268076246,85.76052284402026,86.06977844238281,23278600
2025-12-04,85.92481789543699,85.94414314392681,85.50925500717499,85.60589599609375,25541500
2025-12-05,85.57690183095627,85.57690183095627,85.09368952784129,85.20965576171875,32808100
2025-12-08,85.22898658903848,85.23864552616858,84.620134381058,84.92938995361328,32255200
2025-12-09,85.37393739995102,85.38360370952545,84.89072514650353,85.01636505126953,25771800
2025-12-10,85.04536617293456,85.5479037288241,84.91006731660913,85.34495544433594,46833500
2025-12-11,85.71219327942615,85.84749212274816,85.19998946210225,85.2289810180664,26778700
2025-12-12,84.44618197908733,84.56215558968916,84.26256631217797,84.40752410888672,47030100
2025-12-15,84.77475541239451,84.92937949301016,84.45583356875572,84.46549987792969,28611800
2025-12-16,84.26256200314889,84.968047821837,84.24322938241981,84.92938995361328,41018700
2025-12-17,84.68778351613328,85.03569695571677,84.6394667109455,84.85208129882812,24668300
2025-12-18,85.17099829762344,85.41260445032964,85.11301518040904,85.25798034667969,39048900
2025-12-19,84.99797470693987,85.14350405078,84.80394051643964,84.93976593017578,37858100
2025-12-22,84.81362563905348,84.85243395232065,84.64869585911471,84.75541687011719,25547100
2025-12-23,84.47405527032912,84.9688519717753,84.43524696022273,84.8912353515625,33624100
2025-12-24,85.14350202244616,85.45396116100855,85.03678099963442,85.40544891357422,25942000
2025-12-26,85.47335954971977,85.54127225332599,84.98826669483834,85.12409210205078,26522700
2025-12-29,85.32783468758302,85.44425964355469,85.17260881488406,85.44425964355469,29399800
2025-12-30,85.12409171326323,85.41515038563455,85.0561790099672,85.24051666259766,25106800
2025-12-31,85.06587939731422,85.28902535709743,84.53227432082994,84.56138610839844,36500000
2026-01-02,84.79422831755072,84.80393224670843,84.42555302885012,84.43525695800781,40731300
2026-01-05,84.58079667542088,84.91065628800233,84.5128839668347,84.85244750976562,30178000
2026-01-06,84.55168918674588,84.73601944504816,84.30914275041094,84.67781066894531,39015200
2026-01-07,85.22111226795577,85.38604947003388,84.87185220961284,85.172607421875,39930900
2026-01-08,84.7263194524036,84.93976149195917,84.64870281948713,84.74571990966797,28204900
2026-01-09,84.69721917319623,85.37634623932802,84.52258544162949,85.30843353271484,57348800
2026-01-12,84.89125306041677,85.28903277054047,84.80393989590952,85.05618286132812,36103100
2026-01-13,85.2599070700639,85.28901885541318,84.93004752205863,85.20169830322266,30451400
2026-01-14,85.28903407050387,85.79352741096034,85.2696262101421,85.6965103149414,39233500
2026-01-15,85.99726420892326,86.01667206898615,85.6771011352539,85.6771011352539,37988900
2026-01-16,85.50246768450732,85.68680534605973,85.09499144500924,85.18231201171875,46382400
2026-01-20,84.04718149708773,84.43525724348666,83.95986834016081,84.06658935546875,66009500
2026-01-21,84.21211981328419,84.87184637041791,84.03748609516263,84.7069091796875,51220100
2026-01-22,84.66809320883382,85.14348947747058,84.54197174678883,85.07557678222656,42419300
2026-01-23,85.21141643782885,85.40545062760083,84.8912533629682,85.30843353271484,35968800
2026-01-26,85.76441648111428,85.85172964029297,85.57037490194594,85.71590423583984,38882400
2026-01-27,85.48306722631068,85.61889263947671,85.06588705674936,85.18231201171875,35180100
2026-01-28,84.9009452094249,85.08527544289434,84.68750318989615,84.9882583618164,38750300
2026-01-29,84.55167911122288,85.1240850798368,84.48376641321904,85.0076675415039,43855000
2026-01-30,84.77482640069876,84.94946012813061,84.53227996826172,84.53227996826172,45832200
2026-02-02,84.7484813998865,84.78743815668176,84.29075622558594,84.29075622558594,38171400
2026-02-03,84.23232114221797,84.5147520689329,84.1738897195328,84.49527740478516,27438200
2026-02-04,84.36866061712007,84.51474659461245,84.2030999767414,84.28101348876953,37872900
2026-02-05,84.66083368294348,85.19647979736328,84.48553199370077,85.19647979736328,50268900
2026-02-06,85.16725114661307,85.2549057006836,84.92377700676542,85.2549057006836,33461800
2026-02-09,84.9237812391184,85.29386670548512,84.7582205990288,85.23542785644531,24708900
2026-02-10,85.93663190611134,86.21906280517578,85.91715724387021,86.21906280517578,37253700
2026-02-11,85.74185498876814,86.17037185761684,85.64446681773192,85.7613296508789,37014000
2026-02-12,86.05350983959839,86.94949298736755,86.04376879248906,86.90080261230469,48454900
2026-02-13,87.29035142187335,87.46565311077572,87.18322219919737,87.37800598144531,56785200
2026-02-17,87.58253268308437,87.76757543831464,87.41697202326904,87.52410125732422,32356700
2026-02-18,87.34879731424094,87.51435796981899,87.13453885161421,87.1929702758789,35415400
2026-02-19,87.06636592813344,87.37801257299833,87.03715021615268,87.28062438964844,28658600
2026-02-20,87.35853435501929,87.39749111613651,86.60863713667959,87.07611083984375,49610800
2026-02-23,87.212448513615,87.65069903670178,87.1929664195603,87.3974838256836,33614600
2026-02-24,87.60200458550148,87.69940019901989,87.41696926634911,87.55331420898438,24933900
2026-02-25,87.36827314524795,87.728617603589,87.36827314524795,87.56305694580078,23625800
2026-02-26,87.7091254887655,87.96234068543644,87.69939187253148,87.91364288330078,29447100
2026-02-27,88.32268353358509,88.48824416951898,88.18633860631702,88.44928741455078,51272000
2026-03-02,87.92262362001917,87.93238960390471,87.31679714638736,87.56108093261719,55465500
2026-03-03,86.94548505515549,87.6197032092642,86.9063987563022,87.38519287109375,51850400
2026-03-04,87.22885423362881,87.39497287998152,87.06274304222589,87.11160278320312,47069500
2026-03-05,86.60348908100036,86.90640605882935,86.4862376295374,86.75983428955078,45768900
2026-03-06,86.30057198229501,86.90639842982112,86.00742846947126,86.43737030029297,58136900
2026-03-09,86.28103001318931,87.27770450845722,86.19308397995889,87.18976593017578,52478700
2026-03-10,86.76960432104748,86.91616862962003,86.25171642927604,86.26148986816406,48651500
2026-03-11,85.74361318374093,85.80223890973559,85.08893439363425,85.1475601196289,54679900
2026-03-12,84.92281958899818,85.25504196210795,84.79578724814478,84.9814453125,48977000
2026-03-13,84.94235375656439,85.15732466937051,84.49287250931026,84.56127166748047,43460000
2026-03-16,85.18663715239936,85.34297488968994,84.97166624054437,85.21595001220703,37341500
2026-03-17,85.36251613828881,85.567713598363,85.32342984280584,85.45045471191406,19578100
2026-03-18,85.36252761051534,85.4797865127232,84.94235919629091,84.97167205810547,37596600
2026-03-19,85.06938693059503,85.72407317115406,84.98144834220716,85.48955535888672,60307400
2026-03-20,84.82509616364908,84.87395590092726,83.7991087753504,83.86750793457031,78948500
2026-03-23,84.20950588622833,84.73715975155255,83.97499554217849,84.41470336914062,69686700
2026-03-24,83.7600259091556,84.31699264418589,83.6036807074175,84.04339599609375,51799400
2026-03-25,84.76646968378601,84.89349456264283,84.5026464877144,84.85440826416016,37861000
2026-03-26,84.36585020411493,84.62968088480855,83.96522864577092,84.14111328125,39537000
2026-03-27,83.54504830554211,84.13132785529297,83.49618857016748,83.68184661865234,39928900
2026-03-30,84.64921223849831,84.96189517676726,84.51241391893997,84.79578399658203,36473200
2026-03-31,84.9423502906997,85.16709463263118,84.59058107590621,84.70783996582031,47112200
2026-04-01,84.6440758071416,85.06592303643394,84.5950283293901,84.62445831298828,31157600
2026-04-02,84.57539696125868,85.20326151304278,84.51653699850887,85.14440155029297,33310600
2026-04-06,84.8598997973918,85.20326205685026,84.75198487517117,85.0070571899414,14660300
2026-04-07,84.87952599490849,85.03649589232216,84.28109884404472,84.99725341796875,22747200
2026-04-08,85.70359419816262,85.7134066869289,85.08554213113354,85.27193450927734,22244900
2026-04-09,85.04629393461808,85.47794610970422,84.75197916933332,85.05609893798828,18909100
2026-04-10,84.95800495253324,85.03648989570546,84.69312762524717,84.85009002685547,13247700
2026-04-13,84.80104377097115,85.15421853559118,84.6146438994394,85.10516357421875,12719700
2026-04-14,85.0561025032853,85.58586461216267,84.98743005313837,85.55643463134766,16606900
2026-04-15,85.37003953957534,85.419094500163,85.08554471932253,85.18364715576172,15119600
2026-04-16,85.27193038234198,85.32098533906333,84.56558092007366,84.6440658569336,20001000
2026-04-17,85.39947277857398,85.55643517215813,85.24250290025408,85.4190902709961,29604100
2026-04-20,85.45833506125672,85.47795255421156,85.06591783953635,85.39947509765625,14623500
2026-04-21,85.32098316858534,85.43870308614504,84.88932351157223,84.9285659790039,19798700
2026-04-22,85.39947946472336,85.5073943933333,85.06592218954637,85.09535217285156,13676800
2026-04-23,85.18364060044948,85.38965794653853,84.60482354594973,84.90895080566406,21106700
2026-04-24,84.82065814039422,85.17383289200542,84.61464078274368,85.06591796875,22285700
2026-04-27,84.85008320263927,84.97762309622054,84.55577591651782,84.6440658569336,19250100
2026-04-28,84.48711624739937,84.73237609863281,84.31052885512183,84.73237609863281,14553600
2026-04-29,84.3595755651921,84.3595755651921,83.92792332057874,84.0750732421875,29020800
2026-04-30,84.26146698498339,84.27127947395478,83.77094732271908,83.99658966064453,28516200
2026-05-01,84.18859972761966,84.68093072017884,84.03105020406083,84.29691314697266,21281000
2026-05-04,84.04089315719138,84.05074187983129,83.45994623179882,83.65687561035156,27226000
2026-05-05,83.84397052550791,84.17875199846208,83.78488569728817,84.11967468261719,18226500
2026-05-06,84.73016593258106,84.84832056163181,84.60215506794316,84.75970458984375,22530700
2026-05-07,84.95663039500779,84.96647911780467,84.28705997993293,84.33629608154297,21178300
2026-05-08,84.74000714341884,84.95663397984478,84.671081105681,84.75970458984375,30797600
2026-05-11,84.56276455442031,84.60215193343616,84.17874699948385,84.24767303466797,17713700
2026-05-12,83.88334587510889,83.8931870847549,83.61748296719108,83.68640899658203,27680600
2026-05-13,83.63718831448395,83.7455017298153,83.29255062258903,83.49933624267578,26295100
2026-05-14,83.95228165196143,84.07043628042236,83.6076514649926,83.61749267578125,25247200
2026-05-15,82.5836015360249,82.68206622984373,82.30788987600774,82.37682342529297,50796000
2026-05-18,82.41619526107054,82.63282207378542,82.04202645607367,82.2783432006836,26166200
2026-05-19,81.68755049745039,81.95341341794924,81.50046233209001,81.74662780761719,35346600
2026-05-20,81.78600964049987,82.7115941696917,81.7663197092372,82.62297821044922,44498000
2026-05-21,82.33742704553832,82.96761003194729,82.05187420601335,82.92822265625,24887000
2026-05-22,83.31224614586233,83.38117218017578,82.84945383874013,83.38117218017578,27987700
2026-05-26,84.03104790663924,84.0704352864521,83.59780175344703,83.79473114013672,22531200
2026-05-27,83.94242497300196,84.1689005100452,83.84396028782513,83.99166107177734,23589600
2026-05-28,84.05074267130016,84.53322491195966,83.96211919145492,84.42491149902344,25417300
2026-05-29,84.49383918558036,84.64153997996098,84.23783248852003,84.44461059570312,33118600
2026-06-01,83.95627960035466,84.55928656626823,83.82777276277054,84.4900894165039,26322400
2026-06-02,84.8162962677079,84.83606364698943,84.51973278502646,84.66801452636719,20319000
2026-06-03,84.31214942790987,84.45054372188514,84.12432536811912,84.33191680908203,15372000
2026-06-04,84.62847669024363,84.72732867571125,84.44065263850902,84.51973724365234,15866500
2026-06-05,84.01558068934911,84.37145386369237,83.94638354666697,84.08477783203125,26461200
2026-06-08,84.25284062724826,84.35169261799392,83.64983367919922,83.64983367919922,22922700
2026-06-09,83.99581462589082,84.20340605719086,83.80799057484282,84.14409637451172,22617700
2026-06-10,84.14409891449786,84.32203550982955,83.72890849744175,83.90684509277344,21258300
2026-06-11,84.19352135510593,85.05354949175162,84.06501452444896,84.9942398071289,35190500
2026-06-12,84.65813714649501,84.84596121068672,84.43077831903263,84.7866439819336,23092600
2026-06-15,84.97445939986734,85.12274114377698,84.68778337282149,84.73721313476562,17632700
2026-06-16,84.97446165065612,85.38964451106213,84.94480680947326,85.20182800292969,26472500
2026-06-17,85.3402328491211,85.59724653245557,84.94481731993677,85.3402328491211,34507500
2026-06-18,86.07174013163397,86.18047958244006,85.6565572514235,85.75540924072266,32350900
2026-06-22,85.31057292343714,85.34022776652313,84.98435456564432,85.10297393798828,28595100
2026-06-23,85.13263100619812,85.43907442151294,85.1128560840935,85.21170806884766,19145500
2026-06-24,86.15081503254758,86.4671458878154,86.12116019329162,86.378173828125,41837000
2026-06-25,86.57589235694023,86.78348379051238,86.28921631764827,86.34852600097656,28380000
2026-06-26,86.01242797273083,86.36830115751162,86.00254051150829,86.35841369628906,21650800
2026-06-29,86.35842316032922,86.53635977221973,86.29911347034037,86.4473876953125,19457200
2026-06-30,86.15081775297436,86.18047259316675,85.3896416590635,85.42918395996094,31079500
2026-07-01,84.81205720001073,85.11963241805948,84.76244487526444,84.85173797607422,28109800
2026-07-02,84.71283074949676,85.10970662969554,84.70291434058069,84.8418197631836,20816300
2026-07-06,84.7624395814691,84.81205190311688,84.51439311278516,84.78227996826172,17940900
2026-07-07,84.45486603037747,84.50447078321558,83.87939639505649,83.88932037353516,24816400
2026-07-08,83.65119333964915,83.79009876427303,83.40314685713825,83.7008056640625,25806600
2026-07-09,83.6214224579108,84.01829831296295,83.60158207155798,83.82978057861328,18625300
2026-07-10,83.84963249719051,83.96868996048829,83.62142640957364,83.80994415283203,14454100
2026-07-13,83.53213250981837,83.62142560643409,83.27416205885474,83.31385040283203,18742500
2026-07-14,83.52221360207407,83.83971280339047,83.38330817460928,83.4229965209961,23793500
2026-07-15,83.42299551914508,83.75041869557056,83.42299551914508,83.58174133300781,17837800
2026-07-16,83.18485993751105,83.56189541381202,83.13525518574025,83.55197143554688,20817800
2026-07-17,83.95876748529527,84.15720162297217,83.82977848300587,83.85954284667969,22065600
2026-07-20,83.65119044156344,83.6809548072691,83.16502147222315,83.2344741821289,24289000
2026-07-21,83.0856481135025,83.11541248040098,82.77807289584766,83.00627899169922,14287500
2026-07-22,82.95665652703086,83.04594961681178,82.72845045907346,82.7879867553711,15988400
2026-07-23,82.34150206832763,82.59947251042036,82.31173770381257,82.52009582519531,29152800
2026-07-24,82.65900077459378,83.00627187805603,82.57963165959242,82.59947204589844,15106000
2026-07-27,83.07572540939549,83.21463082424823,82.867359717339,83.09556579589844,23816200
2026-07-28,83.20471340152808,83.68095841289427,83.19478942260605,83.58174133300781,25366900
2026-07-29,83.44283092068702,83.4924432425544,82.05376917595268,82.20259857177734,41445200
2026-07-30,82.16290865689697,82.25220932059493,81.87517384907947,82.15299224853516,40407300
2026-07-31,81.80571868405663,81.80571868405663,81.25009704139197,81.60728454589844,50359800
2026-08-03,81.92606342512069,82.03564413055058,81.69694565941883,81.87625885009766,32050800
2026-08-04,82.334503605333,82.52377315458612,82.25480716339956,82.50385284423828,38408600
2026-08-05,82.63335432734968,82.83259543330487,82.48393299822213,82.68316650390625,29465800
2026-08-06,82.45403988011925,82.6034688072489,82.08545714017319,82.20499420166016,27566600
2026-08-07,82.48393238837689,82.53373696429415,82.16515422147654,82.44408416748047,96130000
2026-08-10,82.08545594785514,82.13526052266096,81.71686561299202,81.74674987792969,36743600
2026-08-11,81.95594769018868,82.14522483598046,81.80652636484872,81.87625885009766,23268500
2026-08-12,82.13526066506606,82.16515253032638,81.73679366484527,81.79656219482422,21444600
2026-08-13,82.27472686767578,82.68316542937262,82.17511011612832,82.27472686767578,26921500
2026-08-14,81.916106673684,82.04560768844193,81.50766811900989,81.7268295288086,31374800
2026-08-17,81.45786179744361,81.54752219892728,80.99961863505868,81.03946685791016,31557700
2026-08-18,80.94981485756045,81.43794229184535,80.86015445518974,81.3482894897461,25037100
2026-08-19,82.4938893918799,82.74293507423701,82.29465588610266,82.70308685302734,51309500
2026-08-20,82.04560845230715,82.45403941051302,81.83641099562549,82.02568054199219,39569900
2026-08-21,81.85633057780964,81.95594732768596,81.58736459311652,81.7367935180664,24269100
2026-08-24,82.1751100432484,82.56362069412862,82.13526182261056,82.24484252929688,29038500
2026-08-25,82.79274842120893,83.16133877240557,82.6532834451391,83.15137481689453,35015100
2026-08-26,82.95213328010546,82.98202514648438,82.75289977253955,82.98202514648438,20658800
2026-08-27,82.88240033396916,83.0318292639526,82.68316682750529,82.81266784667969,17361900
2026-08-28,82.72301440514374,83.28087429911845,82.46400476853933,82.5636215209961,35804300
2026-08-31,82.1551896261309,82.21495815687439,81.83641146171409,82.20499420166016,37317400
2026-09-01,81.88999938964844,82.3499984741211,81.77999877929688,81.87000274658203,25623900
2026-09-02,81.9800033569336,82.05000305175781,81.75,81.94999694824219,21454300
2026-09-03,82.36000061035156,82.43000030517578,82.05999755859375,82.06999969482422,18033000
2026-09-04,82.29000091552734,82.5,82.18000030517578,82.20999908447266,16575000
